﻿<?xml version="1.0" encoding="utf-8"?>
<motor tipo="4" clase="a" aprid="M4a">
  <plataforma>
    <grado><![CDATA[1]]></grado>
    <titulo>Aplicaciones de la adición y sustracción de números enteros</titulo>
    <area>3</area>
    <nivel><![CDATA[2]]></nivel>
    <referencia><![CDATA[MT_07_04_18]]></referencia>
    <idreg><![CDATA[1422]]></idreg>
    <motor><![CDATA[M4A]]></motor>
    <lang>es</lang>
  </plataforma>
  <enunciado><![CDATA[Resuelve los siguientes problemas.]]></enunciado>
  <masinfo inicio="0" />
  <sinaleatoriedad><![CDATA[0]]></sinaleatoriedad>
  <calc><![CDATA[1]]></calc>
  <respuestaunica><![CDATA[0]]></respuestaunica>
  <test cantidad="6">
    <cuestion>
      <enunciado><![CDATA[Juan tiene $130 000. Ha abonado el dinero a una deuda de $146 000. Si ha recibido $50 000 y paga su deuda, ¿cuánto dinero le queda?]]></enunciado>
      <explicacion />
      <imagen />
      <respuestas>
        <respuesta contestacion="Quedó sin dinero." correcta="0" />
        <respuesta contestacion="$34 000" correcta="1" />
        <respuesta contestacion="$20 000" correcta="0" />
        <respuesta contestacion="$326 000" correcta="0" />
      </respuestas>
    </cuestion>
    <cuestion>
      <enunciado><![CDATA[Al amanecer, la temperatura en el Nevado del Cocuy era de –9 ºC. Durante el día subió 8 ºC, bajó 5 ºC y descendió 6 ºC más. ¿A qué temperatura quedó?]]></enunciado>
      <explicacion><![CDATA[En la adición de temperaturas, aquellas que están por encima de cero se escriben con signo + y las que están por debajo se escriben con signo –.]]></explicacion>
      <imagen />
      <respuestas>
        <respuesta contestacion="–8 ºC" correcta="0" />
        <respuesta contestacion="–12 ºC" correcta="1" />
        <respuesta contestacion="–6 ºC" correcta="0" />
        <respuesta contestacion="+2 ºC" correcta="0" />
      </respuestas>
    </cuestion>
    <cuestion>
      <enunciado><![CDATA[Dos amigas están en el mismo edificio. Ana está en la planta –2 y Laura en la 4. Si Laura baja 3 pisos y Ana sube 1...]]></enunciado>
      <explicacion><![CDATA[En un edificio, los sótanos son plantas que se indican con signo –, mientras los pisos  por encima del nivel de la tierra se escriben con signo +.]]></explicacion>
      <imagen />
      <respuestas>
        <respuesta contestacion="están a dos pisos de diferencia." correcta="1" />
        <respuesta contestacion="se encuentran en el mismo piso." correcta="0" />
        <respuesta contestacion="están a seis pisos de diferencia." correcta="0" />
        <respuesta contestacion="están a ocho pisos de diferencia." correcta="0" />
      </respuestas>
    </cuestion>
    <cuestion>
      <enunciado><![CDATA[Un pájaro se encuentra a 7 m de altura respecto a una boya y un delfín nada a –5 m de profundidad de la misma. ¿Qué distancia hay entre ellos?]]></enunciado>
      <explicacion><![CDATA[La suma de dos o más números enteros del mismo signo, se halla adicionando los valores absolutos de los sumandos.]]></explicacion>
      <imagen />
      <respuestas>
        <respuesta contestacion="A 12 m" correcta="1" />
        <respuesta contestacion="A 2 m" correcta="0" />
        <respuesta contestacion="A 35 m" correcta="0" />
        <respuesta contestacion="A 7 m" correcta="0" />
      </respuestas>
    </cuestion>
    <cuestion>
      <enunciado><![CDATA[Un jugador ganó $10 000. Al apostar perdió $23 000 y en el último juego ganó $17 000. Al final, ¿cuál es el estado económico del jugador?]]></enunciado>
      <explicacion />
      <imagen />
      <respuestas>
        <respuesta contestacion="Ha ganado $4000." correcta="1" />
        <respuesta contestacion="Ha perdido $4000." correcta="0" />
        <respuesta contestacion="Ha ganado $6000." correcta="0" />
        <respuesta contestacion="Ha perdido $6000." correcta="0" />
      </respuestas>
    </cuestion>
    <cuestion>
      <enunciado><![CDATA[Al bailar, Lorena se mueve horizontalmente así: 6 pasos a la derecha, 6 a la izquierda y 3 a la izquierda. En la recta numérica, ¿dónde quedó?]]></enunciado>
      <explicacion><![CDATA[En una recta numérica los pasos a la derecha se indican con signo + y a la izquierda con signo –.]]></explicacion>
      <imagen />
      <respuestas>
        <respuesta contestacion="Quedó en el 3." correcta="0" />
        <respuesta contestacion="Quedó en el 15." correcta="0" />
        <respuesta contestacion="Quedó en el –3." correcta="1" />
        <respuesta contestacion="Quedó en el –15." correcta="0" />
      </respuestas>
    </cuestion>
  </test>
  <temps>30</temps>
</motor>