﻿<?xml version="1.0" encoding="UTF-8"?>
<motor tipo="4" clase="a" aprid="M4a">
  <plataforma>
    <grado><![CDATA[2]]></grado>
    <titulo>¿Qué sabes de los números reales?</titulo>
    <area>3</area>
    <nivel><![CDATA[2]]></nivel>
    <referencia><![CDATA[MT_10_13_12]]></referencia>
    <idreg><![CDATA[2812]]></idreg>
    <motor><![CDATA[M4A]]></motor>
    <lang>es</lang>
  </plataforma>
  <enunciado><![CDATA[Indica si las siguientes frases sobre los números reales son verdaderas o falsas.


]]></enunciado>
  <masinfo inicio="0" />
  <sinaleatoriedad><![CDATA[0]]></sinaleatoriedad>
  <calc>1</calc>
  <respuestaunica><![CDATA[0]]></respuestaunica>
  <test cantidad="7">
    <cuestion>
      <enunciado><![CDATA[Hay números naturales que no son números racionales.]]></enunciado>
      <explicacion />
      <imagen />
      <respuestas>
        <respuesta contestacion="Verdadero" correcta="0" />
        <respuesta contestacion="Falso" correcta="1" />
      </respuestas>
    </cuestion>
    <cuestion>
      <enunciado><![CDATA[Cualquier número decimal se puede expresar como una fracción. ]]></enunciado>
      <explicacion />
      <imagen />
      <respuestas>
        <respuesta contestacion="Verdadero" correcta="0" />
        <respuesta contestacion="Falso" correcta="1" />
      </respuestas>
    </cuestion>
    <cuestion>
      <enunciado><![CDATA[Todos los números racionales tienen infinitas cifras que se van repitiendo. ]]></enunciado>
      <explicacion />
      <imagen />
      <respuestas>
        <respuesta contestacion="Verdadero" correcta="0" />
        <respuesta contestacion="Falso" correcta="1" />
      </respuestas>
    </cuestion>
    <cuestion>
      <enunciado><![CDATA[Todos los números irracionales tienen infinitas cifras decimales. ]]></enunciado>
      <explicacion />
      <imagen />
      <respuestas>
        <respuesta contestacion="Verdadero" correcta="1" />
        <respuesta contestacion="Falso" correcta="0" />
      </respuestas>
    </cuestion>
    <cuestion>
      <enunciado><![CDATA[Cualquier número racional se puede expresar como una fracción. ]]></enunciado>
      <explicacion />
      <imagen />
      <respuestas>
        <respuesta contestacion="Verdadero" correcta="1" />
        <respuesta contestacion="Falso" correcta="0" />
      </respuestas>
    </cuestion>
    <cuestion>
      <enunciado><![CDATA[Todos los números irracionales son reales. ]]></enunciado>
      <explicacion />
      <imagen />
      <respuestas>
        <respuesta contestacion="Verdadero" correcta="1" />
        <respuesta contestacion="Falso" correcta="0" />
      </respuestas>
    </cuestion>
    <cuestion>
      <enunciado><![CDATA[Hay números racionales que no son números enteros. ]]></enunciado>
      <explicacion />
      <imagen />
      <respuestas>
        <respuesta contestacion="Verdadero" correcta="1" />
        <respuesta contestacion="Falso" correcta="0" />
      </respuestas>
    </cuestion>
  </test>
</motor>