<?xml version="1.0" encoding="iso-8859-1"?>
<metadata xmlns="urn:InfoRecurso">
  <identificador>RES-4FE33997477A4B949C09F0CDB4B4BD12</identificador>
  <loid>MA_11_05_CO_Recurso240</loid>
  <titulo>Mapa conceptual</titulo>
  <descripcion>Mapa conceptual del tema Las integrales</descripcion>
  <relacionado>0</relacionado>
  <tiporecurso>Recurso sin ficha</tiporecurso>
  <tiempoestimado>20</tiempoestimado>
  <acciondidactica>Exposici�n</acciondidactica>
  <competencia>Aprender a aprender</competencia>
  <tipomedia pesado="false" matricula="">Mapa conceptual</tipomedia>
  <conceptos>
    <concepto>
    </concepto>
  </conceptos>
  <autonomico>0</autonomico>
</metadata>