﻿<?xml version="1.0" encoding="utf-8"?><motor tipo="5" clase="a" aprid="m5a"><plataforma><grado><![CDATA[2]]></grado><titulo>Evaluación</titulo><area>0</area><nivel>3</nivel><referencia /><idreg><![CDATA[0]]></idreg><motor><![CDATA[M5A]]></motor><lang>es_co</lang></plataforma><enunciado><![CDATA[Aplica tus conocimientos acerca de las integrales y selecciona la respuesta correcta en cada caso.]]></enunciado><masinfo inicio="0" /><sinaleatoriedad><![CDATA[0]]></sinaleatoriedad><calc><![CDATA[1]]></calc><respuestaunica><![CDATA[1]]></respuestaunica><test cantidad="10"><cuestion><enunciado><![CDATA[La integral de la función perímetro de una circunferencia corresponde a:]]></enunciado><explicacion /><imagen><![CDATA[MA_11_05_CO_REC240_IMG01n.png]]></imagen><ampliacion><![CDATA[MA_11_05_CO_REC240_IMG01a.png]]></ampliacion><respuestas><respuesta contestacion="La función volumen de una esfera." correcta="0" /><respuesta contestacion="La función área de un círculo." correcta="1" /><respuesta contestacion="La función identidad." correcta="0" /><respuesta contestacion="La función constante." correcta="0" /></respuestas></cuestion><cuestion><enunciado><![CDATA[Observa la imagen e identifica el teorema del cual se está mostrando.]]></enunciado><explicacion /><imagen><![CDATA[MA_11_05_CO_REC240_IMG02n.png]]></imagen><ampliacion><![CDATA[MA_11_05_CO_REC240_IMG02a.png]]></ampliacion><respuestas><respuesta contestacion="Teorema fundamental del cálculo." correcta="0" /><respuesta contestacion="Teorema de Rolle." correcta="0" /><respuesta contestacion="Regla de Barrow." correcta="1" /><respuesta contestacion="Teorema de Lagrange." correcta="0" /></respuestas></cuestion><cuestion><enunciado><![CDATA[La primitiva de la función {{cur}}f{{normal}}({{cur}}x{{normal}}) = sec{{sup}}2{{normal}}({{cur}}x{{normal}}) es:]]></enunciado><explicacion /><imagen><![CDATA[MA_11_05_CO_REC240_IMG03n.png]]></imagen><ampliacion><![CDATA[MA_11_05_CO_REC240_IMG03a.png]]></ampliacion><respuestas><respuesta contestacion="{{cur}}F{{normal}}({{cur}}x{{normal}}) = tan ({{cur}}x{{normal}}){{sup}}2{{normal}}" correcta="0" /><respuesta contestacion="{{cur}}F{{normal}}({{cur}}x{{normal}}) = cos ({{cur}}x{{normal}})" correcta="0" /><respuesta contestacion="{{cur}}F{{normal}}({{cur}}x{{normal}}) = cos ({{cur}}x{{normal}}){{sup}}2{{normal}}" correcta="0" /><respuesta contestacion="{{cur}}F{{normal}}({{cur}}x{{normal}}) = tan ({{cur}}x{{normal}})" correcta="1" /></respuestas></cuestion><cuestion><enunciado><![CDATA[¿Qué función debió ser integrada para obtener como resultado la función presentada en la imagen?]]></enunciado><explicacion /><imagen><![CDATA[MA_11_05_CO_REC240_IMG04n.png]]></imagen><ampliacion><![CDATA[MA_11_05_CO_REC240_IMG04a.png]]></ampliacion><respuestas><respuesta contestacion="{{cur}}g{{normal}}({{cur}}x{{normal}}) = e{{sup}}x" correcta="0" /><respuesta contestacion="{{cur}}g{{normal}}({{cur}}x{{normal}}) = 1/{{cur}}x{{normal}}" correcta="1" /><respuesta contestacion="{{cur}}g{{normal}}({{cur}}x{{normal}}) = tan ({{cur}}x{{normal}})" correcta="0" /><respuesta contestacion="{{cur}}g({{normal}}{{cur}}x{{normal}}) = √{{cur}}x{{normal}}" correcta="0" /></respuestas></cuestion><cuestion><enunciado><![CDATA[¿Cuáles de los métodos de cálculo de área bajo la curva por sumas de Riemann es el mejor para la función presentada en la imagen, en el intervalo (0, 1)?]]></enunciado><explicacion /><imagen><![CDATA[MA_11_05_CO_REC240_IMG05n.png]]></imagen><ampliacion><![CDATA[MA_11_05_CO_REC240_IMG05a.png]]></ampliacion><respuestas><respuesta contestacion="Suma superior." correcta="0" /><respuesta contestacion="Suma inferior." correcta="0" /><respuesta contestacion="Suma trapezoidal." correcta="1" /><respuesta contestacion="Todos dan lo mismo." correcta="0" /></respuestas></cuestion><cuestion><enunciado><![CDATA[El resultado del cálculo del área entre la curva de las funciones {{cur}}f{{normal}}({{cur}}x{{normal}}) = {{cur}}x{{normal}} + 2 y {{cur}}g{{normal}}({{cur}}x{{normal}}) = ½ {{cur}}x{{normal}}{{sup}}2{{normal}} es:]]></enunciado><explicacion /><imagen><![CDATA[MA_11_05_CO_REC240_IMG06n.png]]></imagen><ampliacion><![CDATA[MA_11_05_CO_REC240_IMG06a.png]]></ampliacion><respuestas><respuesta contestacion="{{cur}}A{{normal}} = 8,91" correcta="0" /><respuesta contestacion="{{cur}}A{{normal}} = 6,62" correcta="0" /><respuesta contestacion="{{cur}}A{{normal}} = 7,46" correcta="1" /><respuesta contestacion="{{cur}}A{{normal}} = 6,53" correcta="0" /></respuestas></cuestion><cuestion><enunciado><![CDATA[¿Cuál es el método de integración que debe aplicarse para calcular la integral propuesta?]]></enunciado><explicacion /><imagen><![CDATA[MA_11_05_CO_REC240_IMG07n.png]]></imagen><ampliacion><![CDATA[MA_11_05_CO_REC240_IMG07a.png]]></ampliacion><respuestas><respuesta contestacion="Por fracciones parciales." correcta="0" /><respuesta contestacion="Por sustitución." correcta="1" /><respuesta contestacion="Por partes." correcta="0" /><respuesta contestacion="No existe la integral." correcta="0" /></respuestas></cuestion><cuestion><enunciado><![CDATA[La integral de la función {{cur}}f{{normal}}({{cur}}x{{normal}}) = sen ({{cur}}x{{normal}}) en un intervalo de la forma (-a , a) es:]]></enunciado><explicacion /><imagen><![CDATA[MA_11_05_CO_REC240_IMG08n.png]]></imagen><ampliacion><![CDATA[MA_11_05_CO_REC240_IMG08a.png]]></ampliacion><respuestas><respuesta contestacion="1, por ser un intervalo simétrico." correcta="0" /><respuesta contestacion="0, por ser una función impar." correcta="1" /><respuesta contestacion="π/2, por ser una función periódica." correcta="0" /><respuesta contestacion="Ninguna de las anteriores." correcta="0" /></respuestas></cuestion><cuestion><enunciado><![CDATA[El resultado de calcular la integral planteada es:]]></enunciado><explicacion /><imagen><![CDATA[MA_11_05_CO_REC240_IMG09n.png]]></imagen><ampliacion><![CDATA[MA_11_05_CO_REC240_IMG09a.png]]></ampliacion><respuestas><respuesta contestacion="tan ({{cur}}x{{normal}}) + C" correcta="0" /><respuesta contestacion="½ {{cur}}x{{normal}} C" correcta="0" /><respuesta contestacion="{{cur}}x{{normal}} ln ({{cur}}x{{normal}}) - {{cur}}x{{normal}} + C" correcta="1" /><respuesta contestacion=" {{cur}}x{{normal}} + C" correcta="0" /></respuestas></cuestion><cuestion><enunciado><![CDATA[El resultado de calcular la integral planteada es:]]></enunciado><explicacion /><imagen><![CDATA[MA_11_05_CO_REC240_IMG10n.png]]></imagen><ampliacion><![CDATA[MA_11_05_CO_REC240_IMG10a.png]]></ampliacion><respuestas><respuesta contestacion="33,33" correcta="0" /><respuesta contestacion="333,33" correcta="1" /><respuesta contestacion="1000" correcta="0" /><respuesta contestacion="10 000" correcta="0" /></respuestas></cuestion></test></motor>