﻿<?xml version="1.0" encoding="utf-8"?>
<motor tipo="101" clase="a" aprid="M101a">
  <plataforma>
    <grado><![CDATA[2]]></grado>
    <titulo>Refuerza tu aprendizaje: Las funciones lineales</titulo>
    <area>3</area>
    <nivel>2</nivel>
    <referencia><![CDATA[MT_10_07]]></referencia>
    <idreg><![CDATA[4705]]></idreg>
    <motor><![CDATA[M101A]]></motor>
    <lang>es</lang>
  </plataforma>
  <enunciado><![CDATA[Realiza la siguiente actividad. Cuando termines, haz clic en Enviar. Si es necesario, entrega las respuestas en la mano o por e-mail a tu profesor para que pueda validarlas.]]></enunciado>
  <masinfo inicio="0" />
  <calc><![CDATA[1]]></calc>
  <preguntas cantidad="3">
    <pregunta>
      <enunciado><![CDATA[Escribe la expresión algebraica de una función lineal e indica sus elementos. Explica cómo se representa gráficamente y cómo se puede saber, mediante su fórmula, si es creciente o decreciente. ]]></enunciado>
      <explicacion />
      <nivel><![CDATA[2]]></nivel>
      <tipo />
      <imagen />
      <ampliacion />
      <texto />
    </pregunta>
    <pregunta>
      <enunciado><![CDATA[Halla la pendiente de la recta que pasa por los puntos (5, 6) y (3, –4). Explica el procedimiento paso a paso.]]></enunciado>
      <explicacion><![CDATA[SOLUCIÓN: 5]]></explicacion>
      <nivel><![CDATA[2]]></nivel>
      <tipo />
      <imagen />
      <ampliacion />
      <texto />
    </pregunta>
    <pregunta>
      <enunciado><![CDATA[Enumera los tres tipos de funciones lineales y pon un ejemplo de cada una. ]]></enunciado>
      <explicacion />
      <nivel><![CDATA[2]]></nivel>
      <tipo />
      <imagen />
      <ampliacion />
      <texto />
    </pregunta>
  </preguntas>
</motor>