﻿<?xml version="1.0" encoding="utf-8"?>
<?xml-stylesheet href="cuadernoestudio/dtd/libro.xslt" type="text/xsl"?>
<!DOCTYPE libro SYSTEM "cuadernoestudio/dtd/libro.dtd"[]>
<libro id="MA_09_01_CO">
  <libroTitulo>Números reales</libroTitulo>
  <seccion1 id="S1_MA_09_01_CO_9C6D6DE1240948389A950ECD93CEB32C">
    <seccion1Titulo>Los conjuntos numéricos</seccion1Titulo>
    <seccion1Texto>
      <p>Aquí escribiré el párrafo de la sección</p>
      <p>Aquí va un PÁRRAFO</p>
      <imagen src="MA_09_01_CO_img_01_small.jpg">
        <p>Aquí escribiré el pie de foto</p>
      </imagen>
      <recuerda>
        <recuerdaTexto>
          <p>Aquí va un RECUERDA</p>
        </recuerdaTexto>
      </recuerda>
      <imagen src="MA_09_01_CO_img_02_small.jpg">
        <p>Aquí escribiré el pie de foto</p>
      </imagen>
      <practica>
        <enlace destino="/LoIdRedirect.aspx?LoId=MA_09_01_CORecurso010&amp;IdRecurso=RES-D193507F0C3F4958B8C92D45CB978AD7">Relaciona conjuntos numéricos con su definición</enlace>
      </practica>
      <seccion2 id="S2_MA_09_01_CO_5CC02B4467DD405D92399A0676786DDF">
        <seccion2Titulo>El conjunto de los números racionales</seccion2Titulo>
        <seccion2Texto>
          <p>Aquí escribiré el párrafo de la sección</p>
          <p>Aquí va un PÁRRAFO</p>
          <recuerda>
            <recuerdaTexto>
              <p>Aquí va un RECUERDA</p>
            </recuerdaTexto>
          </recuerda>
          <destacado>
            <destacadoTitulo>Aquí va el título de un DESTACADO</destacadoTitulo>
            <destacadoTexto>
              <p>Aquí va el texto de un DESTACADO</p>
            </destacadoTexto>
          </destacado>
          <p>Aquí va un PÁRRAFO</p>
          <imagen src="MA_09_01_CO_img_03_small.jpg">
            <p>Aquí escribiré el pie de foto</p>
          </imagen>
          <practica>
            <enlace destino="/LoIdRedirect.aspx?LoId=MA_09_01_CORecurso020&amp;IdRecurso=RES-A222622F98B0478F826627D866A43293">Practica la conversión de una fracción a número decimal</enlace>
          </practica>
          <practica>
            <enlace destino="/LoIdRedirect.aspx?LoId=MA_09_01_CORecurso030&amp;IdRecurso=RES-A2A92402091549539073544179CDFA55">Practica la conversión de un número decimal a fracción</enlace>
          </practica>
          <practica>
            <enlace destino="/LoIdRedirect.aspx?LoId=MA_09_01_CORecurso040&amp;IdRecurso=RES-F7A746E7105F4AE5B0EBC56BE75B740D">Resuelve situaciones que involucran números racionales</enlace>
          </practica>
          <destacado>
            <destacadoTitulo>Aquí va el título de un DESTACADO</destacadoTitulo>
            <destacadoTexto>
              <p>Aquí va el texto de un DESTACADO</p>
            </destacadoTexto>
          </destacado>
        </seccion2Texto>
      </seccion2>
      <seccion2 id="S2_MA_09_01_CO_624B26C4D1B24538B6D45BF84430EE89">
        <seccion2Titulo>El conjunto de los números irracionales</seccion2Titulo>
        <seccion2Texto>
          <p>Aquí escribiré el párrafo de la sección</p>
          <p>Aquí va un PÁRRAFO</p>
          <imagen src="MA_09_01_CO_img_04_small.jpg">
            <p>Aquí escribiré el pie de foto</p>
          </imagen>
          <p>Aquí va un PÁRRAFO</p>
          <profundiza>
            <enlace destino="/LoIdRedirect.aspx?LoId=MA_09_01_CORecurso050&amp;IdRecurso=RES-C2E164C4320946E88680C98E850B62CB">Una noción de número irracional y breve historia</enlace>
          </profundiza>
          <practica>
            <enlace destino="/LoIdRedirect.aspx?LoId=MA_09_01_CORecurso060&amp;IdRecurso=RES-ADF4A76304D54A858E892F171C3D12FD">Resuelve situaciones problema con números irracionales</enlace>
          </practica>
        </seccion2Texto>
      </seccion2>
      <seccion2 id="S2_MA_09_01_CO_0456D0BDE4CD45EA9613431F41327A8D">
        <seccion2Titulo>Los números reales</seccion2Titulo>
        <seccion2Texto>
          <p>Aquí escribiré el párrafo de la sección</p>
          <p>Aquí va un PÁRRAFO</p>
          <imagen src="MA_09_01_CO_img_05_small.jpg">
            <p>Aquí escribiré el pie de foto</p>
          </imagen>
          <destacado>
            <destacadoTitulo>Aquí va el título de un DESTACADO</destacadoTitulo>
            <destacadoTexto>
              <p>Aquí va el texto de un DESTACADO</p>
            </destacadoTexto>
          </destacado>
          <profundiza>
            <enlace destino="/LoIdRedirect.aspx?LoId=MA_09_01_CORecurso070&amp;IdRecurso=RES-B2DD18CCEBE24BFAAFC368FB4C6226C6">Los números reales</enlace>
          </profundiza>
          <practica>
            <enlace destino="/LoIdRedirect.aspx?LoId=MA_09_01_CORecurso080&amp;IdRecurso=RES-B21F8BF60F664910A11C03CDAF56E438">Practica con los números reales y sus subconjuntos</enlace>
          </practica>
          <practica>
            <enlace destino="/LoIdRedirect.aspx?LoId=MA_09_01_CORecurso090&amp;IdRecurso=RES-4BEE5D205FD9441982EB3A10836B8EDB">¿Qué sabes de los números reales?</enlace>
          </practica>
          <seccion3 id="S3_MA_09_01_CO_52C2BA6C5CE2460480D4E79D33A5D177">
            <seccion3Titulo>Las aproximaciones de un número real</seccion3Titulo>
            <seccion3Texto>
              <p>Aquí escribiré el párrafo de la sección</p>
              <p>Aquí va un PÁRRAFO</p>
              <profundiza>
                <enlace destino="/LoIdRedirect.aspx?LoId=MA_09_01_CORecurso100&amp;IdRecurso=RES-C69449850E064222A686CD0F159016B1">Aproximación, error absoluto y error relativo</enlace>
              </profundiza>
              <practica>
                <enlace destino="/LoIdRedirect.aspx?LoId=MA_09_01_CORecurso110&amp;IdRecurso=RES-DF02736A50E249D9B7DA6EEE61F0BC70">Calcula el error absoluto y el error relativo</enlace>
              </practica>
            </seccion3Texto>
          </seccion3>
        </seccion2Texto>
      </seccion2>
      <seccion2 id="S2_MA_09_01_CO_84586692CE7B4DC9A6A3AF3B13153E30">
        <seccion2Titulo>La recta real</seccion2Titulo>
        <seccion2Texto>
          <p>Aquí escribiré el párrafo de la sección</p>
          <p>Aquí va un PÁRRAFO</p>
          <profundiza>
            <enlace destino="/LoIdRedirect.aspx?LoId=MA_09_01_CORecurso120&amp;IdRecurso=RES-78BCDBD203564A12BBFA30DBBD5A9CEC">La recta real y el axioma de completitud</enlace>
          </profundiza>
          <destacado>
            <destacadoTitulo>Aquí va el título de un DESTACADO</destacadoTitulo>
            <destacadoTexto>
              <p>Aquí va el texto de un DESTACADO</p>
            </destacadoTexto>
          </destacado>
          <destacado>
            <destacadoTitulo>Aquí va el título de un DESTACADO</destacadoTitulo>
            <destacadoTexto>
              <p>Aquí va el texto de un DESTACADO</p>
            </destacadoTexto>
          </destacado>
          <seccion3 id="S3_MA_09_01_CO_1730244B250445FB9D49ED6784D68C18">
            <seccion3Titulo>Los intervalos de números reales</seccion3Titulo>
            <seccion3Texto>
              <p>Aquí escribiré el párrafo de la sección</p>
              <p>Aquí va un PÁRRAFO</p>
              <imagen src="MA_09_01_CO_img_06_small.jpg">
                <p>Aquí escribiré el pie de foto</p>
              </imagen>
              <p>Aquí va un PÁRRAFO</p>
              <imagen src="MA_09_01_CO_img_07_small.jpg">
                <p>Aquí escribiré el pie de foto</p>
              </imagen>
              <p>Aquí va un PÁRRAFO</p>
              <imagen src="MA_09_01_CO_img_08_small.jpg">
                <p>Aquí escribiré el pie de foto</p>
              </imagen>
              <p>Aquí va un PÁRRAFO</p>
              <imagen src="MA_09_01_CO_img_09_small.jpg">
                <p>Aquí escribiré el pie de foto</p>
              </imagen>
              <p>Aquí va un PÁRRAFO</p>
              <imagen src="MA_09_01_CO_img_10_small.jpg">
                <p>Aquí escribiré el pie de foto</p>
              </imagen>
              <profundiza>
                <enlace destino="/LoIdRedirect.aspx?LoId=MA_09_01_CORecurso130&amp;IdRecurso=RES-2B5A88F66968493E8525EECACC5B0993">Intervalos</enlace>
              </profundiza>
              <practica>
                <enlace destino="/LoIdRedirect.aspx?LoId=MA_09_01_CORecurso140&amp;IdRecurso=RES-2CAFE8CAD80E4108AF0483A1F50F71D0">Practica la representación de intervalos</enlace>
              </practica>
              <practica>
                <enlace destino="/LoIdRedirect.aspx?LoId=MA_09_01_CORecurso150&amp;IdRecurso=RES-D1A74008BABC4DA5AD217CC7F4C4334B">Resuelve situaciones con intervalos de números reales</enlace>
              </practica>
            </seccion3Texto>
          </seccion3>
        </seccion2Texto>
      </seccion2>
      <seccion2 id="S2_MA_09_01_CO_2B9630FA7C8B47C08E07EB5346D7F549">
        <seccion2Titulo>Consolidación</seccion2Titulo>
        <seccion2Texto>
          <p>Aquí escribiré el párrafo de la sección</p>
          <p>Aquí va un PÁRRAFO</p>
          <practica>
            <enlace destino="/LoIdRedirect.aspx?LoId=MA_09_01_CORecurso160&amp;IdRecurso=RES-840EFFE886D34E8F95D6BDA949AE2BC9">Refuerza tu aprendizaje: Números reales e intervalos de números reales</enlace>
          </practica>
        </seccion2Texto>
      </seccion2>
    </seccion1Texto>
  </seccion1>
  <seccion1 id="S1_MA_09_01_CO_93A8E365070141EDADCB38268606FB36">
    <seccion1Titulo>Las operaciones con números reales</seccion1Titulo>
    <seccion1Texto>
      <p>Aquí escribiré el párrafo de la sección</p>
      <p>Aquí va un PÁRRAFO</p>
      <recuerda>
        <recuerdaTexto>
          <p>Aquí va un RECUERDA</p>
        </recuerdaTexto>
      </recuerda>
      <imagen src="MA_09_01_CO_img_11_small.jpg">
        <p>Aquí escribiré el pie de foto</p>
      </imagen>
      <p>Aquí va un PÁRRAFO</p>
      <seccion2 id="S2_MA_09_01_CO_C6C9E392D0874DD39D4BB231380446C3">
        <seccion2Titulo>La adición y la sustracción de números reales</seccion2Titulo>
        <seccion2Texto>
          <p>Aquí escribiré el párrafo de la sección</p>
          <p>Aquí va un PÁRRAFO</p>
          <recuerda>
            <recuerdaTexto>
              <p>Aquí va un RECUERDA</p>
            </recuerdaTexto>
          </recuerda>
        </seccion2Texto>
      </seccion2>
      <seccion2 id="S2_MA_09_01_CO_9B097ED03A1947339D85AE4FA91F7565">
        <seccion2Titulo>Las propiedades de la adición de números reales</seccion2Titulo>
        <seccion2Texto>
          <p>Aquí escribiré el párrafo de la sección</p>
          <p>Aquí va un PÁRRAFO</p>
          <imagen src="MA_09_01_CO_img_12_small.jpg">
            <p>Aquí escribiré el pie de foto</p>
          </imagen>
          <p>Aquí va un PÁRRAFO</p>
        </seccion2Texto>
      </seccion2>
      <seccion2 id="S2_MA_09_01_CO_694074B78A5142F8A0CD764C3CB2C3FA">
        <seccion2Titulo>La multiplicación y la división de números reales</seccion2Titulo>
        <seccion2Texto>
          <p>Aquí escribiré el párrafo de la sección</p>
          <p>Aquí va un PÁRRAFO</p>
        </seccion2Texto>
      </seccion2>
      <seccion2 id="S2_MA_09_01_CO_CB19402AD8574DA1A620BD811CD95B17">
        <seccion2Titulo>Las propiedades de la multiplicación de números reales</seccion2Titulo>
        <seccion2Texto>
          <p>Aquí escribiré el párrafo de la sección</p>
          <p>Aquí va un PÁRRAFO</p>
          <practica>
            <enlace destino="/LoIdRedirect.aspx?LoId=MA_09_01_CORecurso170&amp;IdRecurso=RES-83FE82A8D08A406B9F8EB2382BE3EB18">Practica las operaciones con números reales</enlace>
          </practica>
          <practica>
            <enlace destino="/LoIdRedirect.aspx?LoId=MA_09_01_CORecurso180&amp;IdRecurso=RES-F3A75160C8404B75AB29EABFEA812CD4">Practica las propiedades de la adición de números reales</enlace>
          </practica>
          <practica>
            <enlace destino="/LoIdRedirect.aspx?LoId=MA_09_01_CORecurso190&amp;IdRecurso=RES-1319D52AF1F1418AB79C876A93CAF6A6">¿Qué propiedad de la multiplicación de números reales se aplica?</enlace>
          </practica>
          <practica>
            <enlace destino="/LoIdRedirect.aspx?LoId=MA_09_01_CORecurso200&amp;IdRecurso=RES-2CD78951B7C44F5FB23000F25950CFA3">Practica las propiedades de la adición y la multiplicación de números reales</enlace>
          </practica>
          <p>Aquí va un PÁRRAFO</p>
          <practica>
            <enlace destino="/LoIdRedirect.aspx?LoId=MA_09_01_CORecurso210&amp;IdRecurso=RES-9CA2FFB90C4E429AA3E17CD220E448E3">Refuerza tu aprendizaje: Operaciones y propiedades de las operaciones de números reales</enlace>
          </practica>
        </seccion2Texto>
      </seccion2>
    </seccion1Texto>
  </seccion1>
  <seccion1 id="S1_MA_09_01_CO_12D9D4475486469F81ECD62909CDEF11">
    <seccion1Titulo>Competencias</seccion1Titulo>
    <seccion1Texto>
      <p>Aquí escribiré el párrafo de la sección</p>
      <p>Aquí va un PÁRRAFO</p>
      <practica>
        <enlace destino="/LoIdRedirect.aspx?LoId=MA_09_01_CORecurso220&amp;IdRecurso=RES-D64B92E5E5AB4168AF7D2E923BD42627">Competencias: comprensión del conjunto de los números reales</enlace>
      </practica>
    </seccion1Texto>
  </seccion1>
  <seccion1 id="S1_MA_09_01_CO_79A5F1B58FAA469DA7C331FAC5A61C61">
    <seccion1Titulo>Fin de tema</seccion1Titulo>
    <seccion1Texto>
      <p>Aquí escribiré el párrafo de la sección</p>
    </seccion1Texto>
    <mapaconceptual>
      <enlace destino="/LoIdRedirect.aspx?LoId=MA_09_01_CORecurso230&amp;IdRecurso=RES-B9B549AF45F84ADCBABEAADCF8BFE7B3">Mapa Conceptual</enlace>
    </mapaconceptual>
    <autoevaluate>
      <enlace destino="/LoIdRedirect.aspx?LoId=MA_09_01_CORecurso240&amp;IdRecurso=RES-FCF28EEEC02A444DB57C34C365FB3E3F">Evaluación</enlace>
    </autoevaluate>
    <enlacesreferencia>
      <enlace destino="http://www.aulaplaneta.com">AulaPlaneta</enlace>
    </enlacesreferencia>
  </seccion1>
</libro>