﻿<?xml version="1.0" encoding="utf-8"?>
<engine copy="Editorial Planeta" version="1" aprid="f4">
  <main title="¿Qué sabes de las expresiones algebraicas?" path="image_11.jpg" buttonsHeight="65">
  </main>
  <questions respCorrecta="Respuesta correcta." respIncorrecta="Respuesta incorrecta.">
    <question title="¿Cuál de estas dos expresiones matemáticas es una expresión algebraica?" path="shutterstock_138803843.jpg">
      <answers>
        <answer correct="0">
          <text><![CDATA[-2]]></text>
          <explanation width="394"><![CDATA[<p>&nbsp;</p>

<p>&nbsp;</p>
]]></explanation>
        </answer>
        <answer correct="1">
          <text><![CDATA[2x<sup>2</sup> + 3x]]></text>
          <explanation width="600"><![CDATA[<p>La expresi&oacute;n matem&aacute;tica&nbsp; <strong>2<em>x</em><sup>2</sup> + 3<em>x</em></strong> es una expresi&oacute;n algebraica.</p>

<p>Las <strong>expresiones algebraicas </strong>son combinaciones de <strong>n&uacute;meros, letras y s&iacute;mbolos de operaciones aritm&eacute;ticas</strong>.</p>

<p>A las letras se les llama <strong>variables </strong>y a los n&uacute;meros <strong>coeficientes</strong>. Las letras con sus exponentes son la <strong>parte literal</strong>.</p>
]]></explanation>
        </answer>
        <answer correct="0">
          <text><![CDATA[]]></text>
          <explanation width="394"><![CDATA[]]></explanation>
        </answer>
        <answer correct="0">
          <text><![CDATA[]]></text>
          <explanation width="394"><![CDATA[]]></explanation>
        </answer>
        <answer correct="0">
          <text><![CDATA[]]></text>
          <explanation width="394"><![CDATA[]]></explanation>
        </answer>
        <answer correct="0">
          <text><![CDATA[]]></text>
          <explanation width="394"><![CDATA[]]></explanation>
        </answer>
        <answer correct="0">
          <text><![CDATA[]]></text>
          <explanation width="394"><![CDATA[]]></explanation>
        </answer>
        <answer correct="0">
          <text><![CDATA[]]></text>
          <explanation width="394"><![CDATA[]]></explanation>
        </answer>
      </answers>
      <info path="">
        <text><![CDATA[]]></text>
      </info>
    </question>
    <question title="C&amp;oacute;mo hallar&amp;iacute;as el &lt;strong&gt;valor num&amp;eacute;rico &lt;/strong&gt;de la siguiente&lt;br /&gt; expresi&amp;oacute;n &lt;strong&gt;2x&lt;sup&gt;2&lt;/sup&gt; + 3x&lt;/strong&gt;, si &lt;strong&gt;x = 3&lt;/strong&gt;" path="shutterstock_138803843.jpg">
      <answers>
        <answer correct="0">
          <text><![CDATA[2 · (3) + 3 · (3)]]></text>
          <explanation width="394"><![CDATA[<p>&nbsp;</p>

<p>&nbsp;</p>
]]></explanation>
        </answer>
        <answer correct="1">
          <text><![CDATA[2 &middot; (3)<sup>2</sup> + 3 &middot; (3)]]></text>
          <explanation width="600"><![CDATA[<p>El <strong>valor num&eacute;rico </strong>es el resultado que se obtiene de <strong>sustituir las letras </strong>de la expresi&oacute;n algebraica <strong>por n&uacute;meros</strong> y resolver la operaci&oacute;n que se plantea.</p>

<p>2<em>x</em><sup>2</sup> + 3<em>x</em>&nbsp; si&nbsp;&nbsp; <em>x</em> = 3</p>

<p>2<em>x</em><sup>2</sup> + 3<em>x</em> = 2 &middot; (3)<sup>2</sup> + 3 &middot; (3) = 27</p>

<p>&nbsp;</p>
]]></explanation>
        </answer>
        <answer correct="0">
          <text><![CDATA[]]></text>
          <explanation width="394"><![CDATA[]]></explanation>
        </answer>
        <answer correct="0">
          <text><![CDATA[]]></text>
          <explanation width="394"><![CDATA[]]></explanation>
        </answer>
        <answer correct="0">
          <text><![CDATA[]]></text>
          <explanation width="394"><![CDATA[]]></explanation>
        </answer>
        <answer correct="0">
          <text><![CDATA[]]></text>
          <explanation width="394"><![CDATA[]]></explanation>
        </answer>
        <answer correct="0">
          <text><![CDATA[]]></text>
          <explanation width="394"><![CDATA[]]></explanation>
        </answer>
        <answer correct="0">
          <text><![CDATA[]]></text>
          <explanation width="394"><![CDATA[]]></explanation>
        </answer>
      </answers>
      <info path="">
        <text><![CDATA[]]></text>
      </info>
    </question>
    <question title="Seg&amp;uacute;n el n&amp;uacute;mero de t&amp;eacute;rminos, &amp;iquest;qu&amp;eacute; nombre recibe la &lt;br /&gt; expresi&amp;oacute;n algebraica &lt;strong&gt;5x&lt;sup&gt;3&lt;/sup&gt;&lt;/strong&gt;?" path="shutterstock_138803843.jpg">
      <answers>
        <answer correct="1">
          <text><![CDATA[Monomio]]></text>
          <explanation width="600"><![CDATA[<p>Es un monomio.</p>

<p>Los expresiones algebraicas seg&uacute;n el n&uacute;mero de<br />
t&eacute;rminos se pueden clasificar como:</p>

<p><strong>Monomio: </strong>Un solo t&eacute;rmino&nbsp;&rarr; 3<em>x</em>&sup2;.<br />
<strong>Binomio: </strong>Dos t&eacute;rminos&nbsp;&rarr; 2<em>x</em> + 5.<br />
<strong>Trinomio: </strong>Tres t&eacute;rminos &nbsp;&rarr; 3<em>x</em><sup>2</sup> &ndash;&nbsp;4<em>x</em> + 6.<br />
<strong>Polinomio: </strong>Cuatro o m&aacute;s t&eacute;rminos&nbsp;&rarr; 5<em>x</em><sup>3</sup> &ndash;&nbsp;3x<sup>2</sup> + <em>x</em> + 2.<br />
Es <strong>la suma de varios monomios</strong>.</p>

<p><strong>Monomio: </strong>Es el producto de un n&uacute;mero llamado <strong>coeficiente </strong>y una potencia de una <strong>variable</strong>, cuyo <strong>exponente </strong>es un n&uacute;mero natural. Este exponente es el <strong>grado </strong>del monomio. Por ejemplo:</p>

<p>En 3<em>x</em><sup>2</sup>, 3 es el coeficiente, <em>x</em> la variable y &sup2; el grado.</p>

<p>&nbsp;</p>
]]></explanation>
        </answer>
        <answer correct="0">
          <text><![CDATA[Polinomio]]></text>
          <explanation width="394"><![CDATA[<p>&nbsp;</p>

<p>&nbsp;</p>
]]></explanation>
        </answer>
        <answer correct="0">
          <text><![CDATA[]]></text>
          <explanation width="394"><![CDATA[]]></explanation>
        </answer>
        <answer correct="0">
          <text><![CDATA[]]></text>
          <explanation width="394"><![CDATA[]]></explanation>
        </answer>
        <answer correct="0">
          <text><![CDATA[]]></text>
          <explanation width="394"><![CDATA[]]></explanation>
        </answer>
        <answer correct="0">
          <text><![CDATA[]]></text>
          <explanation width="394"><![CDATA[]]></explanation>
        </answer>
        <answer correct="0">
          <text><![CDATA[]]></text>
          <explanation width="394"><![CDATA[]]></explanation>
        </answer>
        <answer correct="0">
          <text><![CDATA[]]></text>
          <explanation width="394"><![CDATA[]]></explanation>
        </answer>
      </answers>
      <info path="">
        <text><![CDATA[]]></text>
      </info>
    </question>
    <question title="Indica el resultado de P(x) + Q(x) si: &lt;/br&gt;&lt;p&gt;P(x) = &lt;strong&gt;x&lt;sup&gt;2&lt;/sup&gt; + 4x&lt;/strong&gt;&lt;br /&gt; Q(x) = &lt;strong&gt;-5x + x&lt;sup&gt;2&lt;/sup&gt;&lt;/strong&gt;&lt;/p&gt;" path="shutterstock_138803843.jpg">
      <answers>
        <answer correct="1">
          <text><![CDATA[R(x) = 2x<sup>2</sup> - x]]></text>
          <explanation width="450"><![CDATA[<p>Para <strong>sumar polinomios </strong>semejantes, basta con <strong>sumar los coeficientes de los t&eacute;rminos del mismo grado y dejar la misma parte literal</strong>.</p>
]]></explanation>
        </answer>
        <answer correct="0">
          <text><![CDATA[R(x) = x<sup>2</sup> - 9x]]></text>
          <explanation width="394"><![CDATA[<p>&nbsp;</p>

<p>&nbsp;</p>
]]></explanation>
        </answer>
        <answer correct="0">
          <text><![CDATA[]]></text>
          <explanation width="394"><![CDATA[]]></explanation>
        </answer>
        <answer correct="0">
          <text><![CDATA[]]></text>
          <explanation width="394"><![CDATA[]]></explanation>
        </answer>
        <answer correct="0">
          <text><![CDATA[]]></text>
          <explanation width="394"><![CDATA[]]></explanation>
        </answer>
        <answer correct="0">
          <text><![CDATA[]]></text>
          <explanation width="394"><![CDATA[]]></explanation>
        </answer>
        <answer correct="0">
          <text><![CDATA[]]></text>
          <explanation width="394"><![CDATA[]]></explanation>
        </answer>
        <answer correct="0">
          <text><![CDATA[]]></text>
          <explanation width="394"><![CDATA[]]></explanation>
        </answer>
      </answers>
      <info path="">
        <text><![CDATA[]]></text>
      </info>
    </question>
    <question title="Indica la expresi&amp;oacute;n correcta para restar los siguientes monomios: &lt;strong&gt;7x&lt;sup&gt;2&lt;/sup&gt;y&lt;/strong&gt; ; &lt;strong&gt;-4x&lt;sup&gt;2&lt;/sup&gt;y&lt;/strong&gt;" path="shutterstock_138803843.jpg">
      <answers>
        <answer correct="0">
          <text><![CDATA[7x<sup>2</sup>y - 4x<sup>2</sup>y]]></text>
          <explanation width="394"><![CDATA[<p>&nbsp;</p>

<p>&nbsp;</p>
]]></explanation>
        </answer>
        <answer correct="1">
          <text><![CDATA[7x<sup>2</sup>y + 4x<sup>2</sup>y]]></text>
          <explanation width="600"><![CDATA[<p>Para <strong>restar </strong>polinomios semejantes, basta con <strong>restar los coeficientes de los t&eacute;rminos del mismo grado y dejar la misma parte literal</strong>.<br />
Recuerda que si el t&eacute;rmino que se resta lleva un signo menos, seg&uacute;n la regla de los signos, el signo de la resta lo cambiar&aacute;:</p>

<p>7<em>x</em><sup>2</sup><em>y</em> &ndash;&nbsp;(&ndash;4<em>x</em><sup>2</sup><em>y</em>) = 7<em>x</em><sup>2</sup><em>y</em> + 4<em>x</em><sup>2</sup><em>y</em> = 11<em>x</em><sup>2</sup><em>y</em></p>
]]></explanation>
        </answer>
        <answer correct="0">
          <text><![CDATA[]]></text>
          <explanation width="394"><![CDATA[]]></explanation>
        </answer>
        <answer correct="0">
          <text><![CDATA[]]></text>
          <explanation width="394"><![CDATA[]]></explanation>
        </answer>
        <answer correct="0">
          <text><![CDATA[]]></text>
          <explanation width="394"><![CDATA[]]></explanation>
        </answer>
        <answer correct="0">
          <text><![CDATA[]]></text>
          <explanation width="394"><![CDATA[]]></explanation>
        </answer>
        <answer correct="0">
          <text><![CDATA[]]></text>
          <explanation width="394"><![CDATA[]]></explanation>
        </answer>
        <answer correct="0">
          <text><![CDATA[]]></text>
          <explanation width="394"><![CDATA[]]></explanation>
        </answer>
      </answers>
      <info path="">
        <text><![CDATA[]]></text>
      </info>
    </question>
    <question title="Dados los siguientes datos:&lt;p&gt;P = &lt;strong&gt;m&lt;sup&gt;4&lt;/sup&gt; - 3m&lt;sup&gt;2&lt;/sup&gt;n&lt;sup&gt;2&lt;/sup&gt; + 7n&lt;sup&gt;4&lt;/sup&gt;&lt;/strong&gt;&lt;br /&gt; Q = &lt;strong&gt;-4m&lt;sup&gt;3&lt;/sup&gt;x&lt;/strong&gt;&lt;/p&gt;  &lt;p&gt;&amp;iquest;Cu&amp;aacute;l ser&amp;iacute;a el resultado de P &amp;middot; Q ?&lt;/p&gt;" path="">
      <text><![CDATA[<table align="center" border="1" cellpadding="1" cellspacing="1" style="height:104px; width:681px">
	<tbody>
		<tr>
			<td style="text-align:center"><strong>Opci&oacute;n a</strong></td>
			<td style="text-align:center"><strong>Opci&oacute;n b</strong></td>
		</tr>
		<tr>
			<td style="text-align:center">&ndash;<big><span style="font-size:22px">4<em>m</em><sup>7</sup><em>x</em> + 12<em>m</em><sup>5</sup><em>n</em><sup>2</sup><em>x</em> </span></big>&ndash;<big><span style="font-size:22px">&nbsp;28<em>m</em><sup>3</sup><em>n</em><sup>4</sup><em>x</em></span></big></td>
			<td style="text-align:center">&ndash;<big><span style="font-size:22px">4<em>m</em><sup>12</sup><em>x</em> + 12<em>m</em><sup>6</sup><em>n</em><sup>2</sup><em>x</em> </span></big>&ndash;<big><span style="font-size:22px"> 28<em>m</em><sup>3</sup><em>n</em><sup>4</sup><em>x</em></span></big></td>
		</tr>
	</tbody>
</table>
]]></text>
      <answers>
        <answer correct="1">
          <text><![CDATA[Opción a]]></text>
          <explanation width="750"><![CDATA[<p>Se <strong>multiplica el monomio por cada uno de los t&eacute;rminos del polinomio</strong>, las letras semejantes se suman los exponentes y el resto de letras se dejan indicadas con su mismo exponente.</p>

<p>P &middot; Q = (<em>m</em><sup>4</sup> &ndash;&nbsp;3<em>m</em><sup>2</sup><em>n</em><sup>2</sup> + 7<em>n</em><sup>4</sup>) &middot; (&ndash;4<em>m</em><sup>3</sup><em>x</em>)<br />
P &middot; Q = (<em>m</em><sup>4</sup>) &middot; (&ndash;4<em>m</em><sup>3</sup><em>x</em>) + (&ndash;3<em>m</em><sup>2</sup><em>n</em><sup>2</sup>) &middot; (&ndash;4<em>m</em><sup>3</sup><em>x</em>) + (7<em>n</em><sup>4</sup>) &middot; (&ndash;4<em>m</em><sup>3</sup><em>x</em>)<br />
P &middot; Q = &ndash;4<em>m</em><sup>7</sup><em>x</em> + 12<em>m</em><sup>5</sup><em>n</em><sup>2</sup><em>x</em> &ndash;&nbsp;28<em>m</em><sup>3</sup><em>n</em><sup>4</sup><em>x</em></p>
]]></explanation>
        </answer>
        <answer correct="0">
          <text><![CDATA[Opción b]]></text>
          <explanation width="394"><![CDATA[<p>&nbsp;</p>

<p>&nbsp;</p>
]]></explanation>
        </answer>
        <answer correct="0">
          <text><![CDATA[]]></text>
          <explanation width="394"><![CDATA[]]></explanation>
        </answer>
        <answer correct="0">
          <text><![CDATA[]]></text>
          <explanation width="394"><![CDATA[]]></explanation>
        </answer>
        <answer correct="0">
          <text><![CDATA[]]></text>
          <explanation width="394"><![CDATA[]]></explanation>
        </answer>
        <answer correct="0">
          <text><![CDATA[]]></text>
          <explanation width="394"><![CDATA[]]></explanation>
        </answer>
        <answer correct="0">
          <text><![CDATA[]]></text>
          <explanation width="394"><![CDATA[]]></explanation>
        </answer>
        <answer correct="0">
          <text><![CDATA[]]></text>
          <explanation width="394"><![CDATA[]]></explanation>
        </answer>
      </answers>
      <info path="">
        <text><![CDATA[]]></text>
      </info>
    </question>
    <question title="El resultado de dividir &lt;strong&gt;4a&lt;sup&gt;3&lt;/sup&gt;b&lt;sup&gt;2&lt;/sup&gt;&lt;/strong&gt; entre &lt;strong&gt;-2ab&lt;/strong&gt; es:" path="shutterstock_138803843.jpg">
      <answers>
        <answer correct="0">
          <text><![CDATA[2a<sup>4</sup>b<sup>3</sup>]]></text>
          <explanation width="394"><![CDATA[<p>&nbsp;</p>

<p>&nbsp;</p>
]]></explanation>
        </answer>
        <answer correct="1">
          <text><![CDATA[-2a<sup>2</sup>b]]></text>
          <explanation width="600"><![CDATA[<p>Se <strong>divide el coeficiente del dividendo entre el coeficiente del divisor</strong>, a continuaci&oacute;n, las letras se escriben en orden alfab&eacute;tico, poni&eacute;ndole a cada letra un exponente igual a la diferencia entre el exponente del dividendo y el exponente que tiene el divisor:</p>

<p style="text-align:center"><span style="font-size:20px"><span class="math-tex">\((4a^3b^2):(-2ab) = \dfrac { 4a^3b^2}{ -2ab } = -2a^2b\)</span></span></p>
]]></explanation>
        </answer>
        <answer correct="0">
          <text><![CDATA[]]></text>
          <explanation width="394"><![CDATA[]]></explanation>
        </answer>
        <answer correct="0">
          <text><![CDATA[]]></text>
          <explanation width="394"><![CDATA[]]></explanation>
        </answer>
        <answer correct="0">
          <text><![CDATA[]]></text>
          <explanation width="394"><![CDATA[]]></explanation>
        </answer>
        <answer correct="0">
          <text><![CDATA[]]></text>
          <explanation width="394"><![CDATA[]]></explanation>
        </answer>
        <answer correct="0">
          <text><![CDATA[]]></text>
          <explanation width="394"><![CDATA[]]></explanation>
        </answer>
        <answer correct="0">
          <text><![CDATA[]]></text>
          <explanation width="394"><![CDATA[]]></explanation>
        </answer>
      </answers>
      <info path="">
        <text><![CDATA[]]></text>
      </info>
    </question>
    <question title="El polinomio &lt;strong&gt;a · (x + 1) + b · (x + 1)&lt;/strong&gt; simplificado es:" path="shutterstock_138803843.jpg">
      <answers>
        <answer correct="0">
          <text><![CDATA[a · b · (x + 1)]]></text>
          <explanation width="394"><![CDATA[<p>&nbsp;</p>

<p>&nbsp;</p>
]]></explanation>
        </answer>
        <answer correct="1">
          <text><![CDATA[(x + 1) · (a + b)]]></text>
          <explanation width="450"><![CDATA[<p>Sacar el <strong>factor com&uacute;n </strong>consiste en transformar una expresi&oacute;n de suma o de resta en producto. Es <strong>aplicar la propiedad distributiva</strong>.</p>

<p><em>ab</em> + <em>ac</em> = <em>a</em> &middot; (<em>b</em> + <em>c</em>)</p>

<p><em>ab</em> &ndash;&nbsp;<em>ac</em> = <em>a</em> &middot; (<em>b</em> &ndash;&nbsp;<em>c</em>)</p>
]]></explanation>
        </answer>
        <answer correct="0">
          <text><![CDATA[]]></text>
          <explanation width="394"><![CDATA[]]></explanation>
        </answer>
        <answer correct="0">
          <text><![CDATA[]]></text>
          <explanation width="394"><![CDATA[]]></explanation>
        </answer>
        <answer correct="0">
          <text><![CDATA[]]></text>
          <explanation width="394"><![CDATA[]]></explanation>
        </answer>
        <answer correct="0">
          <text><![CDATA[]]></text>
          <explanation width="394"><![CDATA[]]></explanation>
        </answer>
        <answer correct="0">
          <text><![CDATA[]]></text>
          <explanation width="394"><![CDATA[]]></explanation>
        </answer>
        <answer correct="0">
          <text><![CDATA[]]></text>
          <explanation width="394"><![CDATA[]]></explanation>
        </answer>
      </answers>
      <info path="">
        <text><![CDATA[]]></text>
      </info>
    </question>
    <question title="De acuerdo a la ecuación &lt;span class=&quot;math-tex&quot;&gt;\(8x - 4 + 3x = 7x + x + 14\)&lt;/span&gt;&lt;/span&gt; el valor de x es:" path="shutterstock_138803843.jpg">
      <answers>
        <answer correct="0">
          <text><![CDATA[<span style="font-size:20px"><span class="math-tex">\(x =\dfrac {18}{19}\)</span></span>]]></text>
          <explanation width="394"><![CDATA[<p>&nbsp;</p>

<p>&nbsp;</p>
]]></explanation>
        </answer>
        <answer correct="1">
          <text><![CDATA[<span style="font-size:20px"><span class="math-tex">\(x =6\)</span></span>]]></text>
          <explanation width="700"><![CDATA[<p>Regla general para resolver ecuaciones de primer grado:</p>

<p><strong>Primero:</strong> Se efect&uacute;an las <strong>operaciones indicadas</strong>, si las hay.</p>

<p><strong>Segundo:</strong> Se hace la <strong>transposici&oacute;n de t&eacute;rminos</strong>, reuniendo en un miembro todos los t&eacute;rminos que contengan la inc&oacute;gnita y en el otro miembro todas las cantidades conocidas:</p>

<p><span style="font-size:20px"><span class="math-tex">\(8x - 4 + 3x = 7x + x + 14 \)</span></span></p>

<p><span style="font-size:20px"><span class="math-tex">\(8x + 3x - 7x - x = 14 + 4 \)</span></span></p>

<p><span style="font-size:20px"><span class="math-tex">\(11x - 8x =18\)</span></span><br />
&nbsp;</p>
]]></explanation>
        </answer>
        <answer correct="0">
          <text><![CDATA[]]></text>
          <explanation width="394"><![CDATA[]]></explanation>
        </answer>
        <answer correct="0">
          <text><![CDATA[]]></text>
          <explanation width="394"><![CDATA[]]></explanation>
        </answer>
        <answer correct="0">
          <text><![CDATA[]]></text>
          <explanation width="394"><![CDATA[]]></explanation>
        </answer>
        <answer correct="0">
          <text><![CDATA[]]></text>
          <explanation width="394"><![CDATA[]]></explanation>
        </answer>
        <answer correct="0">
          <text><![CDATA[]]></text>
          <explanation width="394"><![CDATA[]]></explanation>
        </answer>
        <answer correct="0">
          <text><![CDATA[]]></text>
          <explanation width="394"><![CDATA[]]></explanation>
        </answer>
      </answers>
      <info path="">
        <text><![CDATA[]]></text>
      </info>
    </question>
  </questions>
</engine>