﻿<?xml version="1.0" encoding="utf-8"?>
<motor tipo="7" clase="a" aprid="m7a">
  <plataforma>
    <grado><![CDATA[2]]></grado>
    <titulo>Representación de funciones</titulo>
    <area>0</area>
    <nivel>1</nivel>
    <referencia />
    <idreg><![CDATA[0]]></idreg>
    <motor><![CDATA[M7A]]></motor>
    <lang>es</lang>
  </plataforma>
  <enunciado><![CDATA[Funciones en diagrama sagital.]]></enunciado>
  <masinfo inicio="0" />
  <sinaleatoriedad><![CDATA[1]]></sinaleatoriedad>
  <calc><![CDATA[0]]></calc>
  <respuestaunica><![CDATA[0]]></respuestaunica>
  <test cantidad="6">
    <cuestion>
      <enunciado><![CDATA[Indica la expresión algebraica de la función que se muestra a través del diagrama sagital.]]></enunciado>
      <imagen><![CDATA[MA_09_04_CO_REC60_IMG01n.png]]></imagen>
      <ampliacion><![CDATA[MA_09_04_CO_REC60_IMG01n.png]]></ampliacion>
      <respuestas>
        <respuesta ruta="MA_09_04_CO_REC60_IMG02.png" ampliacion="" correcta="0" />
        <respuesta ruta="MA_09_04_CO_REC60_IMG03.png" ampliacion="" correcta="0" />
        <respuesta ruta="MA_09_04_CO_REC60_IMG04.png" ampliacion="" correcta="0" />
        <respuesta ruta="MA_09_04_CO_REC60_IMG05.png" ampliacion="" correcta="1" />
      </respuestas>
    </cuestion>
    <cuestion>
      <enunciado><![CDATA[Selecciona la expresión algebraica que corresponde a la gráfica.]]></enunciado>
      <imagen><![CDATA[MA_09_04_CO_REC60_IMG060n.png]]></imagen>
      <ampliacion><![CDATA[MA_09_04_CO_REC60_IMG060a.png]]></ampliacion>
      <respuestas>
        <respuesta ruta="MA_09_04_CO_REC60_IMG07.png" ampliacion="" correcta="0" />
        <respuesta ruta="MA_09_04_CO_REC60_IMG08.png" ampliacion="" correcta="0" />
        <respuesta ruta="MA_09_04_CO_REC60_IMG09.png" ampliacion="" correcta="1" />
        <respuesta ruta="MA_09_04_CO_REC60_IMG10.png" ampliacion="" correcta="0" />
      </respuestas>
    </cuestion>
    <cuestion>
      <enunciado><![CDATA[Selecciona la expresión algebraica que representa la función.]]></enunciado>
      <imagen><![CDATA[MA_09_04_CO_REC60_IMG11n.png]]></imagen>
      <ampliacion><![CDATA[MA_09_04_CO_REC60_IMG11a.png]]></ampliacion>
      <respuestas>
        <respuesta ruta="MA_09_04_CO_REC60_IMG11.png" ampliacion="" correcta="0" />
        <respuesta ruta="MA_09_04_CO_REC60_IMG13.png" ampliacion="" correcta="0" />
        <respuesta ruta="MA_09_04_CO_REC60_IMG14.png" ampliacion="" correcta="0" />
        <respuesta ruta="MA_09_04_CO_REC60_IMG15.png" ampliacion="" correcta="1" />
      </respuestas>
    </cuestion>
    <cuestion>
      <enunciado><![CDATA[Determina cuál de las expresiones algebraicas establece una función de {{cur}}X{{normal}} en {{cur}}Y{{normal}}.]]></enunciado>
      <imagen><![CDATA[MA_09_04_CO_REC60_IMG16n.png]]></imagen>
      <ampliacion><![CDATA[MA_09_04_CO_REC60_IMG16a.png]]></ampliacion>
      <respuestas>
        <respuesta ruta="MA_09_04_CO_REC60_IMG17.png" ampliacion="" correcta="0" />
        <respuesta ruta="MA_09_04_CO_REC60_IMG18.png" ampliacion="" correcta="0" />
        <respuesta ruta="MA_09_04_CO_REC60_IMG19.png" ampliacion="" correcta="1" />
        <respuesta ruta="MA_09_04_CO_REC60_IMG20.png" ampliacion="" correcta="0" />
      </respuestas>
    </cuestion>
    <cuestion>
      <enunciado><![CDATA[Determina cuál de las expresiones algebraicas establece una función de {{cur}}X{{normal}} en {{cur}}Y{{normal}}.]]></enunciado>
      <imagen><![CDATA[MA_09_04_CO_REC60_IMG21n.png]]></imagen>
      <ampliacion><![CDATA[MA_09_04_CO_REC60_IMG21a.png]]></ampliacion>
      <respuestas>
        <respuesta ruta="MA_09_04_CO_REC60_IMG22.png" ampliacion="" correcta="0" />
        <respuesta ruta="MA_09_04_CO_REC60_IMG23.png" ampliacion="" correcta="1" />
        <respuesta ruta="MA_09_04_CO_REC60_IMG24.png" ampliacion="" correcta="0" />
        <respuesta ruta="MA_09_04_CO_REC60_IMG25.png" ampliacion="" correcta="0" />
      </respuestas>
    </cuestion>
    <cuestion>
      <enunciado><![CDATA[Determina cuál de las expresiones algebraicas establece una función de {{cur}}X{{normal}} en {{cur}}Y{{normal}}.]]></enunciado>
      <imagen><![CDATA[MA_09_04_CO_REC60_IMG26n.png]]></imagen>
      <ampliacion><![CDATA[MA_09_04_CO_REC60_IMG26a.png]]></ampliacion>
      <respuestas>
        <respuesta ruta="MA_09_04_CO_REC60_IMG27.png" ampliacion="" correcta="0" />
        <respuesta ruta="MA_09_04_CO_REC60_IMG28.png" ampliacion="" correcta="0" />
        <respuesta ruta="MA_09_04_CO_REC60_IMG29.png" ampliacion="" correcta="1" />
        <respuesta ruta="MA_09_04_CO_REC60_IMG30.png" ampliacion="" correcta="0" />
      </respuestas>
    </cuestion>
  </test>
</motor>