﻿<?xml version="1.0" encoding="utf-8"?><motor tipo="4" clase="a" aprid="m4a">
  <plataforma>
    <grado><![CDATA[2]]></grado>
    <titulo>Reconoce los conceptos básicos de geometría</titulo>
    <area>0</area>
    <nivel>2</nivel>
    <referencia/>
    <idreg><![CDATA[0]]></idreg>
    <motor><![CDATA[M4A]]></motor>
    <lang>es</lang>
  </plataforma>
  <enunciado><![CDATA[Lee cada enucniado y selecciona la o las opciones correctas.]]></enunciado>
  <masinfo inicio="0"/>
  <sinaleatoriedad><![CDATA[0]]></sinaleatoriedad>
  <calc><![CDATA[0]]></calc>
  <respuestaunica><![CDATA[1]]></respuestaunica>
  <test cantidad="10">
    <cuestion>
      <enunciado><![CDATA[¿Cuál es el elemento geométrico que se asemeja a las estrellas en el cielo?]]></enunciado>
      <explicacion/>
      <imagen/>
      <respuestas>
        <respuesta contestacion="Punto" correcta="1"/>
        <respuesta contestacion="Plano" correcta="0"/>
        <respuesta contestacion="Segmento" correcta="0"/>
        <respuesta contestacion="Recta" correcta="0"/>
        <respuesta contestacion="Semirrecta" correcta="0"/>
      </respuestas>
    </cuestion>
    <cuestion>
      <enunciado><![CDATA[¿Cuál de los elementos básicos de la geometría tiene dimensiones?]]></enunciado>
      <explicacion/>
      <imagen/>
      <respuestas>
        <respuesta contestacion="Recta" correcta="0"/>
        <respuesta contestacion="Semirrecta" correcta="0"/>
        <respuesta contestacion="Segmento" correcta="0"/>
        <respuesta contestacion="Punto" correcta="0"/>
        <respuesta contestacion="Plano" correcta="1"/>
      </respuestas>
    </cuestion>
    <cuestion>
      <enunciado><![CDATA[¿Cuál es el elemento básico de la geometría que está formado por una sucesión de puntos que se prolonga indefinidamente en dos sentidos opuestos?]]></enunciado>
      <explicacion/>
      <imagen/>
      <respuestas>
        <respuesta contestacion="Recta" correcta="1"/>
        <respuesta contestacion="Semirrecta" correcta="0"/>
        <respuesta contestacion="Triángulo" correcta="0"/>
        <respuesta contestacion="Plano" correcta="0"/>
        <respuesta contestacion="Segmento" correcta="0"/>
      </respuestas>
    </cuestion>
    <cuestion>
      <enunciado><![CDATA[¿Cuál es el elemento básico de la geometría que se asemeja a una pared o a una hoja de papel?]]></enunciado>
      <explicacion/>
      <imagen/>
      <respuestas>
        <respuesta contestacion="Semirrecta" correcta="0"/>
        <respuesta contestacion="Segmento" correcta="0"/>
        <respuesta contestacion="Plano" correcta="1"/>
        <respuesta contestacion="Circunferencia" correcta="0"/>
        <respuesta contestacion="Recta" correcta="0"/>
      </respuestas>
    </cuestion>
    <cuestion>
      <enunciado><![CDATA[¿Cuál es el elemento básico de la geometría que se asemeja a los rieles de un tren?]]></enunciado>
      <explicacion/>
      <imagen/>
      <respuestas>
        <respuesta contestacion="Recta" correcta="1"/>
        <respuesta contestacion="Plano" correcta="0"/>
        <respuesta contestacion="Rectángulo" correcta="0"/>
        <respuesta contestacion="Punto" correcta="0"/>
        <respuesta contestacion="Segmento" correcta="0"/>
      </respuestas>
    </cuestion>
    <cuestion>
      <enunciado><![CDATA[¿Cuál es el elemento básico de la geometría que inicia en un punto y se prolonga indefinidamente?]]></enunciado>
      <explicacion/>
      <imagen/>
      <respuestas>
        <respuesta contestacion="Segmento" correcta="0"/>
        <respuesta contestacion="Semirrecta" correcta="1"/>
        <respuesta contestacion="Recta" correcta="0"/>
        <respuesta contestacion="Punto" correcta="0"/>
        <respuesta contestacion="Semicírculo" correcta="0"/>
      </respuestas>
    </cuestion>
    <cuestion>
      <enunciado><![CDATA[¿Cuál es el elemento básico de la geometría que está comprendido entre dos puntos de una recta?]]></enunciado>
      <explicacion/>
      <imagen/>
      <respuestas>
        <respuesta contestacion="Segmento" correcta="1"/>
        <respuesta contestacion="Recta" correcta="0"/>
        <respuesta contestacion="Pentágono" correcta="0"/>
        <respuesta contestacion="Punto" correcta="0"/>
        <respuesta contestacion="Plano" correcta="0"/>
      </respuestas>
    </cuestion>
    <cuestion>
      <enunciado><![CDATA[¿Qué elemento básico de la geometría determina la intersección de dos rectas?]]></enunciado>
      <explicacion/>
      <imagen/>
      <respuestas>
        <respuesta contestacion="Punto" correcta="1"/>
        <respuesta contestacion="Plano" correcta="0"/>
        <respuesta contestacion="Semirrecta" correcta="0"/>
        <respuesta contestacion="Segmento" correcta="0"/>
        <respuesta contestacion="Triángulo" correcta="0"/>
      </respuestas>
    </cuestion>
    <cuestion>
      <enunciado><![CDATA[¿Cuál es el elemento básico de la geometría que se asemeja a la marca de la punta de un lápiz sobre un papel?]]></enunciado>
      <explicacion/>
      <imagen/>
      <respuestas>
        <respuesta contestacion="Punto" correcta="1"/>
        <respuesta contestacion="Segmento" correcta="0"/>
        <respuesta contestacion="Semirrecta" correcta="0"/>
        <respuesta contestacion="Plano" correcta="0"/>
        <respuesta contestacion="Cuadrado" correcta="0"/>
      </respuestas>
    </cuestion>
    <cuestion>
      <enunciado><![CDATA[De los siguientes elementos, ¿cuál no representa un plano?]]></enunciado>
      <explicacion/>
      <imagen/>
      <respuestas>
        <respuesta contestacion="Una estrella." correcta="1"/>
        <respuesta contestacion="Superficie del agua." correcta="0"/>
        <respuesta contestacion="Rieles de un tren." correcta="1"/>
        <respuesta contestacion="Un rayo de luz." correcta="1"/>
        <respuesta contestacion="Una pared." correcta="0"/>
      </respuestas>
    </cuestion>
  </test>
</motor>