﻿<?xml version="1.0" encoding="UTF-8"?>
<motor tipo="7" clase="a" aprid="m7a">
  <plataforma>
    <grado><![CDATA[2]]></grado>
    <titulo>Practica la multiplicación y división de números racionales.</titulo>
    <area>0</area>
    <nivel>1</nivel>
    <referencia />
    <idreg><![CDATA[0]]></idreg>
    <motor><![CDATA[M7A]]></motor>
    <lang>es</lang>
  </plataforma>
  <enunciado><![CDATA[Actividad para reforzar los conceptos de multiplicación y división de los números racionales.]]></enunciado>
  <masinfo inicio="0" />
  <sinaleatoriedad><![CDATA[1]]></sinaleatoriedad>
  <calc><![CDATA[0]]></calc>
  <respuestaunica><![CDATA[1]]></respuestaunica>
  <test cantidad="8">
    <cuestion>
      <enunciado><![CDATA[El resultado simplificado de la siguiente operación es:]]></enunciado>
      <imagen><![CDATA[ma_08_01_216.gif]]></imagen>
      <ampliacion />
      <respuestas>
        <respuesta ruta="ma_08_01_217.gif" ampliacion="" correcta="0" />
        <respuesta ruta="ma_08_01_218.gif" ampliacion="" correcta="0" />
        <respuesta ruta="ma_08_01_220.gif" ampliacion="" correcta="1" />
        <respuesta ruta="ma_08_01_221.gif" ampliacion="" correcta="0" />
      </respuestas>
    </cuestion>
    <cuestion>
      <enunciado><![CDATA[El resultado simplificado de la siguiente operación es:]]></enunciado>
      <imagen><![CDATA[ma_08_01_222.gif]]></imagen>
      <ampliacion />
      <respuestas>
        <respuesta ruta="ma_08_01_223.gif" ampliacion="" correcta="0" />
        <respuesta ruta="ma_08_01_224.gif" ampliacion="" correcta="0" />
        <respuesta ruta="ma_08_01_225.gif" ampliacion="" correcta="0" />
        <respuesta ruta="ma_08_01_227.gif" ampliacion="" correcta="1" />
      </respuestas>
    </cuestion>
    <cuestion>
      <enunciado><![CDATA[El resultado simplificado de la siguiente operación es:]]></enunciado>
      <imagen><![CDATA[ma_08_01_228.gif]]></imagen>
      <ampliacion />
      <respuestas>
        <respuesta ruta="ma_08_01_229.gif" ampliacion="" correcta="0" />
        <respuesta ruta="ma_08_01_230.gif" ampliacion="" correcta="1" />
        <respuesta ruta="ma_08_01_231.gif" ampliacion="" correcta="0" />
        <respuesta ruta="ma_08_01_232.gif" ampliacion="" correcta="0" />
      </respuestas>
    </cuestion>
    <cuestion>
      <enunciado><![CDATA[El resultado simplificado de la siguiente operación es:]]></enunciado>
      <imagen><![CDATA[ma_08_01_233.gif]]></imagen>
      <ampliacion />
      <respuestas>
        <respuesta ruta="ma_08_01_234.gif" ampliacion="" correcta="0" />
        <respuesta ruta="ma_08_01_235.gif" ampliacion="" correcta="0" />
        <respuesta ruta="ma_08_01_236.gif" ampliacion="" correcta="0" />
        <respuesta ruta="ma_08_01_237.gif" ampliacion="" correcta="1" />
        <respuesta ruta="ma_08_01_238.gif" ampliacion="" correcta="0" />
      </respuestas>
    </cuestion>
    <cuestion>
      <enunciado><![CDATA[El resultado simplificado de la siguiente operación es:]]></enunciado>
      <imagen><![CDATA[ma_08_01_239.gif]]></imagen>
      <ampliacion />
      <respuestas>
        <respuesta ruta="ma_08_01_240.gif" ampliacion="" correcta="1" />
        <respuesta ruta="ma_08_01_241.gif" ampliacion="" correcta="0" />
        <respuesta ruta="ma_08_01_242.gif" ampliacion="" correcta="0" />
        <respuesta ruta="ma_08_01_243.gif" ampliacion="" correcta="0" />
      </respuestas>
    </cuestion>
    <cuestion>
      <enunciado><![CDATA[Cuál es el inverso multiplicativo de ]]></enunciado>
      <imagen><![CDATA[ma_08_01_244.gif]]></imagen>
      <ampliacion />
      <respuestas>
        <respuesta ruta="ma_08_01_245.gif" ampliacion="" correcta="0" />
        <respuesta ruta="ma_08_01_246.gif" ampliacion="" correcta="0" />
        <respuesta ruta="ma_08_01_247.gif" ampliacion="" correcta="0" />
        <respuesta ruta="ma_08_01_248.gif" ampliacion="" correcta="1" />
      </respuestas>
    </cuestion>
    <cuestion>
      <enunciado><![CDATA[El resultado simplificado de la siguiente operación es:]]></enunciado>
      <imagen><![CDATA[ma_08_01_249.gif]]></imagen>
      <ampliacion />
      <respuestas>
        <respuesta ruta="ma_08_01_250.gif" ampliacion="" correcta="0" />
        <respuesta ruta="ma_08_01_251.gif" ampliacion="" correcta="1" />
        <respuesta ruta="ma_08_01_253.gif" ampliacion="" correcta="0" />
        <respuesta ruta="ma_08_01_254.gif" ampliacion="" correcta="0" />
      </respuestas>
    </cuestion>
    <cuestion>
      <enunciado><![CDATA[El resultado simplificado de la siguiente operación es:]]></enunciado>
      <imagen><![CDATA[ma_08_01_255.gif]]></imagen>
      <ampliacion />
      <respuestas>
        <respuesta ruta="ma_08_01_257.gif" ampliacion="" correcta="1" />
        <respuesta ruta="ma_08_01_258.gif" ampliacion="" correcta="0" />
        <respuesta ruta="ma_08_01_259.gif" ampliacion="" correcta="0" />
        <respuesta ruta="ma_08_01_260.gif" ampliacion="" correcta="0" />
      </respuestas>
    </cuestion>
  </test>
  <temps>40</temps>
</motor>