﻿<?xml version="1.0" encoding="utf-8"?><motor tipo="5" clase="a" aprid="m5a">
  <plataforma>
    <grado><![CDATA[2]]></grado>
    <titulo>Evaluación sobre las operaciones con números racionales</titulo>
    <area>0</area>
    <nivel>1</nivel>
    <referencia/>
    <idreg><![CDATA[0]]></idreg>
    <motor><![CDATA[M5A]]></motor>
    <lang>es</lang>
  </plataforma>
  <enunciado><![CDATA[Realiza las operaciones necesarias para resolver la actividad y luego selecciona la respuesta.]]></enunciado>
  <masinfo inicio="0"/>
  <sinaleatoriedad><![CDATA[0]]></sinaleatoriedad>
  <calc><![CDATA[0]]></calc>
  <respuestaunica><![CDATA[1]]></respuestaunica>
  <test cantidad="8">
    <cuestion>
      <enunciado><![CDATA[El resultado de sumar los números de la imagen es:]]></enunciado>
      <explicacion/>
      <imagen><![CDATA[MA_07_06_REC350_IMG01n.png]]></imagen>
      <ampliacion><![CDATA[MA_07_06_REC350_IMG01a.png]]></ampliacion>
      <respuestas>
        <respuesta contestacion="1/64" correcta="0"/>
        <respuesta contestacion="6/64" correcta="0"/>
        <respuesta contestacion="63/64" correcta="1"/>
        <respuesta contestacion="6/126" correcta="0"/>
      </respuestas>
    </cuestion>
    <cuestion>
      <enunciado><![CDATA[La moneda que se muestra en la imagen es de 1/4 de dólar. Si el valor del dólar es $3245,8, ¿a cuánto dinero en pesos colombianos equivalen cinco de estas monedas? ]]></enunciado>
      <explicacion/>
      <imagen><![CDATA[MA_07_06_REC350_IMG02n.png]]></imagen>
      <ampliacion><![CDATA[MA_07_06_REC350_IMG02a.png]]></ampliacion>
      <respuestas>
        <respuesta contestacion="$ 4057,25" correcta="1"/>
        <respuesta contestacion="$ 64 916" correcta="0"/>
        <respuesta contestacion="$ 2596,64" correcta="0"/>
        <respuesta contestacion="$ 16 229" correcta="0"/>
      </respuestas>
    </cuestion>
    <cuestion>
      <enunciado><![CDATA[Con la aproximación que se muestra en la ilustración, se puede afrimar que (3π{{sup}}2{{normal}} - 2π) ÷ 11 - 1,0008 es equivalente a]]></enunciado>
      <explicacion/>
      <imagen><![CDATA[MA_07_06_REC350_IMG03n.png]]></imagen>
      <ampliacion><![CDATA[MA_07_06_REC350_IMG03a.png]]></ampliacion>
      <respuestas>
        <respuesta contestacion="3,1416" correcta="0"/>
        <respuesta contestacion="2,0708" correcta="0"/>
        <respuesta contestacion="4,316" correcta="0"/>
        <respuesta contestacion="1,07" correcta="1"/>
      </respuestas>
    </cuestion>
    <cuestion>
      <enunciado><![CDATA[Si la fracción azul del círculo es 2/15, ¿a qué fracción equivalen cinco tercios de la fracción amarilla?]]></enunciado>
      <explicacion/>
      <imagen><![CDATA[MA_07_06_REC350_IMG04n.png]]></imagen>
      <ampliacion><![CDATA[MA_07_06_REC350_IMG04a.png]]></ampliacion>
      <respuestas>
        <respuesta contestacion="8/5" correcta="0"/>
        <respuesta contestacion="3/15" correcta="0"/>
        <respuesta contestacion="13/15" correcta="0"/>
        <respuesta contestacion="0.2" correcta="0"/>
        <respuesta contestacion="16/9" correcta="1"/>
      </respuestas>
    </cuestion>
    <cuestion>
      <enunciado><![CDATA[El polinomio aritmético de la imagen es equivalente a ]]></enunciado>
      <explicacion/>
      <imagen><![CDATA[MA_07_06_REC350_IMG05n.png]]></imagen>
      <ampliacion><![CDATA[MA_07_06_REC350_IMG05a.png]]></ampliacion>
      <respuestas>
        <respuesta contestacion="1" correcta="0"/>
        <respuesta contestacion="49/9" correcta="0"/>
        <respuesta contestacion="77/6" correcta="1"/>
        <respuesta contestacion="4/5" correcta="0"/>
      </respuestas>
    </cuestion>
    <cuestion>
      <enunciado><![CDATA[Los polinomios aritméticos que se deben sumar para obtener como resultado dos tercios son]]></enunciado>
      <explicacion/>
      <imagen><![CDATA[MA_07_06_REC350_IMG06n.png]]></imagen>
      <ampliacion><![CDATA[MA_07_06_REC350_IMG06a.png]]></ampliacion>
      <respuestas>
        <respuesta contestacion="A y B" correcta="0"/>
        <respuesta contestacion="B y C" correcta="0"/>
        <respuesta contestacion="A y C" correcta="1"/>
        <respuesta contestacion="A, B y C" correcta="0"/>
      </respuestas>
    </cuestion>
    <cuestion>
      <enunciado><![CDATA[El polinomio aritmético es equivalente a]]></enunciado>
      <explicacion/>
      <imagen><![CDATA[MA_07_06_REC350_IMG07n.png]]></imagen>
      <ampliacion><![CDATA[MA_07_06_REC350_IMG07a.png]]></ampliacion>
      <respuestas>
        <respuesta contestacion="81/256" correcta="0"/>
        <respuesta contestacion="1/3" correcta="0"/>
        <respuesta contestacion="9/70" correcta="1"/>
        <respuesta contestacion="1" correcta="0"/>
      </respuestas>
    </cuestion>
    <cuestion>
      <enunciado><![CDATA[La solución a la ecuación es]]></enunciado>
      <explicacion/>
      <imagen><![CDATA[MA_07_06_REC350_IMG08n.png]]></imagen>
      <ampliacion><![CDATA[MA_07_06_REC350_IMG08a.png]]></ampliacion>
      <respuestas>
        <respuesta contestacion="2/3" correcta="0"/>
        <respuesta contestacion="5" correcta="1"/>
        <respuesta contestacion="-8/5" correcta="0"/>
        <respuesta contestacion="4/7" correcta="0"/>
        <respuesta contestacion="3/4" correcta="0"/>
      </respuestas>
    </cuestion>
  </test>
</motor>