﻿<?xml version="1.0" encoding="utf-8"?>
<motor tipo="101" clase="a" aprid="m101a">
  <plataforma>
    <grado>2</grado>
    <titulo>Refuerza tu aprendizaje: las ecuaciones</titulo>
    <volumen />
    <nivel><![CDATA[1]]></nivel>
    <referencia />
    <motor />
    <lang>es</lang>
  </plataforma>
  <enunciado><![CDATA[Responde cada una de las preguntas y resuelve los problemas propuestos, con las indicaciones suministradas.]]></enunciado>
  <masinfo inicio="0" />
  <calc><![CDATA[0]]></calc>
  <preguntas cantidad="4">
    <pregunta>
      <enunciado><![CDATA[¿Todas las expresiones matemáticas con el signo igual son siempre ciertas? Presenta al menos 3 ejemplos para explicar tu respuesta.]]></enunciado>
      <explicacion />
      <nivel><![CDATA[1]]></nivel>
      <tipo />
      <imagen />
      <ampliacion />
      <texto />
    </pregunta>
    <pregunta>
      <enunciado><![CDATA[Indica si cada una de las expresiones que se muestran pueden convertirse en ecuaciones matemáticas. Explica tu respuesta.En general, ¿qué condiciones debe cumplir una expresión en lenguaje natural para que pueda expresarse como una ecuación matemática?]]></enunciado>
      <explicacion />
      <nivel><![CDATA[2]]></nivel>
      <tipo />
      <imagen />
      <ampliacion />
      <texto><![CDATA["Alejandra tiene más años que Gabriela"."Carlos tiene el doble de dinero que Andrea y esta tiene el doble de dinero que Beatriz; en total tienen $840 000"."El nuevo computador costó $1 200 000".]]></texto>
    </pregunta>
    <pregunta>
      <enunciado><![CDATA[Con relación a las expresiones que, desde el español, pueden representarse como ecuaciones matemáticas contesta las preguntas y plantea ejemplos que justifiquen tus respuestas.]]></enunciado>
      <explicacion />
      <nivel><![CDATA[2]]></nivel>
      <tipo />
      <imagen />
      <ampliacion />
      <texto><![CDATA[∘ Cuando hay una raíz cuadrada en una situación, ¿es posible formar una ecuación?∘ ¿Cualquier frase afirmativa se puede convertir en una ecuación?∘ ¿Una expresión podría representarse con dos ecuaciones diferentes? ∘ ¿Una ecuación está relacionada únicamente con una sola situación? ]]></texto>
    </pregunta>
    <pregunta>
      <enunciado><![CDATA[Identifica cuáles de las siguientes igualdades son identidades y cuáles no. En caso de no ser identidad, verifica numéricamente para algún valor que, en efecto, la igualdad no es una identidad.]]></enunciado>
      <explicacion />
      <nivel><![CDATA[1]]></nivel>
      <tipo />
      <imagen />
      <ampliacion />
      <texto><![CDATA[       ∘ 3{{cur}}x{{normal}} - 2 = 3({{cur}}x{{normal}} + 1) - 5       ∘ 2({{cur}}x{{normal}} - 2) - 1 = 2{{cur}}x{{normal}} - 1       ∘ 4 - 2{{cur}}x{{normal}} = 2{{cur}}x{{normal}} - 4]]></texto>
    </pregunta>
  </preguntas>
</motor>