﻿<?xml version="1.0" encoding="UTF-8"?>
<?xml-stylesheet href="cuadernoestudio/dtd/libro.xslt" type="text/xsl"?>
<!--Arbortext, Inc., 1988-2015, v.4002-->
<!DOCTYPE libro SYSTEM "cuadernoestudio/dtd/libro.dtd">
<libro id="MA_10_03_CO">
<libroTitulo>Las funciones trigonométricas</libroTitulo>
<seccion1 id="S1_MA_10_03_CO_82ECD24568F64619B763819C26B2DF99">
<seccion1Titulo>Las funciones trigonométricas y sus recíprocas</seccion1Titulo>
<seccion1Texto>
<p>La trigonometría tiene aplicación en diferentes disciplinas del
conocimiento tan diversas como la óptica, la astronomía, la arquitectura,
la ingeniería, la geología, entre muchas más; y nace del análisis
de triángulos rectángulos, pero se extiende a un tipo especial de
funciones: las funciones trigonométricas.  </p>
<p>Las funciones trigonométricas son la extensión de las <negrita
>razones trigonométricas</negrita> a todos los números reales que
permiten el uso de herramientas características de las funciones,
para el análisis de problemas en contextos particulares. </p>
<imagen src="MA_10_03_CO_IMG01_small.jpg">
<p>La rama de la física que se encarga de estudiar el sonido se denomina
acústica. Las ondas acústicas son modeladas con funciones trigonométricas. </p>
</imagen>
<recuerda><recuerdaTexto>
<p>Las razones trigonométricas seno, coseno y tangente en un triángulo
rectángulo se definen como:</p>
<formula alineacion="centrada" src="MA_10_03_086.gif"></formula>
<formula alineacion="centrada" src="MA_10_03_087.gif"></formula>
<formula alineacion="centrada" src="MA_10_03_088.gif"></formula>
</recuerdaTexto></recuerda><profundiza>
<enlace
destino="/LoIdRedirect.aspx?LoId=MA_10_03_CO_Recurso010&amp;IdRecurso=RES-ED72C76173F541BBB4EC3B069555DAA2"
>Construcción de las funciones trigonométricas y sus recíprocas</enlace>
</profundiza><seccion2
id="S2_MA_10_03_CO_7473A3CE4C6C41F296A30FE2E112E6E4">
<seccion2Titulo>Las funciones trigonométricas</seccion2Titulo>
<seccion2Texto>
<p>Para definir las funciones trigonométricas de un ángulo α (alpha)
partimos de la circunferencia unitaria, donde el ángulo está en posición
estándar, es decir, su lado inicial coincide con el eje <cursiva>X</cursiva
> y sobre el círculo unitario identificamos un único punto <cursiva
>P</cursiva> (<cursiva>x, y</cursiva>) que identifica al ∡α, como
se observa en la siguiente gráfica. </p>
<imagen src="MA_10_03_CO_IMG02_small.jpg">
<p>Para cualquier ángulo α existe un único punto <cursiva>P</cursiva
> (<cursiva>x, y</cursiva>) sobre la circunferencia unitaria que lo
caracteriza.</p>
</imagen>
<p>El triángulo rectángulo <cursiva>APC</cursiva> tiene dimensiones:</p>
<listaSinNumerar>
<listaElemento><negrita>Base</negrita>: <cursiva>x</cursiva></listaElemento>
<listaElemento><negrita>Altura</negrita>: <cursiva>y</cursiva></listaElemento>
<listaElemento>Al tratarse de una circunferencia unitaria tiene como <negrita
>hipotenusa</negrita> la unidad, que es el mismo <negrita>radio</negrita
>, es decir, 1.</listaElemento>
</listaSinNumerar>
<p>Al encontrar las razones trigonométricas del ∡α para el Δ<cursiva
>APC</cursiva> tenemos:</p>
<formula alineacion="centrada" src="MA_10_03_089.gif"></formula>
<p>Las definiciones de seno, coseno y tangente como coordenadas del
punto que identifica un ∡α son válidas para cualquier ángulo y no
solo para los ángulos agudos o positivos.</p>
<destacado><destacadoTitulo>Los signos de las funciones trigonométricas</destacadoTitulo>
<destacadoTexto>
<p>Los signos de las coordenadas de un punto <cursiva>P</cursiva> sobre
la circunferencia unitaria varían dependiendo del cuadrante en que
se encuentre. Así, los signos de las funciones seno, coseno y tangente
de un ángulo, definidos como las coordenadas de este, cambian de signo
de acuerdo con el cuadrante en el que se encuentre.</p>
</destacadoTexto></destacado>
<p>Teniendo en cuenta la relación que encontramos anteriormente podemos
concluir que el signo de sen α corresponde al de la ordenada; el signo
de la abscisa al de cos α; y el signo de tan α corresponde al respectivo
cociente entre la ordenada y la abscisa.</p>
<imagen src="MA_10_03_CO_IMG03_small.jpg">
<p>El <negrita>signo de las funciones trigonométricas</negrita> depende
del cuadrante en el que se ubique el punto <cursiva>P</cursiva> que
determina el ángulo α.</p>
</imagen>
<p>Así, para determinar los signos de las funciones trigonométricas
de un ángulo en específico, por ejemplo, para hallar el signo de sen
120°, cos 230° y tan 330°, debemos:</p>
<p>1.	Representar gráficamente los ángulos en la circunferencia unitaria. </p>
<imagen src="MA_10_03_CO_IMG04_small.jpg">
<p>La representación gráfica de los ángulos en la circunferencia unitaria
indica en qué cuadrante se halla cada uno de ellos.</p>
</imagen>
<p>2.	Observar los signos, de la ordenada para sen 120°, de la abscisa
para cos 230° y el respectivo cociente para tan 330°, con lo que podemos
determinar que:</p>
<listaSinNumerar>
<listaElemento>Como el ángulo 120° se encuentra en el II cuadrante,
el seno es positivo.</listaElemento>
<listaElemento>Como el ángulo 230° se encuentra en el III cuadrante,
el coseno es negativo.</listaElemento>
<listaElemento>Como el ángulo 330° se encuentra en el IV cuadrante,
la tangente es el resultado del cociente entre la ordenada (negativa)
y la abscisa (positiva), es decir, la tangente es negativa.  </listaElemento>
</listaSinNumerar>
<p>También es posible determinar el signo de una función trigonométrica
si se conocen las coordenadas del punto <cursiva>P</cursiva>. Por
ejemplo, el punto de intersección de la circunferencia unitaria con
un ángulo en posición normal cuya medida es</p>
<formula alineacion="izquierda" src="MA_10_03_090.gif"></formula>
<p>Como la coordenada en <cursiva>x</cursiva> es negativa entonces
el seno del ángulo α es positivo, el coseno del ángulo α es negativo
y la tangente del ángulo α es negativa.</p>
<p>Tomando como punto de partida las características básicas de las
funciones trigonométricas podemos hacer una aproximación a la construcción
general de las funciones, analizando particularidades como su dominio,
rango, periodo, sus intervalos de crecimiento y decrecimiento, signo,
etc. </p>
<seccion3 id="S3_MA_10_03_CO_7473A3CE4C6C41F296A30FE2E1123355">
<seccion3Titulo>La función seno</seccion3Titulo>
<seccion3Texto>
<p>Como ya se ha mencionado, la imagen de un número real <cursiva
>x</cursiva> mediante cualquier función trigonométrica es el mismo
valor de su correspondiente razón trigonométrica (si existe para ese
valor) para un ángulo de <cursiva>x</cursiva> radianes. En el caso
de la función seno, la podemos definir de la siguiente manera.</p>
<destacado><destacadoTitulo>La función seno</destacadoTitulo>
<destacadoTexto>
<p>Se define la <negrita>función seno </negrita>como <cursiva>f</cursiva
>(<cursiva>x</cursiva>) = sen <cursiva>x</cursiva> o <cursiva>y</cursiva
> = sen <cursiva>x</cursiva>, siendo <cursiva>x</cursiva> un número
real, como el valor correspondiente a la ordenada del punto <cursiva
>P</cursiva> sobre la circunferencia unitaria que identifica el ángulo <cursiva
>x</cursiva> medido en radianes.</p>
</destacadoTexto></destacado><recuerda><recuerdaTexto>
<p>Para hallar la equivalencia entre la medida de un ángulo dado en
grados sexagesimales (°) y su medida en radianes (rad) se establece
la equivalencia:  </p>
<p centrado="si">180 ° = π rad</p>
</recuerdaTexto></recuerda>
<p>Por ejemplo, sen 2 rad equivale a calcular la ordenada del punto <cursiva
>P</cursiva> que identifica un ángulo de 2 radianes.   </p>
<p>Para hacerlo más claro, se tiene que: </p>
<p centrado="si">2 rad ≈ 114,6 ° </p>
<p>Por lo tanto, el valor de sen 2 rad es el valor de la ordenada
del punto <cursiva>P</cursiva> como se muestra en la siguiente imagen.</p>
<imagen src="MA_10_03_CO_IMG05_small.jpg">
<p>Expresar 2 rad en grados sexagesimales nos permite construir la
representación gráfica de sen 2 rad.</p>
</imagen>
<p>Para hallar el valor numérico de sen 2 rad se utiliza la calculadora
en modo rad, de donde se obtiene que:   </p>
<p centrado="si">sen 2 ≈ 0,9092</p>
<recuerda><recuerdaTexto>
<p>Para hacer cálculos numéricos de funciones trigonométricas en la
calculadora debes tener en cuenta que </p>
<listaSinNumerar>
<listaElemento>Si usas radianes, la calculadora debe estar configurada
para calcular esta unidad, es decir, en modo <cursiva>Radianes</cursiva
>, que por lo general aparece como <cursiva>RAD</cursiva> o con la
letra <cursiva>R</cursiva>.</listaElemento>
<listaElemento>Si usas grados sexagesimales, la calculadora debe estar
en modo <cursiva>Degrees</cursiva>, que en general está representado
por una letra <cursiva>D</cursiva> o <cursiva>DEG</cursiva> en la
parte superior de la pantalla.</listaElemento>
</listaSinNumerar>
</recuerdaTexto></recuerda>
<p>Una ventaja adicional de definir las funciones trigonométricas
a partir de la circunferencia unitaria es la relación directa que
hay entre el valor de α y la longitud de arco que describe α como
ángulo.  Observa que la medida de α en radianes cumple, por definición,
la siguiente relación: </p>
<formula alineacion="centrada" src="MA_10_03_004.gif"></formula>
<p>Donde <cursiva>s</cursiva> es la longitud del arco sobre la circunferencia
y <cursiva>r</cursiva> es igual al radio. </p>
<imagen src="MA_10_03_CO_IMG06_small.jpg">
<p>Representación gráfica de la relación entre el arco de circunferencia
unitaria y el ∡α que lo determina.</p>
</imagen>
<p>Como estamos trabajando sobre la circunferencia unitaria, su radio
es <cursiva>r</cursiva> = 1, lo que nos lleva a tener: </p>
<formula alineacion="centrada" src="MA_10_03_005.gif"></formula>
<p>Es decir, que el valor de α para la función sen α equivale a la
longitud del arco sobre la circunferencia unitaria, que genera el
ángulo de α radianes.  </p>
<p>Teniendo en cuenta los razonamientos anteriores podemos identificar
algunas propiedades del gráfico de la función seno.</p>
<listaSinNumerar>
<listaElemento>La función <cursiva>f</cursiva>(<cursiva>x</cursiva
>) = sen <cursiva>x</cursiva> tiene como <negrita>dominio</negrita
> todos los números reales dado que se puede calcular para cualquier
valor que adquiera el ∡α, sin restricciones.</listaElemento>
<listaElemento>Los valores que toma la función <cursiva>f</cursiva
>(<cursiva>x</cursiva>) = sen <cursiva>x</cursiva>, es decir, el <negrita
>rango</negrita>, se encuentran entre –1 y 1, ya que está representado
por la componente <cursiva>y</cursiva> o altura del triángulo rectángulo
que cualquier ∡α determine sobre la circunferencia unitaria.</listaElemento>
<listaElemento>Dado que la función <cursiva>f</cursiva>(<cursiva>x</cursiva
>) = sen <cursiva>x</cursiva> toma el mismo valor cada “giro”, es
decir, que la función toma el mismo  valor para α y para α + 2π puesto
que el punto que identifica estos dos ángulos es el mismo, podemos
deducir que es una <negrita>función periódica</negrita> con un periodo
de 2π. </listaElemento>
</listaSinNumerar>
<p>Por otra parte, al evaluar la función <cursiva>f</cursiva>(<cursiva
>x</cursiva>) = sen <cursiva>x</cursiva> para varios valores de α
tenemos que:</p>
<imagen src="MA_10_03_CO_IMG47_small.jpg">
<p>Valores de la función sen <cursiva>x</cursiva> para ángulos en
grados y en radianes.</p>
</imagen>
<p>A partir de la tabla y teniendo en cuenta las características que
se han estudiado, podemos hacer un bosquejo de la gráfica de la función <cursiva
>f</cursiva>(<cursiva>x</cursiva>) = sen <cursiva>x </cursiva>  <enlace
destino="https://www.geogebra.org/m/favB7TTW?doneurl=%2Fsearch%2Fperform%2Fsearch%2Ffunci%25C3%25B3n%2Bseno%2Fmaterials%2F"
> [VER]</enlace>.</p>
<imagen src="MA_10_03_CO_IMG07_small.jpg">
<p>Esquema general de la función seno en el intervalo [0, 2π].  </p>
</imagen>
<p>Como <cursiva>f</cursiva>(<cursiva>x</cursiva>) = sen <cursiva
>x</cursiva>  es periódica con periodo de 2π, y con base en la gráfica
obtenida para sen α, con 0 ≤  α ≤ 2π, podemos inferir que el gráfico
de <cursiva>f</cursiva>(<cursiva>x</cursiva>) = sen <cursiva>x</cursiva
> es como se muestra en la siguiente imagen.</p>
<imagen src="MA_10_03_CO_IMG08_small.jpg">
<p>Gráfico de la función <cursiva>y</cursiva> = sen α teniendo en
cuenta que su dominio son todos los números reales y su periodo es
2π.</p>
</imagen>
<p>Para analizar la gráfica de la función sen α puedes interactuar
con el siguiente link <enlace
destino="https://www.geogebra.org/student/m15858">[VER]</enlace>;
allí, moviendo el punto <cursiva>P</cursiva> puedes observar los diferentes
valores que la función adquiere en todo su dominio. </p>
<recuerda><recuerdaTexto>
<p>La función <cursiva>y</cursiva> = sen α cumple con las siguientes
características:</p>
<listaSinNumerar>
<listaElemento>El <negrita>dominio</negrita> es el conjunto de todos
los números reales.</listaElemento>
<listaElemento>El <negrita>rango</negrita> es el intervalo [–1, 1],
es decir, –1 &lt; sen α &lt; 1.</listaElemento>
<listaElemento>La <negrita>amplitud</negrita> es 1.</listaElemento>
<listaElemento>El <negrita>periodo</negrita> es 2π.</listaElemento>
<listaElemento>Los <negrita>puntos de corte</negrita> con el eje <cursiva
>X</cursiva> suceden en <cursiva>n</cursiva>π, para <cursiva>n</cursiva
> ∈ ℤ. </listaElemento>
<listaElemento>Es continua en todo su dominio.</listaElemento>
<listaElemento>Es simétrica con respecto al origen.</listaElemento>
<listaElemento>Es creciente es (0, π/2) y (3π/2, 2π) y decreciente
en (π/2, 3π/2).</listaElemento>
</listaSinNumerar>
</recuerdaTexto></recuerda>
<p>Como ya se ha estudiado, el signo de la función seno depende del
cuadrante en el que se ubique el ángulo. Para la función seno se resumen
de la siguiente manera:</p>
<table border="1" cellpadding="5" cellspacing="0"><caption>Signo de
la función <cursiva>f</cursiva>(<cursiva>x</cursiva>) = sen <cursiva
>x</cursiva></caption><colgroup align="center"><col align="left"/><col/>
<col/><col/><col/></colgroup>
<tbody>
<tr>
<td><negrita>Cuadrante</negrita></td>
<td>I</td>
<td>II</td>
<td>III</td>
<td>IV</td>
</tr>
<tr>
<td><negrita>Signo <cursiva>f</cursiva>(<cursiva>x</cursiva>) = sen <cursiva
>x</cursiva></negrita></td>
<td>+</td>
<td>+</td>
<td>–</td>
<td>–</td>
</tr>
</tbody>
</table>
</seccion3Texto></seccion3><seccion3
id="S3_MA_10_03_CO_7473A3CE4C6C41F296A30FE2E1124466">
<seccion3Titulo>La función coseno</seccion3Titulo>
<seccion3Texto>
<p>La función coseno se determina a partir de la circunferencia unitaria
teniendo en cuenta que la función <cursiva>y</cursiva> = cos α  se
define como el valor de la abscisa del punto <cursiva>P</cursiva> (sobre
la circunferencia unitaria) al que corresponde un ángulo de α radianes. </p>
<destacado><destacadoTitulo>La función coseno</destacadoTitulo>
<destacadoTexto>
<p>La <negrita>función coseno</negrita> se define como <cursiva>f</cursiva
>(<cursiva>x</cursiva>) = cos <cursiva>x</cursiva> o <cursiva>y</cursiva
> = cos <cursiva>x</cursiva></p>
<p>Esta función asocia a cada número real <cursiva>x</cursiva>, el
valor del coseno de <cursiva>x</cursiva> (si existe), siendo <cursiva
>x</cursiva> un ángulo cuya medida está en radianes.</p>
</destacadoTexto></destacado>
<imagen src="MA_10_03_CO_IMG09_small.jpg">
<p>Representación en la circunferencia unitaria de cos α.</p>
</imagen>
<p>De acuerdo con lo que podemos deducir de la gráfica, la función <cursiva
>y</cursiva> = cos α y los valores que puede tomar cumplen con las
siguientes características.</p>
<listaSinNumerar>
<listaElemento>La función coseno tiene como <negrita>dominio</negrita
> todos los números reales ℝ.</listaElemento>
<listaElemento>Los valores que toma la función están entre –1 y 1,
dado que los valores son coordenadas de puntos sobre la circunferencia
unitaria.</listaElemento>
<listaElemento>La función toma el mismo valor cada “giro”, es decir,
la función toma el mismo valor para α y para α + 2π, dado que el punto
que identifica estos dos ángulos es el mismo sobre la circunferencia
unitaria; por lo tanto, la función coseno tiene periodo 2π. </listaElemento>
</listaSinNumerar>
<p>En la siguiente tabla se resumen los signos de la función coseno
dependiendo del cuadrante en el cual se encuentre el ángulo.</p>
<table border="1" cellpadding="5" cellspacing="0"><caption>Signo de
la función <cursiva>f</cursiva>(<cursiva>x</cursiva>) = cos <cursiva
>x</cursiva></caption><colgroup align="center"><col align="left"/><col/>
<col/><col/><col/></colgroup>
<tbody>
<tr>
<td><negrita>Cuadrante</negrita></td>
<td>I</td>
<td>II</td>
<td>III</td>
<td>IV</td>
</tr>
<tr>
<td><negrita>Signo <cursiva>f</cursiva>(<cursiva>x</cursiva>) = cos <cursiva
>x</cursiva></negrita></td>
<td>+</td>
<td>–</td>
<td>–</td>
<td>+</td>
</tr>
</tbody>
</table>
<p>La función <cursiva>f</cursiva>(<cursiva>x</cursiva>) = cos <cursiva
>x</cursiva> cumple con características similares a las de la función <cursiva
>f</cursiva>(<cursiva>x</cursiva>) = sen <cursiva>x</cursiva>. Algunos
puntos que pertenecen a la gráfica, se presentan en la siguiente tabla.</p>
<imagen src="MA_10_03_CO_IMG48_small.jpg">
<p>Valores de la función coseno para ángulos expresados en grados
y en radianes.</p>
</imagen>
<recuerda><recuerdaTexto>
<p>Los ángulos π/6, π/3 y π/4 son ángulos notables, por lo que podemos
calcular fácilmente los valores de las razones trigonométricas seno
y coseno, valores con los que, teniendo en cuenta el cuadrante en
el que se encuentra el ángulo α, se obtienen los valores que muestran
la tabla anterior.</p>
</recuerdaTexto></recuerda>
<p>Con los datos que hemos recolectado sobre la función coseno podemos
generar un primer bosquejo de su gráfica. Observa. </p>
<imagen src="MA_10_03_CO_IMG10_small.jpg">
<p>Función <cursiva>y</cursiva> = cos α en el intervalo [0, 2π]. </p>
</imagen>
<p>Dado que es una función periódica, podemos extender el gráfico
de la función a su dominio completo: todos los reales.</p>
<imagen src="MA_10_03_CO_IMG11_small.jpg">
<p>Gráfico de la función <cursiva>y</cursiva> = cos α teniendo en
cuenta que su dominio son todos los números reales y su periodo es
2π.</p>
</imagen>
<p>Para analizar la construcción de la función <cursiva>y</cursiva
> = cos α puedes visitar el link <enlace
destino="https://www.geogebra.org/m/dpqu7MAN?doneurl=%2Fsearch%2Fperform%2Fsearch%2Ffunci%25C3%25B3n%2Bcoseno%2Fmaterials%2F"
>[VER]</enlace>, donde moviendo el punto <cursiva>P</cursiva> puedes
observar su comportamiento. </p>
<recuerda><recuerdaTexto>
<p>La función <cursiva>y</cursiva> = cos α cumple con las siguientes
características:</p>
<listaSinNumerar>
<listaElemento>El <negrita>dominio</negrita> es el conjunto de todos
los números reales.</listaElemento>
<listaElemento>El <negrita>rango</negrita> es el intervalo [–1, 1],
es decir, –1 &lt; cos α &lt; 1.</listaElemento>
<listaElemento>La <negrita>amplitud</negrita> es 1.</listaElemento>
<listaElemento>El <negrita>periodo</negrita> es 2π</listaElemento>
<listaElemento>Los <negrita>puntos de corte</negrita> con el eje <cursiva
>X</cursiva> suceden en:<formula alineacion="centrada"
src="MA_10_03_026.gif"></formula><p>para <cursiva>n</cursiva> ∈ ℤ.</p
></listaElemento>
<listaElemento>Es una función simétrica respecto al eje <cursiva>Y</cursiva
>.</listaElemento>
<listaElemento>Es decreciente en los intervalos (0, π/2) y (π/2, π).</listaElemento>
<listaElemento>Es creciente en los intervalos (π, 3 π/2) y (3π/2,
2π).</listaElemento>
<listaElemento>Es una función continua.</listaElemento>
</listaSinNumerar>
</recuerdaTexto></recuerda></seccion3Texto></seccion3><seccion3
id="S3_MA_10_03_CO_7473A3CE4C6C41F296A30FE2E1125577">
<seccion3Titulo>La función tangente</seccion3Titulo>
<seccion3Texto>
<p>Para definir la función <cursiva>y</cursiva> = tan α es importante
considerar que:</p>
<formula alineacion="centrada" src="MA_10_03_027.gif"></formula>
<p>En términos generales la función tangente se define así.</p>
<destacado><destacadoTitulo>La función tangente</destacadoTitulo>
<destacadoTexto>
<p>Se define <negrita><cursiva>f</cursiva>(<cursiva>x</cursiva>) =
tan <cursiva>x</cursiva></negrita> o <negrita><cursiva>y</cursiva
> = tan <cursiva>x</cursiva></negrita> como la función que asocia
a cada número <cursiva>x</cursiva>, el valor de la tangente del ángulo <cursiva
>x</cursiva> (si existe) medido en radianes.</p>
</destacadoTexto></destacado>
<p>Al determinar la función tangente en función del seno y el coseno
del mismo ángulo debemos tener presente la indeterminación para cos
α = 0; al observar la gráfica de la función <cursiva>y</cursiva> =
cos α  se observa que los valores en los que la función es igual a
cero, es decir, sus puntos de corte con el eje <cursiva>X</cursiva
>,  son cuando el ángulo α toma los valores: </p>
<formula alineacion="centrada" src="MA_10_03_028.gif"></formula>
<p>En general, podemos decir que cos α = 0 cuando:</p>
<formula alineacion="centrada" src="MA_10_03_091.gif"></formula>
<p>Dado que para estos valores la función tangente no está definida,
podemos afirmar que en dichos puntos la función <cursiva>y</cursiva
> = tan α presenta asíntotas verticales. </p>
<p>Para construir la gráfica de la función tangente es necesario analizar
su comportamiento al tomar valores cercanos a las asíntotas; para
ello, hallaremos algunos valores para el ángulo α utilizando la calculadora. </p>
<p>Ten en cuenta el signo de la función tangente según el cuadrante
donde se encuentre el ángulo.</p>
<table border="1" cellpadding="5" cellspacing="0"><caption>Signo de
la función <cursiva>f</cursiva>(<cursiva>x</cursiva>) = tan <cursiva
>x</cursiva></caption><colgroup align="center"><col align="left"/><col/>
<col/><col/><col/></colgroup>
<tbody>
<tr>
<td><negrita>Cuadrante</negrita></td>
<td>I</td>
<td>II</td>
<td>III</td>
<td>IV</td>
</tr>
<tr>
<td><negrita>Signo <cursiva>f</cursiva>(<cursiva>x</cursiva>) = tan <cursiva
>x</cursiva></negrita></td>
<td>+</td>
<td>–</td>
<td>+</td>
<td>–</td>
</tr>
</tbody>
</table>
<imagen src="MA_10_03_CO_IMG49_small.jpg">
<p>Valores en grados y en radianes de la función <cursiva>f</cursiva
>(<cursiva>x</cursiva>) = tan <cursiva>x</cursiva>.</p>
</imagen>
<p>Una aproximación de la gráfica para <cursiva>y</cursiva> = tan
α es: </p>
<imagen src="MA_10_03_CO_IMG12_small.jpg">
<p>Bosquejo de la gráfica de la función <cursiva>y</cursiva> = tan
α en el intervalo [0, 2π]. </p>
</imagen>
<p>Al observar el bosquejo de la gráfica podemos determinar algunas
de las características que la función <cursiva>y</cursiva> = tan α
cumple. </p>
<listaSinNumerar>
<listaElemento>El dominio está definido para todos los valores α que
pertenecen al conjunto de los números reales, sin incluir aquellos
de la forma: <formula alineacion="centrada" src="MA_10_03_091.gif">
</formula></listaElemento>
<listaElemento>El rango son los números reales.</listaElemento>
<listaElemento>Los valores donde se interseca <cursiva>y</cursiva
> = tan α con el eje <cursiva>X</cursiva>, es decir, los ceros de
la función, son los mismos de la función seno: α = 0,  α = π, α =
2π,…, α = <cursiva>n </cursiva> ∙ π, para <cursiva>n</cursiva> ∈ ℤ.</listaElemento>
<listaElemento>La función <cursiva>y</cursiva> = tan α es periódica,
con periodo π.</listaElemento>
<listaElemento>La función no posee puntos máximos ni mínimos.</listaElemento>
</listaSinNumerar>
<p>Así, al construir la gráfica de la función <cursiva>y</cursiva
> = tan α en todo su dominio tenemos: </p>
<imagen src="MA_10_03_CO_IMG13_small.jpg">
<p>Representación gráfica de la función <cursiva>y</cursiva> = tan
α teniendo en cuenta su dominio. </p>
</imagen>
<p>Analiza la relación que hay entre las funciones trigonométricas <cursiva
>f</cursiva>(<cursiva>x</cursiva>) = sen α, <cursiva>f</cursiva>(<cursiva
>x</cursiva>) cos α y <cursiva>f</cursiva>(<cursiva>x</cursiva>) tan
α observando sus comportamientos en el siguiente link <enlace
destino="https://www.geogebra.org/m/upkH6BAv?doneurl=%2Fsearch%2Fperform%2Fsearch%2Fconstrucci%25C3%25B3n%2Bfunci%25C3%25B3n%2Btangente%2Fmaterials%2F"
>[VER]</enlace>. </p>
<practica>
<enlace
destino="/LoIdRedirect.aspx?LoId=MA_10_03_CO_Recurso030&amp;IdRecurso=RES-C460F38391AA46438492A60B58C06E33"
>Caracteriza las funciones trigonométricas seno, coseno y tangente</enlace>
</practica></seccion3Texto></seccion3></seccion2Texto></seccion2>
<seccion2 id="S2_MA_10_03_CO_7473A3CE4C6C41F296A30FE2E1126644">
<seccion2Titulo>Las funciones trigonométricas recíprocas</seccion2Titulo>
<seccion2Texto>
<p>La función recíproca <cursiva>g</cursiva>(<cursiva>x</cursiva>)
de una función <cursiva>f</cursiva>(<cursiva>x</cursiva>) cumple que: </p>
<formula alineacion="centrada" src="MA_10_03_031.gif"></formula>
<p>Así, el producto entre la función y su recíproca es el elemento
neutro de la multiplicación, es decir, 1.   </p>
<p>La función recíproca se puede definir como:</p>
<formula alineacion="centrada" src="MA_10_03_032.gif"></formula>
<p>Ya que: </p>
<formula alineacion="centrada" src="MA_10_03_033.gif"></formula>
<p>Para las funciones trigonométricas también se determinan funciones
recíprocas, de tal manera que cumplen con la anterior definición;
sin embargo, se debe analizar características básicas como su dominio,
rango, periodo, sus asíntotas, etc. </p>
<recuerda><recuerdaTexto>
<p><cursiva>g</cursiva>(<cursiva>x</cursiva>) es la función recíproca
de <cursiva>f</cursiva>(<cursiva>x</cursiva>) si y solo si:</p>
<formula alineacion="centrada" src="MA_10_03_034.gif"></formula>
</recuerdaTexto></recuerda><seccion3
id="S3_MA_10_03_CO_7473A3CE4C6C41F296A30FE2E1127799">
<seccion3Titulo>La función cotangente</seccion3Titulo>
<seccion3Texto>
<p>Al determinar la función <cursiva>y</cursiva> = cot α como la función
trigonométrica recíproca de la función <cursiva>y</cursiva> = tan
α, es importante tener en cuenta que: </p>
<formula alineacion="centrada" src="MA_10_03_035.gif"></formula>
<formula alineacion="centrada" src="MA_10_03_036.gif"></formula>
<p>Ya que el dominio de la función <cursiva>y</cursiva> = cot α tiene
restricciones en los valores donde tan α = 0</p>
<destacado><destacadoTitulo>La función cotangente</destacadoTitulo>
<destacadoTexto>
<p>La función <negrita><cursiva>f</cursiva>(<cursiva>x</cursiva>)
= cot <cursiva>x</cursiva></negrita> o <negrita><cursiva>y</cursiva
> = cot <cursiva>x</cursiva></negrita> asocia a cada número real <cursiva
>x</cursiva>, el valor de la cotangente del ángulo <cursiva>x</cursiva
>, medido en radianes teniendo en cuenta las restricciones.</p>
</destacadoTexto></destacado>
<p>Al identificar la función <cursiva>y</cursiva> = cot α como:</p>
<formula alineacion="centrada" src="MA_10_03_040.gif"></formula>
<p>se puede iniciar su análisis.</p>
<p>La función cotangente es indeterminada para los puntos donde sen
α = 0, es decir, para valores de α = <cursiva>n</cursiva> ∙ π con un número entero; así que en estos valores, la función <cursiva>y</cursiva
> = cot α tiene asíntotas verticales.   </p>
<p>Teniendo en cuenta la relación de la función cotangente con el
coseno y el seno del ángulo α, podemos construir un bosquejo de la
gráfica. Observa. </p>
<imagen src="MA_10_03_CO_IMG14_small.jpg">
<p>Bosquejo de la gráfica de la función <cursiva>y</cursiva> = cot
α en el intervalo [0, 2π]. </p>
</imagen>
<p>Al analizar la gráfica de la función <cursiva>y</cursiva> = cot
α en el intervalo [0, 2π] podemos deducir que cumple con las siguientes
características.</p>
<listaSinNumerar>
<listaElemento>El dominio corresponde a todos los números reales,
excepto a los valores de la forma <cursiva>n</cursiva>π, con ∙<cursiva
>n</cursiva> ∈ ℤ.</listaElemento>
<listaElemento>El rango es el conjunto de los números reales.</listaElemento>
<listaElemento>Los puntos de corte de la gráfica con el eje <cursiva
>X</cursiva> corresponden a los valores en los que cos α = 0.</listaElemento>
<listaElemento>No interseca al eje Y.</listaElemento>
<listaElemento>Tiene periodo igual a π.</listaElemento>
<listaElemento>No posee valores máximos ni mínimos.</listaElemento>
<listaElemento>Es decreciente en todo su dominio.</listaElemento>
<listaElemento>Tiene asíntotas en los puntos que corresponde a ángulos
cuya medida es de forma <cursiva>n</cursiva> ∙ π</listaElemento>
<listaElemento>Es simétrica respecto al origen.</listaElemento>
</listaSinNumerar>
<p>Al construir la gráfica de la función cotangente para todo su dominio
se tiene: </p>
<imagen src="MA_10_03_CO_IMG15_small.jpg">
<p>Gráfica de la función y = cot α teniendo en cuenta su dominio,
rango, sus asíntotas y su periodo. </p>
</imagen>
<p>Para analizar con mayor profundidad la función cotangente y su
construcción puedes visitar el link <enlace
destino="https://www.geogebra.org/m/CxMQK9Ap?doneurl=%2Fsearch%2Fperform"
>[VER]</enlace>. </p>
</seccion3Texto></seccion3><seccion3
id="S3_MA_10_03_CO_7473A3CE4C6C41F296A30FE2E1128800">
<seccion3Titulo>La función secante</seccion3Titulo>
<seccion3Texto>
<p>La función <cursiva>y</cursiva> = sec α se define como la función
recíproca de la función cos α; así, la función secante cumple que: </p>
<formula alineacion="centrada" src="MA_10_03_041.gif"></formula>
<p>Porque: </p>
<formula alineacion="centrada" src="MA_10_03_042.gif"></formula>
<destacado><destacadoTitulo>La función secante</destacadoTitulo>
<destacadoTexto>
<p>La función <negrita><cursiva>f</cursiva>(<cursiva>x</cursiva>)
= sec <cursiva>x</cursiva></negrita> o <negrita><cursiva>y</cursiva
> = sec <cursiva>x</cursiva></negrita> asocia a cada número real <cursiva
>x</cursiva>, el valor de la secante del ángulo <cursiva>x</cursiva
>, medido en radianes teniendo en cuenta las restricciones.</p>
</destacadoTexto></destacado>
<p>El primer análisis que debemos hacer de la función secante son
sus indeterminaciones; esto sucede cuando cos α = 0, es decir, cuando
el ∡α toma valores como: </p>
<formula alineacion="centrada" src="MA_10_03_043.gif"></formula>
<p>Con <cursiva>n</cursiva> ∈ ℤ.   </p>
<p>De esta forma tenemos que el dominio de la función secante son
todos los números reales excepto los que anulan la función coseno,
es decir, aquellos en los cuales cos α = 0. En estos valores encontramos
asíntotas verticales para <cursiva>y</cursiva> = sec α.  </p>
<p>Tomando algunos valores de la función cos α podemos construir un
bosquejo de la gráfica de la función secante. Observa la imagen. </p>
<imagen src="MA_10_03_CO_IMG16_small.jpg">
<p>Bosquejo de la gráfica de la función <cursiva>y</cursiva> = sec
α en relación con la función cos α, en el intervalo [0, 2π]. </p>
</imagen>
<p>Al analizar la gráfica de la función <cursiva>y</cursiva> = sec
α en el intervalo [0, 2π] podemos deducir que cumple con las siguientes
características.</p>
<listaSinNumerar>
<listaElemento>El dominio corresponde a todos los números reales,
excepto los valores donde la función cos α = 0.</listaElemento>
<listaElemento>El rango es el conjunto (–∞, –1] ∪ [1, ∞).</listaElemento>
<listaElemento>No tiene puntos de corte con el eje <cursiva>X</cursiva
> en ningún valor de su dominio.</listaElemento>
<listaElemento>La gráfica interseca al eje <cursiva>Y</cursiva> en
el punto de coordenadas (0, 1).</listaElemento>
<listaElemento>Tiene periodo igual a 2π. </listaElemento>
<listaElemento>La rectas <cursiva>x</cursiva> = π/2 + <cursiva>n</cursiva
> ∙ π son asíntotas verticales.</listaElemento>
<listaElemento>Es simétrica respecto al eje de coordenadas.</listaElemento>
<listaElemento>Es creciente en los intervalos (0, π/2) y (π/2, π)
y decreciente en (π, 3π/2) y   (3π/2, 2π).</listaElemento>
</listaSinNumerar>
<p>Al construir la gráfica de la función secante para todo su dominio
se tiene: </p>
<imagen src="MA_10_03_CO_IMG17_small.jpg">
<p>Gráfica de la función <cursiva>y</cursiva> = sec α teniendo en
cuenta su dominio, rango, sus asíntotas y su periodo. </p>
</imagen>
<p>Para analizar con mayor profundidad la función secante puedes visitar
el link <enlace
destino="https://www.geogebra.org/m/aMkHS28W?doneurl=%2Fsearch%2Fperform%2Fsearch%2Fcoseno%2By%2Bsecante%2Fmaterials%2F%2Fpage%2F1%2Fr%2F0"
>[VER]</enlace>. </p>
</seccion3Texto></seccion3><seccion3
id="S3_MA_10_03_CO_7473A3CE4C6C41F296A30FE2E1129911">
<seccion3Titulo>La función cosecante</seccion3Titulo>
<seccion3Texto>
<p>Al definir la función cosecante (csc) como la función recíproca
de la función seno tenemos:</p>
<formula alineacion="centrada" src="MA_10_03_044.gif"></formula>
<p>Porque al multiplicar la función <cursiva>y</cursiva> = csc α por
la función sen α tenemos:</p>
<formula alineacion="centrada" src="MA_10_03_045.gif"></formula>
<destacado><destacadoTitulo>La función cosecante</destacadoTitulo>
<destacadoTexto>
<p>La función <negrita><cursiva>f</cursiva>(<cursiva>x</cursiva>)
= csc <cursiva>x</cursiva></negrita> o <negrita><cursiva>y</cursiva
> = csc <cursiva>x</cursiva></negrita> asocia a cada número real <cursiva
>x</cursiva>, el valor de la cosecante del ángulo <cursiva>x</cursiva
>, medido en radianes teniendo en cuenta las restricciones.</p>
</destacadoTexto></destacado>
<p>Ahora, para empezar el análisis de la función cosecante debemos
tener en cuenta las indeterminaciones que presenta, es decir, donde
sen α = 0, y para ello debemos descartar de su dominio los valores
para α = 0, ±π, ±2π, ±3π, ±4π,… , <cursiva>n</cursiva>π, para <cursiva
>n</cursiva> entero. En estos valores del ∡α encontramos asíntotas
verticales.   </p>
<p>Teniendo en cuenta las asíntotas, el dominio y algunos valores
que toma la función <cursiva>f</cursiva>(<cursiva>x</cursiva>) = sen <cursiva
>x</cursiva> podemos trazar un bosquejo de la gráfica de la función <cursiva
>f</cursiva>(<cursiva>x</cursiva>) = csc <cursiva>x</cursiva>. Observa. </p>
<imagen src="MA_10_03_CO_IMG18_small.jpg">
<p>Bosquejo de la gráfica de la función <cursiva>y</cursiva> = csc
α en relación con la función sen α, en el intervalo [0, 2π]. </p>
</imagen>
<p>Al analizar la gráfica de la función <cursiva>y</cursiva> = csc
α en el intervalo (0, 2π) podemos deducir que cumple con las siguientes
características.</p>
<listaSinNumerar>
<listaElemento>El dominio corresponde a todos los reales menos los
múltiplos de π.</listaElemento>
<listaElemento>El rango de es el conjunto (–∞, –1] ∪ [1, ∞).</listaElemento>
<listaElemento>No tiene puntos de corte con los ejes <cursiva>X</cursiva
> o <cursiva>Y</cursiva> en ningún valor de su dominio.</listaElemento>
<listaElemento>Es una función periódica cuyo periodo es 2π.</listaElemento>
<listaElemento>Las rectas <cursiva>x</cursiva> = <cursiva>n</cursiva
> ∙ π son asíntotas verticales.</listaElemento>
<listaElemento>Es simétrica respecto al origen.</listaElemento>
<listaElemento>Es creciente en los intervalos (π/2, π) y (π, 3π/2)
y decreciente en (0, π/2) y (3π/2, 2π).</listaElemento>
</listaSinNumerar>
<p>Al construir la gráfica de la función cosecante para todo su dominio
se tiene: </p>
<imagen src="MA_10_03_CO_IMG19_small.jpg">
<p>Gráfica de la función <cursiva>y</cursiva> = csc α teniendo en
cuenta su dominio, rango, sus asíntotas y su periodo. </p>
</imagen>
<p>Para analizar con mayor profundidad la función secante puedes visitar
el link <enlace
destino="https://www.geogebra.org/m/Y3cfGC5Z?doneurl=%2Fsearch%2Fperform%2Fsearch%2Ffunci%25C3%25B3n%2Bcosecante%2Fmaterials%2F%2Fpage%2F3%2Fr%2F0"
>[VER]</enlace>. </p>
<practica>
<enlace
destino="/LoIdRedirect.aspx?LoId=MA_10_03_CO_Recurso040&amp;IdRecurso=RES-A5D17305A84442EE98B274441C462318"
>Determina valores de las funciones trigonométricas</enlace>
<enlace
destino="/LoIdRedirect.aspx?LoId=MA_10_03_CO_Recurso050&amp;IdRecurso=RES-B96BA50CFACB45A19D9C8FDAADF9F42A"
>Analiza gráficas de funciones trigonométricas</enlace>
</practica></seccion3Texto></seccion3></seccion2Texto></seccion2>
<seccion2 id="S2_MA_10_03_CO_7473A3CE4C6C41F296A30FE2E1127755">
<seccion2Titulo>Consolidación</seccion2Titulo>
<seccion2Texto>
<p>Actividades para afianzar lo que has aprendido en esta sección.</p>
<practica>
<enlace
destino="/LoIdRedirect.aspx?LoId=MA_10_03_CO_Recurso060&amp;IdRecurso=RES-6459C907EDAF46F29212CF4CB64B7906"
>Refuerza tu aprendizaje: Las funciones trigonométricas y sus recíprocas</enlace>
</practica></seccion2Texto></seccion2></seccion1Texto></seccion1>
<seccion1 id="S1_MA_10_03_CO_36A3F45CF2064376AF5845DA1C7072C2">
<seccion1Titulo>El análisis de gráficas de funciones trigonométricas</seccion1Titulo>
<seccion1Texto>
<p>Las funciones trigonométricas permiten modelar, entre otras aplicaciones,
el comportamiento de ondas de radio. Sin embargo, estas representaciones
no utilizan directamente las funciones trigonométricas generales,
sino que se aplican transformaciones de estas: traslaciones, reflexiones,
compresiones, alargamientos, cambios en sus periodos, su amplitud
y sus desfases. </p>
<imagen src="MA_10_03_CO_IMG20_small.jpg">
<p>En la imagen se observa la modelación de diferentes ondas de radio
aplicando transformaciones a algunas funciones trigonométricas.  ¿Podrías
identificar las funciones trigonométricas que se utilizaron para modelar
las ondas?</p>
</imagen>
<profundiza>
<enlace
destino="/LoIdRedirect.aspx?LoId=MA_10_03_CO_Recurso070&amp;IdRecurso=RES-BFC42A2DACD545619D958F34198DB2C4"
>Analiza las gráficas de funciones trigonométricas</enlace>
</profundiza><seccion2
id="S2_MA_10_03_CO_5B919FC4EB4547F89F7A5960A1077BC1">
<seccion2Titulo>La traslación de funciones</seccion2Titulo>
<seccion2Texto>
<p>La traslación en términos geométricos se define como el movimiento
de cada punto en una dirección dada y una distancia constante; en
otras palabras, es cambiar de posición una figura u objeto sin que
este cambie de forma, tamaño o dirección con respecto a un punto,
es decir, no rota.  </p>
<p>Se pueden presentar dos diferentes tipos de traslaciones: vertical
y horizontal. Cuando se presentan las dos al mismo tiempo se denomina
traslación oblicua. Sin embargo, en términos generales, siempre se
puede descomponer una traslación en vertical y horizontal. </p>
<imagen src="MA_10_03_CO_IMG21_small.jpg">
<p>La imagen presenta una traslación oblicua que se puede descomponer
en una traslación horizontal y una traslación vertical; por lo tanto,
la imagen no cambia su forma ni su tamaño y tampoco gira. </p>
</imagen>
<p>Las funciones trigonométricas, como cualquier otra función, pueden
presentar traslaciones, e incidir directamente en el dominio o en
el rango. </p>
<seccion3 id="S3_MA_10_03_CO_5B919FC4EB4547F89F7A5960A1071144">
<seccion3Titulo>Las traslaciones verticales </seccion3Titulo>
<seccion3Texto>
<p>Trasladar verticalmente una función equivale a cambiar la altura
de todos los puntos que la componen.  </p>
<p>Analíticamente, podemos trasladarla verticalmente <cursiva>C</cursiva
> unidades una función trigonométrica <cursiva>f</cursiva> (<cursiva
>x</cursiva>), sumando una constante <cursiva>C</cursiva> a la función,
es decir: </p>
<p centrado="si"><cursiva>f</cursiva> (<cursiva>x</cursiva>) + <cursiva
>C</cursiva> </p>
<p>Si el valor <cursiva>C</cursiva> es positivo, el gráfico original
de la función <cursiva>f</cursiva> (<cursiva>x</cursiva>) se traslada
verticalmente hacia arriba;  y si el valor de la constante <cursiva
>C</cursiva> es negativo, el gráfico baja <cursiva>C</cursiva> unidades.
 </p>
<p>Ejemplo </p>
<p>En la siguiente imagen, se muestra la función <cursiva>f</cursiva
>(<cursiva>x</cursiva>) = sen <cursiva>x</cursiva> trasladada verticalmente.</p>
<imagen src="MA_10_03_CO_IMG22_small.jpg">
<p>Representación gráfica de traslaciones verticales de la función
 <cursiva>y</cursiva> = sen <cursiva>x</cursiva> </p>
</imagen>
<p>A partir del gráfico podemos concluir que:</p>
<listaSinNumerar>
<listaElemento>La función <cursiva>y</cursiva>' = sen <cursiva>x</cursiva
> + 1 tiene un desplazamiento o traslación de una unidad hacia arriba
con respecto a la función <cursiva>y</cursiva> = sen <cursiva>x</cursiva
>.</listaElemento>
<listaElemento>La función <cursiva>y</cursiva>'' = sen <cursiva>x</cursiva
> – 1 presenta desplazamiento de una unidad hacia abajo con respecto
a la función <cursiva>y</cursiva> = sen <cursiva>x</cursiva>.</listaElemento>
</listaSinNumerar>
<p>Al analizar las gráficas de las funciones <cursiva>y</cursiva>'
y <cursiva>y</cursiva>'' que representan las traslaciones de la función <cursiva
>y</cursiva> = sen <cursiva>x</cursiva>, podemos deducir que las traslaciones
verticales de una función modifican las segundas componentes (ordenadas)
de la función original y cambian así el rango de la función final.
Por tanto:</p>
<listaSinNumerar>
<listaElemento>La función <cursiva>y</cursiva> = sen <cursiva>x</cursiva
> tiene un rango [–1, 1].</listaElemento>
<listaElemento>La función <cursiva>y</cursiva>' = sen <cursiva>x</cursiva
> + 1 tiene un rango [0, 2].</listaElemento>
<listaElemento>La función <cursiva>y</cursiva>'' = sen <cursiva>x</cursiva
> – 1 tiene un rango [–2, 0].</listaElemento>
</listaSinNumerar>
<p>Mientras que el dominio de las tres funciones se mantiene en ℝ.
 </p>
<p>En general ocurre lo mismo para las demás funciones trigonométricas,
ya que los desplazamientos verticales afectan:</p>
<listaSinNumerar>
<listaElemento>El rango solo de las funciones seno, coseno, secante
y cosecante.</listaElemento>
<listaElemento>Los puntos de corte con el eje <cursiva>X</cursiva
>. </listaElemento>
</listaSinNumerar>
<p>Debes tener en cuenta que los desplazamientos verticales no afectan
el dominio, las asíntotas ni el periodo de las funciones. </p>
<recuerda><recuerdaTexto>
<p>Una traslación vertical de la función <cursiva>f</cursiva> (<cursiva
>x</cursiva>) tiene la forma: </p>
<p centrado="si"><cursiva>f</cursiva> ' (<cursiva>x</cursiva>) = <cursiva
>f</cursiva> (<cursiva>x</cursiva>) + <cursiva>C</cursiva> </p>
<p>Donde <cursiva>C</cursiva> es un elemento del dominio de la función
y cumple que:</p>
<listaSinNumerar>
<listaElemento>Si <cursiva>C</cursiva> > 0, la traslación es hacia
arriba.</listaElemento>
<listaElemento>Si <cursiva>C</cursiva> &lt; 0, la traslación es hacia
abajo. </listaElemento>
<listaElemento>Si <cursiva>C</cursiva> = 0, no hay traslación. </listaElemento>
</listaSinNumerar>
</recuerdaTexto></recuerda></seccion3Texto></seccion3><seccion3
id="S3_MA_10_03_CO_5B919FC4EB4547F89F7A5960A1072255">
<seccion3Titulo>Las traslaciones horizontales</seccion3Titulo>
<seccion3Texto>
<p>Las traslaciones horizontales de una función <cursiva>f</cursiva
> (<cursiva>x</cursiva>) modifican la primera componente (abscisa)
de los puntos que forman el gráfico de esta función; por lo tanto,
una traslación horizontal es, analíticamente, de la forma:</p>
<p centrado="si"><cursiva>f</cursiva> (<cursiva>x </cursiva> + <cursiva
> D</cursiva>) </p>
<p>Donde <cursiva>D</cursiva> es un número real y cumple que:</p>
<listaSinNumerar>
<listaElemento>Si <cursiva>D</cursiva> > 0, la traslación es hacia
la izquierda <cursiva>D</cursiva> unidades.</listaElemento>
<listaElemento>Si <cursiva>D</cursiva> &lt; 0, la traslación es <cursiva
>D</cursiva> unidades hacia la derecha.</listaElemento>
<listaElemento>Si <cursiva>D</cursiva> = 0, no hay traslación.</listaElemento>
</listaSinNumerar>
<p>Ejemplo </p>
<p>En la siguiente gráfica se muestra la función <cursiva>f</cursiva
>(<cursiva>x</cursiva>) = cos <cursiva>x</cursiva> trasladada horizontalmente.</p>
<imagen src="MA_10_03_CO_IMG23_small.jpg">
<p>Representación gráfica del desplazamiento horizontal de la función
 <cursiva>y</cursiva> = sen <cursiva>x</cursiva>, π/6 a la izquierda. </p>
</imagen>
<p>Al analizar la gráfica <cursiva>y</cursiva>' que representa la
traslación de π/6 hacia la izquierda de la función <cursiva>y</cursiva
> = cos <cursiva>x</cursiva>  podemos deducir que las traslaciones
horizontales de una función modifican las primeras componentes (abscisas)
de la función original, lo cual no altera ninguna de sus características
básicas como dominio, rango, periodo, amplitud, etc. Únicamente cambian:</p>
<listaSinNumerar>
<listaElemento>Los puntos de corte con el eje <cursiva>X</cursiva
> en aquellas funciones que los tienen, como seno y coseno.</listaElemento>
<listaElemento>Las asíntotas verticales en las funciones tangente,
cotangente, secante y cosecante. </listaElemento>
</listaSinNumerar>
<recuerda><recuerdaTexto>
<p>Las traslaciones horizontales tienen la forma: </p>
<p centrado="si"><cursiva>f</cursiva> ' (<cursiva>x</cursiva> + <cursiva
>D</cursiva>) </p>
<p>Si el valor <cursiva>D</cursiva> es positivo, el gráfico original
de la función <cursiva>f</cursiva> (<cursiva>x</cursiva>) se traslada
horizontalmente hacia la izquierda; y si el valor de la constante <cursiva
>D</cursiva> es negativo, el gráfico se desplaza <cursiva>D</cursiva
> unidades hacia la derecha.</p>
</recuerdaTexto></recuerda></seccion3Texto></seccion3></seccion2Texto>
</seccion2><seccion2
id="S2_MA_10_03_CO_1CE401E7DDB84392A211114C539BBDBD">
<seccion2Titulo>La reflexión de funciones</seccion2Titulo>
<seccion2Texto>
<p>La reflexión definida geométricamente corresponde a la imagen que
se obtiene de todos los puntos de una figura a través de un movimiento
rígido equidistante con respecto a una recta denominada eje de reflexión,
es decir, que cada punto de la figura y su imagen mantienen igual
distancia con respecto al eje de reflexión, y que la figura original
no cambia de forma ni de tamaño.   </p>
<p>Es común que la primera imagen que se asocie a la reflexión geométrica
sea el efecto que causa un espejo; el espejo es el eje de reflexión,
pues cumple con la definición antes expuesta. </p>
<imagen ampliable="no" src="MA_10_03_CO_IMG24_small.jpg">
<p>El espejo se denomina el eje de reflexión y todos los puntos de
la imagen original, así como los de la imagen resultante equidistan
del eje entre sí.</p>
</imagen>
<p>Analíticamente podemos representar las reflexiones de la función <cursiva
>f</cursiva> (<cursiva>x</cursiva>) con respecto a los ejes como:</p>
<listaSinNumerar>
<listaElemento>Reflexión de <cursiva>f</cursiva> (<cursiva>x</cursiva
>) con respecto al eje <cursiva>X</cursiva>:<p centrado="si"> <cursiva
>f</cursiva> ' (<cursiva>x</cursiva>) = <cursiva>f</cursiva> (– <cursiva
>x</cursiva>)</p></listaElemento>
<listaElemento>Reflexión de <cursiva>f</cursiva> (<cursiva>x</cursiva
>) con respecto al eje <cursiva>Y</cursiva>: <p centrado="si"><cursiva
>f</cursiva> ' (<cursiva>x</cursiva>) = – <cursiva>f</cursiva> (<cursiva
>x</cursiva>)</p> </listaElemento>
</listaSinNumerar>
<p>Observa la reflexión de la función <cursiva>y</cursiva> = tan <cursiva
>x</cursiva> con respecto al eje <cursiva>Y</cursiva>. </p>
<imagen src="MA_10_03_CO_IMG25_small.jpg">
<p>Representación gráfica de la reflexión de la función tangente con
respecto al eje Y. </p>
</imagen>
<p>Al analizar la gráfica de <cursiva>y</cursiva> = tan <cursiva>x</cursiva
> y su reflexión con respecto al eje <cursiva>Y</cursiva> podemos
observar que sus características básicas como dominio, rango, periodo
y asíntotas se mantienen.   </p>
<p>En la siguiente imagen se representa la gráfica que se obtiene
al reflejar la función tangente con respecto al eje <cursiva>X</cursiva
>.</p>
<imagen src="MA_10_03_CO_IMG26_small.jpg">
<p>Al reflejar la función <cursiva>y</cursiva> = tan <cursiva>x</cursiva
> con respecto al eje <cursiva>X</cursiva> se obtiene la misma gráfica
que al reflejarla con respecto al eje <cursiva>Y</cursiva>, es decir,
que –tan <cursiva>x</cursiva> = tan (–<cursiva>x</cursiva>). </p>
</imagen>
<p>Las reflexiones con respecto al eje <cursiva>X</cursiva> y al eje <cursiva
>Y</cursiva> están relacionadas directamente con las funciones pares
e impares. </p>
<recuerda><recuerdaTexto>
<p>Una función <cursiva>f</cursiva> (<cursiva>x</cursiva>) es:</p>
<listaSinNumerar>
<listaElemento>Par si y solo si <cursiva>f</cursiva> (<cursiva>x</cursiva
>) =  <cursiva>f</cursiva> (–<cursiva>x</cursiva>) para todo <cursiva
>x</cursiva> en el dominio de <cursiva>f</cursiva>.</listaElemento>
<listaElemento>Impar si y solo si <cursiva>f</cursiva> (–<cursiva
>x</cursiva>) = – <cursiva>f</cursiva> (<cursiva>x</cursiva>)  para
todo <cursiva>x</cursiva> que pertenezca al dominio de <cursiva>f</cursiva
>.</listaElemento>
</listaSinNumerar>
</recuerdaTexto></recuerda>
<p>En términos generales tenemos que:</p>
<listaSinNumerar>
<listaElemento>Las <negrita>funciones pares</negrita> son aquellas
que al reflejarlas con respecto al eje <cursiva>Y</cursiva> se obtiene
el mismo gráfico de la función original.</listaElemento>
<listaElemento>Las <negrita>funciones impares</negrita> son aquellas
que al reflejarlas con respecto al eje <cursiva>Y</cursiva> se obtiene
la misma imagen que la reflexión con respecto al eje <cursiva>X</cursiva
> de la función original. </listaElemento>
</listaSinNumerar>
<p>En el caso de las funciones trigonométricas obtenemos, de acuerdo
con el análisis de las reflexiones que presentan, la siguiente clasificación. </p>
<table border="1" cellpadding="5" cellspacing="0"><caption>Clasificación
de las funciones trigonométricas de acuerdo con sus reflexiones</caption>
<colgroup align="center"><col/><col/></colgroup>
<tbody>
<tr>
<td><negrita>Funciones pares</negrita></td>
<td><negrita>Funciones impares</negrita></td>
</tr>
<tr>
<td>cos <cursiva>x</cursiva></td>
<td>sen <cursiva>x</cursiva> y tan <cursiva>x</cursiva></td>
</tr>
<tr>
<td>sec <cursiva>x</cursiva></td>
<td>cot <cursiva>x</cursiva> y csc <cursiva>x</cursiva></td>
</tr>
</tbody>
</table>
<practica>
<enlace
destino="/LoIdRedirect.aspx?LoId=MA_10_03_CO_Recurso080&amp;IdRecurso=RES-2DC1AA295E2A44E3BE4D87118B9441E3"
>Practica la traslación y la reflexión de las gráficas de funciones</enlace>
</practica></seccion2Texto></seccion2><seccion2
id="S2_MA_10_03_CO_2DF077C348FD4D92A081242AF7BE0163">
<seccion2Titulo>La compresión y el alargamiento de funciones </seccion2Titulo>
<seccion2Texto>
<p>Movimientos rígidos como la traslación y la reflexión no generan
cambios de forma ni de tamaño en una figura; sin embargo, existen
transformaciones como la compresión y el alargamiento, que producen
una <cursiva>deformación</cursiva> de la figura inicial, que a su
vez puede ser descrita de forma analítica para el caso de las funciones. </p>
<imagen ampliable="no" src="MA_10_03_CO_IMG27_small.jpg">
<p>En algunas ferias y en  ciertos circos podemos encontrar espejos
que deforman la figura que reflejan: comprimen o alargan la imagen
original generando imágenes jocosas.</p>
</imagen>
<p>Las funciones pueden presentar compresiones o alargamientos verticales
y horizontales. </p>
<seccion3 id="S3_MA_10_03_CO_2DF077C348FD4D92A081242AF7BE4477">
<seccion3Titulo>La compresión y el alargamiento vertical de funciones</seccion3Titulo>
<seccion3Texto>
<p>Al comprimir o alargar verticalmente el gráfico de una función
se modifica la altura de los puntos que la forman.  </p>
<p>Para la función original <cursiva>f</cursiva> (<cursiva>x</cursiva
>) se puede representar una <negrita>deformación vertical</negrita
> analíticamente así: </p>
<p centrado="si"><cursiva>f</cursiva> '(<cursiva>x</cursiva>) = <cursiva
>B </cursiva> <cursiva> f</cursiva> (<cursiva>x</cursiva>) </p>
<p>siendo <cursiva>B</cursiva> un número real que corresponde a:</p>
<listaSinNumerar>
<listaElemento>Una <negrita>elongación o alargamiento</negrita> vertical
de la gráfica original, si |<cursiva>B</cursiva>| > 1.</listaElemento>
<listaElemento>Una <negrita>compresión vertical</negrita> de la gráfica
original, si |<cursiva>B</cursiva>| &lt; 1. </listaElemento>
</listaSinNumerar>
<p>Ejemplo </p>
<p>En la gráfica se observa la representación de las funciones <cursiva
>y</cursiva> = sen <cursiva>x</cursiva>, en color rojo; y´ = 3sen(<cursiva
>x</cursiva>), en color azul <cursiva>y</cursiva>, <cursiva>y</cursiva
>´´ = 1/3sen(<cursiva>x</cursiva>), en color negro. </p>
<p>En este caso, como 3 > 1 entonces la función <cursiva>y</cursiva
>´ = 3sen(<cursiva>x</cursiva>) presenta un alargamiento de la función <cursiva
>y</cursiva> = sen <cursiva>x</cursiva>. </p>
<p>Como 1/3 &lt; 1, la función <cursiva>y</cursiva>´´ = 1/3sen(<cursiva
>x</cursiva>) corresponde a una compresión de la función <cursiva
>y</cursiva> = sen <cursiva>x</cursiva>.</p>
<imagen src="MA_10_03_CO_IMG28_small.jpg">
<p>En la imagen se muestra la representación gráfica de la compresión
y el alargamiento vertical de la función <cursiva>y</cursiva> = sen <cursiva
>x</cursiva>.</p>
</imagen>
<p>Al analizar las gráficas resultantes de <cursiva>y</cursiva>' y <cursiva
>y</cursiva>'' podemos deducir que la compresión y el alargamiento
vertical de las funciones afectan directamente, en el caso de la función
seno, su rango y por otro lado sus características como dominio y
periodo se mantienen igual; esto debido a que las compresiones y los
alargamientos verticales modifican las segundas componentes (ordenadas).</p>
<recuerda><recuerdaTexto>
<p>Una compresión o alargamiento vertical de la función <cursiva>f</cursiva
> (<cursiva>x</cursiva>) presenta la forma analítica: </p>
<p centrado="si"><cursiva>f</cursiva> ' (<cursiva>x</cursiva>) = <cursiva
>B</cursiva> <cursiva>f</cursiva> (<cursiva>x</cursiva>) </p>
<p>Donde <cursiva>B</cursiva> es una constante que pertenece a los
números reales y cumple que:</p>
<listaSinNumerar>
<listaElemento>Si |<cursiva>B</cursiva>| > 1, la función presenta
un alargamiento vertical.</listaElemento>
<listaElemento>Si |<cursiva>B</cursiva>| &lt; 1, la función presenta
una compresión vertical.</listaElemento>
</listaSinNumerar>
</recuerdaTexto></recuerda></seccion3Texto></seccion3><seccion3
id="S3_MA_10_03_CO_2DF077C348FD4D92A081242AF7BE5588">
<seccion3Titulo>La compresión y la expansión horizontal de funciones</seccion3Titulo>
<seccion3Texto>
<p>La compresión y el alargamiento horizontal producen un cambio directo
en las primeras componentes (abscisas) de los puntos que forman la
gráfica original.   </p>
<p>En el caso de una función <cursiva>f</cursiva> (<cursiva>x</cursiva
>), un alargamiento o una compresión se presenta en la forma: </p>
<p centrado="si"><cursiva>f</cursiva> ' (<cursiva>x</cursiva>) = <cursiva
>f</cursiva> (<cursiva>Ax</cursiva>)  </p>
<p>Donde <cursiva>A</cursiva> es un número real y cumple que:</p>
<listaSinNumerar>
<listaElemento>Si <cursiva>A</cursiva> > 1, la gráfica se contrae
horizontalmente por un factor de 1/<cursiva>A</cursiva>.</listaElemento>
<listaElemento>Si 0 &lt; <cursiva>A</cursiva> &lt; 1, la gráfica se
expande horizontalmente por un factor de 1/<cursiva>A</cursiva>.</listaElemento>
</listaSinNumerar>
<p>Observa cómo funcionan estas transformaciones con los gráficos
de una función trigonométrica.</p>
<imagen src="MA_10_03_CO_IMG29_small.jpg">
<p>Representación gráfica de la expansión horizontal de la función <cursiva
>y</cursiva> = sen <cursiva>x</cursiva>.</p>
</imagen>
<imagen src="MA_10_03_CO_IMG51_small.jpg">
<p>Representación gráfica de una comprensión horizontal que sufre
la función <cursiva>y</cursiva> = sen <cursiva>x</cursiva>.</p>
</imagen>
<p>Al analizar las gráficas resultantes de <cursiva>y</cursiva>' y <cursiva
>y</cursiva>'' podemos deducir que la compresión o el alargamiento
horizontal de las funciones no afectan, en el caso de la función seno,
su rango ni su dominio, pero sí afectan su periodo.   </p>
<p>En el caso de las funciones que tienen asíntotas verticales, la
comprensión y el alargamiento horizontal también las modifican debido
a que se afectan las segundas componentes (ordenadas).</p>
<recuerda><recuerdaTexto>
<p>Una comprensión o un alargamiento horizontal de la función <cursiva
>f</cursiva> (<cursiva>x</cursiva>) presenta la forma analítica: </p>
<p centrado="si"><cursiva>f</cursiva> ' (<cursiva>x</cursiva>) = <cursiva
>f</cursiva> (<cursiva>Ax</cursiva>) </p>
<p>Donde <cursiva>A</cursiva> es una constante que pertenece a los
números reales y cumple que:</p>
<listaSinNumerar>
<listaElemento>Si |<cursiva>A</cursiva>| > 1, la función se contrae
horizontalmente por un factor de 1/A.</listaElemento>
<listaElemento>Si |<cursiva>A</cursiva>| &lt; 1, la función se alarga
horizontalmente por un factor de 1/A.</listaElemento>
</listaSinNumerar>
</recuerdaTexto></recuerda><practica>
<enlace
destino="/LoIdRedirect.aspx?LoId=MA_10_03_CO_Recurso090&amp;IdRecurso=RES-B5338BC8E3F94B01A1A56E35025BD002"
>Identifica la compresión y el alargamiento de funciones</enlace>
</practica></seccion3Texto></seccion3></seccion2Texto></seccion2>
<seccion2 id="S2_MA_10_03_CO_45B6284179D340708DBB143157720918">
<seccion2Titulo>La amplitud de las funciones</seccion2Titulo>
<seccion2Texto>
<p>La amplitud es una característica de movimientos ondulatorios u
oscilatorios esta describe la magnitud de la oscilación y, por lo
tanto, la amplitud de una curva que se construye a partir de la función
seno o de la función coseno.</p>
<p>Analíticamente, la amplitud es el valor |<cursiva>B</cursiva>|
del factor por el que se multiplica las funciónes seno o coseno o
alguna de sus variaciones a través de transformaciones:  </p>
<p centrado="si"><cursiva>B</cursiva> sen (<cursiva>Ax</cursiva> + <cursiva
>D</cursiva>) + <cursiva>C</cursiva>  </p>
<p centrado="si"><cursiva>B</cursiva> cos (<cursiva>Ax</cursiva> + <cursiva
>D</cursiva>) + <cursiva>C</cursiva>  </p>
<p>Ejemplo </p>
<p>Observemos la siguiente gráfica.</p>
<imagen src="MA_10_03_CO_IMG30_small.jpg">
<p>Representación gráfica de la función <cursiva>y</cursiva> = 3sen <cursiva
>x</cursiva> + 1 cuya amplitud es igual a 3.</p>
</imagen>
<p>En la gráfica de la función <cursiva>y</cursiva> = 3sen <cursiva
>x</cursiva> + 1  podemos observar que su máximo valor es 4 y su valor
mínimo es –2;  por lo tanto,  la   amplitud también puede definirse
como el valor absoluto de la mitad de la diferencia entre el valor
máximo y el valor mínimo de la función, así:</p>
<formula alineacion="centrada" src="MA_10_03_046.gif"></formula>
<p>De esta manera puedes determinar la amplitud al establecer el valor
absoluto como la diferencia entre el máximo y el mínimo valores a
partir del gráfico, o bien determinar ese valor a partir de la expresión
analítica de la función. </p>
</seccion2Texto></seccion2><seccion2
id="S2_MA_10_03_CO_45B6284179D340708DBB143157729988">
<seccion2Titulo>El periodo de las funciones</seccion2Titulo>
<seccion2Texto>
<p>El intervalo en el que se repite la porción principal de una gráfica
se denomina periodo.   </p>
<p>Para las funciones trigonométricas seno y coseno: </p>
<p centrado="si"><cursiva>y</cursiva> = <cursiva>B</cursiva> sen (<cursiva
>Ax</cursiva> + <cursiva>D</cursiva>) + <cursiva>C</cursiva></p>
<p centrado="si"><cursiva>y</cursiva> = <cursiva>B</cursiva> cos (<cursiva
>Ax</cursiva> + <cursiva>D</cursiva>) + <cursiva>C</cursiva>  </p>
<p>Puede definirse una fórmula que nos permite calcular su periodo,
así: </p>
<formula alineacion="centrada" src="MA_10_03_047.gif"></formula>
<p>Y un intervalo apropiado para realizar un bosquejo de la porción
principal de la gráfica es:</p>
<formula alineacion="centrada" src="MA_10_03_048.gif"></formula>
<p>Ejemplo  </p>
<imagen src="MA_10_03_CO_IMG31_small.jpg">
<p>La función <cursiva>y</cursiva> = 4cos <cursiva>x</cursiva> tiene
un periodo de π/ 2. </p>
</imagen>
<p>Ten presente que las funciones tangente y cotangente no están incluidas
en la fórmula expuesta para hallar el periodo; de hecho, si las consideramos
a través de transformaciones de la forma: </p>
<p centrado="si"><cursiva>y</cursiva> = <cursiva>B</cursiva> tan (<cursiva
>Ax</cursiva> + <cursiva>D</cursiva>) + <cursiva>C</cursiva></p>
<p centrado="si"><cursiva>y</cursiva> = <cursiva>B</cursiva> cot (<cursiva
>Ax</cursiva> + <cursiva>D</cursiva>) + <cursiva>C</cursiva> </p>
<p>Su periodo estaría determinado por:</p>
<formula alineacion="centrada" src="MA_10_03_049.gif"></formula>
<recuerda><recuerdaTexto>
<p>Una función es periódica cuando su comportamiento se repite en
intervalos regulares, es decir, <cursiva>f</cursiva> (<cursiva>x</cursiva
>) es una función periódica si existe un número real  <cursiva>p</cursiva
> > 0 tal que: </p>
<p centrado="si"><cursiva>f</cursiva> (<cursiva>x</cursiva> + <cursiva
>p</cursiva>) = <cursiva>f</cursiva> (<cursiva>x</cursiva>), </p>
<p>∀ todo <cursiva>x</cursiva> ∈ dominio de <cursiva>f</cursiva>.
  </p>
<p>Al menor número <cursiva>p</cursiva> que tiene la propiedad anterior
se le denomina el periodo de <cursiva>f</cursiva>.</p>
</recuerdaTexto></recuerda><practica>
<enlace
destino="/LoIdRedirect.aspx?LoId=MA_10_03_CO_Recurso100&amp;IdRecurso=RES-E21CC04810BE48D88BAA1BC8074C3B41"
>Determina el periodo de funciones trigonométricas</enlace>
<enlace
destino="/LoIdRedirect.aspx?LoId=MA_10_03_CO_Recurso120&amp;IdRecurso=RES-AFF5787A8E3F488AAEE7F5B66A3BED6A"
>Identifica la amplitud y el periodo de funciones trigonométricas</enlace>
</practica></seccion2Texto></seccion2><seccion2
id="S2_MA_10_03_CO_45B6284179D340708DBB143157720099">
<seccion2Titulo>El desfase de las funciones</seccion2Titulo>
<seccion2Texto>
<p>Si consideramos una función <cursiva>f</cursiva> (<cursiva>x</cursiva
>) como una función trigonométrica, podemos representar analíticamente
sus diferentes transformaciones de la forma:</p>
<p centrado="si"><cursiva>Bf</cursiva> (<cursiva>Ax</cursiva> + <cursiva
>D</cursiva>) + <cursiva>C</cursiva> </p>
<p>Con <cursiva>A</cursiva>, <cursiva>B</cursiva>, <cursiva>C</cursiva
> y <cursiva>D</cursiva> constantes reales. </p>
<recuerda><recuerdaTexto>
<p>Si <cursiva>f</cursiva> (<cursiva>x</cursiva>) es una función trigonométrica,
las transformaciones de la función definidas como: </p>
<p centrado="si"><cursiva>y</cursiva> = <cursiva>Bf</cursiva> (<cursiva
>Ax</cursiva> + <cursiva>D</cursiva>) + <cursiva>C</cursiva> </p>
<p>determinan:</p>
<listaSinNumerar>
<listaElemento><cursiva>B</cursiva>: compresión o alargamiento vertical.</listaElemento>
<listaElemento><cursiva>A</cursiva>: compresión o alargamiento horizontal.</listaElemento>
<listaElemento><cursiva>D</cursiva>: traslación horizontal.</listaElemento>
<listaElemento><cursiva>C</cursiva>: traslación vertical. </listaElemento>
</listaSinNumerar>
</recuerdaTexto></recuerda>
<p>Como se puede evidenciar, estas constantes modifican de diferentes
maneras el gráfico de la función <cursiva>f</cursiva> (<cursiva>x</cursiva
>); sin embargo, una pregunta natural que surge es: si se conocen
los valores de las constantes <cursiva>A</cursiva>, <cursiva>B</cursiva
>, <cursiva>C</cursiva> y <cursiva>D</cursiva>,  ¿cómo se puede saber
qué tanto se ha desplazado horizontalmente la función <cursiva>Bf</cursiva
> (<cursiva>Ax</cursiva> + <cursiva>D</cursiva>) + <cursiva>C</cursiva
> resultante con relación a la función <cursiva>Bf</cursiva> (<cursiva
>Ax</cursiva>)?   </p>
<p>La respuesta a esta pregunta es precisamente lo que se denomina
desfase.  </p>
<p>El desfase de una función trigonométrica de la forma <cursiva>Bf</cursiva
> (<cursiva>Ax</cursiva> + <cursiva>D</cursiva>) + <cursiva>C</cursiva
> con relación a la función <cursiva>Bf</cursiva> (<cursiva>Ax</cursiva
>) es el número</p>
<formula alineacion="centrada" src="MA_10_03_050.gif"></formula>
<destacado><destacadoTitulo>Desfase de una función trigonométrica</destacadoTitulo>
<destacadoTexto>
<p>El desfase de una función trigonométrica de la forma  </p>
<p centrado="si"><cursiva>Bf</cursiva> (<cursiva>Ax</cursiva> + <cursiva
>D</cursiva>) + <cursiva>C</cursiva> </p>
<p>depende de dos parámetros: <cursiva>A</cursiva> y <cursiva>D</cursiva
>; es decir, depende de una ampliación (o contracción) y de una traslación.
 </p>
<p>El valor <cursiva>D</cursiva>/<cursiva>A</cursiva> representa la
cantidad de unidades que se desplazó (desfasó) la función horizontalmente
con relación a la función <cursiva>Bf</cursiva> (<cursiva>Ax</cursiva
>), en la que solo hay ampliaciones (o contracciones) pero no hay
traslaciones. </p>
</destacadoTexto></destacado>
<p>El desfase de la función <cursiva>Bf</cursiva> (<cursiva>Ax</cursiva
> + <cursiva>D</cursiva>) + <cursiva>C</cursiva> no es el valor <cursiva
>D</cursiva>, como se podría intuir al hablar de desplazamiento horizontal;
observa el porqué con la siguiente forma de reescribir la función:</p>
<formula alineacion="centrada" src="MA_10_03_051.gif"></formula>
<p>Al analizar esta representación se puede deducir que primero hay
una traslación de <cursiva>D</cursiva>/<cursiva>A</cursiva> y luego
una ampliación (contracción) de <cursiva>A</cursiva> unidades.   </p>
<p>Para el desfase se aplican las mismas reglas de un desplazamiento
horizontal; sin embargo, en este caso es necesario evaluar el parámetro <cursiva
>D</cursiva>/<cursiva>A</cursiva>.</p>
<listaSinNumerar>
<listaElemento>Si <cursiva>D</cursiva>/<cursiva>A</cursiva> > 0, el
desfase es hacia la izquierda.</listaElemento>
<listaElemento>Si <cursiva>D</cursiva>/<cursiva>A</cursiva> &lt; 0,
el desfase es hacia la derecha.</listaElemento>
</listaSinNumerar>
<p>Ejemplo </p>
<imagen src="MA_10_03_CO_IMG32_small.jpg">
<p>Observa que al comparar las dos gráficas, la función 2sen (4<cursiva
>x</cursiva> – π) tiene un desplazamiento de fase de π/4 hacia la
derecha.</p>
</imagen>
<p>Para analizar con mayor profundidad el desfase de las funciones
seno y coseno, visita el link <enlace
destino="https://www.geogebra.org/m/AUbsEpGa?doneurl=%2Fsearch%2Fperform%2Fsearch%2Fdesfase%2Fmaterials%2F"
>[VER] </enlace> y cambia los valores de las constantes para ver el
comportamiento de las gráficas. </p>
<practica>
<enlace
destino="/LoIdRedirect.aspx?LoId=MA_10_03_CO_Recurso110&amp;IdRecurso=RES-247F6178340E46BEAA28A0142D0D5A3F"
>Analiza diferentes características de las gráficas</enlace>
<enlace
destino="/LoIdRedirect.aspx?LoId=MA_10_03_CO_Recurso130&amp;IdRecurso=RES-89CC51568F7A4166BEC2E4865423E94A"
>Analiza transformaciones de las funciones trigonométricas</enlace>
</practica></seccion2Texto></seccion2><seccion2
id="S2_MA_10_03_CO_45B6284179D340708DBB143157721100">
<seccion2Titulo>Consolidación</seccion2Titulo>
<seccion2Texto>
<p>Actividades para afianzar lo que has aprendido en esta sección.</p>
<practica>
<enlace
destino="/LoIdRedirect.aspx?LoId=MA_10_03_CO_Recurso150&amp;IdRecurso=RES-A6678583DFD44E229E5D6EBAE6874D22"
>Refuerza tu aprendizaje: El análisis de gráficas de funciones trigonométricas</enlace>
</practica></seccion2Texto></seccion2></seccion1Texto></seccion1>
<seccion1 id="S1_MA_10_03_CO_D1F85F165F06485280B51419D5E78B94">
<seccion1Titulo>Las funciones trigonométricas inversas</seccion1Titulo>
<seccion1Texto>
<p>Antes de abordar las funciones inversas trigonométricas recordemos
algunos conceptos básicos.   </p>
<p><negrita>Función inyectiva </negrita></p>
<p>Una función es inyectiva o uno a uno si cada elemento <cursiva
>f</cursiva> (<cursiva>x</cursiva>) del rango tiene un único valor
en el dominio. Es decir, dada la pareja ordenada (<cursiva>x, y</cursiva
>) que pertenece a la función, los valores de <cursiva>y</cursiva
> no se repiten.  </p>
<p>Por ejemplo, al analizar la función <cursiva>f</cursiva> (<cursiva
>x</cursiva>) = 3<cursiva>x</cursiva>² + 1, en algunos puntos específicos
obtenemos valores como:</p>
<table border="1" cellpadding="5" cellspacing="0"><caption>Tabla de
valores para <cursiva>f</cursiva> (<cursiva>x</cursiva>) = 3<cursiva
>x</cursiva>² + 1</caption><colgroup align="center"><col/><col/><col/>
<col/><col/><col/></colgroup>
<tbody>
<tr>
<td><negritacursiva>x</negritacursiva></td>
<td>-2</td>
<td>–1</td>
<td>0</td>
<td>1</td>
<td>2</td>
</tr>
<tr>
<td><negrita><cursiva>f</cursiva> (<cursiva>x</cursiva>)</negrita
></td>
<td>13</td>
<td>4</td>
<td>1</td>
<td>4</td>
<td>13</td>
</tr>
</tbody>
</table>
<p>Por lo que podemos afirmar que en la función <cursiva>f</cursiva
> (<cursiva>x</cursiva>) = 3<cursiva>x</cursiva>² + 1 los valores
de <cursiva>y</cursiva> son generados por más de un elemento <cursiva
>x</cursiva> del dominio; por lo tanto, esta función no es inyectiva.
 </p>
<p>Existe otra forma de verificar si una función es inyectiva a través
de su gráfica, con el uso de la prueba de la recta horizontal. </p>
<imagen src="MA_10_03_CO_IMG33_small.jpg">
<p>La prueba de la recta horizontal consiste en trazar en cualquier
punto de la gráfica de la función una recta horizontal, de tal forma
que si llega a cortar la gráfica en más de un punto, la función no
es inyectiva. </p>
</imagen>
<p>De acuerdo con la prueba de la recta horizontal, la función <cursiva
>f</cursiva> (<cursiva>x</cursiva>) = 3<cursiva>x</cursiva>² + 1 no
es inyectiva puesto que las rectas horizontales trazadas demuestran
claramente que cortan en más de un punto a la gráfica de la función.
  </p>
<p>Veamos ahora la función <cursiva>f</cursiva> (<cursiva>x</cursiva
>) = 5<cursiva>x</cursiva>³, que de acuerdo con la prueba de la recta
horizontal sí resulta ser una función inyectiva. </p>
<imagen src="MA_10_03_CO_IMG34_small.jpg">
<p>La función <cursiva>f</cursiva> (<cursiva>x</cursiva>) = 5<cursiva
>x</cursiva>³ es inyectiva, pues además de cumplir con la prueba de
la recta horizontal podemos verificar que cada valor <cursiva>y</cursiva
> del rango es generado por un único valor <cursiva>x</cursiva> del
dominio de la función.    </p>
</imagen>
<recuerda><recuerdaTexto>
<p>Una función es inyectiva o uno a uno si <cursiva>f</cursiva> (<cursiva
>x</cursiva><subindice>1</subindice>) = <cursiva>f</cursiva> (<cursiva
>x</cursiva><subindice>2</subindice>) y entonces  <cursiva>x</cursiva
><subindice>1</subindice> = <cursiva>x</cursiva><subindice>2</subindice
>. </p>
</recuerdaTexto></recuerda>
<p>De acuerdo con la clasificación de las funciones en inyectivas
o no inyectivas podemos iniciar la definición de las funciones inversas,
así:  </p>
<p>Sea <cursiva>f</cursiva> (<cursiva>x</cursiva>) una función cualquiera
en la que se cumple que:</p>
<listaSinNumerar>
<listaElemento>Si <cursiva>f</cursiva> (<cursiva>x</cursiva>) es una
función uno a uno o inyectiva, existe una función <cursiva>f</cursiva
> <superindice>–1</superindice> (<cursiva>x</cursiva>) definida como
su inversa.</listaElemento>
<listaElemento>Si <cursiva>f</cursiva> (<cursiva>x</cursiva>) no es
una función inyectiva o uno a uno, en su dominio, es posible restringir
su dominio en un intervalo de tal manera que se obtenga una función
uno a uno en ese intervalo.</listaElemento>
</listaSinNumerar>
<p>Por ejemplo, la función <cursiva>g</cursiva>(<cursiva>x</cursiva
>) = 2 – <cursiva>x</cursiva><superindice>2</superindice> no es inyectiva
o uno a uno, y su dominio son todos los números reales. Si se restringe
su dominio al intervalo [0, 3], donde <cursiva>g</cursiva> no es negativa,
se obtiene una función uno a uno, como se observa en la gráfica.</p>
<imagen src="MA_10_03_CO_IMG50_small.jpg">
<p>Observa que además de que su dominio es el intervalo [0, 3] también
se deduce que su rango es el intervalo [2, –2].</p>
</imagen>
<p>La función inversa cumple con las siguientes propiedades.</p>
<listaSinNumerar>
<listaElemento>La función inversa de <cursiva>y</cursiva> = <cursiva
>f</cursiva> (<cursiva>x</cursiva>) se denota como <cursiva>y</cursiva
> = <cursiva>f</cursiva><superindice>–1</superindice> (<cursiva>x</cursiva
>).</listaElemento>
<listaElemento>Para cada par ordenado (<cursiva>x</cursiva>, <cursiva
>y</cursiva>) de la función <cursiva>f</cursiva> existe una pareja
ordenada (<cursiva>y, x</cursiva>) que pertenece a la función <cursiva
>f</cursiva> <superindice>–1</superindice> (<cursiva>x</cursiva>).</listaElemento>
<listaElemento>El dominio de <cursiva>f</cursiva> (<cursiva>x</cursiva
>) es el  rango de <cursiva>f</cursiva> <superindice>–1</superindice
> (<cursiva>x</cursiva>).</listaElemento>
<listaElemento>El rango de <cursiva>f</cursiva> (<cursiva>x</cursiva
>) es el dominio de <cursiva>f</cursiva> <superindice>–1</superindice
> (<cursiva>x</cursiva>).</listaElemento>
<listaElemento>Las funciones <cursiva>f</cursiva> (<cursiva>x</cursiva
>) y <cursiva>f</cursiva> <superindice>–1</superindice> (<cursiva
>x</cursiva>) son reflexivas entre sí con respecto a la recta <cursiva
>y</cursiva> = <cursiva>x</cursiva>. </listaElemento>
</listaSinNumerar>
<p>Debes tener en cuenta que:</p>
<formula alineacion="centrada" src="MA_10_03_052.gif"></formula>
<formula alineacion="centrada" src="MA_10_03_053.gif"></formula>
<recuerda><recuerdaTexto>
<listaSinNumerar>
<listaElemento>Solo las funciones inyectivas o uno a uno tienen función
inversa.</listaElemento>
<listaElemento>Para que una función que no es inyectiva o uno a uno
tenga inversa, se puede restringir su dominio.</listaElemento>
<listaElemento>Si una función tiene inversa se debe cumplir que a
cada elemento del rango le debe corresponder uno y solo uno del dominio.</listaElemento>
</listaSinNumerar>
</recuerdaTexto></recuerda>
<p>Respecto a las funciones trigonométricas, debido a su periodicidad
solo se pueden definir sus inversas en un intervalo específico para
que cumplan con las condiciones antes expuestas. </p>
<profundiza>
<enlace
destino="/LoIdRedirect.aspx?LoId=MA_10_03_CO_Recurso160&amp;IdRecurso=RES-EB83C31E06DC4AE3B3A2E135750AC80F"
>Construcción de funciones trigonométricas inversas en GeoGebra</enlace>
</profundiza><seccion2
id="S2_MA_10_03_CO_D1F85F165F06485280B51419D5E74477">
<seccion2Titulo>La función arcoseno</seccion2Titulo>
<seccion2Texto>
<p>Teniendo en cuenta que la función seno es una función periódica
y por lo tanto no es una función inyectiva o uno a uno para todo su
dominio, podemos limitar el trabajo al intervalo: </p>
<formula alineacion="centrada" src="MA_10_03_054.gif"></formula>
<p>En el cual están definidos todos los valores que adquiere la función <cursiva
>y</cursiva> = sen <cursiva>x</cursiva>  y se obtiene una función
inyectiva y creciente. </p>
<imagen src="MA_10_03_CO_IMG35_small.jpg">
<p>Representación gráfica de la función <cursiva>y</cursiva> = sen <cursiva
>x</cursiva> señalando en color rojo un intervalo en el cual sea posible
obtener una función inyectiva que permita hallar su inversa. </p>
</imagen>
<p>En el intervalo (–π/2, π/2) de la función seno podemos determinar
su función inversa denominada arcoseno y definirla analíticamente
así: </p>
<p centrado="si"><cursiva>y</cursiva> = arcsen <cursiva>x</cursiva
> ⇔ sen <cursiva>y</cursiva> = <cursiva>x</cursiva> </p>
<p>Donde:</p>
<listaSinNumerar>
<listaElemento>–1 ≤ <cursiva>x</cursiva> ≤ 1</listaElemento>
<listaElemento>–π/2 ≤ <cursiva>y</cursiva> ≤ π/2</listaElemento>
<listaElemento>El dominio de <cursiva>y</cursiva> = arcsen <cursiva
>x</cursiva> es [–1, 1]</listaElemento>
<listaElemento>El rango de <cursiva>y</cursiva> = arcsen <cursiva
>x</cursiva> es [–π/2, π/2] </listaElemento>
</listaSinNumerar>
<p>Ten en cuenta que la función arcoseno también se denota:  </p>
<p centrado="si"><cursiva>y</cursiva> = arcsen <cursiva>x</cursiva
> = sen<superindice>–1</superindice> <cursiva>x</cursiva></p>
<p>Con la definición de función inversa podemos plantear las siguientes
relaciones.</p>
<formula alineacion="centrada" src="MA_10_03_057.gif"></formula>
<formula alineacion="centrada" src="MA_10_03_058.gif"></formula>
<p>Observa la gráfica de la función <cursiva>y</cursiva> = arcsen <cursiva
>x</cursiva>. </p>
<imagen src="MA_10_03_CO_IMG36_small.jpg">
<p>Representación gráfica de la función y = arcsen x. </p>
</imagen>
<p>Para hallar el valor de la función arcsen puedes hacer un análisis
de la gráfica, así:   </p>
<p>Ejemplo   </p>
<p>Para determinar los valores de:</p>
<formula alineacion="centrada" src="MA_10_03_059.gif"></formula>
<formula alineacion="centrada" src="MA_10_03_060.gif"></formula>
<formula alineacion="centrada" src="MA_10_03_061.gif"></formula>
<p>Podemos analizar el intervalo [–π/2, π/2].</p>
<listaSinNumerar>
<listaElemento>El número en el intervalo donde <formula
alineacion="centrada" src="MA_10_03_072.gif"></formula></listaElemento>
<listaElemento>El número en el intervalo donde<formula
alineacion="centrada" src="MA_10_03_064.gif"></formula><p>Es</p><formula
alineacion="centrada" src="MA_10_03_065.gif"></formula></listaElemento>
<listaElemento>El número en el intervalo donde<formula
alineacion="centrada" src="MA_10_03_066.gif"></formula><p>Es</p><formula
alineacion="centrada" src="MA_10_03_067.gif"></formula></listaElemento>
</listaSinNumerar>
</seccion2Texto></seccion2><seccion2
id="S2_MA_10_03_CO_D1F85F165F06485280B51419D5E75588">
<seccion2Titulo>La función arcocoseno</seccion2Titulo>
<seccion2Texto>
<p>Se reconoce la función coseno al igual que la función seno como
funciones periódicas, de manera que no son funciones inyectivas para
todo su dominio; sin embargo, al limitar el dominio en el intervalo
[0, π] se obtiene una función inyectiva y decreciente donde están
definidos los valores del coseno una sola vez. </p>
<imagen src="MA_10_03_CO_IMG37_small.jpg">
<p>Función coseno delimitado su dominio en el intervalo [0, π] para
obtener una función inyectiva que permita hallar su inversa.</p>
</imagen>
<p>A partir de la limitación en el dominio de la función coseno, se
denomina la función arcocoseno a la función inversa de coseno y se
define como: </p>
<p centrado="si"><cursiva>y</cursiva> = arccos <cursiva>x</cursiva
> ⇔ cos <cursiva>y</cursiva> = <cursiva>x</cursiva> </p>
<p>Donde:</p>
<listaSinNumerar>
<listaElemento>–1 ≤ <cursiva>x</cursiva> ≤ 1</listaElemento>
<listaElemento>0 ≤ <cursiva>y</cursiva> ≤ π</listaElemento>
<listaElemento>El dominio de la función <cursiva>y</cursiva> = arccos <cursiva
>x</cursiva> es [–1, 1].</listaElemento>
<listaElemento>El rango de la función <cursiva>y</cursiva> = arccos <cursiva
>x</cursiva> es [0, π].</listaElemento>
</listaSinNumerar>
<p>Con la aplicación de la definición función inversa podemos concluir
las siguientes afirmaciones.  </p>
<p centrado="si">cos<superindice>–1</superindice> (cos (<cursiva>x</cursiva
>)) = <cursiva>x</cursiva> para 0 ≤ <cursiva>x</cursiva> ≤ π </p>
<p centrado="si">cos (cos<superindice>–1</superindice> (<cursiva>x</cursiva
>)) = <cursiva>x</cursiva> para –1 ≤ <cursiva>x</cursiva> ≤1  </p>
<p>Ten en cuenta que la función arcocoseno también se denota: </p>
<p centrado="si"><cursiva>y</cursiva> = arccos <cursiva>x</cursiva
> = cos<superindice>–1</superindice> <cursiva>x</cursiva>  </p>
<p>Observa la gráfica de la función <cursiva>y</cursiva> = arccos <cursiva
>x</cursiva>. </p>
<imagen src="MA_10_03_CO_IMG38_small.jpg">
<p>Representación gráfica de la función <cursiva>y</cursiva> = arccos <cursiva
>x</cursiva>.</p>
</imagen>
<p>Para hallar el valor de la función arccos puedes hacer un análisis
de la gráfica o usar la calculadora, así:   </p>
<p>Ejemplo   </p>
<p>Para determinar los valores de:</p>
<formula alineacion="centrada" src="MA_10_03_074.gif"></formula>
<formula alineacion="centrada" src="MA_10_03_075.gif"></formula>
<formula alineacion="centrada" src="MA_10_03_076.gif"></formula>
<p>Podemos analizar el intervalo [0, π]. </p>
<listaSinNumerar>
<listaElemento>El número en el intervalo donde cos <cursiva>y</cursiva
> = 1 es <cursiva>y</cursiva> = 0.</listaElemento>
<listaElemento>El número en el intervalo donde cos <cursiva>y</cursiva
> = 0 es <cursiva>y</cursiva> = π /2.</listaElemento>
<listaElemento>El  número en el intervalo donde cos <cursiva>y</cursiva
> = 3/7; ya que no existe un múltiplo racional de π cuyo coseno sea
3/7, se halla el valor de y con una calculadora. Se obtiene:</listaElemento>
</listaSinNumerar>
<formula alineacion="centrada" src="MA_10_03_068.gif"></formula>
</seccion2Texto></seccion2><seccion2
id="S2_MA_10_03_CO_D1F85F165F06485280B51419D5E76699">
<seccion2Titulo>La función arcotangente</seccion2Titulo>
<seccion2Texto>
<p>De acuerdo con las condiciones para que una función <cursiva>f</cursiva
> (<cursiva>x</cursiva>) tenga función inversa es necesario que la
función sea inyectiva o uno a uno; es por esta razón que se hace evidente
la necesidad de restringir el dominio de la función tangente al intervalo: </p>
<formula alineacion="centrada" src="MA_10_03_069.gif"></formula>
<p>Donde claramente se encuentran todos los valores posibles de la
función <cursiva>y</cursiva> = tan <cursiva>x</cursiva>. </p>
<imagen src="MA_10_03_CO_IMG39_small.jpg">
<p>Observa la gráfica de la función tangente con la restricción de
dominio para poder definir la función inversa arcotangente.</p>
</imagen>
<p>Tenemos entonces que se denomina la función arcotangente a la función
tangente inversa que cumple: </p>
<p centrado="si"><cursiva>y</cursiva> = arctan <cursiva>x</cursiva
> ⇔ tan <cursiva>y</cursiva> = <cursiva>x</cursiva> </p>
<p>Donde:</p>
<listaSinNumerar>
<listaElemento>El dominio de la función <cursiva>y</cursiva> = arctan <cursiva
>x</cursiva> es ℝ.</listaElemento>
<listaElemento>El rango de la función <cursiva>y</cursiva> = arctan <cursiva
>x</cursiva> está definido por el intervalo:</listaElemento>
</listaSinNumerar>
<formula alineacion="centrada" src="MA_10_03_069.gif"></formula>
<p>Ten en cuenta que la función arcotangente también se puede denotar
como:   </p>
<p centrado="si"><cursiva>y</cursiva> = arctan <cursiva>x</cursiva
> = tan<superindice>–1</superindice> <cursiva>x</cursiva>   </p>
<p>También cumple con las relaciones:</p>
<formula alineacion="centrada" src="MA_10_03_070.gif"></formula>
<formula alineacion="centrada" src="MA_10_03_071.gif"></formula>
<p>La gráfica de la función arcotangente, de acuerdo con las condiciones
expuestas, queda de la siguiente forma.</p>
<imagen src="MA_10_03_CO_IMG40_small.jpg">
<p>Representación gráfica de la función <cursiva>y</cursiva> = arctan <cursiva
>x</cursiva>.</p>
</imagen>
<p>Para hallar el valor de la función arctan puedes hacer un análisis
de la gráfica o utilizar una calculadora, así:   </p>
<p>Ejemplo   </p>
<p>Para determinar los valores de:</p>
<formula alineacion="centrada" src="MA_10_03_080.gif"></formula>
<formula alineacion="centrada" src="MA_10_03_081.gif"></formula>
<formula alineacion="centrada" src="MA_10_03_082.gif"></formula>
<p>Podemos analizar el intervalo (–π/2, π/2). </p>
<listaSinNumerar>
<listaElemento>El número en el intervalo donde 
	<formula alineacion="centrada" src="MA_10_03_072.gif"></formula>
</listaElemento>
<listaElemento>El número en el intervalo donde tan <cursiva>y</cursiva
> = 0 es <cursiva>y</cursiva> = 0.</listaElemento>
<listaElemento>Para determinar el número que cumpla que tan <cursiva
>y</cursiva> = 10, es decir, <cursiva>y</cursiva> = tan<superindice
>–1</superindice> (10), debemos usar la calculadora ya que no existe
un múltiplo racional de π cuya tangente sea 10. Se obtiene tan<superindice
>–1</superindice>(10) = 1,47112. </listaElemento>
</listaSinNumerar>
</seccion2Texto></seccion2><seccion2
id="S2_MA_10_03_CO_D1F85F165F06485280B51419D5E77700">
<seccion2Titulo>La función arcocotangente</seccion2Titulo>
<seccion2Texto>
<p>La función cotangente no es una función inyectiva puesto que tiene
periodo π; sin embargo, para determinar su función inversa podemos
restringir su dominio al intervalo (0, π) y obtenemos una función
uno a uno; además, contamos con todos los valores representativos
de la función.</p>
<imagen src="MA_10_03_CO_IMG41_small.jpg">
<p>Observa la gráfica de la función cotangente con la restricción
de dominio para poder definir la función inversa arcocotangente.</p>
</imagen>
<p>Al restringir el dominio de la función cotangente al intervalo
(0, π) obtenemos una función inyectiva, y a partir de ella podemos
definir la función arcocotangente como la inversa de la función tangente,
de la siguiente manera:  </p>
<p centrado="si"><cursiva>y</cursiva> = arccot <cursiva>x</cursiva
> ⇔ cot <cursiva>y</cursiva> = <cursiva>x</cursiva> </p>
<p>Donde:</p>
<listaSinNumerar>
<listaElemento>El dominio de la función <cursiva>y</cursiva> = arccot <cursiva
>x</cursiva> es ℝ.</listaElemento>
<listaElemento>El rango de la función <cursiva>y</cursiva> = arccot <cursiva
>x</cursiva> está definido por el intervalo (0, π).</listaElemento>
</listaSinNumerar>
<p>Ten en cuenta que la función arcocotangente también se puede denotar
como:   </p>
<p centrado="si"><cursiva>y</cursiva> = arccot <cursiva>x</cursiva
> = cot<superindice>–1</superindice> <cursiva>x</cursiva>  </p>
<p>También cumple con las relaciones: </p>
<p centrado="si">cot<superindice>–1</superindice> (cot (<cursiva>x</cursiva
>)) = <cursiva>x</cursiva> para 0 &lt; <cursiva>x</cursiva> &lt; π</p>
<p centrado="si">cot (cot<superindice>–1</superindice> (<cursiva>x</cursiva
>)) = <cursiva>x</cursiva> para ℝ  </p>
<p>La gráfica de la función arcocotangente, de acuerdo con las condiciones
expuestas, queda de la siguiente forma.</p>
<imagen src="MA_10_03_CO_IMG42_small.jpg">
<p>Representación gráfica de la función <cursiva>y</cursiva> = arccot <cursiva
>x</cursiva>.</p>
</imagen>
<p>Para hallar el valor de la función arccot puedes hacer un análisis
de la gráfica o utilizar una calculadora, así:   </p>
<p>Ejemplo.   </p>
<p>Para determinar los valores de:</p>
<formula src="MA_10_03_074.gif"></formula>
<formula src="MA_10_03_075.gif"></formula>
<formula src="MA_10_03_076.gif"></formula>
<p>Podemos analizar el intervalo (0, π).</p>
<listaSinNumerar>
<listaElemento>El número en el intervalo donde cot <cursiva>y</cursiva
> = 1 es <cursiva>y</cursiva> = π/4</listaElemento>
<listaElemento>El número en el intervalo donde cot <cursiva>y</cursiva
> = √ 3 es <cursiva>y</cursiva> = π/6</listaElemento>
<listaElemento>Para determinar el número que cumpla que cot <cursiva
>y</cursiva> = ¾, es decir, <cursiva>y</cursiva> = cot<superindice
>–1</superindice> (¾) debemos usar la calculadora, ya que no existe
un múltiplo racional de π cuya cotangente sea ¾. Se obtiene cot<superindice
>–1</superindice>(¾) = 0,92729. </listaElemento>
</listaSinNumerar>
</seccion2Texto></seccion2><seccion2
id="S2_MA_10_03_CO_D1F85F165F06485280B51419D5E78811">
<seccion2Titulo>La función arcosecante</seccion2Titulo>
<seccion2Texto>
<p>Al observar la gráfica de la función secante podemos establecer
que no es una función uno a uno en todo su dominio; a pesar de ello,
se obtiene una función inyectiva si restringimos su dominio en el
lugar donde no se repiten los valores. Tal condición se ubica en el
intervalo [0, π], a excepción del  punto π/2, es decir, la función
secante es uno a uno en el intervalo: </p>
<formula alineacion="centrada" src="MA_10_03_077.gif"></formula>
<imagen src="MA_10_03_CO_IMG43_small.jpg">
<p>Observa la gráfica de la función secante con la restricción de
dominio para poder definir la función inversa arcosecante.</p>
</imagen>
<p>De esta manera podemos denominar la función arcosecante como la
función inversa de la función secante que cumple:  </p>
<p centrado="si"><cursiva>y</cursiva> = arcsec <cursiva>x</cursiva
> ⇔ sec <cursiva>y</cursiva> = <cursiva>x</cursiva> </p>
<p>Donde: </p>
<listaSinNumerar>
<listaElemento>El dominio de la función <cursiva>y</cursiva> = arcsec
(<cursiva>x</cursiva>) es (–∞,–1] ∪ [1, ∞)</listaElemento>
<listaElemento>El rango de la función <cursiva>y</cursiva> = arcsec
(<cursiva>x</cursiva>) es el intervalo: </listaElemento>
</listaSinNumerar>
<formula alineacion="centrada" src="MA_10_03_077.gif"></formula>
<p>Ten en cuenta que la función arcosecante también se puede denotar
como:  </p>
<p centrado="si"><cursiva>y</cursiva> = arcsec <cursiva>x</cursiva
> = sec<superindice>–1</superindice> <cursiva>x</cursiva>  </p>
<p>También cumple con las relaciones:</p>
<formula alineacion="centrada" src="MA_10_03_078.gif"></formula>
<formula alineacion="centrada" src="MA_10_03_079.gif"></formula>
<p>La gráfica de la función arcosecante, de acuerdo con las condiciones
expuestas, queda de la siguiente forma.</p>
<imagen src="MA_10_03_CO_IMG44_small.jpg">
<p>Representación gráfica de la función <cursiva>y</cursiva> = arcsec <cursiva
>x</cursiva>.</p>
</imagen>
<p>Para hallar el valor de la función arcsec puedes hacer un análisis
de la gráfica o utilizar una calculadora, así:   </p>
<p>Ejemplo   </p>
<p>Para determinar los valores de:</p>
<formula alineacion="centrada" src="MA_10_03_080.gif"></formula>
<formula alineacion="centrada" src="MA_10_03_081.gif"></formula>
<formula alineacion="centrada" src="MA_10_03_082.gif"></formula>
<p>Podemos analizar el intervalo [0, π/2) ∪ (π/2, π].</p>
<listaSinNumerar>
<listaElemento>El número en el intervalo donde sec <cursiva>y</cursiva
> = 2 es <cursiva>y</cursiva> = π/3.</listaElemento>
<listaElemento>El número en el intervalo donde sec <cursiva>y</cursiva
> = √ 2 es <cursiva>y</cursiva> = π/4.</listaElemento>
<listaElemento>Usando la calculadora obtenemos sec<superindice>–1</superindice
> (6) = 1,403334824. </listaElemento>
</listaSinNumerar>
</seccion2Texto></seccion2><seccion2
id="S2_MA_10_03_CO_D1F85F165F06485280B51419D5E79922">
<seccion2Titulo>La función arcocosecante</seccion2Titulo>
<seccion2Texto>
<p>Para definir la función inversa a la función cosecante debemos
restringir su dominio al intervalo:</p>
<formula alineacion="centrada" src="MA_10_03_083.gif"></formula>
<p>Donde podemos trabajar con una función inyectiva que modela todos
los valores posibles de la función <cursiva>y</cursiva> = sec <cursiva
>x</cursiva>, cuyo rango es el conjunto (–∞, –1] ∪ [1, ∞), tal como
se observa en la siguiente imagen. </p>
<imagen src="MA_10_03_CO_IMG45_small.jpg">
<p>Observa la gráfica de la función cosecante con la restricción de
dominio para poder definir la función inversa arcocosecante.</p>
</imagen>
<p>De esta forma, denominamos la función arcocosecante como la función
inversa de la función secante definida como: </p>
<p centrado="si"><cursiva>y</cursiva> = arccsc <cursiva>x</cursiva
> ⇔ csc <cursiva>y</cursiva> = <cursiva>x</cursiva>  </p>
<p>Donde: </p>
<listaSinNumerar>
<listaElemento>El dominio de la función <cursiva>y</cursiva> = arccsc <cursiva
>x</cursiva> es (–∞, –1] ∪ [1, ∞).</listaElemento>
<listaElemento>El rango de la función <cursiva>y</cursiva> = arccsc <cursiva
>x</cursiva> es el intervalo:</listaElemento>
</listaSinNumerar>
<formula alineacion="centrada" src="MA_10_03_083.gif"></formula>
<p>Ten en cuenta que la función arcocosecante también se puede denotar
como:  </p>
<p centrado="si"><cursiva>y</cursiva> = arccsc <cursiva>x</cursiva
> = csc<superindice>–1</superindice> <cursiva>x</cursiva>  </p>
<p>También cumple con las relaciones:</p>
<formula alineacion="centrada" src="MA_10_03_084.gif"></formula>
<formula alineacion="centrada" src="MA_10_03_085.gif"></formula>
<p>La gráfica de la función arcocosecante, de acuerdo con las condiciones
expuestas, queda de la siguiente forma.</p>
<imagen src="MA_10_03_CO_IMG46_small.jpg">
<p>Representación gráfica de la función <cursiva>y</cursiva> = arccsc <cursiva
>x</cursiva>.</p>
</imagen>
<p>Para hallar el valor de la función arccsc puedes hacer un análisis
de la gráfica o utilizar una calculadora, así:   </p>
<p>Ejemplo.   </p>
<p>Para determinar los valores de:</p>
<listaSinNumerar>
<listaElemento><cursiva>y</cursiva> = arccsc (1)</listaElemento>
<listaElemento><cursiva>y</cursiva> = csc<superindice>–1</superindice
> (2)</listaElemento>
<listaElemento><cursiva>y</cursiva> = csc<superindice>–1 </superindice
>(3,5)</listaElemento>
</listaSinNumerar>
<p>Podemos analizar el intervalo [–π/2, 0) ∪ (0, π/2].</p>
<listaSinNumerar>
<listaElemento>El número en el intervalo donde csc <cursiva>y</cursiva
> = 1 es <cursiva>y</cursiva> = π/2.</listaElemento>
<listaElemento>El número en el intervalo donde csc <cursiva>y</cursiva
> = 2 es <cursiva>y</cursiva> = π/6.</listaElemento>
<listaElemento>Usando la calculadora obtenemos csc<superindice>–1</superindice
> (3,5) = 0,289517. </listaElemento>
</listaSinNumerar>
<p>Si quieres profundizar en el análisis de las funciones trigonométricas
inversas a partir de sus gráficas, puedes visitar el link <enlace
destino="https://www.geogebra.org/student/m176873">[VER]</enlace>o
el sitio <enlace destino="https://www.geogebra.org/student/m610157"
>[VER]</enlace>.</p>
<practica>
<enlace
destino="/LoIdRedirect.aspx?LoId=MA_10_03_CO_Recurso170&amp;IdRecurso=RES-39C1BDDEB8854569A0C6F02A7E12F11F"
>Determina valores en funciones trigonométricas inversas</enlace>
<enlace
destino="/LoIdRedirect.aspx?LoId=MA_10_03_CO_Recurso200&amp;IdRecurso=RES-5D4CD1D8FFB74D2589FB043CC2D8AF45"
>Caracteriza funciones inversas</enlace>
</practica></seccion2Texto></seccion2><seccion2
id="S2_MA_10_03_CO_D1F85F165F06485280B51419D5E70033">
<seccion2Titulo>Consolidación </seccion2Titulo>
<seccion2Texto>
<p>Actividades para afianzar lo que has aprendido en esta sección.</p>
<practica>
<enlace
destino="/LoIdRedirect.aspx?LoId=MA_10_03_CO_Recurso210&amp;IdRecurso=RES-D612901CEEBE4CCCBCA3356BC2AF465D"
>Refuerza tu aprendizaje: Las funciones trigonométricas inversas</enlace>
</practica></seccion2Texto></seccion2></seccion1Texto></seccion1>
<seccion1 id="S1_MA_10_03_CO_0B8B873F399143DA9607D34FEDB711BC">
<seccion1Titulo>Competencias</seccion1Titulo>
<seccion1Texto><practica>
<enlace
destino="/LoIdRedirect.aspx?LoId=MA_10_03_CO_Recurso220&amp;IdRecurso=RES-D8F79D89563F4928B22C788B97269508"
>Competencias: Las funciones trigonométricas con regla y compás</enlace>
</practica></seccion1Texto></seccion1><masinformacion
id="MI_MA_10_03_CO_5DB8BB32B9F647AE9E62EDD5A42DD6D5"><mapaconceptual>
<enlace
destino="/LoIdRedirect.aspx?LoId=MA_10_03_CO_Recurso240&amp;IdRecurso=RES-83D565C9BFEE45D899C3A6D572D18A14"
>Mapa Conceptual</enlace></mapaconceptual><autoevaluate><enlace
destino="/LoIdRedirect.aspx?LoId=MA_10_03_CO_Recurso250&amp;IdRecurso=RES-E763E13331BE4FE781B43CC015F33488"
>Evaluación</enlace></autoevaluate><enlacesreferencia>
<enlace destino="http://www.vitutor.com/al/trigo/trigo_3.html ">Repasa
las características básicas de las funciones trigonométricas</enlace>
<enlace
destino="http://www.aritor.com/trigonometria/funciones_inversas.html "
>Estudia las características básicas de las funciones trigonométricas
inversas</enlace>
<enlace
destino="http://www.geogebra.org/m/fp2JD3Pk?doneurl=%2Fsearch%2Fperform%2Fsearch%2Ffunci%25C3%25B3nes%2Btrigonom%25C3%25A9tricas%2Fmaterials%2F "
>Analiza las funciones trigonométricas generales</enlace>
</enlacesreferencia></masinformacion></libro>
