﻿<?xml version="1.0" encoding="utf-8"?><motor tipo="8" clase="a" aprid="m8a">
  <plataforma>
    <grado><![CDATA[2]]></grado>
    <titulo>Analiza características básicas de funciones trigonométricas</titulo>
    <area>0</area>
    <nivel>3</nivel>
    <referencia/>
    <idreg><![CDATA[0]]></idreg>
    <motor><![CDATA[M8A]]></motor>
    <lang>es_co</lang>
  </plataforma>
  <enunciado><![CDATA[Observa con atención la gráfica de las funciones trigonométricas y determina la función correspondiente. ]]></enunciado>
  <masinfo inicio="0"><![CDATA[Apoya tu análisis evaluando las funciones en los valores de los ángulos notables de cada función. ]]></masinfo>
  <sinaleatoriedad><![CDATA[0]]></sinaleatoriedad>
  <calc><![CDATA[1]]></calc>
  <respuestaunica><![CDATA[0]]></respuestaunica>
  <test cantidad="6">
    <cuestion>
      <enunciado><![CDATA[La función que corresponde a la gráfica propuesta y su valor máximo son:]]></enunciado>
      <imagen><![CDATA[MA_10_03_CO_REC50_IMG01n.png]]></imagen>
      <ampliacion><![CDATA[MA_10_03_CO_REC50_IMG01a.png]]></ampliacion>
      <explicacion><![CDATA[Elabora una tabla y establece valores para la función que genera la gráfica propuesta.]]></explicacion>
      <respuestas>
        <respuesta contestacion="{{cur}}f{{normal}}({{cur}}x{{normal}}) = sen ({{cur}}x{{normal}}) – cos ({{cur}}x{{normal}})" correcta="on"/>
        <respuesta contestacion="{{cur}}f{{normal}}({{cur}}x{{normal}}) = sen ({{cur}}x{{normal}}) + cos ({{cur}}x{{normal}})" correcta="0"/>
        <respuesta contestacion="{{cur}}f{{normal}}({{cur}}x{{normal}}) = cos ({{cur}}x{{normal}}) + cos ({{cur}}x{{normal}})" correcta="0"/>
        <respuesta contestacion="1,5" correcta="on"/>
        <respuesta contestacion="2" correcta="0"/>
      </respuestas>
    </cuestion>
    <cuestion>
      <enunciado><![CDATA[La función que corresponde a la gráfica propuesta y su periodo son:]]></enunciado>
      <imagen><![CDATA[MA_10_03_CO_REC50_IMG02n.png]]></imagen>
      <ampliacion><![CDATA[MA_10_03_CO_REC50_IMG02a.png]]></ampliacion>
      <explicacion><![CDATA[Elabora una tabla y establece valores para la función que genera la gráfica propuesta.]]></explicacion>
      <respuestas>
        <respuesta contestacion="{{cur}}f{{normal}}({{cur}}x{{normal}}) = sen ({{cur}}x{{normal}}) + cos ({{cur}}x{{normal}})" correcta="on"/>
        <respuesta contestacion="{{cur}}f{{normal}}({{cur}}x{{normal}}) = cos ({{cur}}x{{normal}}) – cos ({{cur}}x{{normal}})" correcta="0"/>
        <respuesta contestacion="{{cur}}f{{normal}}({{cur}}x{{normal}}) = sen ({{cur}}x{{normal}}) + sen ({{cur}}x{{normal}})" correcta="0"/>
        <respuesta contestacion="2π " correcta="on"/>
        <respuesta contestacion="π /4" correcta="0"/>
      </respuestas>
    </cuestion>
    <cuestion>
      <enunciado><![CDATA[La función que corresponde a la gráfica propuesta y su valor mínimo son:]]></enunciado>
      <imagen><![CDATA[MA_10_03_CO_REC50_IMG03n.png]]></imagen>
      <ampliacion><![CDATA[MA_10_03_CO_REC50_IMG03a.png]]></ampliacion>
      <explicacion><![CDATA[Elabora una tabla y establece valores para la función que genera la gráfica propuesta.]]></explicacion>
      <respuestas>
        <respuesta contestacion="{{cur}}f{{normal}}({{cur}}x{{normal}}) = cos ({{cur}}x{{normal}}) + cos ({{cur}}x{{normal}})" correcta="on"/>
        <respuesta contestacion="{{cur}}f{{normal}}({{cur}}x{{normal}}) = cos ({{cur}}x{{normal}}) – cos ({{cur}}x{{normal}})" correcta="0"/>
        <respuesta contestacion="{{cur}}f{{normal}}({{cur}}x{{normal}}) = sen ({{cur}}x{{normal}}) + cos ({{cur}}x{{normal}})" correcta="0"/>
        <respuesta contestacion="–2" correcta="on"/>
        <respuesta contestacion="2" correcta="0"/>
      </respuestas>
    </cuestion>
    <cuestion>
      <enunciado><![CDATA[La función que corresponde a la gráfica propuesta y su dominio son:]]></enunciado>
      <imagen><![CDATA[MA_10_03_CO_REC50_IMG04n.png]]></imagen>
      <ampliacion><![CDATA[MA_10_03_CO_REC50_IMG04a.png]]></ampliacion>
      <explicacion><![CDATA[Elabora una tabla y establece valores para la función que genera la gráfica propuesta.]]></explicacion>
      <respuestas>
        <respuesta contestacion="{{cur}}f{{normal}}({{cur}}x{{normal}}) = cos ({{cur}}x{{normal}}) – cos ({{cur}}x{{normal}})" correcta="on"/>
        <respuesta contestacion="{{cur}}f{{normal}}({{cur}}x{{normal}}) = sen ({{cur}}x{{normal}}) – cos ({{cur}}x{{normal}})" correcta="0"/>
        <respuesta contestacion="{{cur}}f{{normal}}({{cur}}x{{normal}}) = sen ({{cur}}x{{normal}}) + cos ({{cur}}x{{normal}})" correcta="0"/>
        <respuesta contestacion="ℛ" correcta="on"/>
        <respuesta contestacion="(–∞, 0) ⋃ (0, ∞)" correcta="0"/>
      </respuestas>
    </cuestion>
    <cuestion>
      <enunciado><![CDATA[La función que corresponde a la gráfica propuesta y su periodo son:]]></enunciado>
      <imagen><![CDATA[MA_10_03_CO_REC50_IMG05n.png]]></imagen>
      <ampliacion><![CDATA[MA_10_03_CO_REC50_IMG05a.png]]></ampliacion>
      <explicacion><![CDATA[Elabora una tabla y establece valores para la función que genera la gráfica propuesta.]]></explicacion>
      <respuestas>
        <respuesta contestacion="{{cur}}f{{normal}}({{cur}}x{{normal}}) = sen ({{cur}}x{{normal}}) + sen ({{cur}}x{{normal}})" correcta="on"/>
        <respuesta contestacion="{{cur}}f{{normal}}({{cur}}x{{normal}}) = sen ({{cur}}x{{normal}}) + cos ({{cur}}x{{normal}})" correcta="0"/>
        <respuesta contestacion="{{cur}}f{{normal}}({{cur}}x{{normal}}) = cos ({{cur}}x{{normal}}) + sen ({{cur}}x{{normal}})" correcta="0"/>
        <respuesta contestacion="2π" correcta="on"/>
        <respuesta contestacion="π/2" correcta="0"/>
      </respuestas>
    </cuestion>
    <cuestion>
      <enunciado><![CDATA[La función que corresponde a la gráfica propuesta y su valor máximo son:]]></enunciado>
      <imagen><![CDATA[MA_10_03_CO_REC50_IMG06n.png]]></imagen>
      <ampliacion><![CDATA[MA_10_03_CO_REC50_IMG06a.png]]></ampliacion>
      <explicacion><![CDATA[Elabora una tabla y establece valores para la función que genera la gráfica propuesta]]></explicacion>
      <respuestas>
        <respuesta contestacion="{{cur}}f{{normal}}({{cur}}x{{normal}}) = cos ({{cur}}x{{normal}}) – sen ({{cur}}x{{normal}})" correcta="0"/>
        <respuesta contestacion="{{cur}}f{{normal}}({{cur}}x{{normal}}) = sen ({{cur}}x{{normal}}) – cos ({{cur}}x{{normal}})" correcta="on"/>
        <respuesta contestacion="{{cur}}f{{normal}}({{cur}}x{{normal}}) = cos ({{cur}}x{{normal}}) + sen ({{cur}}x{{normal}})" correcta="0"/>
        <respuesta contestacion="1,5" correcta="on"/>
        <respuesta contestacion="2" correcta="0"/>
      </respuestas>
    </cuestion>
  </test>
</motor>