<?xml version='1.0' encoding='UTF-8'?><mapa aprid="mapa">
  <copyright>(c) Editorial Planeta</copyright>
  <version>1.0</version>
  <botonMapaConceptual>mostrar</botonMapaConceptual>
  <botonMapaMudo>ocultar</botonMapaMudo>
  <botonMudo>0</botonMudo>
  <objeto>
    <ref>00</ref>
    <texto>La semejanza</texto>
    <hijos>12,11,10</hijos>
    <padre/>
    <siz>0</siz>
    <negcur>000000000000</negcur>
    <cen>1</cen>
    <img/>
    <audio/>
  </objeto>
  <objeto>
    <ref>10</ref>
    <texto>a partir de</texto>
    <hijos>20</hijos>
    <padre>00</padre>
    <siz>14</siz>
    <negcur>00000000000</negcur>
    <cen>1</cen>
    <img/>
    <audio/>
  </objeto>
  <objeto>
    <ref>20</ref>
    <texto>Proyecciones</texto>
    <hijos>30</hijos>
    <padre>10</padre>
    <siz>0</siz>
    <negcur>000000000000</negcur>
    <cen>1</cen>
    <img/>
    <audio/>
  </objeto>
  <objeto>
    <ref>11</ref>
    <texto>relaciona</texto>
    <hijos>21</hijos>
    <padre>00</padre>
    <siz>0</siz>
    <negcur>000000000</negcur>
    <cen>1</cen>
    <img/>
    <audio/>
  </objeto>
  <objeto>
    <ref>21</ref>
    <texto>Figuras
geométricas</texto>
    <hijos>31</hijos>
    <padre>11</padre>
    <siz>0</siz>
    <negcur>0000000000000000000</negcur>
    <cen>1</cen>
    <img/>
    <audio/>
  </objeto>
  <objeto>
    <ref>12</ref>
    <texto>parte de</texto>
    <hijos>22</hijos>
    <padre>00</padre>
    <siz>0</siz>
    <negcur>00000000</negcur>
    <cen>1</cen>
    <img/>
    <audio/>
  </objeto>
  <objeto>
    <ref>22</ref>
    <texto>Proporcionalidad
de segmentos</texto>
    <hijos>32</hijos>
    <padre>12</padre>
    <siz>0</siz>
    <negcur>00000000000000000000000000000</negcur>
    <cen>1</cen>
    <img/>
    <audio/>
  </objeto>
  <objeto>
    <ref>30</ref>
    <texto>permite</texto>
    <hijos>40</hijos>
    <padre>20</padre>
    <siz>0</siz>
    <negcur>0000000</negcur>
    <cen>1</cen>
    <img/>
    <audio/>
  </objeto>
  <objeto>
    <ref>40</ref>
    <texto>construcción de
nuevas figuras</texto>
    <hijos>50</hijos>
    <padre>30</padre>
    <siz>0</siz>
    <negcur>000000000000000000000000000000</negcur>
    <cen>1</cen>
    <img/>
    <audio/>
  </objeto>
  <objeto>
    <ref>50</ref>
    <texto>a partir de</texto>
    <hijos>61,60</hijos>
    <padre>40</padre>
    <siz>0</siz>
    <negcur>00000000000</negcur>
    <cen>1</cen>
    <img/>
    <audio/>
  </objeto>
  <objeto>
    <ref>60</ref>
    <texto>un punto en el plano</texto>
    <hijos>70</hijos>
    <padre>50</padre>
    <siz>0</siz>
    <negcur>00000000000000000000</negcur>
    <cen>1</cen>
    <img/>
    <audio/>
  </objeto>
  <objeto>
    <ref>61</ref>
    <texto>una constante k</texto>
    <hijos>71</hijos>
    <padre>50</padre>
    <siz>0</siz>
    <negcur>000000000000001</negcur>
    <cen>1</cen>
    <img/>
    <audio/>
  </objeto>
  <objeto>
    <ref>70</ref>
    <texto>llamado</texto>
    <hijos>80</hijos>
    <padre>60</padre>
    <siz>0</siz>
    <negcur>0000000</negcur>
    <cen>1</cen>
    <img/>
    <audio/>
  </objeto>
  <objeto>
    <ref>80</ref>
    <texto>foco de
proyección</texto>
    <hijos/>
    <padre>70</padre>
    <siz>0</siz>
    <negcur>000000000000000000</negcur>
    <cen>1</cen>
    <img/>
    <audio/>
  </objeto>
  <objeto>
    <ref>71</ref>
    <texto>que es</texto>
    <hijos>81</hijos>
    <padre>61</padre>
    <siz>0</siz>
    <negcur>000000</negcur>
    <cen>1</cen>
    <img/>
    <audio/>
  </objeto>
  <objeto>
    <ref>81</ref>
    <texto>la razón de
semejanza</texto>
    <hijos>90</hijos>
    <padre>71</padre>
    <siz>0</siz>
    <negcur>000000000000000000000</negcur>
    <cen>1</cen>
    <img/>
    <audio/>
  </objeto>
  <objeto>
    <ref>90</ref>
    <texto>entre</texto>
    <hijos>a0</hijos>
    <padre>81</padre>
    <siz>0</siz>
    <negcur>00000</negcur>
    <cen>1</cen>
    <img/>
    <audio/>
  </objeto>
  <objeto>
    <ref>a0</ref>
    <texto>la figura y su
proyección</texto>
    <hijos/>
    <padre>90</padre>
    <siz>0</siz>
    <negcur>0000000000000000000000000</negcur>
    <cen>1</cen>
    <img/>
    <audio/>
  </objeto>
  <objeto>
    <ref>31</ref>
    <texto>con</texto>
    <hijos>41</hijos>
    <padre>21</padre>
    <siz>0</siz>
    <negcur>000</negcur>
    <cen>1</cen>
    <img/>
    <audio/>
  </objeto>
  <objeto>
    <ref>41</ref>
    <texto>igual forma,
diferente tamaño</texto>
    <hijos>51</hijos>
    <padre>31</padre>
    <siz>0</siz>
    <negcur>00000000000000000000000000000</negcur>
    <cen>1</cen>
    <img/>
    <audio/>
  </objeto>
  <objeto>
    <ref>51</ref>
    <texto>vinculadas por</texto>
    <hijos>63,62</hijos>
    <padre>41</padre>
    <siz>0</siz>
    <negcur>00000000000000</negcur>
    <cen>1</cen>
    <img/>
    <audio/>
  </objeto>
  <objeto>
    <ref>62</ref>
    <texto>relaciones entre
ángulos y lados</texto>
    <hijos>72</hijos>
    <padre>51</padre>
    <siz>0</siz>
    <negcur>00000000000000000000000000000000</negcur>
    <cen>1</cen>
    <img/>
    <audio/>
  </objeto>
  <objeto>
    <ref>63</ref>
    <texto>una razón de
semejanza k</texto>
    <hijos>73</hijos>
    <padre>51</padre>
    <siz>0</siz>
    <negcur>000000000000000000000001</negcur>
    <cen>1</cen>
    <img/>
    <audio/>
  </objeto>
  <objeto>
    <ref>72</ref>
    <texto>a partir de</texto>
    <hijos>82</hijos>
    <padre>62</padre>
    <siz>0</siz>
    <negcur>00000000000</negcur>
    <cen>1</cen>
    <img/>
    <audio/>
  </objeto>
  <objeto>
    <ref>82</ref>
    <texto>correspondencias</texto>
    <hijos/>
    <padre>72</padre>
    <siz>0</siz>
    <negcur>0000000000000000</negcur>
    <cen>1</cen>
    <img/>
    <audio/>
  </objeto>
  <objeto>
    <ref>73</ref>
    <texto>que representa</texto>
    <hijos>83</hijos>
    <padre>63</padre>
    <siz>0</siz>
    <negcur>00000000000000</negcur>
    <cen>1</cen>
    <img/>
    <audio/>
  </objeto>
  <objeto>
    <ref>83</ref>
    <texto>⋅ Una ampliación si k &gt; 1
⋅ Una reducción si k &lt; 1
⋅ Una congruencia si k = 1</texto>
    <hijos>91</hijos>
    <padre>73</padre>
    <siz>0</siz>
    <negcur>00000000000000000000100000000000000000000000010000000000000000000000000010000</negcur>
    <cen>0</cen>
    <img/>
    <audio/>
  </objeto>
  <objeto>
    <ref>91</ref>
    <texto>relacionando</texto>
    <hijos>a2,a1</hijos>
    <padre>83</padre>
    <siz>0</siz>
    <negcur>000000000000</negcur>
    <cen>1</cen>
    <img/>
    <audio/>
  </objeto>
  <objeto>
    <ref>a1</ref>
    <texto/>
    <hijos/>
    <padre>91</padre>
    <siz>0</siz>
    <negcur/>
    <cen>1</cen>
    <img>ecuacion_para_ma_07_12_mc.png</img>
    <audio/>
  </objeto>
  <objeto>
    <ref>a2</ref>
    <texto>perímetos a razón k</texto>
    <hijos/>
    <padre>91</padre>
    <siz>0</siz>
    <negcur>0000000000000000001</negcur>
    <cen>1</cen>
    <img/>
    <audio/>
  </objeto>
  <objeto>
    <ref>32</ref>
    <texto>definida como</texto>
    <hijos>42</hijos>
    <padre>22</padre>
    <siz>0</siz>
    <negcur>0000000000000</negcur>
    <cen>1</cen>
    <img/>
    <audio/>
  </objeto>
  <objeto>
    <ref>42</ref>
    <texto>igualdad entre
dos razones</texto>
    <hijos>52</hijos>
    <padre>32</padre>
    <siz>0</siz>
    <negcur>00000000000000000000000000</negcur>
    <cen>1</cen>
    <img/>
    <audio/>
  </objeto>
  <objeto>
    <ref>52</ref>
    <texto>que relaciona</texto>
    <hijos>64</hijos>
    <padre>42</padre>
    <siz>0</siz>
    <negcur>0000000000000</negcur>
    <cen>1</cen>
    <img/>
    <audio/>
  </objeto>
  <objeto>
    <ref>64</ref>
    <texto>parejas de
longitudes</texto>
    <hijos>74</hijos>
    <padre>52</padre>
    <siz>0</siz>
    <negcur>000000000000000000000</negcur>
    <cen>1</cen>
    <img/>
    <audio/>
  </objeto>
  <objeto>
    <ref>74</ref>
    <texto>que representan</texto>
    <hijos>84</hijos>
    <padre>64</padre>
    <siz>0</siz>
    <negcur>000000000000000</negcur>
    <cen>1</cen>
    <img/>
    <audio/>
  </objeto>
  <objeto>
    <ref>84</ref>
    <texto>ampliaciones y
reducciones</texto>
    <hijos/>
    <padre>74</padre>
    <siz>0</siz>
    <negcur>00000000000000000000000000</negcur>
    <cen>1</cen>
    <img/>
    <audio/>
  </objeto>
</mapa>