﻿<?xml version="1.0" encoding="utf-8"?>
<motor tipo="4" clase="a" aprid="M4a">
  <plataforma>
    <grado><![CDATA[2]]></grado>
    <titulo>¿Qué sabes del valor absoluto y de los números opuestos?</titulo>
    <volumen><![CDATA[3]]></volumen>
    <nivel><![CDATA[2]]></nivel>
    <referencia><![CDATA[mt_07_03_09]]></referencia>
    <id_reg><![CDATA[245]]></id_reg>
    <motor><![CDATA[M4a]]></motor>
    <lang>es</lang>
  </plataforma>
  <enunciado><![CDATA[Elige la opción que indique si la afirmación es falsa o verdadera.]]></enunciado>
  <masinfo inicio="0" />
  <sinaleatoriedad><![CDATA[0]]></sinaleatoriedad>
  <calc><![CDATA[0]]></calc>
  <respuestaunica><![CDATA[0]]></respuestaunica>
  <test cantidad="10">
    <cuestion>
      <enunciado><![CDATA[El valor absoluto consiste en cambiarle el signo al número entero.]]></enunciado>
      <explicacion />
      <imagen />
      <respuestas>
        <respuesta contestacion="Verdadero" correcta="0" />
        <respuesta contestacion="Falso" correcta="1" />
      </respuestas>
    </cuestion>
    <cuestion>
      <enunciado><![CDATA[Un número entero y su opuesto tienen el mismo valor absoluto.]]></enunciado>
      <explicacion />
      <imagen />
      <respuestas>
        <respuesta contestacion="Verdadero" correcta="1" />
        <respuesta contestacion="Falso" correcta="0" />
      </respuestas>
    </cuestion>
    <cuestion>
      <enunciado><![CDATA[El opuesto de un número entero negativo es un número entero positivo.]]></enunciado>
      <explicacion />
      <imagen />
      <respuestas>
        <respuesta contestacion="Verdadero" correcta="1" />
        <respuesta contestacion="Falso" correcta="0" />
      </respuestas>
    </cuestion>
    <cuestion>
      <enunciado><![CDATA[Entre dos números enteros, el mayor es el que tiene el valor absoluto más alto.]]></enunciado>
      <explicacion />
      <imagen />
      <respuestas>
        <respuesta contestacion="Verdadero" correcta="0" />
        <respuesta contestacion="Falso" correcta="1" />
      </respuestas>
    </cuestion>
    <cuestion>
      <enunciado><![CDATA[En una recta numérica un número entero y su opuesto se encuentran a la misma distancia de cero.]]></enunciado>
      <explicacion />
      <imagen />
      <respuestas>
        <respuesta contestacion="Verdadero" correcta="1" />
        <respuesta contestacion="Falso" correcta="0" />
      </respuestas>
    </cuestion>
    <cuestion>
      <enunciado><![CDATA[El elemento opuesto del cero es él mismo.]]></enunciado>
      <explicacion />
      <imagen />
      <respuestas>
        <respuesta contestacion="Verdadero" correcta="1" />
        <respuesta contestacion="Falso" correcta="0" />
      </respuestas>
    </cuestion>
    <cuestion>
      <enunciado><![CDATA[El cero no tiene valor absoluto.]]></enunciado>
      <explicacion />
      <imagen />
      <respuestas>
        <respuesta contestacion="Verdadero" correcta="0" />
        <respuesta contestacion="Falso" correcta="1" />
      </respuestas>
    </cuestion>
    <cuestion>
      <enunciado><![CDATA[El opuesto del opuesto de un número entero equivale a su valor absoluto.]]></enunciado>
      <explicacion />
      <imagen />
      <respuestas>
        <respuesta contestacion="Verdadero" correcta="0" />
        <respuesta contestacion="Falso" correcta="1" />
      </respuestas>
    </cuestion>
    <cuestion>
      <enunciado><![CDATA[El opuesto del valor absoluto de un número entero siempre es positivo.]]></enunciado>
      <explicacion />
      <imagen />
      <respuestas>
        <respuesta contestacion="Verdadero" correcta="0" />
        <respuesta contestacion="Falso" correcta="1" />
      </respuestas>
    </cuestion>
    <cuestion>
      <enunciado><![CDATA[El opuesto de todo número entero es un número negativo.]]></enunciado>
      <explicacion />
      <imagen />
      <respuestas>
        <respuesta contestacion="Verdadero" correcta="0" />
        <respuesta contestacion="Falso" correcta="1" />
      </respuestas>
    </cuestion>
  </test>
  <temps>15</temps>
</motor>