﻿<?xml version="1.0" encoding="utf-8"?><motor tipo="7" clase="a" aprid="m7a">
  <plataforma>
    <grado><![CDATA[2]]></grado>
    <titulo>Determina la expansión decimal de un número real</titulo>
    <area>0</area>
    <nivel>1</nivel>
    <referencia/>
    <idreg><![CDATA[0]]></idreg>
    <motor><![CDATA[M7A]]></motor>
    <lang>es</lang>
  </plataforma>
  <enunciado><![CDATA[Identifica la expansión decimal de cada número real.]]></enunciado>
  <masinfo inicio="0"/>
  <sinaleatoriedad><![CDATA[0]]></sinaleatoriedad>
  <calc><![CDATA[1]]></calc>
  <respuestaunica><![CDATA[0]]></respuestaunica>
  <test cantidad="10">
    <cuestion>
      <enunciado><![CDATA[Determina la cantidad de dígitos que hay en el periodo de la expansión decimal siguiente racional.]]></enunciado>
      <imagen><![CDATA[MA_11_01_REC60_IMG01n.png]]></imagen>
      <ampliacion><![CDATA[MA_11_01_REC60_IMG01a.png]]></ampliacion>
      <respuestas>
        <respuesta ruta="MA_11_01_REC60_IMG02.png" ampliacion="" correcta="0"/>
        <respuesta ruta="MA_11_01_REC60_IMG03.png" ampliacion="" correcta="0"/>
        <respuesta ruta="MA_11_01_REC60_IMG04.png" ampliacion="" correcta="0"/>
        <respuesta ruta="MA_11_01_REC60_IMG05.png" ampliacion="" correcta="1"/>
      </respuestas>
    </cuestion>
    <cuestion>
      <enunciado><![CDATA[La cantidad de dígitos en el periodo de la expansión decimal es:]]></enunciado>
      <imagen><![CDATA[MA_11_01_REC60_IMG06n.png]]></imagen>
      <ampliacion><![CDATA[MA_11_01_REC60_IMG06a.png]]></ampliacion>
      <respuestas>
        <respuesta ruta="MA_11_01_REC60_IMG07.png" ampliacion="" correcta="0"/>
        <respuesta ruta="MA_11_01_REC60_IMG08.png" ampliacion="" correcta="0"/>
        <respuesta ruta="MA_11_01_REC60_IMG09.png" ampliacion="" correcta="1"/>
        <respuesta ruta="MA_11_01_REC60_IMG10.png" ampliacion="" correcta="0"/>
      </respuestas>
    </cuestion>
    <cuestion>
      <enunciado><![CDATA[Al expresar el número real como una expansión decimal se obtiene:]]></enunciado>
      <imagen><![CDATA[MA_11_01_REC60_IMG11n.png]]></imagen>
      <ampliacion><![CDATA[MA_11_01_REC60_IMG11a.png]]></ampliacion>
      <respuestas>
        <respuesta ruta="MA_11_01_REC60_IMG12.png" ampliacion="" correcta="1"/>
        <respuesta ruta="MA_11_01_REC60_IMG13.png" ampliacion="" correcta="0"/>
        <respuesta ruta="MA_11_01_REC60_IMG14.png" ampliacion="" correcta="0"/>
        <respuesta ruta="MA_11_01_REC60_IMG15.png" ampliacion="" correcta="0"/>
      </respuestas>
    </cuestion>
    <cuestion>
      <enunciado><![CDATA[Al expresar el número real como una expansión decimal se obtiene:]]></enunciado>
      <imagen><![CDATA[MA_11_01_REC60_IMG16n.png]]></imagen>
      <ampliacion><![CDATA[MA_11_01_REC60_IMG16a.png]]></ampliacion>
      <respuestas>
        <respuesta ruta="MA_11_01_REC60_IMG17.png" ampliacion="" correcta="0"/>
        <respuesta ruta="MA_11_01_REC60_IMG18.png" ampliacion="" correcta="1"/>
        <respuesta ruta="MA_11_01_REC60_IMG19.png" ampliacion="" correcta="0"/>
        <respuesta ruta="MA_11_01_REC60_IMG20.png" ampliacion="" correcta="0"/>
      </respuestas>
    </cuestion>
    <cuestion>
      <enunciado><![CDATA[Al expresar el número real como una expansión decimal se obtiene:]]></enunciado>
      <imagen><![CDATA[MA_11_01_REC60_IMG21n.png]]></imagen>
      <ampliacion><![CDATA[MA_11_01_REC60_IMG21a.png]]></ampliacion>
      <respuestas>
        <respuesta ruta="MA_11_01_REC60_IMG22.png" ampliacion="" correcta="0"/>
        <respuesta ruta="MA_11_01_REC60_IMG23.png" ampliacion="" correcta="0"/>
        <respuesta ruta="MA_11_01_REC60_IMG24.png" ampliacion="" correcta="0"/>
        <respuesta ruta="MA_11_01_REC60_IMG25.png" ampliacion="" correcta="1"/>
      </respuestas>
    </cuestion>
    <cuestion>
      <enunciado><![CDATA[Los dígitos que forman el periodo de la expansión decimal son:]]></enunciado>
      <imagen><![CDATA[MA_11_01_REC60_IMG26n.png]]></imagen>
      <ampliacion><![CDATA[MA_11_01_REC60_IMG26a.png]]></ampliacion>
      <respuestas>
        <respuesta ruta="MA_11_01_REC60_IMG27.png" ampliacion="" correcta="0"/>
        <respuesta ruta="MA_11_01_REC60_IMG28.png" ampliacion="" correcta="1"/>
        <respuesta ruta="MA_11_01_REC60_IMG29.png" ampliacion="" correcta="0"/>
        <respuesta ruta="MA_11_01_REC60_IMG30.png" ampliacion="" correcta="0"/>
      </respuestas>
    </cuestion>
    <cuestion>
      <enunciado><![CDATA[Los dígitos que forman el periodo de la expansión decimal son:]]></enunciado>
      <imagen><![CDATA[MA_11_01_REC60_IMG31n.png]]></imagen>
      <ampliacion><![CDATA[MA_11_01_REC60_IMG31a.png]]></ampliacion>
      <respuestas>
        <respuesta ruta="MA_11_01_REC60_IMG32.png" ampliacion="" correcta="1"/>
        <respuesta ruta="MA_11_01_REC60_IMG33.png" ampliacion="" correcta="0"/>
        <respuesta ruta="MA_11_01_REC60_IMG34.png" ampliacion="" correcta="0"/>
        <respuesta ruta="MA_11_01_REC60_IMG35.png" ampliacion="" correcta="0"/>
      </respuestas>
    </cuestion>
    <cuestion>
      <enunciado><![CDATA[Determina la fracción de enteros a la cual le corresponde la siguiente expansión decimal.]]></enunciado>
      <imagen><![CDATA[MA_11_01_REC60_IMG36n.png]]></imagen>
      <ampliacion><![CDATA[MA_11_01_REC60_IMG36a.png]]></ampliacion>
      <respuestas>
        <respuesta ruta="MA_11_01_REC60_IMG37.png" ampliacion="" correcta="0"/>
        <respuesta ruta="MA_11_01_REC60_IMG38.png" ampliacion="" correcta="0"/>
        <respuesta ruta="MA_11_01_REC60_IMG39.png" ampliacion="" correcta="0"/>
        <respuesta ruta="MA_11_01_REC60_IMG40.png" ampliacion="" correcta="1"/>
      </respuestas>
    </cuestion>
    <cuestion>
      <enunciado><![CDATA[¿Cuál de las siguientes fracciones tiene la siguiente expansión decimal?]]></enunciado>
      <imagen><![CDATA[MA_11_01_REC60_IMG41n.png]]></imagen>
      <ampliacion><![CDATA[MA_11_01_REC60_IMG41a.png]]></ampliacion>
      <respuestas>
        <respuesta ruta="MA_11_01_REC60_IMG42.png" ampliacion="" correcta="0"/>
        <respuesta ruta="MA_11_01_REC60_IMG43.png" ampliacion="" correcta="1"/>
        <respuesta ruta="MA_11_01_REC60_IMG44.png" ampliacion="" correcta="0"/>
        <respuesta ruta="MA_11_01_REC60_IMG45.png" ampliacion="" correcta="0"/>
      </respuestas>
    </cuestion>
    <cuestion>
      <enunciado><![CDATA[Al expresar el número real como una expansión decimal se obtiene:]]></enunciado>
      <imagen><![CDATA[MA_11_01_REC60_IMG46n.png]]></imagen>
      <ampliacion><![CDATA[MA_11_01_REC60_IMG46a.png]]></ampliacion>
      <respuestas>
        <respuesta ruta="MA_11_01_REC60_IMG47.png" ampliacion="" correcta="1"/>
        <respuesta ruta="MA_11_01_REC60_IMG48.png" ampliacion="" correcta="0"/>
        <respuesta ruta="MA_11_01_REC60_IMG49.png" ampliacion="" correcta="0"/>
        <respuesta ruta="MA_11_01_REC60_IMG50.png" ampliacion="" correcta="0"/>
      </respuestas>
    </cuestion>
  </test>
</motor>