﻿<?xml version="1.0" encoding="UTF-8"?><motor tipo="4" clase="a" aprid="m4a"><plataforma><grado><![CDATA[2]]></grado><titulo>Pon a prueba tu conocimiento sobre las propiedades de los números reales.</titulo><area>0</area><nivel>1</nivel><referencia /><idreg><![CDATA[0]]></idreg><motor><![CDATA[M4A]]></motor><lang>es</lang></plataforma><enunciado><![CDATA[Elije la respuesta correcta.]]></enunciado><masinfo inicio="0" /><sinaleatoriedad><![CDATA[0]]></sinaleatoriedad><calc><![CDATA[0]]></calc><respuestaunica><![CDATA[0]]></respuestaunica><test cantidad="5"><cuestion><enunciado><![CDATA[De las siguientes afirmaciones, son {{neg}}falsas{{normal}}:]]></enunciado><explicacion /><imagen /><respuestas><respuesta contestacion="Todo núm. racional se puede expresar como expansión decimal de dos formas" correcta="1" /><respuesta contestacion="Todo número racional es algebraico." correcta="0" /><respuesta contestacion="Todo número irracional puede expresarse con radicales." correcta="1" /><respuesta contestacion="Todo número entero es racional." correcta="0" /><respuesta contestacion="Toda expansión decimal se puede expresar como una fracción de enteros" correcta="0" /></respuestas></cuestion><cuestion><enunciado><![CDATA[Cuáles de las siguientes afirmaciones son{{neg}} verdaderas{{normal}}:]]></enunciado><explicacion /><imagen /><respuestas><respuesta contestacion="La suma de dos irracionales siempre es un número irracional." correcta="0" /><respuesta contestacion="La potenciación es una operación conmutativa." correcta="0" /><respuesta contestacion="El producto de dos números racionales siempre es un número racional." correcta="1" /><respuesta contestacion="La potenciación distribuye a la adición." correcta="0" /><respuesta contestacion="La resta de números reales es asociativa." correcta="0" /></respuestas></cuestion><cuestion><enunciado><![CDATA[De los siguientes enunciados, no es una propiedad de orden de los números reales:]]></enunciado><explicacion /><imagen /><respuestas><respuesta contestacion="Si a &lt; b y c &lt; d entonces ac &lt; bd." correcta="1" /><respuesta contestacion="Si a &lt; b y c &lt; d entonces a + c &lt; b + d." correcta="0" /><respuesta contestacion="Si a &lt; b y c &lt; b entonces a &lt; c." correcta="1" /><respuesta contestacion="Si a &lt; b entonces a2 &lt; b2." correcta="1" /></respuestas></cuestion><cuestion><enunciado><![CDATA[Es una propiedad del valor absoluto:]]></enunciado><explicacion /><imagen /><respuestas><respuesta contestacion="|a - b| = |a| + |b|" correcta="0" /><respuesta contestacion="|a + b| = |a| + |b|" correcta="1" /><respuesta contestacion="|-a| = a" correcta="0" /><respuesta contestacion="|a + b - c| = |a| + |b| - |c|" correcta="0" /></respuestas></cuestion><cuestion><enunciado><![CDATA[En intervalos no disjuntos, selecciona las afirmaciones {{neg}}verdaderas{{normal}}:]]></enunciado><explicacion /><imagen /><respuestas><respuesta contestacion="La intersección de dos intervalos abiertos es un intervalo abierto" correcta="1" /><respuesta contestacion="La intersección de dos intervalos cerrados es un intervalo abierto	" correcta="0" /><respuesta contestacion="La unión de dos intervalos abiertos es un intervalo abierto" correcta="1" /><respuesta contestacion="La unión de dos intervalos abiertos es un intervalo cerrado" correcta="0" /></respuestas></cuestion></test><temps></temps></motor>