﻿<?xml version="1.0" encoding="utf-8"?><motor tipo="101" clase="a" aprid="m101a">
  <plataforma>
    <grado>2</grado>
    <titulo>Refuerza tu aprendizaje: El valor aboluto</titulo>
    <volumen/>
    <nivel>3</nivel>
    <referencia/>
    <motor/>
    <lang>es</lang>
  </plataforma>
  <enunciado><![CDATA[Realiza la siguiente actividad. Cuando termines haz clic en Enviar. Si es necesario entrega las respuestas escritas a mano o por email a tu profesor para que pueda validarlas.]]></enunciado>
  <masinfo inicio="0"/>
  <calc><![CDATA[0]]></calc>
  <preguntas cantidad="10">
    <pregunta>
      <enunciado><![CDATA[Determina si la siguiente proposición es verdadera o falsa. Justifica tu respuesta. El valor absoluto de un número real puede ser un real negativo.]]></enunciado>
      <explicacion><![CDATA[El concepto de valor absoluto de un número, determina que su valor siempre es un número no negativo. Además representa distancia de un número o cero, sobre la recta numérica.]]></explicacion>
      <nivel><![CDATA[1]]></nivel>
      <tipo><![CDATA[M]]></tipo>
      <imagen/>
      <ampliacion/>
      <texto/>
    </pregunta>
    <pregunta>
      <enunciado><![CDATA[Determina si la siguiente proposición es verdadera o falsa. Justifica tu respuesta. Si {{cur}}a{{normal}} y {{cur}}b{{normal}} son números reales, entonces |{{cur}}a – b{{normal}}| = I{{cur}}a{{normal}}I – I{{cur}}b{{normal}}I{{normal}}]]></enunciado>
      <explicacion><![CDATA[Una de propiedades que cumplen las igualdades con valor absoluto, es que el valor absoluto de la suma de dos números reales es menor o igual a la suma de los valores absolutos de los números.]]></explicacion>
      <nivel><![CDATA[2]]></nivel>
      <tipo><![CDATA[M]]></tipo>
      <imagen/>
      <ampliacion/>
      <texto/>
    </pregunta>
    <pregunta>
      <enunciado><![CDATA[Resuelve la siguiente ecuación |{{cur}}x{{normal}} + 6| = 12]]></enunciado>
      <explicacion/>
      <nivel><![CDATA[2]]></nivel>
      <tipo><![CDATA[M]]></tipo>
      <imagen/>
      <ampliacion/>
      <texto/>
    </pregunta>
    <pregunta>
      <enunciado><![CDATA[Observa la siguiente ecuación. |{{cur}}x{{normal}} + 5| + {{cur}}x{{normal}} = {{cur}}x{{normal}} + 3{{normal}}. ¿{{cur}}x{{normal}} = –2, es solución de la ecuación? Justifica tu respuesta.]]></enunciado>
      <explicacion><![CDATA[Se debe resolver la ecuación o se puede sustituir el valor de {{cur}}x = –2 {{normal}}en la ecuación y se debe obtener una igualdad.]]></explicacion>
      <nivel><![CDATA[2]]></nivel>
      <tipo><![CDATA[M]]></tipo>
      <imagen/>
      <ampliacion/>
      <texto/>
    </pregunta>
    <pregunta>
      <enunciado><![CDATA[La temperatura a la que debe estar un medicamento está dada por la fórmula |6{{cur}}T{{normal}} – 11| < 8. ¿Cuál es el  rango de temperatura a la que puede estar expuesto el medicamento?]]></enunciado>
      <explicacion><![CDATA[Se deben aplicar las propiedades para resolver las inecuaciones con valor absoluto.]]></explicacion>
      <nivel><![CDATA[2]]></nivel>
      <tipo><![CDATA[M]]></tipo>
      <imagen/>
      <ampliacion/>
      <texto/>
    </pregunta>
    <pregunta>
      <enunciado><![CDATA[El costo para producir un artículo está dado por la expresión |5,6{{cur}}x{{normal}} + 4500|. ¿Cuántos artículos se deben producir para que el costo sea menor a U$12 600?]]></enunciado>
      <explicacion><![CDATA[Se deben aplicar las propiedades para resolver las inecuaciones con valor absoluto.]]></explicacion>
      <nivel><![CDATA[2]]></nivel>
      <tipo><![CDATA[M]]></tipo>
      <imagen/>
      <ampliacion/>
      <texto/>
    </pregunta>
    <pregunta>
      <enunciado><![CDATA[Se determina que el ancho de la tapa de un celular puede tener un margen de error de 0,005 cm. Si el celular tiene un ancho de 7 cm, establece una inecuación con valor absoluto para representar los posibles anchos de la tapa.]]></enunciado>
      <explicacion><![CDATA[Se debe establecer una inecuación que al resolverse, se obtenga un intervalo de las posibles dimensiones de la tapa de un celular.]]></explicacion>
      <nivel><![CDATA[3]]></nivel>
      <tipo><![CDATA[L]]></tipo>
      <imagen/>
      <ampliacion/>
      <texto/>
    </pregunta>
    <pregunta>
      <enunciado><![CDATA[Determinar si la siguiente proposición es verdadera o falsa. Justifica tu respuesta. Es válido afirmar que |{{cur}}x{{normal}}| ≤ |{{cur}}a{{normal}}| {{normal}} si y solo si {{cur}}x{{normal}}{{sup}}2{{normal}} ≤ {{cur}}a{{normal}}{{sup}}2{{normal}}.]]></enunciado>
      <explicacion><![CDATA[|{{cur}}x{{normal}}| y |{{cur}}a{{normal}}| son valores no negativos y todo número real elevado al cuadrado es no negativo.]]></explicacion>
      <nivel><![CDATA[2]]></nivel>
      <tipo><![CDATA[M]]></tipo>
      <imagen/>
      <ampliacion/>
      <texto/>
    </pregunta>
    <pregunta>
      <enunciado><![CDATA[Un programa calcula la altura máxima y mínima de una ciudad, la cual se expresa con el ecuación |2{{cur}}x{{normal}} – 100| = 25 ¿Cuál son la alturas de la ciudad?]]></enunciado>
      <explicacion><![CDATA[Se debe aplicar las propiedades de valor absoluto para resolver la ecuación]]></explicacion>
      <nivel><![CDATA[2]]></nivel>
      <tipo><![CDATA[M]]></tipo>
      <imagen/>
      <ampliacion/>
      <texto/>
    </pregunta>
    <pregunta>
      <enunciado><![CDATA[Representa en la recta numérica la solución de la siguiente inecuación |6{{cur}}x{{normal}} + 10| < 2{{cur}}x{{normal}}.]]></enunciado>
      <explicacion><![CDATA[Aplicando las propiedades de valor absoluto se resuelve la inecuación y se expresa el resultado como conjuntos de intervalos sobre la recta numérica.]]></explicacion>
      <nivel><![CDATA[2]]></nivel>
      <tipo><![CDATA[M]]></tipo>
      <imagen/>
      <ampliacion/>
      <texto/>
    </pregunta>
  </preguntas>
</motor>