<?xml version="1.0" encoding="iso-8859-1"?>
<metadata xmlns="urn:InfoRecurso">
  <identificador>RES-B8AFF13D5B914D1082BAC53589AF0CB1</identificador>
  <loid>MA_11_01_CO_Recurso200</loid>
  <titulo>Desarrolla inecuaciones</titulo>
  <descripcion>
  </descripcion>
  <relacionado>0</relacionado>
  <tiporecurso>Recurso sin ficha</tiporecurso>
  <tiempoestimado>30</tiempoestimado>
  <acciondidactica>Ejercitaci�n</acciondidactica>
  <competencia>Competencia para aprender a aprender</competencia>
  <tipomedia pesado="false" matricula="">Actividad</tipomedia>
  <conceptos>
    <concepto>ecuaciones</concepto>
    <concepto>inecuaciones</concepto>
    <concepto>propiedades</concepto>
  </conceptos>
  <autonomico>0</autonomico>
</metadata>