﻿<?xml version="1.0" encoding="utf-8"?><motor tipo="5" clase="a" aprid="m5a">
  <plataforma>
    <grado><![CDATA[2]]></grado>
    <titulo>Evaluación</titulo>
    <area>0</area>
    <nivel>1</nivel>
    <referencia/>
    <idreg><![CDATA[0]]></idreg>
    <motor><![CDATA[M5A]]></motor>
    <lang>es</lang>
  </plataforma>
  <enunciado><![CDATA[Con base en tus conocimientos responde las siguientes situaciones.]]></enunciado>
  <masinfo inicio="0"/>
  <sinaleatoriedad><![CDATA[0]]></sinaleatoriedad>
  <calc><![CDATA[1]]></calc>
  <respuestaunica><![CDATA[0]]></respuestaunica>
  <test cantidad="10">
    <cuestion>
      <enunciado><![CDATA[Determina si la iguadad dada es verdadera o falsa. Halla el resultado.]]></enunciado>
      <explicacion><![CDATA[La propiedad asociativa para la adición en los números reales indica que si {{cur}}a{{normal}}, {{cur}}b{{normal}} y {{cur}}c{{normal}} son números reales entonces {{cur}}a{{normal}} + ({{cur}}b{{normal}} + {{cur}}c{{normal}}) = ({{cur}}a{{normal}} + {{cur}}b{{normal}}) + {{cur}}c{{normal}}]]></explicacion>
      <imagen><![CDATA[imagenDummy_MotorM.png]]></imagen>
      <ampliacion/>
      <respuestas>
        <respuesta contestacion="Verdadera, la respuesta es –5,85." correcta="1"/>
        <respuesta contestacion="Verdadera, la respuesta es 5,85." correcta="0"/>
        <respuesta contestacion="Falsa, la adicion no cumple esta propiedad." correcta="0"/>
        <respuesta contestacion="Falsa, porque la suma no se realiza entre números reales." correcta="0"/>
      </respuestas>
    </cuestion>
    <cuestion>
      <enunciado><![CDATA[Menciona sí la siguiente iguadad es verdadera o falsa. Si es verdadera menciona la propiedad que se aplica. Si es falsa halla el resultado.]]></enunciado>
      <explicacion><![CDATA[La propiedad distributiva para la adición en los números reales menciona que si {{cur}}a{{normal}}, {{cur}}b{{normal}} y {{cur}}c{{normal}} son números reales entonces {{cur}}a{{normal}} ⋅ ({{cur}}b{{normal}} + {{cur}}c{{normal}}) = ({{cur}}b{{normal}} + {{cur}}c{{normal}}) ⋅ {{cur}}a{{normal}} = {{cur}}ab{{normal}} + {{cur}}ac{{normal}}.]]></explicacion>
      <imagen><![CDATA[imagenDummy_MotorM_1_.png]]></imagen>
      <ampliacion/>
      <respuestas>
        <respuesta contestacion="Verdadera; se aplica la propiedad distributiva." correcta="1"/>
        <respuesta contestacion="Verdadera; se aplica la propiedad asociativa." correcta="0"/>
        <respuesta contestacion="Falsa, la respuesta es 16,2222..." correcta="0"/>
        <respuesta contestacion="Falsa, la respuesta es el irracional √2." correcta="0"/>
      </respuestas>
    </cuestion>
    <cuestion>
      <enunciado><![CDATA[¿Cuáes de los siguientes números son decimales periódicos infinitos?]]></enunciado>
      <explicacion><![CDATA[Los números decimales periódicos inficintos son racionales y se pueden expresar como decimales o como fracciones.]]></explicacion>
      <imagen><![CDATA[imagenDummy_MotorM_1_.png]]></imagen>
      <ampliacion/>
      <respuestas>
        <respuesta contestacion="El primero y el quinto" correcta="0"/>
        <respuesta contestacion="El cuarto y el quinto" correcta="0"/>
        <respuesta contestacion="El tercero, el cuarto y el sexto" correcta="1"/>
        <respuesta contestacion="El primero, el cuarto y el sexto" correcta="0"/>
      </respuestas>
    </cuestion>
    <cuestion>
      <enunciado><![CDATA[¿Qué tipo de intervalo esta representado en la gráfica?]]></enunciado>
      <explicacion><![CDATA[En el intervalo cerrado [{{cur}}a{{normal}}, {{cur}}b{{normal}}], están incluidos los extremos, {{cur}}a{{normal}} y {{cur}}b{{normal}}. ]]></explicacion>
      <imagen><![CDATA[imagenDummy_MotorM_1_.png]]></imagen>
      <ampliacion/>
      <respuestas>
        <respuesta contestacion="Intervalo acotado por derecha." correcta="0"/>
        <respuesta contestacion="Intervalo abierto." correcta="0"/>
        <respuesta contestacion="Intervalo cerrado" correcta="1"/>
        <respuesta contestacion="Intervalo acotado por izquierda" correcta="0"/>
      </respuestas>
    </cuestion>
    <cuestion>
      <enunciado><![CDATA[¿Qué intervalo está representado en la imagen?]]></enunciado>
      <explicacion><![CDATA[Intervalo semiabierto por la izquierda ({{cur}}a{{normal}}, {{cur}}b{{normal}}], es el conjunto de todos lo números reales mayores que {{cur}}a{{normal}} y menores o iguales que {{cur}}b{{normal}}.]]></explicacion>
      <imagen><![CDATA[imagenDummy_MotorM_1_.png]]></imagen>
      <ampliacion/>
      <respuestas>
        <respuesta contestacion="(–5, 7)" correcta="0"/>
        <respuesta contestacion="(–5, 7]" correcta="1"/>
        <respuesta contestacion="(5, 7]" correcta="0"/>
        <respuesta contestacion="[–5, 7]" correcta="0"/>
      </respuestas>
    </cuestion>
    <cuestion>
      <enunciado><![CDATA[¿Cuál es el intervalo que representa el conjunto de todos los números reales mayores que {{cur}}a{{normal}} y menores que {{cur}}b{{normal}}?]]></enunciado>
      <explicacion><![CDATA[El conjunto de {{cur}}a{{normal}} < {{cur}}x{{normal}} < {{cur}}b{{normal}} constituye un intervalo abierto porque no incluye los extremos. Se denota ({{cur}}a{{normal}}, {{cur}}b{{normal}}).]]></explicacion>
      <imagen><![CDATA[imagenDummy_MotorM_1_.png]]></imagen>
      <ampliacion/>
      <respuestas>
        <respuesta contestacion="Intervalo abierto" correcta="1"/>
        <respuesta contestacion="Intervalo cerrado" correcta="0"/>
        <respuesta contestacion="Intervalo semiabierto por derecha" correcta="0"/>
        <respuesta contestacion="Intervalo semiabierto por izquierda" correcta="0"/>
      </respuestas>
    </cuestion>
    <cuestion>
      <enunciado><![CDATA[Al resolver una ecuación en los números reales, se obtuvo la solución gráfica que se ilustra. ¿Cuál de los siguientes números no pertenece a la solución?]]></enunciado>
      <explicacion><![CDATA[En la solución [–6, 7) ⋃ (7, 13] el número 7 no pertenece a ninguno de los intervalos.]]></explicacion>
      <imagen><![CDATA[imagenDummy_MotorM_1_.png]]></imagen>
      <ampliacion/>
      <respuestas>
        <respuesta contestacion="13" correcta="0"/>
        <respuesta contestacion="6" correcta="0"/>
        <respuesta contestacion="–6" correcta="0"/>
        <respuesta contestacion="7" correcta="1"/>
      </respuestas>
    </cuestion>
    <cuestion>
      <enunciado><![CDATA[Teniendo en cuenta la grafica de la función |{{cur}}x{{normal}}|, ¿cuál afirmación es falsa?]]></enunciado>
      <explicacion><![CDATA[La definición de valor absoluto permite afirmar que el valor absoluto de cualquier número real siemopre es mayor o igual que cero. ]]></explicacion>
      <imagen><![CDATA[imagenDummy_MotorM_1_.png]]></imagen>
      <ampliacion/>
      <respuestas>
        <respuesta contestacion="|{{cur}}x{{normal}}| puede ser 0." correcta="0"/>
        <respuesta contestacion="|{{cur}}x{{normal}}| puede ser negativo." correcta="1"/>
        <respuesta contestacion="|{{cur}}x{{normal}}| siempre es ≤ 0." correcta="1"/>
        <respuesta contestacion="|{{cur}}x{{normal}}| su minimo es 0. " correcta="0"/>
      </respuestas>
    </cuestion>
    <cuestion>
      <enunciado><![CDATA[Halla la solución de la siguiente ecuación.]]></enunciado>
      <explicacion><![CDATA[Para resolver la ecuación se debe aplicar la definición de valor absoluto y las propiedades de las ecuaciones y de las operaciones con números reales.]]></explicacion>
      <imagen><![CDATA[imagenDummy_MotorM_1_.png]]></imagen>
      <ampliacion/>
      <respuestas>
        <respuesta contestacion="55/12, – 49/12" correcta="1"/>
        <respuesta contestacion="9/4, – 13/4" correcta="0"/>
        <respuesta contestacion="–9/4, 13/4" correcta="0"/>
        <respuesta contestacion="–55/12, 49/12" correcta="0"/>
      </respuestas>
    </cuestion>
    <cuestion>
      <enunciado><![CDATA[¿Cuál es la respueta a la inecuación presentada en la imagen?]]></enunciado>
      <explicacion><![CDATA[Para solucionar esta inecuación se aplica la propiedad para la desigualdad |{{cur}}x{{normal}}| ⋗ {{cur}}a{{normal}} de la cual se obtienen las desigualdades: –{{cur}}x{{normal}} < {{cur}}a{{normal}} o {{cur}}x{{normal}} < {{cur}}a{{normal}}.]]></explicacion>
      <imagen><![CDATA[imagenDummy_MotorM_1_.png]]></imagen>
      <ampliacion/>
      <respuestas>
        <respuesta contestacion="(–∞, –67/11] ⋃ (67/11, ∞)" correcta="0"/>
        <respuesta contestacion="(–∞, –67/11) ⋃ [67/11, ∞)" correcta="0"/>
        <respuesta contestacion="(–∞, –67/11) ⋃ (67/11, ∞)" correcta="1"/>
        <respuesta contestacion="(–∞, ∞)" correcta="0"/>
      </respuestas>
    </cuestion>
  </test>
  <temps>15</temps>
</motor>