﻿<?xml version="1.0" encoding="utf-8"?><motor tipo="7" clase="a" aprid="m7a">
  <plataforma>
    <grado><![CDATA[2]]></grado>
    <titulo>Expresa racionales como fracción de enteros</titulo>
    <area>0</area>
    <nivel>1</nivel>
    <referencia/>
    <idreg><![CDATA[0]]></idreg>
    <motor><![CDATA[M7A]]></motor>
    <lang>es</lang>
  </plataforma>
  <enunciado><![CDATA[Relaciona el racional correcto en cada situación.]]></enunciado>
  <masinfo inicio="0"/>
  <sinaleatoriedad><![CDATA[0]]></sinaleatoriedad>
  <calc><![CDATA[1]]></calc>
  <respuestaunica><![CDATA[0]]></respuestaunica>
  <test cantidad="10">
    <cuestion>
      <enunciado><![CDATA[Determina el denominador del racional –62/__ para si se sabe que es igual a –15,5.]]></enunciado>
      <imagen><![CDATA[MA_11_01_REC20_CO_IMG01n.png]]></imagen>
      <ampliacion><![CDATA[MA_11_01_REC20_CO_IMG01a.png]]></ampliacion>
      <respuestas>
        <respuesta ruta="MA_11_01_REC20_CO_IMG02.png" ampliacion="" correcta="0"/>
        <respuesta ruta="MA_11_01_REC20_CO_IMG03.png" ampliacion="" correcta="0"/>
        <respuesta ruta="MA_11_01_REC20_CO_IMG04.png" ampliacion="" correcta="1"/>
        <respuesta ruta="MA_11_01_REC20_CO_IMG05.png" ampliacion="" correcta="0"/>
      </respuestas>
    </cuestion>
    <cuestion>
      <enunciado><![CDATA[¿Qué racional se representa en la imagen?]]></enunciado>
      <imagen><![CDATA[MA_11_01_REC20_CO_IMG06n.png]]></imagen>
      <ampliacion><![CDATA[MA_11_01_REC20_CO_IMG06a.png]]></ampliacion>
      <respuestas>
        <respuesta ruta="MA_11_01_REC20_CO_IMG07.png" ampliacion="" correcta="0"/>
        <respuesta ruta="MA_11_01_REC20_CO_IMG08.png" ampliacion="" correcta="0"/>
        <respuesta ruta="MA_11_01_REC20_CO_IMG09.png" ampliacion="" correcta="1"/>
        <respuesta ruta="MA_11_01_REC20_CO_IMG10.png" ampliacion="" correcta="0"/>
      </respuestas>
    </cuestion>
    <cuestion>
      <enunciado><![CDATA[Determina la equivalencia que está representada.]]></enunciado>
      <imagen><![CDATA[MA_11_01_REC20_CO_IMG11n.png]]></imagen>
      <ampliacion><![CDATA[MA_11_01_REC20_CO_IMG11a.png]]></ampliacion>
      <respuestas>
        <respuesta ruta="MA_11_01_REC20_CO_IMG12.png" ampliacion="" correcta="1"/>
        <respuesta ruta="MA_11_01_REC20_CO_IMG13.png" ampliacion="" correcta="0"/>
        <respuesta ruta="MA_11_01_REC20_CO_IMG14.png" ampliacion="" correcta="0"/>
        <respuesta ruta="MA_11_01_REC20_CO_IMG15.png" ampliacion="" correcta="0"/>
      </respuestas>
    </cuestion>
    <cuestion>
      <enunciado><![CDATA[Para que la cantidad representada en la imagen sea una fracción entera se debe]]></enunciado>
      <imagen><![CDATA[MA_11_01_REC20_CO_IMG16n.png]]></imagen>
      <ampliacion><![CDATA[MA_11_01_REC20_CO_IMG16a.png]]></ampliacion>
      <respuestas>
        <respuesta ruta="MA_11_01_REC20_CO_IMG17.png" ampliacion="" correcta="0"/>
        <respuesta ruta="MA_11_01_REC20_CO_IMG18.png" ampliacion="" correcta="1"/>
        <respuesta ruta="MA_11_01_REC20_CO_IMG19.png" ampliacion="" correcta="0"/>
        <respuesta ruta="MA_11_01_REC20_CO_IMG20.png" ampliacion="" correcta="0"/>
      </respuestas>
    </cuestion>
    <cuestion>
      <enunciado><![CDATA[El reciproco del racional representado en la región de color oscuro es]]></enunciado>
      <imagen><![CDATA[MA_11_01_REC20_CO_IMG41n.png]]></imagen>
      <ampliacion/>
      <respuestas>
        <respuesta ruta="MA_11_01_REC20_CO_IMG42.png" ampliacion="" correcta="0"/>
        <respuesta ruta="MA_11_01_REC20_CO_IMG43.png" ampliacion="" correcta="0"/>
        <respuesta ruta="MA_11_01_REC20_CO_IMG44.png" ampliacion="" correcta="1"/>
        <respuesta ruta="MA_11_01_REC20_CO_IMG45.png" ampliacion="" correcta="0"/>
      </respuestas>
    </cuestion>
    <cuestion>
      <enunciado><![CDATA[Para que la cantidad representada en la imagen sea una fracción entera se debe]]></enunciado>
      <imagen><![CDATA[MA_11_01_REC20_CO_IMG26n.png]]></imagen>
      <ampliacion><![CDATA[MA_11_01_REC20_CO_IMG26a.png]]></ampliacion>
      <respuestas>
        <respuesta ruta="MA_11_01_REC20_CO_IMG27.png" ampliacion="" correcta="0"/>
        <respuesta ruta="MA_11_01_REC20_CO_IMG28.png" ampliacion="" correcta="1"/>
        <respuesta ruta="MA_11_01_REC20_CO_IMG29.png" ampliacion="" correcta="0"/>
        <respuesta ruta="MA_11_01_REC20_CO_IMG30.png" ampliacion="" correcta="0"/>
      </respuestas>
    </cuestion>
    <cuestion>
      <enunciado><![CDATA[Selecciona la equivalencia que representa la imagen.]]></enunciado>
      <imagen><![CDATA[MA_11_01_REC20_CO_IMG31a.png]]></imagen>
      <ampliacion/>
      <respuestas>
        <respuesta ruta="MA_11_01_REC20_CO_IMG32.png" ampliacion="" correcta="1"/>
        <respuesta ruta="MA_11_01_REC20_CO_IMG33.png" ampliacion="" correcta="0"/>
        <respuesta ruta="MA_11_01_REC20_CO_IMG34.png" ampliacion="" correcta="0"/>
        <respuesta ruta="MA_11_01_REC20_CO_IMG35.png" ampliacion="" correcta="0"/>
      </respuestas>
    </cuestion>
    <cuestion>
      <enunciado><![CDATA[El denominador de la fracción 51/__ para que el resultado sea un entero es]]></enunciado>
      <imagen><![CDATA[MA_11_01_REC20_CO_IMG21n.png]]></imagen>
      <ampliacion><![CDATA[MA_11_01_REC20_CO_IMG21a.png]]></ampliacion>
      <respuestas>
        <respuesta ruta="MA_11_01_REC20_CO_IMG22.png" ampliacion="" correcta="0"/>
        <respuesta ruta="MA_11_01_REC20_CO_IMG23.png" ampliacion="" correcta="0"/>
        <respuesta ruta="MA_11_01_REC20_CO_IMG24.png" ampliacion="" correcta="1"/>
        <respuesta ruta="MA_11_01_REC20_CO_IMG25.png" ampliacion="" correcta="0"/>
      </respuestas>
    </cuestion>
    <cuestion>
      <enunciado><![CDATA[Para que la cantidad representada  de color verde oscuro sea una fracción entera es viable multiplicar por:]]></enunciado>
      <imagen><![CDATA[MA_11_01_REC20_CO_IMG41n.png]]></imagen>
      <ampliacion><![CDATA[MA_11_01_REC20_CO_IMG41a.png]]></ampliacion>
      <respuestas>
        <respuesta ruta="MA_11_01_REC20_CO_IMG42.png" ampliacion="" correcta="0"/>
        <respuesta ruta="MA_11_01_REC20_CO_IMG43.png" ampliacion="" correcta="0"/>
        <respuesta ruta="MA_11_01_REC20_CO_IMG44.png" ampliacion="" correcta="1"/>
        <respuesta ruta="MA_11_01_REC20_CO_IMG45.png" ampliacion="" correcta="0"/>
      </respuestas>
    </cuestion>
    <cuestion>
      <enunciado><![CDATA[La fracción que se muestra en la imagen es]]></enunciado>
      <imagen><![CDATA[MA_11_01_REC20_CO_IMG46n.png]]></imagen>
      <ampliacion/>
      <respuestas>
        <respuesta ruta="MA_11_01_REC20_CO_IMG47.png" ampliacion="" correcta="0"/>
        <respuesta ruta="MA_11_01_REC20_CO_IMG48.png" ampliacion="" correcta="0"/>
        <respuesta ruta="MA_11_01_REC20_CO_IMG49.png" ampliacion="" correcta="1"/>
        <respuesta ruta="MA_11_01_REC20_CO_IMG50.png" ampliacion="" correcta="0"/>
      </respuestas>
    </cuestion>
  </test>
</motor>