﻿<?xml version="1.0" encoding="utf-8"?><motor tipo="101" clase="a" aprid="m101a">
  <plataforma>
    <grado>2</grado>
    <titulo>Banco de contenidos: Los números reales</titulo>
    <volumen/>
    <nivel>3</nivel>
    <referencia/>
    <motor/>
    <lang>es</lang>
  </plataforma>
  <enunciado><![CDATA[Desarrolle los siguientes problemas y ejercicios con números reales.]]></enunciado>
  <masinfo inicio="1"><![CDATA[Realiza la siguiente actividad. Cuando termines haz clic en Enviar. Si es necesario entrega las respuestas en mano o por email a tu profesor para que pueda validarlas.]]></masinfo>
  <calc><![CDATA[0]]></calc>
  <preguntas cantidad="10">
    <pregunta>
      <enunciado><![CDATA[El largo y el ancho de una cancha de futbol miden  2√3600 m y 3√900 m respectivamente ¿Cuánto mide la trayectoria diagonal que atraviesa la cancha de futbol?]]></enunciado>
      <explicacion/>
      <nivel><![CDATA[2]]></nivel>
      <tipo/>
      <imagen><![CDATA[imagenDummy_MotorM.png]]></imagen>
      <ampliacion/>
      <texto/>
    </pregunta>
    <pregunta>
      <enunciado><![CDATA[Describe el intervalo numérico que se muestra en la imagen]]></enunciado>
      <explicacion/>
      <nivel><![CDATA[1]]></nivel>
      <tipo/>
      <imagen><![CDATA[imagenDummy_MotorM.png]]></imagen>
      <ampliacion/>
      <texto/>
    </pregunta>
    <pregunta>
      <enunciado><![CDATA[Representa sobre la recta numérica el intervalo que se muestra en la imagen.]]></enunciado>
      <explicacion/>
      <nivel><![CDATA[1]]></nivel>
      <tipo/>
      <imagen><![CDATA[imagenDummy_MotorM.png]]></imagen>
      <ampliacion/>
      <texto/>
    </pregunta>
    <pregunta>
      <enunciado><![CDATA[Represente en la recta numérica el intervalo que se observa.]]></enunciado>
      <explicacion/>
      <nivel><![CDATA[1]]></nivel>
      <tipo/>
      <imagen><![CDATA[imagenDummy_MotorM.png]]></imagen>
      <ampliacion/>
      <texto/>
    </pregunta>
    <pregunta>
      <enunciado><![CDATA[Describe el intervalo de la gráfica.]]></enunciado>
      <explicacion/>
      <nivel><![CDATA[1]]></nivel>
      <tipo/>
      <imagen><![CDATA[imagenDummy_MotorM.png]]></imagen>
      <ampliacion/>
      <texto/>
    </pregunta>
    <pregunta>
      <enunciado><![CDATA[¿Cuál es el volumen de un estanque cilíndrico que tiene ∛1000 m de diámetro y √90 m de altura?]]></enunciado>
      <explicacion/>
      <nivel><![CDATA[3]]></nivel>
      <tipo/>
      <imagen><![CDATA[imagenDummy_MotorM.png]]></imagen>
      <ampliacion/>
      <texto/>
    </pregunta>
    <pregunta>
      <enunciado><![CDATA[¿Cuál es el volumen de un balón de futbol que tiene 4,72{{sup}}2{{normal}} cm de diámetro?]]></enunciado>
      <explicacion/>
      <nivel><![CDATA[2]]></nivel>
      <tipo/>
      <imagen><![CDATA[imagenDummy_MotorM.png]]></imagen>
      <ampliacion/>
      <texto/>
    </pregunta>
    <pregunta>
      <enunciado><![CDATA[Determine el número si al triplicarlo y luego aumentarle √5,2 da como resultado 23.]]></enunciado>
      <explicacion/>
      <nivel><![CDATA[2]]></nivel>
      <tipo/>
      <imagen><![CDATA[imagenDummy_MotorM.png]]></imagen>
      <ampliacion/>
      <texto/>
    </pregunta>
    <pregunta>
      <enunciado><![CDATA[Desarrolle el polinomio aritmético.]]></enunciado>
      <explicacion/>
      <nivel><![CDATA[3]]></nivel>
      <tipo/>
      <imagen><![CDATA[imagenDummy_MotorM.png]]></imagen>
      <ampliacion/>
      <texto/>
    </pregunta>
    <pregunta>
      <enunciado><![CDATA[Efectúa la siguiente operación.]]></enunciado>
      <explicacion/>
      <nivel><![CDATA[3]]></nivel>
      <tipo/>
      <imagen><![CDATA[imagenDummy_MotorM.png]]></imagen>
      <ampliacion/>
      <texto/>
    </pregunta>
  </preguntas>
</motor>