﻿<?xml version="1.0" encoding="utf-8"?><motor tipo="1" clase="b" aprid="m1b">
  <plataforma>
    <grado><![CDATA[2]]></grado>
    <titulo>Comprende la propiedad uniforme de las igualdades</titulo>
    <area>0</area>
    <nivel>1</nivel>
    <referencia/>
    <idreg><![CDATA[0]]></idreg>
    <motor><![CDATA[M1B]]></motor>
    <lang>es</lang>
  </plataforma>
  <enunciado><![CDATA[Relaciona cada una de las expresiones de la columna de la izquierda con su respectivo enunciado de la propiedad uniforme de las igualdades. Ten en cuenta que {{cur}}a{{normal}} = {{cur}}b{{normal}}.]]></enunciado>
  <masinfo inicio="0"/>
  <sinaleatoriedad><![CDATA[0]]></sinaleatoriedad>
  <calc><![CDATA[0]]></calc>
  <textoatexto cantidad="5">
    <cuestion>
      <pregunta><![CDATA[{{cur}}a{{normal}} + {{cur}}x{{normal}} = {{cur}}b{{normal}} + {{cur}}x{{normal}}]]></pregunta>
      <respuesta><![CDATA[Si a ambos lados de una igualdad se adiciona una misma cantidad, se obtiene una igualdad equivalente.]]></respuesta>
    </cuestion>
    <cuestion>
      <pregunta><![CDATA[{{cur}}a{{normal}} – {{cur}}y{{normal}} = {{cur}}b{{normal}} – {{cur}}y{{normal}}]]></pregunta>
      <respuesta><![CDATA[Si a ambos lados de una igualdad se sustrae una misma cantidad, se obtiene una igualdad equivalente.]]></respuesta>
    </cuestion>
    <cuestion>
      <pregunta><![CDATA[{{cur}}a{{normal}} ⋅ {{cur}}w{{normal}} = {{cur}}w{{normal}} ⋅ {{cur}}b{{normal}}]]></pregunta>
      <respuesta><![CDATA[Si a ambos lados de una igualdad se multiplica por una misma cantidad, se obtiene una igualdad equivalente.]]></respuesta>
    </cuestion>
    <cuestion>
      <pregunta><![CDATA[{{cur}}a{{normal}} – {{cur}}p{{normal}} = {{cur}}b{{normal}}]]></pregunta>
      <respuesta><![CDATA[No se está aplicando la propiedad uniforme de la igualdad.]]></respuesta>
    </cuestion>
    <cuestion>
      <pregunta><![CDATA[{{cur}}a{{normal}} ÷ {{cur}}z{{normal}} = {{cur}}b{{normal}} ÷ {{cur}}z{{normal}}, {{cur}}z{{normal}} distinto de 0]]></pregunta>
      <respuesta><![CDATA[Si a ambos lados de una igualdad se divide por una misma cantidad (distinta de 0), se obtiene una igualdad equivalente.]]></respuesta>
    </cuestion>
  </textoatexto>
  <textofalso cantidad="0"/>
</motor>