﻿<?xml version="1.0" encoding="UTF-8"?>
<?xml-stylesheet href="cuadernoestudio/dtd/libro.xslt" type="text/xsl"?>
<!--Arbortext, Inc., 1988-2015, v.4002-->
<!DOCTYPE libro SYSTEM "cuadernoestudio/dtd/libro.dtd">
<libro id="MA_09_05_CO">
<libroTitulo>Sistemas de ecuaciones y desigualdades lineales </libroTitulo>
<seccion1 id="S1_MA_09_05_CO_C245BF520FF24D66AB33A8482CBAAF28">
<seccion1Titulo>Las funciones lineales y afines</seccion1Titulo>
<seccion1Texto>
<p>La palabra <negrita>función</negrita> es utilizada en muchos contextos.
Por ejemplo cuando escuchamos “mañana es la función de teatro”; “mi
función en el equipo en fútbol es defender el arco”. Estos ejemplos
no representan funciones matemáticas, sin embargo, también es muy
usual emplear funciones matemáticas, aunque no siempre estamos conscientes
de ello. Por ejemplo, cuando realizamos compras en los supermercados
que asignas puntos. Por cada mil pesos, recibimos un punto. Esta situación
es posible representarla con una función. Cuando compramos elementos
al detal como panes o botones, podemos identificar una función que
relaciona el valor pagado con la cantidad de objetos comprada.</p>
<p>Una <negrita>función</negrita> es una relación que se establece
entre dos conjuntos <cursiva>A</cursiva> y <cursiva>B</cursiva>; el
conjunto <cursiva>A</cursiva> es el <negrita>dominio</negrita> y el <cursiva
>B</cursiva> es el <negrita>recorrido</negrita>. A todos los elementos
del conjunto <cursiva>A</cursiva> les corresponde un único elemento
del conjunto <cursiva>B</cursiva>. Este concepto aparece a principios
del siglo XVII gracias a los trabajos desarrollados por Descartes,
Isaac Newton y Gottfried Leibniz.</p>
<p>Existe una forma de relacionar las funciones con las ecuaciones:
esto se debe a que toda función definida en el conjunto de los números
reales se puede representar, al menos, con una ecuación. Pero todas
las ecuaciones en los números reales no representan funciones. </p>
<p>Ejemplo:</p>
<listaSinNumerar>
<listaElemento>La función <cursiva>f</cursiva>(<cursiva>x</cursiva
>) = 2 + 3<cursiva>x</cursiva> se puede representar por medio de <cursiva
>y</cursiva> = 2 + 3<cursiva>x</cursiva>.</listaElemento>
<listaElemento>La ecuación <cursiva>y</cursiva> = √<cursiva>x</cursiva
>  no representa ninguna función ya que no se cumple que a todos los
elementos del conjunto <cursiva>A</cursiva>, en este caso los  valores
de <cursiva>x</cursiva>, les corresponde un único valor del conjunto <cursiva
>B</cursiva>, los valores de <cursiva>y</cursiva>, ya que si <cursiva
>x</cursiva> = 9, entonces <cursiva>y</cursiva> = 3 o <cursiva>y</cursiva
> = –3. Por esta razón no determina una función.  </listaElemento>
</listaSinNumerar>
<profundiza>
<enlace
destino="/LoIdRedirect.aspx?LoId=MA_09_05_CO_Recurso010&amp;IdRecurso=RES-6C659999A6FD40729B93C8FB2B7B55C9"
>La función lineal</enlace>
</profundiza>
<p>La <negrita>función lineal</negrita> se define como <cursiva>f</cursiva
>(<cursiva>x</cursiva>) = <cursiva>mx</cursiva>, donde <cursiva>m</cursiva
> es un número real; su representación gráfica es una recta que pasa
por el origen (0, 0) en el plano cartesiano.  </p>
<p>Matemáticamente se define como <cursiva>f</cursiva>: ℝ → ℝ /<cursiva
>f</cursiva>(<cursiva>x</cursiva>) = <cursiva>mx</cursiva>, <cursiva
>m</cursiva> ∈ ℝ.  </p>
<p>Ejemplo  </p>
<p>Sea la función lineal <cursiva>f</cursiva>(<cursiva>x</cursiva
>) = 2<cursiva>x</cursiva>, se asignan valores a <cursiva>x</cursiva
> para encontrar los valores de <cursiva>f</cursiva>(<cursiva>x</cursiva
>). </p>
<table border="1" cellpadding="0" cellspacing="0"><colgroup
align="center"><col/><col/><col/><col/><col/><col/><col/><col/>
</colgroup>
<tbody valign="bottom">
<tr>
<td><cursiva>x</cursiva></td>
<td>–3</td>
<td>–2</td>
<td>–1</td>
<td>0</td>
<td>1</td>
<td>2</td>
<td>3</td>
</tr>
<tr>
<td><cursiva>f</cursiva>(<cursiva>x</cursiva>)</td>
<td>–6</td>
<td>–4</td>
<td>–2</td>
<td>0</td>
<td>2</td>
<td>4</td>
<td>6</td>
</tr>
</tbody>
</table>
<imagen src="MA_09_05_CO_IMG01_small.jpg"><?Pub Dtl?>
<p>Representación gráfica de <cursiva>f</cursiva>(<cursiva>x</cursiva
>) = 2<cursiva>x</cursiva>.</p>
</imagen>
<p>La <negrita>función afín</negrita> se define como toda expresión
de la forma <cursiva>f</cursiva>(<cursiva>x</cursiva>) = <cursiva
>mx</cursiva> + <cursiva>c</cursiva>, donde <cursiva>m</cursiva> y <cursiva
>c</cursiva> son números reales diferentes de 0; su representación
 gráfica es una recta que pasa por el punto (0, <cursiva>c</cursiva
>) en el plano cartesiano.  </p>
<p>Matemáticamente se define como: <cursiva>f</cursiva>: ℝ → ℝ /<cursiva
>f</cursiva>(<cursiva>x</cursiva>) = <cursiva>mx</cursiva> + <cursiva
>c</cursiva>; <cursiva>m</cursiva>, <cursiva>c</cursiva> ∈ ℝ.   </p>
<p>Ejemplo:   </p>
<p>Sea la función afín <cursiva>f</cursiva>(<cursiva>x</cursiva>)
= <cursiva>x</cursiva> + 2, se asignan valores a <cursiva>x</cursiva
> para encontrar los valores de <cursiva>f</cursiva>(<cursiva>x</cursiva
>). </p>
<table border="1" cellpadding="0" cellspacing="0"><colgroup
align="center"><col/><col/><col/><col/><col/><col/><col/><col/>
</colgroup>
<tbody valign="bottom">
<tr>
<td><cursiva>x</cursiva></td>
<td>–3</td>
<td>–2</td>
<td>–1</td>
<td>0</td>
<td>1</td>
<td>2</td>
<td>3</td>
</tr>
<tr>
<td><cursiva>f</cursiva>(<cursiva>x</cursiva>)</td>
<td>–1</td>
<td>0</td>
<td>1</td>
<td>2</td>
<td>3</td>
<td>4</td>
<td>6</td>
</tr>
</tbody>
</table>
<imagen src="MA_09_05_CO_IMG02_small.jpg"><?Pub Dtl?>
<p>Representación gráfica de <cursiva>f</cursiva>(<cursiva>x</cursiva
>) = <cursiva>x</cursiva> + 2.  </p>
</imagen>
<practica>
<enlace
destino="/LoIdRedirect.aspx?LoId=MA_09_05_CO_Recurso090&amp;IdRecurso=RES-D90200CBDAED425E934213971C535AAB"
>Resuelve situaciones aplicando el concepto de función</enlace>
</practica><seccion2
id="S2_MA_09_05_CO_B15FDF836070439E8E36385351B04557">
<seccion2Titulo>La ecuación explícita de la recta </seccion2Titulo>
<seccion2Texto>
<p>Toda <negrita>función</negrita> determina como mínimo una <negrita
>ecuación</negrita>. Las <negrita>funciones lineales</negrita> y <negrita
>afines</negrita>  determinan <negrita>ecuaciones lineales</negrita
> que gráficamente representan rectas en el plano cartesiano.   </p>
<p>¿Es posible definir una <negrita>ecuación</negrita> que determine
todas las funciones lineales y afines que existen en el plano cartesiano?
La respuesta es sí. Es la <negrita>ecuación explícita de la recta</negrita
>, que se define como <negrita><cursiva>y</cursiva> =  <cursiva>mx </cursiva
> + <cursiva>b</cursiva></negrita> donde <cursiva>m</cursiva> es cualquier
número real que recibe el nombre de <negrita>pendiente</negrita> y <cursiva
>b</cursiva> es cualquier número real que recibe el nombre de la <negrita
>ordenada en el origen</negrita>; esta expresión representa a todas
las rectas que existen en el plano cartesiano.   </p>
<p>Matemáticamente, <negrita>la ecuación explícita de la recta</negrita
> se define como:  </p>
<p centrado="si"><cursiva>y</cursiva> = <cursiva>mx</cursiva> + <cursiva
>b</cursiva>; <cursiva>m</cursiva>, <cursiva>b</cursiva> ∈  ℝ, <cursiva
>m</cursiva> ≠ 0</p>
<p> Ejemplo </p>
<p>La función <cursiva>f</cursiva>(<cursiva>x</cursiva>) = 3<cursiva
>x</cursiva> + 5 se representa por la ecuación explícita  <cursiva
>y</cursiva> = 3<cursiva>x</cursiva> + 5 donde 3 es su pendiente y
5 su ordenada en el origen.</p>
<destacado><destacadoTitulo>Euclides y la recta  </destacadoTitulo>
<destacadoTexto>
<p>El concepto de recta fue trabajado por Euclides  (325 a. C – 265
a. C.). Se define como uno de los entes fundamentales de la geométrica
junto al punto y al plano. </p>
</destacadoTexto></destacado></seccion2Texto></seccion2><seccion2
id="S2_MA_09_05_CO_B15FDF836070439E8E36385351B05577">
<seccion2Titulo>La pendiente de una recta</seccion2Titulo>
<seccion2Texto>
<p>En la recta definida por la ecuación <cursiva>y</cursiva> = <cursiva
>mx</cursiva> + <cursiva>b</cursiva>, <cursiva>m</cursiva> recibe
el nombre de <negrita>pendiente</negrita>; la pendiente determina
la inclinación de la recta respecto al eje <cursiva>X</cursiva> en
el plano cartesiano.   </p>
<p>Ejemplos</p>
<listaSinNumerar>
<listaElemento>En la recta definida por la ecuación <cursiva>y</cursiva
> = 2<cursiva>x</cursiva> + 1, la pendiente es <cursiva>m</cursiva
> = 2. Es decir, que la inclinación de la recta con respecto al eje <cursiva
>X</cursiva> es 2 unidades. </listaElemento>
</listaSinNumerar>
<imagen src="MA_09_05_CO_IMG03_small.jpg">
<p>La pendiente <cursiva>m</cursiva> de la recta <cursiva>y</cursiva
> = 2<cursiva>x</cursiva> + 1 es igual a 2.  </p>
</imagen>
<listaSinNumerar>
<listaElemento>En la siguiente recta, la pendiente <cursiva>m</cursiva
> indica, la inclinación de la recta con respecto al eje <cursiva
>X</cursiva>.</listaElemento>
</listaSinNumerar>
<formula alineacion="centrada" src="MA_09_05_01.gif"></formula>
<imagen src="MA_09_05_CO_IMG04_small.jpg">
<p>La pendiente <cursiva>m</cursiva> indica la inclinación de la recta
con respecto al eje <cursiva>X</cursiva>.</p>
</imagen>
<p>Si la recta está definida por la ecuación <cursiva>y = mx + b</cursiva
>, encontrar la pendiente es muy sencillo, es igual a <cursiva>m</cursiva
>. Pero si no se tiene la ecuación y solo se tienen dos puntos, con
base en el postulado de Euclides: “<cursiva>dados dos puntos se puede
trazar una recta</cursiva>”, se puede encontrar la pendiente de la
recta a partir de la siguiente definición.  </p>
<p>Dados dos puntos de la recta (<cursiva>x</cursiva><subindice>1</subindice
>, <cursiva>y</cursiva><subindice>1</subindice>) y (<cursiva>x</cursiva
><subindice>2</subindice>, <cursiva>y</cursiva><subindice>2</subindice
>), entonces la pendiente <cursiva>m</cursiva> se calcula: </p>
<formula alineacion="centrada" src="MA_09_05_02.gif"></formula>
<p>En esta fórmula se evidencia la razón del incremento vertical en
la recta con respecto al incremento horizontal.   </p>
<p>Ejemplos</p>
<listaSinNumerar>
<listaElemento>Si una recta pasa por los puntos (2, 4) y (7, 2), la
pendiente es igual a:</listaElemento>
</listaSinNumerar>
<formula alineacion="centrada" src="MA_09_05_03.gif"></formula>
<p>Luego la pendiente de la recta que determina los dos puntos es </p>
<formula alineacion="centrada" src="MA_09_05_04.gif"></formula>
<listaSinNumerar>
<listaElemento>Cuál es la pendiente de una recta si pasa por los puntos,</listaElemento>
</listaSinNumerar>
<formula alineacion="centrada" src="MA_09_05_04a.gif"></formula>
<p>Luego, </p>
<formula alineacion="centrada" src="MA_09_05_05.gif"></formula>
<p>Entonces, la pendiente de la recta que determina los dos puntos
es <cursiva>m</cursiva> = 16. </p>
<p>¿Qué pasa con la inclinación de la recta si la pendiente es un
número positivo, un número negativo, es cero o no está determinada?</p>
<listaSinNumerar>
<listaElemento>Si la pendiente de la recta es un número positivo(<cursiva
>m</cursiva> > 0), la recta es ascendente. </listaElemento>
</listaSinNumerar>
<imagen src="MA_09_05_CO_IMG05_small.jpg">
<p>Representación gráfica de una recta con pendiente positiva, <cursiva
>m</cursiva> = 1.</p>
</imagen>
<listaSinNumerar>
<listaElemento>Si la pendiente de la recta es un número negativo(<cursiva
>m</cursiva> &lt; 0), la recta es descendente.</listaElemento>
</listaSinNumerar>
<imagen src="MA_09_05_CO_IMG06_small.jpg">
<p>Representación gráfica de una recta con pendiente negativa, <cursiva
>m</cursiva> = –1.</p>
</imagen>
<listaSinNumerar>
<listaElemento>Si la pendiente de la recta es igual a cero, la recta
es horizontal. </listaElemento>
</listaSinNumerar>
<imagen src="MA_09_05_CO_IMG07_small.jpg">
<p>Representación gráfica de una recta con pendiente igual a cero, <cursiva
>m</cursiva> = 0.</p>
</imagen>
<listaSinNumerar>
<listaElemento>Si la pendiente de la recta no está determinada, es
decir, el dividendo es  0, la recta es vertical.</listaElemento>
</listaSinNumerar>
<imagen src="MA_09_05_CO_IMG08_small.jpg">
<p>Representación gráfica de una recta cuya pendiente es indeterminada.</p>
</imagen>
<practica>
<enlace
destino="/LoIdRedirect.aspx?LoId=MA_09_05_CO_Recurso020&amp;IdRecurso=RES-9CEB0E12AD284BB49CB8D72804501B6E"
>Identifica la pendiente de la recta</enlace>
</practica><recuerda><recuerdaTexto>
<p>En la representación gráfica de la recta cuya ecuación es  <cursiva
>y = mx + c</cursiva> se cumple:</p>
<listaSinNumerar>
<listaElemento>si <cursiva>m</cursiva> > 0, la recta es creciente.</listaElemento>
<listaElemento>si <cursiva>m</cursiva> &lt; 0, la recta es decreciente.</listaElemento>
<listaElemento>si <cursiva>m</cursiva> = 0, la recta no crece ni decrece,
es constante.</listaElemento>
</listaSinNumerar>
</recuerdaTexto></recuerda></seccion2Texto></seccion2><seccion2
id="S2_MA_09_05_CO_B15FDF836070439E8E36385351B06688">
<seccion2Titulo>La ecuación de la recta que pasa por dos puntos </seccion2Titulo>
<seccion2Texto>
<p>Si se tienen <negrita>dos puntos de la recta</negrita> es posible
determinar la ecuación de la forma  <cursiva>y = mx + b</cursiva> que
la determina utilizando la fórmula <negrita>punto pendiente</negrita
>, que es igual a: </p>
<p centrado="si"><cursiva>y – y</cursiva><subindice>1</subindice> = <cursiva
>m</cursiva>(<cursiva>x – x</cursiva><subindice>1</subindice>) </p>
<p>Por ejemplo,</p>
<listaSinNumerar>
<listaElemento>Si se tienen los puntos (4, 6) y (5, 9) que pertenecen
a una recta, los pasos para hallar la ecuación que la determina son
los siguientes:<p>Se calcula la pendiente de la recta:</p><formula
alineacion="centrada" src="MA_09_05_06.gif"></formula><p>Se reemplaza
el valor de la pendiente <cursiva>m</cursiva> y las coordenadas de
cualquiera de los dos puntos dados, en la fórmula <negrita>punto pendiente</negrita
>. En este caso se reemplaza    <cursiva>m</cursiva> = 3, y las coordenadas
del punto (4, 6), es decir <cursiva>y</cursiva><subindice>1</subindice
> = 6,  y <cursiva>x</cursiva><subindice>1</subindice> = 4. </p><p
>Así: </p><p centrado="si"><cursiva>y – y</cursiva><subindice>1</subindice
> = <cursiva>m</cursiva>(<cursiva>x – x</cursiva><subindice>1</subindice
>)</p><p centrado="si"><cursiva>y</cursiva> – 6 = 3(x – 4) </p><p
>Se despeja <cursiva>y</cursiva> para obtener la ecuación de la recta <cursiva
>y</cursiva> = 3<cursiva>x</cursiva> – 6. </p><p>También se puede
reemplazar <cursiva>y</cursiva><subindice>1</subindice> = 9 y <cursiva
>x</cursiva><subindice>1</subindice> = 5, es decir, el otro punto
conocido de la recta, y se llega a la misma ecuación: </p><p
centrado="si"><cursiva>y</cursiva> – 9 = 3(<cursiva>x</cursiva> –
5)</p><p centrado="si"><cursiva>y</cursiva> = 3<cursiva>x</cursiva
> – 6</p><p>De esta forma es posible encontrar la ecuación de la recta
que pasa por dos puntos. </p></listaElemento>
</listaSinNumerar>
<practica>
<enlace
destino="/LoIdRedirect.aspx?LoId=MA_09_05_CO_Recurso030&amp;IdRecurso=RES-BB14B799E55C4C298A6C495A65B6FC9A"
>Halla la ecuación de la recta dados dos puntos</enlace>
</practica></seccion2Texto></seccion2><seccion2
id="S2_MA_09_05_CO_B15FDF836070439E8E36385351B07799">
<seccion2Titulo>Rectas coincidentes, secantes, paralelas y perpendiculares</seccion2Titulo>
<seccion2Texto>
<p>Cuando se tienen dos rectas <cursiva>l</cursiva><subindice>1</subindice
> y <cursiva>l</cursiva><subindice>2</subindice>  en el mismo plano
cartesiano, puede suceder solo una de las siguientes situaciones.</p>
<listaSinNumerar>
<listaElemento>Que las dos <negrita>rectas sean coincidentes</negrita
>: significa que las dos rectas sean la misma recta; algebraicamente
se puede interpretar como:</listaElemento>
</listaSinNumerar>
<p>Sean las rectas <cursiva>l</cursiva><subindice>1</subindice>: <cursiva
>y</cursiva> = <cursiva>m</cursiva><subindice>1</subindice> <cursiva
>x</cursiva> + <cursiva>b</cursiva><cursiva>1</cursiva>  y  <cursiva
>l</cursiva><subindice>2</subindice>: <cursiva>y</cursiva> = <cursiva
>m</cursiva><subindice>2</subindice> <cursiva>x</cursiva> + <cursiva
>b</cursiva><subindice>2</subindice>; entonces  </p>
<p centrado="si"><cursiva>l</cursiva><subindice>1</subindice> = <cursiva
>l</cursiva><subindice>2</subindice> si y solo si <cursiva>m</cursiva
><subindice>1</subindice> = <cursiva>m</cursiva><subindice>2</subindice
> y <cursiva>b</cursiva><subindice>1</subindice> = <cursiva>b</cursiva
><subindice>2</subindice> </p>
<p>Ejemplo </p>
<p>Las rectas <cursiva>l</cursiva><subindice>1</subindice>: <cursiva
>y</cursiva> = 2<cursiva>x</cursiva> + 3 y <cursiva>l</cursiva><subindice
>2</subindice>: <cursiva>y</cursiva> = 2<cursiva>x</cursiva> + 3 son <negrita
>coincidentes</negrita> ya que: </p>
<p centrado="si"><cursiva>m</cursiva><subindice>1</subindice> = <cursiva
>m</cursiva><subindice>2</subindice> = 2 y <cursiva>b</cursiva><subindice
>1</subindice> = <cursiva>b</cursiva><subindice>2</subindice> = 3</p>
<imagen src="MA_09_05_CO_IMG09_small.jpg">
<p>Gráfica de dos rectas coincidentes, <cursiva>l</cursiva><subindice
>1</subindice> = <cursiva>l</cursiva><subindice>2</subindice>: <cursiva
>y</cursiva> = 2<cursiva>x</cursiva> + 3.</p>
</imagen>
<listaSinNumerar>
<listaElemento>Que las dos <negrita>rectas sean secantes</negrita
>: significa que las dos rectas tengan un punto en común; algebraicamente
se puede interpretar como sigue.</listaElemento>
</listaSinNumerar>
<p>Sean las rectas <cursiva>l</cursiva><subindice>1</subindice>: <cursiva
>y</cursiva> = <cursiva>m</cursiva><subindice>1</subindice><cursiva
>x</cursiva> + <cursiva>b</cursiva><subindice>1</subindice> y <cursiva
>l</cursiva><subindice>2</subindice>: <cursiva>y</cursiva> = <cursiva
>m</cursiva><subindice>2</subindice> <cursiva>x</cursiva> + <cursiva
>b</cursiva><subindice>2</subindice>; entonces:  </p>
<p centrado="si"><cursiva>l</cursiva><subindice>1</subindice> y <cursiva
>l</cursiva><subindice>2</subindice> son <negrita>secantes</negrita
> si y solo si <cursiva>m</cursiva><subindice>1</subindice>  ≠ <cursiva
>m</cursiva><subindice>2</subindice>.  </p>
<p>Ejemplo </p>
<p>Las rectas <cursiva>l</cursiva><subindice>1</subindice>  y <cursiva
>l</cursiva><subindice>2</subindice> son <negrita>secantes</negrita
> ya que:  </p>
<formula alineacion="centrada" src="MA_09_05_06a.gif"></formula>
<imagen src="MA_09_05_CO_IMG10_small.jpg">
<p>Gráfica de dos rectas secantes. </p>
</imagen>
<listaSinNumerar>
<listaElemento>Que las dos <negrita>rectas sean perpendiculares</negrita
>: significa que las dos rectas sean <negrita>secantes</negrita> y
formen un <negrita>ángulo de 90°</negrita>; algebraicamente se puede
interpretar como:</listaElemento>
</listaSinNumerar>
<p>Sean las rectas <cursiva>l</cursiva><subindice>1</subindice>: <cursiva
>y</cursiva> = <cursiva>m</cursiva><subindice>1</subindice><cursiva
>x</cursiva> + <cursiva>b</cursiva><subindice>1</subindice> y  <cursiva
>l</cursiva><subindice>2</subindice>: <cursiva>y</cursiva> = <cursiva
>m</cursiva><subindice>2</subindice><cursiva>x</cursiva> + <cursiva
>b</cursiva><subindice>2</subindice>;  <cursiva>l</cursiva><subindice
>1</subindice> y <cursiva>l</cursiva><subindice>2</subindice> ,  entonces,</p>
<p centrado="si"><cursiva>l</cursiva><subindice>1</subindice> y <cursiva
>l</cursiva><subindice>2</subindice>  son <negrita>perpendiculares</negrita
> si y solo si <cursiva>m</cursiva><subindice>1</subindice>  ≠  <cursiva
>m</cursiva><subindice>2</subindice>  y  <cursiva>m</cursiva><subindice
>1</subindice> · <cursiva>m</cursiva><subindice>2</subindice> = –1.</p>
<p>Ejemplo </p>
<p>Las rectas</p>
<formula alineacion="centrada" src="MA_09_05_06b.gif"></formula>
<p>son <negrita>secantes</negrita> y además <negrita>perpendiculares</negrita
> ya que,</p>
<formula alineacion="centrada" src="MA_09_05_06c.gif"></formula>
<imagen src="MA_09_05_CO_IMG11_small.jpg">
<p>Gráfica de dos rectas secantes y perpendiculares.</p>
</imagen>
<listaSinNumerar>
<listaElemento>Que las dos <negrita>rectas sean paralelas</negrita
>: significa que las dos rectas no tienen ningún punto en común; algebraicamente
se puede interpretar como sigue.</listaElemento>
</listaSinNumerar>
<p>Sean las rectas <cursiva>l</cursiva><subindice>1</subindice>: <cursiva
>y</cursiva> = <cursiva>m</cursiva><subindice>1</subindice> <cursiva
>x</cursiva> + <cursiva>b</cursiva><subindice>1</subindice> y <cursiva
>l</cursiva><subindice>2</subindice>: <cursiva>y</cursiva> = <cursiva
>m</cursiva><subindice>2</subindice> <cursiva>x</cursiva> + <cursiva
>b</cursiva><subindice>2</subindice>, entonces,</p>
<p centrado="si"><cursiva>l</cursiva><subindice>1</subindice>  y <cursiva
>l</cursiva><subindice>2</subindice> son <negrita>paralelas</negrita
> si y solo si <cursiva>m</cursiva><subindice>1</subindice> = <cursiva
>m</cursiva><subindice>2</subindice>  y  <cursiva>b</cursiva><subindice
>1</subindice>  ≠ <cursiva>b</cursiva><subindice>2</subindice></p>
<p>Ejemplo </p>
<p>Las rectas</p>
<formula alineacion="centrada" src="MA_09_05_06d.gif"></formula>
<p>son <negrita>paralelas</negrita> ya que,</p>
<formula alineacion="centrada" src="MA_09_05_06e.gif"></formula>
<imagen src="MA_09_05_CO_IMG12_small.jpg">
<p>Gráfica de dos rectas paralelas.</p>
</imagen>
<practica>
<enlace
destino="/LoIdRedirect.aspx?LoId=MA_09_05_CO_Recurso080&amp;IdRecurso=RES-6AA99D3E440C420488DBC7A08E6439A0"
>Reconoce rectas paralelas y perpendiculares</enlace>
<enlace
destino="/LoIdRedirect.aspx?LoId=MA_09_05_CO_Recurso060&amp;IdRecurso=RES-11B11948739249F38E52B9F90AA28B10"
>¿Qué recuerdas de las funciones?</enlace>
<enlace
destino="/LoIdRedirect.aspx?LoId=MA_09_05_CO_Recurso070&amp;IdRecurso=RES-1F9517ACF8664464A7B418A399DED40D"
>Relaciona la representación gráfica de una función lineal con su
fórmula</enlace>
</practica></seccion2Texto></seccion2><seccion2
id="S2_MA_09_05_CO_B15FDF836070439E8E36385351B08800">
<seccion2Titulo>Consolidación</seccion2Titulo>
<seccion2Texto>
<p>Actividades para consolidar lo que has aprendido en esta sección.</p>
<practica>
<enlace
destino="/LoIdRedirect.aspx?LoId=MA_09_05_CO_Recurso100&amp;IdRecurso=RES-56F54C20666F49BBA90362197DF76305"
>Refuerza tu aprendizaje: Las funciones lineales</enlace>
</practica></seccion2Texto></seccion2></seccion1Texto></seccion1>
<seccion1 id="S1_MA_09_05_CO_BE2098A0D3854FD6877C73694B85E933">
<seccion1Titulo>Solución de sistemas de ecuaciones lineales </seccion1Titulo>
<seccion1Texto>
<p>Se denomina <negrita>ecuación lineal </negrita>a toda ecuación
de la forma un polinomio de primer grado, es decir, que todas las
incógnitas están elevadas al exponente uno; y además, las incógnitas
no pueden estar multiplicándose entre sí. A continuación se muestran
algunas características de las ecuaciones lineales. </p>
<listaSinNumerar>
<listaElemento>Las <negrita>incógnitas</negrita> se representan por
medio de letras y están elevadas a la uno.</listaElemento>
<listaElemento>Los números que multiplican las incógnitas reciben
el nombre de  <negrita>coeficientes</negrita>.</listaElemento>
<listaElemento>Los números que están solos se llaman <negrita>término
independiente</negrita>.</listaElemento>
<listaElemento>Las ecuaciones lineales pueden tener <cursiva>n</cursiva
> incógnitas siendo <cursiva>n</cursiva> un número natural.</listaElemento>
</listaSinNumerar>
<p>De manera general, una ecuación lineal con <cursiva>n</cursiva
> incógnitas se puede representar como:  </p>
<p centrado="si"><cursiva>a</cursiva><subindice>1</subindice><cursiva
>x</cursiva><subindice>1</subindice> + <cursiva>a</cursiva><subindice
>2</subindice><cursiva>x</cursiva><subindice>2</subindice> + <cursiva
>a</cursiva><subindice>3</subindice><cursiva>x</cursiva><subindice
>3</subindice> + … + <cursiva>a</cursiva><subindice>n</subindice><cursiva
>x</cursiva><subindice>n</subindice> = <cursiva>b</cursiva></p>
<p>donde <cursiva>a</cursiva><subindice>1</subindice>, <cursiva>a</cursiva
><subindice>2</subindice>, ..., <cursiva>a</cursiva><subindice>n</subindice
>, <cursiva>b</cursiva> ∈ ℝ,  y,  <cursiva>x</cursiva><subindice>1</subindice
>, <cursiva>x</cursiva><subindice>2</subindice>, …, <cursiva>x</cursiva
><subindice>n</subindice> representan las incógnitas.   </p>
<p>Ejemplos de ecuaciones lineales,</p>
<listaSinNumerar>
<listaElemento>3<cursiva>x</cursiva> + 4 = 12, ecuación lineal con
una incógnita</listaElemento>
<listaElemento>2<cursiva>x</cursiva> + 2<cursiva>y</cursiva> = 4,
ecuación lineal con dos incógnitas o ecuación de la recta.</listaElemento>
<listaElemento>2<cursiva>x</cursiva> – 3<cursiva>y</cursiva> + <cursiva
>z</cursiva> = 12, ecuación lineal con tres incógnitas.</listaElemento>
<listaElemento>2<cursiva>y</cursiva> – 3<cursiva>y</cursiva> + 2<cursiva
>z</cursiva> – 3<cursiva>w</cursiva> = 1, ecuación lineal con cuatro
incógnitas</listaElemento>
</listaSinNumerar>
<destacado><destacadoTitulo>Notación de las ecuaciones lineales  </destacadoTitulo>
<destacadoTexto>
<p>La notación simbólica que hoy se maneja en las ecuaciones lineales
fue introducida por François Viète (1540–1603) y René Descartes (1596–1650).</p>
</destacadoTexto></destacado>
<p><negrita>Buscar la solución de una ecuación</negrita> es encontrar
el valor de la incógnita o de las incógnitas, para que la igualdad
sea verdadera. Algunas ecuaciones tienen soluciones únicas; otras
ecuaciones tienen infinitas soluciones; y existen otras ecuaciones
que no tienen solución. </p>
<p>Un ejemplo de ecuación con infinitas soluciones es 2<cursiva>x</cursiva
> + 2<cursiva>y</cursiva> = 4; una de sus soluciones es (1, 1) y (2,
0) también es solución. En este caso, la ecuación tiene infinitas
soluciones: mientras la variable <cursiva>x</cursiva> aumenta 1, la
variable <cursiva>y</cursiva> disminuye 1 y viceversa; gráficamente,
esta ecuación representa una recta y cada punto de la recta es solución
de la ecuación. </p>
<seccion2 id="S2_MA_09_05_CO_BE2098A0D3854FD6877C73694B853399">
<seccion2Titulo>Sistema de ecuaciones lineales</seccion2Titulo>
<seccion2Texto>
<p>Un sistema de ecuaciones está formado por varias ecuaciones que
pueden tener dos, tres o más  variables. Para iniciar, estudiaremos
los sistemas de ecuaciones lineales con dos incógnitas.</p>
<destacado><destacadoTitulo>Sistema de ecuaciones lineales </destacadoTitulo>
<destacadoTexto>
<p>Un sistema de ecuaciones es un conjunto formado por <cursiva>n</cursiva
> ecuaciones, cada una de ellas con dos o más incógnitas. Si el mayor
exponente de las variables de las ecuaciones que intervienen en el
sistema es uno, entonces, el sistema recibe el nombre de <negrita
>sistema de ecuaciones lineales</negrita>.</p>
</destacadoTexto></destacado>
<p>Ejemplos</p>
<listaSinNumerar>
<listaElemento>El sistema de ecuaciones con 2 ecuaciones y 2 incógnitas
se denomina <negrita>sistema de ecuaciones lineales 2 × 2</negrita
>:<formula alineacion="centrada" src="MA_09_05_07.gif"></formula></listaElemento>
<listaElemento>El sistema de ecuaciones con 3 ecuaciones y 2 incógnitas
se denomina <negrita>sistema de ecuaciones 3 × 2</negrita>:<formula
alineacion="centrada" src="MA_09_05_08.gif"></formula></listaElemento>
</listaSinNumerar>
<imagen src="MA_09_05_CO_IMG14_small.jpg">
<p>Los sistemas de ecuaciones son útiles para modelar y solucionar
problemas de varias variables que se pueden presentar, por ejemplo,
en la construcción.</p>
</imagen>
<p>Los <negrita>sistemas de ecuaciones lineales</negrita>, en algunas
ocasiones, se pueden <negrita>solucionar</negrita>; ¿qué es solucionar
un sistema de ecuaciones lineales? Si el sistema de ecuaciones tiene <cursiva
>m</cursiva> incógnitas y <cursiva>n</cursiva> ecuaciones, se deben
buscar  conjuntos de <cursiva>m</cursiva> números que verifiquen las
igualdades en las <cursiva>n</cursiva> ecuaciones, es decir, buscar
un grupo de números que al reemplazarlos por las incógnitas en todas
las ecuaciones del sistema satisfagan las igualdades.</p>
<imagen src="MA_09_05_CO_IMG13_small.jpg">
<p>Solucionar sistemas de ecuaciones por medio de diferentes métodos.</p>
</imagen>
<p>Dependiendo de su solución, los sistemas de ecuaciones se pueden
clasificar de la siguiente manera.</p>
<listaSinNumerar>
<listaElemento>Los sistemas de ecuaciones que tienen solución reciben
el nombre de <negrita>compatibles</negrita>.</listaElemento>
<listaElemento>Los sistemas de ecuaciónes cuya solución es única se
denominan <negrita>compatibles determinados</negrita>.</listaElemento>
<listaElemento>Los sistemas de ecuaciones que tienen infinitas soluciones
reciben el nombre de <negrita>compatibles indeterminados</negrita
>.</listaElemento>
<listaElemento>Los sistemas de ecuaciones que no tienen solución se
denominan <negrita>incompatibles</negrita>.</listaElemento>
</listaSinNumerar>
<p>Ejemplos</p>
<listaSinNumerar>
<listaElemento>El sistema de ecuaciones</listaElemento>
</listaSinNumerar>
<formula alineacion="centrada" src="MA_09_05_09.gif"></formula>
<p>es <negrita>compatible determinado</negrita>, es decir, su solución
es única: <cursiva>x</cursiva> = 5, <cursiva>y</cursiva> = 3.    </p>
<p>Se verifica reemplazando estos valores en las dos ecuaciones:  </p>
<p>2<cursiva>x</cursiva> – 4<cursiva>y</cursiva> = –2 → 2 · 5 – 4
· 3 = –2 → 10 – 12 = –2  </p>
<p>–3<cursiva>x</cursiva> + 6<cursiva>y</cursiva> = 3 → –3 · 5 + 6
· 3 = 3 → –15 + 18 = 3   </p>
<p>Luego, (5, 3) es la solución del sistema de ecuaciones lineales.</p>
<listaSinNumerar>
<listaElemento>El sistema de ecuaciones</listaElemento>
</listaSinNumerar>
<formula alineacion="centrada" src="MA_09_05_10.gif"></formula>
<p>es <negrita>compatible indeterminado</negrita>, ya que tiene  infinitas
soluciones. Esto sucede porque con una de las ecuaciones del sistema
se pueden generar las otras, multiplicando cada término de la ecuación
por el mismo número. En este ejemplo se multiplican los términos de
la primera ecuación por 2 y se obtiene la segunda ecuación. </p>
<listaSinNumerar>
<listaElemento>El sistema de ecuaciones</listaElemento>
</listaSinNumerar>
<formula alineacion="centrada" src="MA_09_05_11.gif"></formula>
<p>es <negrita>incompatible</negrita> pues no tiene solución, ya que
no existe ningún par de números <cursiva>x, y</cursiva> que al reemplazarlos
en las dos ecuaciones las satisfagan. </p>
</seccion2Texto></seccion2><seccion2
id="S2_MA_09_05_CO_BE2098A0D3854FD6877C73694B854400">
<seccion2Titulo>El método gráfico para solucionar sistemas de ecuaciones </seccion2Titulo>
<seccion2Texto>
<p>El <negrita>método gráfico</negrita> se utiliza para solucionar
sistemas de ecuaciones <cursiva>n</cursiva> × 2, <cursiva>n</cursiva
> ecuaciones con 2 incógnitas. Este método se describe como sigue. </p>
<listaSinNumerar>
<listaElemento>Se despeja la variable dependiente en cada una de las
ecuaciones.</listaElemento>
<listaElemento>Se grafica cada una de las rectas en el mismo plano
cartesiano.</listaElemento>
<listaElemento>Se analizan las gráficas de las rectas según su posición:
si son paralelas, el sistema no tiene solución; si todas las rectas
tienen un punto en común, este será la solución del sistema, el punto
(<cursiva>a, b</cursiva>); si todas las ecuaciones representan la
misma recta, el sistema tiene infinitas soluciones que serán todos
los puntos (<cursiva>x, y</cursiva>) que hagan parte de la gráfica
de la recta. </listaElemento>
</listaSinNumerar>
<p>Ejemplos </p>
<listaSinNumerar>
<listaElemento>Soluciona gráficamente el siguiente sistema. </listaElemento>
</listaSinNumerar>
<formula alineacion="centrada" src="MA_09_05_12.gif"></formula>
<p>Entonces,</p>
<imagen src="MA_09_05_CO_IMG15_small.jpg">
<p>Gráfica de las ecuaciones: 4<cursiva>x</cursiva> – <cursiva>y</cursiva
> = –5,  2<cursiva>x</cursiva> + <cursiva>y</cursiva> = –1, –<cursiva
>x</cursiva> + <cursiva>y</cursiva> = 2.</p>
</imagen>
<p>En la gráfica se puede observar que la solución del sistema de
ecuaciones es igual a (–1, 1). Ahora se verifica reemplazando en las
tres ecuaciones a <cursiva>x</cursiva>  por –1  y a <cursiva>y</cursiva
> por 1.</p>
<p>En la primera ecuación: 4<cursiva>x</cursiva> – <cursiva>y</cursiva
> = –5 → 4 · (–1) – 1 = –5  </p>
<p>En la segunda ecuación: 2<cursiva>x</cursiva> + <cursiva>y</cursiva
> = –1 → 2 · (–1) + 1 = –1  </p>
<p>En la tercera ecuación: – <cursiva>x</cursiva> + <cursiva>y</cursiva
> = 2 → – (–1)  + 1 = 2  </p>
<p>En este caso la solución (–1, 1) es única. </p>
<listaSinNumerar>
<listaElemento>Soluciona gráficamente el siguiente sistema.  </listaElemento>
</listaSinNumerar>
<formula alineacion="centrada" src="MA_09_05_13.gif"></formula>
<p>Entonces,</p>
<imagen src="MA_09_05_CO_IMG16_small.jpg">
<p>Gráfica de las ecuaciones –2<cursiva>x</cursiva> – <cursiva>y</cursiva
> = 10, 4<cursiva>x</cursiva> + 2<cursiva>y</cursiva> = 7.</p>
</imagen>
<p>Como se puede ver en la gráfica, las dos rectas son paralelas,
no tienen puntos en común; es decir, este sistema de ecuaciones no
tiene solución.</p>
<listaSinNumerar>
<listaElemento>Solucionar gráficamente el siguiente sistema de ecuaciones.</listaElemento>
</listaSinNumerar>
<formula alineacion="centrada" src="MA_09_05_14.gif"></formula>
<p>Luego,</p>
<imagen src="MA_09_05_CO_IMG17_small.jpg">
<p>Gráfica de un sistema de ecuaciones con infinitas soluciones.</p>
</imagen>
<p>Como se puede ver en la gráfica, las tres ecuaciones representan
la misma recta, es decir, el sistema de ecuaciones tiene infinitas
soluciones; por cada valor real de <cursiva>x</cursiva> se obtiene
el mismo valor real de <cursiva>y</cursiva> en las tres ecuaciones.
 </p>
<profundiza>
<enlace
destino="/LoIdRedirect.aspx?LoId=MA_09_05_CO_Recurso110&amp;IdRecurso=RES-854BEC5F89314B8A9A2569207F2DE210"
>El método gráfico para solucionar sistemas de ecuaciones 2 × 2</enlace>
<enlace
destino="/LoIdRedirect.aspx?LoId=MA_09_05_CO_Recurso120&amp;IdRecurso=RES-A9412D4462DC48C2A17AD0AD002D1DA8"
>Soluciona sistemas de ecuaciones lineales Geogebra</enlace>
</profundiza></seccion2Texto></seccion2><seccion2
id="S2_MA_09_05_CO_BE2098A0D3854FD6877C73694B855511">
<seccion2Titulo>El método de sustitución para solucionar sistemas
de ecuaciones </seccion2Titulo>
<seccion2Texto>
<p>Para resolver un sistema de ecuaciones 2 × 2 por el <negrita>método
de sustitución</negrita>:</p>
<listaSinNumerar>
<listaElemento>Se escoge una de las ecuaciones y se despeja una de
las dos variables para reemplazarla en la otra ecuación; esto con
el fin de generar una ecuación que tenga solo una incógnita.</listaElemento>
<listaElemento>Se resuelve esta nueva ecuación con una incógnita y
se halla el valor; para calcular el valor de la otra incógnita.</listaElemento>
<listaElemento>Se reemplaza el valor calculado en cualquiera de las
dos ecuaciones originales y se despeja la otra variable. </listaElemento>
</listaSinNumerar>
<p>Ejemplo </p>
<p>Solucionar el siguiente sistema de ecuaciones por el método de
sustitución. </p>
<formula alineacion="centrada" src="MA_09_05_15.gif"></formula>
<listaSinNumerar>
<listaElemento>Se escoge una de las dos ecuaciones y se despeja una
de las incógnitas, en este caso, la ecuación 3<cursiva>x</cursiva
> + 2<cursiva>y</cursiva> = 16. Al despejar la incógnita <cursiva
>x</cursiva> se obtiene,  <formula alineacion="centrada"
src="MA_09_05_16.gif"></formula></listaElemento>
<listaElemento>En la segunda ecuación se reemplaza el valor de <cursiva
>x</cursiva> obtenido, y se despeja la variable <cursiva>y</cursiva
>, así:<formula alineacion="centrada" src="MA_09_05_18.gif"></formula
></listaElemento>
<listaElemento>Ahora, se reemplaza el valor de <cursiva>y</cursiva
> en la primera ecuación y se calcula el valor de <cursiva>x</cursiva
>. Observa.   <formula alineacion="centrada" src="MA_09_05_19.gif">
</formula><p>Luego, los valores que satisfacen el sistema de ecuaciones
es igual a:</p><formula alineacion="centrada" src="MA_09_05_20.gif">
</formula></listaElemento>
<listaElemento>Para comprobar la solución, se reemplazan los valores
de <cursiva>x</cursiva> e <cursiva>y</cursiva> en las dos ecuaciones:<formula
alineacion="centrada" src="MA_09_05_21.gif"></formula></listaElemento>
</listaSinNumerar>
<practica>
<enlace
destino="/LoIdRedirect.aspx?LoId=MA_09_05_CO_Recurso130&amp;IdRecurso=RES-15AF7A622A78454EAB3225A4CB5BA39F"
>Resuelve sistemas de ecuaciones lineales por el método de sustitución</enlace>
</practica></seccion2Texto></seccion2><seccion2
id="S2_MA_09_05_CO_BE2098A0D3854FD6877C73694B856622">
<seccion2Titulo>El método de igualación para solucionar sistemas de
ecuaciones </seccion2Titulo>
<seccion2Texto>
<p>El <negrita>método de igualación</negrita> para resolver un sistema
de ecuaciones 2 × 2 consiste en despejar la misma incógnita de las
dos ecuaciones y posteriormente igualar estas dos nuevas expresiones.
Esto se puede realizar debido a que se ha despejado la misma incógnita.
Al igualar estas dos expresiones se obtiene una ecuación con una incógnita;
se resuelve y se obtiene el valor de una de las incógnitas.   Para
encontrar el valor de la otra incógnita se reemplaza el valor obtenido
de la incógnita en cualquiera de las ecuaciones originales y se despeja. 
 </p>
<p>Observa el siguiente ejemplo:</p>
<p>Solucionar el siguiente sistema de ecuaciones por el método de
igualación. </p>
<formula alineacion="centrada" src="MA_09_05_23.gif"></formula>
<listaSinNumerar>
<listaElemento>Se escoge la incógnita <cursiva>y</cursiva> para despejarla
en las dos ecuaciones.</listaElemento>
</listaSinNumerar>
<p>En la primera ecuación</p>
<formula alineacion="centrada" src="MA_09_05_24.gif"></formula>
<p>En la segunda ecuación </p>
<formula alineacion="centrada" src="MA_09_05_25.gif"></formula>
<listaSinNumerar>
<listaElemento>Ahora, las dos expresiones que son equivalentes a <cursiva
>y</cursiva>, se igualan para despejar <cursiva>x</cursiva> en esta
nueva ecuación.</listaElemento>
</listaSinNumerar>
<formula alineacion="centrada" src="MA_09_05_26.gif"></formula>
<listaSinNumerar>
<listaElemento>Se reemplaza <cursiva>x</cursiva> por 9 en cualquiera
de las dos ecuaciones originales, y se despeja <cursiva>y</cursiva
>; en este caso se reemplazará en la segunda ecuación.</listaElemento>
</listaSinNumerar>
<p centrado="si">2 · (9)  – 7<cursiva>y</cursiva> = –17</p>
<p centrado="si"> – 7<cursiva>y</cursiva> = –17 – 18</p>
<p centrado="si"><cursiva>y</cursiva> = 5</p>
<listaSinNumerar>
<listaElemento>Luego la solución del sistema de ecuaciones es <cursiva
>x</cursiva> = 9, <cursiva>y</cursiva> = 5; ahora, para comprobarla
se reemplazan en las dos ecuaciones.</listaElemento>
</listaSinNumerar>
<p>En la primera ecuación:</p>
<formula alineacion="centrada" src="MA_09_05_28.gif"></formula>
<p>En la segunda ecuación:</p>
<p centrado="si">2x – 7y = –17 </p>
<p centrado="si">2 ·  (9) – 7 · (5) = –17 </p>
<p centrado="si">18 – 35 = –17 </p>
<p centrado="si">–17 = –17</p>
<practica>
<enlace
destino="/LoIdRedirect.aspx?LoId=MA_09_05_CO_Recurso140&amp;IdRecurso=RES-3E61A676BCDC4FB7B326CC77D5C6D2E3"
>Resuelve sistemas de ecuaciones lineales por el método de igualación </enlace>
</practica></seccion2Texto></seccion2><seccion2
id="S2_MA_09_05_CO_BE2098A0D3854FD6877C73694B857733">
<seccion2Titulo>El método de adición y sustracción para solucionar
sistemas de ecuaciones 2 × 2</seccion2Titulo>
<seccion2Texto>
<p>El <negrita>método de adición y sustracción</negrita> para solucionar
sistemas de ecuaciones  2 × 2 consiste en multiplicar una o las dos
ecuaciones por números <cursiva>m</cursiva> y <cursiva>n</cursiva
> con el fin de conseguir dos  ecuaciones que al adicionarlas componente
a componente generen una ecuación con una sola incógnita, es decir,
que se elimine una de las incógnitas. Posteriormente, se halla el
valor de la incógnita que queda; para encontrar el valor de la otra
incógnita se reemplaza en alguna de las ecuaciones originales el valor
de la anterior incógnita.  </p>
<p>Ejemplo  </p>
<p>Solucionar el siguiente sistema de ecuaciones por el método de
adición y sustracción. </p>
<formula alineacion="centrada" src="MA_09_05_29.gif"></formula>
<listaSinNumerar>
<listaElemento>Se debe observar el sistema de ecuaciones y determinar
cuál o cuáles son los números por los cuales multiplicaremos cada
una de las ecuaciones para que cuando se sumen componente a componente,
una de las variables se elimine. En este caso, se multiplica la ecuación
(1) por 9 y la ecuación (2) por 4, de tal forma que se eliminen los
términos de la variable <cursiva>y</cursiva>.</listaElemento>
</listaSinNumerar>
<p>En  la primera ecuación:  </p>
<p centrado="si"><negrita>9</negrita> · (8<cursiva>x</cursiva> + 4<cursiva
>y</cursiva> = 18 ) → 72<cursiva>x</cursiva> + <negrita>36<cursiva
>y</cursiva> </negrita>= 162</p>
<p>En la segunda ecuación:  </p>
<p centrado="si"><negrita>4</negrita>· (20<cursiva>x</cursiva> – 9<cursiva
>y</cursiva> = – 12) → 80<cursiva>x </cursiva>   –<negrita>36<cursiva
>y</cursiva></negrita> = – 48  </p>
<p>De esa manera se elimina la variable <cursiva>y</cursiva> porque
en la primera ecuación quedó 36<cursiva>y</cursiva> y en la segunda
–36<cursiva>y</cursiva>.</p>
<listaSinNumerar>
<listaElemento>Ahora, se suman las dos ecuaciones componente a componente
para eliminar una de las incógnitas.</listaElemento>
</listaSinNumerar>
<formula alineacion="centrada" src="MA_09_05_109.gif"></formula>
<p>Se despeja <cursiva>x</cursiva> en la ecuación obtenida, es decir:</p>
<formula alineacion="centrada" src="MA_09_05_29a.gif"></formula>
<listaSinNumerar>
<listaElemento>Para encontrar el valor de <cursiva>y</cursiva>, se
escoge cualquiera de las dos ecuaciones originales; en este caso se
escoge la ecuación 8<cursiva>x</cursiva> + 4<cursiva>y</cursiva> =
18  y se reemplaza el valor obtenido de <cursiva>x</cursiva>, y se
despeja la incógnita <cursiva>y</cursiva>.</listaElemento>
</listaSinNumerar>
<formula alineacion="centrada" src="MA_09_05_30.gif"></formula>
<p>Por lo tanto, los valores de las incógnitas son:</p>
<formula alineacion="centrada" src="MA_09_05_31.gif"></formula>
<listaSinNumerar>
<listaElemento>Por último, se comprueba que los valores de <cursiva
>x</cursiva> e <cursiva>y</cursiva> satisfacen el sistema de ecuaciones:</listaElemento>
</listaSinNumerar>
<p>En la primera ecuación:</p>
<formula alineacion="centrada" src="MA_09_05_32.gif"></formula>
<p>En la segunda ecuación:</p>
<formula alineacion="centrada" src="MA_09_05_33.gif"></formula>
<practica>
<enlace
destino="/LoIdRedirect.aspx?LoId=MA_09_05_CO_Recurso150&amp;IdRecurso=RES-65D48D727E9043CDAC8EF80872282B8C"
>Resuelve sistemas de ecuaciones lineales por el método de adición
y sustracción</enlace>
</practica></seccion2Texto></seccion2><seccion2
id="S2_MA_09_05_CO_BE2098A0D3854FD6877C73694B858844">
<seccion2Titulo>El método de determinantes </seccion2Titulo>
<seccion2Texto>
<p>El método de determinantes es otro método para resolver sistemas
de ecuaciones lineales. Consiste en trabajar con los coeficientes
de los términos de cada ecuación del sistema en forma de arreglo rectangular
por filas y columnas, para hallar un número real que se le asigna
a una matriz.</p>
<seccion3 id="S3_MA_09_05_CO_BE2098A0D3854FD6877C73694B854488">
<seccion3Titulo>Las matrices </seccion3Titulo>
<seccion3Texto>
<p>Las <negrita>matrices</negrita> son arreglos de números o expresiones
ordenados por <negrita>filas</negrita> y <negrita>columnas</negrita
>; las filas son los arreglos ubicados de forma horizontal, y las
columnas son los arreglos ubicados de forma vertical. Observa.</p>
<formula alineacion="centrada" src="MA_09_05_35.gif"></formula>
<p>La matriz <cursiva>A</cursiva> tiene 2 filas y 3 columnas, es decir,
la matriz es de dimensión   2 × 3; a cada posición de la matriz se
le asigna un par de coordenadas: el primer número determina a qué
fila pertenece y el segundo a qué columna corresponde. Por ejemplo,
el número ubicado en <cursiva>a</cursiva><subindice>13</subindice
> indica que está en la fila 1, columna 3.  </p>
<p>Ejemplos de matrices</p>
<listaSinNumerar>
<listaElemento>Matriz de dimensión 2 × 2.<formula alineacion="centrada"
src="MA_09_05_36.gif"></formula></listaElemento>
<listaElemento>Matriz de dimensión 3 × 3.<formula alineacion="centrada"
src="MA_09_05_37.gif"></formula></listaElemento>
<listaElemento>Matriz de dimensión 2 × 3.<formula alineacion="centrada"
src="MA_09_05_38.gif"></formula></listaElemento>
</listaSinNumerar>
<p>Con el conjunto de matrices cuyos elementos pertenecen a los números
reales se pueden definir operaciones como las siguientes.   </p>
<p><negrita>Adición de matrices</negrita>  </p>
<p>Dos matrices se pueden adicionar si y solo si tienen la misma dimensión,
es decir, el mismo número de filas y el mismo número de columnas;
esto se define componente a componente, es decir, cada uno de los
elementos que ocupan la misma posición.  </p>
<p>Ejemplos  </p>
<p>Sean las matrices <cursiva>A</cursiva> y <cursiva>B</cursiva>,
entonces</p>
<formula alineacion="centrada" src="MA_09_05_39.gif"></formula>
<formula alineacion="centrada" src="MA_09_05_40.gif"></formula>
<formula alineacion="centrada" src="MA_09_05_41.gif"></formula>
<p><negrita>Multiplicación de matrices  </negrita></p>
<p>Dos matrices se pueden multiplicar si y solo si la cantidad de
filas de la primera matriz es igual a la cantidad de columnas de la
segunda matriz. El elemento a<subindice>nm</subindice> del resultado
se obtiene multiplicando cada elemento de la fila <cursiva>n</cursiva
> de la primera matriz por cada elemento de la columna <cursiva>m</cursiva
> de la segunda matriz y luego sumándolos.  </p>
<p>Ejemplos  </p>
<p>Sean las matrices <cursiva>A</cursiva> y <cursiva>B</cursiva>,
entonces,</p>
<formula alineacion="centrada" src="MA_09_05_42.gif"></formula>
<formula alineacion="centrada" src="MA_09_05_43.gif"></formula>
<formula alineacion="centrada" src="MA_09_05_44.gif"></formula>
</seccion3Texto></seccion3><seccion3
id="S3_MA_09_05_CO_BE2098A0D3854FD6877C73694B855599">
<seccion3Titulo>El determinante de una matriz  </seccion3Titulo>
<seccion3Texto>
<p>El <negrita>determinante</negrita> de una matriz <cursiva>A</cursiva
> es un número real que se le asigna a las matrices de dimensión <cursiva
>n</cursiva> × <cursiva>n</cursiva>, es decir, que tengan la misma
cantidad de filas y de columnas; se denota como <cursiva>detA</cursiva
> o |<cursiva>A</cursiva>|. </p>
<p><negrita>El determinante de una matriz 2 × 2   </negrita></p>
<p>Para calcular el determinante de una matriz <cursiva>A</cursiva
> de dimensión 2 × 2, como</p>
<formula alineacion="centrada" src="MA_09_05_45.gif"></formula>
<p>se multiplica el número que se encuentra en la posición <cursiva
>a</cursiva><subindice>11</subindice> con el número que se encuentra
en la posición <cursiva>a</cursiva><subindice>22</subindice>; a este
resultado se le resta el producto de los números que se encuentran
en las posiciones <cursiva>a</cursiva><subindice>21</subindice> y <cursiva
>a</cursiva><subindice>22</subindice>; el resultado de la resta será
el valor del determinante de la matriz, es decir,   </p>
<p centrado="si">|<cursiva>A</cursiva>| = (<cursiva>a</cursiva><subindice
>11</subindice> · <cursiva>a</cursiva><subindice>22</subindice>) –
(<cursiva>a</cursiva><subindice>21</subindice> · <cursiva>a</cursiva
><subindice>12</subindice>)  </p>
<p>Ejemplo  </p>
<p>Encuentra el determinante de la matriz </p>
<formula alineacion="centrada" src="MA_09_05_46.gif"></formula>
<p centrado="si">|<cursiva>A</cursiva>|= 12 ·.7 – (–3) · 4 = 84 +
12 = 96</p>
<practica>
<enlace
destino="/LoIdRedirect.aspx?LoId=MA_09_05_CO_Recurso160&amp;IdRecurso=RES-3A2FBC2FAF444B16B79EBB0B20C5B9A8"
>Soluciona determinantes</enlace>
</practica>
<p>El método de <negrita>determinantes</negrita> también se conoce
como la <negrita>regla de Cramer</negrita>. Este método se utiliza
para solucionar sistemas de ecuaciones <cursiva>n</cursiva> × <cursiva
>n</cursiva>,  es decir, cuando la cantidad de ecuaciones es igual
a la cantidad de incógnitas.  </p>
<p>Ejemplo  </p>
<p>Resolver el siguiente sistema de ecuaciones mediante el método
de los determinantes.</p>
<formula alineacion="centrada" src="MA_09_05_48.gif"></formula>
<listaSinNumerar>
<listaElemento>Se determinan tres matrices y se calculan sus respectivos
determinantes.</listaElemento>
</listaSinNumerar>
<p>Los elementos de la primera matriz son los coeficientes que acompañan
a las variables en cada una de las ecuaciones, de forma que los coeficientes
de cada variable están ordenados en columnas; posteriormente se halla
el determinante de esta matriz y se representa con el símbolo ∆.</p>
<formula alineacion="centrada" src="MA_09_05_49.gif"></formula>
<p>Una de las columnas de la segunda matriz serán los coeficientes
que acompañan a una de las variables, y la otra columna serán los
términos independientes de las dos ecuaciones. Se calcula el determinante
de la matriz y se representa como ∆<subindice>x</subindice>  o ∆<subindice
>y</subindice>; cada letra en la parte inferior depende de los coeficientes
de la incógnita que se reemplazaron por los términos independientes
en la matriz. En este caso con ∆<subindice>x</subindice>.</p>
<formula alineacion="centrada" src="MA_09_05_50.gif"></formula>
<p>En la tercera matriz, una de las columnas serán los coeficientes
de la variable que se reemplazó en la segunda matriz y la otra columna
serán los términos independientes de las ecuaciones. En este caso
se halla el determinante y se nombra ∆<subindice>y</subindice>.</p>
<formula alineacion="centrada" src="MA_09_05_51.gif"></formula>
<listaSinNumerar>
<listaElemento>Ahora, se calculan los valores de <cursiva>x</cursiva
> y de <cursiva>y</cursiva> a partir de los determinantes. </listaElemento>
</listaSinNumerar>
<formula alineacion="centrada" src="MA_09_05_52.gif"></formula>
<p>Luego, la solución del sistema es igual a:</p>
<formula alineacion="centrada" src="MA_09_05_54.gif"></formula>
<listaSinNumerar>
<listaElemento>Se reemplazan en cada una de las ecuaciones del sistema
los valores obtenidos para comprobar que lo satisface.</listaElemento>
</listaSinNumerar>
<p>En la primera ecuación:  </p>
<formula alineacion="centrada" src="MA_09_05_55.gif"></formula>
<p>En la segunda ecuación:</p>
<formula alineacion="centrada" src="MA_09_05_56.gif"></formula>
<practica>
<enlace
destino="/LoIdRedirect.aspx?LoId=MA_09_05_CO_Recurso170&amp;IdRecurso=RES-E1071FD14A7B4E78A9B7C1F9ABBD4C7F"
>Soluciona sistemas de ecuaciones utilizando la regla de Cramer</enlace>
</practica></seccion3Texto></seccion3></seccion2Texto></seccion2>
<seccion2 id="S2_MA_09_05_CO_BE2098A0D3854FD6877C73694B859955">
<seccion2Titulo>Aplicación de los sistemas de ecuaciones lineales </seccion2Titulo>
<seccion2Texto>
<p>Los sistemas de ecuaciones lineales se utilizan para modelar y
solucionar  situaciones  problema en  diferentes ramas del conocimiento
como la Ingeniería, la Economía, el transporte, la producción industrial,
las ciencias y la misma Matemática. El problema se presenta de manera
verbal en la mayoría de las situaciones, y se debe llevar al lenguaje
de las Matemáticas, más específicamente, al lenguaje de los sistemas
de ecuaciones lineales.</p>
<imagen src="MA_09_05_CO_IMG18_small.jpg">
<p>Pasos para resolver una situación problema: leer, analizar y solucionar. </p>
</imagen>
<p>Para abordar una situación problema que involucre sistemas de ecuaciones
lineales es fundamental tener en cuenta las siguientes indicaciones.</p>
<listaSinNumerar>
<listaElemento><negrita>Comprender el problema</negrita>: para ello,
es necesario leer detenidamente e identificar las incógnitas y los
términos independientes de las  ecuaciones que harán parte del sistema.</listaElemento>
<listaElemento><negrita>Plantear o modelar el problema</negrita>:
plantear el sistema de ecuaciones que modela el problema.</listaElemento>
<listaElemento><negrita>Resolver el problema</negrita>: resolver el
sistema de ecuaciones por medio del método que más se te facilite;
verificar si el sistema es compatible.</listaElemento>
<listaElemento><negrita>Comprobar la solución</negrita>: reemplazar
los resultados obtenidos en las ecuaciones del sistema y verificar
si son la solución; analizar si los resultados obtenidos tienen sentido
en el contexto del problema.  </listaElemento>
</listaSinNumerar>
<p>Ejemplo 1  </p>
<p>El costo total de 10 cuadernos y 7 lápices es de  $18 050; el costo
total de 4 cuadernos y 6 lápices es de $9300; ¿cuál  es el valor de
cada artículo?</p>
<imagen src="MA_09_05_CO_IMG19_small.jpg">
<p>Situación problema relacionada con útiles de escritorio. </p>
</imagen>
<listaSinNumerar>
<listaElemento>Se establecen las dos ecuaciones y se identifica que
las incógnitas son el valor de un cuaderno y el valor de un lápiz,
y los términos independientes son los costos totales de los productos,
18 050 y 9300.</listaElemento>
<listaElemento>El sistema de ecuaciones que modela este problema es<formula
alineacion="centrada" src="MA_09_05_58.gif"></formula></listaElemento>
<listaElemento>Se resuelve por cualquier método; en este caso se utiliza
el método de determinantes.<formula alineacion="centrada"
src="MA_09_05_59.gif"></formula><p>Luego,</p><formula
alineacion="centrada" src="MA_09_05_60.gif"></formula></listaElemento>
<listaElemento>Se llega a que el valor de un cuaderno es de $1350
y de un lápiz es $650; se comprueba cada una de las ecuaciones del
sistema con  <cursiva>x</cursiva> = 1350, <cursiva>y</cursiva> = 650.<listaSinNumerar>
<listaElemento>En la ecuación 1:<p centrado="si">10<cursiva>x</cursiva
> + 7<cursiva>y</cursiva> = 18 050</p><p centrado="si">10 · (1350)
+ 7 · (650) = 18 050</p><p centrado="si">13 500 + 4550 = 18 050</p
><p centrado="si">18 050 = 18 050</p></listaElemento>
<listaElemento>En la ecuación 2:<p centrado="si">4<cursiva>x</cursiva
> + 6<cursiva>y</cursiva> = 9300</p><p centrado="si">4 · (1350) +
6 · (650) = 9300</p><p centrado="si">5400 + 3900 = 9300</p><p
centrado="si">9300 = 9300</p></listaElemento>
</listaSinNumerar></listaElemento>
</listaSinNumerar>
<p>Ejemplo 2  </p>
<p>Se tienen 25 monedas, unas son de $200 y otras de $500; en total,
con las 25 monedas se tienen $11 000 pesos. ¿Cuántas monedas son de
$200 y cuántas son de $500?</p>
<imagen src="MA_09_05_CO_IMG20_small.jpg">
<p>Situación problema relacionada con cantidades de dinero.</p>
</imagen>
<listaSinNumerar>
<listaElemento>Se establecen las dos ecuaciones y se identifican las
incógnitas: son el número de monedas de 500 y el número de monedas
de 200; los términos independientes son 25 y 11 000.</listaElemento>
<listaElemento>El sistema de ecuaciones que modela este problema es<formula
alineacion="centrada" src="MA_09_05_64.gif"></formula></listaElemento>
<listaElemento>Se resuelve por cualquier método; en este caso se utiliza
el método de adición o sustracción. Se multiplica la ecuación (1)
por –500.<formula alineacion="centrada" src="MA_09_05_65.gif"></formula
></listaElemento>
</listaSinNumerar>
<p>Al realizar la adición de las nuevas ecuaciones componente a componente
y despejar <cursiva>y</cursiva> se obtiene:</p>
<formula alineacion="centrada" src="MA_09_05_66.gif"></formula>
<p>Se reemplaza el valor de <cursiva>y</cursiva> en cualquiera de
las dos ecuaciones para encontrar el valor de <cursiva>x</cursiva
>: </p>
<p centrado="si"><cursiva>x</cursiva> + <cursiva>y</cursiva> = 25
 → <cursiva>x</cursiva> + 5 = 25 → <cursiva>x</cursiva> = 25 – 5 → <cursiva
>x</cursiva> = 20</p>
<p>Se obtiene que hay 20 monedas de $500 y 5 monedas de $200;  estas
 respuestas se comprueban en las dos ecuaciones:</p>
<p centrado="si"><cursiva>x</cursiva> = 20,  <cursiva>y</cursiva> =
5</p>
<listaSinNumerar>
<listaElemento>En la ecuación 1: <cursiva>x</cursiva> + <cursiva>y</cursiva
> = 25 → 20 + 5 = 25 → 25 = 25 	</listaElemento>
<listaElemento>En la ecuación 2:</listaElemento>
</listaSinNumerar>
<p centrado="si">500<cursiva>x</cursiva> + 200<cursiva>y</cursiva
> = 11 000</p>
<p centrado="si">500 · (20) + 200 · (5) = 11 000</p>
<p centrado="si">10 000 +1000 = 11 000</p>
<p centrado="si">11 000 = 11 000</p>
<p>Ejemplo 3 </p>
<p>En un corral hay gallinas y ovejas; en total hay 100 cabezas y
250 patas. ¿Cuántas gallinas y cuántas ovejas hay en el corral?</p>
<imagen src="MA_09_05_CO_IMG21_small.jpg">
<p>Situación problema relacionada con un corral de ovejas y gallinas.</p>
</imagen>
<listaSinNumerar>
<listaElemento>Se establecen las dos ecuaciones y se identifican las
incógnitas: son  la cantidad de gallinas y la cantidad de ovejas;
los términos independientes son 100 y 250.</listaElemento>
<listaElemento>El sistema de ecuaciones que modela este problema es<formula
alineacion="centrada" src="MA_09_05_67.gif"></formula></listaElemento>
<listaElemento>Se resuelve por cualquier método; en este caso se utiliza
el método de igualación.</listaElemento>
</listaSinNumerar>
<p>En la primera ecuación se despeja <cursiva>x</cursiva>:   </p>
<p centrado="si"><cursiva>x</cursiva> + <cursiva>y</cursiva> = 100
→ <cursiva>x</cursiva> = 100 – <cursiva>y</cursiva>  </p>
<p>En la segunda ecuación se despeja <cursiva>x</cursiva>:</p>
<formula alineacion="centrada" src="MA_09_05_68.gif"></formula>
<p>Se igualan:</p>
<formula alineacion="centrada" src="MA_09_05_69.gif"></formula>
<p>Se reemplaza <cursiva>y</cursiva> por 25 en cualquiera de las ecuaciones:
   </p>
<p centrado="si"><cursiva>x</cursiva> + <cursiva>y</cursiva> = 100
→ <cursiva>x</cursiva> + 25 = 100 → <cursiva>x</cursiva> = 100 – 25
→ <cursiva>x</cursiva> = 75</p>
<listaSinNumerar>
<listaElemento>Se obtiene que en el corral hay 75 gallinas y 25 ovejas;
estas respuestas se comprueban en las dos ecuaciones. </listaElemento>
</listaSinNumerar>
<p centrado="si"><cursiva>x</cursiva> = 75,  <cursiva>y</cursiva> =
25 </p>
<p>En la primera ecuación:  </p>
<p centrado="si"><cursiva>x</cursiva> + <cursiva>y</cursiva> = 100
→ 75 + 25 = 100 → 100 = 100</p>
<p>En la segunda ecuación: </p>
<p centrado="si">2x + 4y = 250</p>
<p centrado="si"> 2 · (75) + 4 · (25) = 250</p>
<p centrado="si"> 150 + 100 = 250</p>
<p centrado="si"> 250 = 250</p>
<p>Ejemplo 4  </p>
<p>Una fábrica de botellas tiene dos clases, una de 3 litros y otra
de 5 litros; si se quieren utilizar 75 botellas para 305 litros de
agua, ¿cuántas botellas de 3 litros y cuántas botellas de 5 litros
se necesitan? </p>
<imagen src="MA_09_05_CO_IMG22_small.jpg">
<p>Situación problemas relacionada con una fábrica de botellas. </p>
</imagen>
<listaSinNumerar>
<listaElemento>Se establecen las dos ecuaciones y se identifican las
incógnitas: son la cantidad de botellas de 3 litros y la cantidad
de botellas de 5 litros; los términos independientes son 75 y 305.</listaElemento>
<listaElemento>El sistema de ecuaciones que modela este problema es<formula
alineacion="centrada" src="MA_09_05_70.gif"></formula></listaElemento>
<listaElemento>Se resuelve por cualquier método; en este caso se utiliza
el método de sustitución.</listaElemento>
</listaSinNumerar>
<p>Se despeja <cursiva>x</cursiva> en la segunda ecuación:</p>
<formula alineacion="centrada" src="MA_09_05_71.gif"></formula>
<p>Se reemplaza en la primera ecuación el valor encontrado para <cursiva
>x</cursiva> y se despeja <cursiva>y</cursiva>.</p>
<formula alineacion="centrada" src="MA_09_05_72.gif"></formula>
<p>Se reemplaza <cursiva>y</cursiva> = 40 en cualquiera de las ecuaciones
para obtener a <cursiva>x</cursiva>. </p>
<p centrado="si"><cursiva>x</cursiva> + <cursiva>y</cursiva> = 75
→ <cursiva>x</cursiva> + 40 = 75 → <cursiva>x</cursiva> = 75 – 40
→ <cursiva>x</cursiva> = 35</p>
<listaSinNumerar>
<listaElemento>Se necesitan 35 botellas de 5 litros y 40 botellas
de 3 litros para envasar los 305 litros de agua en 75 botellas; estas
respuestas se comprueban en las dos ecuaciones.  </listaElemento>
</listaSinNumerar>
<p centrado="si"><cursiva>x</cursiva> = 35, <cursiva>y</cursiva> =
40</p>
<p>En la primera ecuación: </p>
<p centrado="si"><cursiva>x</cursiva> + <cursiva>y</cursiva> = 75
 → 35 + 40 = 75 → 75 = 75</p>
<p>En la segunda ecuación:</p>
<p centrado="si">3x + 5y = 305</p>
<p centrado="si">3. (35) + 5 · (40) = 305</p>
<p centrado="si">105 + 200 = 305</p>
<p centrado="si">305 = 305</p>
<practica>
<enlace
destino="/LoIdRedirect.aspx?LoId=MA_09_05_CO_Recurso180&amp;IdRecurso=RES-1D7EF0E3C5C34BCD805A241E1BDCE297"
>Resuelve problemas que involucran sistemas de ecuaciones lineales</enlace>
</practica></seccion2Texto></seccion2><seccion2
id="S2_MA_09_05_CO_BE2098A0D3854FD6877C73694B850066">
<seccion2Titulo>Los sistemas de ecuaciones 3 × 3 y su solución</seccion2Titulo>
<seccion2Texto>
<p>La <negrita>solución de sistemas de ecuaciones 3 × 3</negrita>,
consiste en buscar tripletas (<cursiva>x, y, z</cursiva>) de números
que satisfagan las tres ecuaciones.    </p>
<p>Existen diferentes métodos para solucionar sistemas de ecuaciones
3 × 3; entre ellos, el de igualación y el de  Gauss Jordan. </p>
<seccion3 id="S3_MA_09_05_CO_BE2098A0D3854FD6877C73694B856600">
<seccion3Titulo>El método de igualación para solucionar sistemas de
ecuaciones 3 × 3</seccion3Titulo>
<seccion3Texto>
<p>Este método puede entenderse mediante el siguiente ejemplo. </p>
<p>Resolver el sistema por el método de igualación.</p>
<formula alineacion="centrada" src="MA_09_05_73.gif"></formula>
<listaSinNumerar>
<listaElemento>Se enumeran las tres ecuaciones 1, 2, 3.</listaElemento>
</listaSinNumerar>
<listaSinNumerar>
<listaElemento>Se escoge la misma incógnita en las tres ecuaciones
y se  despeja. En este caso la <cursiva>x</cursiva> y se despeja en
las tres ecuaciones.</listaElemento>
</listaSinNumerar>
<p>En la ecuación (1)</p>
<formula alineacion="centrada" src="MA_09_05_74.gif"></formula>
<p>En la ecuación (2)</p>
<formula alineacion="centrada" src="MA_09_05_75.gif"></formula>
<p>En la ecuación (3)</p>
<formula alineacion="centrada" src="MA_09_05_76.gif"></formula>
<listaSinNumerar>
<listaElemento>Se igualan las <cursiva>x</cursiva> de las ecuaciones
1 y 2, y las <cursiva>x</cursiva> de las ecuaciones 2 y 3; luego se
despeja el término independiente.</listaElemento>
<listaElemento>Ecuaciones 1 y 2:<formula alineacion="centrada"
src="MA_09_05_77.gif"></formula></listaElemento>
<listaElemento>Ecuaciones 2 y 3:<formula alineacion="centrada"
src="MA_09_05_78.gif"></formula></listaElemento>
<listaElemento>El nuevo sistema de ecuaciones 2 × 2 es:<formula
alineacion="centrada" src="MA_09_05_79.gif"></formula></listaElemento>
</listaSinNumerar>
<p>Se soluciona por el método de igualación; se despeja <cursiva>y</cursiva
> en las dos ecuaciones. </p>
<p>En la ecuación 4:  </p>
<formula alineacion="centrada" src="MA_09_05_80.gif"></formula>
<p>En la ecuación 5: </p>
<formula alineacion="centrada" src="MA_09_05_81.gif"></formula>
<p>Se igualan estas dos ecuaciones y se despeja <cursiva>z</cursiva
>: </p>
<formula alineacion="centrada" src="MA_09_05_82.gif"></formula>
<p>Ahora, se reemplaza <cursiva>z</cursiva> por –2 en cualquiera de
las ecuaciones anteriores para encontrar el valor de <cursiva>y</cursiva
>. En esta caso, en la ecuación 4.</p>
<formula alineacion="centrada" src="MA_09_05_83.gif"></formula>
<p>Como ya se tiene el valor de dos de las incógnitas: <cursiva>z</cursiva
> = –2 , <cursiva>y</cursiva> = 7. Ahora se reemplazan estos dos valores
en cualquiera de las ecuaciones iniciales, 1, 2 o 3, y se obtiene
el valor de la incógnita que hace falta. Estos valores se remplazan
en la ecuación 1 y se despeja la incógnita:</p>
<formula alineacion="centrada" src="MA_09_05_84.gif"></formula>
<listaSinNumerar>
<listaElemento>Los valores calculados son: <cursiva>z</cursiva> =
–2, <cursiva>y</cursiva> = 7, <cursiva>x</cursiva> = 5. Se comprueban
en las ecuaciones 1, 2 y 3.</listaElemento>
<listaElemento>En la primera ecuación: </listaElemento>
</listaSinNumerar>
<p centrado="si">3<cursiva>x</cursiva> + 5<cursiva>y</cursiva> + 4<cursiva
>z</cursiva> = 42 </p>
<p centrado="si">3 · (5) + 5 · (7) + 4 · (–2) = 42 </p>
<p centrado="si">15 + 35 – 8 = 42 </p>
<p centrado="si">42 = 42</p>
<listaSinNumerar>
<listaElemento>En la segunda ecuación:</listaElemento>
</listaSinNumerar>
<p centrado="si">2<cursiva>x</cursiva> – 3<cursiva>y</cursiva> – 3<cursiva
>z</cursiva> = –5 </p>
<p centrado="si">2 · (5) – 3 · (7) – 3 · (–2) = –5</p>
<p centrado="si"> 10 –21 + 6 = –5 </p>
<p centrado="si">–5 = –5</p>
<listaSinNumerar>
<listaElemento>En la tercera ecuación : </listaElemento>
</listaSinNumerar>
<p centrado="si">10x + 2y – 5z = 74 </p>
<p centrado="si">10 · (5) + 2 · (7) – 5 · (–2) = 74 </p>
<p centrado="si">50 + 14 + 10 = 74 </p>
<p centrado="si">74 = 74</p>
<p>Como  <cursiva>z</cursiva> = –2, <cursiva>y</cursiva> = 7 , <cursiva
>x</cursiva> = 5, se comprueba que los tres valores son solución del
sistema.</p>
<p>El método<negrita> Gauss Jordan</negrita> se describe en los siguientes
pasos.</p>
<listaSinNumerar>
<listaElemento>Se representa el sistema de ecuaciones por medio de
una matriz aumentada, es decir, la matriz formada por los coeficientes
de las variables y los términos independientes.</listaElemento>
</listaSinNumerar>
<p>Por ejemplo, sea el sistema de ecuaciones:</p>
<formula alineacion="centrada" src="MA_09_05_85.gif"></formula>
<p>La matriz aumentada que representa el sistema de ecuaciones es: </p>
<formula alineacion="centrada" src="MA_09_05_86.gif"></formula>
<listaSinNumerar>
<listaElemento>Se lleva la matriz aumentada que representa el sistema
de ecuaciones a otra matriz aumentada equivalente llamada <negrita
>matriz identidad</negrita>, que es de la forma<formula
alineacion="centrada" src="MA_09_05_87.gif"></formula><p>donde <cursiva
>m, n, p </cursiva>son números reales y serán la solución al sistema
de ecuaciones. </p><p>Para llevar la matriz aumentada que representa
el sistema de ecuaciones a la matriz aumentada identidad se pueden
aplicar intercambios a las filas y a las columnas: operaciones como
adición, sustracción, multiplicación y división, teniendo en cuenta
que lo que se realice se aplica a todos los elementos de la fila o
de la columna.</p></listaElemento>
<listaElemento>Se realiza la comprobación en el sistema de ecuaciones.</listaElemento>
</listaSinNumerar>
<p>Ejemplo </p>
<p>Resolver el siguiente sistema de ecuaciones por el método de Gauss
Jordan.</p>
<formula alineacion="centrada" src="MA_09_05_88.gif"></formula>
<listaSinNumerar>
<listaElemento>Se representa el sistema por medio de una matriz aumentada. </listaElemento>
</listaSinNumerar>
<formula alineacion="centrada" src="MA_09_05_89.gif"></formula>
<p>Se transforma la matriz  aumentada en la matriz indentidad. </p>
<formula alineacion="centrada" src="MA_09_05_90.gif"></formula>
<p>donde <cursiva>m = x, n = y, p = z,</cursiva> es decir, será la
solución del sistema; esto se consigue de la siguiente manera: <cursiva
>f</cursiva><subindice>1</subindice> será la primera fila, <cursiva
>f</cursiva><subindice>2</subindice> la segunda fila y <cursiva>f</cursiva
><subindice>3</subindice> la tercera fila; se especificarán las operaciones
o cambios que se realicen paso a paso.</p>
<formula alineacion="centrada" src="MA_09_05_91.gif"></formula>
<formula alineacion="centrada" src="MA_09_05_92.gif"></formula>
<formula alineacion="centrada" src="MA_09_05_93.gif"></formula>
<formula alineacion="centrada" src="MA_09_05_94.gif"></formula>
<p>La solución del sistema de ecuaciones es <cursiva>x</cursiva> =
5, <cursiva>y</cursiva> = 7, <cursiva>z</cursiva> = –2.</p>
<listaSinNumerar>
<listaElemento>Se comprueba reemplazando en cada una de las ecuaciones
del sistema los valores de las variables.</listaElemento>
</listaSinNumerar>
<p>En la primer ecuación: </p>
<p centrado="si">3<cursiva>x</cursiva> + 5<cursiva>y</cursiva> + 4<cursiva
>z</cursiva> = 42 </p>
<p centrado="si">3 · (5) + 5 · (7) + 4 · (–2) = 42 </p>
<p centrado="si">15 + 35 – 8 = 42 </p>
<p centrado="si">42 = 42</p>
<p>En la segunda ecuación:  </p>
<p centrado="si">2<cursiva>x</cursiva> – 3<cursiva>y</cursiva> –3<cursiva
>z</cursiva> = –5 </p>
<p centrado="si">2 · (5) – 3 · (7) – 3 · (–2) = –5 </p>
<p centrado="si">10 – 21 + 6 = –5 </p>
<p centrado="si">–5 = –5 </p>
<p>En la tercera ecuación: </p>
<p centrado="si">10<cursiva>x</cursiva> + 2<cursiva>y</cursiva> –
5<cursiva>z</cursiva> = 74 </p>
<p centrado="si">10 · (5) + 2 · (7) – 5 · (–2) = 74 </p>
<p centrado="si">50 + 14 + 10 = 74 </p>
<p centrado="si">74 = 74  </p>
<p>Entonces <cursiva>x</cursiva> = 5, <cursiva>y</cursiva> = 7, <cursiva
>z</cursiva> = –2 son solución del sistema.</p>
<p>Si al solucionar el sistema de ecuaciones por el método de Gauss
Jordan se obtiene:</p>
<listaSinNumerar>
<listaElemento>Una fila  de la forma<formula alineacion="centrada"
src="MA_09_05_95.gif"></formula><p>y <cursiva>a</cursiva> es cualquier
número real diferente de cero, el sistema será incompatible, es decir,
no tendrá solución.</p></listaElemento>
<listaElemento>Una fila de la forma<formula alineacion="centrada"
src="MA_09_05_96.gif"></formula><p>el sistema tendrá infinitas soluciones.</p
></listaElemento>
</listaSinNumerar>
<practica>
<enlace
destino="/LoIdRedirect.aspx?LoId=MA_09_05_CO_Recurso190&amp;IdRecurso=RES-31780B47E78F413392C3937AFDCE7588"
>Soluciona sistemas de ecuaciones lineales 3 × 3</enlace>
</practica></seccion3Texto></seccion3></seccion2Texto></seccion2>
<seccion2 id="S2_MA_09_05_CO_BE2098A0D3854FD6877C73694B851177">
<seccion2Titulo>Consolidación</seccion2Titulo>
<seccion2Texto>
<p>Actividades para consolidar lo que has aprendido en esta sección.</p>
<practica>
<enlace
destino="/LoIdRedirect.aspx?LoId=MA_09_05_CO_Recurso200&amp;IdRecurso=RES-86AE1D109E04414A9FBDCAF37531EA07"
>Refuerza tu aprendizaje: Sistemas de ecuaciones lineales</enlace>
</practica></seccion2Texto></seccion2></seccion1Texto></seccion1>
<seccion1 id="S1_MA_09_05_CO_73A4A93E17AC430EBC203F91F8EFAC79">
<seccion1Titulo>Las desigualdades lineales con dos incógnitas</seccion1Titulo>
<seccion1Texto>
<p>Una <negrita>desigualdad</negrita> es una expresión matemática
en la que se comparan dos números o expresiones matemáticas. Se representan
con los signos &lt;, >, ≤, ≥. Son desigualdades: </p>
<p><cursiva>a</cursiva> &lt; <cursiva>b</cursiva> significa que <cursiva
>a</cursiva> es menor que <cursiva>b</cursiva>. </p>
<p><cursiva>a</cursiva> > <cursiva>b</cursiva> significa que <cursiva
>a</cursiva> es mayor que <cursiva>b</cursiva>. </p>
<p><cursiva>a</cursiva> ≤ <cursiva>b</cursiva> significa que <cursiva
>a</cursiva> es menor o igual que <cursiva>b</cursiva>. </p>
<p><cursiva>a</cursiva> ≥ <cursiva>b</cursiva> significa que <cursiva
>a</cursiva> es mayor o igual que <cursiva>b</cursiva>.  </p>
<p>Una desigualdad lineal es una expresión que se puede escribir de
la forma:</p>
<p centrado="si"><cursiva>ax</cursiva> + <cursiva>by</cursiva> ><cursiva
>c</cursiva>, <cursiva>ax</cursiva> + <cursiva>by</cursiva> &lt; <cursiva
>c</cursiva>, <cursiva>ax</cursiva> + <cursiva>by</cursiva> ≥ <cursiva
>c</cursiva>, <cursiva>ax</cursiva> + <cursiva>by</cursiva> ≤ <cursiva
>c</cursiva> donde  <cursiva>a, b, c</cursiva> ∈ ℝ </p>
<p>Son desigualdades lineales:</p>
<p>2x + 3y > 2</p>
<p>12x ≤ 3y + 1</p>
<p>x ≥ y</p>
<formula alineacion="izquierda" src="MA_09_05_97.gif"></formula>
<p>Las desigualdades se clasifican según el <negrita>número de incógnitas</negrita
> y el <negrita>grado</negrita> de la expresión algebraica que aparece
en ellas: </p>
<p>- Desigualdad de <negrita>primer grado</negrita> y <negrita>una
incógnita</negrita>: </p>
<p centrado="si">3<cursiva>x</cursiva> – 5 &lt; 12 </p>
<p>- Desigualdad de <negrita>primer grado</negrita> y <negrita>dos
incógnitas</negrita>: </p>
<p centrado="si">5 + <cursiva>y</cursiva> > <cursiva>x</cursiva> </p>
<p>- Desigualdad de <negrita>segundo grado</negrita> y <negrita>una
incógnita</negrita>: </p>
<p centrado="si"><cursiva>x</cursiva><superindice>2</superindice> –
6 ≥ 3<cursiva>x</cursiva> </p>
<p>- Desigualdad de <negrita>segundo grado</negrita> y <negrita>dos
incógnitas</negrita>: </p>
<p centrado="si">3<cursiva>x</cursiva><superindice>2</superindice
> + 9<cursiva>y</cursiva> ≤ 3<cursiva>x</cursiva> + <cursiva>y</cursiva
>2</p>
<seccion2 id="S2_MA_09_05_CO_73A4A93E17AC430EBC203F91F8EF7799">
<seccion2Titulo>La solución de desigualdades con dos incógnitas </seccion2Titulo>
<seccion2Texto>
<p>Para <negrita>solucionar una desigualdad con dos incógnitas</negrita
> se deben encontrar todos las duplas (<cursiva>x, y</cursiva>) que
satisfagan la desigualdad, es decir, que hagan que la desigualdad
sea verdadera. </p>
<p>Uno de los métodos que se utiliza es el siguiente.</p>
<listaSinNumerar>
<listaElemento>Se cambia el signo de la desigualdad por el signo igual.</listaElemento>
<listaElemento>Se despeja la variable <cursiva>y</cursiva>.</listaElemento>
<listaElemento>Se grafica la recta en el plano cartesiano.</listaElemento>
<listaElemento>Se analiza el gráfico. Como el plano queda dividido
en dos semiplanos por la recta que se grafica, una de estas dos regiones
es la solución de la desigualdad. Si la desigualdad es ≤ o ≥ la recta,
será  parte de la solución; pero si la desigualdad es &lt; o > la
recta, no hace parte de la solución.   Para saber cuál de los dos
semiplanos es la solución de la desigualdad, se escoge un punto de
cada semiplano y se reemplazan en la inecuación;  el punto que cumpla
la desigualdad determina la región que es solución de la inecuación. </listaElemento>
</listaSinNumerar>
<p>Ejemplo </p>
<p>Encuentra la solución de la siguiente desigualdad: 2<cursiva>x</cursiva
> + 4<cursiva>y</cursiva> ≥ 10.</p>
<listaSinNumerar>
<listaElemento>2<cursiva>x</cursiva> + 4<cursiva>y</cursiva> ≥ 10
→ 2<cursiva>x</cursiva> + 4<cursiva>y</cursiva> = 10</listaElemento>
<listaElemento>Se despeja la variable <cursiva>y</cursiva>. Luego
se representa gráficamente la ecuación.</listaElemento>
</listaSinNumerar>
<formula alineacion="centrada" src="MA_09_05_99.gif"></formula>
<imagen src="MA_09_05_CO_IMG23_small.jpg">
<p>Gráfica de la ecuación 2<cursiva>x</cursiva> + 4<cursiva>y</cursiva
> = 10.  </p>
</imagen>
<listaSinNumerar>
<listaElemento>Escoger dos puntos, uno de cada semiplano, y reemplazarlos
en la desigualdad; el punto <cursiva>D</cursiva> = (–4,–1) y el punto <cursiva
>C</cursiva> = (5, 3).<listaSinNumerar>
<listaElemento>Punto <cursiva>D</cursiva> = (–4, –1), 2<cursiva>x</cursiva
> + 4<cursiva>y</cursiva> ≥ 10 → 2 · (–4) + 4 · (–1 ) ≥ 10. Entonces
–12 > 10. Se llega a una falsedad, lo que quiere decir que el semiplano
donde está ubicado el punto <cursiva>D</cursiva> no es solución de
la desigualdad.</listaElemento>
<listaElemento>Punto <cursiva>C</cursiva> = (5, 3), 2<cursiva>x</cursiva
> +4<cursiva>y</cursiva> ≥ 10 → 2 · (5) + 4 · (3) > 10 → 22 ≥ 10.
Se llega a una verdad, lo que quiere decir que el semiplano donde
está ubicado el punto <cursiva>C</cursiva> es la solución de la desigualdad,
incluyendo la recta porque la desigualdad es ≥.</listaElemento>
</listaSinNumerar></listaElemento>
</listaSinNumerar>
<imagen src="MA_09_05_CO_IMG24_small.jpg">
<p>Gráfica de la solución de la desigualdad 2<cursiva>x</cursiva> +
4<cursiva>y</cursiva> ≥ 10.</p>
</imagen>
</seccion2Texto></seccion2><seccion2
id="S2_MA_09_05_CO_73A4A93E17AC430EBC203F91F8EF8800">
<seccion2Titulo>Los sistemas de desigualdades lineales </seccion2Titulo>
<seccion2Texto>
<p>En un sistema de desigualdades lineales intervienen dos o más desigualdades.
La solución del sistema será el conjunto de valores que satisfacen
a la vez todas las ecuaciones del sistema. </p>
<seccion3 id="S3_MA_09_05_CO_73A4A93E17AC430EBC203F91F8EF0088">
<seccion3Titulo>Qué es un sistema de desigualdades lineales con dos
variables?  </seccion3Titulo>
<seccion3Texto>
<p>Un sistema de desigualdades lineales con dos incógnitas se define
como un conjunto de <cursiva>n</cursiva> desigualdades que se puede
escribir de manera general como:</p>
<formula alineacion="centrada" src="MA_09_05_100.gif"></formula>
<p>donde  <cursiva>a</cursiva><subindice>1</subindice>, <cursiva>b</cursiva
><subindice>1</subindice>, <cursiva>c</cursiva><subindice>1</subindice
>, <cursiva>a</cursiva><subindice>2</subindice>, <cursiva>b</cursiva
><subindice>2</subindice>, <cursiva>c</cursiva><subindice>2</subindice
>………..<cursiva>a</cursiva><subindice>n</subindice>, <cursiva>b</cursiva
><subindice>n</subindice>, <cursiva>c</cursiva><subindice>n</subindice
> ∈  ℝ, <cursiva>x, y</cursiva>  son las incógnitas y el signo &lt;
puede ser cualquier otro signo de desigualdad.</p>
<p>Ejemplo</p>
<formula alineacion="centrada" src="MA_09_05_101.gif"></formula>
<formula alineacion="centrada" src="MA_09_05_110.gif"></formula>
<formula alineacion="centrada" src="MA_09_05_111.gif"></formula>
</seccion3Texto></seccion3><seccion3
id="S3_MA_09_05_CO_73A4A93E17AC430EBC203F91F8EF1199">
<seccion3Titulo>Solución de un sistema de desigualdades lineales con
dos variables</seccion3Titulo>
<seccion3Texto>
<p>Para <negrita>solucionar un sistema de desigualdades lineales</negrita
> se cambian todos los símbolos de desigualdad por el signo igual,
es decir, todas las desigualdades se convierten en ecuaciones. Después,
se despeja la incógnita <cursiva>y</cursiva> en cada una de las ecuaciones
y se grafica en el mismo plano una por una definiendo cuál región
es solución de la desigualdad. Si al graficar todas las ecuaciones
existe un región que es la intersección de todas las soluciones de
las inecuaciones, esta será la solución del sistema; cuando el símbolo
de la desigualdad es >, &lt; la recta que limita, no hace parte de
la solución, y la recta no es continua; pero si los signos de la desigualdad
son  ≤, ≥ la recta que limita, sí hace parte de la solución del sistema
y la recta es continua.</p>
<p>Ejemplo </p>
<p>Solucionar el sistema de desigualdades lineales.</p>
<formula alineacion="centrada" src="MA_09_05_104.gif"></formula>
<listaSinNumerar>
<listaElemento>Se convierte cada desigualdad en ecuación y se despeja
la variable <cursiva>y</cursiva>. </listaElemento>
</listaSinNumerar>
<formula alineacion="centrada" src="MA_09_05_105.gif"></formula>
<listaSinNumerar>
<listaElemento>Se representa gráficamente la ecuación:</listaElemento>
</listaSinNumerar>
<formula alineacion="centrada" src="MA_09_05_107.gif"></formula>
<p>y se encuentra la solución de la desigualdad: 3<cursiva>x</cursiva
> + 2<cursiva>y</cursiva> ≤ 10</p>
<imagen src="MA_09_05_CO_IMG25_small.jpg">
<p>Gráfica de la solución de la desigualdad 3<cursiva>x</cursiva> +
2<cursiva>y</cursiva> ≤ 10.</p>
</imagen>
<listaSinNumerar>
<listaElemento>Se representa gráficamente la ecuación: </listaElemento>
</listaSinNumerar>
<formula alineacion="centrada" src="MA_09_05_108.gif"></formula>
<p>en el mismo plano que se representó la primera ecuación y se encuentra
la solución  de la segunda desigualdad: <cursiva>x</cursiva> + 2<cursiva
>y</cursiva> &lt; 2 ; además, la intersección de las dos soluciones
será la solución del sistema. </p>
<p>La región está determinada por dos semirrectas: la semirrecta que
hace parte de la solución 3<cursiva>x</cursiva> + 2<cursiva>y</cursiva
> ≤ 10 forma parte de la solución;  mientras que la semirrecta que
hace parte de la solución <cursiva>x</cursiva> + 2<cursiva>y </cursiva
>&lt; 2 no forma parte de la solución.</p>
<imagen src="MA_09_05_CO_IMG26_small.jpg">
<p>Gráfica de la solución de un sistema de desigualdades. Corresponde
a la intersección de las regiones que representan cada desigualdad.</p>
</imagen>
<practica>
<enlace
destino="/LoIdRedirect.aspx?LoId=MA_09_05_CO_Recurso220&amp;IdRecurso=RES-48B4E4471AB84CAABAF187A706FF945B"
>Solución gráfica de desigualdades</enlace>
<enlace
destino="/LoIdRedirect.aspx?LoId=MA_09_05_CO_Recurso230&amp;IdRecurso=RES-F0AC30770C214AE0B04F46B12181A494"
>Resuelve desigualdades lineales</enlace>
<enlace
destino="/LoIdRedirect.aspx?LoId=MA_09_05_CO_Recurso240&amp;IdRecurso=RES-7A279C81B48E46BD870AB9D22588E93B"
>Soluciona sistemas de desigualdades lineales con más de dos ecuaciones</enlace>
</practica></seccion3Texto></seccion3></seccion2Texto></seccion2>
<seccion2 id="S2_MA_09_05_CO_73A4A93E17AC430EBC203F91F8EF9911">
<seccion2Titulo>Consolidación</seccion2Titulo>
<seccion2Texto>
<p>Actividades para consolidar lo que has aprendido en esta sección.</p>
<practica>
<enlace
destino="/LoIdRedirect.aspx?LoId=MA_09_05_CO_Recurso250&amp;IdRecurso=RES-CD847A7BE59D44F3A86A7F5148203DD7"
>Refuerza tu aprendizaje: Las desigualdades</enlace>
</practica></seccion2Texto></seccion2></seccion1Texto></seccion1>
<seccion1 id="S1_MA_09_05_CO_E667E2A2A6E34A678724670651339BF8">
<seccion1Titulo>Competencias</seccion1Titulo>
<seccion1Texto>
<p>Pon a prueba tus capacidades y aplica lo aprendido con estos recursos.</p>
<practica>
<enlace
destino="/LoIdRedirect.aspx?LoId=MA_09_05_CO_Recurso260&amp;IdRecurso=RES-89890652327B419295C53D14AE30F906"
>Competencias: sistemas de ecuaciones lineales en la literatura</enlace>
</practica></seccion1Texto></seccion1><masinformacion
id="MI_MA_09_05_CO_28FB273D21394DC1944B4FBEC0ABE08C"><?Pub Dtl?>
<mapaconceptual><enlace
destino="/LoIdRedirect.aspx?LoId=MA_09_05_CO_Recurso280&amp;IdRecurso=RES-3121741688844B73A75555D663B3BD75"
>Mapa Conceptual</enlace></mapaconceptual><autoevaluate><enlace
destino="/LoIdRedirect.aspx?LoId=MA_09_05_CO_Recurso290&amp;IdRecurso=RES-7EF298D7F3CC4048AD7B143FD92B831C"
>Evaluación</enlace></autoevaluate><enlacesreferencia>
<enlace
destino="http://recursostic.educacion.es/secundaria/edad/4esomatematicasB/funciones1/index4_8.htm"
>Conceptos relacionados con funciones</enlace>
<enlace destino="http://www.vitutor.com/fun/2/a_2.html">Dominio de
una función  </enlace>
<enlace
destino="http://recursostic.educacion.es/descartes/web/materiales_didacticos/Estudio_grafico_caracterisiticas_globales_funcion/index.htm"
>Estudio gráfico de las características de una función  </enlace>
</enlacesreferencia></masinformacion></libro>
