﻿<?xml version="1.0" encoding="utf-8"?><motor tipo="1" clase="a" aprid="m1a">
  <plataforma>
    <grado><![CDATA[2]]></grado>
    <titulo>Ecuación de la recta cuando se conocen dos puntos</titulo>
    <area>0</area>
    <nivel>2</nivel>
    <referencia/>
    <idreg><![CDATA[0]]></idreg>
    <motor><![CDATA[M1A]]></motor>
    <lang>es</lang>
  </plataforma>
  <enunciado><![CDATA[Relaciona cada pareja de puntos con la ecuación de la recta que los contiene. ]]></enunciado>
  <masinfo inicio="0"/>
  <sinaleatoriedad><![CDATA[0]]></sinaleatoriedad>
  <calc><![CDATA[0]]></calc>
  <textoatexto cantidad="8">
    <cuestion>
      <pregunta><![CDATA[{{cur}}y{{normal}} = 2{{cur}}x{{normal}} – 3{{normal}}]]></pregunta>
      <respuesta><![CDATA[(3, 3) y (–2, –7)]]></respuesta>
    </cuestion>
    <cuestion>
      <pregunta><![CDATA[{{cur}}y{{normal}} = 4{{cur}}x{{normal}}]]></pregunta>
      <respuesta><![CDATA[(–2, –8) y (3, 12)]]></respuesta>
    </cuestion>
    <cuestion>
      <pregunta><![CDATA[ {{cur}}y{{normal}} = –3{{cur}}x{{normal}} + 2{{normal}}]]></pregunta>
      <respuesta><![CDATA[(–2, 8) y (3, –7)]]></respuesta>
    </cuestion>
    <cuestion>
      <pregunta><![CDATA[{{cur}}y{{normal}} = 4{{cur}}x{{normal}} + 2{{normal}}]]></pregunta>
      <respuesta><![CDATA[(–1, –2) y (3, 14)]]></respuesta>
    </cuestion>
    <cuestion>
      <pregunta><![CDATA[{{cur}}y{{normal}} = –7{{cur}}x{{normal}} – 3{{normal}}]]></pregunta>
      <respuesta><![CDATA[(3, –24) y (–2, 11)]]></respuesta>
    </cuestion>
    <cuestion>
      <pregunta><![CDATA[ {{cur}}y{{normal}} = 7{{cur}}x{{normal}} – 3{{normal}}]]></pregunta>
      <respuesta><![CDATA[(3, 18) y (–2, –17)]]></respuesta>
    </cuestion>
    <cuestion>
      <pregunta><![CDATA[{{cur}}y{{normal}} = –2{{cur}}x{{normal}} – 3{{normal}}]]></pregunta>
      <respuesta><![CDATA[(3, –9) y (–2, 1)]]></respuesta>
    </cuestion>
    <cuestion>
      <pregunta><![CDATA[{{cur}}y{{normal}} = –4{{cur}}x{{normal}}]]></pregunta>
      <respuesta><![CDATA[(–2, 8) y (3, –12)]]></respuesta>
    </cuestion>
  </textoatexto>
  <textofalso cantidad="0"/>
  <temps>5</temps>
</motor>