﻿<?xml version="1.0" encoding="utf-8"?><motor tipo="4" clase="a" aprid="m4a">
  <plataforma>
    <grado><![CDATA[2]]></grado>
    <titulo>Resuelve problemas con sistemas de ecuaciones lineales</titulo>
    <area>0</area>
    <nivel>1</nivel>
    <referencia/>
    <idreg><![CDATA[0]]></idreg>
    <motor><![CDATA[M4A]]></motor>
    <lang>es</lang>
  </plataforma>
  <enunciado><![CDATA[Lee cuidadosamente cada una de las siguientes situaciones, plantea el sistema de ecuaciones correspondiente y selecciona la respuesta correcta. ]]></enunciado>
  <masinfo inicio="0"/>
  <sinaleatoriedad><![CDATA[0]]></sinaleatoriedad>
  <calc><![CDATA[0]]></calc>
  <respuestaunica><![CDATA[0]]></respuestaunica>
  <test cantidad="10">
    <cuestion>
      <enunciado><![CDATA[{{cur}}M{{normal}} y {{cur}}B{{normal}} son las edades de dos personas; se obtiene 40 si al doble de {{cur}}M{{normal}} se le sustrae {{cur}}B, y si al tercio de {{cur}}M{{normal}} se sustrae un medio de {{cur}}B{{normal}} se obtiene cero. ¿Cuál es la ecuación?]]></enunciado>
      <explicacion/>
      <imagen/>
      <respuestas>
        <respuesta contestacion="½{{cur}}M{{normal}} – ⅓{{cur}}B{{normal}} = 0" correcta="0"/>
        <respuesta contestacion="⅓{{cur}}M{{normal}} – ½{{cur}}B{{normal}} = 0" correcta="1"/>
        <respuesta contestacion="3{{cur}}M{{normal}} – 2{{cur}}B{{normal}} = 0" correcta="0"/>
        <respuesta contestacion="2{{cur}}M{{normal}} – 3{{cur}}B{{normal}} = 0" correcta="0"/>
      </respuestas>
    </cuestion>
    <cuestion>
      <enunciado><![CDATA[{{cur}}M{{normal}} y {{cur}}B{{normal}} son las edades de Manuel y Beatriz; se obtiene 40 si al doble de {{cur}}M{{normal}} se sustrae {{cur}}B{{normal}}, y si al tercio de {{cur}}M{{normal}} se sustrae un medio de {{cur}}B{{normal}} se obtiene cero. ¿Cuáles son sus edades?]]></enunciado>
      <explicacion/>
      <imagen/>
      <respuestas>
        <respuesta contestacion="Manuel tiene 15 y Beatriz 10 años." correcta="0"/>
        <respuesta contestacion="Manuel tiene 10 y Beatriz 15 años." correcta="0"/>
        <respuesta contestacion="Manuel tiene 20 y Beatriz 30 años." correcta="0"/>
        <respuesta contestacion="Manuel tiene 30 y Beatriz 20 años." correcta="1"/>
      </respuestas>
    </cuestion>
    <cuestion>
      <enunciado><![CDATA[Valentina tiene 45 libros. Si al doble de los azules le sustrae un medio de los libros blancos obtiene 20 libros. ¿Cuál de las parejas de ecuaciones es correcta?]]></enunciado>
      <explicacion/>
      <imagen/>
      <respuestas>
        <respuesta contestacion="{{cur}}a{{normal}} + {{cur}}b{{normal}} = 45; 2{{cur}}a{{normal}} + ½{{cur}}b{{normal}} = 20" correcta="0"/>
        <respuesta contestacion="{{cur}}a{{normal}} + {{cur}}b{{normal}} = 45; 2{{cur}}a{{normal}} – ½{{cur}}b{{normal}} = 20" correcta="1"/>
        <respuesta contestacion="{{cur}}a{{normal}} + {{cur}}b{{normal}} = 45; ½{{cur}}a{{normal}} – 2{{cur}}b{{normal}} = 20" correcta="0"/>
        <respuesta contestacion="{{cur}}a{{normal}} + {{cur}}b{{normal}} = 45; ½{{cur}}a{{normal}} + 2{{cur}}b{{normal}} = 20" correcta="0"/>
      </respuestas>
    </cuestion>
    <cuestion>
      <enunciado><![CDATA[Valentina tiene 45 libros. Si al doble de los azules le sustrae un medio de los libros blancos obtiene 20 libros. ¿Cuántos libros de cada color tiene?]]></enunciado>
      <explicacion/>
      <imagen/>
      <respuestas>
        <respuesta contestacion="Tiene 25 libros azules y 20 blancos." correcta="0"/>
        <respuesta contestacion="Tiene 20 libros azules y 25 blancos." correcta="0"/>
        <respuesta contestacion="Tiene 17 libros azules y 28 blancos. " correcta="1"/>
        <respuesta contestacion="Tiene 28 libros azules y 17 blancos." correcta="0"/>
      </respuestas>
    </cuestion>
    <cuestion>
      <enunciado><![CDATA[Entre hombres y mujeres hay 160 personas. Cada hombre pagó $ 8500 y cada mujer pagó $ 6000, por lo que se recaudó $ 1 145 000. ¿Cuántos hombres ingresaron?]]></enunciado>
      <explicacion/>
      <imagen/>
      <respuestas>
        <respuesta contestacion="74 " correcta="1"/>
        <respuesta contestacion="86" correcta="0"/>
        <respuesta contestacion="64" correcta="0"/>
        <respuesta contestacion="96" correcta="0"/>
      </respuestas>
    </cuestion>
    <cuestion>
      <enunciado><![CDATA[Entre hombres y mujeres hay 160 personas. Cada hombre pagó $8500 y cada mujer $6000. Si se recaudó $1 145 000, ¿cuánto dinero se obtuvo por el ingreso de las mujeres?]]></enunciado>
      <explicacion/>
      <imagen/>
      <respuestas>
        <respuesta contestacion="$ 629 000" correcta="0"/>
        <respuesta contestacion="$ 649 000" correcta="0"/>
        <respuesta contestacion="$ 546 000" correcta="0"/>
        <respuesta contestacion="$ 516 000" correcta="1"/>
      </respuestas>
    </cuestion>
    <cuestion>
      <enunciado><![CDATA[El perímetro de un terreno rectángular es 108 m. El triple del largo menos el doble del ancho es 52 m. ¿Cuál de las parejas de ecuaciones es correcta?]]></enunciado>
      <explicacion/>
      <imagen/>
      <respuestas>
        <respuesta contestacion="2{{cur}}l{{normal}} + 2{{cur}}a{{normal}} = 108;  3{{cur}}l{{normal}} – 2{{cur}}a{{normal}} = 52" correcta="1"/>
        <respuesta contestacion="2{{cur}}l{{normal}} + 2{{cur}}a{{normal}} = 108; 3{{cur}}l{{normal}} – {{cur}}a{{normal}} = 52" correcta="0"/>
        <respuesta contestacion="{{cur}}l{{normal}} + {{cur}}a{{normal}} = 108;  3{{cur}}l{{normal}} – {{cur}}a{{normal}} = 52" correcta="0"/>
        <respuesta contestacion="{{cur}}l{{normal}} + {{cur}}a{{normal}} = 108;  3{{cur}}l{{normal}} – 2{{cur}}a{{normal}} = 52" correcta="0"/>
      </respuestas>
    </cuestion>
    <cuestion>
      <enunciado><![CDATA[El perímetro de un terreno rectángular es 108 m. El triple del largo menos el doble del ancho es 52 m. Para cercar el terreno con dos vueltas de alambre, se requieren]]></enunciado>
      <explicacion/>
      <imagen/>
      <respuestas>
        <respuesta contestacion="216 metros de alambre." correcta="1"/>
        <respuesta contestacion="204 metros de alambre." correcta="0"/>
        <respuesta contestacion="118 metros de alambre." correcta="0"/>
        <respuesta contestacion="108 metros de alambre." correcta="0"/>
      </respuestas>
    </cuestion>
    <cuestion>
      <enunciado><![CDATA[La suma del doble de dos números es 26. Se sabe que la mitad del mayor más el menor es 9. ¿Cuál es el producto de los números?]]></enunciado>
      <explicacion/>
      <imagen/>
      <respuestas>
        <respuesta contestacion="13" correcta="0"/>
        <respuesta contestacion="26" correcta="0"/>
        <respuesta contestacion="32" correcta="0"/>
        <respuesta contestacion="40" correcta="1"/>
      </respuestas>
    </cuestion>
    <cuestion>
      <enunciado><![CDATA[Un café y una galleta valen  $ 3700. Si por tres cafés y ocho galletas se cancela $ 17 100, ¿cuál es el costo de cuatro cafés y tres galletas?]]></enunciado>
      <explicacion/>
      <imagen/>
      <respuestas>
        <respuesta contestacion="$ 14 800" correcta="0"/>
        <respuesta contestacion="$ 13 600" correcta="1"/>
        <respuesta contestacion="$ 12 800" correcta="0"/>
        <respuesta contestacion="$ 10 600" correcta="0"/>
      </respuestas>
    </cuestion>
  </test>
</motor>