﻿<?xml version="1.0" encoding="utf-8"?><motor tipo="5" clase="d" aprid="m5d">
  <plataforma>
    <grado><![CDATA[2]]></grado>
    <titulo>Resuelve situaciones aplicando el concepto de función</titulo>
    <area>0</area>
    <nivel>1</nivel>
    <referencia/>
    <idreg><![CDATA[0]]></idreg>
    <motor><![CDATA[M5D]]></motor>
    <lang>es</lang>
  </plataforma>
  <enunciado><![CDATA[Resuelve las siguientes situaciones problema.]]></enunciado>
  <masinfo inicio="0"/>
  <sinaleatoriedad><![CDATA[1]]></sinaleatoriedad>
  <calc><![CDATA[0]]></calc>
  <respuestaunica><![CDATA[0]]></respuestaunica>
  <test cantidad="10">
    <cuestion>
      <enunciado><![CDATA[¿Cuál será la función que relaciona el tiempo de parqueo con la cantidad de dinero que se debe pagar?]]></enunciado>
      <explicacion><![CDATA[Como se tienen dos puntos de la función o de la ecuación de la recta, se debe encontrar la pendiente y luego hallar la ecuación que la define.  ]]></explicacion>
      <texto><![CDATA[En el centro comercial Titán Plaza el parqueadero tiene un costo fijo de $ 2500, pero adicional se debe pagar cierto valor por cada minuto que el carro esté en el parqueadero. El auto de Juan estuvo 35 minutos estacionado y él debió cancelar $ 5370; María parqueó su carro 25 minutos y pagó $ 4550.]]></texto>
      <respuestas>
        <respuesta contestacion="{{cur}}f{{normal}}({{cur}}x{{normal}}) = 92{{cur}}x{{normal}} + 2500" correcta="0"/>
        <respuesta contestacion="{{cur}}f{{normal}}({{cur}}x{{normal}}) = 82{{cur}}x{{normal}} + 2500" correcta="1"/>
        <respuesta contestacion="{{cur}}f{{normal}}({{cur}}x{{normal}}) = 81{{cur}}x{{normal}} + 2500" correcta="0"/>
        <respuesta contestacion="{{cur}}f{{normal}}({{cur}}x{{normal}}) = 82{{cur}}x{{normal}} – 2500" correcta="0"/>
      </respuestas>
    </cuestion>
    <cuestion>
      <enunciado><![CDATA[Si Sebastián deja su carro durante ocho horas en el parqueadero del centro comercial, ¿cuánto deberá pagar?]]></enunciado>
      <explicacion><![CDATA[Se debe pasar a minutos las horas y este resultado reemplazarlo en la función que se encontró en el punto anterior.]]></explicacion>
      <texto><![CDATA[En el centro comercial Titán Plaza el parqueadero tiene un costo fijo de $ 2500, pero adicional se debe pagar cierto valor por cada minuto que el carro esté en el parqueadero. El auto de Juan estuvo 35 minutos estacionado y él debió cancelar $ 5370; María parqueó su carro 25 minutos y pagó $ 4550.]]></texto>
      <respuestas>
        <respuesta contestacion="$ 39 360" correcta="0"/>
        <respuesta contestacion="$ 42 330" correcta="0"/>
        <respuesta contestacion="$ 41 860" correcta="1"/>
        <respuesta contestacion="$ 36 869" correcta="0"/>
      </respuestas>
    </cuestion>
    <cuestion>
      <enunciado><![CDATA[Si Pedro pagó un total de $ 61 540 por parqueadero, ¿cuántas horas estuvo parqueado el auto en el centro comercial?]]></enunciado>
      <explicacion><![CDATA[Remplazar en la función {{cur}}f(x){{normal}} por 61 540 y se despeja {{cur}}x{{normal}}, el resultado que dé se debe dividir entre 60.]]></explicacion>
      <texto><![CDATA[En el centro comercial Titán Plaza el parqueadero tiene un costo fijo de $ 2500, pero adicional se debe pagar cierto valor por cada minuto que el carro esté en el parqueadero. El auto de Juan estuvo 35 minutos estacionado y él debió cancelar $ 5370; María parqueó su carro 25 minutos y pagó $ 4550.]]></texto>
      <respuestas>
        <respuesta contestacion="Diez horas." correcta="0"/>
        <respuesta contestacion="Doce horas." correcta="1"/>
        <respuesta contestacion="Cinco horas." correcta="0"/>
        <respuesta contestacion="Once horas." correcta="0"/>
      </respuestas>
    </cuestion>
    <cuestion>
      <enunciado><![CDATA[¿Cuál será la función que relaciona la rentabilidad obtenida con capital consignado en el CDT al terminar el año?]]></enunciado>
      <explicacion><![CDATA[Se debe tener en cuenta que para expresar el % de forma monetaria, se debe dividir entre 100; además, tener en cuenta que el banco cobra una sola vez $ 250 000.]]></explicacion>
      <texto><![CDATA[Un banco colombiano ofrece un CDT con una rentabilidad del 15% anual, para acceder a sus beneficios el cliente deberá pagar un monto de $250 000.]]></texto>
      <respuestas>
        <respuesta contestacion="{{cur}}f{{normal}}({{cur}}x{{normal}}) = 0,15{{cur}}x{{normal}} + 250 000" correcta="0"/>
        <respuesta contestacion="{{cur}}f{{normal}}({{cur}}x{{normal}}) = 0,015{{cur}}x{{normal}} – 250 000" correcta="0"/>
        <respuesta contestacion="{{cur}}f{{normal}}({{cur}}x{{normal}}) = 15{{cur}}x{{normal}} – 250 000" correcta="0"/>
        <respuesta contestacion="{{cur}}f{{normal}}({{cur}}x{{normal}}) = 0,15{{cur}}x{{normal}} – 250 000" correcta="1"/>
      </respuestas>
    </cuestion>
    <cuestion>
      <enunciado><![CDATA[Si se pretende obtener una utilidad de $ 500 000, ¿cuánto dinero se debe depositar en el CDT?]]></enunciado>
      <explicacion><![CDATA[Se debe remplazar {{cur}}f(x){{normal}} por $ 500 000, se despeja la {{cur}}x{{normal}} y se obtiene la cantidad de dinero que se debe invertir para ganar $ 500 000 pesos en el CDT.]]></explicacion>
      <texto><![CDATA[Un banco colombiano ofrece un CDT con una rentabilidad del 15% anual, para acceder a sus beneficios el cliente deberá pagar un monto de $250 000.]]></texto>
      <respuestas>
        <respuesta contestacion="$ 7 500 000." correcta="0"/>
        <respuesta contestacion="$ 5 000 000." correcta="1"/>
        <respuesta contestacion="$ 1 000 000." correcta="0"/>
        <respuesta contestacion="$ 5 500 000." correcta="0"/>
      </respuestas>
    </cuestion>
    <cuestion>
      <enunciado><![CDATA[¿Cuánto dinero, como mínimo, se debe depositar en el CDT a un año para no tener pérdida?]]></enunciado>
      <explicacion><![CDATA[Para dar respuesta a esta pregunta se debe remplazar en la función {{cur}}f(x){{normal}} por 0 y despejar {{cur}}x{{normal}}, así se obtiene la cantidad mínima que se debe depositar para no tener pérdida. ]]></explicacion>
      <texto><![CDATA[Un banco colombiano ofrece un CDT con una rentabilidad del 15% anual, para acceder a sus beneficios el cliente deberá pagar un monto de $250 000.]]></texto>
      <respuestas>
        <respuesta contestacion="$ 1 666 666,67" correcta="1"/>
        <respuesta contestacion="$ 2 666 666,67" correcta="0"/>
        <respuesta contestacion="$ 666 666,67" correcta="0"/>
        <respuesta contestacion="$ 3 666 666,67" correcta="0"/>
      </respuestas>
    </cuestion>
    <cuestion>
      <enunciado><![CDATA[¿Cuál será la función que describa el valor de la máquina al pasar los años?]]></enunciado>
      <explicacion><![CDATA[Se debe tener en cuenta que la variable independiente son los años y que por cada año que pase la depreciación será de $ 750 000.]]></explicacion>
      <texto><![CDATA[Una máquina para fabricar pantalones cuesta $ 123 000 000 en el año 2016. Por cada año que pase se calcula que su valor se depreciará aproximadamente en $ 750 000.  ]]></texto>
      <respuestas>
        <respuesta contestacion="{{cur}}f{{normal}}({{cur}}x{{normal}}) = 750 000{{cur}}x{{normal}} + 123 000 000" correcta="0"/>
        <respuesta contestacion="{{cur}}f{{normal}}({{cur}}x{{normal}}) = 750 000{{cur}}x{{normal}} – 123 000 000" correcta="0"/>
        <respuesta contestacion="{{cur}}f{{normal}}({{cur}}x{{normal}}) = -2 500 000{{cur}}x{{normal}} + 123 000 000" correcta="0"/>
        <respuesta contestacion="{{cur}}f{{normal}}({{cur}}x{{normal}}) = -750 000{{cur}}x{{normal}} + 123 000 000" correcta="1"/>
      </respuestas>
    </cuestion>
    <cuestion>
      <enunciado><![CDATA[¿Cuánto valdrá la máquina en el año 2030?]]></enunciado>
      <explicacion><![CDATA[Se debe calcular el número de años que pasaron y este valor se remplaza en la función encontrada en el punto anterior.]]></explicacion>
      <texto><![CDATA[Una máquina para fabricar pantalones cuesta $ 123 000 000 en el año 2016. Por cada año que pase se calcula que su valor se depreciará aproximadamente en $ 750 000. ]]></texto>
      <respuestas>
        <respuesta contestacion="$ 112 500 000." correcta="1"/>
        <respuesta contestacion="$ 102 500 000." correcta="0"/>
        <respuesta contestacion="$ 111 750 000." correcta="0"/>
        <respuesta contestacion="$ 102 000 000." correcta="0"/>
      </respuestas>
    </cuestion>
    <cuestion>
      <enunciado><![CDATA[¿Cuántos años deberán pasar para que la máquina tenga un valor de $102 000 000?]]></enunciado>
      <explicacion><![CDATA[Se debe remplazar {{cur}}f(x){{normal}} por 102 000 000 en la función y despejar {{cur}}x{{normal}}.]]></explicacion>
      <texto><![CDATA[Una máquina para fabricar pantalones cuesta $ 123 000 000 en el año 2016. Por cada año que pase se calcula que su valor se depreciará aproximadamente en $ 750 000. ]]></texto>
      <respuestas>
        <respuesta contestacion="21 años." correcta="0"/>
        <respuesta contestacion="25 años." correcta="0"/>
        <respuesta contestacion="28 años." correcta="1"/>
        <respuesta contestacion="32 años." correcta="0"/>
      </respuestas>
    </cuestion>
    <cuestion>
      <enunciado><![CDATA[Para obtener una ganacia de $ 2 397 000, ¿cuántas personas debe peluquear?]]></enunciado>
      <explicacion/>
      <texto><![CDATA[La siguiente función modela las ganancias obtenidas por una peluquera durante un  mes de trabajo, donde {{cur}}x{{normal}} representa el número de personas que ha peluqueado: {{cur}}f{{normal}}({{cur}}x{{normal}}) = 7000{{cur}}x{{normal}} – 550 000.  ]]></texto>
      <respuestas>
        <respuesta contestacion="430 personas." correcta="0"/>
        <respuesta contestacion="421 personas." correcta="1"/>
        <respuesta contestacion="321 personas." correcta="0"/>
        <respuesta contestacion="521 personas." correcta="0"/>
      </respuestas>
    </cuestion>
  </test>
  <temps>20</temps>
</motor>