﻿<?xml version="1.0" encoding="UTF-8"?>
<motor tipo="3" clase="a" aprid="m3a">
  <plataforma>
    <grado><![CDATA[2]]></grado>
    <titulo>Refuerza tu aprendizaje: Operaciones con números reales</titulo>
    <area>0</area>
    <nivel>1</nivel>
    <referencia />
    <idreg><![CDATA[0]]></idreg>
    <motor><![CDATA[M3A]]></motor>
    <lang>es</lang>
  </plataforma>
  <enunciado><![CDATA[Resuelve cada ejercicio aplicando las propiedades y las definiciones de las operaciones de los números reales, relaciona cada operación con su resultado.]]></enunciado>
  <masinfo inicio="0" />
  <sinaleatoriedad><![CDATA[0]]></sinaleatoriedad>
  <calc><![CDATA[0]]></calc>
  <sonidoaimagen cantidad="5">
    <cuestion>
      <imagen etiqueta=""><![CDATA[ma_08_01_289.gif]]></imagen>
      <respuestas>
        <respuesta etiqueta="5 1/6" />
        <respuesta etiqueta="31/6" />
      </respuestas>
    </cuestion>
    <cuestion>
      <imagen etiqueta=""><![CDATA[ma_08_01_291.gif]]></imagen>
      <respuestas>
        <respuesta etiqueta="54 1/4" />
        <respuesta etiqueta="217/4" />
      </respuestas>
    </cuestion>
    <cuestion>
      <imagen etiqueta=""><![CDATA[ma_08_01_293.gif]]></imagen>
      <respuestas>
        <respuesta etiqueta="64/125" />
        <respuesta etiqueta="2 (32/125)" />
      </respuestas>
    </cuestion>
    <cuestion>
      <imagen etiqueta=""><![CDATA[ma_08_01_295.gif]]></imagen>
      <respuestas>
        <respuesta etiqueta="3 4/9" />
        <respuesta etiqueta="31/9" />
      </respuestas>
    </cuestion>
    <cuestion>
      <imagen etiqueta=""><![CDATA[ma_08_01_299.gif]]></imagen>
      <respuestas>
        <respuesta etiqueta="2p4 v10" />
        <respuesta etiqueta="p4 v40" />
      </respuestas>
    </cuestion>
  </sonidoaimagen>
  <temps>40</temps>
</motor>