<?xml version='1.0' encoding='UTF-8'?><motor tipo="2" clase="b" aprid="m2b">
  <plataforma>
    <grado><![CDATA[1]]></grado>
    <titulo>Competencias: repaso de conceptos básicos relacionados con conjuntos</titulo>
    <area>0</area>
    <nivel>1</nivel>
    <referencia/>
    <idreg><![CDATA[0]]></idreg>
    <motor><![CDATA[M2B]]></motor>
    <lang>es</lang>
  </plataforma>
  <enunciado><![CDATA[Lee el texto y complétalo escribiendo las palabras que lo hacen verdadero. ]]></enunciado>
  <masinfo inicio="0"/>
  <calc><![CDATA[0]]></calc>
  <sonido/>
  <textoacategoria>
    <cuestion>
      <pregunta><![CDATA[Un [*] es una colección de elementos que tienen una característica en común; se puede determinar por [*] o por extensión y se clasifica en unitario, universal, [*], finito e infinito.Con los conjuntos se pueden realizar operaciones tales como: unión, [*], diferencia, diferencia [*] y complemento.  Cuando un conjunto está contenido en otro conjunto se dice que es un [*]. ]]></pregunta>
      <respuestas>
        <respuesta orden="1" correccionSinMayusculas="1" correccionSinPuntuacion="1" correccionSinPuntuacionFinal="1"><![CDATA[conjunto]]></respuesta>
        <respuesta orden="2" correccionSinMayusculas="1" correccionSinPuntuacion="1" correccionSinPuntuacionFinal="1"><![CDATA[comprensión]]></respuesta>
        <respuesta orden="3" correccionSinMayusculas="1" correccionSinPuntuacion="1" correccionSinPuntuacionFinal="1"><![CDATA[vacío]]></respuesta>
        <respuesta orden="4" correccionSinMayusculas="1" correccionSinPuntuacion="1" correccionSinPuntuacionFinal="1"><![CDATA[intersección]]></respuesta>
        <respuesta orden="5" correccionSinMayusculas="1" correccionSinPuntuacion="1" correccionSinPuntuacionFinal="1"><![CDATA[simétrica]]></respuesta>
        <respuesta orden="6" correccionSinMayusculas="1" correccionSinPuntuacion="1" correccionSinPuntuacionFinal="1"><![CDATA[subconjunto]]></respuesta>
      </respuestas>
    </cuestion>
  </textoacategoria>
  <textofalso cantidad="0"/>
  <temps>10</temps>
</motor>