﻿<?xml version="1.0" encoding="utf-8"?>
<?xml-stylesheet href="cuadernoestudio/dtd/libro.xslt" type="text/xsl"?>
<!DOCTYPE libro SYSTEM "cuadernoestudio/dtd/libro.dtd"[]>
<libro id="MA_08_07_CO">
  <libroTitulo>Las funciones</libroTitulo>
  <seccion1 id="S1_MA_08_07_CO_B39EE823B5184E578F64F75BBB8A8C39">
    <seccion1Titulo>Las funciones</seccion1Titulo>
    <seccion1Texto>
      <p>Aquí escribiré el párrafo de la sección</p>
      <p>Aquí va un PÁRRAFO</p>
      <imagen src="MA_08_07_CO_img_01_small.png">
        <p>Aquí escribiré el pie de foto</p>
      </imagen>
      <recuerda>
        <recuerdaTexto>
          <p>Aquí va un RECUERDA</p>
        </recuerdaTexto>
      </recuerda>
      <destacado>
        <destacadoTitulo>Aquí va el título de un DESTACADO</destacadoTitulo>
        <destacadoTexto>
          <p>Aquí va el texto de un DESTACADO</p>
        </destacadoTexto>
      </destacado>
      <profundiza>
        <enlace destino="/LoIdRedirect.aspx?LoId=MA_08_07_CO_Recurso010&amp;IdRecurso=RES-5BB3DBD0495B419CA1F19C7632B401BE">Introducción a las funciones y gráficas</enlace>
      </profundiza>
      <p>Aquí va un PÁRRAFO</p>
      <imagen src="MA_08_07_CO_img_02_small.png">
        <p>Aquí escribiré el pie de foto</p>
      </imagen>
      <recuerda>
        <recuerdaTexto>
          <p>Aquí va un RECUERDA</p>
        </recuerdaTexto>
      </recuerda>
      <destacado>
        <destacadoTitulo>Aquí va el título de un DESTACADO</destacadoTitulo>
        <destacadoTexto>
          <p>Aquí va el texto de un DESTACADO</p>
        </destacadoTexto>
      </destacado>
      <practica>
        <enlace destino="/LoIdRedirect.aspx?LoId=MA_08_07_CO_Recurso020&amp;IdRecurso=RES-6114C7F35CF44B40B89B6FD255479A9A">Recurso M5A-01</enlace>
      </practica>
      <p>Aquí va un PÁRRAFO</p>
      <imagen src="MA_08_07_CO_img_03_small.png">
        <p>Aquí escribiré el pie de foto</p>
      </imagen>
      <recuerda>
        <recuerdaTexto>
          <p>Aquí va un RECUERDA</p>
        </recuerdaTexto>
      </recuerda>
      <destacado>
        <destacadoTitulo>Aquí va el título de un DESTACADO</destacadoTitulo>
        <destacadoTexto>
          <p>Aquí va el texto de un DESTACADO</p>
        </destacadoTexto>
      </destacado>
      <practica>
        <enlace destino="/LoIdRedirect.aspx?LoId=MA_08_07_CO_Recurso030&amp;IdRecurso=RES-CB5B84B0D20C4B35BF07C6514C96FAE7">Diaporama F1-01</enlace>
      </practica>
      <p>Aquí va un PÁRRAFO</p>
      <imagen src="MA_08_07_CO_img_04_small.png">
        <p>Aquí escribiré el pie de foto</p>
      </imagen>
      <recuerda>
        <recuerdaTexto>
          <p>Aquí va un RECUERDA</p>
        </recuerdaTexto>
      </recuerda>
      <destacado>
        <destacadoTitulo>Aquí va el título de un DESTACADO</destacadoTitulo>
        <destacadoTexto>
          <p>Aquí va el texto de un DESTACADO</p>
        </destacadoTexto>
      </destacado>
      <profundiza>
        <enlace destino="/LoIdRedirect.aspx?LoId=MA_08_07_CO_Recurso040&amp;IdRecurso=RES-0748D36D37444F5C949026D770AF2D82">Recurso F4-01</enlace>
      </profundiza>
      <p>Aquí va un PÁRRAFO</p>
      <imagen src="MA_08_07_CO_img_05_small.png">
        <p>Aquí escribiré el pie de foto</p>
      </imagen>
      <recuerda>
        <recuerdaTexto>
          <p>Aquí va un RECUERDA</p>
        </recuerdaTexto>
      </recuerda>
      <destacado>
        <destacadoTitulo>Aquí va el título de un DESTACADO</destacadoTitulo>
        <destacadoTexto>
          <p>Aquí va el texto de un DESTACADO</p>
        </destacadoTexto>
      </destacado>
      <seccion2 id="S2_MA_08_07_CO_89933F57602B4C498E313CE4BABD22A9">
        <seccion2Titulo>Consolidación</seccion2Titulo>
        <seccion2Texto>
          <p>Aquí escribiré el párrafo de la sección</p>
          <p>Aquí va un PÁRRAFO</p>
          <imagen src="MA_08_07_CO_img_06_small.png">
            <p>Aquí escribiré el pie de foto</p>
          </imagen>
          <recuerda>
            <recuerdaTexto>
              <p>Aquí va un RECUERDA</p>
            </recuerdaTexto>
          </recuerda>
          <destacado>
            <destacadoTitulo>Aquí va el título de un DESTACADO</destacadoTitulo>
            <destacadoTexto>
              <p>Aquí va el texto de un DESTACADO</p>
            </destacadoTexto>
          </destacado>
          <practica>
            <enlace destino="/LoIdRedirect.aspx?LoId=MA_08_07_CO_Recurso060&amp;IdRecurso=RES-A3D9E191453D4026A75808C656464423">Recurso M101A-01</enlace>
          </practica>
          <p>Aquí va un PÁRRAFO</p>
          <imagen src="MA_08_07_CO_img_22_small.png">
            <p>Aquí escribiré el pie de foto</p>
          </imagen>
          <recuerda>
            <recuerdaTexto>
              <p>Aquí va un RECUERDA</p>
            </recuerdaTexto>
          </recuerda>
          <destacado>
            <destacadoTitulo>Aquí va el título de un DESTACADO</destacadoTitulo>
            <destacadoTexto>
              <p>Aquí va el texto de un DESTACADO</p>
            </destacadoTexto>
          </destacado>
          <practica>
            <enlace destino="/LoIdRedirect.aspx?LoId=MA_08_07_CO_Recurso220&amp;IdRecurso=RES-EE667FAF942141CAA85EE39B054D4397">Recurso M101A-02</enlace>
          </practica>
          <p>Aquí va un PÁRRAFO</p>
          <imagen src="MA_08_07_CO_img_32_small.png">
            <p>Aquí escribiré el pie de foto</p>
          </imagen>
          <recuerda>
            <recuerdaTexto>
              <p>Aquí va un RECUERDA</p>
            </recuerdaTexto>
          </recuerda>
          <destacado>
            <destacadoTitulo>Aquí va el título de un DESTACADO</destacadoTitulo>
            <destacadoTexto>
              <p>Aquí va el texto de un DESTACADO</p>
            </destacadoTexto>
          </destacado>
          <practica>
            <enlace destino="/LoIdRedirect.aspx?LoId=MA_08_07_CO_Recurso320&amp;IdRecurso=RES-D162F7CA283B470B9E5EC0986D013604">Refuerza tu aprendizaje: Las funciones cuadráticas</enlace>
          </practica>
        </seccion2Texto>
      </seccion2>
      <p>Aquí va un PÁRRAFO</p>
      <imagen src="MA_08_07_CO_img_07_small.png">
        <p>Aquí escribiré el pie de foto</p>
      </imagen>
      <recuerda>
        <recuerdaTexto>
          <p>Aquí va un RECUERDA</p>
        </recuerdaTexto>
      </recuerda>
      <destacado>
        <destacadoTitulo>Aquí va el título de un DESTACADO</destacadoTitulo>
        <destacadoTexto>
          <p>Aquí va el texto de un DESTACADO</p>
        </destacadoTexto>
      </destacado>
    </seccion1Texto>
  </seccion1>
  <seccion1 id="S1_MA_08_07_CO_9814C200FED4429594D8300BA76B9D70">
    <seccion1Titulo>Las funciones lineales y afines</seccion1Titulo>
    <seccion1Texto>
      <p>Aquí escribiré el párrafo de la sección</p>
      <p>Aquí va un PÁRRAFO</p>
      <imagen src="MA_08_07_CO_img_08_small.png">
        <p>Aquí escribiré el pie de foto</p>
      </imagen>
      <recuerda>
        <recuerdaTexto>
          <p>Aquí va un RECUERDA</p>
        </recuerdaTexto>
      </recuerda>
      <destacado>
        <destacadoTitulo>Aquí va el título de un DESTACADO</destacadoTitulo>
        <destacadoTexto>
          <p>Aquí va el texto de un DESTACADO</p>
        </destacadoTexto>
      </destacado>
      <profundiza>
        <enlace destino="/LoIdRedirect.aspx?LoId=MA_08_07_CO_Recurso080&amp;IdRecurso=RES-573A69B07D7641899B16EDBE441E69AE">Las funciones lineales</enlace>
      </profundiza>
      <p>Aquí va un PÁRRAFO</p>
      <imagen src="MA_08_07_CO_img_09_small.png">
        <p>Aquí escribiré el pie de foto</p>
      </imagen>
      <recuerda>
        <recuerdaTexto>
          <p>Aquí va un RECUERDA</p>
        </recuerdaTexto>
      </recuerda>
      <destacado>
        <destacadoTitulo>Aquí va el título de un DESTACADO</destacadoTitulo>
        <destacadoTexto>
          <p>Aquí va el texto de un DESTACADO</p>
        </destacadoTexto>
      </destacado>
      <profundiza>
        <enlace destino="/LoIdRedirect.aspx?LoId=MA_08_07_CO_Recurso090&amp;IdRecurso=RES-B95EDEB8C02646EB909288368B46F90F">Las gráficas de las funciones lineales y afines</enlace>
      </profundiza>
      <p>Aquí va un PÁRRAFO</p>
      <imagen src="MA_08_07_CO_img_10_small.png">
        <p>Aquí escribiré el pie de foto</p>
      </imagen>
      <recuerda>
        <recuerdaTexto>
          <p>Aquí va un RECUERDA</p>
        </recuerdaTexto>
      </recuerda>
      <destacado>
        <destacadoTitulo>Aquí va el título de un DESTACADO</destacadoTitulo>
        <destacadoTexto>
          <p>Aquí va el texto de un DESTACADO</p>
        </destacadoTexto>
      </destacado>
      <practica>
        <enlace destino="/LoIdRedirect.aspx?LoId=MA_08_07_CO_Recurso100&amp;IdRecurso=RES-3E4AE25323F5457E9803E6A3091987E2">Practica la representación de las funciones lineales</enlace>
      </practica>
      <p>Aquí va un PÁRRAFO</p>
      <imagen src="MA_08_07_CO_img_11_small.png">
        <p>Aquí escribiré el pie de foto</p>
      </imagen>
      <recuerda>
        <recuerdaTexto>
          <p>Aquí va un RECUERDA</p>
        </recuerdaTexto>
      </recuerda>
      <destacado>
        <destacadoTitulo>Aquí va el título de un DESTACADO</destacadoTitulo>
        <destacadoTexto>
          <p>Aquí va el texto de un DESTACADO</p>
        </destacadoTexto>
      </destacado>
      <practica>
        <enlace destino="/LoIdRedirect.aspx?LoId=MA_08_07_CO_Recurso110&amp;IdRecurso=RES-23B4F56535C64B5FAF17AF093D8DCDA9">Practica las funciones afines</enlace>
      </practica>
      <p>Aquí va un PÁRRAFO</p>
      <imagen src="MA_08_07_CO_img_12_small.png">
        <p>Aquí escribiré el pie de foto</p>
      </imagen>
      <recuerda>
        <recuerdaTexto>
          <p>Aquí va un RECUERDA</p>
        </recuerdaTexto>
      </recuerda>
      <destacado>
        <destacadoTitulo>Aquí va el título de un DESTACADO</destacadoTitulo>
        <destacadoTexto>
          <p>Aquí va el texto de un DESTACADO</p>
        </destacadoTexto>
      </destacado>
      <practica>
        <enlace destino="/LoIdRedirect.aspx?LoId=MA_08_07_CO_Recurso120&amp;IdRecurso=RES-978705D375CB4C8BBD08EAEFBBC7E21F">Clasifica funciones afines</enlace>
      </practica>
      <p>Aquí va un PÁRRAFO</p>
      <imagen src="MA_08_07_CO_img_13_small.png">
        <p>Aquí escribiré el pie de foto</p>
      </imagen>
      <recuerda>
        <recuerdaTexto>
          <p>Aquí va un RECUERDA</p>
        </recuerdaTexto>
      </recuerda>
      <destacado>
        <destacadoTitulo>Aquí va el título de un DESTACADO</destacadoTitulo>
        <destacadoTexto>
          <p>Aquí va el texto de un DESTACADO</p>
        </destacadoTexto>
      </destacado>
      <practica>
        <enlace destino="/LoIdRedirect.aspx?LoId=MA_08_07_CO_Recurso130&amp;IdRecurso=RES-23BB700092F0457D9742C450A5B24030">Reconoce el tipo de cada función</enlace>
      </practica>
      <p>Aquí va un PÁRRAFO</p>
      <imagen src="MA_08_07_CO_img_14_small.png">
        <p>Aquí escribiré el pie de foto</p>
      </imagen>
      <recuerda>
        <recuerdaTexto>
          <p>Aquí va un RECUERDA</p>
        </recuerdaTexto>
      </recuerda>
      <destacado>
        <destacadoTitulo>Aquí va el título de un DESTACADO</destacadoTitulo>
        <destacadoTexto>
          <p>Aquí va el texto de un DESTACADO</p>
        </destacadoTexto>
      </destacado>
      <profundiza>
        <enlace destino="/LoIdRedirect.aspx?LoId=MA_08_07_CO_Recurso140&amp;IdRecurso=RES-C66247F60EA54B718CE895AB38A17C79">Conoce la ecuación de la recta que pasa por dos puntos</enlace>
      </profundiza>
      <p>Aquí va un PÁRRAFO</p>
      <imagen src="MA_08_07_CO_img_15_small.png">
        <p>Aquí escribiré el pie de foto</p>
      </imagen>
      <recuerda>
        <recuerdaTexto>
          <p>Aquí va un RECUERDA</p>
        </recuerdaTexto>
      </recuerda>
      <destacado>
        <destacadoTitulo>Aquí va el título de un DESTACADO</destacadoTitulo>
        <destacadoTexto>
          <p>Aquí va el texto de un DESTACADO</p>
        </destacadoTexto>
      </destacado>
      <practica>
        <enlace destino="/LoIdRedirect.aspx?LoId=MA_08_07_CO_Recurso150&amp;IdRecurso=RES-FA47336E14CE4554991C107640090F5E">Practica la ecuación general de la recta</enlace>
      </practica>
      <p>Aquí va un PÁRRAFO</p>
      <imagen src="MA_08_07_CO_img_16_small.png">
        <p>Aquí escribiré el pie de foto</p>
      </imagen>
      <recuerda>
        <recuerdaTexto>
          <p>Aquí va un RECUERDA</p>
        </recuerdaTexto>
      </recuerda>
      <destacado>
        <destacadoTitulo>Aquí va el título de un DESTACADO</destacadoTitulo>
        <destacadoTexto>
          <p>Aquí va el texto de un DESTACADO</p>
        </destacadoTexto>
      </destacado>
      <practica>
        <enlace destino="/LoIdRedirect.aspx?LoId=MA_08_07_CO_Recurso160&amp;IdRecurso=RES-C3A73166DF7F43E8B9EB87171202CF12">Practica la ecuación punto-pendiente de la recta</enlace>
      </practica>
      <p>Aquí va un PÁRRAFO</p>
      <imagen src="MA_08_07_CO_img_17_small.png">
        <p>Aquí escribiré el pie de foto</p>
      </imagen>
      <recuerda>
        <recuerdaTexto>
          <p>Aquí va un RECUERDA</p>
        </recuerdaTexto>
      </recuerda>
      <destacado>
        <destacadoTitulo>Aquí va el título de un DESTACADO</destacadoTitulo>
        <destacadoTexto>
          <p>Aquí va el texto de un DESTACADO</p>
        </destacadoTexto>
      </destacado>
      <practica>
        <enlace destino="/LoIdRedirect.aspx?LoId=MA_08_07_CO_Recurso170&amp;IdRecurso=RES-081CB69E46564BA886EF6E0D66CBB6C6">Practica la ecuación continua de la recta</enlace>
      </practica>
      <p>Aquí va un PÁRRAFO</p>
      <imagen src="MA_08_07_CO_img_18_small.png">
        <p>Aquí escribiré el pie de foto</p>
      </imagen>
      <recuerda>
        <recuerdaTexto>
          <p>Aquí va un RECUERDA</p>
        </recuerdaTexto>
      </recuerda>
      <destacado>
        <destacadoTitulo>Aquí va el título de un DESTACADO</destacadoTitulo>
        <destacadoTexto>
          <p>Aquí va el texto de un DESTACADO</p>
        </destacadoTexto>
      </destacado>
      <practica>
        <enlace destino="/LoIdRedirect.aspx?LoId=MA_08_07_CO_Recurso180&amp;IdRecurso=RES-060ED168F8B04A91B7EA86F4CB09E494">Practica la ecuación explícita de la recta</enlace>
      </practica>
      <p>Aquí va un PÁRRAFO</p>
      <imagen src="MA_08_07_CO_img_19_small.png">
        <p>Aquí escribiré el pie de foto</p>
      </imagen>
      <recuerda>
        <recuerdaTexto>
          <p>Aquí va un RECUERDA</p>
        </recuerdaTexto>
      </recuerda>
      <destacado>
        <destacadoTitulo>Aquí va el título de un DESTACADO</destacadoTitulo>
        <destacadoTexto>
          <p>Aquí va el texto de un DESTACADO</p>
        </destacadoTexto>
      </destacado>
      <practica>
        <enlace destino="/LoIdRedirect.aspx?LoId=MA_08_07_CO_Recurso190&amp;IdRecurso=RES-B54319CE098A4235B0FAEF64BA4CEB8F">Rectas secantes y rectas paralelas</enlace>
      </practica>
      <p>Aquí va un PÁRRAFO</p>
      <imagen src="MA_08_07_CO_img_20_small.png">
        <p>Aquí escribiré el pie de foto</p>
      </imagen>
      <recuerda>
        <recuerdaTexto>
          <p>Aquí va un RECUERDA</p>
        </recuerdaTexto>
      </recuerda>
      <destacado>
        <destacadoTitulo>Aquí va el título de un DESTACADO</destacadoTitulo>
        <destacadoTexto>
          <p>Aquí va el texto de un DESTACADO</p>
        </destacadoTexto>
      </destacado>
      <practica>
        <enlace destino="/LoIdRedirect.aspx?LoId=MA_08_07_CO_Recurso200&amp;IdRecurso=RES-E62BBEE753CD4DDF8CE15D00408AB259">Indica la posición relativa de dos rectas</enlace>
      </practica>
      <p>Aquí va un PÁRRAFO</p>
      <imagen src="MA_08_07_CO_img_21_small.png">
        <p>Aquí escribiré el pie de foto</p>
      </imagen>
      <recuerda>
        <recuerdaTexto>
          <p>Aquí va un RECUERDA</p>
        </recuerdaTexto>
      </recuerda>
      <destacado>
        <destacadoTitulo>Aquí va el título de un DESTACADO</destacadoTitulo>
        <destacadoTexto>
          <p>Aquí va el texto de un DESTACADO</p>
        </destacadoTexto>
      </destacado>
      <practica>
        <enlace destino="/LoIdRedirect.aspx?LoId=MA_08_07_CO_Recurso210&amp;IdRecurso=RES-B7D60B02D11549AFAA8FCA681917CA6C">Aplicaciones de las funciones lineales y afines</enlace>
      </practica>
    </seccion1Texto>
  </seccion1>
  <seccion1 id="S1_MA_08_07_CO_EC8C70889E4F411886A16C3563DD4C2F">
    <seccion1Titulo>La función cuadrática</seccion1Titulo>
    <seccion1Texto>
      <p>Aquí escribiré el párrafo de la sección</p>
      <p>Aquí va un PÁRRAFO</p>
      <imagen src="MA_08_07_CO_img_23_small.png">
        <p>Aquí escribiré el pie de foto</p>
      </imagen>
      <recuerda>
        <recuerdaTexto>
          <p>Aquí va un RECUERDA</p>
        </recuerdaTexto>
      </recuerda>
      <destacado>
        <destacadoTitulo>Aquí va el título de un DESTACADO</destacadoTitulo>
        <destacadoTexto>
          <p>Aquí va el texto de un DESTACADO</p>
        </destacadoTexto>
      </destacado>
      <profundiza>
        <enlace destino="/LoIdRedirect.aspx?LoId=MA_08_07_CO_Recurso230&amp;IdRecurso=RES-7FFF79B1D4C44E48B909ED18ECF28941">La función cuadrática</enlace>
      </profundiza>
      <p>Aquí va un PÁRRAFO</p>
      <imagen src="MA_08_07_CO_img_24_small.png">
        <p>Aquí escribiré el pie de foto</p>
      </imagen>
      <recuerda>
        <recuerdaTexto>
          <p>Aquí va un RECUERDA</p>
        </recuerdaTexto>
      </recuerda>
      <destacado>
        <destacadoTitulo>Aquí va el título de un DESTACADO</destacadoTitulo>
        <destacadoTexto>
          <p>Aquí va el texto de un DESTACADO</p>
        </destacadoTexto>
      </destacado>
      <profundiza>
        <enlace destino="/LoIdRedirect.aspx?LoId=MA_08_07_CO_Recurso240&amp;IdRecurso=RES-229C29EA5A134CD0BFC7320FC9F6A4CB">La función polinómica de segundo grado</enlace>
      </profundiza>
      <p>Aquí va un PÁRRAFO</p>
      <imagen src="MA_08_07_CO_img_25_small.png">
        <p>Aquí escribiré el pie de foto</p>
      </imagen>
      <recuerda>
        <recuerdaTexto>
          <p>Aquí va un RECUERDA</p>
        </recuerdaTexto>
      </recuerda>
      <destacado>
        <destacadoTitulo>Aquí va el título de un DESTACADO</destacadoTitulo>
        <destacadoTexto>
          <p>Aquí va el texto de un DESTACADO</p>
        </destacadoTexto>
      </destacado>
      <p>Aquí va un PÁRRAFO</p>
      <imagen src="MA_08_07_CO_img_26_small.png">
        <p>Aquí escribiré el pie de foto</p>
      </imagen>
      <recuerda>
        <recuerdaTexto>
          <p>Aquí va un RECUERDA</p>
        </recuerdaTexto>
      </recuerda>
      <destacado>
        <destacadoTitulo>Aquí va el título de un DESTACADO</destacadoTitulo>
        <destacadoTexto>
          <p>Aquí va el texto de un DESTACADO</p>
        </destacadoTexto>
      </destacado>
      <p>Aquí va un PÁRRAFO</p>
      <imagen src="MA_08_07_CO_img_27_small.png">
        <p>Aquí escribiré el pie de foto</p>
      </imagen>
      <recuerda>
        <recuerdaTexto>
          <p>Aquí va un RECUERDA</p>
        </recuerdaTexto>
      </recuerda>
      <destacado>
        <destacadoTitulo>Aquí va el título de un DESTACADO</destacadoTitulo>
        <destacadoTexto>
          <p>Aquí va el texto de un DESTACADO</p>
        </destacadoTexto>
      </destacado>
      <practica>
        <enlace destino="/LoIdRedirect.aspx?LoId=MA_08_07_CO_Recurso270&amp;IdRecurso=RES-2CE215D14FA7474E87964CB9D7396B54">Practica la representación de funciones cuadráticas</enlace>
      </practica>
      <p>Aquí va un PÁRRAFO</p>
      <imagen src="MA_08_07_CO_img_28_small.png">
        <p>Aquí escribiré el pie de foto</p>
      </imagen>
      <recuerda>
        <recuerdaTexto>
          <p>Aquí va un RECUERDA</p>
        </recuerdaTexto>
      </recuerda>
      <destacado>
        <destacadoTitulo>Aquí va el título de un DESTACADO</destacadoTitulo>
        <destacadoTexto>
          <p>Aquí va el texto de un DESTACADO</p>
        </destacadoTexto>
      </destacado>
      <profundiza>
        <enlace destino="/LoIdRedirect.aspx?LoId=MA_08_07_CO_Recurso280&amp;IdRecurso=RES-44E177AD50024C01A2F900E09C64E254">Recurso F6-01</enlace>
      </profundiza>
      <p>Aquí va un PÁRRAFO</p>
      <imagen src="MA_08_07_CO_img_29_small.png">
        <p>Aquí escribiré el pie de foto</p>
      </imagen>
      <recuerda>
        <recuerdaTexto>
          <p>Aquí va un RECUERDA</p>
        </recuerdaTexto>
      </recuerda>
      <destacado>
        <destacadoTitulo>Aquí va el título de un DESTACADO</destacadoTitulo>
        <destacadoTexto>
          <p>Aquí va el texto de un DESTACADO</p>
        </destacadoTexto>
      </destacado>
      <profundiza>
        <enlace destino="/LoIdRedirect.aspx?LoId=MA_08_07_CO_Recurso270&amp;IdRecurso=RES-2CE215D14FA7474E87964CB9D7396B54">Practica la representación de funciones cuadráticas</enlace>
      </profundiza>
      <p>Aquí va un PÁRRAFO</p>
      <imagen src="MA_08_07_CO_img_30_small.png">
        <p>Aquí escribiré el pie de foto</p>
      </imagen>
      <recuerda>
        <recuerdaTexto>
          <p>Aquí va un RECUERDA</p>
        </recuerdaTexto>
      </recuerda>
      <destacado>
        <destacadoTitulo>Aquí va el título de un DESTACADO</destacadoTitulo>
        <destacadoTexto>
          <p>Aquí va el texto de un DESTACADO</p>
        </destacadoTexto>
      </destacado>
      <profundiza>
        <enlace destino="/LoIdRedirect.aspx?LoId=MA_08_07_CO_Recurso300&amp;IdRecurso=RES-4E23B4242B3B41909F64BCDAFAA818B9">Calcula los vértices de las parábolas</enlace>
      </profundiza>
      <p>Aquí va un PÁRRAFO</p>
      <imagen src="MA_08_07_CO_img_31_small.png">
        <p>Aquí escribiré el pie de foto</p>
      </imagen>
      <recuerda>
        <recuerdaTexto>
          <p>Aquí va un RECUERDA</p>
        </recuerdaTexto>
      </recuerda>
      <destacado>
        <destacadoTitulo>Aquí va el título de un DESTACADO</destacadoTitulo>
        <destacadoTexto>
          <p>Aquí va el texto de un DESTACADO</p>
        </destacadoTexto>
      </destacado>
    </seccion1Texto>
  </seccion1>
  <seccion1 id="S1_MA_08_07_CO_87B53FEE12E749DE83F43B978523CE97">
    <seccion1Titulo>Competencias</seccion1Titulo>
    <seccion1Texto>
      <p>Aquí escribiré el párrafo de la sección</p>
      <p>Aquí va un PÁRRAFO</p>
      <imagen src="MA_08_07_CO_img_33_small.png">
        <p>Aquí escribiré el pie de foto</p>
      </imagen>
      <recuerda>
        <recuerdaTexto>
          <p>Aquí va un RECUERDA</p>
        </recuerdaTexto>
      </recuerda>
      <destacado>
        <destacadoTitulo>Aquí va el título de un DESTACADO</destacadoTitulo>
        <destacadoTexto>
          <p>Aquí va el texto de un DESTACADO</p>
        </destacadoTexto>
      </destacado>
      <practica>
        <enlace destino="/LoIdRedirect.aspx?LoId=MA_08_07_CO_Recurso330&amp;IdRecurso=RES-3FCDB2ACA3A44DF1A715AEBF1758D1DD">Competencias: práctica de las ecuaciones de la recta</enlace>
      </practica>
    </seccion1Texto>
  </seccion1>
  <masinformacion id="MI_MA_08_07_CO_4D3E37D75D924CB3A9E73C262F26E571">
    <mapaconceptual>
      <enlace destino="/LoIdRedirect.aspx?LoId=MA_08_07_CO_Recurso350&amp;IdRecurso=RES-BDFF296665084D6DA74D6FD911D56473">Mapa Conceptual</enlace>
    </mapaconceptual>
    <autoevaluate>
      <enlace destino="/LoIdRedirect.aspx?LoId=MA_08_07_CO_Recurso360&amp;IdRecurso=RES-B218B602F66740678BC800835A25410D">Evaluación</enlace>
    </autoevaluate>
    <enlacesreferencia>
      <enlace destino="http://www.aulaplaneta.com">AulaPlaneta</enlace>
    </enlacesreferencia>
  </masinformacion>
</libro>