<?xml version='1.0' encoding='UTF-8'?><engine copy="Editorial Planeta" version="1" aprid="f4">
<main title="Los números racionales" path="image_139.jpg" buttonsHeight="53">
</main>
<questions respCorrecta="Respuesta correcta." respIncorrecta="Respuesta incorrecta.">
<question title="¿Cuáles de estos números puedes utilizar para contar?" path="image_151.jpg">
<answers>
<answer correct="0">
<text><![CDATA[<span style="font-size30px" class="math-tex">\(\mathbf{-5}\)</span>]]></text>
<explanation width="394"><![CDATA[<p>Vuelve a intentarlo.</p>
]]></explanation>
</answer>
<answer correct="1">
<text><![CDATA[<span style="font-size30px" class="math-tex">\(\mathbf{63}\)</span>]]></text>
<explanation width="494"><![CDATA[<p>Puedo contar 63 carros, 63 personas, 63 videojuegos, etc.</p>
]]></explanation>
</answer>
<answer correct="0">
<text><![CDATA[<span style="font-size30px" class="math-tex">\(\mathbf{0,6}\)</span>]]></text>
<explanation width="394"><![CDATA[<p>Vuelve a intentarlo.</p>
]]></explanation>
</answer>
<answer correct="0">
<text><![CDATA[<span style="font-size30px" class="math-tex">\(\mathbf{105,3444...}\)</span>]]></text>
<explanation width="394"><![CDATA[<p>Vuelve a intentarlo.</p>
]]></explanation>
</answer>
<answer correct="1">
<text><![CDATA[<span style="font-size30px" class="math-tex">\(\mathbf{547}\)</span>]]></text>
<explanation width="494"><![CDATA[<p>Puedo contar 547 l&aacute;pices, 547 libros, 547 p&aacute;ginas, etc.</p>
]]></explanation>
</answer>
<answer correct="0">
<text><![CDATA[]]></text>
<explanation width="394"><![CDATA[]]></explanation>
</answer>
<answer correct="0">
<text><![CDATA[]]></text>
<explanation width="394"><![CDATA[]]></explanation>
</answer>
<answer correct="0">
<text><![CDATA[]]></text>
<explanation width="394"><![CDATA[]]></explanation>
</answer>
</answers>
<info path="">
<text><![CDATA[<p>Los n&uacute;meros naturales empiezan en el uno (no incluyen el cero), son aquellos que se utilizan para contar&nbsp; 1, 2, 3,... y se representan con este s&iacute;mbolo:</p>

<p style="text-align: center;"><img alt="" src="data/imagenes/image_219.jpg" style="height:94px; width:79px" /></p>

<p>Aunque en general se considera que el 0 no es un n&uacute;mero natural, muchos matem&aacute;ticos consideran que s&iacute; lo es. &iquest;T&uacute; qu&eacute; opinas?</p>
]]></text>
</info>
</question>
<question title="¿Cuáles de estos números dirías que son números enteros?" path="image_175.jpg">
<answers>
<answer correct="1">
<text><![CDATA[<span style="font-size30px" class="math-tex">\(\mathbf{-78}\)</span>]]></text>
<explanation width="494"><![CDATA[<p>El n&uacute;mero -78 no tiene decimales. Es un n&uacute;mero entero negativo.</p>
]]></explanation>
</answer>
<answer correct="0">
<text><![CDATA[<span style="font-size30px" class="math-tex">\(\mathbf{0,5}\)</span>]]></text>
<explanation width="394"><![CDATA[<p>Vuelve a intentarlo.</p>
]]></explanation>
</answer>
<answer correct="0">
<text><![CDATA[<span style="font-size:25px" class="math-tex">\(\mathbf{\frac{17}{3}}\)</span>]]></text>
<explanation width="394"><![CDATA[<p>Vuelve a intentarlo.</p>
]]></explanation>
</answer>
<answer correct="0">
<text><![CDATA[<span style="font-size:25px" class="math-tex">\(\mathbf{\frac{1}{3}}\)</span>]]></text>
<explanation width="394"><![CDATA[<p>Vuelve a intentarlo.</p>
]]></explanation>
</answer>
<answer correct="1">
<text><![CDATA[<span style="font-size30px" class="math-tex">\(\mathbf{2}\)</span>]]></text>
<explanation width="394"><![CDATA[<p>El n&uacute;mero 2 no tiene decimales. Es un n&uacute;mero entero positivo.</p>
]]></explanation>
</answer>
<answer correct="0">
<text><![CDATA[]]></text>
<explanation width="494"><![CDATA[]]></explanation>
</answer>
<answer correct="0">
<text><![CDATA[]]></text>
<explanation width="394"><![CDATA[]]></explanation>
</answer>
<answer correct="0">
<text><![CDATA[]]></text>
<explanation width="394"><![CDATA[]]></explanation>
</answer>
</answers>
<info path="">
<text><![CDATA[<p>Los <strong>n&uacute;meros enteros</strong> son los n&uacute;meros <strong>naturales</strong>, tanto <strong>positivos</strong> como <strong>negativos</strong> y tambi&eacute;n <strong>el cero</strong>. Se representan con este s&iacute;mbolo:</p>

<p style="text-align: center;"><img alt="" src="data/imagenes/image_222.jpg" style="height:94px; width:74px" /></p>

<p>Los n&uacute;meros negativos antiguamente se conoc&iacute;an como n&uacute;meros deudos o n&uacute;meros absurdos. &iquest;Por qu&eacute; crees que los llamaban as&iacute;?</p>
]]></text>
</info>
</question>
<question title="¿Cuáles de estos números decimales crees que se pueden representar mediante una fracción?" path="image_196.jpg">
<answers>
<answer correct="0">
<text><![CDATA[<span style="font-size30px" class="math-tex">\(\mathbf{1,786523...}\)</span>]]></text>
<explanation width="394"><![CDATA[<p>Vuelve a intentarlo.</p>
]]></explanation>
</answer>
<answer correct="0">
<text><![CDATA[<span style="font-size30px" class="math-tex">\(\mathbf{3,1415...}\)</span>]]></text>
<explanation width="394"><![CDATA[<p>Vuelve a intentarlo.</p>
]]></explanation>
</answer>
<answer correct="1">
<text><![CDATA[<span style="font-size30px" class="math-tex">\(\mathbf{2,5}\)</span>]]></text>
<explanation width="594"><![CDATA[<p>El n&uacute;mero <span class="math-tex">\(2,5\)</span> es un decimal exacto. Los decimales exactos se pueden representar con una fracci&oacute;n, que, en este caso, ser&iacute;a <span class="math-tex">\( {5 \over 2}\)</span>.</p>
]]></explanation>
</answer>
<answer correct="1">
<text><![CDATA[<span style="font-size30px" class="math-tex">\(\mathbf{-3}\)</span>]]></text>
<explanation width="594"><![CDATA[<p>El n&uacute;mero <span class="math-tex">\(-3\)</span> es <span class="math-tex">\(-\dfrac{3}{1}\)</span> por lo tanto, se puede expresar como una fracci&oacute;n.</p>
]]></explanation>
</answer>
<answer correct="1">
<text><![CDATA[<span style="font-size30px" class="math-tex">\(\mathbf{1,2333...}\)</span>]]></text>
<explanation width="594"><![CDATA[<p>El n&uacute;mero&nbsp;<span class="math-tex">\(1,2333...\)</span> es un decimal peri&oacute;dico. Los decimales exactos se pueden representar con una fracci&oacute;n. En este caso, ser&iacute;a <span class="math-tex">\(1,2333...\)</span></p>

<p><span class="math-tex">\(=\dfrac{123-12}{90}=\dfrac{11}{90}=1,2333333...\)</span></p>

<p>&nbsp;</p>
]]></explanation>
</answer>
<answer correct="0">
<text><![CDATA[]]></text>
<explanation width="394"><![CDATA[]]></explanation>
</answer>
<answer correct="0">
<text><![CDATA[]]></text>
<explanation width="394"><![CDATA[]]></explanation>
</answer>
<answer correct="0">
<text><![CDATA[]]></text>
<explanation width="394"><![CDATA[]]></explanation>
</answer>
</answers>
<info path="">
<text><![CDATA[<p><strong>Los decimales finitos y los decimales infinitos peri&oacute;dicos</strong> siempre se pueden representar con una fracci&oacute;n.</p>

<p><strong>Si son decimales finitos</strong>, basta con poner en el numerador el n&uacute;mero sin comas y en el denominador un&nbsp;<span class="math-tex">\(1\)</span> con tantos ceros como n&uacute;meros haya detr&aacute;s de la coma. Por ejemplo,<span class="math-tex">\(2,37\)</span> equivale a <span class="math-tex">\( {237 \over 100}\)</span>.</p>

<p><strong>Si son decimales peri&oacute;dicos</strong>, en el numerador se pone el n&uacute;mero sin comas, menos la parte que est&aacute; fuera del periodo y en el denominador tantos nueves como cifras tenga el periodo y tantos ceros como cifras tenga la parte decimal que no forma parte del periodo:</p>

<p><span class="math-tex">\(17,\stackrel{\frown}{3} = {173-17 \over 9} = {156 \over 9}\)</span> &nbsp; &nbsp;&nbsp; <span class="math-tex">\(5,\stackrel{\frown}{237} = {5.237-52 \over 990} = {5.185 \over 990}\)</span></p>
]]></text>
</info>
</question>
<question title="¿Cuáles de estos números dirías que son números racionales?" path="image_204.jpg">
<answers>
<answer correct="1">
<text><![CDATA[<span style="font-size:25px" class="math-tex">\(\mathbf{-\frac{5}{7}}\)</span>]]></text>
<explanation width="594"><![CDATA[<p>El n&uacute;mero <span class="math-tex">\(-\dfrac {5}{7}\)</span> es una fracci&oacute;n de n&uacute;meros enteros.</p>
]]></explanation>
</answer>
<answer correct="0">
<text><![CDATA[<span style="font-size30px" class="math-tex">\(\mathbf{\sqrt{5}}\)</span>]]></text>
<explanation width="394"><![CDATA[<p>Vuelve a intentarlo.</p>
]]></explanation>
</answer>
<answer correct="1">
<text><![CDATA[<span style="font-size30px" class="math-tex">\(\mathbf{23,5555...}\)</span>]]></text>
<explanation width="594"><![CDATA[<p>El n&uacute;mero 23,5555... es un decimal peri&oacute;dico, por tanto se puede representar con una fracci&oacute;n:</p>

<p><span class="math-tex">\(23,\stackrel{\frown}{5} = {235-23 \over 9} = {212 \over 9} = 23,5555...\)</span></p>
]]></explanation>
</answer>
<answer correct="1">
<text><![CDATA[<span style="font-size30px" class="math-tex">\(\mathbf{6}\)</span>]]></text>
<explanation width="494"><![CDATA[<p>El n&uacute;mero <span class="math-tex">\(6\)</span> es un n&uacute;mero natural y entero, por lo que es un n&uacute;mero racional, que se puede representar, por ejemplo con la siguiente fraccion <span class="math-tex">\(\dfrac {30}{ 5}\)</span>.</p>
]]></explanation>
</answer>
<answer correct="0">
<text><![CDATA[<span style="font-size30px" class="math-tex">\(\mathbf{8,3465...}\)</span>]]></text>
<explanation width="394"><![CDATA[<p>Vuelve a intentarlo.</p>
]]></explanation>
</answer>
<answer correct="0">
<text><![CDATA[]]></text>
<explanation width="394"><![CDATA[]]></explanation>
</answer>
<answer correct="0">
<text><![CDATA[]]></text>
<explanation width="394"><![CDATA[]]></explanation>
</answer>
<answer correct="0">
<text><![CDATA[]]></text>
<explanation width="394"><![CDATA[]]></explanation>
</answer>
</answers>
<info path="">
<text><![CDATA[<p>Los <strong>n&uacute;meros racionales</strong> son todos aquellos que se pueden representar como una <strong>fracci&oacute;n</strong> con numerador y denominador <strong>enteros</strong>. Se representan con este s&iacute;mbolo:</p>

<p style="text-align: center;"><img alt="" src="data/imagenes/image_242.jpg" style="height:94px; width:101px" /></p>

<p>El t&eacute;rmino &quot;racional&quot; hace referencia a su expresi&oacute;n en forma de fracci&oacute;n o raz&oacute;n de un n&uacute;mero respecto de otro. Se designan con una Q porque es la primera letra de la palabra &quot;quocient&quot;, que significa &quot;cociente&quot; en diversas lenguas europeas.</p>
]]></text>
</info>
</question>
</questions>
</engine>