﻿<?xml version="1.0" encoding="utf-8"?><motor tipo="5" clase="a" aprid="m5a">
  <plataforma>
    <grado><![CDATA[2]]></grado>
    <titulo>Evaluación</titulo>
    <area>0</area>
    <nivel>3</nivel>
    <referencia/>
    <idreg><![CDATA[0]]></idreg>
    <motor><![CDATA[M5A]]></motor>
    <lang>es</lang>
  </plataforma>
  <enunciado><![CDATA[Selecciona las opciones correctas o responde las preguntas, según el caso.]]></enunciado>
  <masinfo inicio="0"/>
  <sinaleatoriedad><![CDATA[0]]></sinaleatoriedad>
  <calc><![CDATA[0]]></calc>
  <respuestaunica><![CDATA[0]]></respuestaunica>
  <test cantidad="10">
    <cuestion>
      <enunciado><![CDATA[Selecciona los elementos que debe tener cualquier figura para que sea nombrada como polígono.]]></enunciado>
      <explicacion><![CDATA[Todos los polígonos deben tener vértices y lados, pues estos elementos aseguran que la figura sea cerrada.]]></explicacion>
      <imagen><![CDATA[MA_06_11_CO_REC260_IMG01n.png]]></imagen>
      <ampliacion><![CDATA[MA_06_11_CO_REC260_IMG01a.png]]></ampliacion>
      <respuestas>
        <respuesta contestacion="Aristas y vértices." correcta="0"/>
        <respuesta contestacion="Vértices y lados." correcta="1"/>
        <respuesta contestacion="Segmentos y aristas." correcta="0"/>
        <respuesta contestacion="Caras y lados." correcta="0"/>
      </respuestas>
    </cuestion>
    <cuestion>
      <enunciado><![CDATA[Una figura plana compuesta por una secuencia finita de segmentos rectos consecutivos que cierran una región en el plano corresponde a un:]]></enunciado>
      <explicacion><![CDATA[Todo polígono tiene un conjunto finito de lados rectos.]]></explicacion>
      <imagen><![CDATA[MA_06_11_CO_REC260_IMG02n.png]]></imagen>
      <ampliacion><![CDATA[MA_06_11_CO_REC260_IMG02a.png]]></ampliacion>
      <respuestas>
        <respuesta contestacion="polígono" correcta="1"/>
        <respuesta contestacion="sólido " correcta="0"/>
        <respuesta contestacion="vértice" correcta="0"/>
        <respuesta contestacion="lado" correcta="0"/>
      </respuestas>
    </cuestion>
    <cuestion>
      <enunciado><![CDATA[Selecciona las características de los polígonos de la imagen.]]></enunciado>
      <explicacion><![CDATA[La clasificación de los polígonos se hace teniendo en cuenta estos criterios.]]></explicacion>
      <imagen><![CDATA[MA_06_11_CO_REC260_IMG03n.png]]></imagen>
      <ampliacion><![CDATA[MA_06_11_CO_REC260_IMG03a.png]]></ampliacion>
      <respuestas>
        <respuesta contestacion="Cuadriláteros" correcta="1"/>
        <respuesta contestacion="Convexos" correcta="0"/>
        <respuesta contestacion="Cóncavos" correcta="0"/>
        <respuesta contestacion="Irregulares" correcta="1"/>
      </respuestas>
    </cuestion>
    <cuestion>
      <enunciado><![CDATA[¿Cuál de los siguientes polígonos no pertenece a la clasificación según el número de lados?]]></enunciado>
      <explicacion><![CDATA[Los polígonos cóncavos pertenecen a la clasificación según la medida de los ángulos internos.]]></explicacion>
      <imagen><![CDATA[MA_06_11_CO_REC260_IMG04n.png]]></imagen>
      <ampliacion><![CDATA[MA_06_11_CO_REC260_IMG04a.png]]></ampliacion>
      <respuestas>
        <respuesta contestacion="Triángulo " correcta="0"/>
        <respuesta contestacion="Pentágono" correcta="0"/>
        <respuesta contestacion="Cóncavo" correcta="1"/>
        <respuesta contestacion="Octágono" correcta="0"/>
      </respuestas>
    </cuestion>
    <cuestion>
      <enunciado><![CDATA[¿Cuál de las siguientes figuras no es un polígono?]]></enunciado>
      <explicacion><![CDATA[El prisma es un cuerpo geométrico cuyas caras son polígonos.]]></explicacion>
      <imagen><![CDATA[MA_06_11_CO_REC260_IMG05n.png]]></imagen>
      <ampliacion><![CDATA[MA_06_11_CO_REC260_IMG05a.png]]></ampliacion>
      <respuestas>
        <respuesta contestacion="Triángulo isósceles" correcta="0"/>
        <respuesta contestacion="Cuadrado" correcta="0"/>
        <respuesta contestacion="Pentágono regular" correcta="0"/>
        <respuesta contestacion="Prisma" correcta="1"/>
      </respuestas>
    </cuestion>
    <cuestion>
      <enunciado><![CDATA[¿Qué líneas notables se han trazado en el triángulo de la imagen?]]></enunciado>
      <explicacion><![CDATA[Las alturas de un triángulo son rectas perpendiculares a los lados del triángulo que pasan por el vértice opuesto al lado; su punto de intersección se llama ortocentro.]]></explicacion>
      <imagen><![CDATA[MA_06_11_CO_REC260_IMG06n.png]]></imagen>
      <ampliacion><![CDATA[MA_06_11_CO_REC260_IMG06a.png]]></ampliacion>
      <respuestas>
        <respuesta contestacion="Mediatrices" correcta="0"/>
        <respuesta contestacion="Bisectrices" correcta="0"/>
        <respuesta contestacion="Medianas" correcta="0"/>
        <respuesta contestacion="Alturas" correcta="1"/>
      </respuestas>
    </cuestion>
    <cuestion>
      <enunciado><![CDATA[¿Cuál es el nombre del punto donde se intersecan las líneas notables presentadas en la imagen?]]></enunciado>
      <explicacion><![CDATA[El baricentro es el punto de corte de las tres medianas de un triángulo.]]></explicacion>
      <imagen><![CDATA[MA_06_11_CO_REC260_IMG07n.png]]></imagen>
      <ampliacion><![CDATA[MA_06_11_CO_REC260_IMG07a.png]]></ampliacion>
      <respuestas>
        <respuesta contestacion="Baricentro" correcta="1"/>
        <respuesta contestacion="Incentro" correcta="0"/>
        <respuesta contestacion="Circuncentro" correcta="0"/>
        <respuesta contestacion="Ortocentro" correcta="0"/>
      </respuestas>
    </cuestion>
    <cuestion>
      <enunciado><![CDATA[¿A qué tipo de cuadrilátero corresponde la imagen?]]></enunciado>
      <explicacion><![CDATA[En el trapecio isósceles, los lados que no están en paralelo son congruentes. ]]></explicacion>
      <imagen><![CDATA[MA_06_11_CO_REC260_IMG08n.png]]></imagen>
      <ampliacion><![CDATA[MA_06_11_CO_REC260_IMG08a.png]]></ampliacion>
      <respuestas>
        <respuesta contestacion="Trapecio  isósceles." correcta="1"/>
        <respuesta contestacion="Trapecio escaleno." correcta="0"/>
        <respuesta contestacion="Trapecio rectángulo." correcta="0"/>
        <respuesta contestacion="Trapecio paralelogramo." correcta="0"/>
      </respuestas>
    </cuestion>
    <cuestion>
      <enunciado><![CDATA[¿Qué línea de la circunferencia se trazó en la imagen?]]></enunciado>
      <explicacion><![CDATA[La cuerda es un segmento que une dos puntos de la circunferencia. El diámetro es la cuerda de longitud máxima.]]></explicacion>
      <imagen><![CDATA[MA_06_11_CO_REC260_IMG09n.png]]></imagen>
      <ampliacion><![CDATA[MA_06_11_CO_REC260_IMG09a.png]]></ampliacion>
      <respuestas>
        <respuesta contestacion="Cuerda" correcta="1"/>
        <respuesta contestacion="Radio" correcta="0"/>
        <respuesta contestacion="Diámetro" correcta="0"/>
        <respuesta contestacion="Arco" correcta="0"/>
      </respuestas>
    </cuestion>
    <cuestion>
      <enunciado><![CDATA[De acuerdo con las diferentes rectas notables, ¿cuál no está representada en la imagen?]]></enunciado>
      <explicacion><![CDATA[Una recta tangente debe tocar la circunferencia en un solo punto.]]></explicacion>
      <imagen><![CDATA[MA_06_11_CO_REC260_IMG10n.png]]></imagen>
      <ampliacion><![CDATA[MA_06_11_CO_REC260_IMG10a.png]]></ampliacion>
      <respuestas>
        <respuesta contestacion="Recta tangente" correcta="1"/>
        <respuesta contestacion="Recta secante" correcta="0"/>
        <respuesta contestacion="Diámetro" correcta="0"/>
        <respuesta contestacion="Radio" correcta="0"/>
      </respuestas>
    </cuestion>
  </test>
</motor>