<?xml version="1.0" encoding="iso-8859-1"?>
<metadata xmlns="urn:InfoRecurso">
  <identificador>RES-6709385639804CB08843C77B69D9204B</identificador>
  <loid>MA_09_02_CO_Recurso020</loid>
  <titulo>Potencias de bases iguales</titulo>
  <descripcion>Actividad para reconocer el significado de los exponentes racionales positivos y negativos</descripcion>
  <relacionado>0</relacionado>
  <tiporecurso>Recurso sin ficha</tiporecurso>
  <tiempoestimado>10</tiempoestimado>
  <acciondidactica>Ejercitaci�n</acciondidactica>
  <competencia>Competencia matem�tica</competencia>
  <competencias>
    <descriptor>2_1_2</descriptor>
  </competencias>
  <tipomedia pesado="false" matricula="">Actividad</tipomedia>
  <conceptos>
    <concepto>Base</concepto>
    <concepto>exponente</concepto>
    <concepto>potencia</concepto>
  </conceptos>
</metadata>