﻿<?xml version="1.0" encoding="utf-8"?>
<engine copy="Editorial Planeta" version="1" aprid="f10b">
  <main mode="f10b" title="Cocientes notables">
    <tf><![CDATA[<p><span style="font-size:19px"><span style="font-family:verdana,geneva,sans-serif">Al realizar una <strong>divisi&oacute;n exacta entre polinomios</strong>, se obtienen los <strong>cocientes notables</strong>.</span></span></p>

<p><span style="font-size:19px"><span style="font-family:verdana,geneva,sans-serif">Recuerda que:</span></span></p>

<ul>
	<li><span style="font-size:19px"><span style="font-family:verdana,geneva,sans-serif">El cociente es el resultado de una divisi&oacute;n.</span></span></li>
	<li><span style="font-size:19px"><span style="font-family:verdana,geneva,sans-serif">En una <strong>divisi&oacute;n exacta</strong>, el <strong>residuo</strong> es igual a <strong>cero</strong>, es decir no sobra nada.</span></span></li>
</ul>

<p><span style="font-size:19px"><span style="font-family:verdana,geneva,sans-serif">Para determinar <strong>cocientes notables</strong>, puedes seguir diferentes procedimientos, para conocerlos, da clic en cada bot&oacute;n.</span></span></p>]]></tf>
  </main>
  <presentation title="Método geométrico" title2="Método geométrico" buttons="false" bkclass="slideLexico">
    <definition>
      <title>
      </title>
      <def><![CDATA[<p><span style="font-family:verdana,geneva,sans-serif"><span style="font-size:19px">Existe el <strong>m&eacute;todo geom&eacute;trico</strong>, que consiste en hallar la expresi&oacute;n que simboliza un lado desconocido de un rect&aacute;ngulo, cuando se conocen las expresiones que representan el &aacute;rea y el segundo lado.</span></span></p>

<p><span style="font-family:verdana,geneva,sans-serif"><span style="font-size:19px">Por ejemplo, trabajemos con un&nbsp;rect&aacute;ngulo cuya&nbsp;&aacute;rea sombreada se representa con la expresi&oacute;n&nbsp;<span class="math-tex">\(a^2-b^2\)</span>&nbsp;y&nbsp;el lado conocido tiene la expresi&oacute;n&nbsp;</span></span><span class="math-tex">\(a+b\)</span></p>

<p><span style="font-size:19px"><span style="font-family:verdana,geneva,sans-serif">La representaci&oacute;n gr&aacute;fica de dicho rect&aacute;ngulo es:</span></span></p>

<p>&nbsp;</p>

<p><span style="font-size:19px"><span style="font-family:verdana,geneva,sans-serif">Observando la representaci&oacute;n gr&aacute;fica, podemos determinar que la expresi&oacute;n que representa&nbsp;el lado desconocido es:</span></span>&nbsp;<span class="math-tex">\(a-b\)</span></p>

<p>&nbsp;</p>

<p style="text-align:center">&nbsp;</p>]]></def>
    </definition>
    <definition>
      <title>
      </title>
      <def><![CDATA[<p><span style="font-size:19px"><span style="font-family:verdana,geneva,sans-serif">Expresado en lenguaje matem&aacute;tico tenemos:&nbsp;</span></span></p>

<p style="text-align: center;"><span class="math-tex">\(\frac{a^2-b^2}{a+b}=a-b\)</span></p>

<p><span style="font-size:19px"><span style="font-family:verdana,geneva,sans-serif">&iquest;Qu&eacute; pasar&iacute;a si el lado conocido fuera <em>a </em>&ndash; <em>b</em>? &iquest;C&oacute;mo ser&iacute;a el cociente notable?</span></span></p>

<p><span style="font-size:19px"><span style="font-family:verdana,geneva,sans-serif">Repres&eacute;ntalo gr&aacute;fica y matem&aacute;ticamente. Luego, social&iacute;zalo con tus compa&ntilde;eros.</span></span></p>]]></def>
    </definition>
  </presentation>
  <presentation title="Método por factorización" title2="Por factorización" buttons="false" bkclass="slideLexico">
    <definition>
      <title>
      </title>
      <def><![CDATA[<p><span style="font-size:19px"><span style="font-family:verdana,geneva,sans-serif">Los cocientes notables tambi&eacute;n se pueden hallar si se <strong>factoriza</strong> el numerador y se simplifica.</span></span></p>

<p><span style="font-size:19px"><span style="font-family:verdana,geneva,sans-serif">Por ejemplo, para hallar el cociente</span></span> <span style="font-size:19px"><span style="font-family:verdana,geneva,sans-serif"><span class="math-tex">\(\frac{a^2-b^2}{a+b}\)</span></span></span>&nbsp;<span style="font-size:19px"><span style="font-family:verdana,geneva,sans-serif">tenemos que</span></span></p>

<p style="text-align: center;"><span style="font-size:19px"><span style="font-family:verdana,geneva,sans-serif"><span class="math-tex">\(\frac{a^2-b^2}{a+b}=\frac{\left ( a+b \right )\left ( a-b \right )}{a+b}=a-b\)</span></span></span></p>

<p style="text-align: justify;"><font face="verdana, geneva, sans-serif"><span style="font-size:19px"><span style="font-family:verdana,geneva,sans-serif">O, para hallar el cociente</span>&nbsp;<span style="font-family:verdana,geneva,sans-serif"><span class="math-tex">\(\frac{a^2-b^2}{a-b}\)</span>:</span></span></font></p>

<p style="text-align: center;"><span class="math-tex">\(\frac{a^2-b^2}{a-b}=\frac{\left ( a+b \right )\left ( a-b \right )}{a-b}=a+b\)</span></p>

<p>&nbsp;</p>]]></def>
    </definition>
  </presentation>
  <presentation title="Método por división entre polinomios" title2="Por división" buttons="false" bkclass="slideLexico">
    <definition>
      <title>
      </title>
      <def><![CDATA[<p><span style="font-size:19px"><span style="font-family:verdana,geneva,sans-serif">Otra forma de encontrar cocientes notables, es efectuando la <strong>divisi&oacute;n</strong> <strong>entre los polinomios</strong>.</span></span></p>

<p style="text-align: justify;"><span style="font-size:19px"><span style="font-family:verdana,geneva,sans-serif">Observa la divisi&oacute;n para hallar el cociente&nbsp;</span></span><span class="math-tex">\(\frac{a^2-b^2}{a+b}\)</span></p>

<p style="text-align: justify;">&nbsp;</p>

<p style="text-align: justify;">Por lo tanto&nbsp;<span class="math-tex">\(\frac{a^2-b^2}{a+b} = a-b\)</span></p>

<p><span style="font-size:19px"><span style="font-family:verdana,geneva,sans-serif">Completa en tu cuaderno la siguiente divisi&oacute;n. Luego, compara los resultados con tus compa&ntilde;eros.</span></span></p>]]></def>
    </definition>
  </presentation>
  <activity title2="Actividad" visible="true" path="fq05.gif">
  </activity>
</engine>