﻿<?xml version="1.0" encoding="utf-8"?>
<engine copy="Editorial Planeta" version="1" aprid="f6b">
  <main layout="1">
    <title>Las reglas de sistema de numeración decimal </title>
  </main>
  <sections>
    <section i="0" star="false">
      <menuImage>
        <title><![CDATA[<span style="font-size:20px;"><span style="font-family:verdana,geneva,sans-serif;">Reglas del sistema</span></span>]]></title>
      </menuImage>
      <pages>
        <page i="0">
          <title>Reglas del sistema</title>
          <description><![CDATA[<p><span style="font-size:20px;"><span style="font-family:verdana,geneva,sans-serif;">El sistema de numeraci&oacute;n decimal es el m&aacute;s conocido y&nbsp;usado en el mundo;&nbsp;su base es 10, pues emplea diez s&iacute;mbolos diferentes para construir cualquier n&uacute;mero: 0 (cero), 1 (uno), 2 (dos), 3 (tres), 4 (cuatro), 5 (cinco), 6 (seis), 7 (siete), 8 (ocho) y 9 (nueve).</span></span></p>

<p><span style="font-size:20px;"><span style="font-family:verdana,geneva,sans-serif;">Es un sistema posicional, lo que significa que los d&iacute;gitos adquieren su valor de acuerdo a la posici&oacute;n relativa que ocupan.</span></span></p>

<p style="text-align: justify;"><span style="font-size:20px;"><span style="font-family:verdana,geneva,sans-serif;">Por ejemplo:</span></span></p>

<ul>
	<li style="text-align: justify;"><span style="font-size:20px;"><span style="font-family:verdana,geneva,sans-serif;">En el n&uacute;mero 1<span style="color:#FF0000;">3</span>6&nbsp;5<span style="color:#008000;">4</span>2 &nbsp; &nbsp; &nbsp; &nbsp; &nbsp; &nbsp;&nbsp;<span style="color:#FF0000;">3</span>&nbsp;vale 30 000</span></span></li>
</ul>

<p style="text-align: justify;"><span style="font-family:verdana,geneva,sans-serif;"><span style="font-size:20px;">&nbsp; &nbsp; &nbsp; &nbsp; &nbsp; &nbsp; &nbsp; &nbsp; &nbsp; &nbsp; &nbsp; &nbsp; &nbsp; &nbsp; &nbsp; &nbsp;&nbsp;&nbsp; &nbsp; &nbsp; &nbsp; &nbsp; &nbsp; &nbsp; &nbsp; &nbsp; &nbsp;<span style="color:#008000;">4</span> vale 40</span></span></p>

<ul>
	<li style="text-align: justify;"><span style="font-size: 20px;"><span style="font-family: verdana, geneva, sans-serif;">En el n&uacute;mero 25<span style="color: rgb(0, 128, 0);">4&nbsp;</span></span></span><span style="color: rgb(255, 0, 0); font-family: verdana, geneva, sans-serif; font-size: 20px; text-align: justify;">3</span><span style="font-size: 20px;"><span style="font-family: verdana, geneva, sans-serif;">20 &nbsp;&nbsp;&nbsp; &nbsp; &nbsp; &nbsp; &nbsp;&nbsp;<span style="color: rgb(255, 0, 0);">3</span>&nbsp;vale 300<span style="font-family: verdana, geneva, sans-serif;"><span style="font-size: 20px;">&nbsp; &nbsp; &nbsp;</span></span></span></span></li>
</ul>

<p style="text-align: justify;"><span style="font-size: 20px;"><span style="font-family: verdana, geneva, sans-serif;"><span style="font-family: verdana, geneva, sans-serif;"><span style="font-size: 20px;">&nbsp; &nbsp; &nbsp; &nbsp;&nbsp; &nbsp; &nbsp; &nbsp; &nbsp; &nbsp; &nbsp; &nbsp; &nbsp; &nbsp; &nbsp; &nbsp; &nbsp; &nbsp; &nbsp; &nbsp; &nbsp; &nbsp; &nbsp; &nbsp; &nbsp; &nbsp;&nbsp;<span style="color: rgb(0, 128, 0);">4</span>&nbsp;vale 4000</span></span></span></span></p>

<ul>
	<li style="text-align: justify;"><span style="font-size: 20px;"><span style="font-family: verdana, geneva, sans-serif;">En el n&uacute;mero </span></span><span style="color: rgb(255, 0, 0); font-family: verdana, geneva, sans-serif; font-size: 20px; text-align: justify;">3</span><span style="color: rgb(0, 128, 0); font-family: verdana, geneva, sans-serif; font-size: 20px; text-align: justify;">4</span><span style="font-size: 20px;"><span style="font-family: verdana, geneva, sans-serif;">7<span style="color: rgb(0, 128, 0);">&nbsp;</span>876 &nbsp; &nbsp; &nbsp; &nbsp; &nbsp; &nbsp;&nbsp;<span style="color: rgb(255, 0, 0);">3</span>&nbsp;vale 300 000 &nbsp; &nbsp; &nbsp; &nbsp; &nbsp; &nbsp; &nbsp; &nbsp; &nbsp; &nbsp; &nbsp; &nbsp; &nbsp; &nbsp; &nbsp; &nbsp; &nbsp; &nbsp; &nbsp; &nbsp; &nbsp; &nbsp; &nbsp;<span style="font-size: 20px;"><span style="font-family: verdana, geneva, sans-serif;">&nbsp; &nbsp; &nbsp; &nbsp; &nbsp; &nbsp; &nbsp; &nbsp; &nbsp; &nbsp; &nbsp; &nbsp; &nbsp; &nbsp; &nbsp; &nbsp; &nbsp; &nbsp; &nbsp; &nbsp; &nbsp; &nbsp; &nbsp;&nbsp; &nbsp; &nbsp; &nbsp; &nbsp; &nbsp; &nbsp; &nbsp; &nbsp; &nbsp; &nbsp; &nbsp;</span></span></span></span><span style="font-family: verdana, geneva, sans-serif; font-size: 20px; text-align: justify; color: rgb(0, 128, 0);">4</span><span style="font-family: verdana, geneva, sans-serif; font-size: 20px; text-align: justify;">&nbsp;val</span><span style="font-family: verdana, geneva, sans-serif; font-size: 20px; text-align: justify;">e 40</span><span style="font-family: verdana, geneva, sans-serif; font-size: 20px; text-align: justify;">&nbsp;000</span></li>
</ul>

<p style="text-align: justify;"></p>

<p style="text-align: justify;"></p>
]]></description>
          <images>
            <image path="MA_06_02_CO_REC70_IMG01n.jpg" border="false" pathbig="MA_06_02_CO_REC70_IMG01a.jpg" zoomEnabled="true">
              <title><![CDATA[]]></title>
            </image>
          </images>
          <questions>
          </questions>
        </page>
        <page i="0">
          <title>Reglas del sistema</title>
          <description><![CDATA[<p><span style="font-size:20px;"><span style="font-family:verdana,geneva,sans-serif;">Las posiciones en el sistema de numeraci&oacute;n se relacionan con los n&uacute;meros 1, 10, 100, 1 000 y en general por el 1 seguido de ceros. A continuaci&oacute;n se muestra esta relaci&oacute;n:</span></span></p>

<p><span style="font-size:20px;"><span style="font-family: verdana, geneva, sans-serif; text-align: justify;">1 &nbsp; &nbsp; &nbsp; &nbsp; &nbsp; &nbsp; &nbsp; se relaciona con las unidades</span></span></p>

<p><span style="font-size:20px;"><span style="font-family: verdana, geneva, sans-serif; text-align: justify;">10 &nbsp; &nbsp; &nbsp; &nbsp; &nbsp; &nbsp; se relaciona con las decenas</span></span></p>

<p><span style="font-size:20px;"><span style="font-family: verdana, geneva, sans-serif; text-align: justify;">100 &nbsp; &nbsp; &nbsp; &nbsp; &nbsp; se relaciona con las centenas</span></span></p>

<p><span style="font-size:20px;"><span style="font-family: verdana, geneva, sans-serif; text-align: justify;">1000 &nbsp; &nbsp; &nbsp; &nbsp;se relaciona con las unidades de mil</span></span></p>

<p style="text-align: justify;"><font face="verdana, geneva, sans-serif"><span style="font-size: 20px;">y as&iacute; sucesivamente.</span></font></p>

<p><span style="font-size: 20px;"><span style="font-family: verdana, geneva, sans-serif;">En la siguiente tabla se muestra el valor y el nombre de posici&oacute;n:</span></span></p>

<table align="center" border="1" cellpadding="1" cellspacing="1" style="width: 500px;">
	<caption><strong><span style="font-family:verdana,geneva,sans-serif;">Tabla de sistema de numeraci&oacute;n</span></strong></caption>
	<tbody>
		<tr>
			<td style="text-align: center;"><span style="font-family:verdana,geneva,sans-serif;"><strong>Nombre de posici&oacute;n</strong>&nbsp;</span></td>
			<td style="text-align: center;"><strong><span style="font-family:verdana,geneva,sans-serif;">Decenas de mil</span></strong></td>
			<td style="text-align: center;"><strong><span style="font-family:verdana,geneva,sans-serif;">Unidades de mil</span></strong></td>
			<td style="text-align: center;"><strong><span style="font-family:verdana,geneva,sans-serif;">Centenas</span></strong></td>
			<td style="text-align: center;"><strong><span style="font-family:verdana,geneva,sans-serif;">Decenas</span></strong></td>
			<td style="text-align: center;"><strong><span style="font-family:verdana,geneva,sans-serif;">Unidades</span></strong></td>
		</tr>
		<tr>
			<td style="text-align: center;"><strong><font face="verdana, geneva, sans-serif">Valor</font></strong></td>
			<td style="text-align: center;"><span style="font-family:verdana,geneva,sans-serif;">10 000</span></td>
			<td style="text-align: center;"><span style="font-family:verdana,geneva,sans-serif;">1000</span></td>
			<td style="text-align: center;"><span style="font-family:verdana,geneva,sans-serif;">100</span></td>
			<td style="text-align: center;"><span style="font-family:verdana,geneva,sans-serif;">10</span></td>
			<td style="text-align: center;"><span style="font-family:verdana,geneva,sans-serif;">1</span></td>
		</tr>
	</tbody>
</table>
]]></description>
          <images>
            <image path="MA_06_02_CO_REC70_IMG02n.jpg" border="false" pathbig="MA_06_02_CO_REC70_IMG02a.jpg" zoomEnabled="true">
              <title><![CDATA[]]></title>
            </image>
          </images>
          <questions>
          </questions>
        </page>
      </pages>
    </section>
    <section i="1" star="false">
      <menuImage>
        <title><![CDATA[<span style="font-family:verdana,geneva,sans-serif;"><span style="font-size:20px;">Notaci&oacute;n polinomial</span></span>]]></title>
      </menuImage>
      <pages>
        <page i="0">
          <title>Notación polinomial</title>
          <description><![CDATA[<table align="center" border="1" cellpadding="1" cellspacing="1" style="width:500px;">
	<caption>
	<p style="text-align: left;"><span style="font-family: verdana, geneva, sans-serif; font-size: 20px; text-align: justify;">El&nbsp;</span><strong style="font-family: verdana, geneva, sans-serif; font-size: 20px; text-align: justify;">valor posicional</strong><span style="font-family: verdana, geneva, sans-serif; font-size: 20px; text-align: justify;">&nbsp;es la caracter&iacute;stica que identifica el valor de cada d&iacute;gito;&nbsp;est&aacute; dado por:</span></p>

	<p><strong><span style="font-family:verdana,geneva,sans-serif;">Valor de los d&iacute;gitos</span></strong></p>
	</caption>
	<tbody>
		<tr>
			<td style="text-align: center;"><span style="font-family:verdana,geneva,sans-serif;">Centenas de mil</span></td>
			<td style="text-align: center;"><span style="font-family:verdana,geneva,sans-serif;">Decenas de mil</span></td>
			<td style="text-align: center;"><span style="font-family:verdana,geneva,sans-serif;">Unidades de mil</span></td>
			<td style="text-align: center;"><span style="font-family:verdana,geneva,sans-serif;">Centenas</span></td>
			<td style="text-align: center;"><span style="font-family:verdana,geneva,sans-serif;">Decenas</span></td>
			<td style="text-align: center;"><span style="font-family:verdana,geneva,sans-serif;">Unidades</span></td>
		</tr>
		<tr>
			<td style="text-align: center;"><strong><span style="font-family:verdana,geneva,sans-serif;">CM</span></strong></td>
			<td style="text-align: center;"><strong><span style="font-family:verdana,geneva,sans-serif;">DM</span></strong></td>
			<td style="text-align: center;"><strong><span style="font-family:verdana,geneva,sans-serif;">UM</span></strong></td>
			<td style="text-align: center;"><strong><span style="font-family:verdana,geneva,sans-serif;">C</span></strong></td>
			<td style="text-align: center;"><strong><span style="font-family:verdana,geneva,sans-serif;">D</span></strong></td>
			<td style="text-align: center;"><strong><span style="font-family:verdana,geneva,sans-serif;">U</span></strong></td>
		</tr>
	</tbody>
</table>

<p style="text-align: justify;"></p>

<p><span style="font-family:verdana,geneva,sans-serif;"><span style="font-size:20px;">Para escribir un n&uacute;mero en esta notaci&oacute;n, se relaciona cada d&iacute;gito con el valor posicional que ocupa en dicho n&uacute;mero. Por&nbsp;ejemplo &nbsp;</span></span></p>

<p style="text-align: center;"><span style="font-family:verdana,geneva,sans-serif;"><span style="font-size:20px;"><strong><span style="color:#0000FF;">3</span><span style="color:#FF8C00;">6</span>&nbsp;<span style="color:#008000;">5</span><span style="color:#800080;">4</span><span style="color:#FF0000;">3</span></strong><span style="color:#FF0000;">&nbsp;</span></span></span></p>

<p style="text-align: center;"><strong style="font-family: verdana, geneva, sans-serif; font-size: 20px; text-align: center;"><span style="color: rgb(0, 0, 255);">3</span></strong><span style="font-family:verdana,geneva,sans-serif;"><span style="font-size:20px;"> Decenas de Mil + </span></span><strong style="font-family: verdana, geneva, sans-serif; font-size: 20px; text-align: center;"><span style="color: rgb(255, 140, 0);">6</span></strong><span style="font-family:verdana,geneva,sans-serif;"><span style="font-size:20px;">&nbsp;Unidades de Mil + </span></span><strong style="font-family: verdana, geneva, sans-serif; font-size: 20px; text-align: center;"><span style="color: rgb(0, 128, 0);">5</span></strong><span style="font-family:verdana,geneva,sans-serif;"><span style="font-size:20px;">&nbsp;Centenas + </span></span><strong style="font-family: verdana, geneva, sans-serif; font-size: 20px; text-align: center;"><span style="color: rgb(128, 0, 128);">4</span></strong><span style="font-family:verdana,geneva,sans-serif;"><span style="font-size:20px;"> Decenas + </span></span><strong style="font-family: verdana, geneva, sans-serif; font-size: 20px; text-align: center;"><span style="color: rgb(255, 0, 0);">3</span></strong><span style="font-family:verdana,geneva,sans-serif;"><span style="font-size:20px;">&nbsp;Unidades</span></span></p>

<p style="text-align: justify;"><span style="font-family:verdana,geneva,sans-serif;"><span style="font-size:20px;">En forma&nbsp;abreviada</span></span></p>

<p style="text-align: center;"><strong style="text-align: center; font-family: verdana, geneva, sans-serif; font-size: 20px;"><span style="color: rgb(0, 0, 255);">3</span></strong><span style="font-family:verdana,geneva,sans-serif;"><span style="font-size:20px;"> DM + </span></span><strong style="text-align: center; font-family: verdana, geneva, sans-serif; font-size: 20px;"><span style="color: rgb(255, 140, 0);">6</span></strong><span style="font-family:verdana,geneva,sans-serif;"><span style="font-size:20px;"> UM + </span></span><strong style="text-align: center; font-family: verdana, geneva, sans-serif; font-size: 20px;"><span style="color: rgb(0, 128, 0);">5</span></strong><span style="font-family:verdana,geneva,sans-serif;"><span style="font-size:20px;"> C + </span></span><strong style="text-align: center; font-family: verdana, geneva, sans-serif; font-size: 20px;"><span style="color: rgb(128, 0, 128);">4</span></strong><span style="font-family:verdana,geneva,sans-serif;"><span style="font-size:20px;"> D + </span></span><strong style="font-family: verdana, geneva, sans-serif; font-size: 20px; text-align: center;"><span style="color: rgb(255, 0, 0);">3</span></strong><span style="font-family:verdana,geneva,sans-serif;"><span style="font-size:20px;">&nbsp;U</span></span></p>
]]></description>
          <images>
            <image path="MA_06_02_CO_REC70_IMG03n.jpg" border="false" pathbig="MA_06_02_CO_REC70_IMG03a.jpg" zoomEnabled="true">
              <title><![CDATA[]]></title>
            </image>
          </images>
          <questions>
          </questions>
        </page>
        <page i="0">
          <title>Notación Polinomial</title>
          <description><![CDATA[<p><span style="font-size: 20px;"><span style="font-family: verdana, geneva, sans-serif;">Para escribir el n&uacute;mero 45&nbsp;173 en n</span></span><span style="font-family: verdana, geneva, sans-serif; font-size: 20px; text-align: justify;">otaci&oacute;n polinomial</span><span style="font-size: 20px;"><span style="font-family: verdana, geneva, sans-serif;">&nbsp;se debe tener en cuenta el valor , en unidades, de cada uno de sus d&iacute;gitos como se muestra a continuaci&oacute;n:</span></span></p>

<p style="text-align: center;"><span style="font-size: 20px;"><span style="font-family: verdana, geneva, sans-serif;">40&nbsp;000 + 5000 + 100 + 70 + 3</span></span></p>

<p><font face="verdana, geneva, sans-serif"><span style="font-size: 20px;">Tambi&eacute;n es posible escribir esta notaci&oacute;n usando las posiciones&nbsp;</span></font></p>

<p style="text-align: center;"><span style="font-family: verdana, geneva, sans-serif; font-size: 20px;">4 DM&nbsp;+ 5 UM&nbsp;+ 1 C&nbsp;+ 7 D&nbsp;+ 3 U</span></p>
]]></description>
          <images>
            <image path="MA_06_02_CO_REC70_IMG04n.jpg" border="false" pathbig="MA_06_02_CO_REC70_IMG04a.jpg" zoomEnabled="true">
              <title><![CDATA[]]></title>
            </image>
          </images>
          <questions>
          </questions>
        </page>
      </pages>
    </section>
    <section i="2" star="false">
      <menuImage>
        <title><![CDATA[Lectura de los n&uacute;meros naturales]]></title>
      </menuImage>
      <pages>
        <page i="0">
          <title>Lectura de números naturales</title>
          <description><![CDATA[<p><span style="font-size:20px;"><span style="font-family:verdana,geneva,sans-serif;">Lo primero que se debe conocer es c&oacute;mo se nombran los d&iacute;gitos seg&uacute;n su valor posicional; luego,&nbsp;se lee de izquierda a derecha, desde el mayor valor posicional.&nbsp;Por ejemplo:</span></span></p>

<p><span style="font-size:20px;"><span style="font-family:verdana,geneva,sans-serif;">&nbsp; &nbsp; &nbsp; &nbsp; <span style="color:#0000CD;">3</span><span style="color:#FF0000;">5</span> &nbsp; &nbsp; &nbsp;se lee&nbsp;<em><span style="color:#0000CD;">Treinta</span> y <span style="color:#FF0000;">cinco</span></em></span></span></p>

<p><span style="font-size:20px;"><span style="font-family:verdana,geneva,sans-serif;"><span style="color:#008000;">&nbsp;1</span>&nbsp;<span style="color:#0000FF;">5</span><span style="color:#8B4513;">3</span><span style="color:#800080;">5</span>&nbsp;<span style="color:#008080;">2</span><span style="color:#DAA520;">6</span>7 &nbsp;se lee&nbsp;<em><span style="color:#008000;">Un mill&oacute;n</span> <span style="color:#0000FF;">quinientos</span> <span style="color:#8B4513;">treinta</span> y <span style="color:#800080;">cinco</span> &nbsp; &nbsp;&nbsp;&nbsp; &nbsp; &nbsp; &nbsp; &nbsp; &nbsp; &nbsp; &nbsp; &nbsp; &nbsp;<span style="color:#800080;">&nbsp;mil</span> <span style="color:#008080;">dos cientos</span> <span style="color:#DAA520;">sesenta</span> y siete</em></span></span></p>

<p><span style="font-size:20px;"><span style="font-family:verdana,geneva,sans-serif;">&nbsp; &nbsp;<span style="color:#FF0000;">5</span><span style="color:#FF8C00;">4</span> 0<span style="color:#008000;">4</span><span style="color:#0000FF;">6</span>&nbsp; &nbsp; se lee </span></span><em><span style="font-family:verdana,geneva,sans-serif;"><span style="font-size:20px;"><span style="color:#FF0000;">Cincuenta</span> y <span style="color:#FF8C00;">cuatro mil</span> <span style="color:#008000;">cuarenta</span> y</span><span style="color:#0000FF;"><span style="font-size:20px;"> seis &nbsp; &nbsp; &nbsp; &nbsp; &nbsp; &nbsp; &nbsp; &nbsp;</span>&nbsp;</span></span></em></p>
]]></description>
          <images>
            <image path="MA_06_02_CO_REC70_IMG05n.jpg" border="false" pathbig="MA_06_02_CO_REC70_IMG05a.jpg" zoomEnabled="true">
              <title><![CDATA[]]></title>
            </image>
          </images>
          <questions>
            <question visible="true">
              <text><![CDATA[<p><span style="font-size:20px;"><span style="font-family:verdana,geneva,sans-serif;">En el n&uacute;mero 23&nbsp;456 el&nbsp;d&iacute;gito 3 representa:</span></span></p>
]]></text>
              <answers>
                <answer correct="false"><![CDATA[300]]></answer>
                <answer correct="true"><![CDATA[3 000]]></answer>
                <answer correct="false"><![CDATA[3]]></answer>
                <answer correct="false"><![CDATA[30]]></answer>
              </answers>
            </question>
            <question visible="true">
              <text><![CDATA[<p><span style="font-size:20px;"><span style="font-family:verdana,geneva,sans-serif;">La base del sistema decimal de numeraci&oacute;n es:</span></span></p>
]]></text>
              <answers>
                <answer correct="false"><![CDATA[2]]></answer>
                <answer correct="true"><![CDATA[10]]></answer>
                <answer correct="false"><![CDATA[12]]></answer>
                <answer correct="false"><![CDATA[60]]></answer>
              </answers>
            </question>
            <question visible="true">
              <text><![CDATA[<p><span style="font-size:20px;"><span style="font-family:verdana,geneva,sans-serif;">El n&uacute;mero 3 DM + 4 C + 2 D + 5 U es igual a:</span></span></p>
]]></text>
              <answers>
                <answer correct="false"><![CDATA[3 425]]></answer>
                <answer correct="true"><![CDATA[30 425]]></answer>
                <answer correct="false"><![CDATA[3452]]></answer>
                <answer correct="false"><![CDATA[34 025]]></answer>
              </answers>
            </question>
            <question visible="true">
              <text><![CDATA[<p><span style="font-size:20px;"><span style="font-family:verdana,geneva,sans-serif;">El valor de los d&iacute;gitos depende de:&nbsp;</span></span></p>
]]></text>
              <answers>
                <answer correct="true"><![CDATA[Posición relativa que estos ocupan]]></answer>
                <answer correct="false"><![CDATA[De los ceros que lo acompañen]]></answer>
                <answer correct="false"><![CDATA[De la base en que estén escritos]]></answer>
                <answer correct="false"><![CDATA[Del signo que los antecede]]></answer>
              </answers>
            </question>
            <question visible="true">
              <text><![CDATA[<span style="font-size:20px;"><span style="font-family:verdana,geneva,sans-serif;">El n&uacute;mero dos millones cuarenta y cinco mil seiscientos veintitr&eacute;s &nbsp;es:</span></span>]]></text>
              <answers>
                <answer correct="true"><![CDATA[2 045 623]]></answer>
                <answer correct="false"><![CDATA[2 450 623]]></answer>
                <answer correct="false"><![CDATA[2 405 623]]></answer>
                <answer correct="false"><![CDATA[2  054 623]]></answer>
              </answers>
            </question>
            <question visible="true">
              <text><![CDATA[<p><span style="font-size:20px;"><span style="font-family:verdana,geneva,sans-serif;">Seg&uacute;n el valor de posici&oacute;n se puede afirmar </span></span></p>

<p><span style="font-size:20px;"><span style="font-family:verdana,geneva,sans-serif;">que el n&uacute;mero 200 + 3000 + 5 + 40 &nbsp;tiene:</span></span></p>
]]></text>
              <answers>
                <answer correct="false"><![CDATA[2 D + 3 UM + 5 U + 4 C]]></answer>
                <answer correct="true"><![CDATA[2 C + 3 UM + 5 U + 4 D]]></answer>
                <answer correct="false"><![CDATA[2 C + 3 UM + 5 D + 4 U]]></answer>
                <answer correct="false"><![CDATA[2D + 3UM + 4U + UC]]></answer>
              </answers>
            </question>
            <question visible="true">
              <text><![CDATA[<span style="font-size:20px;"><span style="font-family:verdana,geneva,sans-serif;">En el n&uacute;mero 23 456 el d&iacute;gito 4 representa:</span></span>]]></text>
              <answers>
                <answer correct="false"><![CDATA[40]]></answer>
                <answer correct="false"><![CDATA[4]]></answer>
                <answer correct="true"><![CDATA[400]]></answer>
                <answer correct="false"><![CDATA[4000]]></answer>
              </answers>
            </question>
            <question visible="true">
              <text><![CDATA[<span style="font-size:20px;"><span style="font-family:verdana,geneva,sans-serif;">El n&uacute;mero 5 CM + 3 DM + 4 UM + 2 U + 5 D es igual a:</span></span>]]></text>
              <answers>
                <answer correct="false"><![CDATA[53 425]]></answer>
                <answer correct="true"><![CDATA[534 052]]></answer>
                <answer correct="false"><![CDATA[534 025]]></answer>
                <answer correct="false"><![CDATA[53 452]]></answer>
              </answers>
            </question>
          </questions>
        </page>
      </pages>
    </section>
  </sections>
</engine>