﻿<?xml version="1.0" encoding="utf-8"?>
<motor tipo="5" clase="a" aprid="m5a">
  <plataforma>
    <grado><![CDATA[2]]></grado>
    <titulo>Simplificación de polinomios usando las propiedades de la potenciación</titulo>
    <area>0</area>
    <nivel>2</nivel>
    <referencia />
    <idreg><![CDATA[0]]></idreg>
    <motor><![CDATA[M5A]]></motor>
    <lang>es</lang>
  </plataforma>
  <enunciado><![CDATA[Simplifica las operaciones indicadas aplicando operaciones de productos o potencias o las propiedades de potenciación que correspondan; luego, selecciona la expresión equivalente. ]]></enunciado>
  <masinfo inicio="1"><![CDATA[Al desarrollar el ejercicio, ten presentes las diferencias entre el uso de propiedades de potenciación como forma de hacer cálculos más rápidos.]]></masinfo>
  <sinaleatoriedad><![CDATA[1]]></sinaleatoriedad>
  <calc><![CDATA[0]]></calc>
  <respuestaunica><![CDATA[1]]></respuestaunica>
  <test cantidad="5">
    <cuestion>
      <enunciado><![CDATA[Al calcular únicamente las potencias del polinomio que se presenta en la imagen se obtiene:]]></enunciado>
      <explicacion><![CDATA[Ten en cuenta las propiedades de la potenciación y la jerarquía de las operaciones. ]]></explicacion>
      <imagen><![CDATA[MA_07_03_CO_REC70_IMG01n.png]]></imagen>
      <ampliacion><![CDATA[MA_07_03_CO_REC70_IMG01a.png]]></ampliacion>
      <respuestas>
        <respuesta contestacion="(12 · 18) ÷ (0 · 24)" correcta="0" />
        <respuesta contestacion="(12 · 18) ÷ (1 · 24)" correcta="0" />
        <respuesta contestacion="(36 ·  216) ÷ (0 · 1296)" correcta="0" />
        <respuesta contestacion="(36 ·  216) ÷ (1 · 1296)" correcta="1" />
      </respuestas>
    </cuestion>
    <cuestion>
      <enunciado><![CDATA[Al solucionar cada una de las potencias y las operaciones que se presentan en los paréntesis del polinomio se obtiene:]]></enunciado>
      <explicacion />
      <imagen><![CDATA[MA_07_03_CO_REC70_IMG02n.png]]></imagen>
      <ampliacion><![CDATA[MA_07_03_CO_REC70_IMG02a.png]]></ampliacion>
      <respuestas>
        <respuesta contestacion="7776 ÷ 1296" correcta="1" />
        <respuesta contestacion="216 ÷ 24" correcta="0" />
        <respuesta contestacion="7776 ÷ 0" correcta="0" />
        <respuesta contestacion="216 ÷ 0" correcta="0" />
      </respuestas>
    </cuestion>
    <cuestion>
      <enunciado><![CDATA[Al efectuar la división entre los resultados del numerador y el denominador se obtiene:]]></enunciado>
      <explicacion />
      <imagen><![CDATA[MA_07_03_CO_REC70_IMG03n.png]]></imagen>
      <ampliacion><![CDATA[MA_07_03_CO_REC70_IMG03a.png]]></ampliacion>
      <respuestas>
        <respuesta contestacion="No está determinado." correcta="0" />
        <respuesta contestacion="0" correcta="0" />
        <respuesta contestacion="6" correcta="1" />
        <respuesta contestacion="9" correcta="0" />
      </respuestas>
    </cuestion>
    <cuestion>
      <enunciado><![CDATA[Al aplicar la propiedad del producto de potencias de igual base al numerador y denominador se obtiene:]]></enunciado>
      <explicacion />
      <imagen><![CDATA[MA_07_03_CO_REC70_IMG04n.png]]></imagen>
      <ampliacion><![CDATA[MA_07_03_CO_REC70_IMG04a.png]]></ampliacion>
      <respuestas>
        <respuesta contestacion="6{{sup}}6{{normal}} ÷ 6°" correcta="0" />
        <respuesta contestacion="6{{sup}}5{{normal}} ÷ 6{{sup}}4{{normal}}" correcta="1" />
        <respuesta contestacion="6 ÷ 6{{sup}}4{{normal}}" correcta="0" />
        <respuesta contestacion="6 ÷ 6°" correcta="0" />
      </respuestas>
    </cuestion>
    <cuestion>
      <enunciado><![CDATA[Al aplicar la propiedad del cociente de potencias de igual base y después de usar la propiedad del producto de potencias se obtiene:]]></enunciado>
      <explicacion />
      <imagen><![CDATA[MA_07_03_CO_REC70_IMG05n.png]]></imagen>
      <ampliacion><![CDATA[MA_07_03_CO_REC70_IMG05a.png]]></ampliacion>
      <respuestas>
        <respuesta contestacion="6{{sup}}6{{normal}}" correcta="0" />
        <respuesta contestacion="6³" correcta="0" />
        <respuesta contestacion="6" correcta="1" />
        <respuesta contestacion="0" correcta="0" />
      </respuestas>
    </cuestion>
  </test>
  <temps>15</temps>
</motor>