﻿<?xml version="1.0" encoding="utf-8"?><motor tipo="1" clase="b" aprid="m1b">
  <plataforma>
    <grado><![CDATA[2]]></grado>
    <titulo>Relaciona un número con sus divisores</titulo>
    <area>0</area>
    <nivel>1</nivel>
    <referencia/>
    <idreg><![CDATA[0]]></idreg>
    <motor><![CDATA[M1B]]></motor>
    <lang>es</lang>
  </plataforma>
  <enunciado><![CDATA[Relaciona cada número con algunos de sus divisores.]]></enunciado>
  <masinfo inicio="0"/>
  <sinaleatoriedad><![CDATA[0]]></sinaleatoriedad>
  <calc><![CDATA[0]]></calc>
  <textoatexto cantidad="5">
    <cuestion>
      <pregunta><![CDATA[20 ]]></pregunta>
      <respuesta><![CDATA[Sus divisores son: 1, 2, 4, 5.]]></respuesta>
    </cuestion>
    <cuestion>
      <pregunta><![CDATA[175]]></pregunta>
      <respuesta><![CDATA[Sus divisores son: 1, 5, 7, 25, 35.]]></respuesta>
    </cuestion>
    <cuestion>
      <pregunta><![CDATA[99]]></pregunta>
      <respuesta><![CDATA[Sus divisores son: 1, 3, 9, 11, 33.]]></respuesta>
    </cuestion>
    <cuestion>
      <pregunta><![CDATA[96]]></pregunta>
      <respuesta><![CDATA[Sus divisores son: 2, 3, 4, 6, 8, 12, 16, 24, 32, 48.]]></respuesta>
    </cuestion>
    <cuestion>
      <pregunta><![CDATA[112]]></pregunta>
      <respuesta><![CDATA[Sus divisores son: 1, 2, 4, 7, 8, 14, 16, 28, 56.]]></respuesta>
    </cuestion>
  </textoatexto>
  <textofalso cantidad="0"/>
</motor>