﻿<?xml version="1.0" encoding="utf-8"?><engine copy="Editorial Planeta" version="1" aprid="f1"><css><![CDATA[.defaultCSSBox2 {
	background: #000000;
}
.defaultCSSBox3 {
	background: #ffffff;
}
.popupbox {
	-webkit-border-radius: 10px;
    -moz-border-radius: 10px;
    border-radius: 10px;
    border:2px solid #000000;
    background-color:#FFFFFF;
}]]></css><pantallas><pantalla id="pantalla_5"><event id="onPrepare" language="DO"><![CDATA[]]></event><event id="onShown" language="DO"><![CDATA[]]></event><components><component _type="_compSlider" id="diaporama_77" x="0" y="0" width="950" height="608" alpha="1" visible="1" enabled="1" transMode="1" /><component _type="_compSliderNav" id="slidernav_122" x="45" y="526" width="162" height="37" alpha="1" visible="1" enabled="1" sliderId="diaporama_77" showHome="1" whiteButtons="0" mode="1" /></components><animaciones><anim id="Entrada"><![CDATA[{}]]></anim></animaciones><slider id="diaporama_77"><pantalla id="pantalla_11"><event id="onPrepare" language="DO"><![CDATA[]]></event><event id="onShown" language="DO"><![CDATA[]]></event><components><component _type="_compRichText" id="texto_126" x="-5" y="55" width="957" height="90" alpha="1" visible="1" enabled="1" scrollable="1"><content><![CDATA[<p style="text-align:center"><span style="font-size:30px"><span style="font-family:georgia,serif"> El crecimiento y el decrecimiento de una función
 </span></span></p>
]]></content></component><component _type="_compImage" id="image_15" x="275" y="149" width="400" height="447" alpha="1" visible="1" enabled="1" cssClass="" adjustMode="4" alignMode="0" image="data/imagenes/img1.jpg" /></components><animaciones></animaciones></pantalla><pantalla id="pantalla_15"><event id="onPrepare" language="DO"><![CDATA[]]></event><event id="onShown" language="DO"><![CDATA[]]></event><components><component _type="_compAnimatedGIF" id="animgif_33" x="463" y="110" width="397" height="430" alpha="1" visible="1" enabled="1" cssClass="" adjustMode="4" alignMode="0" image="data/imagenes/clip0067p.gif" anim="data/imagenes/clip0067.gif" autoplay="1" /><component _type="_compRichText" id="texto_79" x="49" y="209" width="333" height="140" alpha="1" visible="1" enabled="1" scrollable="1"><content><![CDATA[<p><span style="font-size:20px"><span style="font-family:verdana,geneva,sans-serif">Observa la gr&aacute;fica. Si se toma de izquierda a derecha, &iquest;podr&iacute;as decir si es ascendente o descendente? </span></span></p>
]]></content></component></components><animaciones><anim id="Entrada"><![CDATA[{}]]></anim></animaciones></pantalla><pantalla id="pantalla_19"><event id="onPrepare" language="DO"><![CDATA[]]></event><event id="onShown" language="DO"><![CDATA[]]></event><components><component _type="_compRichText" id="texto_79" x="108" y="117" width="327" height="110" alpha="1" visible="1" enabled="1" scrollable="1"><content><![CDATA[<p><span style="font-size:20px"><span style="font-family:verdana,geneva,sans-serif">La gráfica de la función es ascendente, sube.
</span></span></p>
]]></content></component><component _type="_compAnimatedGIF" id="animgif_33" x="463" y="110" width="397" height="430" alpha="1" visible="1" enabled="1" cssClass="" adjustMode="4" alignMode="0" image="data/imagenes/clip0068p.gif" anim="data/imagenes/clip0068.gif" autoplay="1" /><component _type="_compRichText" id="a1" x="108" y="207" width="327" height="110" alpha="1" visible="1" enabled="1" scrollable="1"><content><![CDATA[<p><span style="font-size:20px"><span style="font-family:verdana,geneva,sans-serif">Al aumentar el valor de la <em>x</em>, aumenta el valor de la <em>y</em>. </span></span></p>
]]></content></component><component _type="_compRichText" id="a2" x="108" y="297" width="327" height="110" alpha="1" visible="1" enabled="1" scrollable="1"><content><![CDATA[<p><span style="font-size:20px"><span style="font-family:verdana,geneva,sans-serif">Se dice que la funci&oacute;n es<strong> creciente</strong>. </span></span></p>
]]></content></component></components><animaciones><anim id="Entrada"><![CDATA[{"a1":[],"a1.x":[{"time":0,"value":108,"easing":"Linear.EaseNone"}],"a1.y":[{"time":0,"value":207,"easing":"Linear.EaseNone"}],"a1.width":[{"time":0,"value":327,"easing":"Linear.EaseNone"}],"a1.height":[{"time":0,"value":110,"easing":"Linear.EaseNone"}],"a1.alpha":[{"time":0,"value":0,"easing":"Linear.EaseNone"},{"time":3.2808783522542413,"value":0,"easing":"Linear.EaseNone"},{"time":4.145739330636114,"value":1,"easing":"Linear.EaseNone"}],"a2":[],"a2.x":[{"time":0,"value":108,"easing":"Linear.EaseNone"}],"a2.y":[{"time":0,"value":297,"easing":"Linear.EaseNone"}],"a2.width":[{"time":0,"value":327,"easing":"Linear.EaseNone"}],"a2.height":[{"time":0,"value":110,"easing":"Linear.EaseNone"}],"a2.alpha":[{"time":0,"value":0,"easing":"Linear.EaseNone"},{"time":6.223987353314941,"value":0,"easing":"Linear.EaseNone"},{"time":7.101756704508483,"value":1,"easing":"Linear.EaseNone"}]}]]></anim></animaciones></pantalla><pantalla id="pantalla_25"><event id="onPrepare" language="DO"><![CDATA[]]></event><event id="onShown" language="DO"><![CDATA[]]></event><components><component _type="_compAnimatedGIF" id="animgif_33" x="463" y="110" width="397" height="430" alpha="1" visible="1" enabled="1" cssClass="" adjustMode="4" alignMode="0" image="data/imagenes/clip0069p.gif" anim="data/imagenes/clip0069.gif" autoplay="1" /><component _type="_compRichText" id="texto_79" x="76" y="195" width="327" height="193" alpha="1" visible="1" enabled="1" scrollable="1"><content><![CDATA[<p><span style="font-size:20px"><span style="font-family:verdana,geneva,sans-serif">Observa ahora esta otra gr&aacute;fica. Si miramos la curva de izquierda a derecha, &iquest;podr&iacute;as decir si la curva es ascendente o descendente? </span></span></p>
]]></content></component></components><animaciones></animaciones></pantalla><pantalla id="pantalla_29"><event id="onPrepare" language="DO"><![CDATA[]]></event><event id="onShown" language="DO"><![CDATA[]]></event><components><component _type="_compRichText" id="a2" x="108" y="297" width="327" height="110" alpha="1" visible="1" enabled="1" scrollable="1"><content><![CDATA[<p><span style="font-size:20px"><span style="font-family:verdana,geneva,sans-serif">Se dice que la funci&oacute;n es <strong>decreciente</strong>. </span></span></p>
]]></content></component><component _type="_compRichText" id="a1" x="108" y="207" width="327" height="110" alpha="1" visible="1" enabled="1" scrollable="1"><content><![CDATA[<p><span style="font-size:20px"><span style="font-family:verdana,geneva,sans-serif">Al aumentar el valor de la <em>x</em> disminuye el valor de la <em>y</em>. </span></span></p>
]]></content></component><component _type="_compRichText" id="texto_79" x="108" y="117" width="327" height="110" alpha="1" visible="1" enabled="1" scrollable="1"><content><![CDATA[<p><span style="font-size:20px"><span style="font-family:verdana,geneva,sans-serif">La gráfica de la función va hacia abajo.
</span></span></p>
]]></content></component><component _type="_compAnimatedGIF" id="animgif_33" x="463" y="110" width="397" height="430" alpha="1" visible="1" enabled="1" cssClass="" adjustMode="4" alignMode="0" image="data/imagenes/clip0070p.gif" anim="data/imagenes/clip0070.gif" autoplay="1" /></components><animaciones><anim id="Entrada"><![CDATA[{"a2":[],"a2.x":[{"time":0,"value":108,"easing":"Linear.EaseNone"}],"a2.y":[{"time":0,"value":297,"easing":"Linear.EaseNone"}],"a2.width":[{"time":0,"value":327,"easing":"Linear.EaseNone"}],"a2.height":[{"time":0,"value":110,"easing":"Linear.EaseNone"}],"a2.alpha":[{"time":0,"value":0,"easing":"Linear.EaseNone"},{"time":6.0626523848196845,"value":0,"easing":"Linear.EaseNone"},{"time":7.125618093830902,"value":1,"easing":"Linear.EaseNone"}],"a1":[],"a1.x":[{"time":0,"value":108,"easing":"Linear.EaseNone"}],"a1.y":[{"time":0,"value":207,"easing":"Linear.EaseNone"}],"a1.width":[{"time":0,"value":327,"easing":"Linear.EaseNone"}],"a1.height":[{"time":0,"value":110,"easing":"Linear.EaseNone"}],"a1.alpha":[{"time":0,"value":0,"easing":"Linear.EaseNone"},{"time":3.078171740288186,"value":0,"easing":"Linear.EaseNone"},{"time":4.1615790975496205,"value":1,"easing":"Linear.EaseNone"}]}]]></anim></animaciones></pantalla><pantalla id="pantalla_33"><event id="onPrepare" language="DO"><![CDATA[]]></event><event id="onShown" language="DO"><![CDATA[]]></event><components><component _type="_compRichText" id="texto_79" x="108" y="117" width="294" height="229" alpha="1" visible="1" enabled="1" scrollable="1"><content><![CDATA[<p><span style="font-size:20px"><span style="font-family:verdana,geneva,sans-serif">Hay muchas funciones que son crecientes en unos tramos y decrecientes en otros...
  </span></span></p>
]]></content></component><component _type="_compAnimatedGIF" id="animgif_33" x="463" y="110" width="397" height="430" alpha="1" visible="1" enabled="1" cssClass="" adjustMode="4" alignMode="0" image="data/imagenes/clip0071p.gif" anim="data/imagenes/clip0071.gif" autoplay="1" /><component _type="_compRoundButton" id="roundbutton_44" x="725" y="523" width="180" height="40" alpha="1" visible="1" enabled="1" cssClass="roundTextButton" group="-1"><content><![CDATA[ACTIVIDAD]]></content><event id="onClick" language="DO"><![CDATA[popup_open('pantalla_145')]]></event></component></components><animaciones></animaciones></pantalla></slider></pantalla></pantallas><popups><pantalla id="pantalla_145"><event id="onPrepare" language="DO"><![CDATA[]]></event><event id="onShown" language="DO"><![CDATA[]]></event><components><component _type="_compCSSBox" id="fondo_214" x="-1" y="82" width="865" height="608" alpha="1" visible="1" enabled="1" cssClass="bkWhite" /><component _type="_compCSSBox" id="fondo_211" x="85" y="0" width="865" height="608" alpha="1" visible="1" enabled="1" cssClass="bkWhite" /><component _type="_compActivity" id="activity_187" x="77" y="81" width="800" height="512" alpha="1" visible="1" enabled="1" src="mt_10_06_recurso070_m5a.zip" /><component _type="_compIconButton" id="iconbutton_188" x="876" y="44" width="37" height="37" alpha="1" visible="1" enabled="1" cssClass="iconCloseButton" group="-1"><event id="onClick" language="DO"><![CDATA[popup_close()]]></event></component></components><animaciones></animaciones></pantalla></popups></engine>