﻿<?xml version="1.0" encoding="utf-8"?><motor tipo="10" clase="a" aprid="M10a"><plataforma><grado><![CDATA[2]]></grado><titulo>Clasifica funciones según su simetría</titulo><area>3</area><nivel><![CDATA[2]]></nivel><referencia><![CDATA[MT_10_06_12]]></referencia><idreg><![CDATA[3047]]></idreg><motor><![CDATA[M10A]]></motor><lang>es</lang></plataforma><enunciado><![CDATA[Clasifica las siguientes funciones según sean simétricas pares, simétricas impares o no simétricas.]]></enunciado><masinfo inicio="0" /><sinaleatoriedad><![CDATA[0]]></sinaleatoriedad><calc><![CDATA[1]]></calc><textoacategoria cantidad="3"><cuestion><categoria><![CDATA[{{cur}}{{normal}}Simétrica par]]></categoria><respuestas><respuesta id="1"><![CDATA[{{cur}}f{{normal}}({{cur}}x{{normal}}) = {{cur}}x{{normal}}{{sup}}6{{normal}} – {{cur}}x{{normal}}{{sup}}4{{normal}} + 15]]></respuesta><respuesta id="2"><![CDATA[{{cur}}f{{normal}}({{cur}}x{{normal}}) = 3{{cur}}x{{normal}}{{sup}}8{{normal}} + 2{{cur}}x{{normal}}² ]]></respuesta><respuesta id="3"><![CDATA[{{cur}}f{{normal}}({{cur}}x{{normal}}) = 6{{cur}}x{{normal}}{{sup}}4{{normal}} + 7{{cur}}x{{normal}}² + 3]]></respuesta></respuestas><sonido /></cuestion><cuestion><categoria><![CDATA[Simétrica impar]]></categoria><respuestas><respuesta id="1"><![CDATA[{{cur}}f{{normal}}({{cur}}x{{normal}}) = 5{{cur}}x{{normal}}{{sup}}7{{normal}} + {{cur}}x{{normal}}]]></respuesta><respuesta id="2"><![CDATA[{{cur}}f{{normal}}({{cur}}x{{normal}}) = 8{{cur}}x{{normal}}{{sup}}5{{normal}} – 2{{cur}}x{{normal}}³]]></respuesta><respuesta id="3"><![CDATA[{{cur}}f{{normal}}({{cur}}x{{normal}}) = 2{{cur}}x{{normal}}{{sup}}7{{normal}} – 4{{cur}}x{{normal}}³ + 3{{cur}}x{{normal}}]]></respuesta></respuestas><sonido /></cuestion><cuestion><categoria><![CDATA[No simétrica]]></categoria><respuestas><respuesta id="1"><![CDATA[{{cur}}f{{normal}}({{cur}}x{{normal}}) = {{cur}}x{{normal}}{{sup}}6{{normal}} –  {{cur}}x{{normal}}³ + 3]]></respuesta><respuesta id="2"><![CDATA[{{cur}}f{{normal}}({{cur}}x{{normal}}) = 6{{cur}}x{{normal}}{{sup}}5{{normal}} + 5]]></respuesta><respuesta id="3"><![CDATA[{{cur}}f{{normal}}({{cur}}x{{normal}}) = {{cur}}x{{normal}}{{sup}}7{{normal}} + {{cur}}x{{normal}}² ]]></respuesta></respuestas><sonido /></cuestion></textoacategoria></motor>