﻿<?xml version="1.0" encoding="utf-8"?><motor tipo="1" clase="c" aprid="m1c">
  <plataforma>
    <grado><![CDATA[2]]></grado>
    <titulo>Halla la cantidad de elementos en el espacio muestral</titulo>
    <area>0</area>
    <nivel>2</nivel>
    <referencia/>
    <idreg><![CDATA[0]]></idreg>
    <motor><![CDATA[M1C]]></motor>
    <lang>es</lang>
  </plataforma>
  <enunciado><![CDATA[Asocia cada experimento aleatorio con el tamaño de su espacio muestral.]]></enunciado>
  <masinfo inicio="0"/>
  <sinaleatoriedad><![CDATA[0]]></sinaleatoriedad>
  <calc><![CDATA[1]]></calc>
  <textoatexto cantidad="6">
    <cuestion>
      <pregunta><![CDATA[Un diseñador va a vestir 5 modelos con 6 trajes de la última colección. ¿De cuántas maneras puede hacerlo? ]]></pregunta>
      <respuesta><![CDATA[720 ]]></respuesta>
    </cuestion>
    <cuestion>
      <pregunta><![CDATA[Un jugador lanza 7 monedas al aire. ¿Cuántos resultados puede obtener entre caras y sellos? ]]></pregunta>
      <respuesta><![CDATA[ 128]]></respuesta>
    </cuestion>
    <cuestion>
      <pregunta><![CDATA[De 9 candidatos se escoge un rector, un cordinador y un profesor. ¿De cuántas formas se pueden elegir? ]]></pregunta>
      <respuesta><![CDATA[504]]></respuesta>
    </cuestion>
    <cuestion>
      <pregunta><![CDATA[¿De cuántas formas se pueden poner 7 libros diferentes en un estante? ]]></pregunta>
      <respuesta><![CDATA[5040]]></respuesta>
    </cuestion>
    <cuestion>
      <pregunta><![CDATA[Para preparar de una pizza se puede escoger 3 ingredientes de 7. ¿De cuántas formas se puede preparar? ]]></pregunta>
      <respuesta><![CDATA[35]]></respuesta>
    </cuestion>
    <cuestion>
      <pregunta><![CDATA[Un bufet ofrece 3 tipos de carne, 4 de ensalada, 5 de jugo. ¿De cuántas formas se puede escoger la comida? ]]></pregunta>
      <respuesta><![CDATA[60]]></respuesta>
    </cuestion>
  </textoatexto>
  <textofalso cantidad="0"/>
</motor>