﻿<?xml version="1.0" encoding="utf-8"?><motor tipo="101" clase="a" aprid="m101a">
  <plataforma>
    <grado>2</grado>
    <titulo>Refuerza tu aprendizaje: Las variables aleatorias</titulo>
    <volumen/>
    <nivel><![CDATA[1]]></nivel>
    <referencia/>
    <motor/>
    <lang>es</lang>
  </plataforma>
  <enunciado><![CDATA[Aplica tus conocimientos sobre análisis de la variable aleatoria en las siguientes situaciones. ]]></enunciado>
  <masinfo inicio="0"><![CDATA[Realiza la siguiente actividad. Cuando termines haz clic en Enviar. Si es necesario entrega las respuestas a mano o por {{cur}}email {{normal}}a tu profesor para que pueda validarlas.]]></masinfo>
  <calc><![CDATA[0]]></calc>
  <preguntas cantidad="10">
    <pregunta>
      <enunciado><![CDATA[La media de la edad de 40 estudiantes es 15 años y la desviación típica 2 años. Si los años se distribuyen normalmente, ¿cuántos jóvenes tienen menos de 15 años? ]]></enunciado>
      <explicacion/>
      <nivel><![CDATA[3]]></nivel>
      <tipo/>
      <imagen><![CDATA[imagenDummy_MotorM.png]]></imagen>
      <ampliacion/>
      <texto/>
    </pregunta>
    <pregunta>
      <enunciado><![CDATA[Si los resultados de un examen presentado por 50 estudiantes siguen una distribución normal, con una media de 4,5 de calificación y una desviación típica de 0,6. calcula:]]></enunciado>
      <explicacion/>
      <nivel><![CDATA[2]]></nivel>
      <tipo/>
      <imagen/>
      <ampliacion/>
      <texto><![CDATA[1. Cantidad de estudiantes con una calificación superior a 4,6.2. Cantidad de estudiantes con una calificación igual a 4,5.3. Cantidad de estudiantes con una calificación inferior a 3.]]></texto>
    </pregunta>
    <pregunta>
      <enunciado><![CDATA[En una vereda una de cuatro familias posee Internet, si se eligen 50 familias al azar calcula: ]]></enunciado>
      <explicacion/>
      <nivel><![CDATA[2]]></nivel>
      <tipo/>
      <imagen/>
      <ampliacion/>
      <texto><![CDATA[1. La probabilidad de que 20 familias tengan internet.2. La probabilidad de que una familia tenga internet.]]></texto>
    </pregunta>
    <pregunta>
      <enunciado><![CDATA[Un estudiante que tiene 17 asignaturas en un grado, obtuvo una media de 3,86 y una desviación típica de 0,3. Determina:]]></enunciado>
      <explicacion/>
      <nivel><![CDATA[2]]></nivel>
      <tipo/>
      <imagen/>
      <ampliacion/>
      <texto><![CDATA[1. La cantidad de materias con nota mayor a 4.2  La cantidad de materias con nota menor a 3,8.3. La cantidad de materias con nota igual a 3,7.]]></texto>
    </pregunta>
    <pregunta>
      <enunciado><![CDATA[Una encuesta realizada en cierta zona de la ciudad evidencia que en un 70 % de los hogares tienen al menos dos mascotas; al elegir 30 hogares al azar se solicita:]]></enunciado>
      <explicacion/>
      <nivel><![CDATA[2]]></nivel>
      <tipo/>
      <imagen/>
      <ampliacion/>
      <texto><![CDATA[1. La probabilidad de que al menos 10 hogares tengan cuando menos dos mascotas.2. La probabilidad de que entre 11 y 17 hogares tengan cuando menos dos mascotas. ]]></texto>
    </pregunta>
    <pregunta>
      <enunciado><![CDATA[Al lanzar un par de dados, se define la variable aleatoria {{cur}}X{{normal}} con la suma de los resultados obtenidos. ¿Cuál es la varianza?]]></enunciado>
      <explicacion/>
      <nivel><![CDATA[1]]></nivel>
      <tipo/>
      <imagen><![CDATA[imagenDummy_MotorM.png]]></imagen>
      <ampliacion/>
      <texto/>
    </pregunta>
    <pregunta>
      <enunciado><![CDATA[Al lanzar una moneda tres veces, se define {{cur}}X{{normal}} como el número de sellos obtenidos. Halla la distribución de la variable aleatoria {{cur}}X{{normal}}]]></enunciado>
      <explicacion/>
      <nivel><![CDATA[2]]></nivel>
      <tipo/>
      <imagen><![CDATA[imagenDummy_MotorM.png]]></imagen>
      <ampliacion/>
      <texto/>
    </pregunta>
    <pregunta>
      <enunciado><![CDATA[Al lanzar un dado, se define {{cur}}X{{normal}} como obtener número par. Encuentra la distribución de la variable aleatoria {{cur}}X{{normal}}.]]></enunciado>
      <explicacion/>
      <nivel><![CDATA[1]]></nivel>
      <tipo/>
      <imagen><![CDATA[imagenDummy_MotorM.png]]></imagen>
      <ampliacion/>
      <texto/>
    </pregunta>
    <pregunta>
      <enunciado><![CDATA[Al lanzar  cuatro veces una moneda, se define la variable aleatoria {{cur}}X{{normal}} como la cantidad de caras obtenidas. Calcula:]]></enunciado>
      <explicacion/>
      <nivel><![CDATA[2]]></nivel>
      <tipo/>
      <imagen/>
      <ampliacion/>
      <texto><![CDATA[1. La esperanza matemática.2. La varianza.3. La probabilidad de obtener más de 2 y menos de 3 caras.]]></texto>
    </pregunta>
    <pregunta>
      <enunciado><![CDATA[Una urna contiene 5 balotas rojas y 3 balotas azules; si se extrae 2 balotas simultaneamente y se define la variable aleatoria {{cur}}X{{normal}} como la cantidad de balotas rojas extraidas. Calcula:]]></enunciado>
      <explicacion/>
      <nivel><![CDATA[2]]></nivel>
      <tipo/>
      <imagen/>
      <ampliacion/>
      <texto><![CDATA[1. La esperanza matemática.2. La función de distribución.3. La desviación típica.]]></texto>
    </pregunta>
  </preguntas>
</motor>