﻿<?xml version="1.0" encoding="utf-8"?><motor tipo="5" clase="a" aprid="m5a">
  <plataforma>
    <grado><![CDATA[2]]></grado>
    <titulo>Resuelve situaciones problema con la información del gráfico</titulo>
    <area>0</area>
    <nivel>3</nivel>
    <referencia/>
    <idreg><![CDATA[0]]></idreg>
    <motor><![CDATA[M5A]]></motor>
    <lang>es</lang>
  </plataforma>
  <enunciado><![CDATA[Analiza la información que se presenta y responde lo que se indica en cada caso.]]></enunciado>
  <masinfo inicio="0"/>
  <sinaleatoriedad><![CDATA[0]]></sinaleatoriedad>
  <calc><![CDATA[1]]></calc>
  <respuestaunica><![CDATA[0]]></respuestaunica>
  <test cantidad="10">
    <cuestion>
      <enunciado><![CDATA[En la tabla se registra la antigüedad de los empleados de una empresa. ¿Qué porcentaje de empleados tiene entre 0 y 2 años de antigüedad?]]></enunciado>
      <explicacion/>
      <imagen><![CDATA[MA_11_06_CO_REC30_IMG01n.png]]></imagen>
      <ampliacion><![CDATA[MA_11_06_CO_REC30_IMG01a.png]]></ampliacion>
      <respuestas>
        <respuesta contestacion="66,6 %" correcta="1"/>
        <respuesta contestacion="23,5 %" correcta="0"/>
        <respuesta contestacion="44,4 %" correcta="0"/>
        <respuesta contestacion="35,6 %" correcta="0"/>
      </respuestas>
    </cuestion>
    <cuestion>
      <enunciado><![CDATA[De una prueba de atletismo se registran los siguientes tiempos (en minutos). De la muestra de atletas se puede inferir que:]]></enunciado>
      <explicacion/>
      <imagen><![CDATA[MA_11_06_CO_REC30_IMG02n.png]]></imagen>
      <ampliacion><![CDATA[MA_11_06_CO_REC30_IMG02a.png]]></ampliacion>
      <respuestas>
        <respuesta contestacion="La media de la muestra es 9,8." correcta="1"/>
        <respuesta contestacion="La mayoría registra tiempos de 15 a 20 min." correcta="0"/>
        <respuesta contestacion="El 46 % de los atletas registra al menos 15 min." correcta="0"/>
        <respuesta contestacion="Más del 50 % registra tiempos de 0 a 10 minutos." correcta="0"/>
      </respuestas>
    </cuestion>
    <cuestion>
      <enunciado><![CDATA[Una inferencia sobre las asignaturas perdidas por los estudiantes de grado 11 es:]]></enunciado>
      <explicacion/>
      <imagen><![CDATA[MA_11_06_CO_REC30_IMG03n.png]]></imagen>
      <ampliacion><![CDATA[MA_11_06_CO_REC30_IMG03a.png]]></ampliacion>
      <respuestas>
        <respuesta contestacion="Más del 50 % pierde 2 y 3 asignaturas." correcta="0"/>
        <respuesta contestacion="El promedio de pérdida es de 4,4 asignaturas." correcta="0"/>
        <respuesta contestacion="Al menos 9 estudiantes pierden de 2 a 4 asignaturas." correcta="1"/>
        <respuesta contestacion="Menos del 25 % pierde 4 asignaturas." correcta="0"/>
      </respuestas>
    </cuestion>
    <cuestion>
      <enunciado><![CDATA[De 200 personas encuestadas sobre sus hábitos alimentarios se puede inferir que:]]></enunciado>
      <explicacion/>
      <imagen><![CDATA[MA_11_06_CO_REC30_IMG04n.png]]></imagen>
      <ampliacion><![CDATA[MA_11_06_CO_REC30_IMG04a.png]]></ampliacion>
      <respuestas>
        <respuesta contestacion="50 % comen entre 1 y 3 veces por fuera." correcta="0"/>
        <respuesta contestacion="Al menos 50 personas comen 1 a 3 veces por fuera." correcta="0"/>
        <respuesta contestacion="130 personas comen por fuera de la casa solo una vez." correcta="0"/>
        <respuesta contestacion="96 personas comen por fuera de la casa 4 veces o más." correcta="1"/>
      </respuestas>
    </cuestion>
    <cuestion>
      <enunciado><![CDATA[De 45 estudiantes de grado 11 se puede inferir que:]]></enunciado>
      <explicacion/>
      <imagen><![CDATA[MA_11_06_CO_REC30_IMG05n.png]]></imagen>
      <ampliacion><![CDATA[MA_11_06_CO_REC30_IMG05a.png]]></ampliacion>
      <respuestas>
        <respuesta contestacion="20 % prefiere tenis." correcta="1"/>
        <respuesta contestacion="35 % opta por fútbol." correcta="0"/>
        <respuesta contestacion="45 % elige voleibol." correcta="0"/>
        <respuesta contestacion="60 % prefiere baloncesto." correcta="0"/>
      </respuestas>
    </cuestion>
    <cuestion>
      <enunciado><![CDATA[El departamento ambiental registró el material particulado PM10 producido por 250 vehículos. De estos datos se puede inferir que:]]></enunciado>
      <explicacion/>
      <imagen><![CDATA[MA_11_06_CO_REC30_IMG06n.png]]></imagen>
      <ampliacion><![CDATA[MA_11_06_CO_REC30_IMG06a.png]]></ampliacion>
      <respuestas>
        <respuesta contestacion="Contaminan más los buses y carros." correcta="0"/>
        <respuesta contestacion="Volquetas y buses contaminan igual que las motos." correcta="1"/>
        <respuesta contestacion="Volquetas y buses contaminan más que las motos." correcta="0"/>
        <respuesta contestacion="Contaminan menos los buses y las volquetas." correcta="0"/>
      </respuestas>
    </cuestion>
    <cuestion>
      <enunciado><![CDATA[De los aparatos electrónicos que compran en Colombia, se puede inferir que de 120 colombianos:]]></enunciado>
      <explicacion/>
      <imagen><![CDATA[MA_11_06_CO_REC30_IMG07n.png]]></imagen>
      <ampliacion><![CDATA[MA_11_06_CO_REC30_IMG07a.png]]></ampliacion>
      <respuestas>
        <respuesta contestacion="45 % prefiere comprar celular." correcta="0"/>
        <respuesta contestacion="17 % se inclina por comprar nevera." correcta="0"/>
        <respuesta contestacion="33 % prefiere comprar televisor." correcta="1"/>
        <respuesta contestacion="5 % elige comprar cámaras." correcta="0"/>
      </respuestas>
    </cuestion>
    <cuestion>
      <enunciado><![CDATA[De la población que usa Facebook diariamente se puede inferir que:]]></enunciado>
      <explicacion/>
      <imagen><![CDATA[MA_11_06_CO_REC30_IMG08n.png]]></imagen>
      <ampliacion><![CDATA[MA_11_06_CO_REC30_IMG08a.png]]></ampliacion>
      <respuestas>
        <respuesta contestacion="26 personas entran al menos 6 veces." correcta="0"/>
        <respuesta contestacion="El 50 % de la muestra entra 11 veces." correcta="0"/>
        <respuesta contestacion="El 35 % de la muestra entra 9 veces." correcta="0"/>
        <respuesta contestacion="35 personas entran al menos 9 veces." correcta="1"/>
      </respuestas>
    </cuestion>
    <cuestion>
      <enunciado><![CDATA[El director de la escuela de fútbol determina según una encuesta que:]]></enunciado>
      <explicacion/>
      <imagen><![CDATA[MA_11_06_CO_REC30_IMG09n.png]]></imagen>
      <ampliacion><![CDATA[MA_11_06_CO_REC30_IMG09a.png]]></ampliacion>
      <respuestas>
        <respuesta contestacion="El promedio de la edad es 10,6 años." correcta="1"/>
        <respuesta contestacion="El 50 % tiene entre 5 y 9 años." correcta="0"/>
        <respuesta contestacion="El promedio de edad es 11,9 años." correcta="0"/>
        <respuesta contestacion="El 73 % tiene entre 13 y 17 años." correcta="0"/>
      </respuestas>
    </cuestion>
    <cuestion>
      <enunciado><![CDATA[Se indagó sobre el número de hermanos de los estudiantes de grado 11. De la población de los estudiantes se puede inferir que:]]></enunciado>
      <explicacion/>
      <imagen><![CDATA[MA_11_06_CO_REC30_IMG10n.png]]></imagen>
      <ampliacion><![CDATA[MA_11_06_CO_REC30_IMG10a.png]]></ampliacion>
      <respuestas>
        <respuesta contestacion="La promedio de hermanos es de 3." correcta="0"/>
        <respuesta contestacion="El 33,3 % tiene 3 hermanos." correcta="1"/>
        <respuesta contestacion="La media es 2,5 hermanos." correcta="0"/>
        <respuesta contestacion="El 24 % tiene 3 hermanos." correcta="0"/>
      </respuestas>
    </cuestion>
  </test>
</motor>