﻿<?xml version="1.0" encoding="utf-8"?><motor tipo="4" clase="a" aprid="m4a">
  <plataforma>
    <grado><![CDATA[2]]></grado>
    <titulo>Indica si el evento es dependiente o independiente</titulo>
    <area>0</area>
    <nivel>1</nivel>
    <referencia/>
    <idreg><![CDATA[0]]></idreg>
    <motor><![CDATA[M4A]]></motor>
    <lang>es</lang>
  </plataforma>
  <enunciado><![CDATA[Reconoce si los siguientes eventos son independientes o dependientes.]]></enunciado>
  <masinfo inicio="0"/>
  <sinaleatoriedad><![CDATA[0]]></sinaleatoriedad>
  <calc><![CDATA[0]]></calc>
  <respuestaunica><![CDATA[0]]></respuestaunica>
  <test cantidad="10">
    <cuestion>
      <enunciado><![CDATA[Una caja contiene 4 bolas rojas, 3 verdes y 2 azules. Se saca una canica se anota el resultado y se devuelve la bola a la caja. el evento: "sacar dos bolas rojas" es:  ]]></enunciado>
      <explicacion/>
      <imagen/>
      <ampliacion/>
      <respuestas>
        <respuesta contestacion="Independiente" correcta="1"/>
        <respuesta contestacion="Dependiente" correcta="0"/>
      </respuestas>
    </cuestion>
    <cuestion>
      <enunciado><![CDATA[De una baraja de póker se sacan dos cartas de la baraja. el evento: "sacar dos cartas de corazones" es:]]></enunciado>
      <explicacion/>
      <imagen/>
      <ampliacion/>
      <respuestas>
        <respuesta contestacion="Independiente" correcta="0"/>
        <respuesta contestacion="Dependiente" correcta="1"/>
      </respuestas>
    </cuestion>
    <cuestion>
      <enunciado><![CDATA[Se lanzan dos dados. el evento: "sacar números pares" es]]></enunciado>
      <explicacion/>
      <imagen/>
      <ampliacion/>
      <respuestas>
        <respuesta contestacion="Dependiente" correcta="0"/>
        <respuesta contestacion="Independiente" correcta="1"/>
      </respuestas>
    </cuestion>
    <cuestion>
      <enunciado><![CDATA[Las preguntas 1 y 2 de un examen de opción múltiple, tienen cuatro opciones y solo una correcta. El evento: "responder ambas preguntas correctas" es:]]></enunciado>
      <explicacion/>
      <imagen/>
      <ampliacion/>
      <respuestas>
        <respuesta contestacion="Independiente" correcta="1"/>
        <respuesta contestacion="Dependiente" correcta="0"/>
      </respuestas>
    </cuestion>
    <cuestion>
      <enunciado><![CDATA[Se lanzan una moneda y un dado. el evento: "obtener cara y un seis" es:]]></enunciado>
      <explicacion/>
      <imagen/>
      <ampliacion/>
      <respuestas>
        <respuesta contestacion="Independiente" correcta="1"/>
        <respuesta contestacion="Dependiente" correcta="0"/>
      </respuestas>
    </cuestion>
    <cuestion>
      <enunciado><![CDATA[Una caja contiene 4 bolas rojas, 3 verdes y 2 azules. Se saca una canica se anota el resultado y no se devuelve la bola a la caja.  El evento: "sacar dos bolas rojas" es]]></enunciado>
      <explicacion/>
      <imagen/>
      <ampliacion/>
      <respuestas>
        <respuesta contestacion="Dependiente" correcta="1"/>
        <respuesta contestacion="Inependiente" correcta="0"/>
      </respuestas>
    </cuestion>
    <cuestion>
      <enunciado><![CDATA[Se lanza un dado de seis caras dos veces. Los eventos: A: "sale par en el primer lanzamiento" y B: "sale un 4 en el segundo" son:]]></enunciado>
      <explicacion/>
      <imagen/>
      <ampliacion/>
      <respuestas>
        <respuesta contestacion="Dependientes" correcta="0"/>
        <respuesta contestacion="Independientes" correcta="1"/>
      </respuestas>
    </cuestion>
    <cuestion>
      <enunciado><![CDATA[Una moneda se lanza tres veces. El evento: que "las tres veces salga cara" es:]]></enunciado>
      <explicacion/>
      <imagen/>
      <ampliacion/>
      <respuestas>
        <respuesta contestacion="Independiente" correcta="1"/>
        <respuesta contestacion="Dependiente" correcta="0"/>
      </respuestas>
    </cuestion>
    <cuestion>
      <enunciado><![CDATA[En una caja hay 3 fichas amarillas y 6 azules, el evento: "sacar dos fichas sin reposición y que éstas sean amarillas" es:]]></enunciado>
      <explicacion/>
      <imagen/>
      <ampliacion/>
      <respuestas>
        <respuesta contestacion="Dependiente" correcta="1"/>
        <respuesta contestacion="Independiente" correcta="0"/>
      </respuestas>
    </cuestion>
    <cuestion>
      <enunciado><![CDATA[Se lanza un dado una vez. Los eventos A:”sacar un número par” y B:”Obtener el número 2” son:]]></enunciado>
      <explicacion/>
      <imagen/>
      <ampliacion/>
      <respuestas>
        <respuesta contestacion="Independientes" correcta="0"/>
        <respuesta contestacion="Dependientes" correcta="1"/>
      </respuestas>
    </cuestion>
  </test>
</motor>