<?xml version='1.0' encoding='UTF-8'?><motor tipo="5" clase="d" aprid="m5d">
  <plataforma>
    <grado><![CDATA[2]]></grado>
    <titulo>Competencias: aplicación de tipos de conjuntos y operaciones y relaciones entre conjuntos</titulo>
    <area>0</area>
    <nivel>1</nivel>
    <referencia/>
    <idreg><![CDATA[0]]></idreg>
    <motor><![CDATA[M5D]]></motor>
    <lang>es</lang>
  </plataforma>
  <enunciado><![CDATA[Lee la situación y luego responde las preguntas.]]></enunciado>
  <masinfo inicio="0"/>
  <sinaleatoriedad><![CDATA[0]]></sinaleatoriedad>
  <calc><![CDATA[0]]></calc>
  <respuestaunica><![CDATA[1]]></respuestaunica>
  <test cantidad="4">
    <cuestion>
      <enunciado><![CDATA[El conjunto que representa todas las actividades programadas en el colegio durante el año escolar es U, igual a:]]></enunciado>
      <explicacion/>
      <texto><![CDATA[En un colegio se programan actividades recreativas durante el año escolar. Todos los niños de la institución pueden asistir. Las actividades que pueden realizar son: tenis, natación, teatro, coro, gimnasia, fútbol, piano y baloncesto. ]]></texto>
      <respuestas>
        <respuesta contestacion="U = {x/x es una actividad deportiva}" correcta="0"/>
        <respuesta contestacion="U = {x/x es una actividad artística}" correcta="0"/>
        <respuesta contestacion="U = {x/x es una actividad recreativa}" correcta="1"/>
        <respuesta contestacion="U = {x/x es una actividad musical}" correcta="0"/>
      </respuestas>
    </cuestion>
    <cuestion>
      <enunciado><![CDATA[Un ejemplo que representa un conjunto unitario es:]]></enunciado>
      <explicacion/>
      <texto><![CDATA[En un colegio se programan actividades recreativas durante el año escolar. Todos los niños de la institución pueden asistir. Las actividades que pueden realizar son: tenis, natación, teatro, coro, gimnasia, fútbol, piano y baloncesto. ]]></texto>
      <respuestas>
        <respuesta contestacion="A = {x/x es una actividad que utiliza balones}" correcta="0"/>
        <respuesta contestacion="A = {x/x es una actividad que utiliza una piscina}" correcta="1"/>
        <respuesta contestacion="A = {x/x es un actividad que usa instrumentos musicales}" correcta="0"/>
        <respuesta contestacion="A = {x/x es un actividad que usa uniformes deportivos}" correcta="0"/>
      </respuestas>
    </cuestion>
    <cuestion>
      <enunciado><![CDATA[El conjunto que muestra la intersección entre M={x/x actividad deportiva que utiliza pelotas para su práctica} y N={x/x deporte que requiere raqueta para su práctica} es:]]></enunciado>
      <explicacion/>
      <texto><![CDATA[En un colegio se programan actividades recreativas durante el año escolar. Todos los niños de la institución pueden asistir. Las actividades que pueden realizar son: tenis, natación, teatro, coro, gimnasia, fútbol, piano y baloncesto. ]]></texto>
      <respuestas>
        <respuesta contestacion="M ∩ N = {tenis}" correcta="1"/>
        <respuesta contestacion="M ∩ N = {tenis, fútbol}" correcta="0"/>
        <respuesta contestacion="M ∩ N = {fútbol y baloncesto}" correcta="0"/>
        <respuesta contestacion="M ∩ N = {   }" correcta="0"/>
      </respuestas>
    </cuestion>
    <cuestion>
      <enunciado><![CDATA[Los conjuntos J = {coro, piano} y K = {teatro, gimnasia} son:]]></enunciado>
      <explicacion/>
      <texto><![CDATA[En un colegio se programan actividades recreativas durante el año escolar. Todos los niños de la institución pueden asistir. Las actividades que pueden realizar son: tenis, natación, teatro, coro, gimnasia, fútbol, piano y baloncesto. ]]></texto>
      <respuestas>
        <respuesta contestacion="Intersecantes" correcta="0"/>
        <respuesta contestacion="Disjuntos" correcta="1"/>
        <respuesta contestacion="Iguales" correcta="0"/>
        <respuesta contestacion="Vacíos" correcta="0"/>
      </respuestas>
    </cuestion>
  </test>
  <temps>10</temps>
</motor>