﻿<?xml version="1.0" encoding="UTF-8"?>
<?xml-stylesheet href="cuadernoestudio/dtd/libro.xslt" type="text/xsl"?>
<!--Arbortext, Inc., 1988-2015, v.4002-->
<!DOCTYPE libro SYSTEM "cuadernoestudio/dtd/libro.dtd">
<libro id="MA_07_09_CO">
<libroTitulo>Las expresiones algebraicas</libroTitulo><?Pub Caret -1?>
<seccion1 id="S1_MA_07_09_CO_82CC8409F17B4C679CA47872567BAB96">
<seccion1Titulo>Los patrones</seccion1Titulo>
<seccion1Texto>
<p>Diseñadores, artistas, matemáticos, músicos, poetas y, en general,
los profesionales encargados de un trabajo creativo, usan <negrita
>patrones</negrita> en algunas de sus producciones. Las imágenes que
encuentras a continuación muestran ejemplos de estos patrones.</p>
<imagen src="MA_07_09_CO_IMG01_small.png">
<p>En el arte textil se usan patrones para crear diversos diseños
de colores y formas.</p>
</imagen>
<imagen src="MA_07_09_CO_IMG02_small.png">
<p>Ejemplo de obra de arte estilo pop que aplica patrones en su diseño.</p>
</imagen>
<imagen src="MA_07_09_CO_IMG03_small.jpg">
<p>Un hexámetro es un verso de la poesía latina y griega, formado
por seis pies.</p>
</imagen>
<imagen src="MA_07_09_CO_IMG04_small.jpg">
<p>Las secuencias numéricas se construyen a partir de un patrón aditivo
o multiplicativo. </p>
</imagen>
<p>Se entiende que un <negrita>patrón</negrita> aparece como la <negrita
>regularidad</negrita> visible en una <negrita>secuencia</negrita
> de letras, palabras, números o figuras que van cambiando en su color,
forma, tamaño, posición o construcción.</p>
<seccion2 id="S2_MA_07_09_CO_7FCB5EF6782E4F588E78B207F68A30CA">
<seccion2Titulo>Los patrones numéricos</seccion2Titulo>
<seccion2Texto>
<p>Lee con atención la información que se proporciona en cada situación
para descubrir <negrita>regularidades numéricas</negrita>.  </p>
<p>Situación 1</p>
<p>¿Cuál es la ficha de dominó que no pertenece al grupo? </p>
<imagen src="MA_07_09_CO_IMG05_small.jpg">
<p>La característica en común de la mayoría de las fichas de la imagen
es que una cantidad de puntos es el doble de la otra.</p>
</imagen>
<p>Si el extremo superior de la ficha tiene <negrita><cursiva>n</cursiva
> cantidad de puntos</negrita>, entonces el extremo inferior debe
tener el doble de la cantidad de puntos, es decir, <negrita>2<cursiva
>n</cursiva></negrita>.  </p>
<p>Efectivamente, </p>
<listaSinNumerar>
<listaElemento>Si <cursiva>n</cursiva> = 1 entonces 2<cursiva>n</cursiva
> = 2 · <cursiva>n</cursiva> = 2 (1) = 2</listaElemento>
<listaElemento>Si <cursiva>n</cursiva> = 2 entonces 2<cursiva>n</cursiva
> = 2 · <cursiva>n</cursiva> = 2 (2) = 4</listaElemento>
<listaElemento>Si <cursiva>n</cursiva> = 3 entonces 2<cursiva>n</cursiva
> = 2 · <cursiva>n</cursiva> = 2 (3) = 6 </listaElemento>
</listaSinNumerar>
<p>Luego la ficha que sobra en el conjunto es la que tiene 4 y 5 puntos,
pues no cumple con la regularidad que presentan las demás fichas.
  </p>
<p>Situación 2</p>
<p>¿Qué tienen en común las coordenadas de los puntos representados
en el plano cartesiano?</p>
<imagen src="MA_07_09_CO_IMG06_small.png">
<p>En cada punto, el valor de la ordenada es el cuadrado del valor
de la abscisa.</p>
</imagen>
<p>El <negrita>patrón</negrita> que tienen las coordenadas de los
puntos representados en el plano cartesiano se puede escribir como: </p>
<p centrado="si"><negrita>(<cursiva>a</cursiva>, <cursiva>a</cursiva
><superindice>2</superindice>) </negrita></p>
<p>Situación 3  </p>
<p>¿Puedes predecir cuál es el número racional que continúa en la
lista?</p>
<table cellpadding="5" cellspacing="0"><caption>Secuencia numérica
que sigue cierto patrón</caption><colgroup align="center"><col/><col/>
<col/><col/><col/></colgroup>
<tbody>
<tr>
<td>1.º</td>
<td>2.º</td>
<td>3.º</td>
<td>4.º</td>
<td>5.º</td>
</tr>
<tr>
<td><formula alineacion="centrada" src="MA_G07_09_CO_001.gif"></formula
>.</td>
<td><formula alineacion="centrada" src="MA_G07_09_CO_002.gif"></formula
>.</td>
<td><formula alineacion="centrada" src="MA_G07_09_CO_003.gif"></formula
>.</td>
<td><formula alineacion="centrada" src="MA_G07_09_CO_004.gif"></formula
>.</td>
<td>¿?</td>
</tr>
</tbody>
</table>
<p>El numerador siempre es el mismo (1) y el denominador se puede
expresar como el doble de una potencia cúbica; entonces, cada racional
se puede expresar: </p>
<formula alineacion="centrada" src="MA_G07_09_CO_005.gif"></formula>
<formula alineacion="centrada" src="MA_G07_09_CO_006.gif"></formula>
<formula alineacion="centrada" src="MA_G07_09_CO_007.gif"></formula>
<formula alineacion="centrada" src="MA_G07_09_CO_008.gif"></formula>
<p>Al continuar la <negrita>secuencia numérica</negrita> se obtiene:</p>
<formula alineacion="centrada" src="MA_G07_09_CO_009.gif"></formula>
<p>Por lo tanto, el número que sigue en la lista es 1/250, porque
el <negrita>patrón</negrita> para construirla es un racional con numerador
1 y denominador igual al doble del cubo de la posición que ocupa el
número en la lista.   </p>
<p>Este patrón se puede <negrita>generalizar</negrita> para cualquier
término <cursiva>n</cursiva>, así:</p>
<formula alineacion="centrada" src="MA_G07_09_CO_010.gif"></formula>
<p>Con la expresión anterior se puede hallar el número racional que
está en la posición 10 de la lista, es decir, el décimo término de
la secuencia. Simplemente se reemplaza la <cursiva>n</cursiva> por
el número 10 y se realizan las operaciones.</p>
<formula alineacion="centrada" src="MA_G07_09_CO_011.gif"></formula>
<recuerda><recuerdaTexto>
<p>Un patrón numérico es una regla escrita en palabras o en símbolos
que genera una lista ordenada de números llamada secuencia.</p>
</recuerdaTexto></recuerda>
<p>Los <negrita>patrones</negrita> que describen las <negrita>secuencias</negrita
> numéricas pueden enunciarse mediante lenguaje cotidiano o lenguaje
matemático.   </p>
<p>Ejemplos</p>
<listaSinNumerar>
<listaElemento>El doble de un número menos tres unidades:</listaElemento>
</listaSinNumerar>
<p centrado="si">–1, 1, 3, 5, 7, 9, ...</p>
<listaSinNumerar>
<listaElemento>El patrón de la secuencia está dado por la expresión: <negrita
>3<cursiva>n</cursiva><superindice>2</superindice> + 2<cursiva>n</cursiva
></negrita>, donde <negritacursiva>n</negritacursiva> es la posición
del número en la lista. Observa cómo se encuentran los tres primeros
términos de la secuencia.<p>3<cursiva>n</cursiva><superindice>2</superindice
> + 2<cursiva>n</cursiva> = 3 (1<superindice>2</superindice>) + 2
(1) = 3 + 2 = 5 </p><p>3<cursiva>n</cursiva><superindice>2</superindice
> + 2<cursiva>n</cursiva> = 3 (2<superindice>2</superindice>) + 2
(2) = 12 + 4 = 16 </p><p>3<cursiva>n</cursiva><superindice>2</superindice
> + 2<cursiva>n</cursiva> = 3 (3<superindice>2</superindice>) + 2
(3) = 27 + 6 = 33    </p><p>Y así sucesivamente hasta obtener:  </p
></listaElemento>
</listaSinNumerar>
<p centrado="si">5, 16, 33, 56, 85, 120, …</p>
<practica>
<enlace
destino="/LoIdRedirect.aspx?LoId=MA_07_09_CO_Recurso010&amp;IdRecurso=RES-24465F29745C46CFA59C55E476BE1480"
>Generaliza las secuencias</enlace>
</practica></seccion2Texto></seccion2><seccion2
id="S2_MA_07_09_CO_7FCB5EF6782E4F588E78B207F68A8833">
<seccion2Titulo>Los patrones geométricos</seccion2Titulo>
<seccion2Texto>
<p>Cuando se presentan <negrita>regularidades</negrita> en un diseño
gráfico o una secuencia de imágenes con figuras geométricas, entonces
se dice que hay un <negrita>patrón geométrico</negrita>. Observa los
ejemplos.  </p>
<p>Ejemplo 1  </p>
<p>La secuencia de imágenes está construida con fósforos de madera;
obsérvala con atención y responde las siguientes preguntas.  </p>
<listaSinNumerar>
<listaElemento>¿Qué tienen en común las figuras?</listaElemento>
<listaElemento>¿Cómo varían las figuras de la secuencia?</listaElemento>
<listaElemento>¿Cuántos fósforos de madera se necesitan para construir
cada figura?</listaElemento>
</listaSinNumerar>
<imagen src="MA_07_09_CO_IMG07_small.jpg">
<p>Las figuras están formadas por triángulos congruentes; cada figura
tiene un triángulo más que la anterior. </p>
</imagen>
<p>En la tabla se puede observar el número de fósforos de madera que
se usaron en cada figura.</p>
<table cellpadding="5" cellspacing="0"><caption>Patrones geométrios
expresados numéricamente</caption><colgroup align="center"><col/><col/>
<col/><col/></colgroup>
<tbody>
<tr>
<td>Figura 1</td>
<td>Figura 2</td>
<td>Figura 3</td>
<td>Figura 4</td>
</tr>
<tr>
<td>3</td>
<td>5</td>
<td>7</td>
<td>9</td>
</tr>
</tbody>
</table>
<p>Al comparar los números de la tabla se deduce que hay un patrón
numérico; el número de palillos usados en la <negrita>secuencia geométrica</negrita
> está dado por los números impares a partir de 3. Este patrón numérico
se escribe en símbolos, mediante una expresión matemática así: 2<cursiva
>n</cursiva> + 1, donde <cursiva>n</cursiva> es el número de la figura.
 </p>
<p>Con el <negrita>patrón numérico</negrita> se puede hallar el número
de fósforos que sería necesario para construir una de estas figuras
conociendo su posición. En efecto, si se continúa la secuencia de
imágenes, la figura 8 tendría:</p>
<p centrado="si">2<cursiva>n</cursiva> + 1</p>
<p centrado="si">2 (8) + 1</p>
<p centrado="si">17 </p>
<p>El resultado se obtiene al reemplazar la <cursiva>n</cursiva> por
el número 8 y hacer las operaciones correspondientes, con lo que se
concluye que la figura 8 se formará con 17 fósforos de madera.   </p>
<p>Ejemplo 2  </p>
<p>Observa la secuencia de imágenes, busca semejanzas y diferencias.
Luego, responde las preguntas.</p>
<listaSinNumerar>
<listaElemento>¿Qué rasgos conservan todas las figuras de la secuencia?</listaElemento>
<listaElemento>¿Qué características van cambiando en las figuras?</listaElemento>
</listaSinNumerar>
<imagen src="MA_07_09_CO_IMG08_small.jpg">
<p>Polígonos regulares con el número de lados en aumento de uno en
uno, cada cual con sus respectivas diagonales. </p>
</imagen>
<p>La siguiente tabla resume el número de lados y el número de diagonales
de cada polígono.</p>
<table cellpadding="5" cellspacing="0"><caption>Patrón numérico de
las diagonales de un polígono regular</caption><colgroup align="center">
<col/><col/><col/><col/><col/><col/></colgroup>
<tbody>
<tr>
<td>Número de figura</td>
<td>1</td>
<td>2</td>
<td>3</td>
<td>5</td>
<td>6</td>
</tr>
<tr>
<td>Número de lados</td>
<td>3</td>
<td>4</td>
<td>5</td>
<td>6</td>
<td>7</td>
</tr>
<tr>
<td>Número de diagonales</td>
<td>0</td>
<td>2</td>
<td>5</td>
<td>9</td>
<td>14</td>
</tr>
</tbody>
</table>
<p>Si se escribe el patrón numérico que representa la secuencia de
los polígonos regulares es posible saber cuántas diagonales tiene
un dodecágono, sin tener que trazarlas.   </p>
<p>Al representar el número de lados del polígono con la letra <cursiva
>p</cursiva> se tiene que el número de diagonales está dado por la
expresión:  </p>
<p centrado="si"><cursiva>p</cursiva> (<cursiva>p</cursiva> – 3) ÷
2 </p>
<p>En efecto, si <cursiva>p</cursiva> = 7 se cumple que   </p>
<p centrado="si">D<subindice>heptágono</subindice> = <cursiva>p</cursiva
> (<cursiva>p</cursiva> – 3) ÷ 2 = 7 (7 – 3) ÷ 2 = 7 (4) ÷ 2 = 14</p>
<p>Lo que quiere decir que un heptágono regular tiene 14 diagonales.
Lo mismo ocurre si se verifica para cualquiera de los valores de la
tabla.   Ahora, si se desea saber la cantidad de diagonales de un
dodecágono, se debe calcular para <cursiva>p</cursiva> = 12. </p>
<p centrado="si">D = <cursiva>p</cursiva> (<cursiva>p</cursiva> –
3) ÷ 2  </p>
<p centrado="si">D<subindice>dodecágono</subindice> = 12 (12 – 3)
÷ 2 = 12 (9) ÷ 2  = 54 </p>
<p>De lo que se puede concluir que un dodecágono tiene 54 diagonales.</p>
<destacado><destacadoTitulo>Los patrones</destacadoTitulo>
<destacadoTexto>
<p>Un<negrita> patrón geométrico</negrita> se puede describir por
medio de símbolos matemáticos a través de un <negrita>patrón numérico</negrita
>.</p>
</destacadoTexto></destacado>
<p>Descubre patrones para completar secuencias numéricas y geométricas
en la web [<enlace
destino="http://www.conevyt.org.mx/cursos/cursos/pdm/interface/mainframe/bloqueF/mat02_35.html"
>VER</enlace>].</p>
<practica>
<enlace
destino="/LoIdRedirect.aspx?LoId=MA_07_09_CO_Recurso030&amp;IdRecurso=RES-F86899FC661D41D9A218A3BD3920E721"
>Sigue patrones geométricos</enlace>
</practica></seccion2Texto></seccion2><seccion2
id="S2_MA_07_09_CO_7FCB5EF6782E4F588E78B207F68A9944">
<seccion2Titulo>Consolidación</seccion2Titulo>
<seccion2Texto>
<p>Actividad para afianzar lo que has aprendido en esta sección.</p>
<practica>
<enlace
destino="/LoIdRedirect.aspx?LoId=MA_07_09_CO_Recurso040&amp;IdRecurso=RES-113224709FA4430D8C97D64400C8F6E5"
>Refuerza tu aprendizaje: Los patrones</enlace>
</practica></seccion2Texto></seccion2></seccion1Texto></seccion1>
<seccion1 id="S1_MA_07_09_CO_E56083162B364F5C856FED9CFE63EE6D">
<seccion1Titulo>El lenguaje algebraico</seccion1Titulo>
<seccion1Texto>
<p>Utilizar letras como <cursiva>x, y, a, b, n,</cursiva> etc. es
común en matemáticas para representar un valor desconocido o un valor
que cambia. Por ejemplo, al plantear ecuaciones que resuelven una
situación en contexto o al escribir un patrón numérico, la letra se
convierte en un símbolo que representa uno o varios números y se llama
variable.</p>
<p>Las variables, junto con los signos de las operaciones, permiten
representar a través de símbolos expresiones del lenguaje común. 
 </p>
<p>Ejemplos</p>
<listaSinNumerar>
<listaElemento>El <negrita>doble de una cantidad</negrita> se escribe
como <negrita>2<cursiva>n</cursiva></negrita> o <negrita>2<cursiva
>x</cursiva></negrita>, porque el doble de cualquier número se calcula
multiplicando el número por 2. En este caso, el número se representó
con las letras <cursiva>n</cursiva> y <cursiva>x</cursiva>, pero se
puede usar cualquier letra minúscula.</listaElemento>
<listaElemento>El <negrita>cuadrado de una cantidad</negrita> se escribe
como <negrita><cursiva>x</cursiva><superindice>2</superindice></negrita
> o <negrita><cursiva>y</cursiva><superindice>2</superindice></negrita
>, porque el cuadrado de un número se obtiene multiplicando dos veces
un mismo número.</listaElemento>
<listaElemento>El <negrita>triple de una cantidad</negrita> se escribe
como <negrita>3<cursiva>a</cursiva></negrita> o <negrita>3<cursiva
>b</cursiva></negrita>, porque el triple de un número es el resultado
de multiplicar el número por 3.</listaElemento>
<listaElemento>El <negrita>cubo de un número</negrita> cualquiera
se simboliza como <negrita><cursiva>x</cursiva><superindice>3</superindice
></negrita>; la letra <negritacursiva>x</negritacursiva> representa
el número.</listaElemento>
</listaSinNumerar>
<p>Las expresiones que utilizan variables y signos de operaciones
matemáticas conforman un <negrita>lenguaje algebraico</negrita>.</p>
<recuerda><recuerdaTexto>
<p>Las <negrita>variables</negrita> y los signos de las <negrita>operaciones</negrita
> se usan para traducir expresiones del lenguaje común a un <negrita
>lenguaje algebraico</negrita>. </p>
</recuerdaTexto></recuerda>
<p>Para escribir expresiones de forma algebraica se debe tener en
cuenta el significado de las operaciones y el orden de las expresiones
en lenguaje común; por ejemplo, cuando se habla de: </p>
<listaSinNumerar>
<listaElemento>Aumentar, exceder, sobrepasar, se hace referencia a
la adición.</listaElemento>
<listaElemento>Quitar, disminuir, perder, retirar, se usa la sustracción.</listaElemento>
<listaElemento>La palabra mitad se refiere a dividir por 2; la tercera
parte o un tercio de cierta cantidad se encuentra al dividir por 3.</listaElemento>
<listaElemento>La expresión tantas veces se refiere a multiplicación. </listaElemento>
</listaSinNumerar>
<p>Ejemplos </p>
<imagen src="MA_07_09_CO_IMG09_small.jpg">
<p>El número se simboliza con la variable <cursiva>y</cursiva>.</p>
</imagen>
<imagen src="MA_07_09_CO_IMG10_small.jpg">
<p>La letra <cursiva>a</cursiva> representa la cantidad.</p>
</imagen>
<imagen src="MA_07_09_CO_IMG11_small.jpg">
<p>El número se simboliza con la letra <cursiva>x</cursiva>.</p>
</imagen>
<p>El uso de variables, fórmulas y patrones numéricos constituye un
lenguaje algebraico en el que se usan números racionales y operaciones
como la adición, sustracción, multiplicación, división, potenciación
y radicación.   </p>
<p>Son ejemplos de <negrita>expresiones algebraicas</negrita>:</p>
<p centrado="si">2<cursiva>x</cursiva><superindice>3</superindice
><cursiva>y</cursiva> </p>
<p centrado="si">4<cursiva>y</cursiva><superindice>2</superindice
> + 11 </p>
<p centrado="si"><cursiva>a</cursiva>(3<cursiva>b</cursiva> – 4) </p>
<p centrado="si">(2<cursiva>n</cursiva> – 1) · 2<cursiva>n</cursiva
></p>
<destacado><destacadoTitulo>Las expresiones algebraicas</destacadoTitulo>
<destacadoTexto>
<p>Una expresión matemática que utiliza números, signos de las operaciones
básicas, y letras para representar números desconocidos o valores
que cambian se conoce como<negrita> expresión algebraica</negrita
>.</p>
</destacadoTexto></destacado>
<p>Puedes visitar la siguiente página web [<enlace
destino="https://www.thatquiz.org/es/previewtest?REUC5183">VER</enlace
>] donde se proponen ejercicios para practicar la representación con
expresiones algebraicas.  </p>
<profundiza>
<enlace
destino="/LoIdRedirect.aspx?LoId=MA_07_09_CO_Recurso050&amp;IdRecurso=RES-4FA66BAAD55A477ABFEDFF12D94666CA"
>Las expresiones algebraicas</enlace>
</profundiza><practica>
<enlace
destino="/LoIdRedirect.aspx?LoId=MA_07_09_CO_Recurso060&amp;IdRecurso=RES-F2109BABA026475E84423D8C8E903E97"
>Identifica expresiones algebraicas</enlace>
</practica><seccion2
id="S2_MA_07_09_CO_E56083162B364F5C856FED9CFE636633">
<seccion2Titulo>El uso de expresiones algebraicas</seccion2Titulo>
<seccion2Texto>
<p>Las <negrita>expresiones algebraicas</negrita> se utilizan para
representar y solucionar matemáticamente situaciones de la cotidianidad
en las que se desconocen magnitudes o se tienen valores que cambian.
  </p>
<p>Ejemplo  </p>
<p>En un almacén especializado en la comercialización de patinetas
eléctricas premian diariamente a los vendedores con una comisión en
billetes de $ 20 000, de acuerdo con las unidades vendidas. El administrador
tiene en su oficina la tabla que relaciona el número de patinetas
vendidas y el número de billetes que debe entregar por las ventas
del día.</p>
<p>Observa la tabla de comisiones y responde. </p>
<listaSinNumerar>
<listaElemento>¿Cómo están relacionadas las magnitudes<negrita> número
de patinetas</negrita> y <negrita>número de billetes</negrita>?</listaElemento>
<listaElemento>¿Cuántos billetes debe recibir una persona que vende
11 patinetas?</listaElemento>
</listaSinNumerar>
<imagen ampliable="no" src="MA_07_09_CO_IMG12_small.jpg">
<p>Las magnitudes número de patinetas y número de billetes, están
directamente correlacionadas pero no son directamente proporcionales.</p>
</imagen>
<p>De acuerdo con la información que se ve en la tabla podemos deducir
que las magnitudes están relacionadas así:  </p>
<listaSinNumerar>
<listaElemento>La premiación depende de un número impar de patinetas
vendidas.</listaElemento>
<listaElemento>El número de billetes que se entrega como comisión
resulta de multiplicar el número de patinetas vendidas por el número
par que le sigue.</listaElemento>
</listaSinNumerar>
<p>Por lo tanto, la persona que vende 11 patinetas debe recibir   </p>
<p centrado="si">11 × 12 = 132 </p>
<p>132 billetes de $ 20 000 por concepto de comisión.   </p>
<p>Está claro que en la medida que cambian las ventas cambia la premiación,
y que la premiación depende de las ventas que se hagan. Esta dependencia
entre las magnitudes se puede escribir con símbolos a través de <negrita
>patrones numéricos</negrita>.</p>
<listaSinNumerar>
<listaElemento>Como el número de patinetas vendidas es un número impar,
se puede escribir como: </listaElemento>
</listaSinNumerar>
<p centrado="si"><negrita>2<cursiva>n </cursiva>– 1</negrita> donde <cursiva
>n</cursiva> = 1, 2, 3, 4,…</p>
<table cellpadding="5" cellspacing="0"><caption>Secuencia de números
impares</caption><colgroup align="center"><col/><col/></colgroup>
<tbody>
<tr>
<td><negritacursiva>n</negritacursiva></td>
<td><negrita>2<cursiva>n</cursiva> – 1</negrita></td>
</tr>
<tr>
<td>1</td>
<td>2 × 1 – 1 = 1</td>
</tr>
<tr>
<td>2</td>
<td>2 × 2 – 1 = 3</td>
</tr>
<tr>
<td>3</td>
<td>2 × 3 – 1 = 5</td>
</tr>
<tr>
<td>4</td>
<td>2 × 4 – 1 = 7</td>
</tr>
</tbody>
</table>
<listaSinNumerar>
<listaElemento>El número par que le sigue a 2<cursiva>n</cursiva> –
1 se puede escribir como <negrita>2<cursiva>n</cursiva></negrita> donde <cursiva
>n</cursiva> = 1, 2, 3, 4,…</listaElemento>
</listaSinNumerar>
<table cellpadding="5" cellspacing="0"><caption>Secuencia de número
pares</caption><colgroup align="center"><col/><col/></colgroup>
<tbody>
<tr>
<td><negritacursiva>n</negritacursiva></td>
<td><negrita>2<cursiva>n</cursiva></negrita></td>
</tr>
<tr>
<td>1</td>
<td>2 × 1 = 2</td>
</tr>
<tr>
<td>2</td>
<td>2 × 2 = 4</td>
</tr>
<tr>
<td>3</td>
<td>2 × 3 = 6</td>
</tr>
<tr>
<td>4</td>
<td>2 × 4 = 8</td>
</tr>
</tbody>
</table>
<listaSinNumerar>
<listaElemento>El número de billetes que corresponde a la venta es
la multiplicación del número de patinetas vendidas <negrita>(2<cursiva
>n</cursiva> – 1)</negrita> y el número par que le sigue<negrita> (2<cursiva
>n</cursiva>)</negrita>, es decir, <negrita>(2<cursiva>n</cursiva
> – 1)</negrita> · <negrita>2<cursiva>n</cursiva></negrita>, donde <negritacursiva
>n</negritacursiva> = 1, 2, 3, 4,…</listaElemento>
</listaSinNumerar>
<table cellpadding="5" cellspacing="0"><caption>Secuencia para comisión
por ventas de patinetas</caption><colgroup align="center"><col/><col/>
<col/></colgroup>
<tbody>
<tr>
<td><negrita><cursiva>n</cursiva></negrita></td>
<td><negrita>2<cursiva>n</cursiva> – 1 </negrita></td>
<td><negrita>(2<cursiva>n</cursiva> – 1) · 2<cursiva>n</cursiva></negrita
></td>
</tr>
<tr>
<td>1</td>
<td>1</td>
<td>1 × 2 = 2</td>
</tr>
<tr>
<td>2</td>
<td>3</td>
<td>3 × 4 = 12</td>
</tr>
<tr>
<td>3</td>
<td>5</td>
<td>5 × 6 = 30</td>
</tr>
<tr>
<td>4</td>
<td>7</td>
<td>7 × 8 = 56</td>
</tr>
<tr>
<td>5</td>
<td>9</td>
<td>9 × 10 = 90</td>
</tr>
<tr>
<td>6</td>
<td>11</td>
<td>11 × 12 = 132</td>
</tr>
<tr>
<td>7</td>
<td>13</td>
<td>13 × 14 = 182</td>
</tr>
<tr>
<td>8</td>
<td>15</td>
<td>15 × 16 = 240</td>
</tr>
</tbody>
</table>
<destacado><destacadoTitulo>Patrones y situaciones de cambio</destacadoTitulo>
<destacadoTexto>
<p>Una situación de cambio se puede expresar mediante patrones numéricos
escritos en lenguaje común o con símbolos matemáticos.</p>
</destacadoTexto></destacado><recuerda><recuerdaTexto>
<p>Se llama situación de cambio a una situación real que relaciona
dos o más magnitudes a través de un patrón.</p>
</recuerdaTexto></recuerda><practica>
<enlace
destino="/LoIdRedirect.aspx?LoId=MA_07_09_CO_Recurso070&amp;IdRecurso=RES-B5B700B643A44242BFB8BE16DA90ACD7"
>Expresa el lenguaje algebraico con el lenguaje común</enlace>
<enlace
destino="/LoIdRedirect.aspx?LoId=MA_07_09_CO_Recurso080&amp;IdRecurso=RES-50A43C9607384623ADB48B8492BA1508"
>Traduce una expresión algebraica de la vida cotidiana a lenguaje
algebraico</enlace>
</practica></seccion2Texto></seccion2><seccion2
id="S2_MA_07_09_CO_E56083162B364F5C856FED9CFE637744">
<seccion2Titulo>Los elementos de una expresión algebraica</seccion2Titulo>
<seccion2Texto>
<p>Para utilizar las<negrita> expresiones algebraicas</negrita> hay
que identificar las partes que las conforman.</p>
<listaSinNumerar>
<listaElemento><negrita>Coeficiente</negrita>: es la parte numérica
de la expresión algebraica; cuando no aparece de forma explícita equivale
a 1.</listaElemento>
<listaElemento><negrita>Variable</negrita>: letra o letras que representan
cantidades desconocidas o magnitudes que cambian.</listaElemento>
<listaElemento><negrita>Parte literal</negrita>: está formada por
la variable o las variables de la expresión y los exponentes que las
acompañan.</listaElemento>
<listaElemento><negrita>Grado</negrita>: es el exponente al cual está
elevada la variable; cuando no aparece de forma explícita equivale
a 1.</listaElemento>
<listaElemento><negrita>Término</negrita>: cada una de las expresiones
algebraicas que no incluyen los signos de adición (+) o sustracción
(–).</listaElemento>
<listaElemento><negrita>Término independiente o constante</negrita
>: término que no tiene parte literal.</listaElemento>
</listaSinNumerar>
<p>Ejemplo 1</p>
<imagen src="MA_07_09_CO_IMG24_small.jpg">
<p>La expresión algebraica tiene un solo término y es de grado 3 con
respecto a <cursiva>x</cursiva> y de grado 1 con respecto a <cursiva
>y</cursiva>.</p>
</imagen>
<p>Ejemplo 2</p>
<imagen src="MA_07_09_CO_IMG25_small.jpg">
<p>La expresión algebraica tiene dos términos y su grado es 2.</p>
</imagen>
</seccion2Texto></seccion2><seccion2
id="S2_MA_07_09_CO_E56083162B364F5C856FED9CFE638855">
<seccion2Titulo>La clasificación de expresiones algebraicas</seccion2Titulo>
<seccion2Texto>
<p>Las expresiones algebraicas se clasifican de acuerdo con el número
de términos que posean en monomios, binomios, trinomios y polinomios.</p>
<seccion3 id="S3_MA_07_09_CO_E56083162B364F5C856FED9CFE636699">
<seccion3Titulo>Los monomios</seccion3Titulo>
<seccion3Texto>
<p>Las expresiones algebraicas que tienen un solo término se llaman <negrita
>monomios</negrita>, es decir, en los monomios no aparecen los signos
de adición (+) ni de sustracción (–).  </p>
<p>Ejemplos </p>
<p centrado="si"><cursiva>x</cursiva>  </p>
<p centrado="si">4<cursiva>a</cursiva><superindice>2</superindice
>  </p>
<p centrado="si">0,8<cursiva>nk</cursiva>  </p>
<p>El patrón numérico para los números pares se representa mediante
el monomio <negrita>2<cursiva>n</cursiva></negrita>.</p>
<destacado><destacadoTitulo>Grado de un monomio</destacadoTitulo>
<destacadoTexto>
<p>Cuando el monomio tiene una sola variable, el grado del monomio
es el mismo grado de la variable. Si en el monomio aparece más de
una variable, entonces su grado es la suma de los exponentes de las
variables.</p>
<p>Monomio de grado 4: 35<cursiva>y</cursiva><superindice>4</superindice
></p>
<p>Monomio de grado 7: 23<cursiva>x</cursiva><superindice>2</superindice
>3<cursiva>y</cursiva><superindice>4</superindice><cursiva>z</cursiva
></p>
</destacadoTexto></destacado><profundiza>
<enlace
destino="/LoIdRedirect.aspx?LoId=MA_07_09_CO_Recurso130&amp;IdRecurso=RES-6CED094E2DFE414E804B5E432E378C60"
>Los monomios</enlace>
</profundiza><practica>
<enlace
destino="/LoIdRedirect.aspx?LoId=MA_07_09_CO_Recurso140&amp;IdRecurso=RES-7885E3E5D3834EE6BCE9634DFB86410D"
>Identifica las partes de un monomio</enlace>
</practica></seccion3Texto></seccion3><seccion3
id="S3_MA_07_09_CO_E56083162B364F5C856FED9CFE637700">
<seccion3Titulo>Los binomios</seccion3Titulo>
<seccion3Texto>
<p>Las expresiones algebraicas que tienen dos términos se llaman <negrita
>binomios</negrita>. Para que una expresión algebraica tenga dos términos
debe aparecer una vez la adición (+) o la sustracción (–).  </p>
<p>Ejemplos </p>
<p centrado="si">7<cursiva>x</cursiva> – 5<cursiva>y</cursiva>  </p>
<p centrado="si">4<cursiva>a</cursiva><superindice>2</superindice
> + 9<cursiva>a</cursiva>  </p>
<p>El patrón numérico para los números impares se representa con el
binomio <negrita>2<cursiva>n</cursiva> – 1</negrita>. </p>
<p>La expresión “un número aumentado en 25” se representa con el binomio <negrita
><cursiva>x</cursiva> + 25</negrita>.</p>
<recuerda><recuerdaTexto>
<p>Un binomio es la expresión algebraica formada por dos monomios.</p>
</recuerdaTexto></recuerda></seccion3Texto></seccion3><seccion3
id="S3_MA_07_09_CO_E56083162B364F5C856FED9CFE638811">
<seccion3Titulo>Los trinomios</seccion3Titulo>
<seccion3Texto>
<p>Las <negrita>expresiones algebraicas </negrita>que tienen<negrita
> tres términos </negrita>se llaman <negrita>trinomios</negrita>,
es decir, están formadas por tres monomios separados por las operaciones
de adición o sustracción.   </p>
<p>Analiza las siguientes situaciones en las que se aplican trinomios.
   </p>
<p><negrita>Situación 1</negrita></p>
<p>Observa con atención la expresión que representa el perímetro del
triángulo.  </p>
<imagen src="MA_07_09_CO_IMG15_small.jpg">
<p>Las medidas de los lados del triángulo están expresadas algebraicamente. </p>
</imagen>
<p>El trinomio que representa el perímetro del triángulo está dado
por la expresión: </p>
<p centrado="si"><negrita><cursiva>P</cursiva> = 5<cursiva>a</cursiva
><superindice>3</superindice><cursiva>b</cursiva> + <cursiva>ab</cursiva
> + 7<cursiva>a</cursiva> </negrita></p>
<p><negrita>Situación 2  </negrita></p>
<p>El cuadrado de un número aumentado en su doble y disminuido en
½.   </p>
<p>Si el número se simboliza con la letra <cursiva>x</cursiva>, entonces
el trinomio es:</p>
<formula alineacion="centrada" src="MA_G07_09_CO_012.gif"></formula>
<p><negrita>Situación 3  </negrita></p>
<p>La suma de un número con su cubo y su cuadrado.  </p>
<p>Si el número se simboliza con la letra <cursiva>y</cursiva>, entonces
el trinomio resulta:   </p>
<p centrado="si"><negrita><cursiva>y</cursiva><superindice>3</superindice
> + <cursiva>y</cursiva><superindice>2</superindice> + <cursiva>y</cursiva
></negrita></p>
<p><negrita>Situación 4 </negrita></p>
<p>La suma de tres números diferentes.  </p>
<p>Como se trata de números diferentes se deben usar variables diferentes;
por ejemplo, <cursiva>p, q</cursiva> y <cursiva>r</cursiva>, en cuyo
caso el trinomio sería:  </p>
<p centrado="si"><negrita><cursiva>p</cursiva> + <cursiva>q</cursiva
> + <cursiva>r</cursiva></negrita></p>
</seccion3Texto></seccion3><seccion3
id="S3_MA_07_09_CO_E56083162B364F5C856FED9CFE639922">
<seccion3Titulo>Los polinomios</seccion3Titulo>
<seccion3Texto>
<p>Un <negrita>polinomio</negrita> es la expresión algebraica constituida
por la adición y sustracción combinadas con cuatro o más monomios.
Por ejemplo:</p>
<formula alineacion="centrada" src="MA_G07_09_CO_013.gif"></formula>
<p>Observa los polinomios que expresan de forma algebraica el perímetro
de los polígonos de la imagen.</p>
<imagen src="MA_07_09_CO_IMG16_small.jpg">
<p>Un polinomio es la expresión algebraica que tiene más de tres términos.</p>
</imagen>
<destacado><destacadoTitulo>La clasificación de polinomios</destacadoTitulo>
<destacadoTexto>
<p>En algunos documentos se encuentra que se usa la palabra <negrita
>polinomios</negrita> para llamar a los <negrita>binomios</negrita
> y <negrita>trinomios</negrita>. En ese caso se considera que solo
hay dos clases de expresiones algebraicas, los monomios y los polinomios,
y que los binomios y trinomios son una subclase de los polinomios. </p>
</destacadoTexto></destacado><practica>
<enlace
destino="/LoIdRedirect.aspx?LoId=MA_07_09_CO_Recurso160&amp;IdRecurso=RES-88B7FDF2E67242A78AD1E011B09E66C4"
>Clasificación de expresiones algebraicas</enlace>
</practica></seccion3Texto></seccion3></seccion2Texto></seccion2>
<seccion2 id="S2_MA_07_09_CO_E56083162B364F5C856FED9CFE639966">
<seccion2Titulo>El valor numérico de una expresión algebraica</seccion2Titulo>
<seccion2Texto>
<p>Para <negrita>evaluar</negrita> una expresión algebraica y conocer
su <negrita>valor numérico</negrita> basta con reemplazar o sustituir
en la expresión el valor que se le asigne a la parte literal.   </p>
<p>Ejemplo 1 </p>
<p>Para hallar el valor numérico de <cursiva>m</cursiva> + 3 para <cursiva
>m</cursiva> = –9 se sustituye el valor de <cursiva>m</cursiva> así:
 </p>
<p centrado="si"><cursiva>m</cursiva> + 3 = (–9) + 3 = –6  </p>
<p>De esta manera, tenemos que el valor numérico de la expresión algebraica
es –6.   </p>
<p>Ejemplo 2   </p>
<p>Al resolver <negrita> <cursiva>x</cursiva><superindice>2</superindice
> + 5<cursiva>x</cursiva> – 13 </negrita> para <negrita> <cursiva
>x</cursiva> = 8, <cursiva>x</cursiva> = –3, <cursiva>x</cursiva> =
0 </negrita> y <negrita> <cursiva>x</cursiva> = 0,5</negrita>, tenemos:
 </p>
<table cellpadding="5" cellspacing="0"><caption>Valores numéricos
de <cursiva>x</cursiva><superindice>2</superindice> + 5<cursiva>x</cursiva
> – 13</caption><colgroup align="center"><col/><col/><col/></colgroup>
<tbody>
<tr>
<td><negrita>Valor para <cursiva>x</cursiva></negrita></td>
<td><negrita>Desarrollo matemático</negrita></td>
<td><negrita>Valor numérico</negrita></td>
</tr>
<tr>
<td><cursiva>x</cursiva> = 8</td>
<td>(8)<superindice>2</superindice> + 5(8) – 13 = 64 + 40 – 13</td>
<td>91</td>
</tr>
<tr>
<td><cursiva>x</cursiva> = –3</td>
<td>(–3)<superindice>2</superindice> + 5(–3) – 13 = 9 – 15 – 13</td>
<td>–19</td>
</tr>
<tr>
<td><cursiva>x</cursiva> = 0</td>
<td>(0)<superindice>2</superindice> + 5(0) – 13 = 0 + 0 – 13</td>
<td>–13</td>
</tr>
<tr>
<td><cursiva>x</cursiva> = 0,5</td>
<td>(0,5)<superindice>2 </superindice>+ 5(0,5) – 13 = 0,25 + 2,5 –
13</td>
<td>–10,25</td>
</tr>
</tbody>
</table>
<profundiza>
<enlace
destino="/LoIdRedirect.aspx?LoId=MA_07_09_CO_Recurso100&amp;IdRecurso=RES-5C1A13F0C4E54154BCCD62B3814A973B"
>Valor numérico de una expresión algebraica</enlace>
</profundiza><practica>
<enlace
destino="/LoIdRedirect.aspx?LoId=MA_07_09_CO_Recurso110&amp;IdRecurso=RES-9C0BD591A44E417EB8FC11D582CC5F83"
>Halla el valor numérico de una expresión algebraica</enlace>
</practica></seccion2Texto></seccion2><seccion2
id="S2_MA_07_09_CO_E56083162B364F5C856FED9CFE630077">
<seccion2Titulo>Consolidación</seccion2Titulo>
<seccion2Texto>
<p>Actividad para afianzar lo que has aprendido en esta sección.</p>
<practica>
<enlace
destino="/LoIdRedirect.aspx?LoId=MA_07_09_CO_Recurso120&amp;IdRecurso=RES-C9C8D4DB1BC4463BAF324C74F90BA12C"
>Refuerza tu aprendizaje: Las expresiones algebraicas</enlace>
</practica></seccion2Texto></seccion2></seccion1Texto></seccion1>
<seccion1 id="S1_MA_07_09_CO_257DB61678A44A90AB5D5FDB20A9CE17">
<seccion1Titulo>Las operaciones entre monomios y binomios</seccion1Titulo>
<seccion1Texto>
<p>Las expresiones algebraicas se pueden operar entre ellas cumpliendo
algunas condiciones específicas. </p>
<seccion2 id="S2_MA_07_09_CO_257DB61678A44A90AB5D5FDB20A97711">
<seccion2Titulo>La adición y la sustracción de monomios</seccion2Titulo>
<seccion2Texto>
<p>Al comparar los monomios que representan las longitudes de los
lados de cada polígono regular de la imagen, encontramos que las longitudes
de los lados están expresadas con <negrita>términos semejantes</negrita
> puesto que tienen su parte literal idéntica.</p>
<imagen src="MA_07_09_CO_IMG17_small.jpg">
<p>Los polígonos regulares tienen sus lados y sus ángulos internos
iguales. </p>
</imagen>
<p>Ahora, observa la regularidad de los siguientes rectángulos.</p>
<imagen src="MA_07_09_CO_IMG18_small.jpg">
<p>Los monomios que representan las longitudes de los lados de cada
rectángulo son términos semejantes.</p>
</imagen>
<p>Aunque los coeficientes de los monomios que representan las longitudes
de los lados en cada rectángulo son diferentes, su parte literal,
es idéntica. </p>
<p>Entonces, son <negrita>monomios semejantes</negrita>.  </p>
<p centrado="si"><negrita>3<cursiva>mn</cursiva></negrita> es semejante
a <negrita>2<cursiva>mn</cursiva></negrita> </p>
<p centrado="si"><negrita>3<cursiva>x</cursiva><superindice>2</superindice
><cursiva>y</cursiva></negrita> es semejante a <negrita> <cursiva
>x</cursiva><superindice>2</superindice><cursiva>y</cursiva></negrita
></p>
<recuerda><recuerdaTexto>
<p>Para que dos o más monomios sean semejantes solo se requiere que
su parte literal sea idéntica.</p>
</recuerdaTexto></recuerda>
<p>Los monomios semejantes se pueden sumar y restar adicionando o
substrayendo los coeficientes según sea el caso, y dejando la misma
parte literal.   </p>
<p>Ejemplo 1</p>
<p>Para hallar el perímetro del triángulo que se observa en la imagen
se deben sumar todos sus lados. </p>
<imagen src="MA_07_09_CO_IMG19_small.jpg">
<p><negrita>Los monomios son términos semejantes</negrita> porque
tienen la misma parte literal; entonces, se pueden sumar.</p>
</imagen>
<p>Como sus tres lados son monomios semejantes, para hallar el perímetro
del triángulo se deben sumar sus coeficientes dejando la parte literal
igual, así:  </p>
<p centrado="si">4<cursiva>a</cursiva><superindice>2</superindice
> + 4<cursiva>a</cursiva><superindice>2</superindice> + 4<cursiva
>a</cursiva><superindice>2</superindice> = (4 + 4 + 4) <cursiva>a</cursiva
><superindice>2</superindice> = 12<cursiva>a</cursiva><superindice
>2</superindice>   </p>
<p>Luego, el perímetro del triángulo es 12<cursiva>a</cursiva><superindice
>2</superindice>.</p>
<p>Ejemplo 2   </p>
<p>Para hallar el perímetro del siguiente rectángulo debemos sumar
todos sus lados. </p>
<imagen src="MA_07_09_CO_IMG26_small.jpg">
<p>Para hallar el perímetro del rectángulo se deben sumar sus cuatro
lados. </p>
</imagen>
<p>Así, al simplificar la expresión del perímetro se deben sumar los
coeficientes y dejar la misma parte literal.  </p>
<p centrado="si">3<cursiva>mn</cursiva> + 2<cursiva>mn</cursiva> +
 3<cursiva>mn</cursiva> + 2<cursiva>mn</cursiva> = (3 + 2 + 3 + 2) <cursiva
>mn</cursiva> = 10<cursiva>mn</cursiva>  </p>
<p>Con esto encontramos que el perímetro del rectángulo es 10<cursiva
>mn</cursiva>.</p>
<destacado><destacadoTitulo>Simplificación de monomios</destacadoTitulo>
<destacadoTexto>
<p>Los monomios semejantes se pueden sumar y restar. Se hace la operación
indicada con los coeficientes y se deja la misma parte literal. Este
proceso recibe el nombre de <negrita>simplificación de monomios</negrita
>.</p>
</destacadoTexto></destacado>
<p>Ejemplos</p>
<formula alineacion="centrada" src="MA_G07_09_CO_014.gif"></formula>
<formula alineacion="centrada" src="MA_G07_09_CO_015.gif"></formula>
<formula alineacion="centrada" src="MA_G07_09_CO_016.gif"></formula>
<practica>
<enlace
destino="/LoIdRedirect.aspx?LoId=MA_07_09_CO_Recurso180&amp;IdRecurso=RES-4E47FFA408714CE38B9144733D2BB287"
>La adición y la sustracción de monomios</enlace>
<enlace
destino="/LoIdRedirect.aspx?LoId=MA_07_09_CO_Recurso190&amp;IdRecurso=RES-B9833E537AEC4ECF8F87BC8D70823995"
>Refuerza tu aprendizaje: Las expresiones algebraicas</enlace>
</practica></seccion2Texto></seccion2><seccion2
id="S2_MA_07_09_CO_257DB61678A44A90AB5D5FDB20A98822">
<seccion2Titulo>La adición y la sustracción de binomios</seccion2Titulo>
<seccion2Texto>
<p>Para sumar o restar binomios se usa la <negrita>adición</negrita
> o <negrita>sustracción</negrita> de <negrita>monomios</negrita>,
es decir, se simplifican los términos que son semejantes.   </p>
<p>Ejemplo 1   </p>
<p>Para hallar la expresión algebraica que representa el perímetro
de la figura que se muestra a continuación se requiere la adición
de cuatro binomios.</p>
<imagen src="MA_07_09_CO_IMG21_small.jpg">
<p>Para hallar el <negrita>perímetro</negrita> del trapecio se <negrita
>suman los binomios</negrita> que representan la longitud de cada
lado.</p>
</imagen>
<listaSinNumerar>
<listaElemento>Se organizan los binomios en columna, de tal forma
que los monomios semejantes estén ubicados uno debajo del otro.</listaElemento>
</listaSinNumerar>
<formula alineacion="centrada" src="MA_G07_09_CO_017.gif"></formula>
<listaSinNumerar>
<listaElemento>Se suman los monomios semejantes teniendo en cuenta
las leyes de los signos al sumar los coeficientes.</listaElemento>
</listaSinNumerar>
<imagen src="MA_07_09_CO_IMG22_small.jpg">
<p>Al simplificar los monomios semejantes se obtiene la suma de los
binomios.</p>
</imagen>
<p>El perímetro del trapecio está dado por la expresión algebraica <negrita
>66<cursiva>x</cursiva><superindice>2</superindice> – <cursiva>y</cursiva
><superindice>2</superindice></negrita>.</p>
<destacado><destacadoTitulo>La adición de binomios</destacadoTitulo>
<destacadoTexto>
<p>Para sumar binomios con coeficientes racionales se simplifican
los monomios semejantes aplicando las reglas para sumar números racionales.</p>
</destacadoTexto></destacado>
<p>Ejemplo 2  </p>
<p>Para hallar el resultado de la adición: </p>
<formula alineacion="centrada" src="MA_G07_09_CO_021.gif"></formula>
<p>Se pueden agrupar los monomios semejantes así:</p>
<formula alineacion="centrada" src="MA_G07_09_CO_022.gif"></formula>
<formula alineacion="centrada" src="MA_G07_09_CO_023.gif"></formula>
<formula alineacion="centrada" src="MA_G07_09_CO_020.gif"></formula>
<formula alineacion="centrada" src="MA_G07_09_CO_024.gif"></formula>
<p>Para <negrita>sustraer binomios</negrita> se utiliza un proceso
similar al de la adición; se debe tener en cuenta que la sustracción
afecta todo el sustraendo, es decir, cambia el signo de cada uno de
los términos del binomio que se resta.  </p>
<p>Ejemplo 1  </p>
<p>Para hallar la diferencia entre el binomio <negrita>–5<cursiva
>x</cursiva> + 8<cursiva>xy</cursiva></negrita> y el binomio <negrita
>–10<cursiva>x</cursiva> + 3<cursiva>xy</cursiva></negrita> se procede
así.  </p>
<p centrado="si">(–5<cursiva>x</cursiva> + 8<cursiva>xy</cursiva>)
– (–10<cursiva>x</cursiva> + 3<cursiva>xy</cursiva>)  </p>
<p>Con la aplicación de la ley de signos y teniendo en cuenta que
la sustracción afecta al sustraendo, se tiene: </p>
<p centrado="si">(–5<cursiva>x</cursiva> + 8<cursiva>xy</cursiva>)
– (–10<cursiva>x</cursiva> + 3<cursiva>xy</cursiva>) = –5<cursiva
>x</cursiva> + 8<cursiva>xy</cursiva> + 10<cursiva>x</cursiva> – 3<cursiva
>xy</cursiva>  </p>
<p centrado="si">(–5<cursiva>x</cursiva> + 8<cursiva>xy</cursiva>)
– (–10<cursiva>x</cursiva> + 3<cursiva>xy</cursiva>) = –5<cursiva
>x</cursiva> + 10<cursiva>x</cursiva> + 8<cursiva>xy</cursiva> – 3<cursiva
>xy</cursiva>  </p>
<p centrado="si">(–5<cursiva>x</cursiva> + 8<cursiva>xy</cursiva>)
– (–10<cursiva>x</cursiva> + 3<cursiva>xy</cursiva>) = 5<cursiva>x</cursiva
> + 5<cursiva>xy</cursiva>    </p>
<p>Ejemplo 2  </p>
<p>Para calcular 65<cursiva>a</cursiva><superindice>2</superindice
><cursiva>b</cursiva> + <cursiva>ab</cursiva> – (7<cursiva>a</cursiva
><superindice>2</superindice><cursiva>b</cursiva> – 9<cursiva>ab</cursiva
>) se tiene que:</p>
<imagen src="MA_07_09_CO_IMG23_small.jpg">
<p>La sustracción cambia los signos de todos los términos del sustraendo. </p>
</imagen>
<destacado><destacadoTitulo>La sustracción de polinomios</destacadoTitulo>
<destacadoTexto>
<p>Para sustraer binomios se pueden organizar los términos semejantes
en columna, y con la aplicación de la ley de signos se adicionan los
opuestos del sustraendo.</p>
</destacadoTexto></destacado><profundiza>
<enlace
destino="/LoIdRedirect.aspx?LoId=MA_07_09_CO_Recurso210&amp;IdRecurso=RES-A9B50F9CEEF9486981E4398C98B2413F"
>¿Qué sabes de álgebra?</enlace>
</profundiza></seccion2Texto></seccion2><seccion2
id="S2_MA_07_09_CO_257DB61678A44A90AB5D5FDB20A99933">
<seccion2Titulo>Consolidación</seccion2Titulo>
<seccion2Texto>
<p>Actividad para afianzar lo que has aprendido en esta sección.</p>
<practica>
<enlace
destino="/LoIdRedirect.aspx?LoId=MA_07_09_CO_Recurso170&amp;IdRecurso=RES-83AFC260A4D54F349851AFA73DC0B692"
>Refuerza tu aprendizaje: Las operaciones entre monomios y binomios</enlace>
</practica></seccion2Texto></seccion2></seccion1Texto></seccion1>
<seccion1 id="S1_MA_07_09_CO_753D77233E224C2BA9DF94FCEEBD2264">
<seccion1Titulo>Competencias</seccion1Titulo>
<seccion1Texto>
<p>Pon a prueba tus capacidades y aplica lo que has aprendido con
este recurso.</p>
<practica>
<enlace
destino="/LoIdRedirect.aspx?LoId=MA_07_09_CO_Recurso230&amp;IdRecurso=RES-8BC61240872C419B8E007EE182CCD063"
>Competencias: juega con las expresiones algebraicas</enlace>
</practica></seccion1Texto></seccion1><masinformacion
id="MI_MA_07_09_CO_99D3BE0AD9AB4B94936D7EA1A69B341B"><mapaconceptual>
<enlace
destino="/LoIdRedirect.aspx?LoId=MA_07_09_CO_Recurso250&amp;IdRecurso=RES-F02919D51F2F49B09B95ED207CBCB8FF"
>Mapa Conceptual</enlace></mapaconceptual><autoevaluate><enlace
destino="/LoIdRedirect.aspx?LoId=MA_07_09_CO_Recurso260&amp;IdRecurso=RES-8BFC1B106F1F4913866F45036EE49161"
>Evaluación</enlace></autoevaluate><enlacesreferencia>
<enlace destino="http://www.aaamatematicas.com/pat.htm  ">Descubre
algunos patrones numéricos</enlace>
<enlace destino="https://youtu.be/GUjW7aB8AeU">Observa el video sobre
patrones numéricos</enlace>
<enlace
destino="http://www.disfrutalasmatematicas.com/geometria/teselaciones.html "
>Conoce las teselaciones como ejemplo de patrones numéricos</enlace>
<enlace
destino="http://recursostic.educacion.es/secundaria/edad/1esomatematicas/1quincena7/index1_7.htm "
>Practica la adición y la sustracción de monomios</enlace>
<enlace
destino="http://descartes.cnice.mec.es/materiales_didacticos/Polinomios/monomios.htm"
>Repasa teoría y ejemplos de expresiones algebraicas</enlace>
</enlacesreferencia></masinformacion></libro>
