﻿<?xml version="1.0" encoding="utf-8"?><engine copy="Editorial Planeta" version="1" aprid="f7b"><main layout="1">
<title>La propiedad uniforme de las igualdades</title>
<footer>Selecciona una opción</footer>
</main>
<sections>
<section i="0" star="false" hasSubsections="false">
<menuImage path="MA_07_04_CO_REC70_IMG01a.jpg" border="0">
<title><![CDATA[¿Qué es la propiedad uniforme?]]></title>
</menuImage>
<pages>
<page i="0" visible="true" color="">
<title>Equilibrio e igualdades</title>
<description><![CDATA[<p><span style="font-family:verdana,geneva,sans-serif"><span style="font-size:20px">La igualdad entre dos cantidades puede representarse mediante una balanza en equilibrio, siempre y cuando esta igualdad sea cierta.</span></span></p>

<p><span style="font-family:verdana,geneva,sans-serif"><span style="font-size:20px">Se observa la representaci&oacute;n de una balanza de dos platos, a la izquierda;&nbsp;la balanza est&aacute; en equilibrio porque en un plato hay una caja que pesa 2&nbsp;kg y en el otro tenemos&nbsp;dos cajas, cada una de 1 kg, con las que el peso queda equilibrado.</span></span></p>

<p><span style="font-family:verdana,geneva,sans-serif"><span style="font-size:20px">Esta representaci&oacute;n gr&aacute;fica de equilibrio puede expresarse como una ecuaci&oacute;n:</span></span></p>

<p style="text-align:center"><span style="font-family:verdana,geneva,sans-serif"><span style="font-size:20px"><strong>2 = 1 + 1</strong></span></span></p>
]]></description>
<images>
<image path="MA_07_04_CO_REC70_IMG04n.jpg" border = "0" pathbig="MA_07_04_CO_REC70_IMG04a.jpg">
<title><![CDATA[]]></title>
</image>
</images>
</page>
<page i="0" visible="true" color="">
<title>¿Qué sucede si agregamos peso a uno de los platos de la balanza?</title>
<description><![CDATA[<p><span style="font-size:20px"><span style="font-family:verdana,geneva,sans-serif">Como es natural, si a uno de los platos de la balanza se le agrega un peso de 1 kg, la balanza se desequilibra, inclin&aacute;ndose hacia el lado de mayor peso.</span></span></p>

<p><span style="font-size:20px"><span style="font-family:verdana,geneva,sans-serif">En el caso de la igualdad que representaba inicialmente, al ser destruido el equilibrio, se destruye la igualdad;&nbsp;lo anterior puede representarse como:</span></span></p>

<p style="text-align:center"><span style="font-size:20px"><strong><span style="font-family:verdana,geneva,sans-serif">2 + 1&nbsp;</span></strong>&ne;<strong><span style="font-family:verdana,geneva,sans-serif"> 1 + 1</span></strong></span></p>

<p><span style="font-size:20px"><span style="font-family:verdana,geneva,sans-serif">donde el s&iacute;mbolo </span>&ne; representa la desigualdad, es decir, el desequilibrio en la balanza.</span></p>
]]></description>
<images>
<image path="MA_07_04_CO_REC70_IMG05nn.jpg" border = "0" pathbig="MA_07_04_CO_REC70_IMG05aa.jpg">
<title><![CDATA[]]></title>
</image>
</images>
</page>
<page i="0" visible="true" color="">
<title>¿Cómo mantener el equilibrio?</title>
<description><![CDATA[<p><span style="font-size:20px"><span style="font-family:verdana,geneva,sans-serif">Para volver a obtener una balanza equilibrada se tienen dos opciones:</span></span></p>

<ul>
	<li><span style="font-size:20px"><span style="font-family:verdana,geneva,sans-serif">Quitar el peso extra a&ntilde;adido en el paso anterior.</span></span></li>
	<li><span style="font-size:20px"><span style="font-family:verdana,geneva,sans-serif">Adicionar en el plato de la derecha un peso equivalente al adicionado en el plato de la izquierda.</span></span></li>
</ul>

<p><span style="font-size:20px"><span style="font-family:verdana,geneva,sans-serif">En el primer caso, en t&eacute;rminos de igualdades, resultar&iacute;a la igualdad que ten&iacute;amos al principio.</span></span></p>

<p><span style="font-size:20px"><span style="font-family:verdana,geneva,sans-serif">El&nbsp;segundo&nbsp;caso es m&aacute;s interesante, pues este nos generar&iacute;a una igualdad diferente a la inicial:</span></span></p>

<p style="text-align: center;"><span style="font-size:20px"><span style="font-family:verdana,geneva,sans-serif"><strong>2 + 1 = 1 + 1 + 1</strong></span></span></p>

<p><span style="font-size:20px"><span style="font-family:verdana,geneva,sans-serif">Como se puede observar, para equilibrar la balanza, debemos agregar la cantidad&nbsp;que gener&oacute; el desequilibrio&nbsp;sobre el lado que no se ha afectado.</span></span></p>
]]></description>
<images>
<image path="MA_07_04_CO_REC70_IMG06n.jpg" border = "0" pathbig="MA_07_04_CO_REC70_IMG06a.jpg">
<title><![CDATA[]]></title>
</image>
</images>
</page>
<page i="0" visible="true" color="">
<title>¿Qué sucede si quitamos una caja en uno de los platos?</title>
<description><![CDATA[<p><span style="font-size:20px"><span style="font-family:verdana,geneva,sans-serif">Si se elimina una caja de 1 kg en el primer plato de la balanza esta se desequilibra, como se observa en la ilustraci&oacute;n de la izquierda. </span></span></p>

<p><span style="font-size:20px"><span style="font-family:verdana,geneva,sans-serif">En t&eacute;rminos matem&aacute;ticos se escribe este desequilibrio como:</span></span></p>

<p style="text-align: center;"><span style="font-size:20px"><span style="font-family:verdana,geneva,sans-serif"><strong>2 + 1&nbsp;&ndash; 1</strong>&ne;<strong> 1 + 1 + 1</strong></span></span></p>

<p><span style="font-size:20px"><span style="font-family:verdana,geneva,sans-serif">&iquest;C&oacute;mo volver a equilibrar la balanza?</span></span></p>
]]></description>
<images>
<image path="MA_07_04_CO_REC70_IMG07nn.jpg" border = "0" pathbig="MA_07_04_CO_REC70_IMG07aa.jpg">
<title><![CDATA[]]></title>
</image>
</images>
</page>
<page i="0" visible="true" color="">
<title>El equilibrio</title>
<description><![CDATA[<p><span style="font-size:20px"><span style="font-family:verdana,geneva,sans-serif">Para conservar el equilibrio en la balanza, se puede hacer en el plato de la derecha lo mismo que se hace a la izquierda, es decir, quitar 1 kg.</span></span></p>

<p><span style="font-size:20px"><span style="font-family:verdana,geneva,sans-serif">En t&eacute;rminos matem&aacute;ticos se tendr&iacute;a:</span></span></p>

<p style="text-align: center;"><span style="font-size:20px"><span style="font-family:verdana,geneva,sans-serif"><strong>2 + 1 &ndash; 1 = 1 + 1 + 1 &ndash; 1</strong></span></span></p>

<p><span style="font-size:20px"><span style="font-family:verdana,geneva,sans-serif">Operando independientemente&nbsp;cada lado de la igualdad se verifica que se obtiene el mismo n&uacute;mero en ambos miembros.</span></span></p>
]]></description>
<images>
<image path="MA_07_04_CO_REC70_IMG08n.jpg" border = "0" pathbig="MA_07_04_CO_REC70_IMG08a.jpg">
<title><![CDATA[]]></title>
</image>
</images>
</page>
</pages>
</section><section i="0" star="false" hasSubsections="false">
<menuImage path="MA_07_04_CO_REC70_IMG02.jpg" border="0">
<title><![CDATA[Propiedad uniforme para las operaciones básicas]]></title>
</menuImage>
<pages>
<page i="0" visible="true" color="">
<title>Propiedad uniforme de la igualdad respecto a la adición</title>
<description><![CDATA[<p><span style="font-size:20px"><span style="font-family:verdana,geneva,sans-serif">La propiedad uniforme de la igualdad establece que&nbsp; al <strong>adicionar</strong>&nbsp;una <strong>misma cantidad</strong>&nbsp;en&nbsp;ambos miembros de una igualdad, el resultado ser&aacute; otra igualdad <strong>verdadera</strong>.</span></span></p>

<p><span style="font-family:verdana,geneva,sans-serif; font-size:20px">En la imagen se observa la generalizaci&oacute;n matem&aacute;tica de esta propiedad.</span></p>

<p>&nbsp;</p>
]]></description>
<images>
<image path="MA_07_04_CO_REC70_IMG09n.jpg" border = "0" pathbig="MA_07_04_CO_REC70_IMG09a.jpg">
<title><![CDATA[]]></title>
</image>
</images>
</page>
<page i="0" visible="true" color="">
<title>Propiedad uniforme de la igualdad respecto a la sustracción</title>
<description><![CDATA[<p><span style="font-size:20px"><span style="font-family:verdana,geneva,sans-serif">La propiedad uniforme de la igualdad establece que&nbsp;al <strong>sustraer</strong> una misma cantidad&nbsp;en&nbsp;ambos miembros de una igualdad, el resultado ser&aacute; otra igualdad verdadera.</span></span></p>

<p><span style="font-size:20px"><span style="font-family:verdana,geneva,sans-serif">En la imagen se observa la generalizaci&oacute;n matem&aacute;tica de esta propiedad.</span></span></p>

<p>&nbsp;</p>
]]></description>
<images>
<image path="MA_07_04_CO_REC70_IMG10n.jpg" border = "0" pathbig="MA_07_04_CO_REC70_IMG10a.jpg">
<title><![CDATA[]]></title>
</image>
</images>
</page>
<page i="0" visible="true" color="">
<title>Propiedad uniforme de la igualdad respecto a la multiplicación</title>
<description><![CDATA[<p style="text-align:justify"><span style="font-size:20px"><span style="font-family:verdana,geneva,sans-serif">La propiedad uniforme de la igualdad establece que&nbsp;al <strong>multiplicar</strong>&nbsp;por una misma cantidad ambos miembros de una igualdad, el resultado ser&aacute; otra igualdad verdadera.</span></span></p>

<p style="text-align:justify"><span style="font-size:20px"><span style="font-family:verdana,geneva,sans-serif">En la imagen se observa la generalizaci&oacute;n matem&aacute;tica de esta propiedad.</span></span></p>
]]></description>
<images>
<image path="MA_07_04_CO_REC70_IMG11n.jpg" border = "0" pathbig="MA_07_04_CO_REC70_IMG11a.jpg">
<title><![CDATA[]]></title>
</image>
</images>
</page>
<page i="0" visible="true" color="">
<title>Propiedad uniforme de la igualdad respecto a la división</title>
<description><![CDATA[<div>
<p><span style="font-size:20px"><span style="font-family:verdana,geneva,sans-serif">La propiedad uniforme de la igualdad establece que&nbsp;al <strong>dividir</strong>&nbsp;por una misma cantidad (diferente de cero) ambos miembros de una igualdad, el resultado ser&aacute; otra igualdad verdadera.</span></span></p>

<p><span style="font-family:verdana,geneva,sans-serif"><span style="font-size:20px">En la imagen se observa la generalizaci&oacute;n matem&aacute;tica de esta propiedad.</span></span></p>

<p><span style="font-size:20px"><span style="font-family:verdana,geneva,sans-serif">Es muy importante tener en cuenta, que la cantidad por la que se dividen los miembros de la igualdad debe ser diferente de cero.</span></span></p>
</div>
]]></description>
<images>
<image path="MA_07_04_CO_REC70_IMG12n.jpg" border = "0" pathbig="MA_07_04_CO_REC70_IMG12a.jpg">
<title><![CDATA[]]></title>
</image>
</images>
</page>
</pages>
</section><section i="0" star="false" hasSubsections="false">
<menuImage path="MA_07_04_CO_REC70_IMG03n.jpg" border="0">
<title><![CDATA[Algunos ejemplos]]></title>
</menuImage>
<pages>
<page i="0" visible="true" color="">
<title>Ejemplo 1</title>
<description><![CDATA[<p><span style="font-size:20px"><span style="font-family:verdana,geneva,sans-serif">La igualdad 3 + 8 = 5 + 6 es verdadera y si se adiciona a cada lado el n&uacute;mero 2, se obtiene otra igualdad verdadera, como se observa en la imagen.</span></span></p>
]]></description>
<images>
<image path="MA_07_04_CO_REC70_IMG13n.jpg" border = "0" pathbig="MA_07_04_CO_REC70_IMG13a.jpg">
<title><![CDATA[]]></title>
</image>
</images>
</page>
<page i="0" visible="true" color="">
<title>Ejemplo 2</title>
<description><![CDATA[<p><span style="font-size:20px"><span style="font-family:verdana,geneva,sans-serif">La igualdad 3 - 8&nbsp;= -2 - 3&nbsp;es verdadera y si se sustrae a cada lado el n&uacute;mero 5, se obtiene otra igualdad verdadera, como se observa en la imagen.</span></span></p>
]]></description>
<images>
<image path="MA_07_04_CO_REC70_IMG14n.jpg" border = "0" pathbig="MA_07_04_CO_REC70_IMG14a.jpg">
<title><![CDATA[]]></title>
</image>
</images>
</page>
<page i="0" visible="true" color="">
<title>Ejemplo 3</title>
<description><![CDATA[<p><span style="font-size:20px"><span style="font-family:verdana,geneva,sans-serif">La igualdad 3 &times; 8 = 6 &times; 4 es verdadera y si se divide cada lado entre 2, se obtiene otra igualdad verdadera, como se observa en la imagen.</span></span></p>
]]></description>
<images>
<image path="MA_07_04_CO_REC70_IMG15n.jpg" border = "0" pathbig="MA_07_04_CO_REC70_IMG15a.jpg">
<title><![CDATA[]]></title>
</image>
</images>
</page>
<page i="0" visible="true" color="">
<title>Ejemplo 4</title>
<description><![CDATA[<p><span style="font-size:20px"><span style="font-family:verdana,geneva,sans-serif">La igualdad &nbsp;(<s>‒</s>3)<sup>3</sup> = <del>‒</del>27 es verdadera y si se multiplica cada lado por 7, se obtiene otra igualdad verdadera, como se observa en la imagen.</span></span></p>
]]></description>
<images>
<image path="MA_07_04_CO_REC70_IMG16n.jpg" border = "0" pathbig="MA_07_04_CO_REC70_IMG16a.jpg">
<title><![CDATA[]]></title>
</image>
</images>
</page>
</pages>
</section></sections>
</engine>