<?xml version='1.0' encoding='UTF-8'?><engine copy="Editorial Planeta" version="1" aprid="f10b">
<main mode="f10b" title="Solución de ecuaciones cuadráticas ">
<tf><![CDATA[<p><span style="font-size:19px"><span style="font-family:verdana,geneva,sans-serif">Recuerda que una ecuaci&oacute;n cuadr&aacute;tica o ecuaci&oacute;n de segundo grado corresponde a una expresi&oacute;n de la forma&nbsp;</span></span></p>

<p style="text-align: center;"><span style="font-size:19px"><span style="font-family:verdana,geneva,sans-serif"><em>ax</em><sup>2</sup> + <em>bx</em> + <em>c</em> = 0</span></span></p>

<p><span style="font-size:19px"><span style="font-family:verdana,geneva,sans-serif">Dependiendo de los valores de las constantes&nbsp;<em>b</em>&nbsp;y&nbsp;<em>c</em>, las ecuaciones cuadr&aacute;ticas se clasifican en <strong>incompletas</strong> y <strong>completas</strong>.&nbsp;</span></span></p>

<p><span style="font-size:19px"><span style="font-family:verdana,geneva,sans-serif">Solucionar una ecuaci&oacute;n cuadr&aacute;tica es hallar el valor o valores que al reemplazarlos en la ecuaci&oacute;n la&nbsp;hacen verdadera.&nbsp;Estos valores pueden ser reales o complejos.</span></span></p>

<p><span style="font-size:19px"><span style="font-family:verdana,geneva,sans-serif">Gr&aacute;ficamente, las soluciones reales de una ecuaci&oacute;n cuadr&aacute;tica corresponden a&nbsp;los puntos de intersecci&oacute;n de la par&aacute;bola con el eje <em>X</em></span></span>.</p>]]></tf>
</main>
<selection title="Ecuaciones cuadráticas incompletas " title2="Tipo de ecuaciones" bkclass="">
	<definition>
		<title>Ecuación</title>
		<def><![CDATA[<p><strong><span style="font-size:18px"><span style="font-family:verdana,geneva,sans-serif">Ecuaci&oacute;n:</span></span></strong></p>

<p><span style="font-size:18px"><span style="font-family:verdana,geneva,sans-serif">Igualdad matem&aacute;tica con una o m&aacute;s variables o valores desconocidos</span></span></p>

<p>&nbsp;</p>]]></def>
	</definition>
	<definition>
		<title>incompletas</title>
		<def><![CDATA[<p><strong>Ecuaciones incompletas:</strong></p>

<p>son las ecuaciones cuadr&aacute;ticas en las que se cumple que&nbsp;<em>b</em>&nbsp;= 0 o&nbsp;<em>c</em>&nbsp;= 0, o aquellas en las&nbsp;que&nbsp;<em>b</em>&nbsp;= 0 y&nbsp;<em>c</em>&nbsp;= 0.&nbsp;</p>

<p>Por ejemplo, las ecuaciones &ndash;2<em>x</em><sup>2</sup>&nbsp;+ 9 = 0, 3x<sup>2</sup>&nbsp;= 0 y&nbsp;<em>x</em><sup>2</sup>+ 2<em>x</em>&nbsp;= 0, son ecuaciones cuadr&aacute;ticas incompletas.</p>]]></def>
	</definition>
	<definition>
		<title>Completas</title>
		<def><![CDATA[<p><strong>Ecuaciones completas:</strong></p>

<p>son aquellas ecuaciones cuadr&aacute;ticas en las que el valor de las&nbsp;constantes&nbsp;<em>b</em>&nbsp;y&nbsp;<em>c</em>&nbsp;son diferentes de cero.</p>

<p>Por ejemplo, las ecuaciones 3<em>x</em><sup>2</sup>&nbsp;&ndash;&nbsp;<em>x</em>&nbsp;&ndash;&nbsp;5 = 0 y<br />
<em>x</em><sup>2</sup>&nbsp;&ndash; 2<em>x</em>&nbsp;+ 1 = 0 son ecuaciones cuadr&aacute;ticas completas.</p>]]></def>
	</definition>
</selection>
<presentation title="" title2="Ecuaciones incompletas" buttons="false" bkclass="">
	<definition>
		<title>Ecuación ax²</title>
		<def><![CDATA[<p><span style="color:#FFA500"><span style="font-size:24px">Comprensi&oacute;n</span></span></p>

<p><span style="font-family:verdana,geneva,sans-serif"><strong><span style="font-size:20px">Soluci&oacute;n de ecuaciones incompletas</span></strong></span></p>

<p><span style="font-size:19px"><span style="font-family:verdana,geneva,sans-serif">Las ecuaciones cuadr&aacute;ticas incompletas se resuelven teniendo en cuenta los siguientes casos.</span></span></p>

<p><span style="font-size:19px"><span style="font-family:verdana,geneva,sans-serif"><strong>Caso 1</strong>. Si en la ecuaci&oacute;n <em>ax</em><sup>2</sup> + <em>bx</em> + <em>c</em>,&nbsp;<em>b</em> es cero y <em>c</em> es cero, la ecuaci&oacute;n es de la forma <em>ax</em><sup>2</sup> = 0.</span></span></p>

<p><span style="font-size:19px"><span style="font-family:verdana,geneva,sans-serif">Este tipo de ecuaciones se resuelven as&iacute;:</span></span></p>

<p style="text-align:center"><span style="font-size:19px"><span style="font-family:verdana,geneva,sans-serif"><em>ax</em><sup>2</sup> = 0</span></span></p>

<p><span style="font-size:19px"><span style="font-family:verdana,geneva,sans-serif">Se divide entre <em>a</em> en ambos lados de la igualdad:</span></span></p>

<p style="text-align:center"><span style="font-size:19px"><span style="font-family:verdana,geneva,sans-serif"><em>x</em><sup>2</sup> = 0</span></span></p>

<p><span style="font-size:19px"><span style="font-family:verdana,geneva,sans-serif">Se extrae la ra&iacute;z cuadrada:</span></span></p>

<p style="text-align:center"><span style="font-size:19px"><span style="font-family:verdana,geneva,sans-serif"><em>x</em> = 0</span></span></p>

<p><span style="font-size:19px"><span style="font-family:verdana,geneva,sans-serif">Luego, todas las ecuaciones cuadr&aacute;ticas de esta forma tienen como &uacute;nica soluci&oacute;n&nbsp;<em>x</em> = 0.</span></span></p>]]></def>
	</definition>
	<definition>
		<title>Ecuación ax² + c</title>
		<def><![CDATA[<p><span style="color:rgb(255, 165, 0); font-size:24px">Comprensi&oacute;n</span></p>

<p><span style="font-size:19px"><span style="font-family:verdana,geneva,sans-serif"><strong>Soluci&oacute;n de ecuaciones incompletas</strong></span></span></p>

<p><span style="font-size:19px"><strong>Caso 2</strong>. Si en la ecuaci&oacute;n&nbsp;<em>ax</em><sup>2</sup>&nbsp;+&nbsp;<em>bx</em>&nbsp;+&nbsp;<em>c</em>,&nbsp;<em>b</em>&nbsp;es cero y&nbsp;<em>c</em>&nbsp;es diferente de cero, la ecuaci&oacute;n es de la forma&nbsp;<em>ax</em><sup>2</sup>&nbsp;+ <em>c</em> = 0.</span></p>

<p><span style="font-size:19px">Para resolver las ecuaciones cuadr&aacute;ticas que tienen esta forma, se realizan los siguientes&nbsp;pasos:</span></p>

<p style="text-align:center"><span style="font-size:19px"><em>ax</em><sup>2</sup> + <em>c</em> = 0</span></p>

<p><span style="font-size:19px">Se resta <em>c</em> en ambos lados de la igualdad:</span></p>

<p style="text-align:center"><span style="font-size:19px"><em>ax</em><sup>2</sup> = &ndash;<em>c</em>&nbsp;</span></p>

<p><span style="font-size:19px">Se divide entre <em>a</em> en ambos lados de la igualdad.</span></p>

<p style="text-align:center"><span style="font-size:19px"><img src="http://latex.codecogs.com/png.latex?%5Cfn_jvn%20x%5E%7B2%7D%20%3D%20-%5Cfrac%7Bc%7D%7Ba%7D" /></span></p>

<p><span style="font-size:19px">Se extrae ra&iacute;z cuadrada:</span></p>

<p style="text-align:center"><span style="font-size:19px"><img src="http://latex.codecogs.com/png.latex?%5Cfn_jvn%20x%20%3D%20%5Cpm%20%5Csqrt%7B-%5Cfrac%7Bc%7D%7Ba%7D%7D" /></span></p>

<p><span style="font-size:19px">Por tanto, las ecuaciones de la forma <em>ax</em><sup>2</sup> + <em>c</em> = 0 tienen dos soluciones:</span></p>

<p style="text-align:center"><span style="font-size:19px"><img src="http://latex.codecogs.com/png.latex?%5Cfn_jvn%20x_%7B1%7D%20%3D%20&amp;plus;%20%5Csqrt%7B-%5Cfrac%7Bc%7D%7Ba%7D%7D%5C%3A%20%5C%3A%5C%3A%20%5C%3A%20%5Ctextup%7By%7D%5C%3A%20%5C%3A%5C%3A%20%5C%3A%20x_%7B2%7D%20%3D%20-%20%5Csqrt%7B-%5Cfrac%7Bc%7D%7Ba%7D%7D" /></span></p>

<p><span style="font-size:19px">Por ejemplo:</span></p>

<p style="text-align:center"><span style="font-size:19px"><a href="http://www.codecogs.com/eqnedit.php?latex=\fn_jvn&amp;space;\large&amp;space;x^{2}&amp;space;-&amp;space;9&amp;space;=&amp;space;0" target="_blank"><img src="http://latex.codecogs.com/png.latex?\fn_jvn&amp;space;\large&amp;space;x^{2}&amp;space;-&amp;space;9&amp;space;=&amp;space;0" title="\large x^{2} - 9 = 0" /></a></span></p>

<p style="text-align:center"><span style="font-size:19px"><a href="http://www.codecogs.com/eqnedit.php?latex=\fn_jvn&amp;space;\large&amp;space;x^{2}&amp;space;=&amp;space;9" target="_blank"><img src="http://latex.codecogs.com/png.latex?\fn_jvn&amp;space;\large&amp;space;x^{2}&amp;space;=&amp;space;9" title="\large x^{2} = 9" /></a></span></p>

<p style="text-align:center"><span style="font-size:19px"><a href="http://www.codecogs.com/eqnedit.php?latex=\fn_jvn&amp;space;\large&amp;space;\sqrt{x^{2}}&amp;space;=&amp;space;\sqrt{9}" target="_blank"><img src="http://latex.codecogs.com/png.latex?\fn_jvn&amp;space;\large&amp;space;\sqrt{x^{2}}&amp;space;=&amp;space;\sqrt{9}" title="\large \sqrt{x^{2}} = \sqrt{9}" /></a></span></p>

<p style="text-align:center"><span style="font-size:19px"><a href="http://www.codecogs.com/eqnedit.php?latex=\fn_jvn&amp;space;\large&amp;space;x_{1}=&amp;space;3\&amp;space;y\&amp;space;x_{2}=-3" target="_blank"><img src="http://latex.codecogs.com/png.latex?\fn_jvn&amp;space;\large&amp;space;x_{1}=&amp;space;3\&amp;space;y\&amp;space;x_{2}=-3" title="\large x_{1}= 3\ y\ x_{2}=-3" /></a></span></p>

<p><span style="font-size:19px">De esta forma podemos hallar&nbsp;dos soluciones reales o complejas diferentes.</span></p>]]></def>
	</definition>
	<definition>
		<title>Ecuación ax² + bx</title>
		<def><![CDATA[<p><span style="color:rgb(255, 165, 0); font-size:24px">Comprensi&oacute;n</span></p>

<p><span style="font-size:19px"><span style="font-family:verdana,geneva,sans-serif"><strong>Soluci&oacute;n de ecuaciones incompletas</strong></span></span></p>

<p><span style="font-size:19px"><strong>Caso 3.&nbsp;</strong>Si en una ecuaci&oacute;n cuadr&aacute;tica&nbsp;<em>c</em>&nbsp;es igual a&nbsp;cero no se tendr&aacute; en la ecuaci&oacute;n t&eacute;rmino independiente, es decir, corresponder&aacute; a la expresi&oacute;n:</span></p>

<p style="text-align:center"><span style="font-size:19px"><a href="http://www.codecogs.com/eqnedit.php?latex=\fn_jvn&amp;space;\large&amp;space;ax^{_{2}}+bx=0" target="_blank"><img src="http://latex.codecogs.com/png.latex?\fn_jvn&amp;space;\large&amp;space;ax^{_{2}}+bx=0" title="\large ax^{_{2}}+bx=0" /></a></span></p>

<p><span style="font-size:19px">Para solucionar este tipo de ecuaciones se debe factorizar la expresi&oacute;n aplicando factor com&uacute;n&nbsp;e igualar&nbsp;cada factor a cero con el fin de despejar la variable, por ello, se determinar&aacute;n dos soluciones diferentes.</span></p>

<p><span style="font-size:19px">Por ejemplo:</span></p>

<p style="text-align:center"><span style="font-size:19px"><a href="http://www.codecogs.com/eqnedit.php?latex=\fn_jvn&amp;space;\large&amp;space;8x^{2}+2x=0" target="_blank"><img src="http://latex.codecogs.com/png.latex?\fn_jvn&amp;space;\large&amp;space;8x^{2}+2x=0" title="\large 8x^{2}+2x=0" /></a></span></p>

<p><span style="font-size:19px">Se factoriza <em>x</em>.</span></p>

<p style="text-align:center"><span style="font-size:19px"><a href="http://www.codecogs.com/eqnedit.php?latex=\fn_jvn&amp;space;\large&amp;space;2x(4x+1)=0" target="_blank"><img src="http://latex.codecogs.com/png.latex?\fn_jvn&amp;space;\large&amp;space;2x(4x+1)=0" title="\large 2x(4x+1)=0" /></a></span></p>

<p><span style="font-size:19px">Se iguala a cero cada uno de los factores de la expresi&oacute;n anterior:</span></p>

<p style="text-align:center"><span style="font-size:19px"><a href="http://www.codecogs.com/eqnedit.php?latex=\fn_jvn&amp;space;\large&amp;space;2x=0&amp;space;\&amp;space;\&amp;space;\&amp;space;\&amp;space;o&amp;space;\&amp;space;\&amp;space;\4x+1=0" target="_blank"><img src="http://latex.codecogs.com/png.latex?\fn_jvn&amp;space;\large&amp;space;2x=0&amp;space;\&amp;space;\&amp;space;\&amp;space;\&amp;space;o&amp;space;\&amp;space;\&amp;space;\4x+1=0" title="\large 2x=0 \ \ \ \ o \ \ \4x+1=0" /></a></span></p>

<p><span style="font-size:19px">Se resuelve cada ecuaci&oacute;n:</span></p>

<p style="text-align:center"><span style="font-size:19px"><a href="http://www.codecogs.com/eqnedit.php?latex=\fn_jvn&amp;space;\large&amp;space;x=0&amp;space;\&amp;space;\&amp;space;\&amp;space;\&amp;space;o&amp;space;\&amp;space;\4x=-1" target="_blank"><img src="http://latex.codecogs.com/png.latex?\fn_jvn&amp;space;\large&amp;space;x=0&amp;space;\&amp;space;\&amp;space;\&amp;space;\&amp;space;o&amp;space;\&amp;space;\4x=-1" title="\large x=0 \ \ \ \ o \ \4x=-1" /></a></span></p>

<p style="text-align:center"><span style="font-size:19px"><a href="http://www.codecogs.com/eqnedit.php?latex=\fn_jvn&amp;space;\large&amp;space;x=0&amp;space;\&amp;space;\&amp;space;\&amp;space;\&amp;space;o&amp;space;\&amp;space;\&amp;space;x=-\frac{1}{4}" target="_blank"><img src="http://latex.codecogs.com/png.latex?\fn_jvn&amp;space;\large&amp;space;x=0&amp;space;\&amp;space;\&amp;space;\&amp;space;\&amp;space;o&amp;space;\&amp;space;\&amp;space;x=-\frac{1}{4}" title="\large x=0 \ \ \ \ o \ \ x=-\frac{1}{4}" /></a></span></p>

<p><span style="font-size:19px">De esta forma hallamos dos soluciones reales&nbsp;diferentes.</span></p>]]></def>
	</definition>
</presentation>
<presentation title="" title2="Ecuaciones completas" buttons="false" bkclass="">
	<definition>
		<title>Factorización</title>
		<def><![CDATA[<p><span style="font-size:24px"><span style="color:#FFA500"><span style="font-family:verdana,geneva,sans-serif">Comprensi&oacute;n</span></span></span></p>

<p><span style="font-size:19px"><span style="font-family:verdana,geneva,sans-serif"><strong>Soluci&oacute;n de ecuaci&oacute;nes cuadr&aacute;ticas completas</strong></span></span></p>

<p><span style="font-size:19px"><span style="font-family:verdana,geneva,sans-serif">Una ecuaci&oacute;n cuadr&aacute;tica completa, es decir, de la forma<em> ax</em><sup>2</sup> + <em>bx</em> + <em>c</em> = 0 con&nbsp;<em>a</em>, <em>b</em>, <em>c</em> n&uacute;meros reales y b, <em>c</em> diferentes de 0, se puede resolver utilizando tres m&eacute;todos: soluci&oacute;n por factorizaci&oacute;n,&nbsp;soluci&oacute;n completando cuadrados y soluci&oacute;n por f&oacute;rmula general.</span></span></p>

<p><span style="font-size:19px"><span style="font-family:verdana,geneva,sans-serif"><strong>Caso 1.</strong> <strong>Soluci&oacute;n por factorizaci&oacute;n</strong></span></span></p>

<p><span style="font-size:19px"><span style="font-family:verdana,geneva,sans-serif">Para resolver la ecuaci&oacute;n cuadr&aacute;tica <em>ax</em><sup>2</sup>&nbsp;+&nbsp;<em>bx</em>&nbsp;+&nbsp;<em>c</em>&nbsp;= 0, se factoriza, si es posible, el&nbsp;trinomio <em>ax</em><sup>2</sup>&nbsp;+&nbsp;<em>bx</em>&nbsp;+&nbsp;<em>c</em>&nbsp;y se iguala cada factor a cero. Luego, se resuelve cada ecuaci&oacute;n&nbsp;lineal para hallar las soluciones.</span></span></p>

<p><span style="font-size:19px"><span style="font-family:verdana,geneva,sans-serif">Por ejemplo:&nbsp;</span></span></p>

<p style="text-align:center"><span style="font-size:19px"><span style="font-family:verdana,geneva,sans-serif">4<em>x</em><sup>2</sup> + 20<em>x</em> + 25 = 0</span></span></p>

<p><span style="font-size:19px"><span style="font-family:verdana,geneva,sans-serif">Se factoriza el trinomio&nbsp;4<em>x</em><sup>2</sup>&nbsp;+ 20<em>x</em>&nbsp;+ 25:</span></span></p>

<p style="text-align:center"><span style="font-size:19px"><span style="font-family:verdana,geneva,sans-serif">4<em>x</em><sup>2</sup>&nbsp;+ 20<em>x</em>&nbsp;+ 25 = (2<em>x</em> + 5)<sup>2</sup></span></span></p>

<p><span style="font-size:19px"><span style="font-family:verdana,geneva,sans-serif">Se iguala cero el factor y se deseja el valor de<em> x</em>:</span></span></p>

<p style="text-align:center"><span style="font-size:19px"><span style="font-family:verdana,geneva,sans-serif">(2<em>x</em> + 5)<sup>2 </sup>= 0</span></span></p>

<p style="text-align:center"><span style="font-size:19px"><span style="font-family:verdana,geneva,sans-serif">2<em>x</em>&nbsp;+ 5 = 0</span></span></p>

<p style="text-align:center"><span style="font-size:19px"><span style="font-family:verdana,geneva,sans-serif"><img src="http://latex.codecogs.com/png.latex?%5Cfn_jvn%20x%20%3D%20-%5Cfrac%7B5%7D%7B2%7D" /></span></span></p>]]></def>
	</definition>
	<definition>
		<title>Completando cuadrados</title>
		<def><![CDATA[<p><span style="font-size:24px"><span style="color:rgb(255, 165, 0)"><span style="font-family:verdana,geneva,sans-serif">Comprensi&oacute;n</span></span></span></p>

<p><span style="font-size:19px"><span style="font-family:verdana,geneva,sans-serif"><strong>Soluci&oacute;n de ecuaci&oacute;nes cuadr&aacute;ticas completas</strong></span></span></p>

<p><span style="font-size:19px"><span style="font-family:verdana,geneva,sans-serif"><strong><span style="background-color:rgb(255, 255, 255); color:rgb(51, 51, 51)">Caso 2. Soluci&oacute;n completando el cuadrado</span></strong></span></span></p>

<p><span style="font-size:19px"><span style="font-family:verdana,geneva,sans-serif"><span style="background-color:rgb(255, 255, 255); color:rgb(51, 51, 51)">Este m&eacute;todo se utiliza cuando el trinomio <em>ax</em><sup>2</sup> + <em>bx</em> +&nbsp;<em>c</em> no es factorizable. Para resolver&nbsp;una ecuaci&oacute;n cuadr&aacute;tica completando cuadrados se realizan los siguientes pasos:</span><br />
<span style="background-color:rgb(255, 255, 255); color:rgb(51, 51, 51)"><strong>Paso 1.</strong> Se resta <em>c</em> en ambos lados de la igualdad </span><em>ax</em><sup>2</sup>&nbsp;+&nbsp;<em>bx</em>&nbsp;+&nbsp;<em>c =</em><span style="background-color:rgb(255, 255, 255); color:rgb(51, 51, 51)">&nbsp;0, con lo cual se&nbsp;obtiene la expresi&oacute;n </span>&nbsp;<em>ax</em><sup>2</sup>&nbsp;+&nbsp;<em>bx</em>&nbsp;=&nbsp;&ndash;<em>c.</em></span></span></p>

<p><span style="font-size:19px"><span style="font-family:verdana,geneva,sans-serif"><span style="background-color:rgb(255, 255, 255); color:rgb(51, 51, 51)"><strong>Paso 2.</strong> Se dividen entre <em>a,</em> ambos lados de la igualdad.</span></span></span></p>

<p><span style="font-size:19px"><span style="font-family:verdana,geneva,sans-serif"><span style="background-color:rgb(255, 255, 255); color:rgb(51, 51, 51)"><strong>Paso 3.</strong> Se adiciona la expresi&oacute;n&nbsp;</span><img src="http://latex.codecogs.com/png.latex?%5Cfn_jvn%20%5Cleft%20%28%20%5Cfrac%7Bb%7D%7B2a%7D%20%5Cright%20%29%5E%7B%5E%7B2%7D%7D" /><span style="background-color:rgb(255, 255, 255); color:rgb(51, 51, 51)"> en ambos lados de la igualdad,</span></span></span></p>

<p><span style="font-size:19px"><span style="font-family:verdana,geneva,sans-serif"><span style="background-color:rgb(255, 255, 255); color:rgb(51, 51, 51)"><strong>Paso 4. </strong>Se factoriza el trinomio cuyo&nbsp;t&eacute;rmino es <em>x</em><sup>2</sup>.</span><br />
<span style="background-color:rgb(255, 255, 255); color:rgb(51, 51, 51)"><strong>Paso 5.</strong>&nbsp;Se extrae la ra&iacute;z cuadrada y se despeja <em>x.</em></span></span></span></p>

<p><span style="font-size:19px"><span style="font-family:verdana,geneva,sans-serif"><span style="background-color:rgb(255, 255, 255); color:rgb(51, 51, 51)">Por ejemplo.</span></span></span></p>

<p style="text-align:center"><span style="font-size:19px"><span style="font-family:verdana,geneva,sans-serif"><span style="background-color:rgb(255, 255, 255); color:rgb(51, 51, 51)">3<em>x</em><sup>2</sup><em> </em></span>&ndash;<span style="background-color:rgb(255, 255, 255); color:rgb(51, 51, 51)"><em> </em>24<em>x </em>+ 1<em> </em>= 0</span></span></span></p>

<p><span style="font-size:19px"><span style="font-family:verdana,geneva,sans-serif"><span style="background-color:rgb(255, 255, 255); color:rgb(51, 51, 51)">Se resta 1 en ambos lados de la igualdad.</span></span></span></p>

<p style="text-align:center"><span style="font-size:19px"><span style="font-family:verdana,geneva,sans-serif">3<em>x</em><sup>2</sup><em>&nbsp;</em>&ndash;<em>&nbsp;</em>24<em>x&nbsp;</em>+ 1<em>&nbsp;</em>&ndash;<em> </em>1<em>&nbsp;</em>= 0 &ndash;&nbsp;1</span></span></p>

<p style="text-align:center"><span style="font-size:19px"><span style="font-family:verdana,geneva,sans-serif">3<em>x</em><sup>2</sup><em>&nbsp;</em>&ndash;<em>&nbsp;</em>24<em>x&nbsp;</em><em>&nbsp;</em>= &ndash;&nbsp;1</span></span></p>

<p><span style="font-size:19px"><span style="font-family:verdana,geneva,sans-serif">Se divide entre 3 en ambos lados de la igualdad.</span></span></p>

<p style="text-align:center"><span style="font-size:19px"><span style="font-family:verdana,geneva,sans-serif"><img src="http://latex.codecogs.com/png.latex?%5Cfn_jvn%20%5Cfrac%7B3x%5E%7B2%7D%7D%7B3%7D%20-%20%5Cfrac%7B24x%7D%7B3%7D%20%3D%20-%5Cfrac%7B1%7D%7B3%7D" /></span></span></p>

<p style="text-align:center"><span style="font-size:19px"><span style="font-family:verdana,geneva,sans-serif"><img src="http://latex.codecogs.com/png.latex?%5Cfn_jvn%20x%5E%7B2%7D%20-%208x%20%3D%20-%5Cfrac%7B1%7D%7B3%7D" /></span></span></p>

<p><span style="font-size:19px"><span style="font-family:verdana,geneva,sans-serif">Se adiciona&nbsp;<img src="http://latex.codecogs.com/png.latex?%5Cfn_jvn%20%5Cleft%20%28%20%5Cfrac%7Bb%7D%7B2a%7D%20%5Cright%20%29%5E%7B%5E%7B2%7D%7D" />, que en este caso ser&iacute;a 4<sup>2</sup> = 16.</span></span></p>

<p style="text-align:center"><span style="font-size:19px"><span style="font-family:verdana,geneva,sans-serif"><img src="http://latex.codecogs.com/png.latex?%5Cfn_jvn%20x%5E%7B2%7D%20-%208x%20&amp;plus;%2016%20%3D%20-%5Cfrac%7B1%7D%7B3%7D%20&amp;plus;%2016" /></span></span></p>

<p><span style="font-size:19px"><span style="font-family:verdana,geneva,sans-serif">Se factoriza el trinomio.</span></span></p>

<p style="text-align:center"><span style="font-size:19px"><span style="font-family:verdana,geneva,sans-serif"><img src="http://latex.codecogs.com/png.latex?%5Cfn_jvn%20%28x%20-%204%29%5E%7B2%7D%3D%20%5Cfrac%7B47%7D%7B3%7D" /></span></span></p>

<p><span style="font-size:19px"><span style="font-family:verdana,geneva,sans-serif">Se extrae la ra&iacute;z y se despeja x.</span></span></p>

<p style="text-align:center"><span style="font-size:19px"><span style="font-family:verdana,geneva,sans-serif"><img src="http://latex.codecogs.com/png.latex?%5Cfn_jvn%20%5Csqrt%7B%28x%20-%204%29%5E%7B2%7D%7D%20%3D%20%5Cpm%20%5Csqrt%7B%5Cfrac%7B47%7D%7B3%7D%7D" /></span></span></p>

<p style="text-align:center"><span style="font-size:19px"><span style="font-family:verdana,geneva,sans-serif"><img src="http://latex.codecogs.com/png.latex?%5Cfn_jvn%20x%20%3D%20%5Cpm%20%5Csqrt%7B%5Cfrac%7B47%7D%7B3%7D%7D%20&amp;plus;%204" /></span></span></p>

<p style="text-align:center"><span style="font-size:19px"><span style="font-family:verdana,geneva,sans-serif"><img src="http://latex.codecogs.com/png.latex?%5Cfn_jvn%20x_%7B1%7D%20%3D%5Csqrt%7B%5Cfrac%7B47%7D%7B3%7D%7D%20&amp;plus;%204%5C%3A%20%5C%3A%20%5C%3A%20%5C%3A%20%5Ctextup%7By%7D%5C%3A%20%5C%3A%20%5C%3A%20x_%7B2%7D%20%3D-%5Csqrt%7B%5Cfrac%7B47%7D%7B3%7D%7D%20&amp;plus;%204" /></span></span></p>]]></def>
	</definition>
	<definition>
		<title>Fórmula general</title>
		<def><![CDATA[<p><span style="font-size:24px"><span style="color:rgb(255, 165, 0)"><span style="font-family:verdana,geneva,sans-serif">EComprensi&oacute;n</span></span></span></p>

<p><span style="font-size:19px"><span style="font-family:verdana,geneva,sans-serif"><strong>Soluci&oacute;n de ecuaci&oacute;nes cuadr&aacute;ticas completas</strong></span></span></p>

<p><span style="font-size:19px"><span style="font-family:verdana,geneva,sans-serif"><strong>Caso 3. Soluci&oacute;n por f&oacute;rmula cuadr&aacute;tica</strong></span></span></p>

<p><span style="font-size:19px"><span style="font-family:verdana,geneva,sans-serif">Si en la ecuaci&oacute;n <em>ax</em><sup>2</sup> + <em>bx</em> + <em>c</em> = 0, se completan cuadrados se puede deducir una <strong>f&oacute;rmula general</strong> para hallar las ra&iacute;ces de&nbsp;la ecuaci&oacute;n cuadr&aacute;tica.</span></span></p>

<p><span style="font-size:19px"><span style="font-family:verdana,geneva,sans-serif">Esta f&oacute;rmula general o f&oacute;rmula cuadr&aacute;tica se expresa de la siguiente manera:</span></span></p>

<p style="text-align:center"><span style="font-size:19px"><span style="font-family:verdana,geneva,sans-serif"><img src="http://latex.codecogs.com/png.latex?%5Cfn_jvn%20x%20%3D%20%5Cfrac%7B-b%20%5Cpm%20%5Csqrt%7Bb%5E%7B2%7D%20-%204ac%7D%7D%7B2a%7D" /></span></span></p>

<p><span style="font-size:19px"><span style="font-family:verdana,geneva,sans-serif">De donde se deducen que las soluciones de la ecuaci&oacute;n&nbsp;<em>ax</em><sup>2</sup> + <em>bx</em> + <em>c</em> =&nbsp;0 son:</span></span></p>

<p style="text-align:center"><span style="font-size:19px"><span style="font-family:verdana,geneva,sans-serif"><img src="http://latex.codecogs.com/png.latex?%5Cfn_jvn%20x_%7B1%7D%20%3D%20%5Cfrac%7B-b%20&amp;plus;%5Csqrt%7Bb%5E%7B2%7D%20-%204ac%7D%7D%7B2a%7D%5C%2C%5C%3A%20%5C%2C%20%5C%2C%20%5C%2C%20y%5C%2C%20%5C%2C%20%5C%2C%20%5C%2C%20%5C%3A%20x_%7B2%7D%20%3D%20%5Cfrac%7B-b%20-%5Csqrt%7Bb%5E%7B2%7D%20-%204ac%7D%7D%7B2a%7D" /></span></span></p>

<p><span style="font-size:19px"><span style="font-family:verdana,geneva,sans-serif">En el siguiente link encuentra la deducci&oacute;n de la f&oacute;rmula general para resolver ecuaciones de segundo grado [<a href="http://www.montereyinstitute.org/courses/Algebra1/COURSE_TEXT_RESOURCE/U10_L1_T3_text_final_es.html" style="font-family: verdana, geneva, sans-serif; font-size: 19px;">VER</a>].</span></span></p>

<p><span style="font-size:19px"><span style="font-family:verdana,geneva,sans-serif">Por ejemplo,</span></span></p>

<p style="text-align:center"><span style="font-size:19px"><span style="font-family:verdana,geneva,sans-serif">&ndash;2<em>x</em><sup>2</sup> + <em>x</em> + 4 = 0</span></span></p>

<p style="text-align:center"><span style="font-size:19px"><span style="font-family:verdana,geneva,sans-serif"><img src="http://latex.codecogs.com/png.latex?%5Cfn_jvn%20x%20%3D%20%5Cfrac%7B-1%20%5Cpm%20%5Csqrt%7B1%5E%7B2%7D%20-%204%28-2%29%284%29%7D%7D%7B2%282%29%7D%20%3D%20%5Cfrac%7B-1%20%5Cpm%20%5Csqrt%7B1%20&amp;plus;%2032%7D%7D%7B4%7D%20%3D%20%5Cfrac%7B-1%20%5Cpm%20%5Csqrt%7B33%7D%7D%7B4%7D" /><img src="http://latex.codecogs.com/png.latex?%5Cfn_jvn%20x_%7B1%7D%20%3D%20%5Cfrac%7B-1%20&amp;plus;%5Csqrt%7B33%7D%7D%7B4%7D%5C%3A%20%5C%3A%20%5C%3A%20%5C%3A%20y%5C%3A%20%5C%3A%20%5C%3A%5C%3A%20x_%7B2%7D%20%3D%20%5Cfrac%7B-1%20-%5Csqrt%7B33%7D%7D%7B4%7D" /></span></span></p>]]></def>
	</definition>
</presentation>
<activity title2="Práctica " visible="true" path="ma_09_06_co_rec170_activ.zip">
<masinfo>
<pantalla1><![CDATA[<p>Practica la soluci&oacute;n de ecuaciones cuadr&aacute;ticas con el siguiente recurso.</p>
]]></pantalla1>
</masinfo>
</activity></engine>