﻿<?xml version="1.0" encoding="UTF-8"?>
<XMLDatos aprid="F">
  <titulo>Números Naturales</titulo>
  <titulo1><![CDATA[Propiedades  de la multiplicación:]]></titulo1>
  <texto1><![CDATA[Los elementos de la <b>multiplicación</b> de los números naturales (N) son:<br/><br/><br/>
<b>a</b>&nbsp;&nbsp;&nbsp;&nbsp;·&nbsp;&nbsp;&nbsp;&nbsp;<b>b</b>   &nbsp;&nbsp;  =   &nbsp;&nbsp;  <b>c</b><br/><br/>
factor &nbsp;·  &nbsp;factor = producto]]></texto1>
  <titulo2><![CDATA[<b class="naranja">Conmutativa</b>]]></titulo2>
  <texto2><![CDATA[<b class="naranja">Conmutativa</b><br/><br/>El orden de los factores no altera el resultado.<br/><br/>
8  ·  5 = 5  ·  8 = 40]]></texto2>
  <titulo3><![CDATA[<b class="naranja">Asociativa</b>]]></titulo3>
  <texto3><![CDATA[<b class="naranja">Asociativa</b><br/><br/>El modo de agrupar los factores no altera el resultado.<br/><br/>
<span class="rojo_1">(8  ·  5)</span>  ·  2 = <span class="rojo_1">40</span>  ·  2 = 80<br/><br/>
8  ·  <span class="rojo_1">(5  ·  2)</span> = 8  ·  <span class="rojo_1">10</span> = 80]]></texto3>
  <titulo4><![CDATA[<b class="naranja">Distributiva</b>]]></titulo4>
  <texto4><![CDATA[<b class="naranja">Distributiva</b><br/><br/>La multiplicación sobre una suma (o resta) es<br/> igual a la suma (o resta) de los productos.<br/><br/>
8  ·  (5 + 2) = 8  ·  5 + 8  ·  2 = 56]]></texto4>
  <titulo5><![CDATA[<b class="naranja">Interna</b>]]></titulo5>
  <texto5><![CDATA[<b class="naranja">Interna</b><br/><br/>El resultado es siempre un número natural.<br/><br/>
8  ·  5 = 40 ? N]]></texto5>
  <titulo6><![CDATA[<b class="naranja">Elemento neutro</b>]]></titulo6>
  <texto6><![CDATA[<b class="naranja">Elemento neutro</b><br/><br/>El 1 es su elemento neutro, porque cualquier número<br/> multiplicado por 1 da el mismo número.<br/><br/>
8  ·  1 = 8]]></texto6>
  <titulo7><![CDATA[Propiedades de la división:]]></titulo7>
  <texto7><![CDATA[Los elementos de la <b>división</b> de los números naturales (N) son:<br/><br/><br/><br/><br/><br/><br/>
si r = 0 es una división exacta<br/>
si r ? 0 es una división entera]]></texto7>
  <titulo8><![CDATA[<b class="naranja">Elemento neutro</b>]]></titulo8>
  <texto8><![CDATA[<b class="naranja">Elemento neutro</b><br/><br/>El 1 es el elemento neutro de la división.<br/> Si cualquier número se divide por 1<br/> queda el mismo número.<br/><br/>
8 : 1 = 8]]></texto8>
  <texto9><![CDATA[<ul>
        <li>La división <b>no tiene propiedad conmutativa</b> porque el orden de los términos altera el cociente:<br/><br/>
                                      <center>8 : 2 = 4  ?  2 : 8 = 1 : 4</center></li>
        <li>La división <b>no tiene propiedad asociativa</b> porque el modo de agrupar los términos altera el cociente:<br/><br/>
                                      <center>(8 : 4) : 2 = 2 : 2 = 1</center>
                                      <center>8 : (4 : 2) = 8 : 2 = 4</center></li>
        <li>La división <b>no tiene propiedad interna</b> porque el resultado no es siempre un número natural:<br/><br/>
                                      <center>2 : 8 = 1 : 4 ? N</center></li>
        <li>La división <b>no tiene propiedad distributiva</b> porque la división sobre una suma (o resta) no es igual a la suma (o resta) de las divisiones:<br/><br/>
                                     <center> 8 : (5 + 2) ? 8 : 5 + 8 : 2</center></li>
    </ul>]]></texto9>
  <btnpractica><![CDATA[PRACTICA]]></btnpractica>
  <btnsolucion><![CDATA[SOLUCIÓN]]></btnsolucion>
  <multi05><![CDATA[Elemento
neutro]]></multi05>
  <multi04><![CDATA[Interna]]></multi04>
  <multi03><![CDATA[Distributiva]]></multi03>
  <multi02><![CDATA[Asociativa]]></multi02>
  <multi01><![CDATA[Conmutativa]]></multi01>
  <mc_interna><![CDATA[Interna\n\nEl resultado es siempre un número natural.\n\n8   5 = 40 ? N]]></mc_interna>
  <mc_Inforesta><![CDATA[• La división no tiene propiedad conmutativa porque el orden\n    de los términos altera el cociente:\n\n                                      8 : 2 = 4  ?  2 : 8 = 1 : 4\n\n • La división no tiene propiedad asociativa porque el modo de \n    agrupar los términos altera el cociente:\n \n                                      (8 : 4) : 2 = 2 : 2 = 1\n                                      8 : (4 : 2) = 8 : 2 = 4\n\n • La división no tiene propiedad interna porque el resultado no es\n    siempre un número natural:\n\n                                      2 : 8 = 1 : 4 ? N\n\n • La división no tiene propiedad distributiva porque la división sobre \n    una suma (o resta) no es igual a la suma (o resta) de las divisiones:\n\n                                      8 : (5 + 2) ? 8 : 5 + 8 : 2]]></mc_Inforesta>
  <mc_elementoneutrodivision><![CDATA[Elemento neutro\n\nEl 1 es el elemento neutro de la división.\nSi cualquier número se divide por 1\nqueda el mismo número.\n\n8 : 1 = 8]]></mc_elementoneutrodivision>
  <mc_elementoneutro><![CDATA[Elemento neutro\n\nEl 1 es su elemento neutro, porque cualquier número\nmultiplicado por 1 da el mismo número.\n\n8   1 = 8]]></mc_elementoneutro>
  <mc_distributiva><![CDATA[Distributiva\n\nLa multiplicación sobre una suma (o resta) es\nigual a la suma (o resta) de los productos.\n\n8   (5 + 2) = 8   5 + 8   2 = 56]]></mc_distributiva>
  <mc_conmutativa><![CDATA[Conmutativa\n\nEl orden de los factores no altera el resultado.\n\n8   5 = 5   8 = 40]]></mc_conmutativa>
  <mc_asociativa><![CDATA[Asociativa\n\nEl modo de agrupar los factores no altera el resultado.\n\n(8   5)   2 = 40   2 = 80\n\n8   (5   2) = 8   10 = 80]]></mc_asociativa>
  <multiplicacion><![CDATA[Multiplicación]]></multiplicacion>
  <division><![CDATA[División]]></division>
  <btndivision><![CDATA[Elemento neutro]]></btndivision>
</XMLDatos>