<?xml version='1.0' encoding='UTF-8'?><engine copy="Editorial Planeta" version="1" aprid="f13" title="Proyecto: Los métodos de razonamiento" >
<section title="Presentación" path="ma_08_08_co_rec300_img01n.jpg" pathAmp="ma_08_08_co_rec300_img01a.jpg" image1Text="" zoom1="true" zoom2a="false" zoom2b="false" layout="0" >
<![CDATA[<p style="text-align:justify">&nbsp;</p>

<p><span style="font-size:18px"><span style="font-family:verdana,geneva,sans-serif">Como proyecto se propone responder la siguiente pregunta:</span></span></p>

<p style="margin-left: 40px;"><span style="font-size:18px"><span style="font-family:verdana,geneva,sans-serif">Si una recta al intersecar dos rectas hace el &aacute;ngulo externo congruente al &aacute;ngulo interno y opuesto del mismo lado, &iquest;entonces las rectas ser&aacute;n paralelas?</span></span></p>
]]></section>
<section title="Conceptos" path="ma_08_08_co_rec300_img02n.jpg" pathAmp="ma_08_08_co_rec300_img02a.jpg" image1Text="" zoom1="true" zoom2a="false" zoom2b="false" layout="0" >
<![CDATA[<p>&nbsp;</p>

<p>Algunos conceptos necesarios para resolver el proyecto son:</p>

<ul>
	<li>Razonamiento inductivo.</li>
</ul>

<ul>
	<li>Razonamiento deductivo.</li>
</ul>

<ul>
	<li>Tesis, hip&oacute;tesis y proposici&oacute;n.</li>
</ul>

<ul>
	<li>Rectas paralelas.</li>
</ul>

<ul>
	<li>&Aacute;ngulos.</li>
</ul>

<p>&nbsp;</p>
]]></section>
<section title="Objetivos" path="ma_08_08_co_rec300_img03n.jpg" pathAmp="ma_08_08_co_rec300_img03a.jpg" image1Text="" zoom1="true" zoom2a="false" zoom2b="false" layout="0" >
<![CDATA[<p>&nbsp;</p>

<p><span style="font-size:18px"><span style="font-family:verdana,geneva,sans-serif">El objetivo general de este proyecto es:</span></span></p>

<p style="margin-left: 40px;"><strong><span style="font-size:18px"><span style="font-family:verdana,geneva,sans-serif">Elaborar una demostraci&oacute;n por medio de la aplicaci&oacute;n de los&nbsp;distintos tipos de razonamiento y conceptos estudiados en este tema.</span></span></strong></p>

<p><span style="font-size:18px"><span style="font-family:verdana,geneva,sans-serif">Los objetivos espec&iacute;ficos son:</span></span></p>

<ul>
	<li><span style="font-size:18px"><span style="font-family:verdana,geneva,sans-serif">Elaborar un conjunto de argumentos para realizar una demostraci&oacute;n.&nbsp;</span></span></li>
	<li><span style="font-size:18px"><span style="font-family:verdana,geneva,sans-serif">Hacer uso del&nbsp;razonamiento deductivo y razonamiento inductivo.</span></span></li>
	<li>Diferenciar y caracerizar los conceptos de rectas paralelas y perpendiculares.</li>
</ul>
]]></section>
<section title="Planificación" path="ma_08_08_co_rec300_img04n.jpg" pathAmp="ma_08_08_co_rec300_img04a.jpg" image1Text="" zoom1="true" zoom2a="false" zoom2b="false" layout="0" >
<![CDATA[<p>&nbsp;</p>

<p>Algunas pautas para planificar el proyecto son:</p>

<ul>
	<li>Leer con atenci&oacute;n y comprender la pregunta a responder.</li>
</ul>

<ul>
	<li>Consultar ejemplos sobre tipos de demostraciones en geometr&iacute;a.</li>
</ul>

<ul>
	<li>Establecer c&oacute;mo los conceptos vistos en clase ayudar&aacute;n a responder la pregunta.</li>
</ul>

<p>&nbsp;</p>

<p>&nbsp;</p>
]]></section>
<section title="Investigación " path="ma_08_08_co_rec300_img05n.jpg" pathAmp="ma_08_08_co_rec300_img05a.jpg" image1Text="" zoom1="true" zoom2a="false" zoom2b="false" layout="0" >
<![CDATA[<p style="text-align:justify">1. Caracteriza, por medio de un esquema, conceptos como:</p>

<ul style="margin-left:40px">
	<li style="text-align:justify">&Aacute;ngulo interno.</li>
	<li style="text-align:justify">&Aacute;ngulo externo.</li>
	<li style="text-align:justify">&Aacute;ngulos opuestos.</li>
	<li style="text-align:justify">&Aacute;ngulos&nbsp;adyacentes.</li>
	<li style="text-align:justify">&Aacute;ngulos rectos.</li>
</ul>

<p>2. Elabora una representaci&oacute;n gr&aacute;fica&nbsp;del enunciado a demostrar, resaltando cada uno de los conceptos anteriormente mencionados.</p>

<p>3. Comprueba con casos espec&iacute;ficos el enunciado a demostrar.</p>

<p>4. Usa el razonamiento deductivo para elaborar la demostraci&oacute;n que afirme o niegue el enunciado; recuerda que una demostraci&oacute;n debe tener una hip&oacute;tesis, una tesis y un proceso argumentativo.</p>
]]></section>
<section title="Análisis " path="ma_08_08_co_rec300_img06n.jpg" pathAmp="ma_08_08_co_rec300_img06a.jpg" image1Text="" zoom1="true" zoom2a="false" zoom2b="false" layout="0" >
<![CDATA[<p><span style="font-size:18px"><span style="font-family:verdana,geneva,sans-serif">Las pautas para realizar la demostraci&oacute;n son las siguientes:</span></span></p>

<ul>
	<li><span style="font-size:18px"><span style="font-family:verdana,geneva,sans-serif">Debes construir una tabla con dos encabezados, uno para la hip&oacute;tesis o afirmaci&oacute;n y otro para la tesis o justificaci&oacute;n.</span></span></li>
</ul>

<ul>
	<li><span style="font-size:18px"><span style="font-family:verdana,geneva,sans-serif">Elaborar diferentes argumentos que lleguen a afirmar o a negar la tesis planeada en la pregunta.</span></span></li>
</ul>

<ul>
	<li><span style="font-size:18px"><span style="font-family:verdana,geneva,sans-serif">Recuerda que cada afirmaci&oacute;n que se haga en la demostraci&oacute;n debe ser justificada por medio de las tem&aacute;ticas vistas en clase.&nbsp;</span></span></li>
</ul>
]]></section>
<section title="Exposición" path="ma_08_08_co_rec300_img07n.jpg" pathAmp="ma_08_08_co_rec300_img07a.jpg" image1Text="" zoom1="true" zoom2a="false" zoom2b="false" layout="0" >
<![CDATA[<p style="text-align:justify">&nbsp;</p>

<p><span style="font-size:18px"><span style="font-family:verdana,geneva,sans-serif">Las pautas para dar a conocer los resultados del proyecto son:</span></span></p>

<p>1. Construye una cartelera especificando:</p>

<ul>
	<li>La hip&oacute;tesis o afirmaci&oacute;n.</li>
	<li>La tesis o justificaci&oacute;n.</li>
	<li>Los argumentos con su respectiva justificaci&oacute;n.</li>
</ul>

<p><span style="font-size:18px"><span style="font-family:verdana,geneva,sans-serif">2. La demostraci&oacute;n debe ser expuesta&nbsp;y socializada&nbsp;con los dem&aacute;s compa&ntilde;eros de clase por medio de&nbsp;una cartelera.</span></span></p>
]]></section>
<section title="Evaluación" path="ma_08_08_co_rec300_img08n.jpg" pathAmp="ma_08_08_co_rec300_img08a.jpg" image1Text="" zoom1="true" zoom2a="false" zoom2b="false" layout="0" >
<![CDATA[


<p>&nbsp;</p>

<p><span style="font-family:verdana,geneva,sans-serif"><span style="font-size:18px">Los criterios de evaluaci&oacute;n del proyecto son:</span></span></p>

<ul>
	<li><span style="font-family:verdana,geneva,sans-serif"><span style="font-size:18px">Claridad y validez de la hip&oacute;tesis y tesis propuestas.&nbsp;</span></span></li>
</ul>

<ul>
	<li><span style="font-family:verdana,geneva,sans-serif"><span style="font-size:18px">Justificaci&oacute;n de cada uno de los argumentos presentados en la demostraci&oacute;n.</span></span></li>
</ul>

<ul>
	<li><span style="font-family:verdana,geneva,sans-serif"><span style="font-size:18px">Uso de gr&aacute;ficas en la demostraci&oacute;n.</span></span></li>
</ul>

<ul>
	<li><span style="font-family:verdana,geneva,sans-serif"><span style="font-size:18px">Apropiaci&oacute;n y seguridad del tema en la exposici&oacute;n de la demostraci&oacute;n.</span></span></li>
</ul>

<p>&nbsp;</p>
]]></section>
</engine>