﻿<?xml version="1.0" encoding="utf-8"?>
<engine copy="Editorial Planeta" version="1" aprid="f7b">
  <main layout="1">
    <title>La sustracción de números naturales</title>
    <footer>Selecciona una opción</footer>
  </main>
  <sections>
    <section i="0" star="false" hasSubsections="false">
      <menuImage path="MA_06_03_REC50_IMG04.jpg" border="1">
        <title><![CDATA[¿Cómo sustraer?]]></title>
      </menuImage>
      <pages>
        <page i="0" visible="true" color="">
          <title>Formas de restar</title>
          <description><![CDATA[<p><span style="font-family:verdana,geneva,sans-serif"><span style="font-size:20px">Al plantear expresiones relacionadas con la sustracci&oacute;n es posible tener las siguientes interpretaciones:</span></span></p>

<ul>
	<li><span style="font-family:verdana,geneva,sans-serif"><span style="font-size:20px"><strong>Separaci&oacute;n: </strong>es utilizada en situaciones como&nbsp;&quot;tengo 2500 pesos y pierdo dos monedas, una de 200 y una de 500&quot; &nbsp;</span></span></li>
</ul>

<ul>
	<li><span style="font-family:verdana,geneva,sans-serif"><span style="font-size:20px"><strong>Comparaci&oacute;n: </strong>es usada cuando se dan&nbsp;cantidades y se quiere encontrar su diferencia, por&nbsp;ejemplo, &quot;&iquest;cu&aacute;ntos l&aacute;pices menos tiene Arturo que Felipe?&quot;&nbsp;</span></span></li>
</ul>

<ul>
	<li><span style="font-size:20px"><strong>Parte - parte - todo: </strong>sirve para resolver problemas como &quot;Andrea tiene 10 pelotas; de ellas 7 son&nbsp;grandes y el resto son peque&ntilde;as.&nbsp;&iquest;Cu&aacute;ntas pelotas son peque&ntilde;as?</span></li>
</ul>
]]></description>
          <images>
            <image path="MA_06_03_REC50_IMG05n.png" border="0" pathbig="MA_06_03_REC50_IMG05a.png">
              <title><![CDATA[]]></title>
            </image>
          </images>
        </page>
        <page i="0" visible="true" color="">
          <title>Formas de restar</title>
          <description><![CDATA[<ul>
	<li><span style="font-family:verdana,geneva,sans-serif"><span style="font-size:20px"><strong>Adjunci&oacute;n:</strong>&nbsp;puede resolver preguntas como,&nbsp;quieres 10 camisas, ya tienes 6, &iquest;cu&aacute;ntas te hacen falta?&nbsp;</span></span></li>
</ul>

<ul>
	<li><span style="font-family:verdana,geneva,sans-serif"><span style="font-size:20px"><strong>A&ntilde;adir:</strong>&nbsp;Paola&nbsp;ten&iacute;a algunos anillos. Ha comprado 5 m&aacute;s. Ahora tiene 9. &iquest;Cu&aacute;ntos ten&iacute;a inicialmente?&nbsp;</span></span></li>
</ul>

<ul>
	<li><span style="font-family:verdana,geneva,sans-serif"><span style="font-size:20px"><strong>Sustracci&oacute;n:&nbsp;</strong>Manuel perdi&oacute; $5000 el d&iacute;a de hoy. En la ma&ntilde;ana perdi&oacute; $3000. &iquest;Cu&aacute;nto&nbsp;perdi&oacute; en la noche?&nbsp;</span></span></li>
</ul>
]]></description>
          <images>
            <image path="MA_06_03_REC50_IMG05n.png" border="0" pathbig="MA_06_03_REC50_IMG05a.png">
              <title><![CDATA[]]></title>
            </image>
          </images>
        </page>
      </pages>
    </section>
    <section i="0" star="false" hasSubsections="false">
      <menuImage path="MA_06_03_REC50_IMG02.jpg" border="1">
        <title><![CDATA[¿Qué propiedades cumple la sustracción?]]></title>
      </menuImage>
      <pages>
        <page i="0" visible="true" color="">
          <title>Propiedades</title>
          <description><![CDATA[<p><span style="font-family:verdana,geneva,sans-serif"><span style="font-size:20px">Aunque es claro que la sustracci&oacute;n no cumple las mismas propiedades de la adici&oacute;n, es importante aclarar la raz&oacute;n de ello.</span></span></p>

<ul>
	<li><span style="font-family:verdana,geneva,sans-serif"><span style="font-size:20px"><strong>No es clausurativa</strong>, pues si el minuendo es menor que el sustraendo la diferencia no es un n&uacute;mero natural.</span></span></li>
</ul>

<ul>
	<li><span style="font-family:verdana,geneva,sans-serif"><span style="font-size:20px"><strong>No es conmutativa</strong>, observa el siguiente ejemplo:</span></span></li>
</ul>

<p><span style="font-family:verdana,geneva,sans-serif"><span style="font-size:20px">&nbsp; &nbsp; &nbsp; &nbsp; &nbsp; &nbsp; &nbsp; &nbsp; 7 &ndash; 4 no es lo mismo que&nbsp;4 </span></span><span style="font-family:verdana,geneva,sans-serif; font-size:20px">&ndash;</span><span style="font-family:verdana,geneva,sans-serif"><span style="font-size:20px"> 7.</span></span></p>

<ul>
	<li><span style="font-family:verdana,geneva,sans-serif"><span style="font-size:20px"><strong>No es asociativa</strong>, observa el siguiente ejemplo:</span></span></li>
</ul>

<p><span style="font-family:verdana,geneva,sans-serif"><span style="font-size:20px">&nbsp; &nbsp; &nbsp; &nbsp; &nbsp; &nbsp; &nbsp; (7 </span></span><span style="font-family:verdana,geneva,sans-serif; font-size:20px">&ndash;</span><span style="font-family:verdana,geneva,sans-serif"><span style="font-size:20px"> 5) </span></span><span style="font-family:verdana,geneva,sans-serif; font-size:20px">&ndash;</span><span style="font-family:verdana,geneva,sans-serif"><span style="font-size:20px"> 3 es diferente a 7 </span></span><span style="font-family:verdana,geneva,sans-serif; font-size:20px">&ndash;&nbsp;</span><span style="font-family:verdana,geneva,sans-serif"><span style="font-size:20px">(5 </span></span><span style="font-family:verdana,geneva,sans-serif; font-size:20px">&ndash;</span><span style="font-family:verdana,geneva,sans-serif"><span style="font-size:20px"> 3).</span></span></p>

<ul>
	<li><span style="font-family:verdana,geneva,sans-serif"><span style="font-size:20px"><strong>Tiene un elemento neutro</strong>, en el caso de la sustracci&oacute;n, el cero es el elemento neutro, siempre y cuando este elemento corresponda al sustraendo.</span></span></li>
</ul>

<p><span style="font-size:20px">&nbsp; &nbsp; &nbsp; &nbsp; &nbsp; &nbsp; &nbsp; &nbsp; &nbsp; &nbsp; &nbsp; &nbsp; &nbsp; &nbsp; &nbsp; 34 </span><span style="font-family:verdana,geneva,sans-serif; font-size:20px">&ndash;</span><span style="font-size:20px"> 0 = 34</span></p>
]]></description>
          <images>
            <image path="MA_06_03_REC50_IMG06n.png" border="0" pathbig="MA_06_03_REC50_IMG06a.jpg">
              <title><![CDATA[]]></title>
            </image>
          </images>
        </page>
      </pages>
    </section>
    <section i="0" star="false" hasSubsections="false">
      <menuImage path="MA_06_03_REC50_IMG01.png" border="1">
        <title><![CDATA[Resuelve]]></title>
      </menuImage>
      <pages>
        <page i="0" visible="true" color="">
          <title>Algunos problemas</title>
          <description><![CDATA[<p>1. Menciona qu&eacute; estrategia de la sustracci&oacute;n se usa en la siguiente situaci&oacute;n:</p>

<p>Adrian necesita $18 500 para compar un regalo; tiene ahorrado $8550, &iquest;cu&aacute;nto dinero necesita para lograr su objetivo?</p>

<p>2. &iquest;Qu&eacute; propiedad se puede usar en cada una de las siguientes sustracciones?</p>

<p>28 653 &ndash; 43 245</p>

<p>18 950 &ndash; 14 990 &ndash; 1700 &ndash; 200</p>

<p>21 243 &ndash; 0</p>
]]></description>
          <images>
            <image path="MA_06_03_REC50_IMG07n.png" border="0" pathbig="MA_06_03_REC50_IMG07a.jpg">
              <title><![CDATA[]]></title>
            </image>
          </images>
        </page>
      </pages>
    </section>
  </sections>
</engine>