﻿<?xml version="1.0" encoding="utf-8"?>
<motor tipo="5" clase="a" aprid="m5a">
  <plataforma>
    <grado><![CDATA[2]]></grado>
    <titulo>Problemas que implican operaciones con expresiones algebraicas</titulo>
    <area>0</area>
    <nivel>3</nivel>
    <referencia />
    <idreg><![CDATA[0]]></idreg>
    <motor><![CDATA[M5A]]></motor>
    <lang>es</lang>
  </plataforma>
  <enunciado><![CDATA[En cada caso responde a la pregunta seleccionando la opción correcta.]]></enunciado>
  <masinfo inicio="0" />
  <sinaleatoriedad><![CDATA[0]]></sinaleatoriedad>
  <calc><![CDATA[0]]></calc>
  <respuestaunica><![CDATA[0]]></respuestaunica>
  <test cantidad="5">
    <cuestion>
      <enunciado><![CDATA[Si se quiere cercar el terreno de la figura, ¿cuantos metros de cerca se necesitarán?]]></enunciado>
      <explicacion />
      <imagen><![CDATA[MA_08_02_REC190_IMG01a.png]]></imagen>
      <ampliacion><![CDATA[MA_08_02_REC190_IMG01a.png]]></ampliacion>
      <respuestas>
        <respuesta contestacion="{{cur}}x{{normal}}³ + 10{{cur}}x{{normal}} + 6" correcta="0" />
        <respuesta contestacion="2{{cur}}x{{normal}}² + 16{{cur}}x{{normal}} + 10" correcta="1" />
        <respuesta contestacion="{{cur}}x{{normal}}² + 10{{cur}}x{{normal}} + 16" correcta="0" />
        <respuesta contestacion="2{{cur}}x{{normal}}² + 6{{cur}}x{{normal}} + 5" correcta="0" />
      </respuestas>
    </cuestion>
    <cuestion>
      <enunciado><![CDATA[¿Cuál es el área del terreno?]]></enunciado>
      <explicacion />
      <imagen><![CDATA[MA_08_02_REC190_IMG02a.png]]></imagen>
      <ampliacion><![CDATA[MA_08_02_REC190_IMG02a.png]]></ampliacion>
      <respuestas>
        <respuesta contestacion="4{{cur}}x{{normal}} · ({{cur}}x{{normal}}² + 5)" correcta="0" />
        <respuesta contestacion="8{{cur}}x{{normal}}² + 24{{cur}}x{{normal}} + 40" correcta="0" />
        <respuesta contestacion="8{{cur}}x{{normal}}³ + 24{{cur}}x{{normal}}² + 40{{cur}}x{{normal}}" correcta="1" />
        <respuesta contestacion="4{{cur}}x{{normal}} ({{cur}}x{{normal}}² + 6{{cur}}x{{normal}} + 5)" correcta="0" />
      </respuestas>
    </cuestion>
    <cuestion>
      <enunciado><![CDATA[El volumen de un cubo cuya arista es igual a {{cur}}x{{normal}} – 2 es:]]></enunciado>
      <explicacion />
      <imagen><![CDATA[MA_08_02_REC190_IMG03n.png]]></imagen>
      <ampliacion><![CDATA[MA_08_02_REC190_IMG03a.png]]></ampliacion>
      <respuestas>
        <respuesta contestacion="{{cur}}x{{normal}}³ – 6{{cur}}x{{normal}}² + 12{{cur}}x{{normal}} – 8" correcta="1" />
        <respuesta contestacion="{{cur}}x{{normal}}³ + 3{{cur}}x{{normal}}² – 8{{cur}}x{{normal}} – 8" correcta="0" />
        <respuesta contestacion="{{cur}}x{{normal}}² – 4{{cur}}x{{normal}} + 4" correcta="0" />
        <respuesta contestacion="{{cur}}x{{normal}}³ + 12{{cur}}x{{normal}} – 10" correcta="0" />
      </respuestas>
    </cuestion>
    <cuestion>
      <enunciado><![CDATA[Si cada lado del octágono regular mide ({{cur}}x{{normal}} – 3) centímetros. ¿cuál sería su perímetro?]]></enunciado>
      <explicacion />
      <imagen><![CDATA[MA_08_02_REC190_IMG04n.png]]></imagen>
      <ampliacion><![CDATA[MA_08_02_REC190_IMG04a.png]]></ampliacion>
      <respuestas>
        <respuesta contestacion="8{{cur}}x{{normal}} + 32" correcta="0" />
        <respuesta contestacion="{{cur}}x{{normal}} – 11" correcta="0" />
        <respuesta contestacion="8{{cur}}x{{normal}} – 3" correcta="0" />
        <respuesta contestacion="8{{cur}}x{{normal}} – 24" correcta="1" />
      </respuestas>
    </cuestion>
    <cuestion>
      <enunciado><![CDATA[Un contenedor cilíndrico tiene un radio de ({{cur}}x{{normal}}) centímetros y ({{cur}}x{{normal}} – 4) centímetros de altura. ¿Cuál es su capacidad?]]></enunciado>
      <explicacion />
      <imagen><![CDATA[MA_08_02_REC190_IMG05n.png]]></imagen>
      <ampliacion><![CDATA[MA_08_02_REC190_IMG05a.png]]></ampliacion>
      <respuestas>
        <respuesta contestacion="{{cur}}x{{normal}}³ – 4{{cur}}x{{normal}}²" correcta="0" />
        <respuesta contestacion="{{cur}}πx{{normal}}³ – 4{{cur}}πx{{normal}}²" correcta="1" />
        <respuesta contestacion="{{cur}}πx{{normal}}² – 4{{cur}}πx{{normal}}" correcta="0" />
        <respuesta contestacion="{{cur}}x{{normal}}³ – 8{{cur}}x{{normal}}² + 16{{cur}}x{{normal}}" correcta="0" />
      </respuestas>
    </cuestion>
  </test>
  <temps>20</temps>
</motor>