<?xml version="1.0" encoding="UTF-8"?>
<XMLDatos aprid="F">

	
    <titulo>Las gráficas estadísticas</titulo>
      <tit1><![CDATA[<b>La estadística</b> es una disciplina matemática que se ocupa de <b>reunir, organizar y analizar datos</b> de un estudio sobre una <b>población </b>y nos permite <b>interpretarlos </b>y <b>tomar decisiones</b>.]]></tit1>
    <tit2><![CDATA[<b>Vamos a elaborar un estudio estadístico:</b>]]></tit2>
    <tit3><![CDATA[<b>Recogida y recuento de datos</b>]]></tit3>
    <tit4><![CDATA[<b>Frecuencia absoluta y frecuencia relativa</b> ]]></tit4>
    <tit5><![CDATA[<b>Diagrama de sectores</b>]]></tit5>
    <tit6><![CDATA[<b>Conclusiones</b>]]></tit6>
    <tit7><![CDATA[<b>Muestra y variable</b>]]></tit7>
    <tit8><![CDATA[<b>Frecuencia absoluta y frecuencia relativa</b>  ]]></tit8>
    <tit9><![CDATA[<b>Diagrama de sectores</b>]]></tit9>
    <tit10><![CDATA[]]></tit10>
    <tit11><![CDATA[]]></tit11>
    <tit12><![CDATA[]]></tit12>
    <tit13><![CDATA[]]></tit13>
    <tit14><![CDATA[]]></tit14>
    <tit15><![CDATA[]]></tit15>
    <tit16><![CDATA[]]></tit16>
    <tit17><![CDATA[]]></tit17>
    <tit18><![CDATA[]]></tit18>
    <tit19><![CDATA[]]></tit19>
    <tit20><![CDATA[]]></tit20>


    <text1><![CDATA[Se hace un estudio sobre los 580 alumnos de sexto a noveno de un colegio para saber cuántos computadores tienen en sus casas y así evaluar su potencial como herramienta educativa. Se encuesta únicamente a 40 alumnos. ]]></text1>
    <text2><![CDATA[¿Cuántos computadores hay en tu casa?]]></text2>
    <text3><![CDATA[Vamos a contar cuántos alumnos tienen 0, 1, 2, 3, 4 y 5 computadores en casa.]]></text3>
    <text4><![CDATA[El número de <b>computadores </b>son las <b>variables</b>, el subconjunto de <b>alumnos </b>es la <b>muestra </b>y el número de <b>alumnos con la misma respuesta</b> se llama <b>frecuencia</b>.]]></text4>
    <text5><![CDATA[El <b>diagrama de sectores</b> es una herramienta muy práctica para <b>representar frecuencias</b>. ]]></text5>
    <text6><![CDATA[El diagrama de sectores de nuestra encuesta será:]]></text6>
    <text7><![CDATA[A partir de este gráfico podemos extraer conclusiones de la muestra de alumnos estudiada: ]]></text7>
    <text8><![CDATA[La gran mayoría de alumnos (60 %) tiene entre uno y dos computadores en casa.]]></text8>
    <text9><![CDATA[Una parte importante de alumnos (30 %) tienen entre tres y cuatro computadores en casa.]]></text9>
    <text10><![CDATA[Hay pocos alumnos que no tienen computadores en casa.]]></text10>
    <text11><![CDATA[Hay pocos alumnos que tienen cinco computadores en casa.]]></text11>
    <text12><![CDATA[Para acabar el estudio, suponemos que la <b>muestra </b>sobre la que se ha trabajado es suficientemente <b>representativa </b>y <b>extrapolamos las conclusiones</b> anteriores a todos los alumnos del colegio.
]]></text12>
    <text13><![CDATA[Ahora podemos tomar <b>decisiones </b>sobre el uso del computador como herramienta educativa:
<ul><li>
Hay que fomentar el uso del computador.
</li><li>Hay que permitir que algunas tareas se hagan por computador.
</li><li>Necesitaremos una sala con computadores para los alumnos sin computador en casa o con acceso limitado al mismo.</li></ul>]]></text13>
    <text14><![CDATA[<b>La población</b> es el conjunto de elementos o <b>individuos </b>sobre quienes se realiza un estudio estadístico. En este caso la población está formada por los 580 alumnos de los cuatro cursos de sexto a noveno.
<br/><br/>
Cuando la población es demasiado numerosa, para facilitar el estudio, se selecciona un <b>subconjunto representativo</b>. Sobre la selección, se efectuará el estudio cuyos resultados se <b>extrapolarán </b>al conjunto de la población. 
<br/><br/>
Este subconjunto de población se llama <b>muestra representativa</b>. En este caso, la muestra representativa estará formada por 10 alumnos de cada curso.
<br/><br/>
La <b>variable </b>estadística es la característica que se estudia de una población. Puede ser <b>cuantitativa</b>, si los datos son numéricos, cantidad de computadores, la altura, etc. o <b>cualitativa</b>, cuando los datos no son numéricos, el color de los ojos, la nacionalidad, etc.]]></text14>
    <text15><![CDATA[Hay dos tipos de frecuencias:
<br/><ul><li>
La <b>frecuencia absoluta:</b> es el número de veces que se <b>repite </b>un dato. Se representa por <b>f<sub>i</sub> </b>y su suma es igual al total de la muestra.
</li><li>
La <b>frecuencia relativa:</b> es el <b>cociente entre</b> la <b>frecuencia absoluta</b> y el <b>número total de datos</b>. Se representa por <b>h<sub>i</sub> </b>y su suma es igual al 100 %.</li></ul>
]]></text15>
    <text16><![CDATA[Los gráficos permiten visualizar e interpretar los datos estadísticos de forma sencilla. El <b>diagrama de sectores</b> es una herramienta muy práctica para <b>representar frecuencias</b>. La representación consiste en dividir un círculo en sectores donde el ángulo de cada sector es proporcional a la frecuencia y juntos deben sumar 360º.
<br/><br/>
Angulo del sector  =  fi &nbsp;.         
<br/><br/><br/>

Así que los ángulos de los sectores son: 18º, 90º, 126º, 63º, 45º, 18º ]]></text16>
    <text17><![CDATA[]]></text17>
    <text18><![CDATA[]]></text18>
    <text19><![CDATA[]]></text19>
    <text20><![CDATA[]]></text20>
    
    <btnpractica><![CDATA[PRACTICA]]></btnpractica>
    <btnsolucion><![CDATA[SOLUCIÓN]]></btnsolucion>

	
	
</XMLDatos>	