<?xml version='1.0' encoding='UTF-8'?><engine copy="Editorial Planeta" version="1" aprid="f13" title="Competencias: La circunferencia y sus elementos en GeoGebra" >
<section title="Presentación" path="ma_09_10_rec230_img01n.jpg" pathAmp="ma_09_10_rec230_img01a.jpg" image1Text="" zoom1="true" zoom2a="false" zoom2b="false" layout="1" >
<![CDATA[
<p><strong><span style="font-size:20px"><span style="font-family:verdana,geneva,sans-serif"><span style="color:rgb(255, 140, 0)">GeoGebra&nbsp;</span></span></span></strong><span style="font-size:20px"><span style="font-family:verdana,geneva,sans-serif">es un programa de <strong>geometr&iacute;a din&aacute;mica</strong>&nbsp;para equipos electr&oacute;nicos como tabletas, computadores, tel&eacute;fonos inteligentes, etc.,&nbsp;que tiene diferentes caracter&iacute;sticas, entre ellas,&nbsp;facilita la realizaci&oacute;n de construcciones geom&eacute;tricas de manera sencilla y muy amena para&nbsp;el usuario. </span></span></p>

<p><span style="font-size:20px"><span style="font-family:verdana,geneva,sans-serif">Por medio de o</span></span><span style="font-size:20px"><span style="font-family:verdana,geneva,sans-serif">bjetos b&aacute;sicos como: p</span></span><span style="font-size:20px"><span style="font-family:verdana,geneva,sans-serif">unto, r<span style="font-size:20px"><span style="font-family:verdana,geneva,sans-serif">ecta, pol&iacute;gono, circunferencia y&nbsp;&aacute;ngulo, </span></span></span></span><span style="font-size:20px"><span style="font-family:verdana,geneva,sans-serif">es posible construir nuevos objetos, por ejemplo: el punto medio entre dos puntos, la mediatriz de un segmento, la bisectriz de un &aacute;ngulo, la perpendicular a una recta por un punto, etc.</span></span></p>

<p><span style="font-size:20px"><span style="font-family:verdana,geneva,sans-serif">Gracias a estas contrucciones, es posible establecer y explorar una serie de relaciones y propiedades geom&eacute;tricas desde la visualizaci&oacute;n.</span></span></p>

<p><span style="font-size:20px"><span style="font-family:verdana,geneva,sans-serif">En esta oportunidad vamos&nbsp;a explorar algunas de las herramientas con las que cuenta <strong>GeoGebra</strong>&nbsp;para el trabajo y estudio de las circunferencias y sus propiedades, por lo que debes tener&nbsp;instalado&nbsp;el progama en tu equipo electr&oacute;nico;&nbsp;para ello, en el v&iacute;nculo </span></span><a href="http://www.geogebra.org/download">http://www.geogebra.org/download</a>&nbsp;puedes encontrar el link de descarga, ya que es un programa gratuito.</p>

<p>&iexcl;Sigue los pasos que te indican y a trabajar!&nbsp;</p>
]]></section>
<section title="Tarea" path2a="ma_09_10_rec230_img02n.jpg" path2b="ma_09_10_rec230_img03n.jpg" path2aAmp="ma_09_10_rec230_img02a.jpg" path2bAmp="ma_09_10_rec230_img03a.jpg" image1Text="" zoom1="true" zoom2a="true" zoom2b="true" layout="3" >
<![CDATA[
<p><span style="font-size:20px"><span style="font-family:verdana,geneva,sans-serif"><strong>Importante</strong>: para realizar la actividad, debes tener instalado el programa <strong><span style="color:rgb(255, 140, 0)">GeoGebra&nbsp;</span></strong>en tu PC. Recuerda que&nbsp;puedes seguir el v&iacute;nculo que aparece en Presentaci&oacute;n o&nbsp;solicitar ayuda a tu docente.&nbsp;&nbsp;</span></span></p>

<p><span style="font-size:20px"><span style="font-family:verdana,geneva,sans-serif"><strong>Actividad</strong></span></span></p>

<p><span style="font-size:20px"><span style="font-family:verdana,geneva,sans-serif">Antes de iniciar la actividad, explora las herramientas del programa&nbsp;<strong><span style="color:rgb(255, 140, 0)">GeoGebra</span></strong>, construyendo algunas circunferencias, rectas, pol&iacute;gonos, &aacute;ngulos, etc.&nbsp;</span></span></p>

<p><span style="font-size:20px"><span style="font-family:verdana,geneva,sans-serif">Realiza las siguientes construcciones y responde las preguntas que se plantean.</span></span></p>

<p><span style="font-size:20px"><span style="font-family:verdana,geneva,sans-serif"><u><em>Primera construcci&oacute;n</em></u></span></span></p>

<ol>
	<li><span style="font-size:20px"><span style="font-family:verdana,geneva,sans-serif">Dibuja una circunferencia, cuyo centro es<em><span style="color:rgb(255, 0, 0)">&nbsp;A</span></em>, y un punto exterior <em><span style="color:rgb(255, 0, 0)">C</span></em>.</span></span></li>
	<li><span style="font-size:20px"><span style="font-family:verdana,geneva,sans-serif">Traza&nbsp;una recta tangente a la circunferencia que pase por el punto <em><span style="color:rgb(255, 0, 0)">C</span></em>.</span></span></li>
</ol>

<p><span style="font-size:20px"><span style="font-family:verdana,geneva,sans-serif">Una vez termines la construcci&oacute;n, selecciona los objetos que intervienen en la figura&nbsp;con click derecho y mu&eacute;velos&nbsp;para comprobar que las condiciones de tangencia se mantienen. </span></span></p>

<p><span style="font-size:20px"><span style="font-family:verdana,geneva,sans-serif">Mueve primero el punto <em><span style="color:rgb(255, 0, 0)">C</span></em>, a continuaci&oacute;n mueve el centro <em><span style="color:rgb(255, 0, 0)">A</span></em> y por &uacute;ltimo intenta cambiar el tama&ntilde;o de la circunferencia. </span></span></p>

<p><span style="font-size:20px"><span style="font-family:verdana,geneva,sans-serif">&iquest;Hay alguna posici&oacute;n en la que se pierden las condiciones de tangencia?</span></span></p>

<p><span style="font-size:20px"><span style="font-family:verdana,geneva,sans-serif">&iquest;Hay alguna posici&oacute;n en la que desaparece la circunferencia construida?&nbsp;</span></span></p>

<p><span style="font-size:20px"><span style="font-family:verdana,geneva,sans-serif"><u><em>Segunda construcci&oacute;n</em></u></span></span></p>

<ol>
	<li><span style="font-size:20px"><span style="font-family:verdana,geneva,sans-serif">Dibuja una circunferencia cuyo centro es el punto&nbsp;<em><span style="color:rgb(255, 0, 0)">A</span></em>, y un punto <span style="color:rgb(255, 0, 0)"><em>B</em> </span>sobre la circunferencia.</span></span></li>
	<li><span style="font-size:20px"><span style="font-family:verdana,geneva,sans-serif">Traza la recta tangente a la circunferencia por el punto <em><span style="color:rgb(255, 0, 0)">B</span></em>.</span></span></li>
</ol>

<p><span style="font-size:20px"><span style="font-family:verdana,geneva,sans-serif">Al igual que en la primera construcci&oacute;n, intenta mover los objetos que intervienen en la figura. </span></span></p>

<p><span style="font-size:20px"><span style="font-family:verdana,geneva,sans-serif">&iquest;Qu&eacute; ocurre con la figura al mover los objetos?</span></span></p>

<p><span style="font-size:20px"><span style="font-family:verdana,geneva,sans-serif">&iquest;Has utilizado alguna propiedad geom&eacute;trica en la construcci&oacute;n?</span></span></p>

<p><span style="font-size:20px"><span style="font-family:verdana,geneva,sans-serif"><u><em>Tercera construcci&oacute;n</em></u></span></span></p>

<ol>
	<li><span style="font-size:20px"><span style="font-family:verdana,geneva,sans-serif">Dibuja una circunferencia y&nbsp;marca los puntos <em><span style="color:#008000">B</span></em>,<span style="color:#008000"> <em>C</em></span>&nbsp;y<span style="color:#008000"> <em>P</em></span> sobre la misma.</span></span></li>
	<li><span style="font-size:20px"><span style="font-family:verdana,geneva,sans-serif">Construye el &aacute;ngulo inscrito <em><span style="color:#008000">BPC</span></em>.</span></span></li>
	<li><span style="font-size:20px"><span style="font-family:verdana,geneva,sans-serif">Mide el &aacute;ngulo <em><span style="color:#008000">BPC</span></em>, con la herramienta del programa para medir &aacute;ngulos.&nbsp;</span></span></li>
</ol>

<p><span style="font-size:20px"><span style="font-family:verdana,geneva,sans-serif">Mueve el punto <em><span style="color:#008000">P</span></em>. </span></span></p>

<p><span style="font-size:20px"><span style="font-family:verdana,geneva,sans-serif">&iquest;Qu&eacute; observas en la medida del &aacute;ngulo cuando&nbsp;<em><span style="color:rgb(0, 128, 0)">P&nbsp;</span></em>recorre la circunferencia?&nbsp;</span></span></p>

<p><span style="font-size:20px"><span style="font-family:verdana,geneva,sans-serif">Construye un nuevo &aacute;ngulo inscrito <em><span style="color:#008000">BQC</span></em>. Luego, mueve cualquiera de los elementos que intervienen en la construcci&oacute;n para analizar la relaci&oacute;n entre los &aacute;ngulos <em><span style="color:rgb(0, 128, 0)">BPC</span></em>&nbsp;y <em><span style="color:rgb(0, 128, 0)">BQC</span></em>. </span></span></p>

<p><span style="font-size:20px"><span style="font-family:verdana,geneva,sans-serif">&iquest;Qu&eacute; tienen en com&uacute;n los dos &aacute;ngulos?</span></span></p>

<p><span style="font-size:20px"><span style="font-family:verdana,geneva,sans-serif">&iquest;Qu&eacute; relaci&oacute;n hay entre dos &aacute;ngulos inscritos en una circunferencia que abarcan el mismo arco?</span></span></p>
]]></section>
</engine>