﻿<?xml version="1.0" encoding="utf-8"?>
<motor tipo="5" clase="a" aprid="m5a">
  <plataforma>
    <grado><![CDATA[2]]></grado>
    <titulo>Relacionando conjuntos</titulo>
    <area>0</area>
    <nivel>1</nivel>
    <referencia />
    <idreg><![CDATA[0]]></idreg>
    <motor><![CDATA[M5A]]></motor>
    <lang>es</lang>
  </plataforma>
  <enunciado><![CDATA[Menciona cuál es el resultado de las siguientes operaciones entre los conjuntos]]></enunciado>
  <masinfo inicio="0" />
  <sinaleatoriedad><![CDATA[0]]></sinaleatoriedad>
  <calc><![CDATA[0]]></calc>
  <respuestaunica><![CDATA[0]]></respuestaunica>
  <test cantidad="6">
    <cuestion>
      <enunciado><![CDATA[Unión entre los conjuntos {{cur}}A{{normal}}= { {{cur}}x/x{{normal}} sean los cuatro primeros números pares} , {{cur}}B{{normal}}= { {{cur}}x/x{{normal}} sean los primeros cuatro múltiplos de cuatro}]]></enunciado>
      <explicacion />
      <imagen><![CDATA[MA_06_01_CO_REC270_01n.png]]></imagen>
      <ampliacion><![CDATA[MA_06_01_CO_REC270_01a.png]]></ampliacion>
      <respuestas>
        <respuesta contestacion="{2,4,6,8,12,16}" correcta="1" />
        <respuesta contestacion="{4,8,12,16}" correcta="0" />
        <respuesta contestacion="{8,12,16}" correcta="0" />
        <respuesta contestacion="{4,8}" correcta="0" />
      </respuestas>
    </cuestion>
    <cuestion>
      <enunciado><![CDATA[Intersección entre los conjuntos {{cur}}A{{normal}} ={ {{cur}}x/x{{normal}} sean capitales del mundo} , {{cur}}B{{normal}}={ {{cur}}x/x{{normal}} sean ciudades  italianas}]]></enunciado>
      <explicacion />
      <imagen><![CDATA[MA_06_01_CO_REC270_02n.png]]></imagen>
      <ampliacion><![CDATA[MA_06_01_CO_REC270_02a.png]]></ampliacion>
      <respuestas>
        <respuesta contestacion="Bolonia, Venecia, Nápoles,Turín" correcta="0" />
        <respuesta contestacion="Lisboa, Madrid, Brasilia" correcta="0" />
        <respuesta contestacion="Roma" correcta="1" />
        <respuesta contestacion="Roma, Bolonia, Venecia, Nápoles,Turín" correcta="0" />
      </respuestas>
    </cuestion>
    <cuestion>
      <enunciado><![CDATA[Diferencia entre  los conjuntos {{cur}}A{{normal}} = { {{cur}}x/x{{normal}} sean animales mamíferos} , {{cur}}B{{normal}} = { {{cur}}x/x{{normal}} sean animales acuáticos }]]></enunciado>
      <explicacion />
      <imagen><![CDATA[MA_06_01_CO_REC270_03n.png]]></imagen>
      <ampliacion><![CDATA[MA_06_01_CO_REC270_03a.png]]></ampliacion>
      <respuestas>
        <respuesta contestacion="conjunto {{cur}}A{{normal}} - menos la ballena y delfín" correcta="1" />
        <respuesta contestacion="conjunto {{cur}}A{{normal}} -  el oso" correcta="0" />
        <respuesta contestacion="conjunto {{cur}}B{{normal}} - el tiburón" correcta="0" />
        <respuesta contestacion="conjunto {{cur}}B{{normal}} - el delfín" correcta="0" />
      </respuestas>
    </cuestion>
    <cuestion>
      <enunciado><![CDATA[Intersección entre  los conjuntos {{cur}}A{{normal}} = { {{cur}}x/x{{normal}} sean números de la forma 2{{cur}}n{{normal}}+2} , {{cur}}B{{normal}} = { {{cur}}x/x{{normal}} sean números de la forma 5{{cur}}n{{normal}} }]]></enunciado>
      <explicacion />
      <imagen><![CDATA[MA_06_01_CO_REC270_04n.png]]></imagen>
      <ampliacion><![CDATA[MA_06_01_CO_REC270_04a.png]]></ampliacion>
      <respuestas>
        <respuesta contestacion="{5, 10, 15, 29, ...}" correcta="0" />
        <respuesta contestacion="{10, 20, 30, 40, ...}" correcta="1" />
        <respuesta contestacion="{4, 8, 16, 20, ...}" correcta="0" />
        <respuesta contestacion="{3, 6, 9, 12 ...}" correcta="0" />
      </respuestas>
    </cuestion>
    <cuestion>
      <enunciado><![CDATA[Intersección entre  los conjuntos {{cur}}A{{normal}} = { {{cur}}x/x{{normal}} sean aves} , {{cur}}B{{normal}} = { {{cur}}x/x{{normal}} sean animales no volares}]]></enunciado>
      <explicacion />
      <imagen><![CDATA[MA_06_01_CO_REC270_05n.png]]></imagen>
      <ampliacion><![CDATA[MA_06_01_CO_REC270_05a.png]]></ampliacion>
      <respuestas>
        <respuesta contestacion="Serpiente y gaviota  " correcta="0" />
        <respuesta contestacion="Dodo, gallina y pinguino " correcta="1" />
        <respuesta contestacion="Paloma, castor y jaguar" correcta="0" />
        <respuesta contestacion="Paloma y pinguino" correcta="0" />
      </respuestas>
    </cuestion>
    <cuestion>
      <enunciado><![CDATA[Unión entre  los conjuntos {{cur}}A{{normal}} = { {{cur}}x/x{{normal}} sea número primo menor que 10} ,{{cur}}B{{normal}} = { {{cur}}x/x{{normal}} sea número impar menor que 10 }]]></enunciado>
      <explicacion />
      <imagen><![CDATA[MA_06_01_CO_REC270_06n.png]]></imagen>
      <ampliacion><![CDATA[MA_06_01_CO_REC270_06a.png]]></ampliacion>
      <respuestas>
        <respuesta contestacion="{1,2,3,5,7,9}" correcta="1" />
        <respuesta contestacion="{9}" correcta="0" />
        <respuesta contestacion="{2}" correcta="0" />
        <respuesta contestacion="{1,3,5,7}" correcta="0" />
      </respuestas>
    </cuestion>
  </test>
  <temps>10</temps>
</motor>