﻿<?xml version="1.0" encoding="UTF-8"?>
<?xml-stylesheet href="cuadernoestudio/dtd/libro.xslt" type="text/xsl"?>
<!--Arbortext, Inc., 1988-2015, v.4002-->
<!DOCTYPE libro SYSTEM "cuadernoestudio/dtd/libro.dtd">
<libro id="MA_08_06_CO">
<libroTitulo>Las ecuaciones y las inecuaciones</libroTitulo>
<seccion1 id="S1_MA_08_06_CO_74188344A3D24E91A31BFE859BE49D43">
<seccion1Titulo>Gráfica de un polinomio a partir de su expresión algebraica</seccion1Titulo>
<seccion1Texto>
<p>Los polinomios son expresiones algebraicas con las cuales se pueden
realizar operaciones como la adición, la sustracción, la multiplicación
y la división. Ahora observaremos que los polinomios <negrita><cursiva
>p</cursiva>(<cursiva>x</cursiva>)</negrita> se pueden representar
gráficamente en el plano cartesiano.</p>
<p>Para representar en forma gráfica un polinomio debes tener en cuenta
que en el <negrita>eje de las abscisas</negrita> (eje <cursiva>X</cursiva
>) se deben ubicar los valores que se le asignen a la variable <cursiva
>x</cursiva>, mientras que en el <negrita>eje de las ordenadas</negrita
> (eje <cursiva>Y</cursiva>) se sitúan los valores numéricos de <cursiva
>p</cursiva>(<cursiva>x</cursiva>). Así, cada pareja ordenada <negrita
>(<cursiva>x</cursiva>, <cursiva>p</cursiva>(<cursiva>x</cursiva>))</negrita
> representa un punto en el plano cartesiano para formar la gráfica
del polinomio <cursiva>p</cursiva>(<cursiva>x</cursiva>).</p>
<profundiza>
<enlace
destino="/LoIdRedirect.aspx?LoId=MA_08_06_CO_Recurso010&amp;IdRecurso=RES-D2FE798369C244F5BEA168935A469096"
>Gráfica de un polinomio</enlace>
</profundiza>
<p>Por ejemplo, tomemos el polinomio <cursiva>p</cursiva>(<cursiva
>x</cursiva>) = 2<cursiva>x</cursiva> + 1 y asignemos a la variable <cursiva
>x</cursiva> los valores:  –2, –1, 1 y 2.</p>
<p>Lo primero que haremos es hallar el valor numérico del polinomio
para cada valor de <cursiva>x</cursiva>:</p>
<p centrado="si"><cursiva>p</cursiva>(–2) = 2(–2) + 1</p>
<p centrado="si"><cursiva>p</cursiva>(–2) = –4 + 1</p>
<p centrado="si"><cursiva>p</cursiva>(–2) = –3</p>
<p centrado="si"><cursiva>p</cursiva>(–1) = 2(–1) + 1</p>
<p centrado="si"><cursiva>p</cursiva>(–1) = –2 + 1</p>
<p centrado="si"><cursiva>p</cursiva>(–1) = –1</p>
<p centrado="si"><cursiva>p</cursiva>(1) = 2(1) + 1</p>
<p centrado="si"><cursiva>p</cursiva>(1) = 2 + 1</p>
<p centrado="si"><cursiva>p</cursiva>(1) = 3</p>
<p centrado="si"><cursiva>p</cursiva>(2) = 2(2) + 1</p>
<p centrado="si"><cursiva>p</cursiva>(2) = 4 + 1</p>
<p centrado="si"><cursiva>p</cursiva>(2) = 5</p>
<p>Con los valores de <cursiva>x</cursiva> y los respectivos valores
numéricos para <cursiva>p</cursiva>(<cursiva>x</cursiva>) se ha formado
el conjunto de parejas ordenadas {(–2, –3); (–1, –1); (1, 3); (2,
5)} que ubicaremos en el plano cartesiano.</p>
<imagen ampliable="no" src="MA_08_06_CO_IMG01_small.jpg">
<p>Cada punto en el plano representa al polinomio: <cursiva>p</cursiva
>(<cursiva>x</cursiva>) = 2<cursiva>x</cursiva> + 1.</p>
</imagen>
<p>Sin embargo, esta representación no nos dice mucho del polinomio,
ya que estos mismos puntos pueden representar a otro polinomio, así
que debemos caracterizar cada uno de ellos a partir de su expresión
algebraica y tener una idea más precisa de su gráfica. Comenzaremos
con el polinomio más elemental que es el de grado cero. </p>
<p>Para ello imagina la siguiente situación. </p>
<imagen src="MA_08_06_CO_IMG02_small.jpg">
<p>Todos los rectángulos tienen diferente base, pero igual área.</p>
</imagen>
<p>Observa en la figura que todos los rectángulos tienen igual área
aunque cambie la longitud de su base; si ubicamos en el eje de las
abscisas los valores de la base y en el eje de las ordenadas los valores
del área, tenemos el conjunto de parejas ordenadas:</p>
<p centrado="si">{(1, 12); (2, 12); (3, 12); (4, 12); (6, 12)}</p>
<p>Si los ubicamos en el plano tenemos la siguiente representación.</p>
<imagen ampliable="no" src="MA_08_06_CO_IMG03_small.jpg">
<p>En la imagen se observa la ubicación en el plano cartesiano de
las parejas ordenadas del polinomio: <cursiva>A</cursiva>(<cursiva
>x</cursiva>) = 12, donde <cursiva>x</cursiva> es la medida de los
valores de la base y en el eje de las ordenadas se encuentran los
valores del área.</p>
</imagen>
<p>Como todos los puntos están sobre una misma línea los podemos unir
mediante una recta y, así, obtener la representación gráfica del polinomio <cursiva
>A</cursiva>(<cursiva>x</cursiva>) = 12.</p>
<p>En general, para cualquier polinomio de la forma <negrita><cursiva
>p</cursiva>(<cursiva>x</cursiva>) = <cursiva>k</cursiva></negrita
>, donde <cursiva>k</cursiva><negrita></negrita> es un número real
cualquiera, su representación gráfica es una recta horizontal que
corta al eje <cursiva>Y</cursiva> en <cursiva>y</cursiva> = <cursiva
>k</cursiva>.</p>
<p>Para los polinomios <cursiva>p</cursiva>(<cursiva>x</cursiva>)
de grado uno se debe hallar el valor numérico para dos valores <cursiva
>x</cursiva><subindice>1</subindice> y <cursiva>x</cursiva><subindice
>2</subindice> cualesquiera, así se forman los puntos <negrita>(<cursiva
>x</cursiva><subindice>1</subindice>, <cursiva>p</cursiva>(<cursiva
>x</cursiva><subindice>1</subindice>)) y (<cursiva>x</cursiva><subindice
>2</subindice>, <cursiva>p</cursiva>(<cursiva>x</cursiva><subindice
>2</subindice>))</negrita>. Después se traza la recta que pasa por
dichos puntos. La recta que se traza es la representación gráfica
de <cursiva>p</cursiva>(<cursiva>x</cursiva>); observa el siguiente
ejemplo:  </p>
<p>Sea <cursiva>p</cursiva>(<cursiva>x</cursiva>)= 2<cursiva>x</cursiva
> + 1 con <cursiva>x</cursiva><subindice>1</subindice> = 1 y <cursiva
>x</cursiva><subindice>2</subindice> = 3. Hallamos sus respectivos
valores numéricos:  </p>
<p>Para <cursiva>x</cursiva> = 1:</p>
<p centrado="si"><cursiva>p</cursiva>(<cursiva>x</cursiva>) = 2<cursiva
>x</cursiva> + 1 </p>
<p centrado="si"><cursiva>p</cursiva>(1) = 2(1) + 1 </p>
<p centrado="si"><cursiva>p</cursiva>(1) = 2 + 1 </p>
<p centrado="si"><cursiva>p</cursiva>(1) = 3</p>
<p>Para <cursiva>x</cursiva> = 3:</p>
<p centrado="si"><cursiva>p</cursiva>(<cursiva>x</cursiva>) = 2<cursiva
>x</cursiva> + 1 </p>
<p centrado="si"><cursiva>p</cursiva>(3) = 2(3) + 1 </p>
<p centrado="si"><cursiva>p</cursiva>(3) = 6 + 1 </p>
<p centrado="si"><cursiva>p</cursiva>(3) = 7</p>
<p>De este modo se forman los puntos (1, 3) y (3, 7) que se deben
ubicar en un plano cartesiano y trazar la recta que los contiene.</p>
<imagen ampliable="no" src="MA_08_06_CO_IMG04_small.jpg">
<p>Representación gráfica del polinomio <cursiva>p</cursiva>(<cursiva
>x</cursiva>) = 2<cursiva>x</cursiva> + 1.</p>
</imagen>
<p>Para los polinomios de grado mayor o igual a 2 es conveniente realizar
una tabla de valores en la que a la variable <cursiva>x</cursiva> se
le asignan diferentes valores y, para cada uno, se calcula su valor
numérico en <cursiva>p</cursiva>(<cursiva>x</cursiva>), luego se ubican
los puntos en el plano cartesiano y posteriormente se unen los puntos
mediante una curva, para así tener una idea aproximada de la gráfica
que representa a dicho polinomio.  Por ejemplo, para <cursiva>p</cursiva
>(<cursiva>x</cursiva>) = <cursiva>x</cursiva><superindice>2</superindice
> + 2<cursiva>x</cursiva> + 1, hallamos el valor numérico de <cursiva
>x</cursiva> = –3, <cursiva>x</cursiva> = –2, = –1, <cursiva>x</cursiva
> = 0, y <cursiva>x</cursiva> = 1.</p>
<table border="1" cellspacing="0"><caption>Algunos valores para <cursiva
>p</cursiva>(<cursiva>x</cursiva>) = <cursiva>x</cursiva><superindice
>2</superindice> + 2<cursiva>x</cursiva> + 1</caption><colgroup
align="center"><col/><col/><col/><col/><col/><col/></colgroup>
<tbody>
<tr>
<td><cursiva>x</cursiva></td>
<td>–3</td>
<td>–2</td>
<td>–1</td>
<td>0</td>
<td>1</td>
</tr>
<tr>
<td><cursiva>p</cursiva>(<cursiva>x</cursiva>)</td>
<td>4</td>
<td>1</td>
<td>0</td>
<td>1</td>
<td>4</td>
</tr>
</tbody>
</table>
<imagen ampliable="no" src="MA_08_06_CO_IMG05_small.jpg">
<p>La grafica de un polinomio de segundo grado se conoce como parábola.</p>
</imagen>
<p>Las gráficas de los polinomios de segundo grado se pueden dirigir
hacia arriba o hacia abajo, dependiendo del valor que tome el coeficiente
principal del polinomio. Si es positivo, la parábola abre hacia arriba
y si es negativo, se abre hacia abajo.</p>
<imagen src="MA_08_06_CO_IMG06_small.jpg">
<p>En un polinomio <cursiva>p</cursiva>(<cursiva>x</cursiva>) = <cursiva
>ax</cursiva><superindice>2</superindice> + <cursiva>bx</cursiva> + <cursiva
>c</cursiva>, la orientación de la parábola depende del valor de <cursiva
>a</cursiva>. </p>
</imagen>
<seccion2 id="S2_MA_08_06_CO_507A0381DCC74F3EA46F223584D34DF0">
<seccion2Titulo>Consolidación</seccion2Titulo>
<seccion2Texto>
<p>Actividades para consolidar lo que has aprendido en esta sección.</p>
<practica>
<enlace
destino="/LoIdRedirect.aspx?LoId=MA_08_06_CO_Recurso020&amp;IdRecurso=RES-13B18402A44849FEB84ED77C5E6B7C6C"
>Refuerza tu aprendizaje: La gráfica de un polinomio</enlace>
</practica></seccion2Texto></seccion2></seccion1Texto></seccion1>
<seccion1 id="S1_MA_08_06_CO_174B768C82334B41A463F88CD667833A">
<seccion1Titulo>Las ecuaciones</seccion1Titulo>
<seccion1Texto>
<p>Las ecuaciones son <negrita>igualdades matemáticas</negrita> entre
expresiones algebraicas. Una ecuación se transforma en una igualdad
numérica cuando se atribuyen a las variables de la igualdad algebraica
valores numéricos particulares. Las expresiones que están separadas
por el signo igual reciben el nombre de <negrita>miembros de la ecuación</negrita
>.  </p>
<p>En una ecuación las letras se utilizan como variables y representan
valores desconocidos. Se les denomina incógnitas y, por lo general,
son representadas con las últimas letras del alfabeto. </p>
<imagen src="MA_08_06_CO_IMG07_small.jpg">
<p>En una ecuación se identifican: miembros, incógnita, términos,
grado de la ecuación, coeficiente y término independiente.</p>
</imagen>
<p><negrita>Miembro</negrita>: partes de la ecuación separadas por
el signo igual. </p>
<p><negrita>Incógnita</negrita>: valor desconocido de la ecuación
representado por letras. </p>
<p><negrita>Términos</negrita>: partes que componen cada uno de los
miembros de la ecuación. </p>
<p><negrita>Grado de la ecuación</negrita>: es el mayor exponente
asociado a la incógnita de la ecuación. </p>
<p><negrita>Coeficiente</negrita>: número que multiplica a la incógnita. </p>
<p><negrita>Término independiente</negrita>: número que no acompaña
a la incógnita.</p>
<p>Las ecuaciones son una de las herramientas más importantes y útiles
de las matemáticas, debido a que a través del modelamiento de estas,
es posible resolver problemas numéricos en una situación cotidiana
o de las ciencias.</p>
<profundiza>
<enlace
destino="/LoIdRedirect.aspx?LoId=MA_08_06_CO_Recurso030&amp;IdRecurso=RES-956CE3A0ABD24423AA89EB8A02B5F923"
>Las ecuaciones en nuestro entorno</enlace>
</profundiza>
<p><negrita>Propiedades de las igualdades </negrita></p>
<p>Una igualdad es una relación entre cantidades que cumple las siguientes
propiedades:</p>
<listaSinNumerar>
<listaElemento><negrita>Propiedad reflexiva</negrita>: la propiedad
reflexiva de las igualdades implica que un elemento es igual a sí
mismo, es decir: <cursiva>a = a  </cursiva><p>Por ejemplo, 5 siempre
es igual a 5, por tanto, se puede escribir que 5 = 5.</p></listaElemento>
<listaElemento><negrita>Propiedad simétrica</negrita>: la propiedad
simétrica de las igualdades define que si dos elementos son iguales
entre sí, no importa el orden en el que se escriban, siempre serán
iguales, es decir:  Sí <cursiva>a = b → b = a</cursiva>  <p>Por ejemplo,
10 – 8 = 2, es lo mismo que decir 2 = 10 – 8.</p></listaElemento>
<listaElemento><negrita>Propiedad transitiva</negrita>: la propiedad
transitiva establece que si un elemento <cursiva>a</cursiva> es igual
a un elemento <cursiva>b</cursiva> y su vez el elemento <cursiva>b</cursiva
> es igual a un elemento <cursiva>c</cursiva>, entonces los elementos <cursiva
>a</cursiva> y <cursiva>c</cursiva> son iguales entre sí. Sí <cursiva
>a = b</cursiva> y <cursiva>b = c</cursiva>, entonces <cursiva>a =
c</cursiva>   <p>Por ejemplo:  7 + 3 = 10 y 5 + 5 = 10, por tanto,
7 + 3 = 5 + 5</p></listaElemento>
<listaElemento><negrita>Propiedad uniforme</negrita>: si los miembros,
en ambos lados, de una igualdad se transforman mediante alguna operación
(adición, sustracción, multiplicación, división, potenciación, radicación
o logaritmación) la igualdad se mantiene.  <p>Por ejemplo, si a la
igualdad <cursiva>x</cursiva> = 2<cursiva>y</cursiva> + 2 le adicionamos
en ambos miembros 7, se tiene: </p><p centrado="si"><cursiva>x</cursiva
> + 7 = 2<cursiva>y</cursiva> + 2 + 7 </p><p centrado="si"><cursiva
>x</cursiva> + 7 = 2<cursiva>y</cursiva> + 9  </p><p>Si tenemos la
igualdad <cursiva>y</cursiva><superindice>2</superindice> = 4 y aplicamos
raíz cuadrada en ambos miembros de ella, se tiene:</p><p> <cursiva
>y</cursiva><superindice>2</superindice> = 4; √<cursiva>y</cursiva
><superindice>2</superindice> = √4</p><p><cursiva>y</cursiva> = ±2</p
></listaElemento>
<listaElemento><negrita>Propiedad cancelativa:</negrita> en una igualdad
se pueden suprimir o eliminar términos o factores iguales, si están
en lados diferentes de la igualdad, y esta se conserva.  <p
centrado="si"><cursiva>x y</cursiva> = 2<cursiva>x</cursiva> </p><p
>Como <cursiva>x</cursiva> es el factor igual en ambos lados de la
igualdad entonces se cancela y se obtiene.</p><p centrado="si"><cursiva
>y</cursiva> = 2 </p></listaElemento>
</listaSinNumerar>
<seccion2 id="S2_MA_08_06_CO_174B768C82334B41A463F88CD6678833">
<seccion2Titulo>La solución de una ecuación</seccion2Titulo>
<seccion2Texto>
<p>Resolver una ecuación corresponde al valor o valores numéricos
por los cuales se puede reemplazar la incógnita para que la igualdad
se cumpla. Por ejemplo:</p>
<p centrado="si">5<cursiva>x</cursiva> + 3 = 23  </p>
<p>Si reemplazamos la variable <cursiva>x</cursiva> por 4 se obtiene:
 </p>
<p centrado="si">5(4) + 3 = 23 </p>
<p centrado="si">20 + 3 = 23 </p>
<p centrado="si">23 = 23  </p>
<p>Lo cual muestra que <cursiva>x</cursiva> = 4 es la solución de
la ecuación anterior.</p>
<profundiza>
<enlace
destino="/LoIdRedirect.aspx?LoId=MA_08_06_CO_Recurso050&amp;IdRecurso=RES-1AB996473C724FC9A0ABAD7FB8233D87"
>Las ecuaciones lineales con una incógnita</enlace>
</profundiza><practica>
<enlace
destino="/LoIdRedirect.aspx?LoId=MA_08_06_CO_Recurso070&amp;IdRecurso=RES-99C9CBEAFC254CD7A54CD5DC75913D01"
>Relaciona la ecuación con su solución</enlace>
</practica><seccion3
id="S3_MA_08_06_CO_174B768C82334B41A463F88CD6673388">
<seccion3Titulo>Solución de ecuaciones de la forma <cursiva>x ± b
= c</cursiva></seccion3Titulo>
<seccion3Texto>
<p>Este tipo de ecuaciones se conocen como ecuaciones aditivas y son
todas aquellas igualdades que describen situaciones que se pueden
solucionar aplicando únicamente una adición o una sustracción; su
forma general es:  </p>
<p centrado="si"><cursiva>x + b = c</cursiva>  o  <cursiva>x – b =
c</cursiva>  </p>
<imagen src="MA_08_06_CO_IMG09_small.jpg">
<p>La balanza representa una igualdad de masas que se puede simbolizar
mediante una ecuación. </p>
</imagen>
<p>En la imagen anterior cada bloque pequeño tiene una masa de 1 kg;
¿cuál es la masa del bloque grande?  </p>
<p>La situación anterior se puede esquematizar mediante una ecuación
aditiva, en la que cada plato de la balanza representa un miembro
de la ecuación, el bloque grande es la variable o incógnita de la
ecuación, por ello lo podemos denominar <cursiva>x</cursiva>, y la
masa de los bloques pequeños es un dato conocido (4 kg en el primer
miembro y 9 kg en el segundo miembro), por lo tanto, se puede proponer
la siguiente ecuación para modelar la situación:  </p>
<p centrado="si"><cursiva>x</cursiva> + 4 = 9  </p>
<p>Es decir que se debe hallar un número que adicionado con 4 sea
igual a 9; ¿cuál puede ser ese número?</p>
<p>Si se sustrae un bloque al lado izquierdo de la balanza, también
se debe sustraer uno al lado derecho para que la balanza se mantenga
en equilibrio. Es decir, la operación que se realice a un lado de
la igualdad también se debe hacer al otro lado de la igualdad; por
tanto, se tiene:  </p>
<p centrado="si"><cursiva>x</cursiva> + 4 = 9  </p>
<p>Se sustrae 4 en los dos miembros de la igualdad aplicando la propiedad
uniforme:  </p>
<p centrado="si"><cursiva>x</cursiva> + 4 – 4 = 9 – 4  </p>
<p>Se efectúan las operaciones en los dos miembros de la igualdad:
  </p>
<p centrado="si"><cursiva>x</cursiva> + 0 = 5  </p>
<p>Se aplica el módulo de la adición:  </p>
<p centrado="si"><cursiva>x</cursiva> = 5  </p>
<p>Por consiguiente, la masa del bloque grande es 5 kg.  </p>
<p>Veamos los siguientes ejemplos.</p>
<listaSinNumerar>
<listaElemento>Se sabe que la suma de las edades de un hijo y su padre
es 53 años, y que la edad del padre es 39 años; ¿cuál es la edad del
hijo? </listaElemento>
</listaSinNumerar>
<p>Esta situación plantea una ecuación aditiva en la que se conocen
la suma de las edades y la edad del padre, y la incógnita es la edad
del hijo, por tanto, podemos proponer la ecuación <cursiva>h</cursiva
> + 39 = 53, donde la letra <cursiva>h</cursiva> representa la edad
del hijo.   </p>
<p>Aplicando la propiedad uniforme de las igualdades y sustrayendo
39 en ambos miembros de la igualdad, se tiene:  </p>
<p centrado="si"><cursiva>h</cursiva> + 39 – 39 = 53 – 39  </p>
<p>Efectuamos la operación indicada en cada miembro de la igualdad:
 </p>
<p centrado="si"><cursiva>h</cursiva> + 0 = 14  </p>
<p>Aplicamos el módulo de la sustracción:  </p>
<p centrado="si"><cursiva>h</cursiva> = 14  </p>
<p>Por ende, podemos concluir que la edad del hijo es 14 años.</p>
<listaSinNumerar>
<listaElemento>El mural de un colegio tiene un metro de altura por
8,5 m de largo y se ha divido en dos partes para realizar en él dos
pinturas; además, se sabe que el área de una de las regiones es 6,2
m<superindice>2</superindice>. ¿Cuál es el área disponible para la
segunda pintura?</listaElemento>
</listaSinNumerar>
<imagen src="MA_08_06_CO_IMG10_small.jpg">
<p>Las ecuaciones sirven para resolver situaciones geométricas de
áreas.</p>
</imagen>
<p>Como observas en la figura anterior el área de una de las regiones
es 6,2 m<superindice>2</superindice>, mientras que el área de la segunda
región es desconocida, sin embargo, se conoce la medida del área total
(8,5 m · 1 m = 8,5 m<superindice>2</superindice>), por tanto, podemos
proponer la ecuación 8,5 – <cursiva>x</cursiva> = 6,2, donde la letra <cursiva
>x</cursiva> representa el área de la segunda región.</p>
<p centrado="si">8,5 – <cursiva>x</cursiva> = 6,2  </p>
<p>Aplicamos la propiedad uniforme de las igualdades sustrayendo 8,5
en ambos miembros de la igualdad:</p>
<p centrado="si">8,5 – 8,5 – <cursiva>x</cursiva> = 6,2 – 8,5  </p>
<p>Efectuamos la operación indicada en cada miembro de la igualdad:
 </p>
<p centrado="si">0 – <cursiva>x</cursiva> = –2,3  </p>
<p>Aplicamos el módulo de la sustracción:  </p>
<p centrado="si">–<cursiva>x</cursiva> = –2,3  </p>
<p>Multiplicamos cada lado de la igualdad por –1 ya que estamos hablando
de un área, y estas nunca son negativas, y se tiene:  </p>
<p centrado="si"><cursiva>x</cursiva> = 2,3    </p>
<p>Por tanto, podemos concluir que el área disponible para la segunda
pintura es 2,3 m<superindice>2</superindice>.</p>
<listaSinNumerar>
<listaElemento>En un laboratorio una científica toma la temperatura
de un objeto y registra que es 30 <superindice>o</superindice>C bajo
cero; para observar su resistencia a los cambios de temperatura le
suministra calor y el objeto alcanza una temperatura de 150 <superindice
>o</superindice>C. ¿Cuál es el cambio de temperatura que ha sufrido
el objeto?</listaElemento>
</listaSinNumerar>
<p>Este problema plantea el cambio de temperatura que sufre un objeto;
como la primera temperatura es bajo cero se puede representar con
–30 grados y como después alcanzó 150 grados de temperatura, proponemos
la ecuación –30 + <cursiva>t</cursiva> = 150, donde <cursiva>t</cursiva
> representa el cambio de temperatura que ha sufrido el objeto.  
 </p>
<p centrado="si">–30 + <cursiva>t</cursiva> = 150  </p>
<p>Aplicamos la propiedad uniforme de las igualdades adicionando 30
en ambos miembros de la igualdad:</p>
<p centrado="si">–30 + 30 + <cursiva>t</cursiva> = 150 + 30  </p>
<p>Efectuamos la operación indicada en cada miembro de la igualdad:
 </p>
<p centrado="si">0 + <cursiva>t</cursiva> = 180  </p>
<p>Aplicamos el la propiedad modulativa de la adición:  </p>
<p centrado="si"><cursiva>t</cursiva> = 180  </p>
<p>Es decir que el cambio de temperatura que ha sufrido el objeto
ha sido de 180 <superindice>o</superindice>C.</p>
<destacado><destacadoTitulo>Ecuaciones aditivas</destacadoTitulo>
<destacadoTexto>
<p>Para resolver ecuaciones de la forma <cursiva>x + b = c </cursiva
> <negrita> se adiciona</negrita> el opuesto de <cursiva>b</cursiva
> en los dos miembros de la ecuación y se transforma en ecuaciones
equivalentes para despejar la incógnita haciendo uso de la propiedad
uniforme de la igualdad. </p>
</destacadoTexto></destacado><practica>
<enlace
destino="/LoIdRedirect.aspx?LoId=MA_08_06_CO_Recurso080&amp;IdRecurso=RES-B68967AC902D427E8361644D5AACDFD1"
>Practica la solución de las ecuaciones de la forma <cursiva>a</cursiva
> + <cursiva>x</cursiva> = <cursiva>c</cursiva></enlace>
</practica></seccion3Texto></seccion3><seccion3
id="S3_MA_08_06_CO_174B768C82334B41A463F88CD6674499">
<seccion3Titulo>Ecuaciones de la forma <cursiva>ax</cursiva> = <cursiva
>c</cursiva></seccion3Titulo>
<seccion3Texto>
<p>Otro tipo de ecuaciones que vamos a estudiar son las multiplicativas,
que son aquellas que representan situaciones que se pueden solucionar
a través de una multiplicación o una división; su forma general es:
 </p>
<p centrado="si"><negritacursiva>ax = c</negritacursiva></p>
<p>Por ejemplo:</p>
<listaSinNumerar>
<listaElemento>El gerente de una fábrica de muebles ha estimado que
el costo de elaborar una silla para oficina es $ 35 000. Si se dispone
de $ 31 500 000 de presupuesto, ¿cuál es la cantidad de sillas que
se pueden fabricar con esos fondos?</listaElemento>
</listaSinNumerar>
<p>Como no conocemos el número de sillas lo vamos a representar con
la letra <cursiva>s</cursiva>; lo que sí sabemos es que por cada silla
que se fabrique se deben invertir $ 35 000, es decir que para <cursiva
>s</cursiva> sillas tenemos la expresión 35 000<cursiva>s</cursiva
> y esta expresión debe ser igual al presupuesto que se tiene destinado
para este fin, por tanto, tenemos la ecuación:  </p>
<p centrado="si"><negrita>35 000<cursiva>s</cursiva> = 31 500 000</negrita
></p>
<p>Observa que en esta ocasión ya no se trata de una situación aditiva,
sino de una multiplicativa, y que para despejar la variable <cursiva
>s</cursiva> lo que haremos es dividir toda la igualdad por 35 000
aplicando la propiedad uniforme así:  </p>
<p centrado="si">(35 000<cursiva>s</cursiva>)/(35 000) = (31 500 000)/(35
000)</p>
<p>Simplificando los dos miembros de la igualdad se tiene:  </p>
<p centrado="si"><cursiva>s</cursiva> = 900</p>
<p>Por tanto, podemos decir que con el presupuesto que se tiene se
pueden fabricar 900 sillas.</p>
<listaSinNumerar>
<listaElemento>Una familia, luego de hacer compras en el supermercado,
observó en la factura de compras que por 8 libras de café le cobraron
$ 17 200, sin embargo, la factura no específica el valor de una libra;
¿cuál es el precio de una sola libra de café?</listaElemento>
</listaSinNumerar>
<p>Aquí se conocen el precio total pagado por el café (17 200) y la
cantidad de libras que se compraron (8). En este caso se llamará <negritacursiva
>p</negritacursiva> al precio de una libra que es lo que se debe hallar;
el precio total se puede determinar mediante la expresión:</p>
<p centrado="si"><negrita>8<cursiva>p</cursiva> = 17 200</negrita
></p>
<p>Para resolver esta ecuación se despeja la variable <cursiva>p</cursiva
> dividendo cada miembro de la igualdad entre <negrita>8</negrita
> y simplificando, del siguiente modo:  </p>
<p centrado="si">(8<cursiva>s</cursiva>)/8 = (17 200)/(8) </p>
<p centrado="si"><cursiva>s</cursiva> = 2150</p>
<p>Esto significa que cada libra de café tiene un costo $ 2150.</p>
<listaSinNumerar>
<listaElemento>Durante una semana un grupo de obreros han trabajado
en la construcción de una carretera y han completado 4/7 del total
de la obra que equivalen a 2800 metros; ¿cuál es la longitud total
de la carretera?</listaElemento>
</listaSinNumerar>
<p>En este caso <negritacursiva>x</negritacursiva> representará la
longitud total; como el problema dice que 4/7 de esta longitud equivalen
a 2800 metros, se tiene la expresión:  </p>
<p centrado="si"><negrita>(4/7)<cursiva>x</cursiva> = 2800</negrita
></p>
<p>Para despejar la variable <cursiva>x</cursiva> se multiplica cada
miembro de la ecuación por el inverso multiplicativo de 4/7 que es
7/4, así:  </p>
<p centrado="si">(7/4)(4/7)<cursiva>x</cursiva> = (2800)(7/4) </p>
<p centrado="si"><cursiva>x</cursiva> = 4900</p>
<p>Se puede concluir que la carretera tiene una longitud total de
4900 metros.</p>
<destacado><destacadoTitulo>Ecuaciones multiplicativas</destacadoTitulo>
<destacadoTexto>
<p>Para resolver ecuaciones de la forma <cursiva>ax = c </cursiva
> <negrita> se multiplica</negrita> por el inverso multiplicativo
de <cursiva>a</cursiva> en los dos miembros de la ecuación y se transforma
en ecuaciones equivalentes para despejar la incógnita haciendo uso
de la propiedad uniforme de la igualdad. </p>
</destacadoTexto></destacado><practica>
<enlace
destino="/LoIdRedirect.aspx?LoId=MA_08_06_CO_Recurso090&amp;IdRecurso=RES-0AAE7C7CC23F409E8408ED626A7937D4"
>Practica la solución de las ecuaciones de la forma ax = c</enlace>
</practica></seccion3Texto></seccion3><seccion3
id="S3_MA_08_06_CO_174B768C82334B41A463F88CD6675500">
<seccion3Titulo>Ecuación de la forma <cursiva>ax ± b = c</cursiva
></seccion3Titulo>
<seccion3Texto>
<p>Esta ecuación resulta de la combinación de una ecuación aditiva
y una multiplicativa. Para resolverla, es necesario aplicar primero
el procedimiento de la ecuación aditiva y luego el de la ecuación
multiplicativa. Su forma general es:  </p>
<p centrado="si"><cursiva>ax ± b = c</cursiva></p>
<p>Observa la siguiente figura.</p>
<imagen src="MA_08_06_CO_IMG11_small.jpg">
<p>La relación entre los pesos de diferentes cantidades se puede expresar
como una ecuación.</p>
</imagen>
<p>De acuerdo a la figura, ¿cuál es la ecuación que representa la
situación? ¿Cuál es el peso de un paquete de caramelos?  </p>
<p>Se puede observar que al lado izquierdo de la balanza, hay un paquete
de gomitas cuya masa es de 125 g y tres paquetes de caramelos, de
los que se desconoce la medida de su masa. Al lado derecho hay un
paquete de chocolates que tiene una masa de 365 g. Como la balanza
está en equilibrio, quiere decir que la masa en cada lado de ella
es la misma, así se puede escribir la siguiente ecuación:  </p>
<p centrado="si">125 + 3<cursiva>c</cursiva> = 365</p>
<p>Donde <cursiva>c</cursiva> representa la masa de cada paquete de
caramelos.  Para resolver esta ecuación y hallar el peso de cada paquete
de caramelos, vamos a despejar la variable <cursiva>c</cursiva>; para
hacerlo, procedemos del siguiente modo:</p>
<p>Ecuación propuesta.</p>
<p centrado="si">125 + 3<cursiva>c</cursiva> = 365</p>
<p>Sustraemos 125 en cada miembro. </p>
<p centrado="si">125 – 125 + 3<cursiva>c</cursiva> = 365 – 125</p>
<p>Desarrollamos la operación indicada.</p>
<p centrado="si">0 + 3<cursiva>c</cursiva> = 240</p>
<p>Aplicamos el módulo de la adición.</p>
<p centrado="si">3<cursiva>c</cursiva> = 240</p>
<p>Simplificamos cada miembro por 3.</p>
<p centrado="si">3<cursiva>c</cursiva> ÷ 3 = 240 ÷ 3</p>
<p>Efectuamos la división indicada.</p>
<p centrado="si"><cursiva>c</cursiva> = 80</p>
<p>Ahora podemos concluir que la masa de cada paquete de caramelos
es 80 g.</p>
<p>Observa el siguiente ejemplo.</p>
<listaSinNumerar>
<listaElemento>Se sabe que el cobro del servicio de agua en una comunidad
está definido así: un costo fijo de $ 7500 por conceptos de mantenimiento
y $ 2150 por cada metro cúbico de agua consumido. A una familia, al
finalizar el mes, el recibo del agua le llegó por un valor de $ 76
300, sin embargo, en la factura no se especificó el número de m<superindice
>3</superindice> consumidos. ¿Cuál es la cantidad de agua consumida
durante el mes por esta familia? </listaElemento>
</listaSinNumerar>
<p>La situación anterior define el costo a partir de dos valores,
la adición de un cargo fijo con el precio por metro cúbico consumido,
por tanto, la ecuación que se plantea es:  </p>
<p centrado="si"><negrita>2150<cursiva>x</cursiva> + 7500 = 76 300</negrita
></p>
<p>Donde <cursiva>x</cursiva> representa el número de m<superindice
>3</superindice>.  </p>
<p>Ahora se procede a despejar la variable <cursiva>x</cursiva> para
resolver la ecuación.  </p>
<p centrado="si">2150<cursiva>x</cursiva> + 7500 = 76 300 </p>
<p centrado="si">2150<cursiva>x</cursiva> + 7500 – 7500 = 76 300 –
7500</p>
<p centrado="si">2150<cursiva>x</cursiva> + 0 = 68 800</p>
<p centrado="si">2150<cursiva>x</cursiva> = 68 800</p>
<p centrado="si">(2150<cursiva>x</cursiva>)/(2150) = (68 800)/(2150)</p>
<p centrado="si"><cursiva>x</cursiva> = 32  </p>
<p>Ahora se puede afirmar que el consumo de agua de esta familia durante
el mes fue de 32 m<superindice>3</superindice></p>
<imagen ampliable="no" src="MA_08_06_CO_IMG12_small.jpg">
<p>A través de las ecuaciones se puede calcular el costo y el consumo
de los servicios públicos.</p>
</imagen>
<destacado><destacadoTitulo>Ecuaciones lineales</destacadoTitulo>
<destacadoTexto>
<p>Para resolver ecuaciones de la forma <cursiva>ax + b = c</cursiva
> se procede a resolver la parte aditiva y posteriormente la parte
multiplicativa, haciendo uso de las propiedades de las igualdades.</p>
</destacadoTexto></destacado><practica>
<enlace
destino="/LoIdRedirect.aspx?LoId=MA_08_06_CO_Recurso100&amp;IdRecurso=RES-C853C5A36FE0421D8B2DEB5F211F137E"
>Practica la solución de las ecuaciones de la forma <cursiva>ax +
b = c</cursiva></enlace>
</practica></seccion3Texto></seccion3></seccion2Texto></seccion2>
<seccion2 id="S2_MA_08_06_CO_174B768C82334B41A463F88CD6679944">
<seccion2Titulo>La modelación y solución de situaciones problema mediante
ecuaciones lineales</seccion2Titulo>
<seccion2Texto>
<p>Las ecuaciones lineales sirven para modelar situaciones y comunicar
la solución de un problema de un modo formal y convincente.  </p>
<p>Para traducir una situación problema al lenguaje algebraico y transformarlo
en una ecuación lineal, se siguen estos pasos:</p>
<listaSinNumerar>
<listaElemento>Se hace una lectura detallada del problema.</listaElemento>
<listaElemento>Se identifica la pregunta y se transforma en una variable.</listaElemento>
<listaElemento>Se identifican los datos del problema.</listaElemento>
<listaElemento>Se relaciona la variable con los datos y se modela
con una ecuación.</listaElemento>
<listaElemento>Se resuelve la ecuación.</listaElemento>
<listaElemento>Se verifica que la ecuación satisfaga las condiciones
del problema y que efectivamente sea una solución.</listaElemento>
<listaElemento>Se escribe la respuesta en términos del problema.</listaElemento>
</listaSinNumerar>
<p>A continuación se revisan algunas situaciones que se pueden modelar
mediante una ecuación lineal.</p>
<listaSinNumerar>
<listaElemento>La suma de dos números es 53 y el primero de los números
excede al segundo en 15 unidades. ¿Cuáles son los números?</listaElemento>
</listaSinNumerar>
<p>Como la pregunta es cuáles son los números que adicionados dan
53, se tienen dos incógnitas:   </p>
<p centrado="si"><cursiva>x</cursiva> es el primer número</p>
<p centrado="si"><cursiva>y</cursiva> es el segundo número</p>
<p>Se sabe que adicionados dan 53, por tanto, se plantea la ecuación:
 </p>
<p centrado="si"><cursiva>x + y</cursiva> = 53  </p>
<p>Esta es una ecuación con dos incógnitas. También se sabe que el
primer número excede al segundo en quince unidades, luego se puede
escribir que:  </p>
<p centrado="si"><cursiva>x = y</cursiva> + 15  </p>
<p>Esta expresión se relaciona con la ecuación que se va a resolver
y <cursiva>x</cursiva> se reemplaza por <cursiva>y </cursiva> + 15,
así:</p>
<p centrado="si"><cursiva>y</cursiva> + 15 + <cursiva>y</cursiva> =
53</p>
<p>La ecuación que finalmente se va a resolver es:  </p>
<p centrado="si">2<cursiva>y</cursiva> + 15 = 53</p>
<p centrado="si">2<cursiva>y</cursiva> = 53 – 15</p>
<p centrado="si"><cursiva>y</cursiva> = 38/2</p>
<p centrado="si"><cursiva>y </cursiva>= 19</p>
<p>Significa que el segundo número es 19, por tanto, el primer número
se halla reemplazando en la ecuación <cursiva>x = y</cursiva> + 15.</p>
<p centrado="si"><cursiva>x = y</cursiva> + 15</p>
<p centrado="si"><cursiva>x</cursiva> = 19 + 15 </p>
<p centrado="si"><cursiva>x</cursiva> = 34  </p>
<p>Esto quiere decir que el segundo número es 34.  </p>
<p>Se comprueba que 34 + 19 = 53, por ende, se confirma que el primer
número es 34 y que el segundo es 19.</p>
<listaSinNumerar>
<listaElemento>El perímetro de un rectángulo es 68 cm y se sabe que
la base es el doble de la altura excedida en 7 cm; ¿cuáles son las
dimensiones del rectángulo?</listaElemento>
</listaSinNumerar>
<p>Incógnitas: </p>
<p centrado="si">Base del rectángulo <cursiva>b</cursiva> </p>
<p centrado="si">Altura del rectángulo <cursiva>h</cursiva>  </p>
<p>Datos: </p>
<p>El perímetro es 68 cm; como el perímetro es la adición de todos
los lados, se puede escribir la siguiente ecuación:  </p>
<p centrado="si"><cursiva>h + b + h + b</cursiva> = 68</p>
<p centrado="si">2<cursiva>h</cursiva> + 2<cursiva>b</cursiva> = 68</p>
<p>La base es el doble de la altura excedida en 7 cm, por tanto: 
 </p>
<p centrado="si"><cursiva>b</cursiva> = 2<cursiva>h</cursiva> + 7</p>
<p>Ahora se reemplaza este dato en la ecuación del perímetro para
tener una ecuación con una sola variable y resolverla.</p>
<p centrado="si">2<cursiva>h</cursiva> + 2<cursiva>b</cursiva> = 68</p>
<p centrado="si">2<cursiva>h</cursiva> + 2(2<cursiva>h</cursiva> +
7) = 68  </p>
<p centrado="si">2<cursiva>h</cursiva> + 4<cursiva>h</cursiva> + 14
= 68</p>
<p centrado="si">6<cursiva>h</cursiva> + 14 = 68</p>
<p centrado="si">6<cursiva>h</cursiva> = 68 – 14</p>
<p centrado="si"><cursiva>h</cursiva> = 54/6 </p>
<p centrado="si"><cursiva>h</cursiva> = 9</p>
<p>Este resultado significa que la medida de la altura del rectángulo
es 9 cm, y como la medida de la base es el doble de la altura excedida
en 7 cm, se tiene:</p>
<p centrado="si"><cursiva>b</cursiva> = 2<cursiva>h</cursiva> + 7</p>
<p centrado="si"><cursiva>b</cursiva>= 2(9) + 7</p>
<p centrado="si"><cursiva>b</cursiva> = 18 + 7</p>
<p centrado="si"><cursiva>b</cursiva> = 25</p>
<p>Se puede concluir que la base mide 25 cm y, por tanto, las dimensiones
del rectángulo son: altura 9 cm y base 25 cm. </p>
<listaSinNumerar>
<listaElemento>Andrés ha comprado para sus útiles escolares un esfero
y tres cuadernos. Si él sabe que el precio del esfero es $ 1200 y
que el total de la factura es $ 9300, ¿cuál fue el costo de cada cuaderno?</listaElemento>
</listaSinNumerar>
<p>Incógnitas: </p>
<p>El precio de cada cuaderno (<cursiva>x</cursiva>); como son tres
cuadernos, entonces el precio es 3<cursiva>x</cursiva>.</p>
<p>Datos: </p>
<p>Un esfero vale $ 1200 y el costo total de la compra es $ 9300.
 </p>
<p>La ecuación a resolver es el costo del esfero más el de los tres
cuadernos, por tanto, se puede proponer la siguiente ecuación:  </p>
<p centrado="si">3<cursiva>x</cursiva> + 1200 = 9300</p>
<p>Resolviendo esta ecuación se tiene:  </p>
<p centrado="si">3<cursiva>x</cursiva> + 1200 = 9300</p>
<p centrado="si">3<cursiva>x</cursiva> = 9300 – 1200</p>
<p centrado="si"><cursiva>x</cursiva> = (8100)/3</p>
<p centrado="si"><cursiva>x</cursiva> = 2700  </p>
<p>Significa que cada cuaderno tuvo un costo de $ 2700.</p>
<practica>
<enlace
destino="/LoIdRedirect.aspx?LoId=MA_08_06_CO_Recurso110&amp;IdRecurso=RES-13FF3D8F19C24B85A231DD577B956750"
>Identifica la ecuación que modela la situación problema</enlace>
</practica></seccion2Texto></seccion2><seccion2
id="S2_MA_08_06_CO_174B768C82334B41A463F88CD6670055">
<seccion2Titulo>La solución de ecuaciones por transposición de términos</seccion2Titulo>
<seccion2Texto>
<p>Hasta el momento se han estudiado ecuaciones lineales aditivas,
multiplicativas y en la forma estándar, pero la mayoría de situaciones
que se modelan con estas ecuaciones resultan escritas con un grado
de mayor complejidad, como por ejemplo las ecuaciones:</p>
<formula alineacion="centrada" src="MA_08_06_001.gif"></formula>
<formula alineacion="centrada" src="MA_08_06_002.gif"></formula>
<p>Para resolver este tipo de ecuaciones que siguen siendo lineales
y con una variable, se deben seguir una serie de pasos para transformarlas
en la forma estándar <negritacursiva>ax</negritacursiva> + <negritacursiva
>b</negritacursiva> = <negritacursiva>c</negritacursiva>. </p>
<listaSinNumerar>
<listaElemento>Suprimir los denominadores si los hay, multiplicando
cada miembro por el m.c.m. de los denominadores.</listaElemento>
<listaElemento>Agrupar términos semejantes mediante transposición
de términos (dejar a un lado los que están con la incógnita y al otro
lado los términos independientes), con el fin de dejar a un lado los
términos que contienen las variables y al otro, las constantes.</listaElemento>
<listaElemento>Realizar en cada miembro las operaciones indicadas.</listaElemento>
<listaElemento>Despejar la incógnita y hallar el resultado.</listaElemento>
</listaSinNumerar>
<p>Por ejemplo al resolver la ecuación:</p>
<formula alineacion="centrada" src="MA_08_06_004.gif"></formula>
<p>Se multiplica cada miembro por el m.c.m. que en este caso es 6:</p>
<formula alineacion="centrada" src="MA_08_06_005.gif"></formula>
<p>Se simplifican los denominadores: </p>
<p centrado="si">3(2<cursiva>x</cursiva> + 3) – 2 = 3(<cursiva>x</cursiva
> + 1) </p>
<p centrado="si">6<cursiva>x</cursiva> + 9 – 2 = 3<cursiva>x</cursiva
> + 3</p>
<p centrado="si">6<cursiva>x</cursiva> + 7 = 3<cursiva>x</cursiva
> + 3  </p>
<p>Se hace transposición de términos semejantes: </p>
<p centrado="si">6<cursiva>x</cursiva> – 3<cursiva>x</cursiva> = 3
– 7 </p>
<p centrado="si">3<cursiva>x</cursiva> = –4  </p>
<p>Se despeja la incógnita: </p>
<p centrado="si"><cursiva>x</cursiva> = –4/3</p>
<p>Observa la siguiente figura.</p>
<imagen src="MA_08_06_CO_IMG13_small.jpg">
<p>Las figuras geométricas pueden tener formas diferentes, pero igual
perímetro o área.</p>
</imagen>
<p>La figura muestra un rectángulo y un cuadrado que tienen igual
perímetro. ¿Cuál es el valor de <cursiva>x</cursiva> que hace que
esta afirmación sea verdadera.</p>
<p>El perímetro de un rectángulo se halla mediante la fórmula <cursiva
>p</cursiva> = 2<cursiva>a</cursiva> + 2<cursiva>b</cursiva> y el
de un cuadrado es <cursiva>p</cursiva> = 4<cursiva>a</cursiva>; como
los perímetros son iguales se puede escribir la ecuación:  </p>
<p centrado="si">2(2<cursiva>x</cursiva> + 2) + 2(2<cursiva>x</cursiva
> + 6) = 4(<cursiva>x</cursiva> + 9)  </p>
<p>Se elimina cada paréntesis aplicando la propiedad distributiva
de la multiplicación: </p>
<p centrado="si">4<cursiva>x</cursiva> + 4 + 4<cursiva>x</cursiva
> + 12 = 4<cursiva>x</cursiva> + 36  </p>
<p>Se operan los términos semejantes en el miembro izquierdo: </p>
<p centrado="si">8<cursiva>x</cursiva> + 16 = 4<cursiva>x</cursiva
> + 36  </p>
<p>Se hace transposición de términos semejantes: </p>
<p centrado="si">8<cursiva>x</cursiva> – 4<cursiva>x</cursiva> = 36
– 16  </p>
<p>Se reducen términos semejantes: </p>
<p centrado="si">4<cursiva>x</cursiva> = 20 </p>
<p>Se despeja la incógnita:  </p>
<p centrado="si"><cursiva>x</cursiva> = 20/4 </p>
<p centrado="si"><cursiva>x</cursiva> = 5  </p>
<p>Por tanto, se puede asegurar que el valor de <cursiva>x</cursiva
> que hace posible que el rectángulo y el cuadrado tengan igual perímetro
que es 5.</p>
<p>Esto último se verifica reemplazando el valor de la incógnita en
cada perímetro.  </p>
<p>Para el rectángulo se tiene:             </p>
<p centrado="si"><cursiva>p</cursiva> = 8(5) + 16</p>
<p centrado="si"><cursiva>p</cursiva> = 40 + 16 </p>
<p centrado="si"><cursiva>p</cursiva> = 56  </p>
<p>Para el cuadrado:</p>
<p centrado="si"><cursiva>p</cursiva> = 4(5) + 36</p>
<p centrado="si"><cursiva>p</cursiva> = 20 + 36 </p>
<p centrado="si"><cursiva>p </cursiva>= 56  </p>
<p>Como los perímetros son iguales, se ha verificado que la solución
de la ecuación satisface el problema propuesto.</p>
</seccion2Texto></seccion2><seccion2
id="S2_MA_08_06_CO_174B768C82334B41A463F88CD6671166">
<seccion2Titulo>Solución de ecuaciones con signos de agrupación</seccion2Titulo>
<seccion2Texto>
<p>Las ecuaciones al igual que los polinomios aritméticos se pueden
escribir utilizando los signos de agrupación, por ejemplo:</p>
<p centrado="si">2<cursiva>x</cursiva> + 3[<cursiva>x</cursiva> –
(2<cursiva>x</cursiva> + 3)] = 3(2 – 4<cursiva>x</cursiva>)  </p>
<p>Para resolver este tipo de ecuaciones se deben seguir estos pasos:</p>
<listaSinNumerar>
<listaElemento>Eliminar los signos de agrupación de adentro hacia
afuera.</listaElemento>
<listaElemento>Hacer transposición de términos.</listaElemento>
<listaElemento>Reducir los términos semejantes.</listaElemento>
<listaElemento>Despejar la incógnita. </listaElemento>
</listaSinNumerar>
<p>Así en la ecuación 2<cursiva>x</cursiva> + 3[<cursiva>x</cursiva
> – (2<cursiva>x</cursiva> + 3)] = 3(2 – 4<cursiva>x</cursiva>) se
procede del siguiente modo.  </p>
<p>Se suprimen los paréntesis aplicando la propiedad distributiva
en el miembro izquierdo para el signo menos y en el miembro derecho
multiplicando todo el paréntesis por 3.  </p>
<p centrado="si">2<cursiva>x</cursiva> + 3[<cursiva>x</cursiva> –
2<cursiva>x</cursiva> – 3] = 6 – 12<cursiva>x</cursiva></p>
<p>Ahora se reducen los términos semejantes:  </p>
<p centrado="si">2<cursiva>x</cursiva> + 3[–<cursiva>x</cursiva> –
3)] = 6 – 12<cursiva>x</cursiva></p>
<p>Se aplica la propiedad distributiva en el miembro izquierdo:  </p>
<p centrado="si">2<cursiva>x</cursiva> – 3<cursiva>x</cursiva> – 9
= 6 – 12<cursiva>x</cursiva>  </p>
<p>Se hace la transposición de términos y reducción de términos semejantes:
 </p>
<p centrado="si">2<cursiva>x</cursiva> – 3<cursiva>x</cursiva> + 12<cursiva
>x</cursiva> = 6 + 9</p>
<p centrado="si">11<cursiva>x</cursiva> = 15</p>
<p>Despejamos la incógnita y obtenemos que:  </p>
<p centrado="si"><cursiva>x</cursiva> = 15/11</p>
</seccion2Texto></seccion2><seccion2
id="S2_MA_08_06_CO_174B768C82334B41A463F88CD6672266">
<seccion2Titulo>Solución de ecuaciones con coeficientes literales</seccion2Titulo>
<seccion2Texto>
<p>Las ecuaciones con coeficientes literales son todas aquellas fórmulas
que se utilizan en la geometría, la física y otras ciencias; la necesidad
e importancia de trabajar con ellas es que, en ocasiones, en un problema
o situación es necesario averiguar un dato con una ecuación que no
tiene despejada la incógnita que se busca.  </p>
<p>Por ejemplo, la ecuación de la rapidez es <cursiva>v</cursiva> = <cursiva
>d</cursiva>/<cursiva>t</cursiva>, donde <cursiva>v</cursiva> representa
la rapidez, <cursiva>d</cursiva> la distancia y <cursiva>t</cursiva
> el tiempo. Si se quiere hallar la distancia conociendo el intervalo
de tiempo transcurrido y la magnitud de la rapidez se debe despejar <cursiva
>d</cursiva>, así que si se multiplica toda la ecuación por <cursiva
>t</cursiva> se tiene:  </p>
<formula alineacion="centrada" src="MA_08_06_006.gif"></formula>
<p>Simplificando se tiene:  </p>
<p centrado="si"><cursiva>v ∙ t</cursiva> = <cursiva>d</cursiva>  </p>
<p>Así, esta nueva ecuación permite determinar la distancia que recorre
un cuerpo con una rapidez constante en un tiempo dado.  </p>
<p>Otro ejemplo de la solución de ecuaciones con coeficientes literales
es despejar la base <cursiva>b</cursiva> en la ecuación del perímetro
de un rectángulo.   </p>
<p>La ecuación del perímetro de un rectángulo es <cursiva>p</cursiva
> = 2<cursiva>a</cursiva> + 2<cursiva>b</cursiva>. Por la propiedad
simétrica de las igualdades se puede escribir:  </p>
<p centrado="si">2<cursiva>a</cursiva> + 2<cursiva>b</cursiva> = <cursiva
>p</cursiva>  </p>
<p>Se sustrae 2<cursiva>a</cursiva> en ambos miembros de la igualdad
y se opera:  </p>
<p centrado="si">2<cursiva>a</cursiva> – 2<cursiva>a</cursiva> + 2<cursiva
>b</cursiva> = <cursiva>p</cursiva> – 2<cursiva>a</cursiva></p>
<p centrado="si">0 + 2<cursiva>b</cursiva> = <cursiva>p</cursiva> –
2<cursiva>a</cursiva>  </p>
<p>Se aplica el módulo de la adición y se simplifica por 2 toda la
igualdad:  </p>
<p centrado="si">2<cursiva>b</cursiva> = <cursiva>p</cursiva> – 2<cursiva
>a</cursiva></p>
<formula alineacion="centrada" src="MA_08_06_007.gif"></formula>
<formula alineacion="centrada" src="MA_08_06_008.gif"></formula>
<p>Así la base de un rectángulo queda expresada a partir de su perímetro
y su altura.</p>
</seccion2Texto></seccion2><seccion2
id="S2_MA_08_06_CO_174B768C82334B41A463F88CD6673377">
<seccion2Titulo>Solución de ecuaciones racionales</seccion2Titulo>
<seccion2Texto>
<p>Las ecuaciones racionales son de la forma:</p>
<formula alineacion="centrada" src="MA_08_06_009.gif"></formula>
<p>Por ejemplo:</p>
<formula alineacion="centrada" src="MA_08_06_010.gif"></formula>
<p>Para resolver esta ecuación se debe eliminar el denominador en
cada miembro de la igualdad; para ello, se multiplica en cruz así.</p>
<formula alineacion="centrada" src="MA_08_06_011.gif"></formula>
<p>Luego se realizan las operaciones y se simplifica con lo que se
obtiene:  </p>
<p centrado="si">3<cursiva>x</cursiva> + 3 = 2<cursiva>x</cursiva
> – 2</p>
<p>Se realiza transposición de términos y se opera:  </p>
<p centrado="si">3<cursiva>x</cursiva> – 2<cursiva>x</cursiva> = –2
– 3</p>
<p centrado="si"><cursiva>x</cursiva> = –5</p>
<p>Con lo que se obtiene que el resultado que satisface la igualdad
es –5.</p>
<listaSinNumerar>
<listaElemento>Andrés y Felipe son dos hermanos de los cuales se sabe
que sus edades se encuentran en razón de 3 a 4 y, además, que la edad
de Felipe excede en 5 años a la del hermano menor. ¿Cuáles son las
edades de Andrés y Felipe?</listaElemento>
</listaSinNumerar>
<p>De acuerdo con la información del problema se tienen los siguientes
datos:  </p>
<p centrado="si">La edad de Andrés <cursiva>a</cursiva></p>
<p centrado="si">La edad de Felipe <cursiva>f</cursiva></p>
<p>Como la razón de sus edades es de 3 a 4 (una razón es un cociente
indicado) y según el problema Felipe es el hermano mayor, se tiene
la igualdad:</p>
<formula alineacion="centrada" src="MA_08_06_012.gif"></formula>
<p>Si Felipe es mayor que Andrés 5 años, la igualdad se puede escribir:
 </p>
<p centrado="si"><cursiva>f</cursiva> = <cursiva>a</cursiva> + 5</p>
<p>Si se reemplaza esta segunda expresión en el denominador de la
primera ecuación se tiene:</p>
<formula alineacion="centrada" src="MA_08_06_013.gif"></formula>
<p>Ahora se resuelve el problema que se modela a través de esta ecuación.
 </p>
<p>Se multiplica los términos en cruz.</p>
<formula alineacion="centrada" src="MA_08_06_014.gif"></formula>
<p>Se opera y se simplifica:  </p>
<p centrado="si">4<cursiva>a</cursiva> = 3<cursiva>a</cursiva> + 15</p>
<p>Se hace transposición de términos y se simplifica:</p>
<p centrado="si">4<cursiva>a</cursiva> – 3<cursiva>a</cursiva> = 15</p>
<p centrado="si"><cursiva>a</cursiva> = 15</p>
<p>El resultado de la ecuación nos indica que la edad de Andrés es
15 años y, por tanto, la de Felipe es 20 años.</p>
<practica>
<enlace
destino="/LoIdRedirect.aspx?LoId=MA_08_06_CO_Recurso130&amp;IdRecurso=RES-1670251D4858423B9ABDA13A48136E72"
>Practica la solución de ecuaciones racionales</enlace>
</practica></seccion2Texto></seccion2><seccion2
id="S2_MA_08_06_CO_174B768C82334B41A463F88CD6674488">
<seccion2Titulo>Consolidación</seccion2Titulo>
<seccion2Texto>
<p>Actividades para consolidar lo que has aprendido en esta sección.</p>
<practica>
<enlace
destino="/LoIdRedirect.aspx?LoId=MA_08_06_CO_Recurso140&amp;IdRecurso=RES-5E422A18AF144524963973605FB78BD9"
>Refuerza tu aprendizaje: Las ecuaciones</enlace>
</practica></seccion2Texto></seccion2></seccion1Texto></seccion1>
<seccion1 id="S1_MA_08_06_CO_F7478C494EF2493696003B8F0440F05B">
<seccion1Titulo>Las inecuaciones</seccion1Titulo>
<seccion1Texto>
<p>Seguramente habrás escuchado expresiones como “solo para mayores
de 18 años”, “película clasificada para menores de 12 años” o “consérvese
en un lugar fresco a una temperatura entre los 5 grados y los 10 grados”;
este tipo de situaciones y muchas más hacen referencia a una desigualdad
o inecuación.  </p>
<p>Por ejemplo, en las escuelas de fútbol se define una categoría
llamada infantil en la que se pueden inscribir niños que tengan edades
entre los 5 y los 8 años, la categoría júnior corresponde a niños
entre los 9 años y los 11 años. Así, los niños de la categoría júnior
pueden tener 9, 10 y 11 años; estos valores cumplen la condición de
estar en algo que más adelante definiremos como <negrita>intervalo</negrita
> y cumplen la condición de ser mayores que un número, pero a la vez
menores que otro.</p>
<p>Una <negrita>inecuación</negrita> es una <negrita>relación de orden</negrita
> entre dos expresiones algebraicas cuya solución es un conjunto de
números reales que satisfacen una desigualdad.</p>
<table align="center" border="1" cellspacing="0"><caption>Algunas
desigualdades e inecuaciones</caption><colgroup align="center"><col/>
<col/></colgroup>
<tbody>
<tr>
<td>Desigualdad</td>
<td>Inecuación</td>
</tr>
<tr>
<td>5 > 3</td>
<td>5<cursiva>x</cursiva> + 1 > 3</td>
</tr>
<tr>
<td>2 &lt; 15</td>
<td>2<cursiva>x</cursiva> – 1 &lt; 15<cursiva>x</cursiva> + 5</td>
</tr>
<tr>
<td>–3 ≤ 0</td>
<td>–3<cursiva>x</cursiva> – 2 ≤ <cursiva>x</cursiva> + 3</td>
</tr>
<tr>
<td>10 ≥ –1</td>
<td>10<cursiva>x</cursiva> ≥ –<cursiva>x</cursiva></td>
</tr>
</tbody>
</table>
<recuerda><recuerdaTexto>
<p>Los signos de las desigualdades representan cuándo una cantidad
es mayor o menor que otra.  </p>
<p centrado="si">&lt;  Se lee menor que </p>
<p centrado="si">> Se lee mayor que </p>
<p centrado="si">≤  Se lee menor o igual que </p>
<p centrado="si">≥ Se lee mayor o igual que</p>
</recuerdaTexto></recuerda><profundiza>
<enlace
destino="/LoIdRedirect.aspx?LoId=MA_08_06_CO_Recurso150&amp;IdRecurso=RES-9EE8F2F40CF64F15A0B0C7CCA45C9007"
>Las inecuaciones</enlace>
</profundiza><practica>
<enlace
destino="/LoIdRedirect.aspx?LoId=MA_08_06_CO_Recurso160&amp;IdRecurso=RES-0889584A55CB4EFC83EDAACD6D8FE47D"
>Identifica inecuaciones</enlace>
</practica><seccion2
id="S2_MA_08_06_CO_F7478C494EF2493696003B8F04400055">
<seccion2Titulo>Las propiedades de las inecuaciones</seccion2Titulo>
<seccion2Texto>
<p><negrita>Propiedad 1. </negrita>Si a los dos miembros de una inecuación
se les adiciona o se les sustrae una misma cantidad, el sentido de
la desigualdad se mantiene y la inecuación resultante es equivalente
a la inecuación original. Por ejemplo:  </p>
<p centrado="si">4 &lt; 12  </p>
<p>Se adiciona 6 a cada miembro de la desigualdad:  </p>
<p centrado="si">4 + 6 &lt; 12 + 6 </p>
<p centrado="si">10 &lt; 18  </p>
<p>Se observa que el sentido de la desigualdad se mantiene.   </p>
<p>Si se tiene:  </p>
<p centrado="si">5 > 3  </p>
<p>Se sustrae 7 a cada miembro de la desigualdad:  </p>
<p centrado="si">5 – 7 > 3 – 7 </p>
<p centrado="si">–2 > –4  </p>
<p>Se observa que el sentido de la desigualdad se mantiene.</p>
<p><negrita>Propiedad 2. </negrita>Si a los dos miembros de una inecuación
se les multiplica o divide por una misma <negrita>cantidad positiva</negrita
>, el sentido de la desigualdad se mantiene y la inecuación resultante
es equivalente a la inecuación original. Por ejemplo:  </p>
<p centrado="si">5 ≤ 11  </p>
<p>Se multiplica por 3 a cada miembro de la desigualdad:  </p>
<p centrado="si">3 ∙ 5 ≤ 3 ∙ 11 </p>
<p centrado="si">15 ≤ 33  </p>
<p>Se observa que el sentido de la desigualdad se mantiene.  </p>
<p>Si se tiene:  </p>
<p centrado="si">24 ≥ 16  </p>
<p>Si se divide por 4 a cada miembro de la desigualdad:  </p>
<p centrado="si">24 ÷ 4 ≥ 16 ÷ 4 </p>
<p centrado="si">6 ≥ 4  </p>
<p>Se observa que el sentido de la desigualdad se mantiene.</p>
<p><negrita>Propiedad 3. </negrita>Si a los dos miembros de una inecuación
se les multiplica o divide por una misma <negrita>cantidad negativa</negrita
>, el sentido de la desigualdad cambia y la inecuación resultante
es equivalente a la inecuación original. Por ejemplo:  </p>
<p centrado="si">4 &lt; 12  </p>
<p>Se multiplica por –3 a cada miembro de la desigualdad:  </p>
<p centrado="si">–3 ∙ 4 &lt; –3 ∙ 12 </p>
<p centrado="si">–12 > –36  </p>
<p>En este caso se observa que el sentido de la desigualdad cambia,
sin embargo, es equivalente a la desigualdad dada inicialmente.  </p>
<p>Si se tiene:  </p>
<p centrado="si">25 > 15  </p>
<p>Se divide por –5 a cada miembro de la desigualdad:  </p>
<p centrado="si">25 ÷ (–5) > 15 ÷ (–5) </p>
<p centrado="si">–5 &lt; –3  </p>
<p>Se observa que el sentido de la desigualdad cambia, sin embargo,
es equivalente a la desigualdad dada inicialmente.</p>
<practica>
<enlace
destino="/LoIdRedirect.aspx?LoId=MA_08_06_CO_Recurso170&amp;IdRecurso=RES-ED3D4545B2CF462DAD2FCD6EBB4F0614"
>Identifica las propiedades de las inecuaciones</enlace>
</practica></seccion2Texto></seccion2><seccion2
id="S2_MA_08_06_CO_F7478C494EF2493696003B8F04401166">
<seccion2Titulo>Los intervalos de solución de las inecuaciones </seccion2Titulo>
<seccion2Texto>
<p>El <negrita>conjunto de valores</negrita> para los que se cumple
la desigualdad se llama solución de la inecuación. Al no haber una
igualdad, el resultado no es único, sino un conjunto de números que
cumplen la condición de la inecuación. La solución de una inecuación
se puede expresar como un intervalo.  </p>
<destacado><destacadoTitulo>Los intervalos</destacadoTitulo>
<destacadoTexto>
<p>Un <negrita>intervalo</negrita> es un subconjunto de números reales
que se representa gráficamente en la recta numérica con una semirrecta
o un segmento que corresponde a la solución de una inecuación; analíticamente
se escriben entre paréntesis o corchetes según sea la clase de intervalo. </p>
<p>Los intervalos pueden ser de dos clases: <negrita>acotados o intervalos
finitos </negrita>son aquellos en los que se conocen sus dos extremos
y <negrita>no acotados o intervalos infinitos </negrita>son aquellos
en los que se conoce solo uno de sus extremos. </p>
</destacadoTexto></destacado><seccion3
id="S3_MA_08_06_CO_F7478C494EF2493696003B8F04405500">
<seccion3Titulo>Intervalos finitos</seccion3Titulo>
<seccion3Texto>
<p>Son aquellos intervalos en los que se conocen sus extremos y estos
pueden estar incluidos o no en la solución de la inecuación. De este
tipo de intervalos vamos a identificar los siguientes:</p>
<p><negrita>Intervalo cerrado </negrita></p>
<p>Es aquel intervalo en el que se incluyen los extremos <cursiva
>a</cursiva> y <cursiva>b</cursiva> en la solución de la inecuación.</p>
<p>Representación analítica: [<cursiva>a, b</cursiva>]  </p>
<p>Representación de conjunto: {<cursiva>x</cursiva> ∈ ℝ / <cursiva
>a</cursiva> ≤ <cursiva>x</cursiva> ≤ <cursiva>b</cursiva>}</p>
<imagen src="MA_08_06_CO_IMG14_small.jpg">
<p>En la representación gráfica de un intervalo cerrado los extremos
se representan con dos círculos rellenos.</p>
</imagen>
<p><negrita>Intervalo abierto </negrita></p>
<p>Es aquel intervalo en el que no se incluyen los extremos <cursiva
>a</cursiva> y <cursiva>b</cursiva> en la solución de la inecuación.</p>
<p>Representación analítica: (<cursiva>a, b</cursiva>)  </p>
<p>Representación de conjunto: {<cursiva>x</cursiva> ∈ ℝ / <cursiva
>a</cursiva> &lt; <cursiva>x</cursiva> &lt; <cursiva>b</cursiva>}</p>
<imagen src="MA_08_06_CO_IMG15_small.jpg">
<p>En la representación gráfica de un intervalo abierto los extremos
se representan con dos círculos sin rellenar.</p>
</imagen>
<p><negrita>Intervalo semiabierto a derecha o semicerrado a izquierda </negrita
></p>
<p>Es aquel intervalo en el que se incluye el extremo <cursiva>a</cursiva
>, pero se excluye el extremo <cursiva>b</cursiva> en la solución
de la inecuación.  </p>
<p>Representación analítica: [<cursiva>a, b</cursiva>)  </p>
<p>Representación de conjunto: {<cursiva>x</cursiva> ∈ ℝ / <cursiva
>a</cursiva> ≤ <cursiva>x</cursiva> &lt; <cursiva>b</cursiva>}</p>
<imagen src="MA_08_06_CO_IMG16_small.jpg">
<p>En la representación gráfica se representa con un círculo en el
extremo <cursiva>a</cursiva> relleno y un círculo en el extremo <cursiva
>b</cursiva> sin rellenar.</p>
</imagen>
<p><negrita>Intervalo semiabierto a izquierda o semicerrado a derecha </negrita
></p>
<p>Es aquel intervalo en el que se incluye el extremo <cursiva>b</cursiva
>, pero se excluye el extremo <cursiva>a</cursiva> en la solución
de la inecuación.  </p>
<p>Representación analítica: (<cursiva>a, b</cursiva>]  </p>
<p>Representación de conjunto: {<cursiva>x</cursiva> ∈ ℝ / <cursiva
>a</cursiva> &lt; <cursiva>x</cursiva> ≤ <cursiva>b</cursiva>}</p>
<imagen src="MA_08_06_CO_IMG17_small.jpg">
<p>En la representación gráfica se representa con un círculo en el
extremo <cursiva>a</cursiva> sin rellenar y un círculo relleno en
el extremo <cursiva>b</cursiva>.</p>
</imagen>
<listaSinNumerar>
<listaElemento>Representar mediante un intervalo el conjunto de todos
los números mayores o iguales a 3 y menores que 7.</listaElemento>
</listaSinNumerar>
<p>Al escribir este enunciado como una inecuación y como un intervalo
se obtiene:  </p>
<p>Inecuación: 3 ≤ <cursiva>x</cursiva> &lt; 7 </p>
<p>Intervalo: [3, 7)</p>
<imagen src="MA_08_06_CO_IMG18_small.jpg">
<p>Representación gráfica del intervalo [3, 7).</p>
</imagen>
<listaSinNumerar>
<listaElemento>Para la conservación de un alimento la etiqueta del
mismo dice que se debe mantener a una temperatura mayor a los 3 grados
centígrados bajo cero y menor a los 4 grados centígrados.</listaElemento>
</listaSinNumerar>
<p>Al escribir este enunciado como una inecuación y como un intervalo
se obtiene: </p>
<p>Inecuación: –3 &lt; <cursiva>x</cursiva> &lt; 4 </p>
<p>Intervalo: (–3, 4) </p>
<imagen src="MA_08_06_CO_IMG19_small.jpg">
<p>Representación gráfica del intervalo (–3, 4).</p>
</imagen>
</seccion3Texto></seccion3><seccion3
id="S3_MA_08_06_CO_F7478C494EF2493696003B8F04406611">
<seccion3Titulo>Intervalos infinitos</seccion3Titulo>
<seccion3Texto>
<p>Son aquellos intervalos que tienen un extremo y se extienden hacia
el infinito, es decir, se conoce su comienzo pero no su final. Identificaremos
los siguientes intervalos que corresponden a esta clase.</p>
<p><negrita>Intervalo cerrado a la derecha </negrita></p>
<p>Es aquel intervalo en el que se incluye el extremo derecho y se
extiende hacia menos infinito.</p>
<p>Representación analítica: (–∞, <cursiva>b</cursiva>] </p>
<p>Representación de conjunto: {<cursiva>x</cursiva> ∈ ℝ / <cursiva
>b</cursiva> ≥ <cursiva>x</cursiva>  ⋁ <cursiva>x</cursiva> ≤ <cursiva
>b</cursiva>}</p>
<imagen src="MA_08_06_CO_IMG20_small.jpg">
<p>Intervalo infinito cerrado a la derecha.</p>
</imagen>
<p><negrita>Intervalo cerrado a la izquierda </negrita></p>
<p>Es aquel intervalo en el que se incluye el extremo izquierdo y
se extiende hacia más infinito.</p>
<p>Representación analítica: [<cursiva>a</cursiva>, ∞) </p>
<p>Representación de conjunto: {<cursiva>x</cursiva> ∈ ℝ / <cursiva
>a</cursiva> ≤ <cursiva>x</cursiva>  ⋁ <cursiva>x</cursiva> ≥ <cursiva
>a</cursiva>}</p>
<imagen src="MA_08_06_CO_IMG21_small.jpg">
<p>Intervalo cerrado a la izquierda.</p>
</imagen>
<p><negrita>Intervalo abierto por la izquierda hacia ∞ </negrita></p>
<p>Es aquel intervalo abierto por el lado derecho hacia infinito y
como es abierto por el lado izquierdo no incluye a <cursiva>a</cursiva
>. </p>
<p>Representación analítica: (<cursiva>a</cursiva>, ∞) </p>
<p>Representación de conjunto: {<cursiva>x</cursiva> ∈ ℝ / <cursiva
>x</cursiva> > <cursiva>a</cursiva>}</p>
<imagen src="MA_08_06_CO_IMG22_small.jpg">
<p>Intervalo abierto a la izquierda.</p>
</imagen>
<p><negrita>Intervalo abierto por la derecha hacia –∞  </negrita></p>
<p>Este tipo de intervalo es abierto por el lado izquierdo hacia infinito
negativo y como es abierto por el lado derecho no incluye a <cursiva
>b</cursiva>.  </p>
<p>Representación analítica: (–∞, <cursiva>b</cursiva>) </p>
<p>Representación de conjunto: {<cursiva>x</cursiva> ∈ ℝ / <cursiva
>x</cursiva> &lt; <cursiva>b</cursiva>}</p>
<imagen src="MA_08_06_CO_IMG23_small.jpg">
<p>Intervalo abierto por la derecha hacia –∞.</p>
</imagen>
<listaSinNumerar>
<listaElemento>Representar mediante un intervalo el conjunto de todos
los números mayores o iguales a 2.</listaElemento>
</listaSinNumerar>
<p>Inecuación: 2 ≤ <cursiva>x</cursiva> o  <cursiva>x </cursiva> ≥
2 </p>
<p>Intervalo: [2, ∞)</p>
<imagen src="MA_08_06_CO_IMG24_small.jpg">
<p>Representación gráfica del intervalo [2, ∞).</p>
</imagen>
<listaSinNumerar>
<listaElemento>Representar mediante un intervalo el conjunto de todos
los números menores que 5.</listaElemento>
</listaSinNumerar>
<p>Inecuación: 5 > <cursiva>x</cursiva> o <cursiva>x</cursiva> &lt;
5 </p>
<p>Intervalo: (–∞, 5)</p>
<imagen src="MA_08_06_CO_IMG25_small.jpg">
<p>Representación gráfica del intervalo (–∞, 5).</p>
</imagen>
</seccion3Texto></seccion3></seccion2Texto></seccion2><seccion2
id="S2_MA_08_06_CO_F7478C494EF2493696003B8F04402277">
<seccion2Titulo>La resolución de las inecuaciones</seccion2Titulo>
<seccion2Texto>
<p>Las inecuaciones lineales con una variable pueden ser <negrita
>simples</negrita> o <negrita>dobles</negrita>. Las inecuaciones simples
son aquellas que tienen un solo signo de desigualdad y su solución
es un intervalo infinito o no acotado, mientras que las inecuaciones
dobles tienen dos signos de desigualdad y su solución es un intervalo
finito o acotado.  </p>
<table border="1" cellspacing="0"><caption>Ejemplos de inecuaciones
simples y dobles</caption><colgroup align="center"><col/><col/>
</colgroup>
<tbody valign="bottom">
<tr>
<td><negrita>Inecuaciones simples</negrita></td>
<td><negrita>Inecuaciones dobles</negrita></td>
</tr>
<tr>
<td>3<cursiva>x</cursiva> + 1 &lt; 6</td>
<td>–2 &lt; <cursiva>x</cursiva> + 1 &lt; 2</td>
</tr>
<tr>
<td>4 > 3<cursiva>x</cursiva> – 2</td>
<td>3 ≤ 2<cursiva>x</cursiva> – 5 &lt; 8</td>
</tr>
<tr>
<td>2<cursiva>x</cursiva> ≥ 5</td>
<td>–7 &lt; 6<cursiva>x</cursiva> – 3 ≤ 1</td>
</tr>
<tr>
<td><cursiva>x</cursiva> + 2 ≤ 5<cursiva>x</cursiva> – 1</td>
<td>1 &lt; <cursiva>x</cursiva> &lt; 8</td>
</tr>
</tbody>
</table>
<profundiza>
<enlace
destino="/LoIdRedirect.aspx?LoId=MA_08_06_CO_Recurso180&amp;IdRecurso=RES-F44E2D506FC848F2A7286BA12F56BC3B"
>La solución de inecuaciones lineales con una incógnita</enlace>
</profundiza><seccion3
id="S3_MA_08_06_CO_F7478C494EF2493696003B8F04407722"><?Pub Dtl?>
<seccion3Titulo>La resolución de inecuaciones simples</seccion3Titulo>
<seccion3Texto>
<p>Las inecuaciones simples se resuelven de manera similar a como
se resuelven las ecuaciones lineales aplicando la propiedad uniforme;
además, se debe tener en cuenta que la solución obtenida no es un
número, sino un conjunto de números. </p>
<listaSinNumerar>
<listaElemento>Resolver <cursiva>x</cursiva> + 5 &lt; 3.</listaElemento>
</listaSinNumerar>
<p centrado="si"><cursiva>x</cursiva> + 5 &lt; 3 </p>
<p centrado="si"><cursiva>x</cursiva> + 5 – 5 &lt; 3 – 5</p>
<p centrado="si"><cursiva>x</cursiva> &lt; –2 </p>
<p>En este caso se sustrae 5 en los dos miembros de la inecuación
para despejar la variable <cursiva>x</cursiva>; la solución se lee:
todos los números reales que son menores que –2. Y genera el intervalo
abierto (–∞, –2).</p>
<imagen src="MA_08_06_CO_IMG26_small.jpg">
<p>Solución gráfica de la inecuación <cursiva>x</cursiva> + 5 &lt;
3. </p>
</imagen>
<listaSinNumerar>
<listaElemento>Resolver 7<cursiva>x</cursiva> ≥ 21.</listaElemento>
</listaSinNumerar>
<p centrado="si">7<cursiva>x</cursiva> ≥ 21</p>
<p centrado="si"><cursiva>x</cursiva> ≥ 21/7 </p>
<p centrado="si"><cursiva>x</cursiva> ≥ 3  </p>
<p>En este caso se divide toda la inecuación por 7 y se simplifican
los dos miembros de la inecuación; la solución se lee: todos los números
reales que son mayores o iguales a 3.  </p>
<p>La solución genera el intervalo cerrado a derecha [3, ∞).</p>
<imagen src="MA_08_06_CO_IMG27_small.jpg">
<p>Solución gráfica de la inecuación 7<cursiva>x</cursiva> ≥ 21. </p>
</imagen>
<listaSinNumerar>
<listaElemento>Resolver 2<cursiva>x</cursiva> + 5 &lt; 11.</listaElemento>
</listaSinNumerar>
<p centrado="si">2<cursiva>x</cursiva> + 5 – 5 &lt; 11 – 5</p>
<p centrado="si">2<cursiva>x</cursiva>/2 &lt; 6/2</p>
<p centrado="si"><cursiva>x</cursiva> &lt; 3  </p>
<p>En este caso se sustrajo 5 en los dos miembros de la inecuación,
luego se dividió entre 2 cada miembro de la inecuación y, finalmente,
se simplificó. Su solución se lee: todos los números reales menores
que 3. </p>
<p>Se representa mediante el intervalo abierto (–∞, 3).</p>
<imagen src="MA_08_06_CO_IMG28_small.jpg">
<p>Solución gráfica de la inecuación 2<cursiva>x</cursiva> + 5 &lt;
11. </p>
</imagen>
<listaSinNumerar>
<listaElemento>Resolver 17<cursiva>x</cursiva> – 5 > 3<cursiva>x</cursiva
> + 2.</listaElemento>
</listaSinNumerar>
<p centrado="si">17<cursiva>x</cursiva> – 5 > 3<cursiva>x</cursiva
> + 2</p>
<p centrado="si">17<cursiva>x</cursiva> – 3<cursiva>x</cursiva> >
2 + 5 </p>
<p centrado="si">14<cursiva>x</cursiva> > 7 </p>
<p centrado="si">14<cursiva>x</cursiva>/14 > 7/14 </p>
<p centrado="si"><cursiva>x</cursiva> > 1/2  </p>
<p>Primero se hizo transposición de términos para agrupar los que
son semejantes y luego se procedió a despejar la incógnita dividiendo
cada miembro de la inecuación entre 14.  </p>
<p>Su solución expresa el conjunto de todos los números que son mayores
que ½ sin incluir a ½, por tanto, se puede representar mediante el
intervalo abierto (1/2, ∞).</p>
<imagen src="MA_08_06_CO_IMG29_small.jpg">
<p>Solución gráfica de la inecuación 17<cursiva>x</cursiva> – 5 >
3<cursiva>x</cursiva> + 2. </p>
</imagen>
<p>Si en la inecuación planteada el valor de la incógnita queda multiplicado
por el signo menos, cada miembro se debe multiplicar por –1 para eliminar
el menos de la incógnita, pero cuando se realiza este procedimiento
hay que recordar que se debe cambiar el signo de la desigualdad de
acuerdo con la propiedad 3.</p>
<listaSinNumerar>
<listaElemento>Resolver 2<cursiva>x</cursiva> – 5 > 3<cursiva>x</cursiva
> + 2.</listaElemento>
</listaSinNumerar>
<p centrado="si">2<cursiva>x</cursiva> – 5 > 3<cursiva>x</cursiva
> + 2 </p>
<p centrado="si">2<cursiva>x</cursiva> – 3<cursiva>x</cursiva> > 2
+ 5</p>
<p centrado="si"> –<cursiva>x</cursiva> > 7</p>
<p centrado="si"> –<cursiva>x</cursiva> ∙ (–1) > 7 ∙ (–1)</p>
<p centrado="si"><cursiva>x</cursiva> &lt; –7</p>
<p>Primero se realizó la transposición de términos semejantes y se
operaron entre sí; luego, se multiplicó toda la inecuación por –1
y en este caso, por la propiedad 3, el sentido de la desigualdad cambio.
 </p>
<p>El intervalo solución es el conjunto de todos los números reales
menores que –7 expresado como (–∞, –7).</p>
<imagen src="MA_08_06_CO_IMG30_small.jpg">
<p>Solución gráfica de la inecuación 2<cursiva>x</cursiva> – 5 > 3<cursiva
>x</cursiva> + 2.</p>
</imagen>
</seccion3Texto></seccion3><seccion3
id="S3_MA_08_06_CO_F7478C494EF2493696003B8F04408833"><?Pub Dtl?>
<seccion3Titulo>La resolución de inecuaciones dobles</seccion3Titulo>
<seccion3Texto>
<p>La solución de inecuaciones simples corresponde a intervalos infinitos
cuya solución es una semirrecta. Estas inecuaciones que llamamos dobles,
debido a que son inecuaciones que poseen tres miembros que están separados
por dos desigualdades, se van a resolver mediante las propiedades
de las inecuaciones y su solución será un <negrita>intervalo acotado</negrita
>.</p>
<listaSinNumerar>
<listaElemento>Resolver 4 &lt; 2<cursiva>x</cursiva> + 8 &lt; 6.</listaElemento>
</listaSinNumerar>
<p centrado="si">4 &lt; 2<cursiva>x</cursiva> + 8 &lt; 10  </p>
<p>Se sustrae 8 en cada miembro de la inecuación:  </p>
<p centrado="si">4 – 8 &lt; 2<cursiva>x</cursiva> + 8 – 8 &lt; 10
– 8  </p>
<p>Se opera y se aplica el módulo de la adición:  </p>
<p centrado="si">– 4 &lt; 2<cursiva>x</cursiva> &lt; 2   </p>
<p>Se divide cada miembro entre 2:  </p>
<p centrado="si">– 4/2 &lt; 2<cursiva>x</cursiva>/2 &lt; 2/2  </p>
<p>Se simplifica y se aplica el módulo del producto:  </p>
<p centrado="si">– 2 &lt; <cursiva>x</cursiva> &lt; 1  </p>
<p>Como la variable queda entre –2 y –1 la solución se lee como el
conjunto de todos los números reales mayores que –2 y menores que
–1 sin incluir el –2 y el –1, así el intervalo solución es (– 2, –1).</p>
<imagen src="MA_08_06_CO_IMG31_small.jpg">
<p>Solución gráfica de la inecuación 4 &lt; 2<cursiva>x</cursiva> +
8 &lt; 10.</p>
</imagen>
<listaSinNumerar>
<listaElemento>Resolver –7 ≤ 3<cursiva>x</cursiva> + 5 ≤ 2.</listaElemento>
</listaSinNumerar>
<p centrado="si">–7 ≤ 3<cursiva>x</cursiva> + 5 ≤ 2  </p>
<p>Se sustrae 5 en cada miembro de la inecuación:  </p>
<p centrado="si">–7 – 5 ≤ 3<cursiva>x</cursiva> + 5 – 5 ≤ 2 – 5  </p>
<p>Se opera y se aplica el módulo de la adición:  </p>
<p centrado="si">–12 ≤ 3<cursiva>x</cursiva> ≤ –3  </p>
<p>Se divide cada miembro entre 3:  </p>
<p centrado="si">–12/3 ≤ 3<cursiva>x</cursiva>/3 ≤ –3/3  </p>
<p>Se simplifica y se aplica el módulo del producto:  </p>
<p centrado="si">–4 ≤ <cursiva>x</cursiva> ≤ –1  </p>
<p>La solución se lee como el conjunto de todos los números reales
mayores o iguales a –4 y menores o iguales a –1, y se expresa mediante
el intervalo cerrado [–4, –1].</p>
<imagen src="MA_08_06_CO_IMG32_small.jpg">
<p>Solución gráfica de la inecuación –7 ≤ 3<cursiva>x</cursiva> +
5 ≤ 2.</p>
</imagen>
<practica>
<enlace
destino="/LoIdRedirect.aspx?LoId=MA_08_06_CO_Recurso190&amp;IdRecurso=RES-5F7E773E37C14EF1936AAA5CA13B1534"
>Practica la solución de inecuaciones lineales</enlace>
</practica><profundiza>
<enlace
destino="/LoIdRedirect.aspx?LoId=MA_08_06_CO_Recurso200&amp;IdRecurso=RES-C6B8221D0011474384BA32735266AFB9"
>Solución gráfica de una inecuación lineal con una incógnita</enlace>
</profundiza><practica>
<enlace
destino="/LoIdRedirect.aspx?LoId=MA_08_06_CO_Recurso210&amp;IdRecurso=RES-B414EDB9C44646AF9ED242E75497FD59"
>Practica la solución gráfica de una inecuación lineal con una incógnita</enlace>
</practica></seccion3Texto></seccion3></seccion2Texto></seccion2>
<seccion2 id="S2_MA_08_06_CO_F7478C494EF2493696003B8F04403388">
<seccion2Titulo>Resolución de problemas con inecuaciones</seccion2Titulo>
<seccion2Texto>
<p>Al igual que las ecuaciones, con las inecuaciones se representan
y modelan situaciones problema en diferentes contextos. </p>
<profundiza>
<enlace
destino="/LoIdRedirect.aspx?LoId=MA_08_06_CO_Recurso220&amp;IdRecurso=RES-C9F1DAF70C9E47FAB688A5261932F573"
>Resolución de problemas aplicando inecuaciones lineales</enlace>
</profundiza>
<listaSinNumerar>
<listaElemento>El empaque de un alimento señala que se debe conservar
en un lugar fresco a una temperatura que oscile entre 41 grados y
los 50 grados Fahrenheit. Sin embargo, las personas del lugar en el
que se comercializa el producto conocen únicamente la escala Celsius;
¿cuál es la temperatura en grados Celsius a la cual se debe conservar
el alimento?</listaElemento>
</listaSinNumerar>
<p>Primero hay que recordar que la relación entre grados Celsius y
Fahrenheit viene dada por la ecuación: </p>
<formula alineacion="centrada" src="MA_08_06_015.gif"></formula>
<p>Como la pregunta propone la desigualdad 43 ≤ <cursiva>F</cursiva
> ≤ 50, se deben hallar los valores para la escala Celsius.  </p>
<p>Entonces, se reemplaza a <cursiva>F</cursiva> por su expresión
en la ecuación equivalente y se resuelve como una desigualdad doble.</p>
<p centrado="si">41 ≤ (9/5)<cursiva>C</cursiva> + 32 ≤ 50 </p>
<p centrado="si">41 – 32 ≤ (9/5)<cursiva>C</cursiva> ≤ 50 – 32 </p>
<p centrado="si">9 ≤ (9/5)<cursiva>C</cursiva> ≤ 18 </p>
<p centrado="si">9 (5/9) ≤ <cursiva>C</cursiva> ≤ 18 (5/9)</p>
<p centrado="si"> 5 ≤ <cursiva>C</cursiva> ≤ 10</p>
<p>Por tanto, el alimento debe conservarse a una temperatura que oscile
entre los 5  y los 10 grados Celsius. </p>
<listaSinNumerar>
<listaElemento>Para el desarrollo de un evento un salón de recepciones
cobra una cuota fija de $ 50 000 más $ 20 000 por cada hora que se
alquile el salón. Un grupo de amigos desea alquilar el salón para
lo cual disponen de $ 150 000. ¿Durante cuánto tiempo como máximo
puede el grupo alquilar el salón?</listaElemento>
</listaSinNumerar>
<p>Para resolver este problema se llama a <cursiva>x</cursiva> la
cantidad de horas que se puede alquilar. De acuerdo con la información
el costo total del alquiler viene dada por:   </p>
<p centrado="si"><cursiva>C</cursiva> = 20 000<cursiva>x</cursiva
> + 50 000</p>
<p>Además este costo no puede superar los $150 000, así la desigualdad
planteada es:  </p>
<p centrado="si">20 000<cursiva>x</cursiva> + 50 000 ≤ 150 000  </p>
<p>Al resolverla se obtiene:  </p>
<p centrado="si">20 000<cursiva>x</cursiva> + 50 000 ≤ 150 000</p>
<p centrado="si">20 000<cursiva>x</cursiva> ≤ 150 000 – 50 000</p>
<p centrado="si"><cursiva>x</cursiva> ≤ (100 000)/(20 000)</p>
<p centrado="si"><cursiva>x</cursiva> ≤ 5  </p>
<p>Por tanto, el máximo de horas que el grupo de amigos puede alquilar
el salón es 5. </p>
<practica>
<enlace
destino="/LoIdRedirect.aspx?LoId=MA_08_06_CO_Recurso230&amp;IdRecurso=RES-DD957885DCF54C6BA804C29B3369BB0E"
>Practica la resolución de problemas aplicando inecuaciones lineales</enlace>
</practica></seccion2Texto></seccion2><seccion2
id="S2_MA_08_06_CO_F7478C494EF2493696003B8F04404499">
<seccion2Titulo>Consolidación</seccion2Titulo>
<seccion2Texto>
<p>Actividades para consolidar lo que has aprendido en esta sección.</p>
<practica>
<enlace
destino="/LoIdRedirect.aspx?LoId=MA_08_06_CO_Recurso250&amp;IdRecurso=RES-DBC11570A27D4C79A5499D945BB67697"
>Refuerza tu aprendizaje: Las inecuaciones</enlace>
</practica></seccion2Texto></seccion2></seccion1Texto></seccion1>
<seccion1 id="S1_MA_08_06_CO_F25D14C5C0574890B51D489EDB555CEC">
<seccion1Titulo>Competencias</seccion1Titulo>
<seccion1Texto>
<p>Pon a prueba tus capacidades y aplica lo aprendido con este recurso.</p><?Pub
Caret 62?>
<practica>
<enlace
destino="/LoIdRedirect.aspx?LoId=MA_08_06_CO_Recurso260&amp;IdRecurso=RES-8063064777C84DE3BDBC5764053D4C14"
>Competencias: Ecuaciones lineales con una incógnita</enlace>
</practica></seccion1Texto></seccion1><masinformacion
id="MI_MA_08_06_CO_D548F20AC4434F9089146721B72F09E0"><?Pub Dtl?>
<mapaconceptual><enlace
destino="/LoIdRedirect.aspx?LoId=MA_08_06_CO_Recurso290&amp;IdRecurso=RES-71C6396F06984F6F8BBB0531BEC5FB55"
>Mapa Conceptual</enlace></mapaconceptual><autoevaluate><enlace
destino="/LoIdRedirect.aspx?LoId=MA_08_06_CO_Recurso300&amp;IdRecurso=RES-09B54C04C6644B85B85851440D042145"
>Evaluación</enlace></autoevaluate><enlacesreferencia>
<enlace
destino="http://www.amolasmates.es/algebraconpapas/recurso/tests/primerbasico/prbas0601.htm"
>Resolución de ecuaciones lineales con una incógnita</enlace>
<enlace
destino="http://www.educarchile.cl/ech/pro/app/detalle?ID=200775"
>Inecuaciones</enlace>
</enlacesreferencia></masinformacion></libro>
