<?xml version='1.0' encoding='UTF-8'?><engine copy="Editorial Planeta" version="1" aprid="f13" title="Los números racionales en situaciones cotidianas" >
<section title="Introducción " path="mat8_rec40_img04n.jpg" pathAmp="mat8_rec40_img04a.jpg" image1Text="" zoom1="true" zoom2a="false" zoom2b="false" layout="0" >
<![CDATA[

<p style="text-align:justify"><span style="font-size:18px"><span style="font-family:verdana,geneva,sans-serif">Constantemente usamos los n&uacute;meros en nuestra vida diaria pero muchas veces no contamos unidades enteras, no siempre tenemos una libra exacta de moras o de carne,&nbsp;sino que en ocasiones contamos&nbsp; &frac12;&nbsp;libra de moras o 1&frac12; libras de carne, es decir&nbsp;de&nbsp;debemos contar partes de una unidad. Tambi&eacute;n se utilizan cantidades negativas para refercirnos a deudas o disminuci&oacute;n en temperaturasm dinero,, etc.</span></span></p>

<p style="text-align:justify"><span style="font-size:18px"><span style="font-family:verdana,geneva,sans-serif">Recordemos la clasificaci&oacute;n de los conjuntos num&eacute;ricos:</span></span></p>

<p style="text-align:justify"><span style="font-size:18px"><span style="font-family:verdana,geneva,sans-serif"><strong>N&uacute;meros naturales</strong>: son los que usamos para contar u ordenar los elementos de un conjunto. A este conjunto pertenecen los n&uacute;meros 1, 2, 3, 4, 5, ....; tiene primer elemento y es un conjunto infinito.</span></span></p>

<p style="text-align:justify"><span style="font-size:18px"><span style="font-family:verdana,geneva,sans-serif"><strong>N&uacute;meros enteros</strong>: es el conjunto formado por la uni&oacute;n de los naturales, conocidos como enteros positivos, los opuestos de los naturales, que corresponden a los enteros negativos y el cero. A este conjunto pertenecen n&uacute;meros como &ndash;15, &ndash;9, 0, 1, 10. &nbsp;Es un conjunto infinito y a diferencia de los naturales no posee primer elemento.</span></span></p>

<p style="text-align:justify"><span style="font-size:18px"><span style="font-family:verdana,geneva,sans-serif"><strong>N&uacute;meros racionales</strong>: El conjunto de los n&uacute;meros racionales lo forman todos aquellos n&uacute;meros que se peuden expresar en forma de fracci&oacute;n <em>a/b</em>, el t&eacute;rmino <em>a</em> se conoce como numerador&nbsp;y el termino <em>b</em> como denominador, este &uacute;ltimo debe ser diferente de cero.&nbsp;</span></span></p>

<p style="text-align:justify"><span style="font-size:18px"><span style="font-family:verdana,geneva,sans-serif">Los n&uacute;meros racionales se pueden&nbsp;expresar como fracciones&nbsp;o como decimales. El n&uacute;nero decimal se encuentra divisiendo el numerador entre el denominador. Por ejemplo la fracci&oacute;n 3/5 en forma decimal es 0,6.</span></span></p>

<p style="text-align:justify"><span style="font-size:18px"><span style="font-family:verdana,geneva,sans-serif">Los n&uacute;meros racionales en forma de fracci&oacute;n se utilizan para indicar cantidades como medio litro de&nbsp;agua (1/2 L) o un cuarto de hora (1/4 h). Mientras que los racionales en forma decimal se utilizan en expresiones el peso neto es de 253,7 gramos, o tuvo un tiempo de 3,6 minutos o recorri&oacute; 15,3 metros de distancia.</span></span></p>
]]></section>
<section title="Su historia" path="mat_08_01_rec40_img01n.jpg" pathAmp="mat_08_01_rec40_img01a.jpg" image1Text="" zoom1="true" zoom2a="false" zoom2b="false" layout="0" >
<![CDATA[


<p><strong><span style="font-size:18px"><span style="font-family:verdana,geneva,sans-serif">Los n&uacute;meros racionales en la historia</span></span></strong></p>

<p><span style="font-size:18px"><span style="font-family:verdana,geneva,sans-serif">Consulta el siguiente enlace para conocer el origen,&nbsp;evoluci&oacute;n &nbsp;y uso de los n&uacute;meros racionales. Utiliza la informaci&oacute;n para dar respuesta a las preguntas que se realizan a continuaci&oacute;n.</span></span></p>

<p><a href="http://platea.pntic.mec.es/~bgarcia/racional.htm" target="_blank"><span style="font-size:18px"><span style="font-family:verdana,geneva,sans-serif">Historia de los n&uacute;meros racionales</span></span></a></p>

<p><span style="font-size:18px"><span style="font-family:verdana,geneva,sans-serif">a) &iquest;Quienes fueron los primeros que utilizaron los n&uacute;meros racionales?</span></span></p>

<p><span style="font-size:18px"><span style="font-family:verdana,geneva,sans-serif">b) &iquest;Cu&aacute;l fue el motivo de la aparici&oacute;n de los n&uacute;meros racionales?</span></span></p>

<p><span style="font-size:18px"><span style="font-family:verdana,geneva,sans-serif">c) &iquest;Qui&eacute;n introdujo la barra de fracci&oacute;n para expresar los n&uacute;meros fraccionarios?</span></span></p>

<p><span style="font-size:18px"><span style="font-family:verdana,geneva,sans-serif">d) Escribe tres ejemplos de situaciones en donde se utilicen los n&uacute;meros naturales, los numeros enteros y los n&uacute;meros racionales.</span></span></p>
]]></section>
<section title="Situaciones de aplicación" path2a="mat_08_01_rec40_img02n.jpg" path2b="mat_08_01_rec40_img03n.jpg" path2aAmp="mat_08_01_rec40_img02a.jpg" path2bAmp="mat_08_01_rec40_img03a.jpg" image1Text="" zoom1="true" zoom2a="true" zoom2b="true" layout="4" >
<![CDATA[


<p><span style="font-size:18px"><span style="font-family:verdana,geneva,sans-serif"><strong>Los n&uacute;meros racionales en la cocina</strong></span></span></p>

<p><span style="font-size:18px"><span style="font-family:verdana,geneva,sans-serif">Mateo utiliza la siguiente receta para hacer una torta.</span></span></p>

<p><span style="font-size:18px"><span style="font-family:verdana,geneva,sans-serif">3 huevos.</span></span></p>

<p><span style="font-size:18px"><span style="font-family:verdana,geneva,sans-serif">1/3 de kilogramo de harina.</span></span></p>

<p><span style="font-size:18px"><span style="font-family:verdana,geneva,sans-serif">250 gramos de az&uacute;car.</span></span></p>

<p><span style="font-size:18px"><span style="font-family:verdana,geneva,sans-serif">1/2 vaso de leche.</span></span></p>

<p><span style="font-size:18px"><span style="font-family:verdana,geneva,sans-serif">Un sobre de levadura.</span></span></p>

<p><span style="font-size:18px"><span style="font-family:verdana,geneva,sans-serif">&iquest;Qu&eacute; clase de n&uacute;meros aparecen en la receta de Mateo?</span></span></p>

<p><span style="font-size:18px"><span style="font-family:verdana,geneva,sans-serif">&iquest;Puedes afirmar que alguno de esos n&uacute;meros tiene una expresi&oacute;n decimal finita? &iquest;Cu&aacute;l?</span></span></p>

<p><span style="font-size:18px"><span style="font-family:verdana,geneva,sans-serif">Mateo afirma que todas las expresiones num&eacute;ricas son f&aacute;ciles de calcular excepto en una que no se peude establecer una cantidad exacta. &iquest;Estas de acuerdo? &iquest;A qu&eacute; ingrediente se refiere? &iquest;Que clase de n&uacute;mero se obtiene?</span></span></p>

<p><span style="font-size:18px"><span style="font-family:verdana,geneva,sans-serif"><strong>Los n&uacute;meros racionales para repartir</strong></span></span></p>

<p><span style="font-size:18px"><span style="font-family:verdana,geneva,sans-serif">Daniela compr&oacute; tres paquetes de chocolatinas cada uno&nbsp;de 24 unidades, para repartir en sus tres grupos de clases. El grupo A tiene 12 estudiantes, el grupo B tiene 15 estudiantes y el grupo C tiene 20.&nbsp;</span></span></p>

<ul>
	<li><span style="font-size:18px"><span style="font-family:verdana,geneva,sans-serif">Si la repartici&oacute;n se hace de manera que no quedenn chocolatinas, escribe los n&uacute;meros racionales que representan cada reparto.&nbsp;</span></span></li>
	<li><span style="font-size:18px"><span style="font-family:verdana,geneva,sans-serif">&iquest;Alguno de esos n&uacute;meros es un entero? &iquest;Cu&aacute;l? &iquest;Por qu&eacute; lo es?</span></span></li>
</ul>

<p><span style="font-size:18px"><span style="font-family:verdana,geneva,sans-serif">Ram&oacute;n compra una pizza para compartir con ocho amigos. Si reparte la pizza&nbsp;en ocho partes, &iquest;qu&eacute; n&uacute;mero representa una de esas porciones? &iquest;Si solo llegan cinco amigos y todos comen una porci&oacute;n, &iquest;qu&eacute; n&uacute;mero representa esa cantidad? &iquest;Y la cantidad que queda?</span></span></p>

<p><span style="font-size:18px"><span style="font-family:verdana,geneva,sans-serif">Busca otros contextos donde se aplican los n&uacute;meros racionales.</span></span></p>
]]></section>
</engine>