﻿<?xml version="1.0" encoding="utf-8"?>
<motor tipo="101" clase="a" aprid="m101a">
  <plataforma>
    <grado>2</grado>
    <titulo>Refuerza tu aprendizaje: los sistemas de numeración</titulo>
    <volumen />
    <nivel><![CDATA[1]]></nivel>
    <referencia />
    <motor />
    <lang>es</lang>
  </plataforma>
  <enunciado><![CDATA[Realiza la siguiente actividad. Cuando termines envíalas a tu profesor para que revise los procesos y las respuestas.]]></enunciado>
  <masinfo inicio="0" />
  <calc><![CDATA[1]]></calc>
  <preguntas cantidad="9">
    <pregunta>
      <enunciado><![CDATA[¿Cuál es la base del sistema de numeración romano y cuáles símbolos usa?]]></enunciado>
      <explicacion><![CDATA[Todo sitema de numeración posee una base y unos dígitos propios.]]></explicacion>
      <nivel><![CDATA[1]]></nivel>
      <tipo><![CDATA[S]]></tipo>
      <imagen />
      <ampliacion />
      <texto />
    </pregunta>
    <pregunta>
      <enunciado><![CDATA[Realiza la descomposición polinomial del siguiente número 3 250 043]]></enunciado>
      <explicacion><![CDATA[3 000 000 + 200 000 + 50 000 + 40 + 3]]></explicacion>
      <nivel><![CDATA[1]]></nivel>
      <tipo><![CDATA[M]]></tipo>
      <imagen />
      <ampliacion />
      <texto />
    </pregunta>
    <pregunta>
      <enunciado><![CDATA[Escribe dos números de 7 dígitos que tengan 5CM, 4DM, 6C, 2D.]]></enunciado>
      <explicacion><![CDATA[Deben ser números que sean de la forma _ 54_62_]]></explicacion>
      <nivel><![CDATA[1]]></nivel>
      <tipo><![CDATA[M]]></tipo>
      <imagen />
      <ampliacion />
      <texto />
    </pregunta>
    <pregunta>
      <enunciado><![CDATA[Escribe los números 34 589 y 156 708 en su descomposición polinomial.]]></enunciado>
      <explicacion><![CDATA[Los números deben descomponerse de acuerdo a la posición relativa que ocupa cada dígito.]]></explicacion>
      <nivel><![CDATA[2]]></nivel>
      <tipo><![CDATA[M]]></tipo>
      <imagen />
      <ampliacion />
      <texto />
    </pregunta>
    <pregunta>
      <enunciado><![CDATA[En unidades, ¿a cuánto equivalen 20 centenas y 4 decenas respectivamente?]]></enunciado>
      <explicacion><![CDATA[Se debe realizar la conversión a unidades y sumar dichas cantidades.]]></explicacion>
      <nivel><![CDATA[2]]></nivel>
      <tipo><![CDATA[M]]></tipo>
      <imagen />
      <ampliacion />
      <texto />
    </pregunta>
    <pregunta>
      <enunciado><![CDATA[En un sorteo salieron las siguientes balotas UM = 3, DM = 4, CM = 8, C = 3, U = 6, D = 4. ¿Cuál es el número que salió premiado?]]></enunciado>
      <explicacion><![CDATA[De la escritura en forma polinomial se deben operar y realizar la suma respectiva.]]></explicacion>
      <nivel><![CDATA[1]]></nivel>
      <tipo><![CDATA[S]]></tipo>
      <imagen />
      <ampliacion />
      <texto />
    </pregunta>
    <pregunta>
      <enunciado><![CDATA[Escribe las siguientes fechas en numeración romana:Descubrimiento de América, Independicia de Colombia, Primera y Segunda Guerra Mundial.]]></enunciado>
      <explicacion />
      <nivel><![CDATA[2]]></nivel>
      <tipo><![CDATA[M]]></tipo>
      <imagen />
      <ampliacion />
      <texto />
    </pregunta>
    <pregunta>
      <enunciado><![CDATA[¿Cuáles fueron los sistemas de numeración más importantes en la historia de la humanidad?]]></enunciado>
      <explicacion><![CDATA[Hay civilizaciones que empezaron a inventar símbolos para hacer correspondencias y hacer conteos, dichos sistemas se caracterizaron por ser aditivos, multiplicativos y posicionales.]]></explicacion>
      <nivel><![CDATA[2]]></nivel>
      <tipo><![CDATA[M]]></tipo>
      <imagen />
      <ampliacion />
      <texto />
    </pregunta>
    <pregunta>
      <enunciado><![CDATA[Escribe los números 29 y 35 en sistema de numeración egipcio. ]]></enunciado>
      <explicacion />
      <nivel><![CDATA[2]]></nivel>
      <tipo><![CDATA[M]]></tipo>
      <imagen />
      <ampliacion />
      <texto />
    </pregunta>
  </preguntas>
  <temps>30</temps>
</motor>