<mapa>
  <copyright>(c) Editorial Planeta</copyright>
  <version>1.0</version>
  <objeto>
    <ref>00</ref>
    <texto>Los números reales</texto>
    <hijos>12,11,10</hijos>
    <padre/>
    <siz>0</siz>
    <negcur>000000000000000000</negcur>
    <cen>1</cen>
    <img/>
  </objeto>
  <objeto>
    <ref>10</ref>
    <texto>se definen</texto>
    <hijos>20</hijos>
    <padre>00</padre>
    <siz>14</siz>
    <negcur>0000000000</negcur>
    <cen>1</cen>
    <img/>
  </objeto>
  <objeto>
    <ref>20</ref>
    <texto>operaciones</texto>
    <hijos>30</hijos>
    <padre>10</padre>
    <siz>0</siz>
    <negcur>00000000000</negcur>
    <cen>1</cen>
    <img/>
  </objeto>
  <objeto>
    <ref>11</ref>
    <texto>conformado por</texto>
    <hijos>23,21</hijos>
    <padre>00</padre>
    <siz>14</siz>
    <negcur>00000000000000</negcur>
    <cen>1</cen>
    <img/>
  </objeto>
  <objeto>
    <ref>21</ref>
    <texto>númerosracionales</texto>
    <hijos>32</hijos>
    <padre>11</padre>
    <siz>0</siz>
    <negcur>00000000000000000000</negcur>
    <cen>1</cen>
    <img/>
  </objeto>
  <objeto>
    <ref>12</ref>
    <texto>se relacionan con</texto>
    <hijos>22</hijos>
    <padre>00</padre>
    <siz>14</siz>
    <negcur>00000000000000000</negcur>
    <cen>1</cen>
    <img/>
  </objeto>
  <objeto>
    <ref>22</ref>
    <texto>la recta real</texto>
    <hijos>33</hijos>
    <padre>12</padre>
    <siz>0</siz>
    <negcur>000000000000000</negcur>
    <cen>1</cen>
    <img/>
  </objeto>
  <objeto>
    <ref>30</ref>
    <texto>como</texto>
    <hijos>40,41</hijos>
    <padre>20</padre>
    <siz>14</siz>
    <negcur>0000</negcur>
    <cen>1</cen>
    <img/>
  </objeto>
  <objeto>
    <ref>40</ref>
    <texto>multiplicación y división</texto>
    <hijos>50</hijos>
    <padre>30</padre>
    <siz>0</siz>
    <negcur>00000000000000000000000000</negcur>
    <cen>1</cen>
    <img/>
  </objeto>
  <objeto>
    <ref>41</ref>
    <texto>adición y sustracción</texto>
    <hijos>51</hijos>
    <padre>30</padre>
    <siz>0</siz>
    <negcur>0000000000000000000000</negcur>
    <cen>1</cen>
    <img/>
  </objeto>
  <objeto>
    <ref>50</ref>
    <texto>cumple las propiedades</texto>
    <hijos>65,64,63,62,61,60</hijos>
    <padre>40</padre>
    <siz>14</siz>
    <negcur>0000000000000000000000</negcur>
    <cen>1</cen>
    <img/>
  </objeto>
  <objeto>
    <ref>60</ref>
    <texto>Clausurativa</texto>
    <hijos/>
    <padre>50</padre>
    <siz>0</siz>
    <negcur>000000000000</negcur>
    <cen>1</cen>
    <img/>
  </objeto>
  <objeto>
    <ref>61</ref>
    <texto>Conmutativa</texto>
    <hijos/>
    <padre>50</padre>
    <siz>0</siz>
    <negcur>000000000000</negcur>
    <cen>1</cen>
    <img/>
  </objeto>
  <objeto>
    <ref>62</ref>
    <texto>Asociativa</texto>
    <hijos/>
    <padre>50</padre>
    <siz>0</siz>
    <negcur>0000000000</negcur>
    <cen>1</cen>
    <img/>
  </objeto>
  <objeto>
    <ref>63</ref>
    <texto>Elementoneutro</texto>
    <hijos/>
    <padre>50</padre>
    <siz>0</siz>
    <negcur>0000000000000000</negcur>
    <cen>1</cen>
    <img/>
  </objeto>
  <objeto>
    <ref>64</ref>
    <texto>Inversomultiplicactivo</texto>
    <hijos/>
    <padre>50</padre>
    <siz>0</siz>
    <negcur>000000000000000000000000</negcur>
    <cen>1</cen>
    <img/>
  </objeto>
  <objeto>
    <ref>65</ref>
    <texto>Distributivade la multiplicaciónsobre la adición</texto>
    <hijos/>
    <padre>50</padre>
    <siz>0</siz>
    <negcur>000000000000000000000000000000000000000000000000000</negcur>
    <cen>1</cen>
    <img/>
  </objeto>
  <objeto>
    <ref>51</ref>
    <texto>cumple las propiedades</texto>
    <hijos>6A,69,68,67,66</hijos>
    <padre>41</padre>
    <siz>14</siz>
    <negcur>00000000000000000000000</negcur>
    <cen>1</cen>
    <img/>
  </objeto>
  <objeto>
    <ref>66</ref>
    <texto>Clausurativa</texto>
    <hijos/>
    <padre>51</padre>
    <siz>0</siz>
    <negcur>000000000000</negcur>
    <cen>1</cen>
    <img/>
  </objeto>
  <objeto>
    <ref>67</ref>
    <texto>Conmutativa</texto>
    <hijos/>
    <padre>51</padre>
    <siz>0</siz>
    <negcur>00000000000</negcur>
    <cen>1</cen>
    <img/>
  </objeto>
  <objeto>
    <ref>68</ref>
    <texto>Asociativa</texto>
    <hijos/>
    <padre>51</padre>
    <siz>0</siz>
    <negcur>0000000000</negcur>
    <cen>1</cen>
    <img/>
  </objeto>
  <objeto>
    <ref>69</ref>
    <texto>Elemento neutro</texto>
    <hijos/>
    <padre>51</padre>
    <siz>0</siz>
    <negcur>000000000000000</negcur>
    <cen>1</cen>
    <img/>
  </objeto>
  <objeto>
    <ref>6A</ref>
    <texto>Inverso aditivo</texto>
    <hijos/>
    <padre>51</padre>
    <siz>0</siz>
    <negcur>000000000000000</negcur>
    <cen>1</cen>
    <img/>
  </objeto>
  <objeto>
    <ref>23</ref>
    <texto>númerosirracionales</texto>
    <hijos>31</hijos>
    <padre>11</padre>
    <siz>0</siz>
    <negcur>000000000000000000000</negcur>
    <cen>1</cen>
    <img/>
  </objeto>
  <objeto>
    <ref>31</ref>
    <texto>se representan como</texto>
    <hijos>42</hijos>
    <padre>23</padre>
    <siz>14</siz>
    <negcur>00000000000000000000</negcur>
    <cen>1</cen>
    <img/>
  </objeto>
  <objeto>
    <ref>42</ref>
    <texto>decimales infinitos no periódicos</texto>
    <hijos>52</hijos>
    <padre>31</padre>
    <siz>0</siz>
    <negcur>0000000000000000000000000000000000</negcur>
    <cen>1</cen>
    <img/>
  </objeto>
  <objeto>
    <ref>52</ref>
    <texto>que pueden ser</texto>
    <hijos>6B</hijos>
    <padre>42</padre>
    <siz>14</siz>
    <negcur>000000000000000</negcur>
    <cen>1</cen>
    <img/>
  </objeto>
  <objeto>
    <ref>6B</ref>
    <texto>algebraicos y trascendentes</texto>
    <hijos>70</hijos>
    <padre>52</padre>
    <siz>0</siz>
    <negcur>0000000000000000000000000000</negcur>
    <cen>1</cen>
    <img/>
  </objeto>
  <objeto>
    <ref>70</ref>
    <texto>se aproximan por</texto>
    <hijos>81,80</hijos>
    <padre>6B</padre>
    <siz>14</siz>
    <negcur>000000000000000000</negcur>
    <cen>1</cen>
    <img/>
  </objeto>
  <objeto>
    <ref>80</ref>
    <texto>redondeo</texto>
    <hijos/>
    <padre>70</padre>
    <siz>0</siz>
    <negcur>000000000</negcur>
    <cen>1</cen>
    <img/>
  </objeto>
  <objeto>
    <ref>81</ref>
    <texto>truncamiento</texto>
    <hijos/>
    <padre>70</padre>
    <siz>0</siz>
    <negcur>0000000000000</negcur>
    <cen>1</cen>
    <img/>
  </objeto>
  <objeto>
    <ref>32</ref>
    <texto>se representan como</texto>
    <hijos>45,44,43</hijos>
    <padre>21</padre>
    <siz>14</siz>
    <negcur>00000000000000000000</negcur>
    <cen>1</cen>
    <img/>
  </objeto>
  <objeto>
    <ref>43</ref>
    <texto>fracciones</texto>
    <hijos>53</hijos>
    <padre>32</padre>
    <siz>0</siz>
    <negcur>00000000000</negcur>
    <cen>1</cen>
    <img/>
  </objeto>
  <objeto>
    <ref>53</ref>
    <texto>cuyos elementos son</texto>
    <hijos>6E,6D,6C</hijos>
    <padre>43</padre>
    <siz>14</siz>
    <negcur>00000000000000000000</negcur>
    <cen>1</cen>
    <img/>
  </objeto>
  <objeto>
    <ref>6C</ref>
    <texto>Decimales finitosy decimalesperiódicos infinitos</texto>
    <hijos>71</hijos>
    <padre>53</padre>
    <siz>0</siz>
    <negcur>000000000000000000000000000000000000000000000000000000</negcur>
    <cen>1</cen>
    <img/>
  </objeto>
  <objeto>
    <ref>71</ref>
    <texto>que se pueden aproximar por</texto>
    <hijos>83,82</hijos>
    <padre>6C</padre>
    <siz>14</siz>
    <negcur>0000000000000000000000000000</negcur>
    <cen>1</cen>
    <img/>
  </objeto>
  <objeto>
    <ref>82</ref>
    <texto>Redondeo</texto>
    <hijos/>
    <padre>71</padre>
    <siz>0</siz>
    <negcur>000000000</negcur>
    <cen>1</cen>
    <img/>
  </objeto>
  <objeto>
    <ref>83</ref>
    <texto>Truncamiento</texto>
    <hijos/>
    <padre>71</padre>
    <siz>0</siz>
    <negcur>0000000000000</negcur>
    <cen>1</cen>
    <img/>
  </objeto>
  <objeto>
    <ref>6D</ref>
    <texto>Números naturales</texto>
    <hijos/>
    <padre>53</padre>
    <siz>0</siz>
    <negcur>000000000000000000</negcur>
    <cen>1</cen>
    <img/>
  </objeto>
  <objeto>
    <ref>6E</ref>
    <texto>Números enteros</texto>
    <hijos/>
    <padre>53</padre>
    <siz>0</siz>
    <negcur>0000000000000000</negcur>
    <cen>1</cen>
    <img/>
  </objeto>
  <objeto>
    <ref>44</ref>
    <texto>decimalesfinitos</texto>
    <hijos/>
    <padre>32</padre>
    <siz>0</siz>
    <negcur>0000000000000000000</negcur>
    <cen>1</cen>
    <img/>
  </objeto>
  <objeto>
    <ref>45</ref>
    <texto>decimales infinitosperiódicos</texto>
    <hijos/>
    <padre>32</padre>
    <siz>0</siz>
    <negcur>0000000000000000000000000000000</negcur>
    <cen>1</cen>
    <img/>
  </objeto>
  <objeto>
    <ref>33</ref>
    <texto>ya que</texto>
    <hijos>46</hijos>
    <padre>22</padre>
    <siz>14</siz>
    <negcur>0000000</negcur>
    <cen>1</cen>
    <img/>
  </objeto>
  <objeto>
    <ref>46</ref>
    <texto>a cada punto le correspondeun único número real</texto>
    <hijos>54</hijos>
    <padre>33</padre>
    <siz>0</siz>
    <negcur>0000000000000000000000000000000000000000000000000</negcur>
    <cen>1</cen>
    <img/>
  </objeto>
  <objeto>
    <ref>54</ref>
    <texto>se  definen</texto>
    <hijos>6F</hijos>
    <padre>46</padre>
    <siz>14</siz>
    <negcur>0000000000000</negcur>
    <cen>1</cen>
    <img/>
  </objeto>
  <objeto>
    <ref>6F</ref>
    <texto>intervalos en la recta real</texto>
    <hijos>72</hijos>
    <padre>54</padre>
    <siz>0</siz>
    <negcur>00000000000000000000000000000</negcur>
    <cen>1</cen>
    <img/>
  </objeto>
  <objeto>
    <ref>72</ref>
    <texto>como</texto>
    <hijos>85,84</hijos>
    <padre>6F</padre>
    <siz>14</siz>
    <negcur>000000</negcur>
    <cen>1</cen>
    <img/>
  </objeto>
  <objeto>
    <ref>84</ref>
    <texto>intervalo no acotado</texto>
    <hijos>93,92,91,90</hijos>
    <padre>72</padre>
    <siz>0</siz>
    <negcur>000000000000000000000</negcur>
    <cen>1</cen>
    <img/>
  </objeto>
  <objeto>
    <ref>85</ref>
    <texto>intervalo acotado</texto>
    <hijos>97,96,95,94</hijos>
    <padre>72</padre>
    <siz>0</siz>
    <negcur>000000000000000000</negcur>
    <cen>1</cen>
    <img/>
  </objeto>
  <objeto>
    <ref>90</ref>
    <texto/>
    <hijos>a0</hijos>
    <padre>84</padre>
    <siz>14</siz>
    <negcur/>
    <cen>1</cen>
    <img/>
  </objeto>
  <objeto>
    <ref>a0</ref>
    <texto>(-b,)</texto>
    <hijos/>
    <padre>90</padre>
    <siz>0</siz>
    <negcur>000000</negcur>
    <cen>1</cen>
    <img/>
  </objeto>
  <objeto>
    <ref>91</ref>
    <texto/>
    <hijos>a1</hijos>
    <padre>84</padre>
    <siz>14</siz>
    <negcur/>
    <cen>1</cen>
    <img/>
  </objeto>
  <objeto>
    <ref>a1</ref>
    <texto>[-b,)</texto>
    <hijos/>
    <padre>91</padre>
    <siz>0</siz>
    <negcur>0000000</negcur>
    <cen>1</cen>
    <img/>
  </objeto>
  <objeto>
    <ref>92</ref>
    <texto/>
    <hijos>a2</hijos>
    <padre>84</padre>
    <siz>14</siz>
    <negcur/>
    <cen>1</cen>
    <img/>
  </objeto>
  <objeto>
    <ref>a2</ref>
    <texto>(a,)</texto>
    <hijos/>
    <padre>92</padre>
    <siz>0</siz>
    <negcur>00000</negcur>
    <cen>1</cen>
    <img/>
  </objeto>
  <objeto>
    <ref>93</ref>
    <texto/>
    <hijos>a3</hijos>
    <padre>84</padre>
    <siz>14</siz>
    <negcur/>
    <cen>1</cen>
    <img/>
  </objeto>
  <objeto>
    <ref>a3</ref>
    <texto>[a,)</texto>
    <hijos/>
    <padre>93</padre>
    <siz>0</siz>
    <negcur>00000</negcur>
    <cen>1</cen>
    <img/>
  </objeto>
  <objeto>
    <ref>94</ref>
    <texto/>
    <hijos>a4</hijos>
    <padre>85</padre>
    <siz>14</siz>
    <negcur/>
    <cen>1</cen>
    <img/>
  </objeto>
  <objeto>
    <ref>a4</ref>
    <texto>(a,b]</texto>
    <hijos/>
    <padre>94</padre>
    <siz>0</siz>
    <negcur>000000</negcur>
    <cen>1</cen>
    <img/>
  </objeto>
  <objeto>
    <ref>95</ref>
    <texto/>
    <hijos>a5</hijos>
    <padre>85</padre>
    <siz>14</siz>
    <negcur/>
    <cen>1</cen>
    <img/>
  </objeto>
  <objeto>
    <ref>a5</ref>
    <texto>[a,b)</texto>
    <hijos/>
    <padre>95</padre>
    <siz>0</siz>
    <negcur>000000</negcur>
    <cen>1</cen>
    <img/>
  </objeto>
  <objeto>
    <ref>96</ref>
    <texto/>
    <hijos>a6</hijos>
    <padre>85</padre>
    <siz>14</siz>
    <negcur/>
    <cen>1</cen>
    <img/>
  </objeto>
  <objeto>
    <ref>a6</ref>
    <texto>(a,b)</texto>
    <hijos/>
    <padre>96</padre>
    <siz>0</siz>
    <negcur>00000000</negcur>
    <cen>1</cen>
    <img/>
  </objeto>
  <objeto>
    <ref>97</ref>
    <texto/>
    <hijos>a7</hijos>
    <padre>85</padre>
    <siz>14</siz>
    <negcur/>
    <cen>1</cen>
    <img/>
  </objeto>
  <objeto>
    <ref>a7</ref>
    <texto>[a,b]</texto>
    <hijos/>
    <padre>97</padre>
    <siz>0</siz>
    <negcur>00000000</negcur>
    <cen>1</cen>
    <img/>
  </objeto>
</mapa>