<?xml version='1.0' encoding='UTF-8'?><engine copy="Editorial Planeta" version="1" aprid="f13" title="La recta real y el axioma de completitud" >
<section title="La recta real" path="ma_09_01_rec120_img01.jpg" pathAmp="ma_09_01_rec120_img01.jpg" image1Text="&lt;p&gt;Una representaci&amp;oacute;n de la recta real.&lt;/p&gt;

&lt;p&gt;&amp;nbsp;&lt;/p&gt;
" zoom1="true" zoom2a="false" zoom2b="false" layout="0" >
<![CDATA[<p>En la recta real se hace correspondencia entre los n&uacute;meros reales y los puntos de la recta. Eso se debe a que existe una condici&oacute;n que cumplen los n&uacute;meros reales llamada&nbsp;axioma de completitud,&nbsp;que garantiza una correspondencia uno a uno entre el conjunto de los n&uacute;meros reales y el conjunto de puntos en la recta.</p>

<p>&nbsp;</p>

<p>A cada n&uacute;mero real le corresponde un &uacute;nico punto sobre la recta real y a cada punto en la recta real le corresponde un &uacute;nico n&uacute;mero real.</p>

<p>&nbsp;</p>

<p>Como se puede ver en la gr&aacute;fica, se elige un punto de referencia arbitrario sobre la recta al que se denomina origen, y se determina como n&uacute;mero 0.</p>

<p>&nbsp;</p>

<p>Se selecciona, adem&aacute;s, una unidad de longitud para medir distancias. Tambi&eacute;n se elige un sentido a lo largo de la recta que se llama positivo en una orientaci&oacute;n y negativo en la opuesta. A cada n&uacute;mero real, entonces, le corresponde un punto de la recta real teniendo en cuenta:</p>

<ul>
	<li>
	<p>La coordenada del punto de referencia u origen de la recta real O es igual a cero.</p>
	</li>
	<li>
	<p>En la recta real, a cada punto <em>M</em> le corresponde una coordenada positiva&nbsp;+<em>p</em>&nbsp;que est&aacute; a una distancia de <em>p</em> unidades de 0 en direcci&oacute;n positiva.</p>
	</li>
	<li>
	<p>En la recta real, a cada punto <em>N</em> le corresponde una coordenada negativa -<em>p</em>&nbsp; que est&aacute; a una distancia de <em>p</em> unidades de 0 en direcci&oacute;n negativa.</p>
	</li>
</ul>

<p>El conjunto de los n&uacute;meros reales cubre totalmente la recta sin dejar huecos en ella; se encuentran todos los n&uacute;meros racionales y todos los n&uacute;meros irracionales. &nbsp;</p>
]]></section>
<section title="Orden en números reales" path="ma_09_01_rec120_img02.jpg" pathAmp="ma_09_01_rec120_img02.jpg" image1Text="&lt;p&gt;&lt;em&gt;Orden de los n&amp;uacute;meros reales en la recta real.&lt;/em&gt;&lt;/p&gt;
" zoom1="true" zoom2a="false" zoom2b="false" layout="1" >
<![CDATA[<p>&nbsp;</p>

<p>El conjunto de los n&uacute;meros reales es un conjunto ordenado. Dados dos puntos de la recta real <em>A</em> y <em>B</em>, con coordenadas <em>a</em> y <em>b</em> respectivamente, se cumple una y solo una de las siguientes afirmaciones.</p>

<p>Puede observarse en la recta que&nbsp;<em>a</em>&nbsp;&lt;&nbsp;<em>b&nbsp;</em>si y solo si el punto<em> A</em> cuya coordenada es&nbsp;<em>a</em>&nbsp;est&aacute; a la izquierda del punto <em>B</em> cuya coordenada es <em>b</em>, es decir, que <em>a</em> es menor que <em>b</em>.</p>

<p>An&aacute;logamente,&nbsp;<em>a</em>&nbsp;&gt;&nbsp;<em>b</em>&nbsp;si y solo si el punto <em>A</em> cuya coordenada es&nbsp;<em>a</em>&nbsp;est&aacute; a la izquierda del punto <em>B</em> cuya coordenada es <em>b</em>, es decir, que <em>a</em> es mayor que <em>b</em>.</p>

<p>Finalmente&nbsp;<em>a</em>&nbsp;=&nbsp;<em>b</em>, si y solo si el punto <em>A</em> cuya coordenada es&nbsp;<em>a </em>es igual al punto <em>B</em> cuya coordenada es <em>b</em>, es decir, que <em>a</em> es igual que <em>b</em> y representan el mismo n&uacute;mero.</p>

<p>&nbsp;</p>
]]></section>
</engine>