﻿<?xml version="1.0" encoding="utf-8"?><motor tipo="8" clase="a" aprid="m8a">
  <plataforma>
    <grado><![CDATA[2]]></grado>
    <titulo>Resuelve problemas con fracciones</titulo>
    <area>0</area>
    <nivel>3</nivel>
    <referencia/>
    <idreg><![CDATA[0]]></idreg>
    <motor><![CDATA[M8A]]></motor>
    <lang>es</lang>
  </plataforma>
  <enunciado><![CDATA[Lee atentamente la situación y selecciona la respuesta correcta. ]]></enunciado>
  <masinfo inicio="0"/>
  <sinaleatoriedad><![CDATA[1]]></sinaleatoriedad>
  <calc><![CDATA[0]]></calc>
  <respuestaunica><![CDATA[1]]></respuestaunica>
  <test cantidad="10">
    <cuestion>
      <enunciado><![CDATA[Juliana y sus amigos están celebrando su cumpleaños. Su mamá compró pizzas de 4 sabores diferentes. Selecciona la afirmación correcta. ]]></enunciado>
      <imagen><![CDATA[MA_06_05_CO_REC170_IMG01n.png]]></imagen>
      <ampliacion><![CDATA[MA_06_05_CO_REC170_IMG01a.png]]></ampliacion>
      <explicacion><![CDATA[Las cuatro pizzas están divididas en el mismo número de porciones y en la imagen se observa que en la #3 se han tomado más porciones. ]]></explicacion>
      <respuestas>
        <respuesta contestacion="Juliana y sus amigos han comido más de la pizza #1." correcta="0"/>
        <respuesta contestacion="Juliana y sus amigos han comido más de la pizza #2." correcta="0"/>
        <respuesta contestacion="Juliana y sus amigos han comido más de la pizza #3." correcta="on"/>
        <respuesta contestacion="Juliana y sus amigos han comido más de la pizza #4." correcta="0"/>
        <respuesta contestacion="Juliana y sus amigos han comido la misma cantidad de todas las pizzas." correcta="0"/>
      </respuestas>
    </cuestion>
    <cuestion>
      <enunciado><![CDATA[Juliana y sus amigos están celebrando su cumpleaños. Su mamá compró pizzas de 4 sabores diferentes. Selecciona la afirmación correcta. ]]></enunciado>
      <imagen><![CDATA[MA_06_05_CO_REC170_IMG02n.png]]></imagen>
      <ampliacion><![CDATA[MA_06_05_CO_REC170_IMG02a.png]]></ampliacion>
      <explicacion><![CDATA[Aunque las divisiones en las cuatro pizzas no son iguales, en la imagen se observa que en la #1 se ha tomado mayor cantidad de pizza. ]]></explicacion>
      <respuestas>
        <respuesta contestacion="Juliana y sus amigos han comido más de la pizza #1." correcta="on"/>
        <respuesta contestacion="Juliana y sus amigos han comido más de la pizza #2." correcta="0"/>
        <respuesta contestacion="Juliana y sus amigos han comido más de la pizza #3." correcta="0"/>
        <respuesta contestacion="Juliana y sus amigos han comido más de la pizza #4." correcta="0"/>
        <respuesta contestacion="Juliana y sus amigos han comido la misma cantidad de todas las pizzas." correcta="0"/>
      </respuestas>
    </cuestion>
    <cuestion>
      <enunciado><![CDATA[Juliana y sus amigos están celebrando su cumpleaños. Su mamá compró pizzas de 4 sabores diferentes. Selecciona la afirmación correcta. ]]></enunciado>
      <imagen><![CDATA[MA_06_05_CO_REC170_IMG03n.png]]></imagen>
      <ampliacion><![CDATA[MA_06_05_CO_REC170_IMG03a.png]]></ampliacion>
      <explicacion><![CDATA[Aunque las divisiones de las cuatro pizzas no son iguales, se ve que representan fracciones equivalentes por lo que han comido la misma cantidad de pizza de los cuatro sabores. ]]></explicacion>
      <respuestas>
        <respuesta contestacion="Juliana y sus amigos han comido más de la pizza #1." correcta="0"/>
        <respuesta contestacion="Juliana y sus amigos han comido más de la pizza #2." correcta="0"/>
        <respuesta contestacion="Juliana y sus amigos han comido más de la pizza #3." correcta="0"/>
        <respuesta contestacion="Juliana y sus amigos han comido más de la pizza #4." correcta="0"/>
        <respuesta contestacion="Juliana y sus amigos han comido la misma cantidad de todas las pizzas." correcta="on"/>
      </respuestas>
    </cuestion>
    <cuestion>
      <enunciado><![CDATA[Juliana y sus amigos están celebrando su cumpleaños. Su mamá compró pizzas de 4 sabores diferentes. Selecciona la afirmación correcta. ]]></enunciado>
      <imagen><![CDATA[MA_06_05_CO_REC170_IMG04n.png]]></imagen>
      <ampliacion><![CDATA[MA_06_05_CO_REC170_IMG04a.png]]></ampliacion>
      <explicacion><![CDATA[Las pizzas #1 y #4 representan fracciones equivalentes. ]]></explicacion>
      <respuestas>
        <respuesta contestacion="Han comido la misma cantidad en la pizza #2 y #4." correcta="0"/>
        <respuesta contestacion="Han comido la misma cantidad en la pizza #1 y #4." correcta="on"/>
        <respuesta contestacion="Han comido la misma cantidad en la pizza #1 y #2." correcta="0"/>
        <respuesta contestacion="Han comido la misma cantidad en la pizza #3 y #4." correcta="0"/>
        <respuesta contestacion="Han comido la misma cantidad de todas las pizzas." correcta="0"/>
      </respuestas>
    </cuestion>
    <cuestion>
      <enunciado><![CDATA[Juliana y sus amigos están celebrando su cumpleaños. Su mamá compró pizzas de 4 sabores diferentes. Selecciona la afirmación correcta. ]]></enunciado>
      <imagen><![CDATA[MA_06_05_CO_REC170_IMG04n.png]]></imagen>
      <ampliacion><![CDATA[MA_06_05_CO_REC170_IMG04a.png]]></ampliacion>
      <explicacion><![CDATA[Las pizzas 2 y 3 representan fracciones equivalentes. ]]></explicacion>
      <respuestas>
        <respuesta contestacion="Han comido la misma cantidad en la pizza #2 y #4." correcta="0"/>
        <respuesta contestacion="Han comido la misma cantidad en la pizza #1 y #2." correcta="0"/>
        <respuesta contestacion="Han comido la misma cantidad en la pizza #3 y #4." correcta="0"/>
        <respuesta contestacion="Han comido la misma cantidad en la pizza #2 y #3." correcta="on"/>
        <respuesta contestacion="Han comido la misma cantidad de todas las pizzas." correcta="0"/>
      </respuestas>
    </cuestion>
    <cuestion>
      <enunciado><![CDATA[Sandra consume 15/8 de libra de verduras al día, su hermana consume 16/7. ¿Cuál de las dos consume más verduras al día?]]></enunciado>
      <imagen><![CDATA[MA_06_05_CO_REC170_IMG05n.png]]></imagen>
      <ampliacion><![CDATA[MA_06_05_CO_REC170_IMG05a.png]]></ampliacion>
      <explicacion><![CDATA[Para comparar las cantidades de verduras, debes hallar las fracciones equivalentes a cada hermana. ]]></explicacion>
      <respuestas>
        <respuesta contestacion="La hermana de Sandra consume más verduras." correcta="on"/>
        <respuesta contestacion="Sandra consume más verduras." correcta="0"/>
        <respuesta contestacion="La hermana de Sandra no consume verduras." correcta="0"/>
        <respuesta contestacion="Sandra consume pocas verduras. " correcta="0"/>
      </respuestas>
    </cuestion>
    <cuestion>
      <enunciado><![CDATA[Para pintar su habitación, Rodolfo ha comprado 2 tarros de ¼ de litro de pintura azul y 1 tarro de 5/9 de pintura verde. ¿De qué color ha comprado más pintura Rodolfo?]]></enunciado>
      <imagen><![CDATA[MA_06_05_CO_REC170_IMG06n.png]]></imagen>
      <ampliacion><![CDATA[MA_06_05_CO_REC170_IMG06a.png]]></ampliacion>
      <explicacion><![CDATA[Para saber de cuál pintura compró más cantidad, se debe comparar las fracciones que representan cada color y para ello, debes hallar fracciones equivalentes a cada color.  ]]></explicacion>
      <respuestas>
        <respuesta contestacion="Compró la misma cantidad de pintura verde que de azul." correcta="0"/>
        <respuesta contestacion="Compró más pintura azul." correcta="0"/>
        <respuesta contestacion="Compró más pintura verde." correcta="on"/>
        <respuesta contestacion="No compró suficiente pintura. " correcta="0"/>
      </respuestas>
    </cuestion>
    <cuestion>
      <enunciado><![CDATA[Ana ha leído 4/6 de su libro de aventuras y Juan ha leído 8/12 de su libro de terror. Es falso afirmar que: ]]></enunciado>
      <imagen><![CDATA[MA_06_05_CO_REC170_IMG07n.png]]></imagen>
      <ampliacion><![CDATA[MA_06_05_CO_REC170_IMG07a.png]]></ampliacion>
      <explicacion><![CDATA[Para saber cuál de las afirmaciones es falsa, se deben comparar las fracciones que cada niño ha leído y para ello debes hallar fracciones equivalentes. ]]></explicacion>
      <respuestas>
        <respuesta contestacion="Los dos niños leen diferentes libros." correcta="0"/>
        <respuesta contestacion="Los dos niños han leído la misma cantidad proporcionalmente. " correcta="0"/>
        <respuesta contestacion="Ana ha leído más que Juan, proporcionalmente. " correcta="on"/>
        <respuesta contestacion="A Juan le gustan los cuentos de terror. " correcta="0"/>
      </respuestas>
    </cuestion>
    <cuestion>
      <enunciado><![CDATA[Vicente hace ejercicio todos los sábados en su bicicleta, él recorre 3/9 kilómetros. Su prima trota 12/36 kilómetros. Es correcto afirmar que: ]]></enunciado>
      <imagen><![CDATA[MA_06_05_CO_REC170_IMG08n.png]]></imagen>
      <ampliacion><![CDATA[MA_06_05_CO_REC170_IMG08a.png]]></ampliacion>
      <explicacion><![CDATA[Para saber cuál de las afirmaciones es correcta, se deben comparar las fracciones que representan la distancia que recorre cada persona haciendo ejercicio, y para ello debes hallar fracciones equivalentes. ]]></explicacion>
      <respuestas>
        <respuesta contestacion="Vicente recorre más distancia que su prima. " correcta="0"/>
        <respuesta contestacion="La prima de Vicente recorre más distancia que él. " correcta="0"/>
        <respuesta contestacion="Vicente y su prima recorren la misma distancia. " correcta="on"/>
        <respuesta contestacion="La prima de Vicente no hace ejercicio. " correcta="0"/>
      </respuestas>
    </cuestion>
    <cuestion>
      <enunciado><![CDATA[Para hacer pantalones talla L utilizan 21/12 metros de tela, y para hacer pantalones talla S utilizan 7/6 metros de tela. Es falso afirmar que:]]></enunciado>
      <imagen><![CDATA[MA_06_05_CO_REC170_IMG09n.png]]></imagen>
      <ampliacion><![CDATA[MA_06_05_CO_REC170_IMG09a.png]]></ampliacion>
      <explicacion><![CDATA[Para saber cuál de las afirmaciones es falsa, se deben comparar las fracciones que representan la cantidad de tela que utilizan en cada talla, y para ello debes hallar fracciones equivalentes. ]]></explicacion>
      <respuestas>
        <respuesta contestacion="Utilizan la misma cantidad de metros de tela para las tallas S y L. " correcta="on"/>
        <respuesta contestacion="Utilizan más cantidad de tela para la talla L que para la talla S. " correcta="0"/>
        <respuesta contestacion="Utilizan un metro más de tela para la talla S que para la talla L. " correcta="0"/>
        <respuesta contestacion="Utilizan menos cantidad de tela para la talla M y XL. " correcta="0"/>
      </respuestas>
    </cuestion>
  </test>
</motor>