﻿<?xml version="1.0" encoding="UTF-8"?>
<?xml-stylesheet href="cuadernoestudio/dtd/libro.xslt" type="text/xsl"?>
<!--Arbortext, Inc., 1988-2015, v.4002-->
<!DOCTYPE libro SYSTEM "cuadernoestudio/dtd/libro.dtd">
<libro id="MA_08_11_CO">
<libroTitulo>La estadística</libroTitulo>
<seccion1 id="S1_MA_08_11_CO_15ABDFC96D8C4353BC5E2584BD9B2873">
<seccion1Titulo>La estadística y sus elementos</seccion1Titulo>
<seccion1Texto>
<p>La estadística es una disciplina de gran importancia debido a sus
múltiples aplicaciones en los diferentes ámbitos del mundo, ya sea
en la ciencia, la economía, las ciencias sociales, la industria y
cualquier situación en la que nos debamos enfrentar a la recolección
y análisis de datos.</p>
<destacado><destacadoTitulo>La estadística</destacadoTitulo>
<destacadoTexto>
<p>Es la disciplina que se encarga de la organización y análisis de
la información a través de la recolección de datos para hacer inferencias
o predicciones sobre el comportamiento de algún suceso o evento.</p>
</destacadoTexto></destacado><seccion2
id="S2_MA_08_11_CO_36885411B91B455BB86C3FDEAA3FE422"><?Pub Dtl?>
<seccion2Titulo>La población y la muestra</seccion2Titulo>
<seccion2Texto>
<p>Las estadísticas no tienen sentido si no se consideran o se relacionan
dentro del contexto en el que se trabajan. Por lo tanto, es necesario
entender los conceptos de <negrita>población</negrita> y de <negrita
>muestra</negrita>.  </p>
<p><negrita>Población</negrita>: se define como el conjunto de elementos,
personas o cosas cuyas características se trata de estudiar.  </p>
<p><negrita>Muestra</negrita>: básicamente es un subconjunto representativo
de la población que conserva las mismas características.  </p>
<p>Es decir, la población es el objeto de estudio y la muestra son
los elementos que se seleccionan de forma aleatoria para realizar
dicho estudio, esto se debe a que la estadística maneja grandes cantidades
de datos y realizar un estudio sobre toda una población no es conveniente
por tiempos, costos y recursos.  </p>
<p>Por ejemplo, si se lleva a cabo un estudio sobre las preferencias
musicales de los estudiantes de grado octavo de una institución educativa,
no se entrevista a todos los estudiantes, sino que se puede seleccionar
un curso en particular que sea representativo de todos los estudiantes
de dicho grado.</p>
<p>En este caso la <negrita>población</negrita> son todos los estudiantes
de grado octavo y la <negrita>muestra</negrita> es el curso seleccionado
de grado octavo.</p>
<destacado><destacadoTitulo>La población y la muestra</destacadoTitulo>
<destacadoTexto>
<listaSinNumerar>
<listaElemento>La <negrita>población</negrita> (se expresa con <cursiva
>N</cursiva>): es el conjunto de todos los elementos objeto de nuestro
estudio.</listaElemento>
<listaElemento>La <negrita>muestra</negrita>: es un subconjunto representativo
de la población.</listaElemento>
</listaSinNumerar>
</destacadoTexto></destacado></seccion2Texto></seccion2><seccion2
id="S2_MA_08_11_CO_36885411B91B455BB86C3FDEAA3F3355"><?Pub Dtl?>
<seccion2Titulo>Las variables y su clasificación</seccion2Titulo>
<seccion2Texto>
<p>Los elementos de una población poseen determinadas características,
cualidades o rasgos, por ejemplo en un colegio se pueden estudiar
la estatura, la edad, el peso, etc.; cada una de estas características
que pueden ser estudiadas de forma estadística reciben el nombre de <negrita
>variable estadística</negrita>.  </p>
<p>Las variables estadísticas se pueden clasifican en <negrita>cualitativas</negrita
> y <negrita>cuantitativas</negrita>.  </p>
<p>Las <negrita>variables cualitativas</negrita> o atributos, se refieren
a una cualidad de los elementos de la población que es objeto de estudio,
por ejemplo el color de ojos de una persona, la calidad del servicio
prestado en un punto de atención, cantante favorito, etc. Pueden ser <negrita
>nominales</negrita> si describen una característica como el color
de preferencia en la elección de un auto u <negrita>ordinales</negrita
> si clasifican el dato, por ejemplo, del nivel de satisfacción en
la prestación de un servicio por parte de una compañía.    </p>
<p>Las <negrita>variables cuantitativas</negrita> se refieren a datos
que estudian un carácter de la población que puede ser medido o cuantificado,
es decir que es medible mediante un número, por ejemplo la edad de
una persona, el tiempo de reacción de un grupo de emergencias, el
número de llamadas que recibe la línea de emergencias en un día. Las
variables cuantitativas pueden ser <negrita>continuas</negrita> si
el dato recolectado es un número real, por ejemplo el tiempo que marca
el cronómetro en una carrera de fórmula 1 y <negrita>discreta</negrita
> si el dato recolectado es un número entero, por ejemplo la edad
de una persona. Cuando la variable es <negrita>continua</negrita>,
 sus valores se distribuyen en intervalos de clase, que también se
utilizan para variables discretas si el número de datos es muy grande.</p>
<recuerda><recuerdaTexto>
<p>Un <negrita>intervalo</negrita> es un conjunto de números reales
comprendidos entre dos valores, que se llaman <negrita>extremos del
intervalo</negrita>. La notación de los intervalos es importante para
determinar qué valores incluye. Por ejemplo:</p>
<p>[−3, 2]: todos los valores mayores o iguales que −3 y menores o
iguales que 2. </p>
<p>(−3, 2): todos los valores mayores que −3 y menores que 2. </p>
<p>[−3, 2): todos los valores mayores o iguales que −3 y menores que
2. </p>
<p>(−3, 2]: todos los valores mayores que −3 y menores o iguales que
2.</p>
</recuerdaTexto></recuerda><destacado><destacadoTitulo>Las variables
y sus tipos</destacadoTitulo><destacadoTexto>
<p>Las <negrita>variables</negrita> son las diferentes características
que se pueden estudiar en los individuos de una población. Pueden
ser de varios tipos:</p>
<listaSinNumerar>
<listaElemento>Las <negrita>cuantitativas</negrita>: toman valores
numéricos. Se subdividen en dos tipos:<listaSinNumerar>
<listaElemento>Las <negrita>discretas</negrita>: si solo pueden tomar
un número determinado de valores.</listaElemento>
<listaElemento>Las <negrita>continuas</negrita>: si pueden tomar un
número indeterminado de valores.</listaElemento>
</listaSinNumerar></listaElemento>
<listaElemento>Las <negrita>cualitativas</negrita>: toman valores
no numéricos.<listaSinNumerar>
<listaElemento>Las <negrita>nominales</negrita>: si describen una
característica.</listaElemento>
<listaElemento>Las <negrita>ordinales</negrita>: si clasifican el
dato.</listaElemento>
</listaSinNumerar></listaElemento>
</listaSinNumerar>
</destacadoTexto></destacado>
<p>Por ejemplo, un grupo ambientalista ha decidió realizar un estudio
acerca de la vegetación existente en un pequeño bosque cerca de la
ciudad, para lo cual deciden determinar qué clase de plantas se encuentran,
y cuál es su edad y tamaño; para hacerlo, delimitan 2 hectáreas del
bosque donde se encuentra gran variedad de plantas.  </p>
<p>En esta situación, ¿cuál es la población y la muestra? ¿Cuáles
son las variables del estudio?  </p>
<p><negrita>Población</negrita>: el bosque y las plantas que se encuentran
en él. </p>
<p><negrita>Muestra</negrita>: las dos hectáreas del bosque que se
han delimitado. </p>
<p><negrita>Variable cualitativa nominal</negrita>: los tipos de plantas
que se hallan en el bosque. </p>
<p><negrita>Variable cuantitativa discreta</negrita>: edad de cada
planta, cantidad.  </p>
<p><negrita>Variable cuantitativa continua</negrita>: tamaño de cada
planta.  </p>
</seccion2Texto></seccion2><seccion2
id="S2_MA_08_11_CO_36885411B91B455BB86C3FDEAA3F4466"><?Pub Dtl?>
<seccion2Titulo>Las tablas de frecuencias</seccion2Titulo>
<seccion2Texto>
<p>Para poder organizar y analizar la información de los datos que
se recolectan es necesario acudir a tablas que permitan observar,
de una forma resumida, los datos recolectados. En una tabla de frecuencias
se reflejan normalmente, la<negrita> frecuencia absoluta</negrita
>, la<negrita> frecuencia relativa</negrita>, la <negrita>frecuencia
absoluta acumulada</negrita>, la <negrita>frecuencia relativa acumulada </negrita
>o los <negrita>porcentajes</negrita> correspondientes a cada dato
o valor de la variable.  </p>
<p>Si el dato que se estudia corresponde a una sola variable, se utiliza
una tabla de frecuencias compuesta de filas y columnas. En cada columna
se encontrará:  </p>
<p><negrita>Variable</negrita>: corresponde al dato que se ha recolectado
y se representa como <negritacursiva>X<subindice>i</subindice></negritacursiva
>. </p>
<p><negrita>Frecuencia absoluta</negrita>: coincide con el número
de veces que se repite un dato y se representa como <negritacursiva
>n<subindice>i</subindice></negritacursiva>. </p>
<p><negrita>Frecuencia relativa</negrita>: es la <negrita>razón</negrita
> entre la frecuencia absoluta <negritacursiva>n<subindice>i</subindice
></negritacursiva> y el total de datos <negritacursiva>N</negritacursiva
>, se representa mediante <negritacursiva>f<subindice>i</subindice
></negritacursiva> y se calcula de la forma:</p>
<p centrado="si"><negritacursiva>f<subindice>i</subindice> = n<subindice
>i</subindice>/ N</negritacursiva></p>
<p>La frecuencia relativa también se puede expresar como un porcentaje
multiplicando cada fi por 100. </p>
<p><negrita>Frecuencia absoluta acumulada</negrita>: corresponde a
la suma de las frecuencias absolutas y se representa como <negritacursiva
>N<subindice>i</subindice></negritacursiva>.</p>
<p centrado="si"><negritacursiva>N<subindice>i</subindice> = n<subindice
>1</subindice> + n<subindice>2</subindice> + n<subindice>3</subindice
> + … + n<subindice>i</subindice></negritacursiva></p>
<p><negrita>Frecuencia relativa acumulada</negrita>: corresponde a
la suma de las frecuencias relativas y se representa como <negritacursiva
>F<subindice>i</subindice></negritacursiva>.  </p>
<p centrado="si"><negritacursiva>F<subindice>i</subindice> = f<subindice
>1</subindice> + f<subindice>2</subindice> + f<subindice>3</subindice
> + ... + f<subindice>i</subindice>  </negritacursiva></p>
<p>La frecuencia relativa acumulada también se puede expresar como
un porcentaje multiplicando cada <negritacursiva>F<subindice>i</subindice
> </negritacursiva>por 100:</p>
<listaSinNumerar>
<listaElemento>Ante el inminente cambio climático, el instituto meteorológico
ha registrado la temperatura media de su ciudad durante los 30 primeros
días del año como se observa en la siguiente tabla.</listaElemento>
</listaSinNumerar>
<table cellpadding="5" cellspacing="0"><caption>Temperatura media
durante los primeros 30 días del año</caption><colgroup align="center">
<col width="6*"/><col width="6*"/><col width="6*"/><col width="6*"/>
<col width="6*"/><col width="6*"/><col width="6*"/><col width="6*"/>
<col width="6*"/><col width="6*"/><col width="6*"/><col width="6*"/>
<col width="6*"/><col width="6*"/><col width="6*"/><col width="6*"/>
</colgroup>
<tbody>
<tr>
<td>Día</td>
<td>1</td>
<td>2</td>
<td>3</td>
<td>4</td>
<td>5</td>
<td>6</td>
<td>7</td>
<td>8</td>
<td>9</td>
<td>10</td>
<td>11</td>
<td>12</td>
<td>13</td>
<td>14</td>
<td>15</td>
</tr>
<tr>
<td>T (°C)</td>
<td>22</td>
<td>25</td>
<td>22</td>
<td>26</td>
<td>24</td>
<td>23</td>
<td>22</td>
<td>25</td>
<td>27</td>
<td>26</td>
<td>25</td>
<td>24</td>
<td>22</td>
<td>24</td>
<td>25</td>
</tr>
<tr>
<td>Día</td>
<td>16</td>
<td>17</td>
<td>18</td>
<td>19</td>
<td>20</td>
<td>21</td>
<td>22</td>
<td>23</td>
<td>24</td>
<td>25</td>
<td>26</td>
<td>27</td>
<td>28</td>
<td>29</td>
<td>30</td>
</tr>
<tr>
<td>T (°C)</td>
<td>24</td>
<td>27</td>
<td>26</td>
<td>22</td>
<td>25</td>
<td>25</td>
<td>23</td>
<td>23</td>
<td>23</td>
<td>24</td>
<td>26</td>
<td>22</td>
<td>24</td>
<td>25</td>
<td>25</td>
</tr>
</tbody>
</table>
<p>Para resumir la información y analizar los datos recolectados se
usa la tabla de frecuencias. En este caso <negritacursiva>N</negritacursiva
> = <negrita>30</negrita> datos.</p>
<table cellpadding="5" cellspacing="0"><caption>Tabla de frecuencias</caption>
<colgroup align="center"><col/><col/><col/><col/><col/><col/><col/>
</colgroup>
<tbody>
<tr>
<td>Temperatura</td>
<td><negritacursiva>n<subindice>i</subindice></negritacursiva></td>
<td><negritacursiva>f<subindice>i</subindice></negritacursiva></td>
<td><negritacursiva>f<subindice>i</subindice></negritacursiva>  %</td>
<td><negritacursiva>N<subindice>i</subindice></negritacursiva></td>
<td><negritacursiva>F<subindice>i</subindice></negritacursiva></td>
<td><negritacursiva>F<subindice>i</subindice></negritacursiva>  %</td>
</tr>
<tr>
<td>22 °C</td>
<td>6</td>
<td>6/30 = 0,2</td>
<td>20 %</td>
<td>6</td>
<td>6/30 = 0,2</td>
<td>20 %</td>
</tr>
<tr>
<td>23 °C</td>
<td>4</td>
<td>4/30 = 0,13</td>
<td>13 %</td>
<td>10</td>
<td>10/30 = 0,33</td>
<td>33 %</td>
</tr>
<tr>
<td>24 °C</td>
<td>6</td>
<td>6/30 = 0,2</td>
<td>20 %</td>
<td>16</td>
<td>16/30 = 0,53</td>
<td>53 %</td>
</tr>
<tr>
<td>25 °C</td>
<td>8</td>
<td>8/30 = 0,27</td>
<td>27 %</td>
<td>24</td>
<td>24/30 = 0,8</td>
<td>80 %</td>
</tr>
<tr>
<td>26 °C</td>
<td>4</td>
<td>4/30 = 0,13</td>
<td>13 %</td>
<td>28</td>
<td>28/30 = 0,93</td>
<td>93 %</td>
</tr>
<tr>
<td>27 °C</td>
<td>2</td>
<td>2/30 = 0,07</td>
<td>7 %</td>
<td>30</td>
<td>30/30 = 1</td>
<td>100 %</td>
</tr>
</tbody>
</table>
<p>La tabla de frecuencias resume la información y permite tener un
panorama acerca del comportamiento de la temperatura de la ciudad
en la que se recolectaron los datos. Por ejemplo, la temperatura que
más se repitió fue 25 °C y la que menos ocurrió fue 27 °C.  </p>
<p>En la tabla de frecuencias se puede observar que el último valor
de la frecuencia absoluta relativa acumulada coincide con el total
de los datos, <cursiva>N</cursiva>.   </p>
<p>Por ejemplo, si se estudia la temperatura 26 °C, la frecuencia
absoluta indica que durante cuatro días se ha tenido esta temperatura,
que es un 13 % (según el dato de la frecuencia relativa); la frecuencia
absoluta acumulada indica que ha habido 28 días durante los cuales
se ha tenido una temperatura igual o menor a 26 °C (la <cursiva>N<subindice
>i</subindice></cursiva> nos indica, por ejemplo, al lanzar un dado,
cuántos lanzamientos han habido antes de obtener un dato determinado);
la <cursiva>F<subindice>i</subindice></cursiva> en porcentaje nos
indica el porcentaje de días que se han tenido temperaturas inferiores
o iguales a determinado valor.  </p>
<p>Por otra parte, si el análisis que se pretende realizar requiere
la combinación de dos variables, se usa una tabla de <negrita>doble
entrada</negrita> o <negrita>tabla de contingencia</negrita>.  </p>
<p>Por ejemplo, la siguiente tabla muestra los datos recogidos a un
grupo de 30 estudiantes de grado once en una institución educativa,
sobre la carrera universitaria que les gustaría estudiar.</p>
<table cellpadding="5" cellspacing="0"><caption>Carrera universitaria
que interesa a los estudiantes de grado once</caption><colgroup
align="center"><col/><col/><col/><col/><col/><col/></colgroup>
<tbody>
<tr>
<td><negrita>Género</negrita></td>
<td><negrita>Carrera</negrita></td>
<td><negrita>Género</negrita></td>
<td><negrita>Carrera</negrita></td>
<td><negrita>Género</negrita></td>
<td><negrita>Carrera</negrita></td>
</tr>
<tr>
<td>M</td>
<td>Ingeniería</td>
<td>F</td>
<td>Medicina</td>
<td>F</td>
<td>Medicina</td>
</tr>
<tr>
<td>M</td>
<td>Medicina</td>
<td>M</td>
<td>Ingeniería</td>
<td>F</td>
<td>Ingeniería</td>
</tr>
<tr>
<td>F</td>
<td>Ingeniería</td>
<td>F</td>
<td>Ingeniería</td>
<td>M</td>
<td>Derecho</td>
</tr>
<tr>
<td>F</td>
<td>Derecho</td>
<td>F</td>
<td>Medicina</td>
<td>M</td>
<td>Ingeniería</td>
</tr>
<tr>
<td>F</td>
<td>Derecho</td>
<td>M</td>
<td>Derecho</td>
<td>M</td>
<td>Medicina</td>
</tr>
<tr>
<td>M</td>
<td>Medicina</td>
<td>M</td>
<td>Medicina</td>
<td>F</td>
<td>Derecho</td>
</tr>
<tr>
<td>M</td>
<td>Ingeniería</td>
<td>F</td>
<td>Ingeniería</td>
<td>M</td>
<td>Derecho</td>
</tr>
<tr>
<td>F</td>
<td>Medicina</td>
<td>M</td>
<td>Ingeniería</td>
<td>F</td>
<td>Medicina</td>
</tr>
<tr>
<td>F</td>
<td>Medicina</td>
<td>M</td>
<td>Ingeniería</td>
<td>F</td>
<td>Ingeniería</td>
</tr>
<tr>
<td>M</td>
<td>Derecho</td>
<td>F</td>
<td>Medicina</td>
<td>F</td>
<td>Medicina</td>
</tr>
</tbody>
</table>
<p>Para resumir la información y analizar la preferencia de carrera
por género, se construye una <negrita>tabla de doble entrada</negrita
>, donde en la primera columna se ubica el género y en la primera
fila las carreras.</p>
<table cellpadding="5" cellspacing="0"><caption>Preferencia de carrera
por género de los estudiantes de grado once</caption><colgroup
align="center"><col/><col/><col/><col/><col/></colgroup>
<tbody>
<tr>
<td></td>
<td><negrita>Ingeniería</negrita></td>
<td><negrita>Medicina</negrita></td>
<td><negrita>Derecho</negrita></td>
<td><negrita>Total</negrita></td>
</tr>
<tr>
<td align="left">M </td>
<td>6</td>
<td>4</td>
<td>4</td>
<td>14</td>
</tr>
<tr>
<td align="left">F</td>
<td>5</td>
<td>8</td>
<td>3</td>
<td>16</td>
</tr>
<tr>
<td align="left">Total</td>
<td>11</td>
<td>12</td>
<td>7</td>
<td>30</td>
</tr>
</tbody>
</table>
<p>A partir de esta tabla se pueden hacer varias observaciones, por
ejemplo, que la carrera de mayor preferencia para los hombres es la
ingeniería y para las mujeres la medicina, y la carrera que menos
les gusta a los estudiantes de grado once es el derecho.  </p>
<destacado><destacadoTitulo>Las frecuencias</destacadoTitulo>
<destacadoTexto>
<listaSinNumerar>
<listaElemento>La <negrita>frecuencia absoluta</negrita> <negritacursiva
>n<subindice>i</subindice></negritacursiva> es el número total de <negrita
>veces que se repite</negrita> un valor.</listaElemento>
<listaElemento>La <negrita>frecuencia relativa</negrita> <negritacursiva
>f<subindice>i</subindice></negritacursiva> es el cociente entre <cursiva
>f<subindice>i</subindice></cursiva> de un valor y el número total
de individuos que intervienen en el estudio. La suma de las frecuencias
relativas es igual a 1, o bien igual a 100, si se expresan en porcentaje
(%).</listaElemento>
<listaElemento>La <negrita>frecuencia absoluta acumulada</negrita
> <negritacursiva>N<subindice>i</subindice></negritacursiva> de un
valor es la suma de las frecuencias absolutas de los valores menores
o iguales a él (solo tiene sentido para variables estadísticas cuantitativas).</listaElemento>
<listaElemento>La <negrita>frecuencia relativa acumulada</negrita
> <negritacursiva>F<subindice>i</subindice></negritacursiva> de un
valor es el cociente entre las frecuencias relativas de los valores
menores o iguales a él y el número total de individuos que intervienen. </listaElemento>
</listaSinNumerar>
</destacadoTexto></destacado><profundiza>
<enlace
destino="/LoIdRedirect.aspx?LoId=MA_08_11_CO_Recurso020&amp;IdRecurso=RES-B1B00B69BAC64088807460CA170E5B9D"
>Población, variable estadística y frecuencia</enlace>
</profundiza><practica>
<enlace
destino="/LoIdRedirect.aspx?LoId=MA_08_11_CO_Recurso030&amp;IdRecurso=RES-71F7F0843122463AB23EA0766C97635B"
>Determina la población y la muestra</enlace>
<enlace
destino="/LoIdRedirect.aspx?LoId=MA_08_11_CO_Recurso050&amp;IdRecurso=RES-83416D733EA943908EB31414461BD178"
>Completa tablas de frecuencia</enlace>
</practica></seccion2Texto></seccion2><seccion2
id="S2_MA_08_11_CO_36885411B91B455BB86C3FDEAA3F5577">
<seccion2Titulo>Consolidación</seccion2Titulo>
<seccion2Texto>
<p>Actividades para consolidar lo que has aprendido en esta sección.</p>
<practica>
<enlace
destino="/LoIdRedirect.aspx?LoId=MA_08_11_CO_Recurso060&amp;IdRecurso=RES-D9E92AC71DF041C0BEBB50B991BE9078"
>Refuerza tu aprendizaje: La estadística y sus elementos</enlace>
</practica></seccion2Texto></seccion2></seccion1Texto></seccion1>
<seccion1 id="S1_MA_08_11_CO_0A277C3C800F42BB93A8CCF18C36436E">
<seccion1Titulo>La representación gráfica de la información estadística</seccion1Titulo>
<seccion1Texto>
<p>Hasta el momento hemos revisado cómo organizar y resumir los datos
que se recolectan en un estudio estadístico mediante las tablas de
frecuencias y de doble entrada, sin embargo, en el momento de presentar
los resultados se debe hacer a través de un medio que sea fácil, en
este caso las <negrita>gráficas estadísticas</negrita>. </p>
<destacado><destacadoTitulo>Gráficas estadísticas</destacadoTitulo>
<destacadoTexto>
<p>Las gráficas son la herramienta a través de la cual se hace más
fácil presentar los resultados de los estudios estadísticos.</p>
</destacadoTexto></destacado><seccion2
id="S2_MA_08_11_CO_0A277C3C800F42BB93A8CCF18C364433">
<seccion2Titulo>El uso de Excel</seccion2Titulo>
<seccion2Texto>
<p>Actualmente la tecnología ha revolucionado todo el mundo y el manejo
de la información; Excel es una de las herramientas que hoy más se
usa para representar la información, por ejemplo para realizar gráficos
estadísticos. </p>
<p>Para graficar datos en Excel primero se deben insertar los datos
en la hoja de cálculo. Por ejemplo las preferencias deportivas de
un grupo de estudiantes, el registro de la temperatura media en una
ciudad durante los primeros 30 días del año, etc. </p>
<p>Posteriormente, en el menú de inicio, se selecciona la opción insertar
y en la sección gráficos se encuentran varias opciones para realizar
el gráfico. </p>
<imagen src="MA_08_11_CO_IMG01">
<p>Observa la manera de escoger un <negrita>tipo de representación
gráfica</negrita> para los datos estadísticos con el programa <negrita
>Excel</negrita>.</p>
</imagen>
<seccion3 id="S3_MA_08_11_CO_0A277C3C800F42BB93A8CCF18C364455"><?Pub Dtl?>
<seccion3Titulo>El diagrama de barras</seccion3Titulo>
<seccion3Texto>
<p>Para elaborar un diagrama de barras se debe partir de los datos
que se resumen en una tabla de frecuencias absolutas; cada variable
se ubica en un eje horizontal y <cursiva>n<subindice>i</subindice
> </cursiva>en un eje vertical, luego se construye un rectángulo sobre
cada variable en el que la altura de cada uno es el valor de <cursiva
>n<subindice>i</subindice></cursiva>. </p>
<p>Por ejemplo, para el caso de la temperatura media que el instituto
meteorológico de una ciudad ha registrado durante los 30 primeros
días del año, se tiene la siguiente tabla de frecuencias absolutas
y el diagrama de barras.</p>
<table cellpadding="5" cellspacing="0"><caption>Tabla de frecuencias
absolutas</caption><colgroup align="center"><col/><col/><col/><col/>
<col/><col/><col/></colgroup>
<tbody>
<tr>
<td><negrita>Temperatura</negrita></td>
<td>22 °C</td>
<td>23 °C</td>
<td>24 °C</td>
<td>25 °C</td>
<td>26 °C</td>
<td>27 °C</td>
</tr>
<tr>
<td><negritacursiva>n<subindice>i</subindice></negritacursiva></td>
<td>6</td>
<td>4</td>
<td>6</td>
<td>8</td>
<td>4</td>
<td>2</td>
</tr>
</tbody>
</table>
<imagen src="MA_08_11_CO_IMG02">
<p>Diagrama de barras del registro de la temperatura media en una
ciudad durante los primeros 30 días del año. </p>
</imagen>
<p>El diagrama de barras permite al lector tener una visión del comportamiento
de los datos que se han resumido en la tabla de frecuencias. Por ejemplo
la barra con mayor altura indica cuál es la temperatura con mayor
frecuencia absoluta (indica el número de días que se registró esa
temperatura media). </p>
<p>Si los datos que se desean presentar corresponden a los resumidos
en una tabla de <negrita>doble entrada</negrita>, el diagrama de barras
se puede presentar de dos formas: </p>
<p>La primera usa una misma barra para representar la información
de los datos de una variable respecto a la otra. Y en la segunda se
utilizan barras diferentes para representar los datos de una variable
con respeto a la otra. </p>
<p>Observa las gráficas. Para el caso de las carreras universitarias
de un grupo de 30 estudiantes se obtiene la siguiente tabla de datos
y el diagrama de barras.</p>
<table cellpadding="5" cellspacing="0"><caption>Preferencia de carrera
por género de los estudiantes de grado once</caption><colgroup
align="center"><col/><col/><col/><col/></colgroup>
<tbody>
<tr>
<td></td>
<td><negrita>Ingeniería</negrita></td>
<td><negrita>Medicina</negrita></td>
<td><negrita>Derecho</negrita></td>
</tr>
<tr>
<td><negrita>M </negrita></td>
<td>22 °C</td>
<td>23 °C</td>
<td>24 °C</td>
</tr>
<tr>
<td><negritacursiva>F</negritacursiva></td>
<td>6</td>
<td>4</td>
<td>6</td>
</tr>
</tbody>
</table>
<imagen src="MA_08_11_CO_IMG03">
<p>Diagrama de barras de las preferencias profesionales en un grupo
de 30 estudiantes discriminado por género.</p>
</imagen>
<destacado><destacadoTitulo>Los diagramas estadísticos</destacadoTitulo>
<destacadoTexto>
<p>Son representaciones gráficas de un conjunto de datos que han sido
recolectados y organizados en una tabla de frecuencias.</p>
</destacadoTexto></destacado></seccion3Texto></seccion3><seccion3
id="S3_MA_08_11_CO_0A277C3C800F42BB93A8CCF18C365566"><?Pub Dtl?>
<seccion3Titulo>El diagrama circular</seccion3Titulo>
<seccion3Texto>
<p>Sirve para representar no solo la frecuencia absoluta de un dato
sino su proporción respecto al total de datos recolectados, y para
esto el círculo es un buen elemento de representación, ya que cada
frecuencia de cada dato ocupa una porción del mismo. Para representar
los datos mediante el diagrama circular se usan los datos de la frecuencia
relativa en forma porcentual. </p>
<p>En el caso de la temperatura media que el instituto meteorológico
de una ciudad ha registrado durante los 30 primeros días del año,
se tiene la siguiente tabla de frecuencias y diagrama circular.</p>
<table cellpadding="5" cellspacing="0"><caption>Tabla de frecuencias
absoluta y relativa</caption><colgroup align="center"><col/><col/><col/>
<col/><col/><col/><col/></colgroup>
<tbody>
<tr>
<td><negrita>Temperatura</negrita></td>
<td>22 °C</td>
<td>23 °C</td>
<td>24 °C</td>
<td>25 °C</td>
<td>26 °C</td>
<td>27 °C</td>
</tr>
<tr>
<td align="left"><negritacursiva>n<subindice>i</subindice></negritacursiva
></td>
<td>6</td>
<td>4</td>
<td>6</td>
<td>8</td>
<td>4</td>
<td>2</td>
</tr>
<tr>
<td align="left"><negritacursiva>f<subindice>i</subindice></negritacursiva
></td>
<td>0,2</td>
<td>0,13</td>
<td>0,2</td>
<td>0,27</td>
<td>0,13</td>
<td>0,07</td>
</tr>
<tr>
<td align="left"><negritacursiva>f<subindice>i</subindice></negritacursiva
>  <negrita>%</negrita></td>
<td>20 %</td>
<td>13 %</td>
<td>20 %</td>
<td>27 %</td>
<td>13 %</td>
<td>7 %</td>
</tr>
</tbody>
</table>
<imagen src="MA_08_11_CO_IMG04">
<p>Diagrama circular de las temperaturas registradas durante 30 días
es en una ciudad.</p>
</imagen>
<p> Para determinar qué sector circular le corresponde a cada frecuencia
se multiplica cada frecuencia relativa <negritacursiva>f<subindice
>i</subindice></negritacursiva> por la razón <negrita>360</negrita
>°; por ejemplo el sector que corresponde a la temperatura de 22 °C
con <cursiva>n<subindice>i</subindice></cursiva> = 6 equivale al 20
%. </p>
<p centrado="si">α = (0,2) ∙ (360°) = 72° </p>
<p>Así, 72° equivalen al 20 % del diagrama circular.  </p>
<p>Por ejemplo, el número de vuelos a los principales destinos europeos
en cierto aeropuerto, han sido los siguientes: 24 vuelos a Londres,
18 a Ámsterdam, 20 a París, 6 a Viena, 10 a Roma y 12 a Múnich. La
tabla de frecuencias es:</p>
<table cellpadding="5" cellspacing="0"><caption>Tabla de frecuencias
absoluta y relativa</caption><colgroup align="center"><col/><col/><col/>
<col/></colgroup>
<tbody>
<tr>
<td align="left"><negrita>Destino</negrita></td>
<td><negritacursiva>n<subindice>i</subindice></negritacursiva></td>
<td><negrita>Ángulo</negrita></td>
<td><negritacursiva>f<subindice>i</subindice></negritacursiva>  <negrita
>%</negrita></td>
</tr>
<tr>
<td align="left"><negrita>Londres</negrita></td>
<td>24</td>
<td>24 · 360°/90 = 96°</td>
<td>24/90 = 0,27 (27 %)</td>
</tr>
<tr>
<td align="left"><negrita>Ámsterdam</negrita></td>
<td>18</td>
<td>18 · 360°/90 = 72°</td>
<td>18/90 = 0,2 (20 %)</td>
</tr>
<tr>
<td align="left"><negrita>París</negrita></td>
<td>20</td>
<td>20 · 360°/90 = 80°</td>
<td>20/90 = 0,22 (22 %)</td>
</tr>
<tr>
<td align="left"><negrita>Viena</negrita></td>
<td>6</td>
<td>6 · 360°/90 = 24°</td>
<td>6/90 = 0,07 (7 %)</td>
</tr>
<tr>
<td align="left"><negrita>Roma</negrita></td>
<td>10</td>
<td>10 · 360°/90 = 40°</td>
<td>10/90 = 0,11 (11 %)</td>
</tr>
<tr>
<td align="left"><negrita>Múnich</negrita></td>
<td>12</td>
<td>12 · 360°/90 = 48°</td>
<td>12/90 = 0,13 (13 %)</td>
</tr>
<tr>
<td></td>
<td>90</td>
<td>360°</td>
<td>1(100 %)</td>
</tr>
</tbody>
</table>
<p>Con los valores de la frecuencia absoluta, se calcula la parte
proporcional del círculo completo que corresponde a cada valor, en
el que se anota la frecuencia relativa, expresada en porcentaje.</p>
<imagen src="MA_08_11_CO_IMG05">
<p><negrita>Diagrama circular </negrita>que recoge la frecuencia relativa
de los vuelos a ciudades europeas desde determinado aeropuerto.</p>
</imagen>
<p>El análisis de los datos del diagrama permite responder con rapidez
preguntas como:</p>
<listaSinNumerar>
<listaElemento>¿Cuál es el destino más solicitado? Londres.</listaElemento>
<listaElemento>¿Qué tres destinos representan cerca del 70 % del total?
Londres, Ámsterdam y París (27 % + 22 % + 20 % = 69 %).</listaElemento>
<listaElemento>¿Cuál es el destino menos requerido? Viena.</listaElemento>
</listaSinNumerar>
<profundiza>
<enlace
destino="/LoIdRedirect.aspx?LoId=MA_08_11_CO_Recurso070&amp;IdRecurso=RES-2EE08BB13533446789524029C9795547"
>Los diagramas de barras y circulares</enlace>
</profundiza><practica>
<enlace
destino="/LoIdRedirect.aspx?LoId=MA_08_11_CO_Recurso090&amp;IdRecurso=RES-A1EF5A884CC34344B7577BA846F82FE5"
>Identifica la representación de una situación en un diagrama estadístico</enlace>
</practica><profundiza>
<enlace
destino="/LoIdRedirect.aspx?LoId=MA_08_11_CO_Recurso100&amp;IdRecurso=RES-FFA26EB9A08A4FB6BF15B06D41AFE1AF"
>¿Cómo se dibuja un diagrama circular?</enlace>
</profundiza></seccion3Texto></seccion3><seccion3
id="S3_MA_08_11_CO_0A277C3C800F42BB93A8CCF18C366677">
<seccion3Titulo>El histograma</seccion3Titulo>
<seccion3Texto>
<p>Cuando la variable estadística toma un gran número de valores o
la variable es continua, los valores obtenidos se agrupan en <negrita
>intervalos</negrita> o <negrita>clases</negrita>. Para representarlos
se utiliza un <negrita>histograma</negrita>, en el que se señalan
los valores de los intervalos mediante áreas de rectángulos que tienen
por base la amplitud del intervalo y por altura la frecuencia absoluta.
 </p>
<p>La<negrita> marca de clase </negrita>es la media de los extremos
de cada intervalo. Es el valor que representa a todo el intervalo
para el cálculo de parámetros.  </p>
<p>Si se unen los extremos superiores de las barras mediante una línea,
se obtiene un <negrita>polígono de frecuencias</negrita>. </p>
<p>Por ejemplo, durante una hora se ha medido la velocidad a la que
circulaban los vehículos en una carretera y con estos datos se ha
obtenido la siguiente tabla: </p>
<table cellpadding="5" cellspacing="0"><caption>Intervalos de velocidad
y número de vehículos que circulan por la carretera</caption><colgroup
align="center"><col/><col/></colgroup>
<tbody>
<tr>
<td><negrita>Velocidad</negrita> <negritacursiva>X<subindice>i</subindice
></negritacursiva></td>
<td><negrita>Número de autos</negrita> <negritacursiva>f<subindice
>i</subindice></negritacursiva></td>
</tr>
<tr>
<td>[50, 60)</td>
<td>1</td>
</tr>
<tr>
<td>[60, 70)</td>
<td>4</td>
</tr>
<tr>
<td>[70, 80)</td>
<td>12</td>
</tr>
<tr>
<td>[80, 90)</td>
<td>8</td>
</tr>
<tr>
<td>[90, 100)</td>
<td>45</td>
</tr>
<tr>
<td>[100, 110)</td>
<td>50</td>
</tr>
</tbody>
</table>
<p>Con los datos recogidos se ha elaborado el siguiente histograma:</p>
<imagen src="MA_08_11_CO_IMG06">
<p>Este <negrita>histograma</negrita> recoge la información sobre
la <negrita>velocidad</negrita> a la que iban los vehículos y el <negrita
>número de vehículos</negrita> que circulaban en el mismo intervalo
de velocidades. Por tratarse de una variable continua, las barras
no pueden estar separadas.</p>
</imagen>
<p>El análisis del histograma permite responder a las siguientes preguntas:</p>
<listaSinNumerar>
<listaElemento>¿Cuántos vehículos iban a más de 90 km/h? 95 vehículos.</listaElemento>
<listaElemento>¿Cuáles han sido las velocidades mínima y máxima registradas
durante la hora en que se han tomado los datos? Velocidad máxima [100,
110) km/h, y velocidad mínima [50, 60) km/h.</listaElemento>
<listaElemento>¿Cuántos vehículos han pasado por la carretera mientras
hacíamos el estudio? 120 vehículos (1 + 4 + 12 + 8 + 45 + 50).</listaElemento>
</listaSinNumerar>
<practica>
<enlace
destino="/LoIdRedirect.aspx?LoId=MA_08_11_CO_Recurso110&amp;IdRecurso=RES-D31DF581F12F431AAFEFFF51F21B1584"
>Analiza histogramas</enlace>
</practica></seccion3Texto></seccion3></seccion2Texto></seccion2>
<seccion2 id="S2_MA_08_11_CO_0A277C3C800F42BB93A8CCF18C365544"><?Pub Dtl?>
<seccion2Titulo>Diagrama de tallos y hojas</seccion2Titulo>
<seccion2Texto>
<p>El diagrama de <negrita>tallos y hojas</negrita> es una representación
que organiza y clasifica datos cuantitativos de una misma variable,
y a la vez permite obtener una distribución de las frecuencias que
presenta la variable.  </p>
<p>Para representar el diagrama se toma el dato y se divide en dos
partes, en el que uno o algunos de sus primeros dígitos representarán
el tallo y los demás dígitos simbolizarán las hojas. Así, por ejemplo,
si se tienen las edades de tres personas: 17, 15 y 14 años, diremos
que el tallo son las decenas, en este caso es el 1, y las hojas son
las unidades, para este tallo son 7, 5 y 4. Su representación se encuentra
en la siguiente imagen.</p>
<imagen src="MA_08_11_CO_IMG07">
<p>Representación de un diagrama de tallos y hojas de la edad de tres
personas.</p>
</imagen>
<p>La siguiente tabla muestra las notas obtenidas en un examen llevado
a cabo a 20 estudiantes, en una escala del 1,0 al 5,0.</p>
<table cellpadding="5" cellspacing="0"><caption>Notas de un examen
obtenidas por 20 estudiantes</caption><colgroup align="center"><col/>
<col/><col/><col/><col/></colgroup>
<tbody>
<tr>
<td>4,5</td>
<td>3,0</td>
<td>3,0</td>
<td>3,4</td>
<td>2,6</td>
</tr>
<tr>
<td>5,0</td>
<td>1,2</td>
<td>4,2</td>
<td>3,5</td>
<td>2,4</td>
</tr>
<tr>
<td>4,8</td>
<td>2,2</td>
<td>2,8</td>
<td>1,6</td>
<td>4,0</td>
</tr>
<tr>
<td>3,9</td>
<td>4,1</td>
<td>5,0</td>
<td>2,7</td>
<td>3,8</td>
</tr>
</tbody>
</table>
<p>Si se elabora el diagrama tomando como tallos la parte entera de
cada nota y como hojas la parte decimal, se obtiene la siguiente representación:</p>
<imagen src="MA_08_11_CO_IMG08">
<p>Representación de un diagrama de tallos y hojas de las notas de
un examen obtenidas por 20 estudiantes.</p>
</imagen>
<p>El diagrama deja ver en qué rango de valores se encuentra la mayor
frecuencia de los datos, que en este caso es para las notas entre
3,0 y 3,9; además, permite estudiar si existe dispersión entre los
datos o si se concentran o tienden hacia un valor específico.</p>
</seccion2Texto></seccion2><seccion2
id="S2_MA_08_11_CO_0A277C3C800F42BB93A8CCF18C366655"><?Pub Dtl?>
<seccion2Titulo>Diagrama de caja y bigotes</seccion2Titulo>
<seccion2Texto>
<p>Es una representación gráfica que usa los<negrita> tres cuartiles</negrita
> y los valores <negrita>mínimo</negrita> y <negrita>máximo</negrita
> de los datos para visualizar un conjunto de datos sobre un rectángulo.
Se compone de un rectángulo denominado <negrita>la caja</negrita>,
y dos brazos, llamados <negrita>los bigotes</negrita>.</p>
<p>Para construir el diagrama primero se debe hallar el valor de la <negrita
>mediana</negrita> (valor de la variable que deja el mismo número
de datos antes y después de él), para luego encontrar los 2 cuartiles
restantes y el rango intercuartílico.  </p>
<p>El siguiente conjunto de datos, por ejemplo, muestra cuántos equipos
móviles vendió durante 15 días un vendedor en período de prueba.</p>
<p centrado="si">12, 8, 25, 11, 11, 23, 17, 22, 18, 16, 16, 15, 12,
19, 22.</p>
<p>Se reorganizan los datos y se tiene:</p>
<p centrado="si">8, 11, 11, <negrita>12</negrita>, 12, 15, 16, <negrita
>16</negrita>, 17, 18, 19, <negrita>22</negrita>, 22, 23, 25.</p>
<listaSinNumerar>
<listaElemento>El cuartil dos que corresponde a la mediana es: </listaElemento>
</listaSinNumerar>
<p centrado="si"><cursiva>M<subindice>e</subindice></cursiva> = <cursiva
>Q</cursiva><subindice>2</subindice> = 16</p>
<listaSinNumerar>
<listaElemento>Los cuartiles <cursiva>Q</cursiva><subindice>1</subindice
> y <cursiva>Q</cursiva><subindice>3</subindice> son:</listaElemento>
</listaSinNumerar>
<p centrado="si"><cursiva>Q</cursiva><subindice>1</subindice> = 12
y <cursiva>Q</cursiva><subindice>3</subindice> = 22</p>
<listaSinNumerar>
<listaElemento>El rango intercuartílico es:</listaElemento>
</listaSinNumerar>
<p centrado="si"><cursiva>Q</cursiva><subindice>3</subindice> – <cursiva
>Q</cursiva><subindice>1</subindice> = 22 – 12= 10</p>
<listaSinNumerar>
<listaElemento>Los datos mínimo <cursiva>x</cursiva><subindice>mín</subindice
>. y máximo <cursiva>x</cursiva><subindice>máx</subindice>. son:</listaElemento>
</listaSinNumerar>
<p centrado="si"><cursiva>x</cursiva><subindice>mín</subindice>. =
8 y <cursiva>x</cursiva><subindice>máx</subindice>. =25</p>
<p>Con todos estos datos se procede a elaborar el diagrama de caja
y bigotes.  </p>
<p>El bigote de la izquierda comprende los datos que están entre el
dato mínimo y el primer cuartil, el bigote de la derecha contiene
los datos que están entre el tercer cuartil y el dato máximo, mientras
que la caja abarca los datos ubicados entre el primer y el tercer
cuartiles.</p>
<imagen src="MA_08_11_CO_IMG09">
<p>Diagrama de caja y bigotes. El bigote de la izquierda comprende
los datos que están entre el dato mínimo y el primer cuartil, el bigote
de la derecha incluye los datos que están entre el tercer cuartil
y el dato máximo, mientras que la caja contiene los datos ubicados
entre el primero y el tercer cuartiles. </p>
</imagen>
<profundiza>
<enlace
destino="/LoIdRedirect.aspx?LoId=MA_08_11_CO_Recurso120&amp;IdRecurso=RES-434A10DC7C5D409CBE236C621C384C15"
>Los cuartiles y el diagrama de caja y bigotes</enlace>
</profundiza></seccion2Texto></seccion2><seccion2
id="S2_MA_08_11_CO_0A277C3C800F42BB93A8CCF18C367766">
<seccion2Titulo>Consolidación</seccion2Titulo>
<seccion2Texto>
<p>Actividades para consolidar lo que has aprendido en esta sección.</p>
<practica>
<enlace
destino="/LoIdRedirect.aspx?LoId=MA_08_11_CO_Recurso130&amp;IdRecurso=RES-16C3F58201EA4AF9AE556E4D684BF4F6"
>Refuerza tu aprendizaje: La representación gráfica de información
estadística</enlace>
</practica></seccion2Texto></seccion2></seccion1Texto></seccion1>
<seccion1 id="S1_MA_08_11_CO_0BC49C7DC9E04440BE5E6C3C2085EB51">
<seccion1Titulo>Las medidas estadísticas</seccion1Titulo>
<seccion1Texto>
<p>Las <negrita>medidas estadísticas</negrita> son los parámetros
que nos dan una idea global cuantitativa sobre los datos observados
y nos ayudan a resumirlos. Existen dos tipos de medidas estadísticas: </p>
<listaSinNumerar>
<listaElemento>De centralización o de posición.</listaElemento>
<listaElemento>De dispersión.</listaElemento>
</listaSinNumerar>
<seccion2 id="S2_MA_08_11_CO_0BC49C7DC9E04440BE5E6C3C20855511">
<seccion2Titulo>Las medidas estadísticas de centralización o de posición</seccion2Titulo>
<seccion2Texto>
<p>Las <negrita>medidas de centralización</negrita>, mejor conocidas
como <negrita>medidas de tendencia central</negrita>, son parámetros
estadísticos que nos proporcionan medidas que indican un <negrita
>valor central</negrita>, alrededor del cual se distribuye el resto.
Los valores de centralización más utilizados son: </p>
<listaSinNumerar>
<listaElemento>La media aritmética.</listaElemento>
<listaElemento>La mediana.</listaElemento>
<listaElemento>La moda.</listaElemento>
<listaElemento>Los cuartiles.</listaElemento>
</listaSinNumerar>
<seccion3 id="S3_MA_08_11_CO_0BC49C7DC9E04440BE5E6C3C20852266"><?Pub Dtl?>
<seccion3Titulo>La moda</seccion3Titulo>
<seccion3Texto>
<p>Llamamos <negritacursiva>moda</negritacursiva> de un conjunto de
datos al valor de <negrita>mayor frecuencia absoluta</negrita>.  </p>
<p>La moda tiene la particularidad de que es una medida que se puede
aplicar para datos cuantitativos y cualitativos, situación que no
se presenta con las otras medidas que solo aplica a datos cuantitativos.
Por ejemplo, la siguiente serie de datos corresponde a los colores
favoritos de un grupo de pintores:  </p>
<p>Rojo, verde, verde, azul, rojo, azul, rojo, amarillo, blanco. </p>
<p>La moda es el color rojo, por ser el que tiene la mayor frecuencia
absoluta de los colores citados. </p>
<p>Si dos o más valores aparecen el mismo número máximo de veces,
todos ellos se consideran modas del conjunto de datos.</p>
<listaSinNumerar>
<listaElemento>•	El siguiente conjunto de datos muestra el número
de libros que lee un grupo 15 de estudiantes al año: <cursiva>S</cursiva
> = {3, 5, 2, <negrita>8</negrita>, 7, 7, 3, 9, 12, <negrita>8</negrita
>, 4, 3 ,7, <negrita>8</negrita>, <negrita>8</negrita>}.</listaElemento>
</listaSinNumerar>
<p>El dato que presenta la mayor frecuencia o que más se repite es
8, en este caso se dice que la moda es el 8; también se puede decir
que el conjunto de datos es <negrita>unimodal</negrita>.</p>
<listaSinNumerar>
<listaElemento>En una ciudad se tomó una pequeña muestra de 10 personas
para determinar el color que más les gusta para sus autos. Los siguientes
son resultados que se obtuvieron:</listaElemento>
</listaSinNumerar>
<p><cursiva>S</cursiva> = {<negrita>gris plateado</negrita>, negro,
negro, <negrita>rojo</negrita>, <negrita>gris plateado</negrita>, <negrita
>rojo</negrita>, blanco, blanco, <negrita>rojo</negrita>, <negrita
>gris plateado</negrita>}  </p>
<p>En esta ocasión el conjunto tiene dos modas: gris plateado y rojo,
por tanto, decimos que el conjunto de datos es <negrita>bimodal</negrita
>.</p>
<destacado><destacadoTitulo>La modas</destacadoTitulo><destacadoTexto>
<p>La moda es el valor que tiene mayor frecuencia absoluta en un conjunto
de datos. El conjunto de datos puede tener una o varias modas; si
posee una moda se llama <negrita>unimodal</negrita>, si tiene dos
modas se llama <negrita>bimodal</negrita> y si cuenta con varias modas
se llama <negrita>polimodal</negrita>.</p>
</destacadoTexto></destacado></seccion3Texto></seccion3><seccion3
id="S3_MA_08_11_CO_0BC49C7DC9E04440BE5E6C3C20853377"><?Pub Dtl?>
<seccion3Titulo>La media aritmética</seccion3Titulo>
<seccion3Texto>
<p>Llamamos <negritacursiva>media aritmética</negritacursiva> de un
conjunto de datos al cociente de la suma de los valores entre la población <cursiva
>N</cursiva>. Se simboliza con la letra <cursiva>x</cursiva>, con
una barra encima: </p>
<formula alineacion="centrada" src="MA_08_11_01.gif"></formula>
<p>Por ejemplo, hemos reunido los siguientes datos sobre el número
de televisores por vivienda de 30 alumnos de una clase: 2, 2, 5, 2,
1, 4, 2, 5, 4, 1, 3, 3, 2, 2, 1, 1, 2, 2, 2, 1, 3, 4, 2, 1, 1, 2,
2, 2, 2, 2. </p>
<formula alineacion="centrada" src="MA_08_11_02.gif"></formula>
<p>Otra manera de obtener la media aritmética es adicionar los resultados
de multiplicar cada valor por su frecuencia absoluta y dividir la
suma entre el número de datos. </p>
<p><negrita>¡Atención!</negrita> Recuerda que la media puede ser un
número que no tenga sentido en el contexto real de los datos. Por
ejemplo, en este caso, está claro que nadie tiene 2,26 televisores
en su casa. </p>
<p>Para calcular la media de televisores por vivienda, tenemos que
adicionar todos los valores y dividirlos entre el número de datos:</p>
<p>Otro ejemplo claro es la forma en que usualmente obtienes la nota
definitiva de una asignatura, ya que adicionas las notas parciales
y luego divides por el total de notas. En este caso lo que estas hallando
es la <negrita>media aritmética</negrita>.</p>
<p>Si los datos se encuentran agrupados en una tabla de frecuencias,
la media la calculamos a partir de la suma del producto de cada dato
por su frecuencia y luego dividiendo por el total de datos.  </p>
<p>La siguiente tabla resume los datos recolectados acerca del número
de comparendos que se registraron durante 20 días en la ciudad de
Bogotá, por superar el límite de velocidad permitido.</p>
<table cellpadding="5" cellspacing="0"><caption>Comparendos por exceso
de velocidad</caption><colgroup align="center"><col/><col/></colgroup>
<tbody>
<tr>
<td><negritacursiva>x<subindice>i</subindice></negritacursiva></td>
<td><negritacursiva>f<subindice>i</subindice></negritacursiva></td>
</tr>
<tr>
<td>123</td>
<td>7</td>
</tr>
<tr>
<td>345</td>
<td>4</td>
</tr>
<tr>
<td>234</td>
<td>8</td>
</tr>
<tr>
<td>128</td>
<td>11</td>
</tr>
</tbody>
</table>
<p>Por tanto, el promedio aritmético lo calculamos así:</p>
<formula alineacion="centrada" src="MA_08_11_03.gif"></formula>
<formula alineacion="centrada" src="MA_08_11_04.gif"></formula>
<formula alineacion="centrada" src="MA_08_11_05.gif"></formula>
<p>Esto significa que diariamente, por incumplir esta norma, se imponen
en promedio 180 comparendos o multas de tránsito.</p>
</seccion3Texto></seccion3><seccion3
id="S3_MA_08_11_CO_0BC49C7DC9E04440BE5E6C3C20854488"><?Pub Dtl?>
<seccion3Titulo>La mediana</seccion3Titulo>
<seccion3Texto>
<p>La <negritacursiva>mediana</negritacursiva> de una serie de datos
es el valor que está <negrita>en el centro de la serie ordenada</negrita
>. Se simboliza con <negritacursiva>Me</negritacursiva>.  </p>
<p><negrita>Si el número de datos es par</negrita>, no hay un único
valor en el centro, sino dos; en este caso, calculamos la media aritmética
de los dos valores centrales. </p>
<p>Por ejemplo, si tenemos los siguientes valores del experimento
de lanzar un dado 12 veces: </p>
<p centrado="si">4, 2, 1, 1, 3, 3, 6, 5, 5, 1, 4, 5. </p>
<p>Los ordenamos:</p>
<p centrado="si">1, 1, 1, 2, 3, <negrita>3</negrita>, <negrita>4</negrita
>, 4, 5, 5, 5, 6. </p>
<p>La mediana es el valor 3,5, porque es la media aritmética de 3
y 4 que son los valores centrales. </p>
<p><negrita>Si el total de datos es un número impar</negrita>, estos
se organizan de menor a mayor y se toma el dato que se ubica en el
centro de la serie ordenada.  </p>
<p>Por ejemplo, si tenemos los siguientes datos al medir la estatura
en metros de 7 personas:   </p>
<p centrado="si">1,67 m, 1,58 m, 1,72 m, 1,62 m, 1,75 m, 1,60 m y
1,70 m.  </p>
<p>Reorganizando los datos tenemos:  </p>
<p centrado="si">1,58 m, 1,60 m, 1,62 m, <negrita>1,67 m</negrita
>, 1,70 m, 1,72 m, 1,75 m.  </p>
<p>Como el total de datos es 7, la mediana es el dato número 4 que
corresponde <negrita>1,67 m</negrita>, por tanto:  </p>
<p centrado="si"><cursiva>Me</cursiva> = 1,67 m</p>
</seccion3Texto></seccion3><seccion3
id="S3_MA_08_11_CO_0BC49C7DC9E04440BE5E6C3C20855599">
<seccion3Titulo>Los cuartiles</seccion3Titulo>
<seccion3Texto>
<p>Los <negrita>cuartiles</negrita> son tres valores que dividen un
conjunto de datos ordenados en cuatro partes iguales. Se simbolizan
con <cursiva>Q</cursiva><subindice>1</subindice>, <cursiva>Q</cursiva
><subindice>2</subindice> y <cursiva>Q</cursiva><subindice>3</subindice
>, y determinan los valores correspondientes al 25 %, al 50 % y al
75 % de los datos. <negrita>El segundo cuartil </negrita>coincide
con la <negrita>mediana</negrita>.  </p>
<p>Si reunimos y ordenamos los valores, por ejemplo, del experimento
de lanzar un dado 13 veces:</p>
<p centrado="si">1, 1, 1, 2, 3, 3, 4, 4, 5, 5, 5, 5, 6.</p>
<listaSinNumerar>
<listaElemento>El segundo cuartil <cursiva>Q</cursiva><subindice>2</subindice
> o mediana es el 4.</listaElemento>
<listaElemento>El primer cuartil es la mediana de las seis primeras
observaciones, las situadas a la izquierda de la mediana: <cursiva
>Q</cursiva><subindice>1</subindice> = (1 + 2)/2 = 1,5.</listaElemento>
<listaElemento>El tercer cuartil es la mediana de las observaciones
a la derecha de la mediana: <cursiva>Q</cursiva><subindice>3</subindice
> = (5 + 5)/2 = 5.</listaElemento>
</listaSinNumerar>
<p>Cada cuartil permite analizar cómo es el comportamiento de los
datos en cada porcentaje.</p>
<profundiza>
<enlace
destino="/LoIdRedirect.aspx?LoId=MA_08_11_CO_Recurso140&amp;IdRecurso=RES-F360692CFD2B4D3591CD2F13C7BE813A"
>Estadística con hoja de cálculo</enlace>
</profundiza><practica>
<enlace
destino="/LoIdRedirect.aspx?LoId=MA_08_11_CO_Recurso150&amp;IdRecurso=RES-EBAB0DD92BD846E2911FE97A40A6FA90"
>Calcula moda, media y mediana</enlace>
</practica></seccion3Texto></seccion3></seccion2Texto></seccion2>
<seccion2 id="S2_MA_08_11_CO_0BC49C7DC9E04440BE5E6C3C20856622">
<seccion2Titulo>Las medidas estadísticas de desviación o de dispersión</seccion2Titulo>
<seccion2Texto>
<p>Hasta ahora hemos estudiado cómo se comportan los datos a través
de su tendencia a un valor, pero estas medidas no son suficientes
para hacer un buen análisis debido a que las medidas de tendencia
central no son datos representativos para el comportamiento de los
datos en los extremos o para determinar qué tan alejados o próximos
se encuentran los datos entre sí.</p>
<p>Las <negrita>medidas de dispersión</negrita> o de <negrita>desviación</negrita
> miden cómo se encuentran agrupados los datos en torno a la media
aritmética: si la desviación es muy grande, el valor central no es
representativo del total de datos. Las medidas de dispersión más utilizadas
son: </p>
<listaSinNumerar>
<listaElemento>El rango.</listaElemento>
<listaElemento>La desviación media.</listaElemento>
<listaElemento>La varianza.</listaElemento>
<listaElemento>La desviación típica.</listaElemento>
<listaElemento>El coeficiente de variación.</listaElemento>
</listaSinNumerar>
<p>Dos valores pueden tener la misma media y ser muy diferentes, si
los valores de las variables se distribuyen de forma distinta. Fijémonos
en los dos gráficos de la ilustración: </p>
<imagen src="MA_08_11_CO_IMG10">
<p>Dos distribuciones de datos con diferentes <negrita>valores de
dispersión</negrita>.</p>
</imagen>
<p>La <negrita>media aritmética</negrita> de los valores de ambas
tablas es la misma: 5,7. En cambio, la <negrita>desviación</negrita
> o <negrita>dispersión</negrita> de los valores es mayor en la primera
que en la segunda; en la primer grafica se observa una mayor dispersión
de los datos, mientras que en la segunda la dispersión es menor.</p>
<seccion3 id="S3_MA_08_11_CO_0BC49C7DC9E04440BE5E6C3C20853377"><?Pub Dtl?>
<seccion3Titulo>El rango</seccion3Titulo>
<seccion3Texto>
<p>El <negrita>rango</negrita> o <negrita>recorrido</negrita> de un
conjunto de datos es la <negrita>diferencia</negrita> entre el <negrita
>mayor</negrita> y el <negrita>menor de los valores</negrita> de la
variable. Se simboliza con <negritacursiva>R</negritacursiva>. Vamos
a ver cómo se calcula el rango con el siguiente ejemplo:  </p>
<p>Para hacer seguimiento al control de peso de un grupo un médico
ha recolectado los datos en kg de 25 estudiantes de una clase; las
cifras obtenidas son:  </p>
<p>67, 55, 58, 59, 72, 62, 65, 70, 61, 74, 60, 64, 63, 49, 57, 62,
68, 48, 62, 58, 59, 56, 55, 57, 62. </p>
<p>Para calcular el rango debemos seguir estos pasos:</p>
<listaNumerada>
<listaElemento>Buscamos de la serie de datos los siguientes valores:<p
> •	El valor mayor: 74.</p><p> •	El valor menor: 48.</p></listaElemento>
<listaElemento>Sustraemos al valor mayor el valor menor: 74 − 48 =
26.</listaElemento>
</listaNumerada>
<p>Así, el rango de la variable estudiada es: <cursiva>R</cursiva
> = 26 kg. </p>
<p>Es importante observar que si en la serie anterior hubiéramos tenido
un peso mínimo de 42 kg, nuestro rango sería más grande: </p>
<p centrado="si">74 − 42 = 32</p>
<destacado><destacadoTitulo>Interpretación del rango</destacadoTitulo>
<destacadoTexto>
<p>Cuanto mayor es el valor del rango, más grande es la dispersión
de los datos. </p>
</destacadoTexto></destacado></seccion3Texto></seccion3><seccion3
id="S3_MA_08_11_CO_0BC49C7DC9E04440BE5E6C3C20854488"><?Pub Dtl?>
<seccion3Titulo>La desviación media</seccion3Titulo>
<seccion3Texto>
<p>Las diferencias entre cada dato y la media aritmética del grupo
se llaman <negritacursiva>desviaciones respecto a la media</negritacursiva
>. La media aritmética de los valores absolutos de estas desviaciones
es lo que llamamos <negritacursiva>desviación media</negritacursiva
>.  </p>
<p>Veamos cómo calcular la desviación media de los pesos en kilogramos
de los 25 estudiantes de una clase, si los datos son:  </p>
<p>67, 55, 58, 59, 72, 62, 65, 70, 61, 74, 60, 66, 63, 49, 57, 62,
68, 48, 62, 58, 59, 56, 55, 57, 62.</p>
<p>1.	Ordenamos los datos: </p>
<p centrado="si">48, 49, 55, 55, 56, 57, 57, 58, 58, 59, 59, 60, 61,
62, 62, 62, 62, 63, 65, 66, 67, 68, 70, 72, 74. </p>
<p>2.	Calculamos el rango de los datos: </p>
<p centrado="si"><cursiva>R</cursiva> = 74 − 48 = 26 kg </p>
<p>Creamos tres intervalos de una amplitud de 10 kg. Formamos estos
intervalos teniendo presente que el límite inferior de una clase pertenece
al intervalo, pero el límite superior se cuenta en el siguiente intervalo.
 </p>
<p>3.	Calculamos la marca de clase, es decir, la media de los extremos
de cada intervalo. Es el valor que representa a todo el intervalo
para el cálculo de parámetros.</p>
<p>4.	Anotamos los intervalos, las marcas de clase y las frecuencias
absolutas en una tabla:</p>
<table cellpadding="5" cellspacing="0"><caption>Intervalos, marca
de clase y frecuencias absolutas</caption><colgroup align="center"><col/>
<col/><col/></colgroup>
<tbody>
<tr>
<td><negrita>Intervalo</negrita></td>
<td><negrita>Marca de clase</negrita> <negritacursiva>x<subindice
>i</subindice></negritacursiva></td>
<td><negrita>Frecuencia absoluta</negrita> <negritacursiva>f<subindice
>i</subindice></negritacursiva></td>
</tr>
<tr>
<td align="left">[45, 55)</td>
<td>50</td>
<td>2</td>
</tr>
<tr>
<td align="left">[55, 65)</td>
<td>60</td>
<td>16</td>
</tr>
<tr>
<td align="left">[65, 75)</td>
<td>70</td>
<td>7</td>
</tr>
<tr>
<td align="left"><negrita>Total</negrita></td>
<td></td>
<td><negrita>25</negrita></td>
</tr>
</tbody>
</table>
<p>5.	Calculamos la media aritmética:</p>
<formula alineacion="centrada" src="MA_08_11_06.gif"></formula>
<p>6.	Calculamos las desviaciones, en valor absoluto, entre los valores
observados (como se trata de intervalos utilizamos la marca de clase)
y la media aritmética de 62 kg: </p>
<p centrado="si">|50 − 62| = |−12| = 12 </p>
<p centrado="si">|60 − 62| = |−2| = 2 </p>
<p centrado="si">|70 − 62| = |8| = 8</p>
<table cellpadding="5" cellspacing="0"><caption>Las desviaciones entre
los valores observados</caption><colgroup align="center"><col/><col/>
<col span="2"/></colgroup>
<tbody>
<tr>
<td><negrita>Intervalo</negrita></td>
<td><negrita>Marca de clase</negrita> <negritacursiva>x<subindice
>i</subindice></negritacursiva></td>
<td><negrita>Frecuencia absoluta</negrita> <negritacursiva>f<subindice
>i</subindice></negritacursiva></td>
<td><negrita>Desviaciones</negrita></td>
</tr>
<tr>
<td>[45, 55)</td>
<td>50</td>
<td>2</td>
<td>12</td>
</tr>
<tr>
<td>[55, 65)</td>
<td>60</td>
<td>16</td>
<td>2</td>
</tr>
<tr>
<td>[65, 75)</td>
<td>70</td>
<td>7</td>
<td>8</td>
</tr>
<tr>
<td><negrita>Total</negrita></td>
<td></td>
<td><negrita>25</negrita></td>
<td></td>
</tr>
</tbody>
</table>
<p>7.	Multiplicamos las desviaciones obtenidas por su frecuencia absoluta.</p>
<table cellpadding="5" cellspacing="0"><caption>El producto de las
desviaciones por la frecuencia absoluta</caption><colgroup
align="center"><col/><col/><col span="3"/></colgroup>
<tbody>
<tr>
<td><negrita>Intervalo</negrita></td>
<td><negrita>Marca de clase</negrita> <negritacursiva>x<subindice
>i</subindice></negritacursiva></td>
<td><negrita>Frecuencia absoluta</negrita> <negritacursiva>f<subindice
>i</subindice></negritacursiva></td>
<td><negrita>Desviaciones</negrita></td>
<td><negrita>Producto de las desviaciones por</negrita><negritacursiva
> f<subindice>i</subindice></negritacursiva></td>
</tr>
<tr>
<td>[45, 55)</td>
<td>50</td>
<td>2</td>
<td>12</td>
<td>24</td>
</tr>
<tr>
<td>[55, 65)</td>
<td>60</td>
<td>16</td>
<td>2</td>
<td>32</td>
</tr>
<tr>
<td>[65, 75)</td>
<td>70</td>
<td>7</td>
<td>8</td>
<td>56</td>
</tr>
<tr>
<td><negrita>Total</negrita></td>
<td></td>
<td><negrita>25</negrita></td>
<td></td>
<td><negrita>112</negrita></td>
</tr>
</tbody>
</table>
<p>8.	Calculamos la media aritmética de los valores absolutos de las
desviaciones respecto a la media aritmética, es decir, el cociente
entre la desviación total, 112 (la suma de los valores absolutos de
las desviaciones de todos los valores), y el número de datos (25). </p>
<p centrado="si">112/25 = 4,48 kg </p>
<p>Así pues, 4,48 kg es la desviación media del conjunto de valores
observados.</p>
<destacado><destacadoTitulo>Interpretación de la desviación media</destacadoTitulo>
<destacadoTexto>
<p>Cuanto mayor es la desviación media, más grande es la dispersión
de los valores de la muestra.</p>
</destacadoTexto></destacado></seccion3Texto></seccion3><seccion3
id="S3_MA_08_11_CO_0BC49C7DC9E04440BE5E6C3C20855599"><?Pub Dtl?>
<seccion3Titulo>La varianza</seccion3Titulo>
<seccion3Texto>
<p>La <negrita>varianza</negrita> de un conjunto de valores es la
media aritmética de los cuadrados de las desviaciones de esos valores
respecto a la media aritmética. Se simboliza con la letra griega sigma
minúscula, elevada al cuadrado: σ<superindice>2</superindice>.  </p>
<p>En el cálculo de la desviación media, usamos los valores absolutos
de las sucesivas diferencias para conseguir números positivos. Otra
posibilidad para obtener números positivos habría sido <negrita>elevar
al cuadrado las diferencias obtenidas</negrita>.</p>
<listaSinNumerar>
<listaElemento>Revisemos la varianza para el ejemplo de las notas
de un estudiante, si los datos son:</listaElemento>
</listaSinNumerar>
<p centrado="si">4, 3, 2, 5 y 4,5. </p>
<p>La media aritmética es: </p>
<p centrado="si">(4,0 +  3,0 + 2,0 + 5,0 + 4,5)/5 = 3,7  </p>
<p>Sus desviaciones medias son respectivamente:</p>
<formula alineacion="centrada" src="MA_08_11_07.gif"></formula>
<formula alineacion="centrada" src="MA_08_11_08.gif"></formula>
<p>Luego el valor de la varianza en este caso es <negrita>1,16</negrita
>.</p>
<listaSinNumerar>
<listaElemento>Si deseamos calcular la varianza de los datos recogidos
en esta tabla:</listaElemento>
</listaSinNumerar>
<table cellpadding="5" cellspacing="0"><caption>Cuadrado de las desviaciones</caption>
<colgroup align="center"><col/><col/><col span="3"/></colgroup>
<tbody>
<tr>
<td><negrita>Intervalo</negrita></td>
<td><negrita>Marca de clase</negrita> <negritacursiva>x<subindice
>i</subindice></negritacursiva></td>
<td><negrita>Frecuencia absoluta</negrita> <negritacursiva>f<subindice
>i</subindice></negritacursiva></td>
<td><negrita>Desviaciones</negrita></td>
<td><negrita>Cuadrado de las desviaciones</negrita></td>
</tr>
<tr>
<td>[45, 55)</td>
<td>50</td>
<td>2</td>
<td>12</td>
<td>144</td>
</tr>
<tr>
<td>[55, 65)</td>
<td>60</td>
<td>16</td>
<td>2</td>
<td>4</td>
</tr>
<tr>
<td>[65, 75)</td>
<td>70</td>
<td>7</td>
<td>8</td>
<td>64</td>
</tr>
<tr>
<td><negrita>Total</negrita></td>
<td></td>
<td><negrita>25</negrita></td>
<td></td>
<td></td>
</tr>
</tbody>
</table>
<p>Calculamos la media aritmética:</p>
<formula alineacion="centrada" src="MA_08_11_09.gif"></formula>
<p>Si realizamos la media aritmética de los cuadrados, obtenemos la
varianza σ<superindice>2</superindice>:</p>
<table cellpadding="5" cellspacing="0"><caption>Producto del cuadrado
de las desviaciones por la frecuencia absoluta</caption><colgroup
align="center"><col/><col/><col span="4"/></colgroup>
<tbody>
<tr>
<td><negrita>Intervalo</negrita></td>
<td><negrita>Marca de clase</negrita> <negritacursiva>x<subindice
>i</subindice></negritacursiva></td>
<td><negrita>Frecuencia absoluta</negrita> <negritacursiva>f<subindice
>i</subindice></negritacursiva></td>
<td><negrita>Desviaciones</negrita></td>
<td><negrita>Cuadrado de las desviaciones</negrita></td>
<td><negrita>Producto del cuadrado de las desviaciones por </negrita
><negritacursiva>f<subindice>i</subindice></negritacursiva></td>
</tr>
<tr>
<td>[45, 55)</td>
<td>50</td>
<td>2</td>
<td>12</td>
<td>144</td>
<td>288</td>
</tr>
<tr>
<td>[55, 65)</td>
<td>60</td>
<td>16</td>
<td>2</td>
<td>4</td>
<td>64</td>
</tr>
<tr>
<td>[65, 75)</td>
<td>70</td>
<td>7</td>
<td>8</td>
<td>64</td>
<td>448</td>
</tr>
<tr>
<td><negrita>Total</negrita></td>
<td></td>
<td><negrita>25</negrita></td>
<td></td>
<td></td>
<td><negrita>800</negrita></td>
</tr>
</tbody>
</table>
<formula alineacion="centrada" src="MA_08_11_10.gif"></formula>
</seccion3Texto></seccion3><seccion3
id="S3_MA_08_11_CO_0BC49C7DC9E04440BE5E6C3C20856600"><?Pub Dtl?>
<seccion3Titulo>La desviación típica</seccion3Titulo>
<seccion3Texto>
<p>La <negrita>desviación típica</negrita> es la raíz cuadrada de
la varianza σ<superindice>2</superindice>. Se simboliza con σ. A diferencia
de la varianza, la desviación típica se expresa en las mismas unidades
que las usadas al hacer las observaciones.  </p>
<p>Por ejemplo, si tenemos una varianza σ<superindice>2</superindice
> = 32, la desviación típica será:</p>
<formula alineacion="centrada" src="MA_08_11_11.gif"></formula>
<p>Una distribución de resultados se considera normal si un 68 % del
total está comprendido entre los números:</p>
<formula alineacion="centrada" src="MA_08_11_12.gif"></formula>
<p>En el ejemplo, el 68 % de los datos tendrían que estar entre: </p>
<p centrado="si">62 − 5,66 = 56,34 y 62 + 5,66 = 67,66 El 68 % de
25 es 17. </p>
<p>Por tanto, tendría que haber 17 datos comprendidos entre los valores
mencionados. En el ejemplo hay 16, que representan un 64 %, por lo
que hay un poco más de desviación de la que se considera habitual. </p>
<destacado><destacadoTitulo>Aplicaciones de la desviación típica</destacadoTitulo>
<destacadoTexto>
<p>La desviación típica sirve para medir el grado de dispersión. </p>
<p>Cuando dos distribuciones tienen la misma media, la desviación
típica nos indica lo alejados que están los valores respecto a este
valor.</p>
</destacadoTexto></destacado></seccion3Texto></seccion3><seccion3
id="S3_MA_08_11_CO_0BC49C7DC9E04440BE5E6C3C20857711">
<seccion3Titulo>El coeficiente de variación</seccion3Titulo>
<seccion3Texto>
<p>El <negrita>coeficiente de variación</negrita> es el cociente de
la desviación típica entre la media. Se simboliza con <negritacursiva
>C<subindice>v</subindice></negritacursiva>. Cuando comparamos dos
distribuciones, la que tiene mayor coeficiente de variación es también
la que tiene mayor dispersión.</p>
<formula alineacion="centrada" src="MA_08_11_13.gif"></formula>
<p>Utilizamos el coeficiente de variación cuando tenemos dos distribuciones
heterogéneas con distinta media y queremos <negrita>compararlas</negrita
> para saber la dispersión de sus valores. Se expresa como un porcentaje
(%). </p>
<listaSinNumerar>
<listaElemento>Vamos a calcular el coeficiente de variación conociendo
la desviación típica (σ = 6,7) y la media de una distribución (media
aritmética: 170,55). </listaElemento>
</listaSinNumerar>
<p><cursiva>C<subindice>v</subindice></cursiva> = 6,7 : 170,55 = 0,04,
que equivale aproximadamente a un 4 %.</p>
<listaSinNumerar>
<listaElemento>Vamos a calcular el coeficiente de variación si se
conocen la desviación típica y la media del siguiente conjunto de
datos:</listaElemento>
</listaSinNumerar>
<p centrado="si">4, 3, 2, 5 y 4,5.  </p>
<p>La desviación típica es σ = 3,7, y la media aritmética: 1,15. Luego
su coeficiente de variación es:</p>
<formula alineacion="centrada" src="MA_08_11_14.gif"></formula>
<p>Es decir que la variación de los datos es de aproximadamente un
31 % respecto a la media.</p>
<profundiza>
<enlace
destino="/LoIdRedirect.aspx?LoId=MA_08_11_CO_Recurso170&amp;IdRecurso=RES-8AD2A038F0764380A8AA2ECFE9A68267"
>Las aplicaciones de la desviación media</enlace>
</profundiza><practica>
<enlace
destino="/LoIdRedirect.aspx?LoId=MA_08_11_CO_Recurso180&amp;IdRecurso=RES-CD98F80C8403440DA90631DB4A50C2F0"
>Determina la varianza</enlace>
</practica><profundiza>
<enlace
destino="/LoIdRedirect.aspx?LoId=MA_08_11_CO_Recurso190&amp;IdRecurso=RES-A58205C7C9EE4CF19FC55301C3CC1E1E"
>Aplicaciones de la desviación típica. Coeficiente de variación</enlace>
</profundiza><practica>
<enlace
destino="/LoIdRedirect.aspx?LoId=MA_08_11_CO_Recurso200&amp;IdRecurso=RES-C756594C398F46A3A941912CC5E7C648"
>Calcula la desviación típica</enlace>
<enlace
destino="/LoIdRedirect.aspx?LoId=MA_08_11_CO_Recurso210&amp;IdRecurso=RES-5097C8889F5F4B91B812A29BED3CE9FE"
>Calcula los coeficientes de variación</enlace>
<enlace
destino="/LoIdRedirect.aspx?LoId=MA_08_11_CO_Recurso220&amp;IdRecurso=RES-4170080130B840729C7F42523B91C0B1"
>Practica las medidas de posición y las medidas de dispersión</enlace>
</practica></seccion3Texto></seccion3></seccion2Texto></seccion2>
<seccion2 id="S2_MA_08_11_CO_0BC49C7DC9E04440BE5E6C3C20857733">
<seccion2Titulo><?Pub Dtl?>Consolidación</seccion2Titulo>
<seccion2Texto><?Pub Dtl?>
<p><?Pub Dtl?>Actividades para consolidar lo que has aprendido en
esta sección.</p>
<practica><?Pub Dtl?>
<enlace
destino="/LoIdRedirect.aspx?LoId=MA_08_11_CO_Recurso230&amp;IdRecurso=RES-AC3A2E27D93D42528657971D5933ABEA"
><?Pub Dtl?>Refuerza tu aprendizaje: Las medidas estadísticas</enlace>
</practica></seccion2Texto></seccion2></seccion1Texto></seccion1>
<seccion1 id="S1_MA_08_11_CO_FC78FF1E118D45E09209AC539AC7E147"><?Pub Dtl?>
<seccion1Titulo>Competencias</seccion1Titulo>
<seccion1Texto>
<p>Pon a prueba tus capacidades y aplica lo aprendido con estos recursos.</p>
<practica>
<enlace
destino="/LoIdRedirect.aspx?LoId=MA_08_11_CO_Recurso240&amp;IdRecurso=RES-8EF74856694D403AAF7000A795036628"
>Competencias: estudio de las variables estadísticas</enlace>
</practica></seccion1Texto></seccion1><masinformacion
id="MI_MA_08_11_CO_733B5BD0B9CA4D85AB5F21A34D5EEE75"><mapaconceptual>
<enlace
destino="/LoIdRedirect.aspx?LoId=MA_08_11_CO_Recurso270&amp;IdRecurso=RES-FF559D18B7514E618D12317D9552BA3A"
>Mapa Conceptual</enlace></mapaconceptual><autoevaluate><enlace
destino="/LoIdRedirect.aspx?LoId=MA_08_11_CO_Recurso280&amp;IdRecurso=RES-6BFDD29D301A4937848E3F1A5A313BEF"
>Evaluación</enlace></autoevaluate><enlacesreferencia>
<enlace
destino="http://www.aulafacil.com/cursos/l11213/ciencia/estadisticas/estadisticas/introduccion-a-la-estadistica-descriptiva"
>Aula fácil</enlace>
<enlace
destino="http://www.ditutor.com/estadistica/estadistica_descriptiva.html"
>Estadística descriptiva</enlace>
<enlace destino="http://www.vitutor.net/2/11/medidas_dispersion.html"
>Medidas de dispersión</enlace>
</enlacesreferencia></masinformacion></libro>
