﻿<?xml version="1.0" encoding="utf-8"?><motor tipo="4" clase="a" aprid="m4a"><plataforma><grado><![CDATA[2]]></grado><titulo>Halla la ecuación de la parábola</titulo><area>0</area><nivel>3</nivel><referencia /><idreg><![CDATA[0]]></idreg><motor><![CDATA[M4A]]></motor><lang>es_co</lang></plataforma><enunciado><![CDATA[A partir de las características dadas y selecciona la ecuación de la parábola correspondiente. ]]></enunciado><masinfo inicio="0" /><sinaleatoriedad><![CDATA[0]]></sinaleatoriedad><calc><![CDATA[1]]></calc><respuestaunica><![CDATA[1]]></respuestaunica><test cantidad="10"><cuestion><enunciado><![CDATA[Foco en (2, 5) y directriz {{cur}}y {{normal}}= 1.]]></enunciado><explicacion /><imagen /><ampliacion /><respuestas><respuesta contestacion="({{cur}}x{{normal}} – 2)² = 8({{cur}}y{{normal}} – 3)" correcta="1" /><respuesta contestacion="({{cur}}x{{normal}} – 2) = 8({{cur}}y{{normal}} – 3)²" correcta="0" /><respuesta contestacion="({{cur}}x{{normal}} – 3) = 8({{cur}}y{{normal}} – 2)²" correcta="0" /><respuesta contestacion="({{cur}}x{{normal}} – 3)² = 8({{cur}}y{{normal}} – 2)" correcta="0" /></respuestas></cuestion><cuestion><enunciado><![CDATA[Foco en (0, –¼) y directriz en {{cur}}y{{normal}} = ¼]]></enunciado><explicacion /><imagen /><ampliacion /><respuestas><respuesta contestacion="{{cur}}y{{normal}} = –{{cur}}x{{normal}}²" correcta="1" /><respuesta contestacion="{{cur}}y{{normal}} = {{cur}}x{{normal}}²" correcta="0" /><respuesta contestacion="{{cur}}y{{normal}} = –({{cur}}x{{normal}} + 1)²" correcta="0" /><respuesta contestacion="{{cur}}y{{normal}} = ({{cur}}x{{normal}} – 1)²" correcta="0" /></respuestas></cuestion><cuestion><enunciado><![CDATA[Foco en (2, 0) y vértice en (0, 0)]]></enunciado><explicacion /><imagen /><ampliacion /><respuestas><respuesta contestacion="{{cur}}y{{normal}}² = 8{{cur}}x{{normal}}" correcta="1" /><respuesta contestacion="{{cur}}y{{normal}}² = –8{{cur}}x{{normal}}" correcta="0" /><respuesta contestacion="{{cur}}y{{normal}}² = ({{cur}}x{{normal}} – 8)" correcta="0" /><respuesta contestacion="{{cur}}y{{normal}}² = ({{cur}}x{{normal}} + 8)" correcta="0" /></respuestas></cuestion><cuestion><enunciado><![CDATA[Foco en (3, 4), directriz {{cur}}y{{normal}} = 0 y vértice en (3, 2) ]]></enunciado><explicacion /><imagen /><ampliacion /><respuestas><respuesta contestacion="({{cur}}x{{normal}} – 3)² = 8({{cur}}y{{normal}} – 2)" correcta="1" /><respuesta contestacion="({{cur}}x{{normal}} – 3)² = 8({{cur}}y{{normal}} + 2)" correcta="0" /><respuesta contestacion="({{cur}}x{{normal}} + 3)² = 8({{cur}}y{{normal}} – 2)" correcta="0" /><respuesta contestacion="({{cur}}x{{normal}} + 3)² = 8({{cur}}y{{normal}} + 2)" correcta="0" /></respuestas></cuestion><cuestion><enunciado><![CDATA[Foco en (0, –7/10) y directriz {{cur}}y{{normal}} = 7/10]]></enunciado><explicacion /><imagen /><ampliacion /><respuestas><respuesta contestacion="15{{cur}}x{{normal}}² = –42{{cur}}y{{normal}}" correcta="1" /><respuesta contestacion="15{{cur}}y{{normal}}² = –42{{cur}}x{{normal}}" correcta="0" /><respuesta contestacion="15{{cur}}x{{normal}}² = 42{{cur}}y{{normal}}" correcta="0" /><respuesta contestacion="–15{{cur}}x{{normal}}² = 42{{cur}}y{{normal}}" correcta="0" /></respuestas></cuestion><cuestion><enunciado><![CDATA[Vértice en (0, 0) y directriz {{cur}}y{{normal}} = 4]]></enunciado><explicacion /><imagen /><ampliacion /><respuestas><respuesta contestacion="{{cur}}x{{normal}}² = –16{{cur}}y{{normal}}" correcta="1" /><respuesta contestacion="{{cur}}x{{normal}}² = 16{{cur}}y{{normal}}" correcta="0" /><respuesta contestacion="16{{cur}}x{{normal}} = {{cur}}y{{normal}}²" correcta="0" /><respuesta contestacion="16{{cur}}x{{normal}}² = {{cur}}y{{normal}}" correcta="0" /></respuestas></cuestion><cuestion><enunciado><![CDATA[Foco en (0, 5) y directriz {{cur}}y{{normal}} = –5]]></enunciado><explicacion /><imagen /><ampliacion /><respuestas><respuesta contestacion="20{{cur}}y{{normal}} = {{cur}}x{{normal}}²" correcta="1" /><respuesta contestacion="20{{cur}}y{{normal}} = –{{cur}}x{{normal}}²" correcta="0" /><respuesta contestacion="–20{{cur}}y{{normal}} = {{cur}}x{{normal}}²" correcta="0" /><respuesta contestacion="{{cur}}y{{normal}} = 20{{cur}}x{{normal}}²" correcta="0" /></respuestas></cuestion><cuestion><enunciado><![CDATA[Foco en (–2, 5) y vértice en (–2, 2)]]></enunciado><explicacion /><imagen /><ampliacion /><respuestas><respuesta contestacion="12({{cur}}y{{normal}} – 2) = ({{cur}}x{{normal}} + 2)²" correcta="1" /><respuesta contestacion="12({{cur}}y{{normal}} – 2)² = ({{cur}}x{{normal}} + 2)" correcta="0" /><respuesta contestacion="12({{cur}}y{{normal}} + 2)² = ({{cur}}x{{normal}} – 2)" correcta="0" /><respuesta contestacion="12({{cur}}y{{normal}} + 2) = ({{cur}}x{{normal}} – 2)²" correcta="0" /></respuestas></cuestion><cuestion><enunciado><![CDATA[Foco en (1, ½) y vertice en (1, –1)]]></enunciado><explicacion /><imagen /><ampliacion /><respuestas><respuesta contestacion="{{cur}}x{{normal}}² – 2{{cur}}x{{normal}} – 6{{cur}}y{{normal}} – 5 = 0" correcta="1" /><respuesta contestacion="{{cur}}x{{normal}}² + 2{{cur}}x{{normal}} + 6{{cur}}y{{normal}} + 5 = 0" correcta="0" /><respuesta contestacion="6{{cur}}x{{normal}}² – 12{{cur}}x{{normal}} – 30 = {{cur}}y{{normal}}" correcta="0" /><respuesta contestacion="{{cur}}x{{normal}}² – ⅓{{cur}}x{{normal}} – ⅗ = {{cur}}y{{normal}}" correcta="0" /></respuestas></cuestion><cuestion><enunciado><![CDATA[Foco en (3, 9/4) y vértice en (3, 2)]]></enunciado><explicacion /><imagen /><ampliacion /><respuestas><respuesta contestacion="{{cur}}y{{normal}} = {{cur}}x{{normal}}² – 6x + 11" correcta="1" /><respuesta contestacion="{{cur}}y{{normal}} = {{cur}}x{{normal}}² + 6x – 11" correcta="0" /><respuesta contestacion="{{cur}}y{{normal}} = –{{cur}}x{{normal}}² + 6x – 11" correcta="0" /><respuesta contestacion="{{cur}}y{{normal}} = –{{cur}}x{{normal}}² – 6x + 11" correcta="0" /></respuestas></cuestion></test></motor>