<?xml version='1.0' encoding='UTF-8'?><mapa aprid="mapa">
  <copyright>(c) Editorial Planeta</copyright>
  <version>1.0</version>
  <botonMapaConceptual>mostrar</botonMapaConceptual>
  <botonMapaMudo>ocultar</botonMapaMudo>
  <botonMudo>0</botonMudo>
  <objeto>
    <ref>00</ref>
    <texto>Aplicaciones de la proporcionalidad</texto>
    <hijos>10</hijos>
    <padre/>
    <siz>0</siz>
    <negcur>000000000000000000000000000000000000</negcur>
    <cen>1</cen>
    <img/>
    <audio/>
  </objeto>
  <objeto>
    <ref>10</ref>
    <texto/>
    <hijos>22,21,20</hijos>
    <padre>00</padre>
    <siz>14</siz>
    <negcur/>
    <cen>1</cen>
    <img/>
    <audio/>
  </objeto>
  <objeto>
    <ref>20</ref>
    <texto>Porcentajes</texto>
    <hijos>31,30</hijos>
    <padre>10</padre>
    <siz>0</siz>
    <negcur>000000000000</negcur>
    <cen>1</cen>
    <img/>
    <audio/>
  </objeto>
  <objeto>
    <ref>21</ref>
    <texto>Repartos
proporcionales</texto>
    <hijos>32</hijos>
    <padre>10</padre>
    <siz>0</siz>
    <negcur>000000000000000000000000</negcur>
    <cen>1</cen>
    <img/>
    <audio/>
  </objeto>
  <objeto>
    <ref>22</ref>
    <texto>Regla de tres</texto>
    <hijos>33</hijos>
    <padre>10</padre>
    <siz>0</siz>
    <negcur>000000000000000</negcur>
    <cen>1</cen>
    <img/>
    <audio/>
  </objeto>
  <objeto>
    <ref>30</ref>
    <texto>se simboliza</texto>
    <hijos>40</hijos>
    <padre>20</padre>
    <siz>0</siz>
    <negcur>0000000000000</negcur>
    <cen>1</cen>
    <img/>
    <audio/>
  </objeto>
  <objeto>
    <ref>40</ref>
    <texto>%</texto>
    <hijos/>
    <padre>30</padre>
    <siz>0</siz>
    <negcur>0</negcur>
    <cen>1</cen>
    <img/>
    <audio/>
  </objeto>
  <objeto>
    <ref>31</ref>
    <texto>usan</texto>
    <hijos>41</hijos>
    <padre>20</padre>
    <siz>0</siz>
    <negcur>0000</negcur>
    <cen>1</cen>
    <img/>
    <audio/>
  </objeto>
  <objeto>
    <ref>41</ref>
    <texto>proporcionalidad 
directa</texto>
    <hijos>50</hijos>
    <padre>31</padre>
    <siz>0</siz>
    <negcur>00000000000000000000000000</negcur>
    <cen>1</cen>
    <img/>
    <audio/>
  </objeto>
  <objeto>
    <ref>50</ref>
    <texto>para</texto>
    <hijos>61,60</hijos>
    <padre>41</padre>
    <siz>0</siz>
    <negcur>0000</negcur>
    <cen>1</cen>
    <img/>
    <audio/>
  </objeto>
  <objeto>
    <ref>60</ref>
    <texto>calcular
intereses</texto>
    <hijos>70</hijos>
    <padre>50</padre>
    <siz>0</siz>
    <negcur>0000000000000000000</negcur>
    <cen>1</cen>
    <img/>
    <audio/>
  </objeto>
  <objeto>
    <ref>61</ref>
    <texto>calcular el tanto
por ciento de una
cantidad</texto>
    <hijos/>
    <padre>50</padre>
    <siz>0</siz>
    <negcur>000000000000000000000000000000000000000000000</negcur>
    <cen>1</cen>
    <img/>
    <audio/>
  </objeto>
  <objeto>
    <ref>70</ref>
    <texto>a través de</texto>
    <hijos>81,80</hijos>
    <padre>60</padre>
    <siz>0</siz>
    <negcur>000000000000</negcur>
    <cen>1</cen>
    <img/>
    <audio/>
  </objeto>
  <objeto>
    <ref>80</ref>
    <texto>interés
compuesto</texto>
    <hijos/>
    <padre>70</padre>
    <siz>0</siz>
    <negcur>000000000000000000</negcur>
    <cen>1</cen>
    <img/>
    <audio/>
  </objeto>
  <objeto>
    <ref>81</ref>
    <texto>interés
simple</texto>
    <hijos/>
    <padre>70</padre>
    <siz>0</siz>
    <negcur>000000000000000</negcur>
    <cen>1</cen>
    <img/>
    <audio/>
  </objeto>
  <objeto>
    <ref>32</ref>
    <texto>de dos tipos</texto>
    <hijos>43,42</hijos>
    <padre>21</padre>
    <siz>0</siz>
    <negcur>0000000000000</negcur>
    <cen>1</cen>
    <img/>
    <audio/>
  </objeto>
  <objeto>
    <ref>42</ref>
    <texto>inversamente
proporcionales</texto>
    <hijos/>
    <padre>32</padre>
    <siz>0</siz>
    <negcur>0000000000000000000000000000</negcur>
    <cen>1</cen>
    <img/>
    <audio/>
  </objeto>
  <objeto>
    <ref>43</ref>
    <texto>directamente
proporcionales</texto>
    <hijos/>
    <padre>32</padre>
    <siz>0</siz>
    <negcur>0000000000000000000000000000</negcur>
    <cen>1</cen>
    <img/>
    <audio/>
  </objeto>
  <objeto>
    <ref>33</ref>
    <texto>puede ser</texto>
    <hijos>45,44</hijos>
    <padre>22</padre>
    <siz>0</siz>
    <negcur>00000000000</negcur>
    <cen>1</cen>
    <img/>
    <audio/>
  </objeto>
  <objeto>
    <ref>44</ref>
    <texto>compuesta</texto>
    <hijos>51</hijos>
    <padre>33</padre>
    <siz>0</siz>
    <negcur>000000000</negcur>
    <cen>1</cen>
    <img/>
    <audio/>
  </objeto>
  <objeto>
    <ref>45</ref>
    <texto>simple</texto>
    <hijos>52</hijos>
    <padre>33</padre>
    <siz>0</siz>
    <negcur>000000</negcur>
    <cen>1</cen>
    <img/>
    <audio/>
  </objeto>
  <objeto>
    <ref>51</ref>
    <texto>con</texto>
    <hijos>62</hijos>
    <padre>44</padre>
    <siz>0</siz>
    <negcur>000</negcur>
    <cen>1</cen>
    <img/>
    <audio/>
  </objeto>
  <objeto>
    <ref>62</ref>
    <texto>tres o más
magnitudes</texto>
    <hijos>71</hijos>
    <padre>51</padre>
    <siz>0</siz>
    <negcur>0000000000000000000000</negcur>
    <cen>1</cen>
    <img/>
    <audio/>
  </objeto>
  <objeto>
    <ref>71</ref>
    <texto>pueden ser</texto>
    <hijos>83,82</hijos>
    <padre>62</padre>
    <siz>0</siz>
    <negcur>00000000000</negcur>
    <cen>1</cen>
    <img/>
    <audio/>
  </objeto>
  <objeto>
    <ref>82</ref>
    <texto>inversamente
proporcionales</texto>
    <hijos/>
    <padre>71</padre>
    <siz>0</siz>
    <negcur>0000000000000000000000000000</negcur>
    <cen>1</cen>
    <img/>
    <audio/>
  </objeto>
  <objeto>
    <ref>83</ref>
    <texto>directamente
proporcionales</texto>
    <hijos/>
    <padre>71</padre>
    <siz>0</siz>
    <negcur>0000000000000000000000000000</negcur>
    <cen>1</cen>
    <img/>
    <audio/>
  </objeto>
  <objeto>
    <ref>52</ref>
    <texto>con</texto>
    <hijos>63,65</hijos>
    <padre>45</padre>
    <siz>0</siz>
    <negcur>000</negcur>
    <cen>1</cen>
    <img/>
    <audio/>
  </objeto>
  <objeto>
    <ref>65</ref>
    <texto>dos magnitudes
inversamente
proporcionales</texto>
    <hijos/>
    <padre>52</padre>
    <siz>0</siz>
    <negcur>0000000000000000000000000000000000000000000</negcur>
    <cen>1</cen>
    <img/>
    <audio/>
  </objeto>
  <objeto>
    <ref>63</ref>
    <texto>dos magnitudes
directamente
proporcionales</texto>
    <hijos/>
    <padre>52</padre>
    <siz>0</siz>
    <negcur>0000000000000000000000000000000000000000000</negcur>
    <cen>1</cen>
    <img/>
    <audio/>
  </objeto>
</mapa>