﻿<?xml version="1.0" encoding="utf-8"?><motor tipo="10" clase="b" aprid="m10b"><plataforma><grado><![CDATA[2]]></grado><titulo>Clasifica fracciones</titulo><area>0</area><nivel>1</nivel><referencia /><idreg><![CDATA[0]]></idreg><motor><![CDATA[M10B]]></motor><lang>es</lang></plataforma><enunciado><![CDATA[Clasifica las siguientes fracciones, arrastrándolas al lugar correcto. ]]></enunciado><masinfo inicio="0" /><sinaleatoriedad><![CDATA[0]]></sinaleatoriedad><calc><![CDATA[0]]></calc><textoacategoria cantidad="3"><cuestion><categoria><![CDATA[Fracciones propias]]></categoria><respuestas><respuesta id="1" ruta="MA_06_05_CO_REC70_IMG01.png" /><respuesta id="2" ruta="MA_06_05_CO_REC70_IMG02.png" /><respuesta id="3" ruta="MA_06_05_CO_REC70_IMG03.png" /></respuestas></cuestion><cuestion><categoria><![CDATA[Fracciones impropias]]></categoria><respuestas><respuesta id="1" ruta="MA_06_05_CO_REC70_IMG04.png" /><respuesta id="2" ruta="MA_06_05_CO_REC70_IMG05.png" /><respuesta id="3" ruta="MA_06_05_CO_REC70_IMG06.png" /></respuestas></cuestion><cuestion><categoria><![CDATA[Fracciones iguales a la unidad]]></categoria><respuestas><respuesta id="1" ruta="MA_06_05_CO_REC70_IMG07.png" /><respuesta id="2" ruta="MA_06_05_CO_REC70_IMG08.png" /><respuesta id="3" ruta="MA_06_05_CO_REC70_IMG09.png" /></respuestas></cuestion></textoacategoria></motor>