﻿<?xml version="1.0" encoding="utf-8"?><motor tipo="4" clase="a" aprid="M4a">
  <plataforma>
    <grado><![CDATA[2]]></grado>
    <titulo>Resuelve problemas sobre cilindros y conos</titulo>
    <area>3</area>
    <nivel><![CDATA[2]]></nivel>
    <referencia><![CDATA[MT_08_10_01]]></referencia>
    <idreg><![CDATA[2370]]></idreg>
    <motor><![CDATA[M4A]]></motor>
    <lang>es</lang>
  </plataforma>
  <enunciado><![CDATA[Lee con atención el enunciado y selecciona la respuesta correcta.]]></enunciado>
  <masinfo inicio="0"/>
  <sinaleatoriedad><![CDATA[0]]></sinaleatoriedad>
  <calc><![CDATA[1]]></calc>
  <respuestaunica><![CDATA[1]]></respuestaunica>
  <test cantidad="6">
    <cuestion>
      <enunciado><![CDATA[Calcula el área lateral de un cono cuya generatriz y circunferencia de la base miden 6,5 m y 10,5 m, respectivamente.]]></enunciado>
      <explicacion/>
      <imagen/>
      <respuestas>
        <respuesta contestacion="34,125 m²" correcta="1"/>
        <respuesta contestacion="64,25 m²" correcta="0"/>
        <respuesta contestacion="40,237 m²" correcta="0"/>
      </respuestas>
    </cuestion>
    <cuestion>
      <enunciado><![CDATA[Calcula la generatriz del cono cuya área lateral y radio miden 7,25 dm² y 0,4 dm, respectivamente.]]></enunciado>
      <explicacion/>
      <imagen/>
      <respuestas>
        <respuesta contestacion="57,7 m" correcta="0"/>
        <respuesta contestacion="0,577 m" correcta="1"/>
        <respuesta contestacion="5,77 m" correcta="0"/>
      </respuestas>
    </cuestion>
    <cuestion>
      <enunciado><![CDATA[Calcula el área total del cono cuya generatriz y diámetro de la base miden 65 mm y 36,93 mm, respectivamente.]]></enunciado>
      <explicacion/>
      <imagen/>
      <respuestas>
        <respuesta contestacion="48,41 mm{{sup}}2{{normal}}" correcta="0"/>
        <respuesta contestacion="4841,76 mm{{sup}}2{{normal}}" correcta="1"/>
        <respuesta contestacion="4,84 mm{{sup}}2{{normal}}" correcta="0"/>
      </respuestas>
    </cuestion>
    <cuestion>
      <enunciado><![CDATA[Calcula el área total del cilindro recto de 6 cm de altura y 4 cm de radio.]]></enunciado>
      <explicacion/>
      <imagen/>
      <respuestas>
        <respuesta contestacion="251,38 cm²" correcta="1"/>
        <respuesta contestacion="150,797 cm²" correcta="0"/>
        <respuesta contestacion="100,53 cm²" correcta="0"/>
      </respuestas>
    </cuestion>
    <cuestion>
      <enunciado><![CDATA[Calcula la altura del cilindro recto cuya área lateral y circunferencia de la base son 150 cm² y 28 cm, respectivamente.]]></enunciado>
      <explicacion/>
      <imagen/>
      <respuestas>
        <respuesta contestacion="53,6 cm" correcta="0"/>
        <respuesta contestacion="5,36 cm" correcta="1"/>
        <respuesta contestacion="10,72 cm" correcta="0"/>
      </respuestas>
    </cuestion>
    <cuestion>
      <enunciado><![CDATA[Calcula el radio del cilindro recto cuya área lateral y altura son 364 cm² y 18 cm, respectivamente.]]></enunciado>
      <explicacion/>
      <imagen/>
      <respuestas>
        <respuesta contestacion="1,61 cm" correcta="0"/>
        <respuesta contestacion="6,44 cm" correcta="0"/>
        <respuesta contestacion="3,22 cm" correcta="1"/>
      </respuestas>
    </cuestion>
  </test>
</motor>