﻿<?xml version="1.0" encoding="utf-8"?>
<motor tipo="5" clase="d" aprid="m5d">
  <plataforma>
    <grado><![CDATA[2]]></grado>
    <titulo>Practica las propiedades de la mltiplicación de números naturales</titulo>
    <area>0</area>
    <nivel>2</nivel>
    <referencia />
    <idreg><![CDATA[0]]></idreg>
    <motor><![CDATA[M5D]]></motor>
    <lang>es</lang>
  </plataforma>
  <enunciado><![CDATA[Resuelve cada situación y en cada caso selecciona la respuesta correcta.]]></enunciado>
  <masinfo inicio="0" />
  <sinaleatoriedad><![CDATA[0]]></sinaleatoriedad>
  <calc><![CDATA[0]]></calc>
  <respuestaunica><![CDATA[1]]></respuestaunica>
  <test cantidad="5">
    <cuestion>
      <enunciado><![CDATA[Andrea invita a sus amigas Diana y Marcela, y cada una come una hamburguesa, una gaseosa y una torta. Si paga con un billete de $20 000, ¿cuánto dinero le devuelven?]]></enunciado>
      <explicacion />
      <texto><![CDATA[En la nueva tienda escolar han generado la siguiente lista de precios de los productos que allí se ofrecen. PRODUCTO                    PRECIOHamburguesa                    $ 4000Ensalada de frutas            $ 2800Jugo natural                      $ 2500Perro Caliente                   $ 3 500Vaso de gaseosa              $ 1 000Torta                                 $ 1 500Galletas                            $ 600]]></texto>
      <respuestas>
        <respuesta contestacion="$1500" correcta="0" />
        <respuesta contestacion="$ 500" correcta="1" />
        <respuesta contestacion="Le faltan $500" correcta="0" />
        <respuesta contestacion="No le sobra nada." correcta="0" />
      </respuestas>
    </cuestion>
    <cuestion>
      <enunciado><![CDATA[La tienda regala unas galletas cuando un estudiante compra un perro caliente y un jugo natural. ¿Cuánto ahorrará alguién que compre esta opción de lunes a viernes? ]]></enunciado>
      <explicacion />
      <texto><![CDATA[En la nueva tienda escolar han generado la siguiente lista de precios de los productos que allí se ofrecen. PRODUCTO                    PRECIOHamburguesa                    $ 4000Ensalada de frutas            $ 2800Jugo natural                      $ 2500Perro Caliente                   $ 3 500Vaso de gaseosa              $ 1 000Torta                                 $ 1 500Galletas                            $ 600]]></texto>
      <respuestas>
        <respuesta contestacion="$500 " correcta="0" />
        <respuesta contestacion="$600 " correcta="0" />
        <respuesta contestacion="$3000 " correcta="1" />
        <respuesta contestacion="$30 000" correcta="0" />
      </respuestas>
    </cuestion>
    <cuestion>
      <enunciado><![CDATA[Esteban compra en la tienda diariamente una comida rápida y una bebida. ¿Cuántas opciones de menú tiene para variar? ¿Cuánto gasta con la más económica?]]></enunciado>
      <explicacion />
      <texto><![CDATA[En la nueva tienda escolar han generado la siguiente lista de precios de los productos que allí se ofrecen. PRODUCTO                    PRECIOHamburguesa                    $ 4 000Ensalada de frutas            $ 2 800Jugo natural                      $ 2 500Perro Caliente                   $ 3 500Vaso de gaseosa              $ 1 000Torta                                 $ 1 500Galletas                            $ 600]]></texto>
      <respuestas>
        <respuesta contestacion="2 opciones y $5500" correcta="0" />
        <respuesta contestacion="3 opciones y $4500" correcta="0" />
        <respuesta contestacion="3 opciones y $6000" correcta="0" />
        <respuesta contestacion="4 opciones y $4500" correcta="1" />
      </respuestas>
    </cuestion>
    <cuestion>
      <enunciado><![CDATA[¿Cuánto gastará el grupo de amigos en la librería?]]></enunciado>
      <explicacion />
      <texto><![CDATA[Ana y sus amigos van a la librería. Ana quiere comprar una trilogía (tres libros) de novelas románticas, Manuela ,espera poder conseguir 2 libros de aventura, Miguel, quiere una saga de 7 libros de ciencia ficción y Mauricio, está ansioso de conseguir la colección especial de cuentos colombianos que consta de 4 volúmenes. Cada libro cuesta $42 000.]]></texto>
      <respuestas>
        <respuesta contestacion="$792 000" correcta="0" />
        <respuesta contestacion="$672 000" correcta="1" />
        <respuesta contestacion="$546 000" correcta="0" />
        <respuesta contestacion="$762 000" correcta="0" />
      </respuestas>
    </cuestion>
    <cuestion>
      <enunciado><![CDATA[La librería tiene una oferta especial el fin de semana: las trilogías y colecciones especiales costarán $99 000 sin importar el autor. ¿Cuánto se ahorrará Ana en cada libro?]]></enunciado>
      <explicacion />
      <texto><![CDATA[Ana y sus amigos van a la librería. Ana quiere comprar una trilogía (tres libros) de novelas románticas, Manuela, espera poder conseguir 2 libros de aventura, Miguel, quiere una saga de 7 libros de ciencia ficción y Mauricio, está ansioso de conseguir la colección especial de cuentos colombianos que consta de 4 volúmenes. Cada libro sin importar su género o tamaño cuesta $42 000.]]></texto>
      <respuestas>
        <respuesta contestacion="$6000" correcta="0" />
        <respuesta contestacion="$7000" correcta="0" />
        <respuesta contestacion="$8500" correcta="0" />
        <respuesta contestacion="$9000" correcta="1" />
      </respuestas>
    </cuestion>
  </test>
</motor>