﻿<?xml version="1.0" encoding="utf-8"?>
<motor tipo="4" clase="a" aprid="m4a">
  <plataforma>
    <grado><![CDATA[2]]></grado>
    <titulo>Practica situaciones con números reales en notación científica</titulo>
    <area>0</area>
    <nivel>2</nivel>
    <referencia />
    <idreg><![CDATA[0]]></idreg>
    <motor><![CDATA[M4A]]></motor>
    <lang>es</lang>
  </plataforma>
  <enunciado><![CDATA[Selecciona la respuesta correcta.]]></enunciado>
  <masinfo inicio="0" />
  <sinaleatoriedad><![CDATA[0]]></sinaleatoriedad>
  <calc><![CDATA[1]]></calc>
  <respuestaunica><![CDATA[1]]></respuestaunica>
  <test cantidad="4">
    <cuestion>
      <enunciado><![CDATA[La distancia de la Tierra a la Luna es 2,14 × 10 {{sup}}5{{normal}} millas. Si una nave viaja a 1,2 × 10³ millas por hora, ¿cuántas horas transcurren en un viaje de la Tierra a la Luna? ]]></enunciado>
      <explicacion><![CDATA[Se divide la distancia por la velocidad y el resultado se expresa en notación decimal.]]></explicacion>
      <imagen />
      <respuestas>
        <respuesta contestacion="3 horas" correcta="0" />
        <respuesta contestacion="300 horas" correcta="0" />
        <respuesta contestacion="2 horas" correcta="0" />
        <respuesta contestacion="200 horas" correcta="1" />
      </respuestas>
    </cuestion>
    <cuestion>
      <enunciado><![CDATA[Un explorador viaja a una velocidad de 2 × 10³ km/h. De la Tierra a Venus invirtió 2,1 × 10{{sup}}4{{normal}} horas. ¿Cuántos km hay de la Tierra a Venus según el recorrido del explorador?  ]]></enunciado>
      <explicacion><![CDATA[Se multiplica la velocidad del explorador por el tiempo que invirtió y el resultado se expresa en notación decimal.]]></explicacion>
      <imagen />
      <respuestas>
        <respuesta contestacion="42 km" correcta="0" />
        <respuesta contestacion="105 000 000 km" correcta="0" />
        <respuesta contestacion="105 km" correcta="0" />
        <respuesta contestacion="42 000 000 km" correcta="1" />
      </respuestas>
    </cuestion>
    <cuestion>
      <enunciado><![CDATA[Si se imprimieron 1,23 × 10{{sup}}4{{normal}}  billetes de $1000, pero por un error gráfico salieron 2,1 × 10² defectuosos, ¿cuántos billetes salieron bien?  ]]></enunciado>
      <explicacion><![CDATA[La potencia de la cantidad de billetes malos se convierte a base 10 con exponente 4; estos se sustraen de los que se imprimieron;  el resultado se da en notación decimal. ]]></explicacion>
      <imagen />
      <respuestas>
        <respuesta contestacion="12 090" correcta="1" />
        <respuesta contestacion="1,209" correcta="0" />
        <respuesta contestacion="87 000" correcta="0" />
        <respuesta contestacion="8,7" correcta="0" />
      </respuestas>
    </cuestion>
    <cuestion>
      <enunciado><![CDATA[En marzo se pusieron en circulación 2,3 × 10{{sup}}5{{normal}} nuevas monedas de $100, en febrero 1,5 × 10{{sup}}4{{normal}} y en diciembre 4,3 × 10{{sup}}6{{normal}}. ¿Cuántas monedas de $100 circularon en estos tres meses?]]></enunciado>
      <explicacion><![CDATA[Las potencias de las cantidades de monedas de marzo, febrero y diciembre se expresan en base 10 con exponente 6 y se adicionan los tres resultados.]]></explicacion>
      <imagen />
      <respuestas>
        <respuesta contestacion="0,4545 × 10{{sup}}6{{normal}} monedas" correcta="0" />
        <respuesta contestacion="4545 × 10{{sup}}6{{normal}} monedas" correcta="0" />
        <respuesta contestacion="45,45 × 10{{sup}}6{{normal}} monedas" correcta="0" />
        <respuesta contestacion="4,545 × 10{{sup}}6{{normal}} monedas" correcta="1" />
      </respuestas>
    </cuestion>
  </test>
</motor>