﻿<?xml version="1.0" encoding="UTF-8"?>
<?xml-stylesheet href="cuadernoestudio/dtd/libro.xslt" type="text/xsl"?>
<!--Arbortext, Inc., 1988-2015, v.4002-->
<!DOCTYPE libro SYSTEM "cuadernoestudio/dtd/libro.dtd">
<libro id="MA_06_08_CO">
<libroTitulo>Operaciones con números decimales</libroTitulo>
<seccion1 id="S1_MA_06_08_CO_68B9069F81BB4A09AC30694D02AA093F">
<seccion1Titulo>La adición y la sustracción de números decimales</seccion1Titulo>
<seccion1Texto>
<p>La adición y la sustracción son operaciones básicas que también
se plantean en números decimales; sus algoritmos son similares a los
de los números naturales.   </p>
<p>Se puede adicionar o sustraer números decimales como si fueran
naturales, teniendo cuidado de hacerlo siempre con los mismos órdenes
de unidad: unidades con unidades, decenas con decenas, décimas con
décimas, centésimas con centésimas, etc. Para ello, se organizan los
sumandos de manera que las comas decimales queden alineadas verticalmente.
  </p>
<p>Ejemplo 1  </p>
<p>Para adicionar 4,86 y 0,124 se escriben los números uno debajo
del otro, alineando las comas; de esta manera se pueden ubicar las
unidades con unidades, decenas con decenas, décimas con décimas, etc.
Luego, se adicionan los valores en cada orden de magnitud de derecha
a izquierda, y se escribe en el resultado la coma alineada verticalmente. </p>
<imagen src="MA_06_08_IMG01">
<p>Algoritmo de la adición de números decimales.</p>
</imagen>
<p>Para sustraer números decimales se debe tener en cuenta que los
dos términos deben tener el mismo número de cifras decimales; cuando
sea necesario se deben escribir ceros a la derecha.   </p>
<p>Ejemplo 2  </p>
<p>Para desarrollar la sustracción 9,1 – 2,26 se ubica el sustraendo
debajo del minuendo, alineando las comas verticalmente y se completan
los espacios faltantes con ceros a la derecha de la última cifra decimal,
como lo muestra la imagen. </p>
<imagen src="MA_06_08_IMG02">
<p>Algoritmo de la sustracción de números decimales.</p>
</imagen>
<profundiza>
<enlace
destino="/LoIdRedirect.aspx?LoId=MA_06_08_CO_Recurso010&amp;IdRecurso=RES-BA979C51F8474157AE7DB80DB2646AA6"
>La adición y la sustracción de números decimales</enlace>
</profundiza><practica>
<enlace
destino="/LoIdRedirect.aspx?LoId=MA_06_08_CO_Recurso020&amp;IdRecurso=RES-886D892CBB174C7481FEB0B496D95482"
>Practica la adición y la sustracción de números decimales</enlace>
</practica>
<p>La adición de números decimales también cumple las propiedades
de la adición.</p>
<listaSinNumerar>
<listaElemento><negrita>Propiedad conmutativa</negrita>. El orden
de los sumandos no afecta el resultado. <p>Ejemplo</p></listaElemento>
</listaSinNumerar>
<formula alineacion="centrada" src="MA_06_08_001.gif"></formula>
<listaSinNumerar>
<listaElemento><negrita>Propiedad asociativa</negrita>. Para sumar
más de dos números decimales, el modo de agrupar los sumandos no varía
el resultado.  <p>Ejemplo</p></listaElemento>
</listaSinNumerar>
<formula alineacion="centrada" src="MA_06_08_002.gif"></formula>
<listaSinNumerar>
<listaElemento><negrita>Propiedad modulativa</negrita>. El 0 es el
elemento neutro de la adición, ya que al adicionarlo con cualquier
cantidad, esta no cambia.  <p>Ejemplo</p></listaElemento>
</listaSinNumerar>
<formula alineacion="centrada" src="MA_06_08_003.gif"></formula>
<practica>
<enlace
destino="/LoIdRedirect.aspx?LoId=MA_06_08_CO_Recurso040&amp;IdRecurso=RES-092BECB28DD2431B91F58930521EFCA5"
>Practica adiciones y sustracciones con números decimales</enlace>
<enlace
destino="/LoIdRedirect.aspx?LoId=MA_06_08_CO_Recurso050&amp;IdRecurso=RES-003935769EE443F9AF2C2D38C05E9434"
>Resuelve problemas de adición y sustracción de números decimales</enlace>
<enlace
destino="/LoIdRedirect.aspx?LoId=MA_06_08_CO_Recurso060&amp;IdRecurso=RES-37710572AEFF45EB8A3F54608B7FEBF8"
>Analiza situaciones de adición y sustracción con números decimales</enlace>
</practica><seccion2
id="S2_MA_06_08_CO_05E6C48144D54CD080AC48D4E1C4A927"><?Pub Dtl?>
<seccion2Titulo>Consolidacion</seccion2Titulo>
<seccion2Texto>
<p>Actividades para afianzar lo que has aprendido en esta sección.</p>
<practica>
<enlace
destino="/LoIdRedirect.aspx?LoId=MA_06_08_CO_Recurso070&amp;IdRecurso=RES-210DD39EC3AB4CABBCE841436B58552C"
>Refuerza tu aprendizaje: La adición y la sustracción de números decimales</enlace>
</practica></seccion2Texto></seccion2></seccion1Texto></seccion1>
<seccion1 id="S1_MA_06_08_CO_AD2795F7374E4DDE8B8CEDE144B34702">
<seccion1Titulo>La multiplicación de decimales </seccion1Titulo>
<seccion1Texto>
<p>Para multiplicar números decimales se multiplican como si se tratara
de números naturales, y en el resultado se escribe la coma decimal
tantos lugares desde la derecha, como cifras decimales sumen los dos
factores.   </p>
<p>Ejemplo  </p>
<p>Para resolver la multiplicación entre 5,3 y 0,25 el procedimiento
es el siguiente.</p>
<imagen src="MA_06_08_IMG03">
<p>Algoritmo de la multiplicación de números decimales.</p>
</imagen>
<p>Para multiplicar un número decimal por la unidad seguida de ceros
(10, 100, 1000) se desplaza la coma hacia la derecha tantos lugares
como ceros acompañen a la unidad; se añaden ceros si es necesario.
  </p>
<p>Ejemplo</p>
<listaSinNumerar>
<listaElemento>Resolver la multiplicación entre 0,75 y 100. <formula
alineacion="centrada" src="MA_06_08_004.gif"></formula><p>Se desplaza
la coma dos lugares.</p>  </listaElemento>
<listaElemento>Resolver la multiplicaciín entre 0,75 y 1000.  <formula
alineacion="centrada" src="MA_06_08_005.gif"></formula><p>Para desplazar
la coma tres lugares hay que agregar un cero (0).</p></listaElemento>
</listaSinNumerar>
<profundiza>
<enlace
destino="/LoIdRedirect.aspx?LoId=MA_06_08_CO_Recurso080&amp;IdRecurso=RES-C5F96437202E4661A9435818350D9175"
>La multiplicación de números decimales</enlace>
</profundiza><practica>
<enlace
destino="/LoIdRedirect.aspx?LoId=MA_06_08_CO_Recurso090&amp;IdRecurso=RES-0FD91DA74A6B4710B36BD64A664F7BAA"
>Practica la multiplicación de números decimales</enlace>
</practica>
<p>La multiplicación de números decimales cumple con las siguientes
propiedades.</p>
<listaSinNumerar>
<listaElemento><negrita>Propiedad conmutativa</negrita>. El orden
de los factores no varía el resultado.  <p>Ejemplo</p><formula
alineacion="centrada" src="MA_06_08_006.gif"></formula></listaElemento>
<listaElemento><negrita>Propiedad asociativa</negrita>. Para multiplicar
más de dos números decimales, el modo de agrupar los factores no varía
el resultado.  <p>Ejemplo.</p><formula alineacion="centrada"
src="MA_06_08_007.gif"></formula></listaElemento>
<listaElemento><negrita>Propiedad modulativa</negrita>. El 1 es el <negrita
>módulo</negrita> o <negrita>elemento neutro</negrita> de la multiplicación,
ya que cualquier número multiplicado por 1 es él mismo. <p>Ejemplo</p
> <formula alineacion="centrada" src="MA_06_08_008.gif"></formula
></listaElemento>
<listaElemento><negrita>Propiedad distributiva de la multiplicación
respecto de la adición o de la sustracción</negrita>. La multiplicación
de un número por la adición (o sustracción) de otros dos es igual
a la adición (o sustracción) de los productos de cada término de la
operación por el número que la multiplica.  <p>Ejemplo</p><formula
alineacion="centrada" src="MA_06_08_009.gif"></formula></listaElemento>
</listaSinNumerar>
<profundiza>
<enlace
destino="/LoIdRedirect.aspx?LoId=MA_06_08_CO_Recurso100&amp;IdRecurso=RES-4E139F9272194E29A1A2349ECA62C29B"
>Propiedades de la multiplicación de decimales</enlace>
</profundiza><practica>
<enlace
destino="/LoIdRedirect.aspx?LoId=MA_06_08_CO_Recurso110&amp;IdRecurso=RES-3D69D01EFC8246E38C070E73EC9FF1BC"
>Aplica la multiplicación de decimales para resolver situaciones</enlace>
</practica><seccion2
id="S2_MA_06_08_CO_A6AA42ECCD9B419F806D223C50622BF8">
<seccion2Titulo>Consolidación</seccion2Titulo>
<seccion2Texto>
<p>Actividades para afianzar lo que has aprendido en esta sección.</p>
<practica>
<enlace
destino="/LoIdRedirect.aspx?LoId=MA_06_08_CO_Recurso120&amp;IdRecurso=RES-0685837A908149A19EB030676AC36A49"
>Refuerza tu aprendizaje: La multiplicación de números decimales</enlace>
</practica></seccion2Texto></seccion2></seccion1Texto></seccion1>
<seccion1 id="S1_MA_06_08_CO_FC61586760364E3BADDE84A1F5E1FB00">
<seccion1Titulo>La división de números decimales</seccion1Titulo>
<seccion1Texto>
<p>Para dividir números decimales se debe tener en cuenta el tipo
de números que son el divisor y el dividendo; así, se tienen tres
casos diferentes.</p>
<listaSinNumerar>
<listaElemento>Dividendo número decimal y divisor número natural.</listaElemento>
<listaElemento>Dividendo número natural y divisor número decimal.</listaElemento>
<listaElemento>Dividendo y divisor números decimales. </listaElemento>
</listaSinNumerar>
<profundiza>
<enlace
destino="/LoIdRedirect.aspx?LoId=MA_06_08_CO_Recurso130&amp;IdRecurso=RES-58868CFB1BF1420BB0B03D700B0B369D"
>La división de números decimales</enlace>
</profundiza><seccion2
id="S2_MA_06_08_CO_FC61586760364E3BADDE84A1F5E18833"><?Pub Dtl?>
<seccion2Titulo>La división de un número decimal entre un número natural</seccion2Titulo>
<seccion2Texto>
<p>Cuando el dividendo es un número decimal y el divisor es un número
natural, la división se hace como si se tratara de números naturales,
pero en el cociente se pone una coma al bajar la primera cifra decimal.
 </p>
<p>Ejemplo.   </p>
<p>Para desarrollar la división de 23,2 entre 4 el procedimiento es
el siguiente.</p>
<imagen src="MA_06_08_IMG04">
<p>La segunda cifra del cociente va detrás de la coma porque se ha
encontrado tras bajar el 2, que es la primera cifra decimal del dividendo. </p>
</imagen>
<p>Si el divisor es la unidad seguida de ceros (10, 100, 1000), la
división es más sencilla: basta con desplazar la coma hacia la izquierda
tantos lugares como ceros tenga la unidad; se añaden ceros si es necesario.
  </p>
<p>Ejemplo</p>
<listaSinNumerar>
<listaElemento>Resolver la división entre 7,5 y 10.<formula
alineacion="centrada" src="MA_06_08_010.gif"></formula><p>Se desplaza
la coma un lugar a la izquierda.</p></listaElemento>
<listaElemento>Resolver la división ente 2,7 y 1000.<formula
alineacion="centrada" src="MA_06_08_011.gif"></formula><p>Se desplaza
la coma tres lugares a la derecha; por eso hay que agregar dos ceros.</p
></listaElemento>
</listaSinNumerar>
<practica>
<enlace
destino="/LoIdRedirect.aspx?LoId=MA_06_08_CO_Recurso140&amp;IdRecurso=RES-700C3A8F3E444E99AA3644878F4AC8A9"
>Practica la división de un número decimal entre un número natural</enlace>
</practica></seccion2Texto></seccion2><seccion2
id="S2_MA_06_08_CO_FC61586760364E3BADDE84A1F5E19944"><?Pub Dtl?>
<seccion2Titulo>La división de un número natural entre un número decimal</seccion2Titulo>
<seccion2Texto>
<p>Si el dividendo es un número natural y el divisor es un número
decimal, es necesario suprimir la coma decimal para que la división
se transforme en una división entre números naturales. Para ello,
se debe multiplicar ambos números (dividendo y divisor) por 10, 100,
1000, etc., según convenga.  </p>
<p>Ejemplo </p>
<p>Resolver la división de 2560 entre 1,6.  </p>
<p>Como el divisor tiene una cifra decimal, es necesario multiplicar
los dos números por 10 para transformar la división en una equivalente
pero con números naturales.</p>
<formula alineacion="centrada" src="MA_06_08_013.gif"></formula>
<formula alineacion="centrada" src="MA_06_08_014.gif"></formula>
<formula alineacion="centrada" src="MA_06_08_015.gif"></formula>
<practica>
<enlace
destino="/LoIdRedirect.aspx?LoId=MA_06_08_CO_Recurso150&amp;IdRecurso=RES-D8E82722A3784898B9A2E428D2CEF526"
>Practica la división de un número natural entre un decimal</enlace>
</practica></seccion2Texto></seccion2><seccion2
id="S2_MA_06_08_CO_FC61586760364E3BADDE84A1F5E10055"><?Pub Dtl?>
<seccion2Titulo>La división entre dos números decimales</seccion2Titulo>
<seccion2Texto>
<p>Si tanto el dividendo como el divisor son números decimales, se
suprime la coma del divisor y se desplaza la coma del dividendo tantos
lugares a la derecha como cifras decimales tenía el divisor.  </p>
<p>Luego, se resuelve la división teniendo en cuenta que ahora el
divisor es un número natural.   </p>
<p>Ejemplo </p>
<p>Resolver la división de 17,48 entre 3,8.</p>
<imagen src="MA_06_08_IMG05">
<p>Se desplaza la coma del dividendo un lugar a la derecha, pues el
divisor tenía una cifra decimal.</p>
</imagen>
<practica>
<enlace
destino="/LoIdRedirect.aspx?LoId=MA_06_08_CO_Recurso160&amp;IdRecurso=RES-4BF7E19795BD486E8A0F8B2A10ACE3B0"
>Resuelve divisiones entre dos números decimales</enlace>
</practica>
<p>La división de números decimales cumple con las siguientes propiedades.</p>
<listaSinNumerar>
<listaElemento><negrita>Propiedad modulativa</negrita>. El número
1 es el elemento neutro de la división, ya que si se divide cualquier
número entre 1, el resultado es el mismo número.   <p>Ejemplo</p><formula
alineacion="centrada" src="MA_06_08_016.gif"></formula></listaElemento>
<listaElemento><negrita>Propiedad distributiva de la división respecto
de la adición o la sustracción</negrita>. La división de una adición
(o una sustracción) de decimales entre otro decimal equivale a la
adición (o la sustracción) de la división del primer elemento y la
división del segundo elemento.   <p>Ejemplo </p> <formula
alineacion="centrada" src="MA_06_08_015.gif"></formula><p centrado="si"
> (7,5 – 6,4) ÷ 3,12 = (7,5 ÷ 3,12) – (6,4 ÷ 3,12)</p></listaElemento>
</listaSinNumerar>
<recuerda><recuerdaTexto>
<p>La división no cumple las propiedades conmutativa ni asociativa</p>
</recuerdaTexto></recuerda></seccion2Texto></seccion2><seccion2
id="S2_MA_06_08_CO_FC61586760364E3BADDE84A1F5E11166">
<seccion2Titulo>Consolidación</seccion2Titulo>
<seccion2Texto>
<p>Actividades para afianzar lo que has aprendido en esta sección.</p>
<practica>
<enlace
destino="/LoIdRedirect.aspx?LoId=MA_06_08_CO_Recurso180&amp;IdRecurso=RES-5FB51CDE357547059447D29D771E22F8"
>Refuerza tu aprendizaje: La división de números decimales</enlace>
</practica></seccion2Texto></seccion2></seccion1Texto></seccion1>
<seccion1 id="S1_MA_06_08_CO_D647769D8A24429A9B257C75EC5FE140">
<seccion1Titulo>El redondeo de resultados con decimales</seccion1Titulo>
<seccion1Texto>
<p>Al hacer operaciones con números decimales muchas veces se obtienen
resultados con un gran número de cifras en la parte decimal, lo que
dificulta el cálculo. En algunos de estos casos se debe aproximar
su valor, es decir, elegir un número lo más cercano posible al valor
decimal, pero con menos cifras.  </p>
<p>El método más frecuente para aproximar valores es el redondeo. </p>
<recuerda><recuerdaTexto>
<p>Para aproximar números decimales por redondeo, si la unidad decimal
posterior a la que se quiere redondear es:</p>
<listaSinNumerar>
<listaElemento>mayor o igual que 5, se aumenta en una unidad la unidad
decimal anterior.</listaElemento>
<listaElemento>menor, no se varía. </listaElemento>
</listaSinNumerar>
<p>En los dos casos se prescinde de las cifras de orden de magnitud
más pequeño.</p>
</recuerdaTexto></recuerda>
<p>Ejemplo  </p>
<p>Teresa fue a visitar a su tía en Cali. Recorrió 189,63 km en total,
sin hacer ninguna parada en el camino, y tardó en llegar exactamente
3,4 horas. ¿A qué velocidad media condujo? </p>
<destacado><destacadoTitulo>Velocidad media </destacadoTitulo>
<destacadoTexto>
<p>La velocidad media, conocida también como velocidad promedio, es
igual al cociente entre la distancia total recorrida y el tiempo que
tarda en transitarla.  </p>
<p>La unidad para expresar la velocidad media es km/h</p>
</destacadoTexto></destacado>
<p>Para hallar la velocidad media con la que condujo Teresa se debe
desarrollar la división entre 189,63 y 4,3.</p>
<formula alineacion="centrada" src="MA_06_08_019.gif"></formula>
<p>Sin embargo, para dar el resultado es común y adecuado que se utilicen
uno o dos decimales.</p>
<listaSinNumerar>
<listaElemento>Para expresar la respuesta con un decimal se aproxima
el resultado a las décimas: La velocidad media a la que condujo Teresa
fue: 55,8 km/h</listaElemento>
<listaElemento>Para expresar la respuesta con dos decimales se aproxima
a las centésimas:  La velocidad media a la que condujo Teresa fue
55,77 km/h</listaElemento>
</listaSinNumerar>
<practica>
<enlace
destino="/LoIdRedirect.aspx?LoId=MA_06_08_CO_Recurso190&amp;IdRecurso=RES-1D4774E23C3D4647BBA838587D9AAD2A"
>Practica el redondeo de números decimales</enlace>
<enlace
destino="/LoIdRedirect.aspx?LoId=MA_06_08_CO_Recurso200&amp;IdRecurso=RES-1C43F6F5538747798DAFA94B4F193909"
>Resuelve problemas y redondea el resultado</enlace>
</practica><seccion2
id="S2_MA_06_08_CO_D647769D8A24429A9B257C75EC5F1144">
<seccion2Titulo>Consolidación</seccion2Titulo>
<seccion2Texto>
<p>Actividades para afianzar lo que has aprendido en esta sección.</p>
<practica>
<enlace
destino="/LoIdRedirect.aspx?LoId=MA_06_08_CO_Recurso210&amp;IdRecurso=RES-1185312F567E4B25A9F018ACADD51C42"
>Refuerza tu aprendizaje: El redondeo de números decimales</enlace>
</practica></seccion2Texto></seccion2></seccion1Texto></seccion1>
<seccion1 id="S1_MA_06_08_CO_D3D6C984D4EA4266918A9BFD054B6563">
<seccion1Titulo>Las operaciones combinadas</seccion1Titulo>
<seccion1Texto>
<p>En la resolución de operaciones combinadas con números decimales
se debe proceder según esta jerarquía.</p>
<listaNumerada>
<listaElemento>Se resuelven las operaciones contenidas entre paréntesis
o corchetes, de la más interna a la más externa.</listaElemento>
<listaElemento>Se calculan las multiplicaciones y las divisiones de
izquierda a derecha.</listaElemento>
<listaElemento>Se resuelven las adiciones y las sustracciones de izquierda
a derecha.</listaElemento>
</listaNumerada>
<p>Ejemplo Para resolver la expresión aritmética:  </p>
<formula alineacion="centrada" src="MA_06_08_020.gif"></formula>
<listaNumerada>
<listaElemento>1. Se resuelven las operaciones de los paréntesis,
empezando desde los más internos.  <formula alineacion="centrada"
src="MA_06_08_021.gif"></formula><formula alineacion="centrada"
src="MA_06_08_022.gif"></formula></listaElemento>
<listaElemento>  2. Se resuelven las multiplicaciones y divisiones
de izquierda derecha.  <formula alineacion="centrada"
src="MA_06_08_023.gif"></formula><p>En este punto del desarrollo de
la expresión aritmética es pertinente redondear el resultado de la
división para realizar el cálculo de la adición.   </p><p>Como el
segundo sumando tiene tres cifras decimales, es adecuado aproximar
el cociente a las milésimas, así: </p><formula alineacion="centrada"
src="MA_06_08_024.gif"></formula></listaElemento>
<listaElemento>  3. Finalmente, se resuelven las adiciones y sustracciones
de izquierda a derecha.   <p centrado="si">3,127</p><p>La respuesta
final es:</p><formula alineacion="centrada" src="MA_06_08_025.gif">
</formula></listaElemento>
</listaNumerada>
<profundiza>
<enlace
destino="/LoIdRedirect.aspx?LoId=MA_06_08_CO_Recurso220&amp;IdRecurso=RES-C58A1CD77B8D47E9A8FD8FD425C7B9F7"
>Operaciones combinadas con números decimales</enlace>
</profundiza><practica>
<enlace
destino="/LoIdRedirect.aspx?LoId=MA_06_08_CO_Recurso230&amp;IdRecurso=RES-D1847923FFBE422C8246A51113D8D04E"
>Practica operaciones combinadas con decimales</enlace>
<enlace
destino="/LoIdRedirect.aspx?LoId=MA_06_08_CO_Recurso240&amp;IdRecurso=RES-9087EBB476D9436A9197CF924002B736"
>Resuelve operaciones combinadas con números decimales</enlace>
<enlace
destino="/LoIdRedirect.aspx?LoId=MA_06_08_CO_Recurso260&amp;IdRecurso=RES-673880380E5C49FCAD07F78467047839"
>Resuelve problemas mediante operaciones combinadas</enlace>
</practica><seccion2
id="S2_MA_06_08_CO_D3D6C984D4EA4266918A9BFD054B7788">
<seccion2Titulo>Consolidación</seccion2Titulo>
<seccion2Texto>
<p>Actividades para afianzar lo que has aprendido en esta sección.</p>
<practica>
<enlace
destino="/LoIdRedirect.aspx?LoId=MA_06_08_CO_Recurso280&amp;IdRecurso=RES-0671C05738FB401DBEDDE3CE02200B3A"
>Refuerza tu aprendizaje: Las operaciones combinadas</enlace>
</practica></seccion2Texto></seccion2></seccion1Texto></seccion1>
<seccion1 id="S1_MA_06_08_CO_A82A31AFA9864FB1877276E7C8F831D2"><?Pub Dtl?>
<seccion1Titulo>Competencias</seccion1Titulo>
<seccion1Texto>
<p>Pon a prueba tus capacidades y aplica lo aprendido con estos recursos.</p>
<practica>
<enlace
destino="/LoIdRedirect.aspx?LoId=MA_06_08_CO_Recurso290&amp;IdRecurso=RES-78C6E9BC78D84546BA15BE50D50E7F82"
>Competencias: los números decimales en el deporte</enlace>
<enlace
destino="/LoIdRedirect.aspx?LoId=MA_06_08_CO_Recurso300&amp;IdRecurso=RES-EE59FFDA9CD94B01B8AE311774FB9BED"
>Proyecto: el peso y la talla</enlace>
</practica></seccion1Texto></seccion1><masinformacion
id="MI_MA_06_08_CO_1C79B81DC872456CA2E1A34B651DFBF9"><mapaconceptual>
<enlace
destino="/LoIdRedirect.aspx?LoId=MA_06_08_CO_Recurso320&amp;IdRecurso=RES-D15511AD0AEC4D68B5D1744FDBD5FA8A"
>Mapa Conceptual</enlace></mapaconceptual><autoevaluate><enlace
destino="/LoIdRedirect.aspx?LoId=MA_06_08_CO_Recurso330&amp;IdRecurso=RES-825BFF30FB4D40A7A3ADB539857EB20A"
>Evaluación</enlace></autoevaluate><enlacesreferencia>
<enlace destino="http://www.vitutor.com/di/d/numeros_decimales.html "
>Repaso de los números decimales</enlace>
<enlace destino="https://www.thatquiz.org/es-1/matematicas/aritmetica/ "
>Practica operaciones con decimales</enlace>
<enlace
destino="http://www.mundoprimaria.com/juegos-matematicas/juego-numeros-decimales/ "
>Juegos con números decimales</enlace>
</enlacesreferencia></masinformacion></libro>
