﻿<?xml version="1.0" encoding="utf-8"?>
<motor tipo="101" clase="a" aprid="M101a">
  <plataforma>
    <grado><![CDATA[2]]></grado>
    <titulo>Refuerza tu aprendizaje: La representación de funciones</titulo>
    <area>3</area>
    <nivel>2</nivel>
    <referencia><![CDATA[MT_10_06]]></referencia>
    <idreg><![CDATA[4821]]></idreg>
    <motor><![CDATA[M101A]]></motor>
    <lang>es</lang>
  </plataforma>
  <enunciado><![CDATA[Realiza la siguiente actividad. Cuando termines, haz clic en Enviar. Si es necesario, entrega las respuestas en mano o por e-mail a tu profesor para que pueda validarlas.]]></enunciado>
  <masinfo inicio="0" />
  <calc><![CDATA[1]]></calc>
  <preguntas cantidad="3">
    <pregunta>
      <enunciado><![CDATA[Define qué es la gráfica de una función y  elabora una lista de pasos para realizar la gráfica de la función a partir de su expresión algebraica.]]></enunciado>
      <explicacion />
      <nivel><![CDATA[1]]></nivel>
      <tipo />
      <imagen />
      <ampliacion />
      <texto />
    </pregunta>
    <pregunta>
      <enunciado><![CDATA[Explica cuándo una función es positiva y cuándo es negativa. ]]></enunciado>
      <explicacion />
      <nivel><![CDATA[2]]></nivel>
      <tipo />
      <imagen />
      <ampliacion />
      <texto />
    </pregunta>
    <pregunta>
      <enunciado><![CDATA[Indica cuáles de las siguientes gráficas representan funciones. Justifica tu respuesta. ]]></enunciado>
      <explicacion><![CDATA[SOLUCIÓN: b) y d).]]></explicacion>
      <nivel><![CDATA[3]]></nivel>
      <tipo />
      <imagen><![CDATA[Ex_MT_10_06_T1_img1_286.jpg]]></imagen>
      <ampliacion><![CDATA[Ex_MT_10_06_T1_img1_500.jpg]]></ampliacion>
      <texto />
    </pregunta>
  </preguntas>
  <temps>
  </temps>
</motor>