﻿<?xml version="1.0" encoding="utf-8"?>
<motor tipo="101" clase="a" aprid="m101a">
  <plataforma>
    <grado>2</grado>
    <titulo>Refuerza tu aprendizaje: El concepto de semejanza</titulo>
    <volumen />
    <nivel><![CDATA[1]]></nivel>
    <referencia />
    <motor />
    <lang>es</lang>
  </plataforma>
  <enunciado><![CDATA[Realiza la actividad. Cuando termines, haz clic en enviar o entrega la respuesta a tu profesor mediante registro manual si es necesario. ]]></enunciado>
  <masinfo inicio="0" />
  <calc><![CDATA[0]]></calc>
  <preguntas cantidad="7">
    <pregunta>
      <enunciado><![CDATA[Identifica partes del gráfico que son semejantes entre sí.]]></enunciado>
      <explicacion />
      <nivel><![CDATA[1]]></nivel>
      <tipo />
      <imagen><![CDATA[MA_07_12_REC20_IMG01n.png]]></imagen>
      <ampliacion><![CDATA[MA_07_12_REC20_IMG01a.png]]></ampliacion>
      <texto />
    </pregunta>
    <pregunta>
      <enunciado><![CDATA[Indica si cada afirmación es verdadera o falsa y justifica tu respuesta. Muestra ejemplos de figuras que sustenten tu respuesta. ]]></enunciado>
      <explicacion />
      <nivel><![CDATA[3]]></nivel>
      <tipo />
      <imagen />
      <ampliacion />
      <texto><![CDATA[∙ Todos los pentágonos son semejantes.∙ Todos los cuadrados son semejantes.∙ Dos fotografías de un mismo objeto son semejantes.∙ Todos los triángulos rectángulos son semejantes.]]></texto>
    </pregunta>
    <pregunta>
      <enunciado><![CDATA[Explica por qué las imágenes en la ilustración {{neg}}no{{normal}} son ejemplo de figuras semejantes. ]]></enunciado>
      <explicacion />
      <nivel><![CDATA[2]]></nivel>
      <tipo />
      <imagen><![CDATA[MA_07_12_REC20_IMG02n.png]]></imagen>
      <ampliacion><![CDATA[MA_07_12_REC20_IMG02a.png]]></ampliacion>
      <texto />
    </pregunta>
    <pregunta>
      <enunciado><![CDATA[Daniel usó la siguiente ilustración para su trabajo sobre "la semejanza"; ¿es apropiada la ilustración para el tema? Explica.]]></enunciado>
      <explicacion />
      <nivel><![CDATA[2]]></nivel>
      <tipo />
      <imagen><![CDATA[MA_07_12_REC20_IMG03n.png]]></imagen>
      <ampliacion><![CDATA[MA_07_12_REC20_IMG03a.png]]></ampliacion>
      <texto />
    </pregunta>
    <pregunta>
      <enunciado><![CDATA[Dibuja las figuras que se indican.]]></enunciado>
      <explicacion />
      <nivel><![CDATA[2]]></nivel>
      <tipo />
      <imagen />
      <ampliacion />
      <texto><![CDATA[∙ Dos pentágonos irregulares semejantes.∙ Dos hexágonos regulares semejantes.∙ Cuatro triángulos, donde ninguno es semejante a otro.∙ Dos hojas de árbol semejantes y dos que no lo sean.]]></texto>
    </pregunta>
    <pregunta>
      <enunciado><![CDATA[Identifica al menos tres tipos de figuras (polígonos) que sean semejantes, dentro de la ilustración. Dibuja cada polígono que identificaste.]]></enunciado>
      <explicacion />
      <nivel><![CDATA[2]]></nivel>
      <tipo />
      <imagen><![CDATA[MA_07_12_REC20_IMG04n.png]]></imagen>
      <ampliacion><![CDATA[MA_07_12_REC20_IMG04a.png]]></ampliacion>
      <texto />
    </pregunta>
    <pregunta>
      <enunciado><![CDATA[¿Cuántas figuras pueden ser semejantes a un octágono regular? Explica e ilustra con figuras tu respuesta.]]></enunciado>
      <explicacion />
      <nivel><![CDATA[1]]></nivel>
      <tipo />
      <imagen />
      <ampliacion />
      <texto />
    </pregunta>
  </preguntas>
</motor>