﻿<?xml version="1.0" encoding="utf-8"?>
<motor tipo="3" clase="a" aprid="m3a">
  <plataforma>
    <grado><![CDATA[2]]></grado>
    <titulo>Propiedades de la multiplicación</titulo>
    <area>0</area>
    <nivel>1</nivel>
    <referencia />
    <idreg><![CDATA[0]]></idreg>
    <motor><![CDATA[M3A]]></motor>
    <lang>es</lang>
  </plataforma>
  <enunciado><![CDATA[Observa las imágenes y asocia a cada una la expresión equivalente y el nombre de la propiedad que se ve en ellas.]]></enunciado>
  <masinfo inicio="0" />
  <sinaleatoriedad><![CDATA[0]]></sinaleatoriedad>
  <calc><![CDATA[0]]></calc>
  <sonidoaimagen cantidad="4">
    <cuestion>
      <imagen etiqueta=""><![CDATA[MA_06_03_REC110_IMAG01a.png]]></imagen>
      <respuestas>
        <respuesta etiqueta="Conmutatividad" />
        <respuesta etiqueta="2 x 4 = 4 x 2" />
      </respuestas>
    </cuestion>
    <cuestion>
      <imagen etiqueta=""><![CDATA[MA_06_03_REC110_IMAG02a.png]]></imagen>
      <respuestas>
        <respuesta etiqueta="Propiedad distributiva" />
        <respuesta etiqueta="3 x (2 + 4) = (3 x 2) + (3 x 4)" />
      </respuestas>
    </cuestion>
    <cuestion>
      <imagen etiqueta=""><![CDATA[MA_06_03_REC110_IMAG03a.png]]></imagen>
      <respuestas>
        <respuesta etiqueta="Propiedad asociativa" />
        <respuesta etiqueta="(2 x 3) x 4 = 2 x (3 x 4)" />
      </respuestas>
    </cuestion>
    <cuestion>
      <imagen etiqueta=""><![CDATA[MA_06_03_REC110_IMAG04a.png]]></imagen>
      <respuestas>
        <respuesta etiqueta="Propiedad modulativa" />
        <respuesta etiqueta="7 x 1 =7" />
      </respuestas>
    </cuestion>
  </sonidoaimagen>
  <temps>20</temps>
</motor>