﻿<?xml version="1.0" encoding="UTF-8"?>
<main copy="Editorial Planeta" version="1" aprid="simulador">
  <lang id="es">
    <item id="primera">Usaremos el teorema de Pitágoras para representar raíces cuadradas irracionales.</item>
    <item id="segunda">En un triángulo rectángulo, el cuadrado de la hipotenusa...</item>
    <item id="tercera">... vale la suma de los cuadrados de los catetos.</item>
    <item id="fin">Así podemos representar cualquier raíz cuadrada de valor irracional.</item>
  </lang>
</main>