﻿<?xml version="1.0" encoding="UTF-8"?><XMLDatos aprid="F"><titulo>La circunferencia</titulo><tit1><![CDATA[La <b>circunferencia </b>es una línea <b>circular cerrada</b>, donde todos los puntos situados sobre ella se encuentran a la misma distancia del centro.]]></tit1><tit2><![CDATA[Los elementos que constituyen a una circunferencia son:]]></tit2><tit3><![CDATA[Una <b>recta </b>y una <b>circunferencia </b>pueden asumir las siguientes <b>posiciones relativas</b>:]]></tit3><tit4><![CDATA[Dos circunferencias pueden adoptar distintas posiciones relativas:]]></tit4><tit5><![CDATA[]]></tit5><tit6><![CDATA[]]></tit6><tit7><![CDATA[]]></tit7><tit8><![CDATA[]]></tit8><tit9><![CDATA[]]></tit9><tit10><![CDATA[]]></tit10><tit11><![CDATA[]]></tit11><tit12><![CDATA[]]></tit12><tit13><![CDATA[]]></tit13><tit14><![CDATA[]]></tit14><tit15><![CDATA[]]></tit15><tit16><![CDATA[]]></tit16><tit17><![CDATA[]]></tit17><tit18><![CDATA[]]></tit18><tit19><![CDATA[]]></tit19><tit20><![CDATA[]]></tit20><text1><![CDATA[<b>Centro</b>: es el punto del cual equidistan todos los puntos que la conforman.]]></text1><text2><![CDATA[<b>Radio: </b>es un segmento que une el centro con un punto cualquiera de la circunferencia.]]></text2><text3><![CDATA[<b>Cuerda: </b>es un segmento que une dos puntos de la circunferencia.]]></text3><text4><![CDATA[<b>Diámetro: </b>es una cuerda que pasa por el centro de la circunferencia.]]></text4><text5><![CDATA[<b>Arco: </b>es la parte de la circunferencia comprendida entre dos de sus puntos.]]></text5><text6><![CDATA[<b>Exteriores: </b>la recta y la circunferencia <br/><b>no se cortan</b>, no tienen puntos en común.]]></text6><text7><![CDATA[<b>Tangentes: </b>la recta y la circunferencia tienen <b>un solo punto en común</b>.]]></text7><text8><![CDATA[<b>Secantes: </b>la recta y la circunferencia <br/><b>se cortan en dos puntos</b>.]]></text8><text9><![CDATA[<b>Exteriores: </b>las circunferencias <b>no se cortan</b>, no tienen puntos en común.]]></text9><text10><![CDATA[La distancia <i>–d-</i> entre los centros es más grande que la suma de los radios.]]></text10><text11><![CDATA[<b>Tangentes: </b>las circunferencias tienen <b>un solo punto en común</b>. Pueden ser circunferencias tangentes <b>exteriores </b>o <b>interiores</b>.]]></text11><text12><![CDATA[En el caso de las tangentes <b>exteriores</b>, la <b>distancia </b><i>–d-</i> <b>entre los centros</b> es <b>igual </b>a la <b>suma </b>de los <b>radios</b>. En el de las <b>interiores</b>, la <b>distancia </b><i>–d-</i> entre los centros <b>es igual</b> que la <b>diferencia </b>de los <b>radios</b>.]]></text12><text13><![CDATA[<b>Secantes: </b>las circunferencias tienen <b>dos puntos en común</b>.]]></text13><text14><![CDATA[La distancia <i>–d-</i> entre los centros es más pequeña que la suma de los radios y más grande que su diferencia.]]></text14><text15><![CDATA[La distancia entre los centros es igual a 0.]]></text15><text16><![CDATA[<b>Concéntricas: </b>las circunferencias concéntricas <b>tienen el mismo centro</b> y <b>distinto radio</b>.]]></text16><text17><![CDATA[La distancia <i>–d-</i> entre los centros es menor que la diferencia de los radios.]]></text17><text18><![CDATA[<b>Interiores: </b>no tienen punto de contacto y los centros no coinciden.]]></text18><text19><![CDATA[]]></text19><text20><![CDATA[]]></text20><btnpractica><![CDATA[PRACTICA]]></btnpractica><btnsolucion><![CDATA[SOLUCIÓN]]></btnsolucion></XMLDatos>