﻿<?xml version="1.0" encoding="utf-8"?>
<motor tipo="7" clase="a" aprid="m7a">
  <plataforma>
    <grado><![CDATA[2]]></grado>
    <titulo>Reconoce las relaciones entre dos conjuntos</titulo>
    <area>0</area>
    <nivel>1</nivel>
    <referencia />
    <idreg><![CDATA[0]]></idreg>
    <motor><![CDATA[M7A]]></motor>
    <lang>es</lang>
  </plataforma>
  <enunciado><![CDATA[Para cada par de conjuntos, elije la opción que mejor representa la relación entre ellos.]]></enunciado>
  <masinfo inicio="0" />
  <sinaleatoriedad><![CDATA[0]]></sinaleatoriedad>
  <calc><![CDATA[0]]></calc>
  <respuestaunica><![CDATA[0]]></respuestaunica>
  <test cantidad="5">
    <cuestion>
      <enunciado><![CDATA[{{cur}}A{{normal}} = { {{cur}}x/x{{normal}} es un número par},  {{cur}}B{{normal}} = { {{cur}}x/x{{normal}} es multiplo de 4}]]></enunciado>
      <imagen><![CDATA[MA_06_01_CO_REC170_IMG01.png]]></imagen>
      <ampliacion />
      <respuestas>
        <respuesta ruta="MA_06_01_CO_REC170_IMG02a.png" ampliacion="" correcta="1" />
        <respuesta ruta="MA_06_01_CO_REC170_IMG03.png" ampliacion="" correcta="0" />
        <respuesta ruta="MA_06_01_CO_REC170_IMG04.png" ampliacion="" correcta="0" />
        <respuesta ruta="MA_06_01_CO_REC170_IMG05.png" ampliacion="" correcta="0" />
      </respuestas>
    </cuestion>
    <cuestion>
      <enunciado><![CDATA[{{cur}}C{{normal}} = { {{cur}}x{{normal}}/{{cur}}x{{normal}} es animal mamífero}, {{cur}}D{{normal}} = { {{cur}}x{{normal}}/{{cur}}x{{normal}} es animal ovíparo}]]></enunciado>
      <imagen><![CDATA[MA_06_01_CO_REC170_IMG06.png]]></imagen>
      <ampliacion />
      <respuestas>
        <respuesta ruta="MA_06_01_CO_REC170_IMG07.png" ampliacion="" correcta="0" />
        <respuesta ruta="MA_06_01_CO_REC170_IMG08.png" ampliacion="" correcta="1" />
        <respuesta ruta="MA_06_01_CO_REC170_IMG09.png" ampliacion="" correcta="0" />
        <respuesta ruta="MA_06_01_CO_REC170_IMG10.png" ampliacion="" correcta="0" />
      </respuestas>
    </cuestion>
    <cuestion>
      <enunciado><![CDATA[ {{cur}}E{{normal}} = { {{cur}}x{{normal}}/{{cur}}x{{normal}} es ser que produce su alimento}, {{cur}}F{{normal}} = { {{cur}}x{{normal}}/{{cur}}x{{normal}} es ser vivo autótrofo}]]></enunciado>
      <imagen><![CDATA[MA_06_01_CO_REC170_IMG11.png]]></imagen>
      <ampliacion />
      <respuestas>
        <respuesta ruta="MA_06_01_CO_REC170_IMG12.png" ampliacion="" correcta="0" />
        <respuesta ruta="MA_06_01_CO_REC170_IMG13.png" ampliacion="" correcta="0" />
        <respuesta ruta="MA_06_01_CO_REC170_IMG14.png" ampliacion="" correcta="1" />
        <respuesta ruta="MA_06_01_CO_REC170_IMG15.png" ampliacion="" correcta="0" />
      </respuestas>
    </cuestion>
    <cuestion>
      <enunciado><![CDATA[{{cur}}G{{normal}} = { {{cur}}x{{normal}}/{{cur}}x{{normal}} es mujer colombiana}, {{cur}}H{{normal}} = { {{cur}}x{{normal}}/{{cur}}x{{normal}} es presidente de Colombia hasta el 2015}]]></enunciado>
      <imagen><![CDATA[MA_06_01_CO_REC170_IMG16.png]]></imagen>
      <ampliacion />
      <respuestas>
        <respuesta ruta="MA_06_01_CO_REC170_IMG17.png" ampliacion="" correcta="0" />
        <respuesta ruta="MA_06_01_CO_REC170_IMG18.png" ampliacion="" correcta="0" />
        <respuesta ruta="MA_06_01_CO_REC170_IMG19.png" ampliacion="" correcta="0" />
        <respuesta ruta="MA_06_01_CO_REC170_IMG20.png" ampliacion="" correcta="1" />
      </respuestas>
    </cuestion>
    <cuestion>
      <enunciado><![CDATA[{{cur}}J{{normal}} = { {{cur}}x{{normal}}/{{cur}}x{{normal}} es cereal a base de maíz}, {{cur}}K{{normal}} = { {{cur}}x{{normal}}/{{cur}}x{{normal}} es alimento para desayunar}]]></enunciado>
      <imagen><![CDATA[MA_06_01_CO_REC170_IMG21.png]]></imagen>
      <ampliacion />
      <respuestas>
        <respuesta ruta="MA_06_01_CO_REC170_IMG22.png" ampliacion="" correcta="1" />
        <respuesta ruta="MA_06_01_CO_REC170_IMG23.png" ampliacion="" correcta="0" />
        <respuesta ruta="MA_06_01_CO_REC170_IMG24.png" ampliacion="" correcta="0" />
        <respuesta ruta="MA_06_01_CO_REC170_IMG25.png" ampliacion="" correcta="0" />
      </respuestas>
    </cuestion>
  </test>
  <temps>15</temps>
</motor>