﻿<?xml version="1.0" encoding="utf-8"?>
<motor tipo="12" clase="a" aprid="m12a">
  <plataforma>
    <grado><![CDATA[2]]></grado>
    <titulo>Reducción de signos de agrupación</titulo>
    <area>0</area>
    <nivel>1</nivel>
    <referencia />
    <idreg><![CDATA[0]]></idreg>
    <motor><![CDATA[M12A]]></motor>
    <lang>es</lang>
  </plataforma>
  <enunciado><![CDATA[Ordena los pasos realizados al resolver las operaciones combinadas con signos de agrupación.]]></enunciado>
  <masinfo inicio="1"><![CDATA[Cuando hay adiciones y sustracciones en una misma expresión matemática, se debe operar según el orden de los signos de agrupación: primero los paréntesis ( ), después los corchetes [ ] y finalmente las llaves { }.]]></masinfo>
  <calc><![CDATA[1]]></calc>
  <orden ini="18 – { 387 – [ 155 – ( 611 – 329 + 12 ) – (1292 – 17 647)]} – ( –764 + 212 )" fi="16 429" />
  <elementos>
    <elemento contestacion="18 – {387 – [155 – 294 – (1292 – 17 647)]} – (–764 + 212)" orden="1" />
    <elemento contestacion="18 – { 387 – [155 – 294 – (–16 355)]} – (–764 + 212)" orden="2" />
    <elemento contestacion="18 – {387 – [155 – 294 – (–16 355)] } – (–552)" orden="3" />
    <elemento contestacion="18 – {387 – 16 246} – (–552)" orden="4" />
    <elemento contestacion="18 – {–15 859} – (–552)" orden="5" />
    <elemento contestacion="15 877 – (–552)" orden="6" />
  </elementos>
  <temps>10</temps>
</motor>