﻿<?xml version="1.0" encoding="utf-8"?>
<motor tipo="5" clase="a" aprid="m5a">
  <plataforma>
    <grado><![CDATA[2]]></grado>
    <titulo>Representa gráficamene los elementos de la geometría</titulo>
    <area>0</area>
    <nivel>2</nivel>
    <referencia />
    <idreg><![CDATA[0]]></idreg>
    <motor><![CDATA[M5A]]></motor>
    <lang>es</lang>
  </plataforma>
  <enunciado><![CDATA[Responde las siguientes preguntas sobre los elementos básicos de la geometría.]]></enunciado>
  <masinfo inicio="0" />
  <sinaleatoriedad><![CDATA[0]]></sinaleatoriedad>
  <calc><![CDATA[0]]></calc>
  <respuestaunica><![CDATA[0]]></respuestaunica>
  <test cantidad="10">
    <cuestion>
      <enunciado><![CDATA[Selecciona las características del elemento geométrico de la imagen.]]></enunciado>
      <explicacion />
      <imagen><![CDATA[MA_06_10_CO_REC30_IMG01n.png]]></imagen>
      <ampliacion><![CDATA[MA_06_10_CO_REC30_IMG01a.png]]></ampliacion>
      <respuestas>
        <respuesta contestacion="Es la marca que deja la punta de un lápiz sobre una superficie." correcta="1" />
        <respuesta contestacion="Es un elemento básico de la geometría." correcta="1" />
        <respuesta contestacion="Con él se pueden forman rectas y planos." correcta="1" />
        <respuesta contestacion="Es un elemento tridimensional." correcta="0" />
        <respuesta contestacion="Es un elemento que tiene medidas." correcta="0" />
      </respuestas>
    </cuestion>
    <cuestion>
      <enunciado><![CDATA[Selecciona las características del elemento geométrico de la imagen.]]></enunciado>
      <explicacion />
      <imagen><![CDATA[MA_06_10_CO_REC30_IMG02n.png]]></imagen>
      <ampliacion><![CDATA[MA_06_10_CO_REC30_IMG02a.png]]></ampliacion>
      <respuestas>
        <respuesta contestacion="Está conformado por un número infinito de puntos." correcta="1" />
        <respuesta contestacion="Es una prolongación de puntos en todas las direcciones." correcta="1" />
        <respuesta contestacion="Se asemeja a una pared o a una hoja de papel." correcta="1" />
        <respuesta contestacion="Es un elemento de tres dimensiones." correcta="0" />
        <respuesta contestacion="Es una sucesión infinita de puntos con sentidos opuestos." correcta="0" />
      </respuestas>
    </cuestion>
    <cuestion>
      <enunciado><![CDATA[Selecciona las características del elemento geométrico de la imagen.]]></enunciado>
      <explicacion />
      <imagen><![CDATA[MA_06_10_CO_REC30_IMG03n.png]]></imagen>
      <ampliacion><![CDATA[MA_06_10_CO_REC30_IMG03a.png]]></ampliacion>
      <respuestas>
        <respuesta contestacion="Es la marca de un lápiz al pasarse por el extremo de una regla." correcta="1" />
        <respuesta contestacion="Es una prolongación de puntos en todas las direcciones." correcta="0" />
        <respuesta contestacion="Se asemeja a una pared o a una hoja de papel." correcta="0" />
        <respuesta contestacion="Es un elemento tridimensional." correcta="0" />
        <respuesta contestacion="Es una sucesión infinita de puntos con sentidos opuestos." correcta="1" />
      </respuestas>
    </cuestion>
    <cuestion>
      <enunciado><![CDATA[Selecciona las características del elemento geométrico de la imagen.]]></enunciado>
      <explicacion />
      <imagen><![CDATA[MA_06_10_CO_REC30_IMG04n.png]]></imagen>
      <ampliacion><![CDATA[MA_06_10_CO_REC30_IMG04a.png]]></ampliacion>
      <respuestas>
        <respuesta contestacion="Es la marca que deja un lápiz al pasarse por una regla." correcta="0" />
        <respuesta contestacion="Es una parte de la recta, comprendida entre dos puntos." correcta="1" />
        <respuesta contestacion="Se asemeja a una pared o a una hoja." correcta="0" />
        <respuesta contestacion="Tiene infinitos puntos de forma sucesiva. " correcta="1" />
        <respuesta contestacion="Es una sucesión infinita de puntos con sentidos opuestos." correcta="0" />
      </respuestas>
    </cuestion>
    <cuestion>
      <enunciado><![CDATA[Selecciona las características del elemento geométrico de la imagen.]]></enunciado>
      <explicacion />
      <imagen><![CDATA[MA_06_10_CO_REC30_IMG05n.png]]></imagen>
      <ampliacion><![CDATA[MA_06_10_CO_REC30_IMG05a.png]]></ampliacion>
      <respuestas>
        <respuesta contestacion="Es la marca que deja un lápiz al pasarse por una regla" correcta="0" />
        <respuesta contestacion="Está comprendida entre un punto y la prolongación de un extremo." correcta="1" />
        <respuesta contestacion="Se asemeja a una pared o a una hoja de papel" correcta="0" />
        <respuesta contestacion="Tiene una sucesión infinita de puntos." correcta="1" />
        <respuesta contestacion="Es una sucesión de puntos en sentidos opuestos." correcta="0" />
      </respuestas>
    </cuestion>
    <cuestion>
      <enunciado><![CDATA[Señala el elemento de geometría que se relaciona con la imagen.]]></enunciado>
      <explicacion />
      <imagen><![CDATA[MA_06_10_CO_REC30_IMG06n.png]]></imagen>
      <ampliacion><![CDATA[MA_06_10_CO_REC30_IMG06a.png]]></ampliacion>
      <respuestas>
        <respuesta contestacion="Recta" correcta="0" />
        <respuesta contestacion="Punto" correcta="1" />
        <respuesta contestacion="Semirecta" correcta="0" />
        <respuesta contestacion="Plano" correcta="0" />
        <respuesta contestacion="Segmento" correcta="0" />
      </respuestas>
    </cuestion>
    <cuestion>
      <enunciado><![CDATA[Señala el elemento de geometría que se relaciona con la imagen.]]></enunciado>
      <explicacion />
      <imagen><![CDATA[MA_06_10_CO_REC30_IMG07n.png]]></imagen>
      <ampliacion><![CDATA[MA_06_10_CO_REC30_IMG07a.png]]></ampliacion>
      <respuestas>
        <respuesta contestacion="Recta " correcta="1" />
        <respuesta contestacion="Semirecta" correcta="0" />
        <respuesta contestacion="Plano" correcta="0" />
        <respuesta contestacion="Punto" correcta="0" />
        <respuesta contestacion="Segmento" correcta="0" />
      </respuestas>
    </cuestion>
    <cuestion>
      <enunciado><![CDATA[Señala el elemento de geometría que se relaciona con la imagen.]]></enunciado>
      <explicacion />
      <imagen><![CDATA[MA_06_10_CO_REC30_IMG08n.png]]></imagen>
      <ampliacion><![CDATA[MA_06_10_CO_REC30_IMG08a.png]]></ampliacion>
      <respuestas>
        <respuesta contestacion="Recta" correcta="0" />
        <respuesta contestacion="Semirecta" correcta="0" />
        <respuesta contestacion="Plano" correcta="1" />
        <respuesta contestacion="Punto" correcta="0" />
        <respuesta contestacion="Segmento" correcta="0" />
      </respuestas>
    </cuestion>
    <cuestion>
      <enunciado><![CDATA[Señala el elemento de geometría que se relaciona con la imagen.]]></enunciado>
      <explicacion />
      <imagen><![CDATA[MA_06_10_CO_REC30_IMG09n.png]]></imagen>
      <ampliacion><![CDATA[MA_06_10_CO_REC30_IMG09a.png]]></ampliacion>
      <respuestas>
        <respuesta contestacion="Semirecta" correcta="0" />
        <respuesta contestacion="Punto" correcta="0" />
        <respuesta contestacion="Recta" correcta="0" />
        <respuesta contestacion="Segmento" correcta="1" />
        <respuesta contestacion="Plano" correcta="0" />
      </respuestas>
    </cuestion>
    <cuestion>
      <enunciado><![CDATA[Señala el elemento de geometría que se relaciona con la imagen.]]></enunciado>
      <explicacion />
      <imagen><![CDATA[MA_06_10_CO_REC30_IMG10n.png]]></imagen>
      <ampliacion><![CDATA[MA_06_10_CO_REC30_IMG10a.png]]></ampliacion>
      <respuestas>
        <respuesta contestacion="Recta" correcta="0" />
        <respuesta contestacion="Plano" correcta="0" />
        <respuesta contestacion="Semirecta" correcta="1" />
        <respuesta contestacion="Segmento" correcta="0" />
        <respuesta contestacion="Punto" correcta="0" />
      </respuestas>
    </cuestion>
  </test>
</motor>