<?xml version='1.0' encoding='UTF-8'?><motor tipo="5" clase="a" aprid="m5a">
  <plataforma>
    <grado><![CDATA[2]]></grado>
    <titulo>Las operaciones con números complejos</titulo>
    <area>0</area>
    <nivel>1</nivel>
    <referencia/>
    <idreg><![CDATA[0]]></idreg>
    <motor><![CDATA[M5A]]></motor>
    <lang>es</lang>
  </plataforma>
  <enunciado><![CDATA[Resuleve cada situación que involucra a los números complejos.]]></enunciado>
  <masinfo inicio="0"><![CDATA[Recuerda que{{cur}} i²{{normal}} = -1]]></masinfo>
  <sinaleatoriedad><![CDATA[0]]></sinaleatoriedad>
  <calc><![CDATA[0]]></calc>
  <respuestaunica><![CDATA[0]]></respuestaunica>
  <test cantidad="5">
    <cuestion>
      <enunciado><![CDATA[¿Cuál es el resultado de la operación?]]></enunciado>
      <explicacion><![CDATA[La adición de números complejos se realiza adicionando números reales con números reales e imaginarios con imaginarios.]]></explicacion>
      <imagen><![CDATA[ma_09_03_co_rec160_img01n.png]]></imagen>
      <ampliacion><![CDATA[ma_09_03_co_rec160_img01a.png]]></ampliacion>
      <respuestas>
        <respuesta contestacion="14 - 5{{cur}}i{{normal}}" correcta="1"/>
        <respuesta contestacion="5 + 12{{cur}}i{{normal}}" correcta="0"/>
        <respuesta contestacion="9 - 7{{cur}}i{{normal}}" correcta="0"/>
        <respuesta contestacion="23 + 5{{cur}}i{{normal}}" correcta="0"/>
      </respuestas>
    </cuestion>
    <cuestion>
      <enunciado><![CDATA[¿Cuál es el número complejo {{cur}}Z{{normal}} que cumple con la condición dada?]]></enunciado>
      <explicacion><![CDATA[Es necesario hallar el número complejo que al adicionarlo con el número dado da como respuesta 5 + 20{{cur}}i{{normal}}.]]></explicacion>
      <imagen><![CDATA[ma_09_03_co_rec160_img02n.png]]></imagen>
      <ampliacion><![CDATA[ma_09_03_co_rec160_img02a.png]]></ampliacion>
      <respuestas>
        <respuesta contestacion="2 + 18{{cur}}i{{normal}}" correcta="1"/>
        <respuesta contestacion="-2 - 18{{cur}}i{{normal}}" correcta="0"/>
        <respuesta contestacion="-2 + 18{{cur}}i{{normal}}" correcta="0"/>
        <respuesta contestacion="2 - 18{{cur}}i{{normal}}" correcta="0"/>
      </respuestas>
    </cuestion>
    <cuestion>
      <enunciado><![CDATA[¿Cuál es el resultado de la multiplicación?]]></enunciado>
      <explicacion><![CDATA[Se efectúa la multiplicación de números complejos utilizando el algoritmo.]]></explicacion>
      <imagen><![CDATA[ma_09_03_co_rec160_img03n.png]]></imagen>
      <ampliacion><![CDATA[ma_09_03_co_rec160_img03a.png]]></ampliacion>
      <respuestas>
        <respuesta contestacion="-1 + 13{{cur}}i{{normal}}" correcta="1"/>
        <respuesta contestacion="1 - 13{{cur}}i{{normal}}" correcta="0"/>
        <respuesta contestacion="-1 - 13{{cur}}i{{normal}}" correcta="0"/>
        <respuesta contestacion="-13{{cur}}i{{normal}} + 1" correcta="0"/>
      </respuestas>
    </cuestion>
    <cuestion>
      <enunciado><![CDATA[¿Cuál propiedad de la adición de números complejos se ejemplifica en la expresión?]]></enunciado>
      <explicacion><![CDATA[Al cambiar el orden de los sumandos el resultado no se altera]]></explicacion>
      <imagen><![CDATA[ma_09_03_co_rec160_img04n.png]]></imagen>
      <ampliacion><![CDATA[ma_09_03_co_rec160_img04a.png]]></ampliacion>
      <respuestas>
        <respuesta contestacion="La conmutativa" correcta="1"/>
        <respuesta contestacion="La asociativa" correcta="0"/>
        <respuesta contestacion="La distributiva" correcta="0"/>
        <respuesta contestacion="La del elemento neutro" correcta="0"/>
      </respuestas>
    </cuestion>
    <cuestion>
      <enunciado><![CDATA[¿Cuál es el conjugado del número complejo?]]></enunciado>
      <explicacion><![CDATA[El conjugado es el mismo número complejo pero con signo contrario.]]></explicacion>
      <imagen><![CDATA[ma_09_03_co_rec160_img05n.png]]></imagen>
      <ampliacion><![CDATA[ma_09_03_co_rec160_img05a.png]]></ampliacion>
      <respuestas>
        <respuesta contestacion="2 - 9{{cur}}i{{normal}}" correcta="1"/>
        <respuesta contestacion="-2 - 9{{cur}}i{{normal}}" correcta="0"/>
        <respuesta contestacion="-2 + 9{{cur}}i{{normal}}" correcta="0"/>
        <respuesta contestacion="2 + 9{{cur}}i{{normal}}" correcta="0"/>
      </respuestas>
    </cuestion>
  </test>
</motor>