﻿<?xml version="1.0" encoding="UTF-8"?>
<?xml-stylesheet href="cuadernoestudio/dtd/libro.xslt" type="text/xsl"?>
<!--Arbortext, Inc., 1988-2015, v.4002-->
<!DOCTYPE libro SYSTEM "cuadernoestudio/dtd/libro.dtd"[]>
<libro id="MA_10_02_CO">
  <libroTitulo>Las razones trigonométricas</libroTitulo>
  <seccion1 id="S1_MA_10_02_CO_6C46A82545ED4A3396B4FCB5E35E6BDB">
    <seccion1Titulo>La medida de ángulos</seccion1Titulo>
    <seccion1Texto>
      <p>La medición de ángulos tiene aplicaciones prácticas en astronomía,
geología, arquitectura y muchos otros campos del conocimiento.</p>
      <destacado>
        <destacadoTitulo>Definición de ángulo</destacadoTitulo>
        <destacadoTexto>
          <p>Desde el punto de vista de la geometría, un <negrita>ángulo</negrita> se define como la unión de dos rayos o semirrectas, con un origen
común. Las semirrectas se denominan <negrita>lados</negrita> y el
origen común se denomina <negrita>vértice</negrita> del ángulo. En
el contexto de la trigonometría, un ángulo se define como la rotación
de una semirrecta sobre su origen. En posición inicial, esta semirrecta
recibe el nombre de <negrita>lado inicial </negrita>y en posición
final recibe el nombre de<negrita> lado final</negrita>.</p>
        </destacadoTexto>
      </destacado>
      <imagen src="MA_10_02_CO_IMG01_small.jpg">
        <p>El punto de encuentro <cursiva>C</cursiva> se llamará <negrita>vértice</negrita> del ángulo α, y los <negrita>rayos</negrita> serán sus lados <cursiva>CB</cursiva> y <cursiva>CD</cursiva>. En la imagen, el rayo <cursiva>CD</cursiva> puede considerarse
como una inclinación o elevación sobre el rayo <cursiva>CB</cursiva>, definiendo el ángulo α.</p>
      </imagen>
      <seccion2 id="S2_MA_10_02_CO_B6E96A273AF5456E983C1BC6E01F8B88">
        <seccion2Titulo>Los ángulos en posición normal o canónica</seccion2Titulo>
        <seccion2Texto>
          <p>Un ángulo se considera en <negrita>posición normal</negrita> o <negrita>canónica</negrita> cuando en un sistema de coordenadas su vértice
coincide con el origen del sistema de coordenadas y su lado inicial
coincide con el semieje positivo de las abscisas. Su lado final se
ubica en cualquier región del plano y es el que indica a qué cuadrante
pertenece dicho ángulo.  </p>
          <p>Cuando un ángulo ha sido generado por una rotación en sentido contrario
a las manecillas del reloj, se dice que es un <negrita>ángulo positivo</negrita>, si la rotación se realiza en el mismo sentido de las manecillas
del reloj, es un<negrita> ángulo negativo</negrita>. </p>
          <imagen src="MA_10_02_CO_IMG02_small.jpg">
            <p>En esta imagen el lado inicial del ángulo está en rojo, mientras
que el lado final está en azul, lo que permite identificar si los
ángulos son positivos o negativos.</p>
          </imagen>
          <practica>
            <enlace destino="/LoIdRedirect.aspx?LoId=MA_10_02_CO_Recurso020&amp;IdRecurso=RES-59932830E2794247BD9115738C74D821">Identifica tipos de ángulos ubicados en posición canónica</enlace>
          </practica>
        </seccion2Texto>
      </seccion2>
      <seccion2 id="S2_MA_10_02_CO_B6E96A273AF5456E983C1BC6E01F9922">
        <seccion2Titulo>La medición de ángulos</seccion2Titulo>
        <seccion2Texto>
          <p>La medición de ángulos puede hacerse de múltiples maneras, estas
dependen de la unidad de medición que se elija. Entre las unidades
más utilizadas se encuentran el grado sexagesimal, el grado centesimal
y el radián. </p>
          <seccion3 id="S3_MA_10_02_CO_B6E96A273AF5456E983C1BC6E01F3300">
            <seccion3Titulo>La medición de ángulos en grados</seccion3Titulo>
            <seccion3Texto>
              <p>En el sistema sexagesimal se divide una circunferencia en 360 partes
iguales y su unidad de medida es el grado sexagesimal, el cual corresponde
a una de las 360 partes. Se dice que <negrita>la circunferencia mide
360 grados sexagesimales</negrita>.  </p>
              <p>El <negrita>grado sexagesimal</negrita> (°) es una unidad de medida
de ángulos muy frecuente. Si dividimos la circunferencia en 360 partes
iguales, el ángulo central correspondiente a cada una de esas partes
mide un <negrita>grado sexagesimal</negrita> (1°). Cada grado se divide
en <negrita>60 minutos</negrita> (′) y cada minuto, en <negrita>60
segundos</negrita> (″).   </p>
              <p>De las equivalencias anteriores se obtienen estas otras: </p>
              <formula alineacion="centrada" src="MA_10_02_001.gif">
              </formula>
              <formula alineacion="centrada" src="MA_10_02_002.gif">
              </formula>
              <p>Como resultado de un cálculo trigonométrico, muchas veces un ángulo
α tiene fracciones decimales de grado, por ejemplo α = 45,82°. Para
pasar este valor a grados, minutos y segundos, procedemos así:</p>
              <listaNumerada>
                <listaElemento>Como 1° = 60′, para transformar 0,82° en minutos, se
plantea la proporción:<formula alineacion="centrada" src="MA_10_02_003.gif"></formula></listaElemento>
                <listaElemento>Como 49,2′ se expresa como 49′ + 0,2′ se deben transformar
0,2 minutos en segundos. Para ello se plantea la siguiente proporción:<formula alineacion="centrada" src="MA_10_02_004.gif"></formula></listaElemento>
              </listaNumerada>
              <p>Así pues, el ángulo α = 45,82° equivale a 45° 49′ 12″.</p>
            </seccion3Texto>
          </seccion3>
          <seccion3 id="S3_MA_10_02_CO_B6E96A273AF5456E983C1BC6E01F4411">
            <seccion3Titulo>La medición de ángulos en radianes</seccion3Titulo>
            <seccion3Texto>
              <p>Frecuentemente las medidas de ángulos se hacen midiendo arcos en
una circunferencia, por lo que es conveniente considerar una unidad
de medida que esté directamente relacionada con la circunferencia.</p>
              <imagen src="MA_10_02_CO_IMG03_small.jpg">
                <p>Una forma de medir los ángulos es tomando como unidad un <negrita>radián</negrita>, es decir, un segmento de la misma longitud del
radio, pero puesto sobre la circunferencia. </p>
              </imagen>
              <destacado>
                <destacadoTitulo>El radián</destacadoTitulo>
                <destacadoTexto>
                  <p>Un <negrita>radián</negrita> es la medida del ángulo central de
una circunferencia, tal que la <negrita>longitud del arco</negrita> correspondiente <cursiva>AB</cursiva> sea <negrita>igual a la longitud
del radio</negrita> de la circunferencia. Por lo tanto, α mide 1 radian.</p>
                </destacadoTexto>
              </destacado>
              <p>Dado que un ángulo puede medirse en el sistema sexagesimal (grados),
en el sistema centesimal (grados centesimales) o en el sistema cíclico
(radianes) podemos relacionar estos sistemas entre sí.   </p>
              <p>El número π indica las veces que “cabe” un radián en una semicircunferencia,
así que en la circunferencia completa caben 2π radianes, que es aproximadamente
6,28. En la misma circunferencia, un grado cabe 360 veces. En virtud
de lo anterior obtenemos la siguiente relación:</p>
              <p centrado="si">360° = 2π rad </p>
              <p>En media circunferencia se tendrá:  </p>
              <p centrado="si">180° = π rad</p>
              <p>Dado que la relación entre los sistemas es directamente proporcional,
para un ángulo de <cursiva>A</cursiva>° podemos determinar su valor
en <cursiva>x</cursiva> radianes al escribir la relación entre grados
y radianes, así:</p>
              <formula alineacion="centrada" src="MA_10_02_005.gif">
              </formula>
              <p>Para convertir <cursiva>A</cursiva> grados sexagesimales a radianes,
se tiene:</p>
              <formula alineacion="centrada" src="MA_10_02_006.gif">
              </formula>
              <p>Para convertir <cursiva>x</cursiva> radianes a grados sexagesimales,
se tiene:</p>
              <formula alineacion="centrada" src="MA_10_02_007.gif">
              </formula>
              <p>Por ejemplo, para convertir 24° a radianes se debe operar de la
siguiente forma:</p>
              <formula alineacion="centrada" src="MA_10_02_008.gif">
              </formula>
              <p>Para convertir 2π/3 rad a grados se opera de la siguiente forma:</p>
              <formula alineacion="centrada" src="MA_10_02_009.gif">
              </formula>
              <p>Todas las calculadoras científicas ofrecen la posibilidad de usar
cualquiera de los sistemas de medición de ángulos, por lo que es necesario
que verifiques su configuración dependiendo del sistema que vayas
a utilizar:</p>
              <listaSinNumerar>
                <listaElemento>Para el sistema sexagesimal se debe configurar en DEG,
abreviatura de la palabra inglesa <cursiva>degree</cursiva>.</listaElemento>
                <listaElemento>Para el sistema cíclico se debe configurar en RAD,
abreviatura de la palabra inglesa <cursiva>radian</cursiva>.</listaElemento>
                <listaElemento>Para el sistema centesimal se debe configurar en GRAD,
abreviatura de la palabra inglesa <cursiva>grade</cursiva>.</listaElemento>
              </listaSinNumerar>
              <recuerda>
                <recuerdaTexto>
                  <p>Es de capital importancia verificar siempre el sistema en el que
estás trabajando y en el que está configurada la calculadora, si no
lo haces es posible que obtengas malos resultados a pesar de entender
los conceptos de medición de ángulos.</p>
                </recuerdaTexto>
              </recuerda>
            </seccion3Texto>
          </seccion3>
        </seccion2Texto>
      </seccion2>
      <seccion2 id="S2_MA_10_02_CO_B6E96A273AF5456E983C1BC6E01F0033">
        <seccion2Titulo>Los ángulos especiales</seccion2Titulo>
        <seccion2Texto>
          <p>En medicina y fisioterapia se usan ángulos para describir movimientos
y posiciones apropiadas para una persona, por ejemplo, entre la columna
vertebral y las piernas (vista de perfil) se puede observar un ángulo
que cuando estamos sentados debería ser recto, mientras que cuando
estamos de pie debería ser un ángulo llano. Otro ejemplo la recomendación
para evitar la fatiga ocular cuando se utiliza un computador, la pantalla
debe estar en un ángulo de depresión y no en uno de elevación.</p>
          <seccion3 id="S3_MA_10_02_CO_B6E96A273AF5456E983C1BC6E01F5577">
            <seccion3Titulo>El ángulo de elevación</seccion3Titulo>
            <seccion3Texto>
              <p>Cuando un observador se encuentra por encima o por debajo de un
objeto observado, los ángulos formados por dos líneas imaginarias
llamadas <negrita>línea de visión</negrita> y <negrita>línea horizontal</negrita> que tienen como vértice el ojo del observador se conocen como <negrita>ángulo de depresión</negrita> o <negrita>ángulo de elevación</negrita>.</p>
              <imagen ampliable="no" src="MA_10_02_CO_IMG04_small.jpg">
                <p>La altura a la que están los ojos del observador, como se ve en
la ilustración, determina la recta horizontal o línea de visión. El
objeto observado puede encontrarse por encima o por debajo de esa
línea de visión, lo que determina si se trata de un ángulo de elevación
o uno de depresión.</p>
              </imagen>
              <destacado>
                <destacadoTitulo>Los componentes de los ángulos de elevación</destacadoTitulo>
                <destacadoTexto>
                  <p>Los <negrita>ángulos de elevación</negrita> están determinados
por dos rayos imaginarios que tienen vértice en el ojo del observador
y cuyos lados son el rayo horizontal a la altura del ojo y el rayo
generado por la línea de visión que une el ojo con el objeto observado,
que debe encontrarse por encima de la horizontal al ojo del observador.</p>
                </destacadoTexto>
              </destacado>
              <p>Es importante no confundir el ángulo de elevación con un ángulo
positivo en el sentido de la posición canónica del ángulo, aunque
parezca que la línea de visión puede ser el eje <cursiva>X</cursiva> y que el ángulo de elevación corresponde a un ángulo positivo en
un sistema de coordenadas, dado que la posición del lado inicial depende
de la ubicación del observador en el sistema de coordenadas.  </p>
              <p>Se pueden contrastar las diferencias entre la forma de medir ángulos
de elevación con la forma de medir ángulos en el <negrita>sistema
cuadrantal</negrita>, donde primero se especifica el punto cardinal
vertical en el que se encuentra el ángulo a medir, es decir Norte
o Sur, luego se mide el ángulo en grados cuyo lado inicial está sobre
el eje Norte - Sur y por último se indica el punto cardinal horizontal
en el que se encuentra el ángulo a medir, es decir Este - Oeste (en
Colombia es más común llamarlos Oriente - Occidente).</p>
              <imagen src="MA_10_02_CO_IMG05_small.jpg">
                <p>Algunos rumbos en el sistema cuadrantal de medición de ángulos.</p>
              </imagen>
            </seccion3Texto>
          </seccion3>
          <seccion3 id="S3_MA_10_02_CO_B6E96A273AF5456E983C1BC6E01F6688">
            <seccion3Titulo>El ángulo de depresión</seccion3Titulo>
            <seccion3Texto>
              <p>Los<negrita> ángulos de depresión </negrita>están determinados
por dos rayos imaginarios que tienen vértice en el ojo del observador
y cuyos lados son el rayo horizontal a la altura del ojo y el rayo
que va hacia el objeto observado, que debe encontrarse por debajo
de la horizontal.</p>
              <imagen src="MA_10_02_CO_IMG06_small.jpg">
                <p>El uso del sextante para medir ángulos permite determinar la latitud
a la que se encuentra una embarcación.</p>
              </imagen>
              <p>Los ángulos de elevación y de depresión se han medido a lo largo
de la historia usando instrumentos de medición como el cuadrante,
el sextante, el astrolabio, entre otros, surgidos principalmente de
la necesidad de establecer rumbos en astronomía y navegación.   </p>
              <p>En el sistema cuadrantal los ángulos complementarios a los rumbos
con componente Sur, serán los ángulos de depresión para un observador
que está en el origen del sistema de coordenadas.</p>
              <practica>
                <enlace destino="/LoIdRedirect.aspx?LoId=MA_10_02_CO_Recurso030&amp;IdRecurso=RES-6A1A0D7B693F4C55A91A8337F6415BA3">Reconoce ángulos de elevación y de depresión en la cotidianidad</enlace>
              </practica>
            </seccion3Texto>
          </seccion3>
          <seccion3 id="S3_MA_10_02_CO_B6E96A273AF5456E983C1BC6E01F7799">
            <seccion3Titulo>Los ángulos complementarios</seccion3Titulo>
            <seccion3Texto>
              <p>La relación de complementariedad está dada entre dos ángulos. Dos
ángulos se dicen <negrita>complementarios</negrita> si la suma de
sus medidas es igual a un ángulo recto.   </p>
              <p>Piensa en un observador que se encuentra en el origen de un sistema
cuadrantal mirando hacia el Oriente y se asume que sobre el observador
se ubica el Norte y a sus pies el Sur (piensa que está recostado en
el piso), en este caso hay ángulos complementarios entre los rumbos
y los ángulos de elevación en el mismo cuadrante. En la imagen, los
rumbos están sombreados, mientras que los ángulos de inclinación o
depresión están rayados. </p>
              <imagen src="MA_10_02_CO_IMG07_small.jpg">
                <p>Ángulos complementarios medidos como rumbos o ángulos de elevación
o depresión.</p>
              </imagen>
            </seccion3Texto>
          </seccion3>
          <seccion3 id="S3_MA_10_02_CO_B6E96A273AF5456E983C1BC6E01F8800">
            <seccion3Titulo>Los ángulos suplementarios</seccion3Titulo>
            <seccion3Texto>
              <p>Dos ángulos se dicen <negrita>suplementarios</negrita> si la suma
de sus medidas es igual a un ángulo llano.  </p>
              <p>Un ejemplo de ángulos suplementarios son los que se forman entre
la pantalla de un portátil cuando se abre y el ángulo de la pantalla
con la superficie sobre la que descansa. En general, cuando hay un
movimiento de vaivén respecto a un plano se generan ángulos suplementarios.</p>
              <imagen src="MA_10_02_CO_IMG08_small.jpg">
                <p>La suma de los ángulos verde y anaranjado es siempre igual a un
ángulo llano, es decir, son suplementarios.</p>
              </imagen>
              <p>En el caso particular de la apertura de la pantalla del portátil
se puede observar que el ángulo α = 90° es suplementario con el ángulo
β = 90°, pues ambos están medidos respecto a la recta roja que representa
la mesa de apoyo, sobre la que incide la semirrecta azul. En el mismo
ejemplo, el ángulo γ = 126° es suplementario con el ángulo δ = 54°.
Observa que la suma entre parejas de ángulos en la ilustración es
igual a 180°:</p>
              <recuerda>
                <recuerdaTexto>
                  <p>Un ángulo llano mide 180°, por lo que podemos decir que dos ángulos
complementarios forman un ángulo llano.</p>
                </recuerdaTexto>
              </recuerda>
            </seccion3Texto>
          </seccion3>
          <seccion3 id="S3_MA_10_02_CO_B6E96A273AF5456E983C1BC6E01F9911">
            <seccion3Titulo>Los ángulos coterminales</seccion3Titulo>
            <seccion3Texto>
              <p>Algunos fenómenos en cuya explicación se usan las mediciones angulares
son cíclicos, por ejemplo, la órbita que describe la Tierra alrededor
del Sol, o la que describe la Luna alrededor de la Tierra. </p>
              <imagen src="MA_10_02_CO_IMG09_small.jpg">
                <p>La cantidad de giros que da la Luna alrededor de la Tierra es aproximadamente
igual a 13 a lo largo de un año. Lo anterior sucede porque la luna
da una vuelta alrededor de la Tierra en 27 días y un tercio, aproximadamente.</p>
              </imagen>
              <p>Si piensas en dos ángulos con el mismo lado inicial y el mismo
lado final probablemente pienses que es un sinsentido, pues habría
solo un ángulo con el mismo lado inicial y el mismo lado final, pero
no es así. En la representación canónica, el lado inicial del ángulo
es siempre el eje <cursiva>X</cursiva>, por lo que al definir un ángulo
únicamente nos interesa el lado final en esta representación.  </p>
              <p>Hay varios casos en los que dos ángulos tienen el mismo lado inicial
y el mismo lado final:</p>
              <listaSinNumerar>
                <listaElemento>Los ángulos son congruentes.</listaElemento>
                <listaElemento>Si uno de los ángulos es positivo, el otro ángulo es
negativo de tal forma que coinciden sus lados finales.</listaElemento>
                <listaElemento>Si uno de los ángulos es positivo, el otro ángulo es
positivo y se obtiene adicionándole al ángulo dado un múltiplo de
360°, es decir adicionándole uno o varios giros completos.</listaElemento>
                <listaElemento>Si uno de los ángulos es negativo, el otro ángulo es
negativo y se obtiene sustrayendo un múltiplo de 360°, es decir adicionando
varios giros completos negativos al ángulo dado.</listaElemento>
              </listaSinNumerar>
              <p>En cualquiera de los casos anteriores, si los lados inicial y final
son los mismos, se dice que los ángulos son <negrita>coterminales</negrita>.</p>
              <imagen ampliable="no" src="MA_10_02_CO_IMG10_small.jpg">
                <p>En la imagen se puede observar el sistema Tierra – Luna con las
marcaciones de algunos ángulos coterminales asociados.</p>
              </imagen>
              <p>En el caso particular del sistema Tierra - Luna el ángulo α = 40°
es coterminal tanto con el ángulo β = ‒320° como con el ángulo γ =
400°.  </p>
              <p>Si al ángulo α se adiciona o se sustrae un ángulo de 360°, se obtienen
los otros dos:  </p>
              <p centrado="si">α + 360° = 40° + 360° = 400° = γ </p>
              <p centrado="si">α ‒ 360° = 40° ‒ 360° = ‒ 320° = β</p>
              <p>Si al ángulo α se adiciona o se sustrae un ángulo de 720° que es
múltiplo de 360°, se obtienen otros dos ángulos coterminales:  </p>
              <p centrado="si">α + 720° = 40° + 720° = 760° </p>
              <p centrado="si">α ‒ 720° = 40° ‒ 720° = ‒680°  </p>
              <p>Así, en el sistema de grados o sexagesimal, para encontrar diferentes
ángulos coterminales a un ángulo dado basta adicionar o sustraer múltiplos
de 360°.  Una propiedad adicional de los ángulos coterminales cuyas
medidas estén en grados es que si se sustraen parejas de ángulos coterminales
positivos, resulta un múltiplo de 360°. </p>
              <p>Por su parte, si se sustrae un ángulo negativo de un ángulo positivo,
si son coterminales, resulta también un múltiplo de 360°.  </p>
              <recuerda>
                <recuerdaTexto>
                  <p>Un ángulo completo es un ángulo de 360°</p>
                </recuerdaTexto>
              </recuerda>
              <p>Podemos generalizar las anteriores observaciones indicando que
los ángulos coterminales a un ángulo dado α son de la forma:  </p>
              <p centrado="si">α + (360°· <cursiva>n</cursiva>) o α ‒ (360°· <cursiva>n</cursiva>)  </p>
              <p>donde <cursiva>n</cursiva> es un número natural, es decir, adicionar
o sustraer <cursiva>n</cursiva> veces ángulos completos al ángulo
dado.</p>
              <practica>
                <enlace destino="/LoIdRedirect.aspx?LoId=MA_10_02_CO_Recurso040&amp;IdRecurso=RES-8FF4D74A49BA4056BC9DB6F07AB03320">Expresa la medida de ángulos en sistema sexagesimal</enlace>
                <enlace destino="/LoIdRedirect.aspx?LoId=MA_10_02_CO_Recurso050&amp;IdRecurso=RES-F9184E6A91D34B5A917DEFAD49ACF933">Determina la medida de ángulos en radianes</enlace>
              </practica>
            </seccion3Texto>
          </seccion3>
        </seccion2Texto>
      </seccion2>
      <seccion2 id="S2_MA_10_02_CO_B6E96A273AF5456E983C1BC6E01F1144">
        <seccion2Titulo>Consolidación</seccion2Titulo>
        <seccion2Texto>
          <p>Actividades para consolidar lo que has aprendido en esta sección.</p>
          <practica>
            <enlace destino="/LoIdRedirect.aspx?LoId=MA_10_02_CO_Recurso060&amp;IdRecurso=RES-72EB54E692044C1797C5C3292357BFFB">Refuerza tu aprendizaje: La medida de ángulos</enlace>
          </practica>
        </seccion2Texto>
      </seccion2>
    </seccion1Texto>
  </seccion1>
  <seccion1 id="S1_MA_10_02_CO_9C918C7C962243B59D9687FC27E8BBB4">
    <seccion1Titulo>Las razones trigonométricas</seccion1Titulo>
    <seccion1Texto>
      <p>Las <negrita>razones trigonométricas</negrita> son expresiones
matemáticas que relacionan medidas de ángulos y de distancias. Se
utilizan como base para analizar triángulos, que resultan útiles en
aplicaciones en ingeniería, astronomía, arquitectura y telecomunicaciones,
entre otros muchos otros campos científicos y técnicos.  </p>
      <p>En esta sección aprenderás qué son y cuáles son las grandes propiedades
de las razones trigonométricas. </p>
      <recuerda>
        <recuerdaTexto>
          <p>La razón es el cociente indicado entre dos cantidades <cursiva>a</cursiva> y <cursiva>b</cursiva> con <cursiva>b</cursiva> ≠ 0,
se puede escribir <cursiva>a</cursiva> : <cursiva>b</cursiva> o <cursiva>a</cursiva>/<cursiva>b</cursiva>  y se lee “<cursiva>a</cursiva> es
a <cursiva> b</cursiva>”.</p>
        </recuerdaTexto>
      </recuerda>
      <p>Se pueden encontrar razones entre número de estudiantes, número
de computadores, medidas de ángulos, medida de áreas, valores de masa
y entre infinidad de magnitudes; sin embargo, para enfocar el trabajo
aquí desarrollado nos centraremos únicamente en<negrita> longitudes
de lados de triángulos</negrita>, de hecho en una clase particular
de estos: los triángulos rectángulos.</p>
      <destacado>
        <destacadoTitulo>La trigonometría</destacadoTitulo>
        <destacadoTexto>
          <p>La palabra <negrita>trigonometría</negrita> tiene raíces griegas
en dos palabras que significan triángulo y medida, palabras que coinciden
con la definición de trigonometría como el estudio de las relaciones
matemáticas entre los lados y ángulos de un triángulo.</p>
        </destacadoTexto>
      </destacado>
      <p>Así, las razones trigonométricas indicarán relaciones entre magnitudes
dentro de un triángulo. La importancia de las razones trigonométricas
se fundamenta en el hecho de que si se encuentran estas razones para
un triángulo, estas son iguales para todos los triángulos semejantes. </p>
      <recuerda>
        <recuerdaTexto>
          <p>Dos triángulos son semejantes entre sí cuando sus ángulos respectivamente
correspondientes son congruentes entre sí y sus correspondientes lados
son proporcionales.</p>
        </recuerdaTexto>
      </recuerda>
      <seccion2 id="S2_MA_10_02_CO_9C918C7C962243B59D9687FC27E84422">
        <seccion2Titulo>Las razones trigonométricas en triángulos rectángulos</seccion2Titulo>
        <seccion2Texto>
          <p>Para definir las razones trigonométricas se parte de una clase
particular de triángulos, los triángulos rectángulos.  </p>
          <p>En el caso de los triángulos rectángulos, para verificar si dos
de ellos son semejantes, basta verificar que tengan uno de sus ángulos
agudos de la misma medida.  </p>
          <recuerda>
            <recuerdaTexto>
              <p>La suma de los ángulos internos de un triángulo siempre es 180°.</p>
            </recuerdaTexto>
          </recuerda>
          <p>Supongamos que se tienen dos o mas triángulos rectángulos con un
par de ángulos agudos congruentes como los que se presentan en la
imagen.</p>
          <imagen src="MA_10_02_CO_IMG11_small.jpg">
            <p>Los <negrita>triángulos</negrita><cursiva>ABC</cursiva>, <cursiva>A</cursiva>′<cursiva>B</cursiva>′<cursiva>C</cursiva> y <cursiva>A</cursiva>″<cursiva>B</cursiva>″<cursiva>C</cursiva> son <negrita>semejantes</negrita> entre sí.</p>
          </imagen>
          <p>Por tanto, se pueden establecer razones o cocientes entre los lados
de los triángulos rectángulos semejantes. Estas relaciones son constantes
si el ángulo se mantiene constante, para cualquier triángulo rectángulo.
Las razones entre los lados de los triángulos semejantes <cursiva>ABC</cursiva>, <cursiva>A</cursiva>′<cursiva>B</cursiva>′<cursiva>C</cursiva> y <cursiva>A</cursiva>″<cursiva>B</cursiva>″<cursiva>C</cursiva> son:</p>
          <formula alineacion="centrada" src="MA_10_02_010.gif">
          </formula>
          <formula alineacion="centrada" src="MA_10_02_011.gif">
          </formula>
          <formula alineacion="centrada" src="MA_10_02_012.gif">
          </formula>
          <p>Estas igualdades o razones son independientes de las longitudes
de los lados de cada triángulo. </p>
          <recuerda>
            <recuerdaTexto>
              <p>En un triángulo rectángulo, el lado opuesto al ángulo recto es
llamado <negrita>hipotenusa</negrita> y los lados que forman el ángulo
recto son llamados <negrita>catetos</negrita>.</p>
            </recuerdaTexto>
          </recuerda>
          <p>Los catetos reciben nombres particulares cuando se relacionan con
uno de los ángulos agudos:</p>
          <listaSinNumerar>
            <listaElemento>
              <negrita>Cateto adyacente</negrita>, cuando el cateto
es uno de los lados que forma el ángulo agudo.</listaElemento>
            <listaElemento>
              <negrita>Cateto opuesto</negrita>, cuando el cateto
es opuesto al ángulo dado.</listaElemento>
          </listaSinNumerar>
          <imagen ampliable="no" src="MA_10_02_CO_IMG12_small.jpg">
            <p>Los lados del triángulo rectángulo se nombran en función de su
ubicación respecto al ángulo α, el lado <cursiva>c</cursiva> es la
hipotenusa, el lado <cursiva>b</cursiva> es el <negrita>cateto</negrita> opuesto y el lado a es el <negrita>cateto adyacente</negrita>.</p>
          </imagen>
          <p>Con base en el triángulo de la gráfica anterior, se definen las
razones trigonométricas para el ángulo α:</p>
          <listaSinNumerar>
            <listaElemento>El <negrita>seno</negrita> de α es el cociente entre
la longitud del <negrita>cateto opuesto</negrita> al ángulo α y la
longitud de la hipotenusa. De forma abreviada se escribe <negrita>sen α</negrita>.<formula alineacion="centrada" src="MA_10_02_013.gif"></formula></listaElemento>
            <listaElemento>El <negrita>coseno</negrita> de α es el cociente entre
la longitud del <negrita>cateto adyacente</negrita> al ángulo α y
la longitud de la <negrita>hipotenusa</negrita>. De forma abreviada,
se escribe <negrita>cos α</negrita>.<formula alineacion="centrada" src="MA_10_02_014.gif"></formula></listaElemento>
            <listaElemento>La <negrita>tangente</negrita> de α es el cociente
entre el <negrita>cateto opuesto</negrita> al ángulo α y el <negrita>cateto adyacente </negrita>al mismo. De forma abreviada, se escribe <negrita>tan α</negrita>.<formula alineacion="centrada" src="MA_10_02_015.gif"></formula></listaElemento>
          </listaSinNumerar>
          <recuerda>
            <recuerdaTexto>
              <p>Cuando encuentres las palabras cateto (opuesto o adyacente) e hipotenusa,
siempre se están indicando las longitudes de lado de un triángulo
rectángulo.</p>
            </recuerdaTexto>
          </recuerda>
          <p>Las <negrita>razones inversas</negrita> a las razones anteriores
son las siguientes:</p>
          <listaSinNumerar>
            <listaElemento>La <negrita>cosecante</negrita> del ángulo α, escrita
csc α,se define como:<formula alineacion="centrada" src="MA_10_02_016.gif"></formula></listaElemento>
            <listaElemento>La <negrita>secante</negrita> del ángulo α, escrita
sec α,se define como:<formula alineacion="centrada" src="MA_10_02_017.gif"></formula></listaElemento>
            <listaElemento>La <negrita>cotangente</negrita> del ángulo α, escrita
cot α,se define como:<formula alineacion="centrada" src="MA_10_02_018.gif"></formula></listaElemento>
          </listaSinNumerar>
          <p>El término <negrita>razón inversa</negrita> indica los <negrita>inversos multiplicativos</negrita>, como puedes verificar, la cosecante
es la razón inversa al seno, la secante es la razón inversa del coseno
y la cotangente es la razón inversa de la tangente.  </p>
          <p>Por ejemplo, calculemos las razones trigonométricas de los ángulos
agudos α y β del triángulo rectángulo <cursiva>ABC</cursiva> de la
siguiente ilustración:</p>
          <imagen ampliable="no" src="MA_10_02_CO_IMG13_small.jpg">
            <p>El triángulo rectángulo <cursiva>ABC</cursiva> cuyos catetos miden
6 cm y 8 cm, y su hipotenusa mide 10 cm </p>
          </imagen>
          <p>Las razones trigonométricas para α y β son:</p>
          <formula alineacion="centrada" src="MA_10_02_019.gif">
          </formula>
          <formula alineacion="centrada" src="MA_10_02_020.gif">
          </formula>
          <formula alineacion="centrada" src="MA_10_02_021.gif">
          </formula>
          <formula alineacion="centrada" src="MA_10_02_022.gif">
          </formula>
          <formula alineacion="centrada" src="MA_10_02_023.gif">
          </formula>
          <formula alineacion="centrada" src="MA_10_02_024.gif">
          </formula>
          <p>Se debe tener en cuenta que, mientras que el cateto opuesto al
ángulo α es el lado <cursiva>CA</cursiva>, el cateto opuesto al ángulo
β es <cursiva>BA</cursiva>.   </p>
          <p>Los valores del seno y el coseno de un ángulo agudo son siempre
menores que 1. Esto sucede porque la hipotenusa siempre es mayor que
cualquiera de sus catetos.</p>
          <destacado>
            <destacadoTitulo>La razón trigonométrica </destacadoTitulo>
            <destacadoTexto>
              <p>Una <negrita>razón trigonométrica</negrita> es una expresión matemática
que relaciona medida de ángulos y longitudes. Se representa mediante
el cociente entre las longitudes de dos lados de un triángulo rectángulo. </p>
            </destacadoTexto>
          </destacado>
          <p>Los triángulos rectángulos cuyos ángulos agudos son 30°, 45° o
60° son muy frecuentes en geometría, estos son llamados <negrita>ángulos
notables</negrita>. Por tanto, resulta muy útil conocer sus razones
trigonométricas.   </p>
          <p>Por ejemplo, si se sabe que sen α = √7/3 determinemos los valores
de las demás razones trigonométricas. Es decir que se debe hallar
un ángulo cuyo seno sea √7/3 ≈ 0,88. Lo resolveremos con la ayuda
de la calculadora:  </p>
          <p>Se introduce el valor (0,88) y luego SHIFT y SIN. Se obtiene 61,64236342.
 </p>
          <p>Con la tecla de grados, pasamos dicho valor al sistema sexagesimal:
 </p>
          <p centrado="si">α = arcsin (√7/3) = 61,64236342 = 61° 38´ 32,51´´
≈ 61°  </p>
          <p>Se calcula el resto de las razones trigonométricas del ángulo 61°:</p>
          <formula alineacion="centrada" src="MA_10_02_025.gif">
          </formula>
          <formula alineacion="centrada" src="MA_10_02_026.gif">
          </formula>
          <profundiza>
            <enlace destino="/LoIdRedirect.aspx?LoId=MA_10_02_CO_Recurso070&amp;IdRecurso=RES-BE0FA34D8FBE4437A9924958D05427F0">Razones trigonométricas de un ángulo agudo</enlace>
          </profundiza>
          <seccion3 id="S3_MA_10_02_CO_9C918C7C962243B59D9687FC27E83399">
            <seccion3Titulo>Las razones trigonométricas para ángulos de 30° y
60°</seccion3Titulo>
            <seccion3Texto>
              <p>Se pueden calcular las razones trigonométricas para los ángulos
notables de 30° de forma simple, para esto es necesario realizar una
construcción geométrica y hacer uso del teorema de Pitágoras.  </p>
              <p>Considera un triángulo equilátero de lados iguales a la unidad.
La altura lo divide en dos triángulos rectángulos congruentes.</p>
              <imagen ampliable="no" src="MA_10_02_CO_IMG14_small.jpg">
                <p>Si se biseca uno de los ángulos del triángulo equilátero, el triángulo
se divide en dos triángulos rectángulos congruentes, cada uno de ellos
con ángulos agudos de 30° y 60°.</p>
              </imagen>
              <p>La longitud de la hipotenusa del triángulo rectángulo <cursiva>CEF</cursiva> es 1 y la longitud de uno de sus catetos es de 1/2,
en virtud del teorema de Pitágoras se puede calcular el valor de <cursiva>h</cursiva>:</p>
              <formula alineacion="centrada" src="MA_10_02_027.gif">
              </formula>
              <formula alineacion="centrada" src="MA_10_02_028.gif">
              </formula>
              <p>Una vez conocido el valor de la altura, podemos calcular las razones
trigonométricas de los ángulos de 30° y 60°, esto funciona para cualquier
triángulo rectángulo cuyos ángulos sean 30° y 60°, independientemente
de que se haya considerado un triángulo de lado 1.</p>
              <table border="1" cellpadding="5" cellspacing="0">
                <caption>Razones
trigonométricas de un ángulo de 30° </caption>
                <colgroup align="center">
                  <col />
                  <col />
                  <col />
                </colgroup>
                <tbody>
                  <tr>
                    <td>
                      <formula alineacion="centrada" src="MA_10_02_050.gif">
                      </formula>.</td>
                    <td>
                      <formula alineacion="centrada" src="MA_10_02_051.gif">
                      </formula>.</td>
                    <td>
                      <formula alineacion="centrada" src="MA_10_02_052.gif">
                      </formula>.</td>
                  </tr>
                  <tr>
                    <td>
                      <formula alineacion="centrada" src="MA_10_02_053.gif">
                      </formula>.</td>
                    <td>
                      <formula alineacion="centrada" src="MA_10_02_054.gif">
                      </formula>.</td>
                    <td>
                      <formula alineacion="centrada" src="MA_10_02_055.gif">
                      </formula>.</td>
                  </tr>
                </tbody>
              </table>
              <table border="1" cellpadding="5" cellspacing="0">
                <caption>Razones
trigonométricas de un ángulo de 60°</caption>
                <colgroup align="center">
                  <col />
                  <col />
                  <col />
                </colgroup>
                <tbody>
                  <tr>
                    <td>
                      <formula alineacion="centrada" src="MA_10_02_056.gif">
                      </formula>.</td>
                    <td>
                      <formula alineacion="centrada" src="MA_10_02_057.gif">
                      </formula>.</td>
                    <td>
                      <formula alineacion="centrada" src="MA_10_02_058.gif">
                      </formula>.</td>
                  </tr>
                  <tr>
                    <td>
                      <formula alineacion="centrada" src="MA_10_02_059.gif">
                      </formula>.</td>
                    <td>
                      <formula alineacion="centrada" src="MA_10_02_060.gif">
                      </formula>.</td>
                    <td>
                      <formula alineacion="centrada" src="MA_10_02_061.gif">
                      </formula>.</td>
                  </tr>
                </tbody>
              </table>
              <p>Observa que sen 30° multiplicado por csc 30° es 1, esto dado que
la cosecante es inversa de la función seno, también cabe resaltar
que sucede lo mismo al multiplicar coseno con secante y tangente con
cotangente. </p>
            </seccion3Texto>
          </seccion3>
          <seccion3 id="S3_MA_10_02_CO_9C918C7C962243B59D9687FC27E84400">
            <seccion3Titulo>Las razones trigonométricas del ángulo de 45°</seccion3Titulo>
            <seccion3Texto>
              <p>Para calcular las razones trigonométricas del ángulo de 45° se
realiza una construcción geométrica que genere un triángulo rectángulo
con el ángulo agudo deseado, y con el uso del teorema de Pitágoras
se obtiene la medida de la longitud de todos sus lados.</p>
              <imagen src="MA_10_02_CO_IMG15_small.jpg">
                <p>Se construye un cuadrado de lado 1 unidad y se traza una de sus
diagonales, con esto se obtienen dos triángulos rectángulos de catetos
con una longitud de 1 unidad. Los triángulos obtenidos al dividir
el cuadrado son isósceles con ángulos agudos de 45°.</p>
              </imagen>
              <p>Ahora, al utilizar el teorema de Pitágoras para calcular la hipotenusa <cursiva>d</cursiva> de uno de los triángulos se obtiene:</p>
              <formula alineacion="centrada" src="MA_10_02_031.gif">
              </formula>
              <p>De esta forma, con las medidas de los catetos y de la hipotenusa
se pueden calcular las razones trigonométricas para 45°:</p>
              <table border="1" cellpadding="5" cellspacing="0">
                <caption>Razones
trigonométricas de un ángulo de 45°</caption>
                <colgroup align="center">
                  <col />
                  <col />
                  <col />
                </colgroup>
                <tbody>
                  <tr>
                    <td>
                      <formula alineacion="centrada" src="MA_10_02_063.gif">
                      </formula>.</td>
                    <td>
                      <formula alineacion="centrada" src="MA_10_02_064.gif">
                      </formula>.</td>
                    <td>
                      <formula alineacion="centrada" src="MA_10_02_065.gif">
                      </formula>.</td>
                  </tr>
                  <tr>
                    <td>
                      <formula alineacion="centrada" src="MA_10_02_066.gif">
                      </formula>.</td>
                    <td>
                      <formula alineacion="centrada" src="MA_10_02_067.gif">
                      </formula>.</td>
                    <td>
                      <formula alineacion="centrada" src="MA_10_02_068.gif">
                      </formula>.</td>
                  </tr>
                </tbody>
              </table>
              <p>Ten en cuenta que el triángulo rectángulo construido es el único
en el que la medida de los catetos es igual, por lo que 45° será el
único ángulo para el que las razones seno y coseno son iguales.</p>
              <table cellpadding="5" cellspacing="0">
                <caption>Valores de las razones
trigonométricas de los ángulos notables</caption>
                <colgroup align="center">
                  <col />
                  <col />
                  <col />
                  <col />
                </colgroup>
                <tbody>
                  <tr>
                    <td>
                      <negrita>α</negrita>
                    </td>
                    <td>
                      <negrita>30°</negrita>
                    </td>
                    <td>
                      <negrita>45°</negrita>
                    </td>
                    <td>
                      <negrita>60°</negrita>
                    </td>
                  </tr>
                  <tr>
                    <td>sen α</td>
                    <td>1/2</td>
                    <td>√2/2</td>
                    <td>√3/2</td>
                  </tr>
                  <tr>
                    <td>cos α</td>
                    <td>√3/2</td>
                    <td>√2/2</td>
                    <td>1/2</td>
                  </tr>
                  <tr>
                    <td>tan α</td>
                    <td>√3/3</td>
                    <td>1</td>
                    <td>√3</td>
                  </tr>
                  <tr>
                    <td>cot α</td>
                    <td>√3</td>
                    <td>1</td>
                    <td>√3/3</td>
                  </tr>
                  <tr>
                    <td>sec α</td>
                    <td>2√3/3</td>
                    <td>√2</td>
                    <td>2</td>
                  </tr>
                  <tr>
                    <td>csc α</td>
                    <td>2</td>
                    <td>√2</td>
                    <td>2√3/3</td>
                  </tr>
                </tbody>
              </table>
              <p>Por ejemplo, un estudiante observa que un punto <cursiva>S</cursiva> ubicado al nivel del suelo, como se observa en la siguiente imagen,
está a una distancia de 15 m de la base del asta de una bandera, ¿cuál
es la altura <cursiva>h</cursiva> del asta de la bandera?</p>
              <imagen src="MA_10_02_CO_IMG16_small.jpg">
                <p>Triángulo rectángulo que sirve de esquema la situación planteada.</p>
              </imagen>
              <p>La longitud del cateto opuesto al vértice <cursiva>S</cursiva> del
triángulo rectángulo se puede hallar haciendo uso de la razón trigonométrica
tangente, ya que esta función relaciona el ángulo, el cateto adyacente
y el cateto opuesto.  </p>
              <p centrado="si">
                <cursiva>h</cursiva> = 15 ∙ tan 30° ≈ 8,66 </p>
              <p>Por lo tanto la altura <cursiva>h</cursiva> del asta de la bandera
es de 8,66 m.</p>
              <practica>
                <enlace destino="/LoIdRedirect.aspx?LoId=MA_10_02_CO_Recurso080&amp;IdRecurso=RES-59B3CCE88CB64581B69B7EDD95E23F63">Resuelve razones trigonométricas de 30º, 45º y 60º</enlace>
                <enlace destino="/LoIdRedirect.aspx?LoId=MA_10_02_CO_Recurso090&amp;IdRecurso=RES-6E409D22E5D749C88D7ED7A7D9CB1823">Relaciona cada razón con su definición</enlace>
              </practica>
            </seccion3Texto>
          </seccion3>
        </seccion2Texto>
      </seccion2>
      <seccion2 id="S2_MA_10_02_CO_9C918C7C962243B59D9687FC27E85533">
        <seccion2Titulo>Consolidación</seccion2Titulo>
        <seccion2Texto>
          <p>Actividades para consolidar lo que has aprendido en esta sección.</p>
          <practica>
            <enlace destino="/LoIdRedirect.aspx?LoId=MA_10_02_CO_Recurso100&amp;IdRecurso=RES-B962CB31E9134E769376B6BDFCBFBA11">Refuerza tu aprendizaje: Las razones trigonométricas</enlace>
          </practica>
        </seccion2Texto>
      </seccion2>
    </seccion1Texto>
  </seccion1>
  <seccion1 id="S1_MA_10_02_CO_1167CD66D82944CEB49C0B5B7381E8A7">
    <seccion1Titulo>La resolución de triángulos rectángulos</seccion1Titulo>
    <seccion1Texto>
      <p>Resolver un triángulo implica que a través de los elementos conocidos
del triángulo se encuentren las medidas de los lados y ángulos que
se desconocen.</p>
      <recuerda>
        <recuerdaTexto>
          <p>Para resolver<negrita> triángulos rectángulos</negrita> se debe
tener en cuenta que:</p>
          <listaSinNumerar>
            <listaElemento>Siempre se conoce la medida de uno de sus ángulos:
el <negrita>ángulo recto</negrita>.</listaElemento>
            <listaElemento>Las longitudes de los lados se relacionan mediante
el <negrita>teorema de Pitágoras</negrita>.</listaElemento>
            <listaElemento>Los dos ángulos agudos son <negrita>complementarios</negrita>.</listaElemento>
          </listaSinNumerar>
        </recuerdaTexto>
      </recuerda>
      <p>Para poder resolver triángulos rectángulos, es necesario conocer
al menos uno de los siguientes conjuntos de datos: las medidas <negrita>dos lados </negrita>del triángulo o bien, las medidas de <negrita>un lado y un ángulo agudo</negrita>.   </p>
      <p>Para estas dos posibilidades se deben distinguir los procedimientos
de resolución en términos de los elementos conocidos.</p>
      <seccion2 id="S2_MA_10_02_CO_1167CD66D82944CEB49C0B5B73813377">
        <seccion2Titulo>La resolución de un triángulo rectángulo cuando se
conocen un lado y un ángulo agudo</seccion2Titulo>
        <seccion2Texto>
          <p>El procedimiento para resolver un triángulo rectángulo, conociendo
las medidas de un lado y un ángulo agudo requiere conocer las razones
trigonométricas de los ángulos notables (30°, 45° y 60°).  </p>
          <p>Observa cómo se resuelve un triángulo rectángulo a partir del siguiente
ejemplo: </p>
          <p>Se quiere calcular la altura de una torre, sabiendo que a una distancia
horizontal de 30 metros de su base se observa la punta del campanario
con un ángulo de elevación de 60°.</p>
          <imagen src="MA_10_02_CO_IMG17_small.jpg">
            <p>Para resolver este tipo de problemas lo primero que se debe hacer
es dibujar un esquema del problema y, al lado, el triángulo rectángulo
que esquematiza la situación.</p>
          </imagen>
          <p>El ejercicio se puede resolver siguiendo estos pasos:</p>
          <p>1.	Se identifican los datos. Para ellos, se hace un esquema y se
observa que la distancia que separa al observador de la base es igual
al cateto adyacente del ángulo de 60°.    </p>
          <p>2.	Se identifican las incógnitas: </p>
          <p centrado="si">Altura de la torre = cateto opuesto al ángulo de
60°  </p>
          <p>3.	Se utiliza una de las razones trigonométricas para calcular
uno de los lados del triángulo rectángulo (el lado que coincide con
la altura de la torre). Se observa que se conoce la medida de uno
de los lados (el cateto adyacente a 60°) y uno de los ángulos agudos,
y se debe determinar la altura <cursiva>h</cursiva>, que es el cateto
opuesto de 60°, por lo tanto se pueden relacionar los catetos y el
ángulo a través de la razón tangente de 60° así: </p>
          <formula alineacion="centrada" src="MA_10_02_033.gif">
          </formula>
          <p>Se despeja <cursiva>h</cursiva> y se obtiene: </p>
          <formula alineacion="centrada" src="MA_10_02_034.gif">
          </formula>
          <p>Debido a que 60° es un ángulo notable se conoce el valor de tan
60°, por tanto:</p>
          <formula alineacion="centrada" src="MA_10_02_035.gif">
          </formula>
          <p>De esta forma se concluye que la torre tiene una altura aproximada
de 51,96 m.  </p>
          <p>Hasta aquí, hemos encontrado dos de los lados del triángulo rectángulo,
por lo que será necesario calcular el tercero, para lo cual usamos
el teorema de Pitágoras y obtenemos que la hipotenusa es 60 m. Verifícalo.
Finalmente, se calcula el ángulo faltante recordando que la suma de
los ángulos internos de un triángulo es 180°, así que el ángulo será
de 30°. De este modo el triángulo quedará resuelto.</p>
        </seccion2Texto>
      </seccion2>
      <seccion2 id="S2_MA_10_02_CO_1167CD66D82944CEB49C0B5B73814488">
        <seccion2Titulo>La resolución de un triángulo rectángulo cuando se
conocen dos lados</seccion2Titulo>
        <seccion2Texto>
          <p>En el caso de tener dos de los lados de un triángulo rectángulo
se presentan dos casos:</p>
          <listaSinNumerar>
            <listaElemento>Se conocen los catetos.</listaElemento>
            <listaElemento>Se conoce un cateto y la hipotenusa.</listaElemento>
          </listaSinNumerar>
          <p>En cualquiera de los anteriores casos, para encontrar la medida
del tercer lado basta con usar el teorema de Pitágoras. </p>
          <p>Para encontrar la medida de los ángulos agudos es necesario tener
presentes las razones trigonométricas de los ángulos notables 30°,
45° y 60°. Observa el método a través de los siguientes ejemplos.
 </p>
          <p>Se tiene un triángulo rectángulo <cursiva>ABC</cursiva>, del que
se conocen la longitud de sus catetos, ¿cuál es la longitud de la
hipotenusa? ¿Cuáles son las medidas de los ángulos internos del triángulo?</p>
          <imagen ampliable="no" src="MA_10_02_CO_IMG18_small.jpg">
            <p>En el triángulo rectángulo <cursiva>ABC</cursiva> del cual se conoce
la longitud de los catetos <cursiva>b</cursiva> = 6 cm y <cursiva>c</cursiva> = 4 cm, se puede encontrar la medida del lado a utilizando
el teorema de Pitágoras.</p>
          </imagen>
          <p>Para responder estas preguntas seguimos este procedimiento:  </p>
          <p>1.	Se aplica el teorema de Pitágoras para encontrar la longitud
de la hipotenusa.</p>
          <formula alineacion="centrada" src="MA_10_02_069.gif">
          </formula>
          <formula alineacion="centrada" src="MA_10_02_070.gif">
          </formula>
          <p>Dado que ya se conocen los lados del triángulo <cursiva>ABC</cursiva>, se pueden relacionar dos de ellos a través de una razón trigonométrica,
en concreto la tangente del ángulo <cursiva>C</cursiva>.</p>
          <formula alineacion="centrada" src="MA_10_02_036.gif">
          </formula>
          <p>2.	Ahora se debe hallar un ángulo cuya tangente sea 0,6667. Lo
resolveremos con la ayuda de la calculadora:  </p>
          <p>3. Se introduce el valor 0,6667 y luego SHIFT y TAN. Se obtiene
33,6914°.  </p>
          <p>Con la tecla de grados, pasamos dicho valor al sistema sexagesimal:
 </p>
          <p centrado="si">∡<cursiva>C</cursiva> = arctan (0,6667) = 33,6914
= 33° 41´ 23´´  </p>
          <p>4. Se calcula el ángulo del vértice <cursiva>B</cursiva>:  </p>
          <p centrado="si">∡<cursiva>B</cursiva> = 90° ‒ ∡<cursiva>C</cursiva> = 90° ‒ 33°41´23´´ = 56° 18´ 31´´</p>
          <p>Según estos cálculos, en el triángulo <cursiva>ABC</cursiva> la
hipotenusa mide 7,21 cm, el ángulo <cursiva>C</cursiva> mide 33° 41′
29″ y el ángulo <cursiva>B</cursiva> mide 56° 18′ 31″.  </p>
          <p>Observa con un ejemplo la resolución de un triángulo rectángulo
cuando se conocen las medidas de la hipotenusa y uno de los catetos.
 </p>
          <p>Una escalera de 6,5 m de longitud está apoyada sobre la pared.
El pie de la escalera dista de la base de la pared 2 m. ¿A qué altura
se encuentra apoyada la escalera? ¿Cuál es el valor del ángulo que
forma la escalera con la pared? </p>
          <imagen src="MA_10_02_CO_IMG19_small.jpg">
            <p>Con el esquema se observa que la longitud de la escalera es igual
a la hipotenusa del triángulo rectángulo, y la distancia que separa
la escalera de la pared es igual al cateto opuesto al ángulo que forma
con la pared.</p>
          </imagen>
          <p>Para resolver el problema, seguimos este procedimiento: </p>
          <p>1.	Se identifican los datos. Para ello, se hace un esquema.  </p>
          <p>2.	Se identifican las incógnitas: </p>
          <p>Ángulo que forma la escalera con la pared = β. </p>
          <p>Altura a la que se encuentra apoyada la escalera = cateto adyacente
al ángulo β. </p>
          <p>3.	Para calcular la altura se aplica el teorema de Pitágoras:</p>
          <p centrado="si">
            <cursiva>a</cursiva>
            <superindice>2</superindice> = <cursiva>b</cursiva><superindice>2</superindice> + <cursiva>c</cursiva><superindice>2</superindice></p>
          <p centrado="si">(6,5)<superindice>2</superindice> = <cursiva>b</cursiva><superindice>2</superindice> + (2)<superindice>2</superindice></p>
          <p centrado="si">
            <cursiva>b</cursiva>
            <superindice>2</superindice> =
38,25 ⇒ <cursiva>b</cursiva> = 6,18 m</p>
          <p>4.	Para calcular el ángulo β se utiliza una razón trigonométrica:</p>
          <formula alineacion="centrada" src="MA_10_02_071.gif">
          </formula>
          <formula alineacion="centrada" src="MA_10_02_072.gif">
          </formula>
          <p>La respuesta es que la escalera se encuentra apoyada a 6,18 m de
altura y forma un ángulo de 17° 55′ 14″ con la pared.</p>
          <destacado>
            <destacadoTitulo>La resolución de un triángulo rectángulo </destacadoTitulo>
            <destacadoTexto>
              <p>Puedes usar el siguiente esquema de tres pasos para resolver un
triángulo rectángulo cuando se conoce un lado y un ángulo agudo:</p>
              <listaNumerada>
                <listaElemento>Se identifican los datos.</listaElemento>
                <listaElemento>Se identifican las incógnitas.</listaElemento>
                <listaElemento>Se utiliza una de las razones trigonométricas para
calcular uno de los lados del triángulo rectángulo.</listaElemento>
              </listaNumerada>
              <p>Para la resolución de triángulos rectángulos en los que se conocen
dos lados, se pueden seguir los siguientes pasos:</p>
              <listaNumerada>
                <listaElemento>Se identifican los datos.</listaElemento>
                <listaElemento>Se utiliza el teorema de Pitágoras para determinar
el lado desconocido en el triángulo rectángulo.</listaElemento>
                <listaElemento>Se utiliza una de las razones trigonométricas para
calcular los ángulos agudos. </listaElemento>
              </listaNumerada>
            </destacadoTexto>
          </destacado>
        </seccion2Texto>
      </seccion2>
      <seccion2 id="S2_MA_10_02_CO_1167CD66D82944CEB49C0B5B73815599">
        <seccion2Titulo>Consolidación</seccion2Titulo>
        <seccion2Texto>
          <p>Actividades para consolidar lo que has aprendido en esta sección.</p>
          <practica>
            <enlace destino="/LoIdRedirect.aspx?LoId=MA_10_02_CO_Recurso140&amp;IdRecurso=RES-9E547110F4A54E4B8442C107D400644E">Refuerza tu aprendizaje: La resolución de triángulos rectángulos</enlace>
          </practica>
        </seccion2Texto>
      </seccion2>
    </seccion1Texto>
  </seccion1>
  <seccion1 id="S1_MA_10_02_CO_95B7FB6DFCC246DB952CAFBABEBF6C52">
    <seccion1Titulo>Las razones trigonométricas para cualquier ángulo</seccion1Titulo>
    <seccion1Texto>
      <p>En un plano cartesiano, se define la <negrita>circunferencia unitaria </negrita>como aquella cuyo centro está en el origen y su radio es la unidad.
La representación analítica de la circunferencia unitaria está dada
por la ecuación  </p>
      <p centrado="si">
        <cursiva>x</cursiva>
        <superindice>2</superindice> + <cursiva>y</cursiva><superindice>2</superindice> = 1.</p>
      <imagen ampliable="no" src="MA_10_02_CO_IMG20_small.jpg">
        <p>La circunferencia con centro <cursiva>P</cursiva> y radio <cursiva>r</cursiva> es el conjunto de todos los puntos del plano que están
a una distancia <cursiva>r</cursiva> del punto <cursiva>P</cursiva>. En este caso se trata de una <negrita>circunferencia unitaria </negrita>pues su radio es igual a la unidad y tiene su centro en origen de
coordenadas.</p>
      </imagen>
      <recuerda>
        <recuerdaTexto>
          <p>Si un punto (<cursiva>r</cursiva>, <cursiva>s</cursiva>) está en
la circunferencia unitaria, entonces debe cumplir que:  </p>
          <p centrado="si">
            <cursiva>r</cursiva>
            <superindice>2</superindice> + <cursiva>s</cursiva><superindice>2</superindice> = 1</p>
        </recuerdaTexto>
      </recuerda>
      <p>Para verificar que el punto <cursiva>M</cursiva> de coordenadas
(‒1, 0) está en la circunferencia unitaria, verificamos que se cumpla
la igualdad:  </p>
      <p centrado="si">(‒1)<superindice>2</superindice> + 0<superindice>2</superindice> = 1  </p>
      <p>que en este caso resulta cierta y por lo tanto el punto <cursiva>M</cursiva> está en la circunferencia unitaria.  </p>
      <p>Por otra parte, el punto <cursiva>Q</cursiva> = (1, 2) no está
en la circunferencia unitaria, dado que:  </p>
      <p centrado="si">1<superindice>2</superindice> + 2<superindice>2</superindice> ≠ 1</p>
      <seccion2 id="S2_MA_10_02_CO_95B7FB6DFCC246DB952CAFBABEBF7766">
        <seccion2Titulo>Las razones trigonométricas para un ángulo cualquiera</seccion2Titulo>
        <seccion2Texto>
          <p>Las razones trigonométricas se definieron a partir de triángulos
rectángulos, por lo que se limitan a ángulos entre 0° y 90° sin embargo,
utilizando la <negrita>circunferencia unitaria</negrita> las razones
trigonométricas se pueden extender a todos los ángulos, tanto negativos
como positivos. Veamos cómo se calculan las razones trigonométricas
de un ángulo cualquiera.   </p>
          <p>Sobre un sistema de coordenadas cartesianas, se traza una circunferencia
de radio igual a 1 y centro <cursiva>O</cursiva> en el origen de coordenadas;
al dibujar un ángulo α en posición normal, se encuentra que el lado
que lo define corta a la circunferencia en un punto <cursiva>P</cursiva>.  </p>
          <p>Es importante notar que cada punto de la circunferencia unitaria
forma un único ángulo normal en el plano cartesiano, cada ángulo α
queda determinado por las coordenadas del punto <cursiva>P</cursiva>(<cursiva>a, b</cursiva>) sobre la circunferencia de radio igual
a la unidad.</p>
          <imagen src="MA_10_02_CO_IMG21_small.jpg">
            <p>A partir de un punto en la circunferencia es posible formar un
triángulo rectángulo cuya base está sobre el eje horizontal, la <negrita>altura</negrita> de este triángulo será el <negrita>seno</negrita> del ángulo y su <negrita>base</negrita> será el <negrita>coseno</negrita> del ángulo.</p>
          </imagen>
          <p>De esta forma se pueden calcular las razones trigonométricas para
un ángulo cualquiera.</p>
          <formula alineacion="centrada" src="MA_10_02_038.gif">
          </formula>
          <p>Este método permite calcular las razones trigonométricas de un
ángulo cualquiera, ya que las coordenadas del punto <cursiva>P</cursiva> coinciden, en cada caso, con el seno y el coseno del ángulo: </p>
          <p centrado="si">
            <cursiva>P</cursiva> (<cursiva>a, b</cursiva>) =
(cos α, sen α) </p>
          <p>En particular para los ángulos 0°, 90°, 180° y 270°, los valores
del seno y del coseno resultan ser iguales a 0, 1 o ‒1.  </p>
          <p>Por ejemplo, para un ángulo de 0°, el punto que lo define sobre
la circunferencia unitaria es <cursiva>P</cursiva>(1, 0) y, por lo
tanto, dado que <cursiva>P</cursiva>(<cursiva>a, b</cursiva>) = (cos
α, sen α), se deduce que: sen 0° = 0 y cos 0° = 1.</p>
          <imagen src="MA_10_02_CO_IMG22_small.jpg">
            <p>Los valores de las razones trigonométricas <negrita>seno</negrita> y <negrita>coseno</negrita> para los ángulos de 0°, 90°, 180° y
270° se calculan fácilmente a partir de la circunferencia unitaria.</p>
          </imagen>
          <p>Los resultados exactos de las razones trigonométricas para ángulos
múltiplos de 90° están en la siguiente tabla:</p>
          <table cellpadding="5" cellspacing="0">
            <caption>Las razones trigonométricas
de 0°, 90°, 180° y 270°</caption>
            <colgroup align="center">
              <col />
              <col />
              <col />
              <col />
            </colgroup>
            <tbody>
              <tr>
                <td>
                  <negrita>α</negrita>
                </td>
                <td>
                  <negrita>sen α</negrita>
                </td>
                <td>
                  <negrita>cos α</negrita>
                </td>
                <td>
                  <negrita>tan α</negrita>
                </td>
              </tr>
              <tr>
                <td>0° = 0 rad</td>
                <td>0</td>
                <td>1</td>
                <td>0</td>
              </tr>
              <tr>
                <td>90° = π/2 rad</td>
                <td>1</td>
                <td>0</td>
                <td>No está definida</td>
              </tr>
              <tr>
                <td>180° = π rad</td>
                <td>0</td>
                <td>‒1</td>
                <td>0</td>
              </tr>
              <tr>
                <td>270° = 3 π/2 rad</td>
                <td>‒1</td>
                <td>0</td>
                <td>No está definida</td>
              </tr>
            </tbody>
          </table>
          <p>La tangente de 90° no está definida, dado que el denominador de
esta razón es cero; al igual que la tangente de 270°.</p>
          <table cellpadding="5" cellspacing="0">
            <caption>Las razones trigonométricas
de 0°, 90°, 180° y 270°</caption>
            <colgroup align="center">
              <col />
              <col />
              <col />
              <col />
            </colgroup>
            <tbody>
              <tr>
                <td>α</td>
                <td>csc α</td>
                <td>sec α</td>
                <td>cot α</td>
              </tr>
              <tr>
                <td>0° = 0 rad</td>
                <td>No está definida</td>
                <td>1</td>
                <td>No está definida</td>
              </tr>
              <tr>
                <td>90° = π/2 rad</td>
                <td>1</td>
                <td>No está definida</td>
                <td>No está definido</td>
              </tr>
              <tr>
                <td>180° = π rad</td>
                <td>No está definida</td>
                <td>‒1</td>
                <td>No está definida</td>
              </tr>
              <tr>
                <td>270° = 3 π/2 rad</td>
                <td>‒1</td>
                <td>No está definida</td>
                <td>No está definido</td>
              </tr>
            </tbody>
          </table>
          <p>Las razones trigonométricas de algunos ángulos no están definidas,
dado que el denominador de estas razones en determinados ángulos es
cero.</p>
          <practica>
            <enlace destino="/LoIdRedirect.aspx?LoId=MA_10_02_CO_Recurso160&amp;IdRecurso=RES-ABFECA9E348F452FAF1E3A6C4E60D6E4">Calcula las razones trigonométricas de los ángulos</enlace>
          </practica>
        </seccion2Texto>
      </seccion2>
      <seccion2 id="S2_MA_10_02_CO_95B7FB6DFCC246DB952CAFBABEBF8877">
        <seccion2Titulo>Las razones trigonométricas en función del cuadrante</seccion2Titulo>
        <seccion2Texto>
          <p>Los signos de las razones trigonométricas de un ángulo varían en
función del cuadrante en que este se encuentre. </p>
          <recuerda>
            <recuerdaTexto>
              <p>El <negrita>seno</negrita> y el <negrita>coseno</negrita> de un
ángulo α cualquiera coinciden con la ordenada y la abscisa de un punto <cursiva>P</cursiva> de la circunferencia unitaria. La <negrita>tangente</negrita> de α es el cociente entre el sen α y cos α.</p>
            </recuerdaTexto>
          </recuerda>
          <p>Según el cuadrante en el que se encuentre el lado final del ángulo,
los signos de la ordenada y de la abscisa del punto <cursiva>P</cursiva> cambian. Por tanto, también cambia el signo de las razones trigonométricas
del ángulo asociado a dicho punto.</p>
          <imagen src="MA_10_02_CO_IMG23_small.jpg">
            <p>El signo del <negrita>seno</negrita> de α se corresponde con el
de la <negrita>ordenada</negrita>, y el signo del <negrita>coseno</negrita> de α, con el de la <negrita>abscisa</negrita>.</p>
          </imagen>
          <p>El siguiente gráfico resume los signos de los puntos de la circunferencia
unitaria, de acuerdo con el cuadrante en el que se encuentran.</p>
          <imagen ampliable="no" src="MA_10_02_CO_IMG24_small.jpg">
            <p>Signos de las razones trigonométricas seno y coseno, de los ángulos
según el cuadrante del ángulo que las define.</p>
          </imagen>
          <p>Teniendo en cuenta el signo de las coordenadas de un punto en los
distintos cuadrantes, se puede determinar de forma inmediata el signo
de las razones trigonométricas de un ángulo si se sabe en qué cuadrante
se encuentra.</p>
          <table cellpadding="5" cellspacing="0">
            <caption>Los signos de las
razones trigonométricas según al cuadrante</caption>
            <colgroup align="center">
              <col />
              <col />
              <col />
              <col />
              <col />
              <col />
              <col />
            </colgroup>
            <tbody>
              <tr>
                <td>
                  <negrita>Cuadrante</negrita>
                </td>
                <td>
                  <negrita>α</negrita>
                </td>
                <td>
                  <negrita>Abscisas</negrita>
                </td>
                <td>
                  <negrita>Ordenadas</negrita>
                </td>
                <td>
                  <negrita>sen α</negrita>
                </td>
                <td>
                  <negrita>cos α</negrita>
                </td>
                <td>
                  <negrita>tan α</negrita>
                </td>
              </tr>
              <tr>
                <td>I</td>
                <td>0° &lt; α &lt; 90°</td>
                <td>+</td>
                <td>+</td>
                <td>+</td>
                <td>+</td>
                <td>+</td>
              </tr>
              <tr>
                <td>II</td>
                <td>90° &lt; α &lt; 180°</td>
                <td>‒</td>
                <td>+</td>
                <td>+</td>
                <td>‒</td>
                <td>‒</td>
              </tr>
              <tr>
                <td>III</td>
                <td>180° &lt; α &lt; 270°</td>
                <td>‒</td>
                <td>‒</td>
                <td>‒</td>
                <td>‒</td>
                <td>+</td>
              </tr>
              <tr>
                <td>IV</td>
                <td>270° &lt; α &lt; 360°</td>
                <td>+</td>
                <td>‒</td>
                <td>‒</td>
                <td>+</td>
                <td>‒</td>
              </tr>
            </tbody>
          </table>
          <p>Por ejemplo, para determinar el signo del seno de 120°, el coseno
de 230° y la tangente de 330°, se procede de la siguiente manera:
 </p>
          <p>1.	Se representan los ángulos en la circunferencia unitaria.</p>
          <imagen src="MA_10_02_CO_IMG25_small.jpg">
            <p>La <negrita>representación</negrita> de los <negrita>ángulos</negrita> en la circunferencia unitaria indica en qué cuadrante se halla cada
uno de ellos.</p>
          </imagen>
          <p> 2.	Se pueden observan los signos de la ordenada para 120°, de
la abscisa para 230° y de la ordenada y la abscisa para 330°.</p>
          <listaSinNumerar>
            <listaElemento>El ángulo de 120° se encuentra en el segundo cuadrante,
por tanto el seno es positivo.</listaElemento>
            <listaElemento>El ángulo de 230° se encuentra en el tercer cuadrante,
por tanto el coseno es negativo.</listaElemento>
            <listaElemento>El ángulo de 330° se encuentra en el cuarto cuadrante,
por tanto la tangente es negativa.</listaElemento>
          </listaSinNumerar>
        </seccion2Texto>
      </seccion2>
      <seccion2 id="S2_MA_10_02_CO_95B7FB6DFCC246DB952CAFBABEBF9988">
        <seccion2Titulo>La reducción al primer cuadrante de las razones trigonométricas</seccion2Titulo>
        <seccion2Texto>
          <p>Calcular las razones trigonométricas para un ángulo entre 0° y
90° es sencillo a partir de un triángulo rectángulo, por lo tanto
será conveniente para ángulos mayores a 90° encontrar una relación
para las razones trigonométricas en términos de triángulos rectángulos,
o bien relacionarlos con ángulos en el primer cuadrante.</p>
          <recuerda>
            <recuerdaTexto>
              <p>El signo de las razones trigonométricas de un ángulo dado depende
del cuadrante donde está ubicado el ángulo original.</p>
            </recuerdaTexto>
          </recuerda>
          <seccion3 id="S3_MA_10_02_CO_95B7FB6DFCC246DB952CAFBABEBF4411">
            <seccion3Titulo>Las razones trigonométricas de ángulos en el segundo
cuadrante</seccion3Titulo>
            <seccion3Texto>
              <p>Si α es un ángulo que pertenece al segundo cuadrante entonces su
medida está comprendida entre 90° y 180°, en este caso se calcula
el valor de las razones trigonométricas a partir de su ángulo suplementario
(que siempre es menor a 90°).  </p>
              <p>Las razones trigonométricas en el segundo cuadrante se definirán
como el valor de la razón trigonométrica del ángulo suplementario,
con el signo correspondiente para el segundo cuadrante (función seno
positiva, funciones coseno y tangente negativas).</p>
              <recuerda>
                <recuerdaTexto>
                  <p>Todas las razones trigonométricas son positivas en el primer cuadrante.</p>
                </recuerdaTexto>
              </recuerda>
              <imagen ampliable="no" src="MA_10_02_CO_IMG26_small.jpg">
                <p>Las razones trigonométricas de ángulos en el segundo cuadrante
se pueden calcular a partir del <negrita>ángulo suplementario</negrita> (180° ‒ α).</p>
              </imagen>
              <p>Por ejemplo, para encontrar el valor de las razones trigonométricas
para un ángulo de 120° se calculan las razones para el ángulo suplementario
(60°), teniendo en cuenta los signos de las razones trigonométricas
en el segundo cuadrante:</p>
              <formula alineacion="centrada" src="MA_10_02_039.gif">
              </formula>
              <p>De la misma manera se procede si el ángulo está en radianes. Por
ejemplo calculemos el valor de 5π/6.</p>
              <p>Por ser un ángulo del segundo cuadrante el ángulo de referencia
 de 5π/ 6 se halla con la diferencia π – 5π/6 = π/6. Entonces cos 5π/6 = –cos π/6 = –√3/2.</p>
            </seccion3Texto>
          </seccion3>
          <seccion3 id="S3_MA_10_02_CO_95B7FB6DFCC246DB952CAFBABEBF5522">
            <seccion3Titulo>Las razones trigonométricas de ángulos en el tercer
cuadrante</seccion3Titulo>
            <seccion3Texto>
              <p>Para reducir un ángulo α que pertenece al tercer cuadrante a un
ángulo agudo (primer cuadrante) sus razones trigonométricas estarán
definidas de la siguiente manera: </p>
              <p centrado="si"> ± razón trigonométrica (α ‒ 180°)  </p>
              <p>Donde el signo ± indica que se debe tener presente el signo de
cada razón trigonométrica en el tercer cuadrante.</p>
              <imagen ampliable="no" src="MA_10_02_CO_IMG27_small.jpg">
                <p>En la gráfica se identifica el ángulo agudo α ‒ 180° sobre el que
se calcularán las razones trigonométricas, este ángulo es denominado <negrita>ángulo de referencia</negrita> para ángulos en el tercer cuadrante.</p>
              </imagen>
              <p>Por ejemplo, para hallar las razones trigonométricas para el ángulo
de 210°, el ángulo de referencia es 30° y por tanto:</p>
              <formula alineacion="centrada" src="MA_10_02_040.gif">
              </formula>
              <recuerda>
                <recuerdaTexto>
                  <p>Recuerda siempre tener en cuenta los signos que corresponden a
cada razón según su cuadrante.</p>
                </recuerdaTexto>
              </recuerda>
            </seccion3Texto>
          </seccion3>
          <seccion3 id="S3_MA_10_02_CO_95B7FB6DFCC246DB952CAFBABEBF6633">
            <seccion3Titulo>Las razones trigonométricas de ángulos en el cuarto
cuadrante</seccion3Titulo>
            <seccion3Texto>
              <p>Si α es un ángulo que pertenece al cuarto cuadrante entones su
medida está comprendida entre 270° y 360°, para reducirlo a un ángulo
agudo (primer cuadrante) se debe utilizar el <negrita>ángulo de referencia</negrita>, que para este cuadrante será 360° ‒ α.</p>
              <imagen ampliable="no" src="MA_10_02_CO_IMG28_small.jpg">
                <p>El ángulo de referencia permite calcular las razones trigonométricas
de ángulos mayores a 90°, en la imagen se observa el ángulo α y su
ángulo de referencia que siempre es un ángulo agudo.</p>
              </imagen>
              <p>Las razones trigonométricas para el ángulo α estarán definidas
de la siguiente manera: </p>
              <p centrado="si">± razón trigonométrica (360° ‒ α) </p>
              <p>Donde el signo ± indica que se debe tener presente el signo de
cada razón trigonométrica en el cuarto cuadrante, de forma análoga
a como se hace para ángulos en el segundo y tercer cuadrante.  </p>
              <p>Por ejemplo, para calcular las razones trigonométricas seno, coseno
y tangente para un ángulo de 315°, el ángulo de referencia es 45°,
por tanto:</p>
              <formula alineacion="centrada" src="MA_10_02_041.gif">
              </formula>
            </seccion3Texto>
          </seccion3>
        </seccion2Texto>
      </seccion2>
      <seccion2 id="S2_MA_10_02_CO_95B7FB6DFCC246DB952CAFBABEBF0099">
        <seccion2Titulo>Las razones trigonométricas para ángulos negativos,
complementarios y coterminales</seccion2Titulo>
        <seccion2Texto>
          <p>Se pueden calcular las razones trigonométricas de cualquier ángulo,
incluso si es mayor a 90°, una pregunta natural que surge es ¿cómo
se relacionan las razones trigonométricas de ángulos negativos, complementarios
y coterminales?</p>
          <seccion3 id="S3_MA_10_02_CO_95B7FB6DFCC246DB952CAFBABEBF2299">
            <seccion3Titulo>Las razones trigonométricas para ángulos negativos</seccion3Titulo>
            <seccion3Texto>
              <p>Para encontrar las razones trigonométricas de un ángulo negativo
es necesario saber qué es un ángulo opuesto.</p>
              <destacado>
                <destacadoTitulo>Los ángulos opuestos </destacadoTitulo>
                <destacadoTexto>
                  <p>Dos ángulos son opuestos si la suma de los dos es 0°. En general
el opuesto de α es ‒α. </p>
                  <p>Como puedes observar, opuesto en este contexto se refiere al opuesto
aditivo.</p>
                </destacadoTexto>
              </destacado>
              <imagen src="MA_10_02_CO_IMG29_small.jpg">
                <p>Se puede observar el ángulo β positivo en el cuadrante I y su opuesto
aditivo en el cuadrante IV. </p>
              </imagen>
              <recuerda>
                <recuerdaTexto>
                  <p>Dos triángulos son congruentes si sus lados correspondientes tienen
las mismas medidas y si sus ángulos internos son congruentes entre
sí.</p>
                </recuerdaTexto>
              </recuerda>
              <p>Al observar la imagen anterior se puede afirmar que los triángulos <cursiva>DAC</cursiva> y <cursiva>HKF</cursiva> son congruentes, dado que:</p>
              <listaNumerada>
                <listaElemento>Al ser los dos triángulos rectángulos con uno de sus
ángulos agudos congruentes, el tercer ángulo debe ser congruente.</listaElemento>
                <listaElemento>Los segmentos de recta <cursiva>AC</cursiva> y <cursiva>KF</cursiva> tienen la misma medida, que es el radio de la circunferencia.</listaElemento>
                <listaElemento>En virtud del criterio de congruencia entre triángulos
ALA (Ángulo-Lado-Ángulo), el triángulo <cursiva>DAC</cursiva> y el
triángulo <cursiva>HKF</cursiva> son congruentes.</listaElemento>
              </listaNumerada>
              <recuerda>
                <recuerdaTexto>
                  <p>El criterio de congruencia ALA establece que si dos ángulos y el
lado entre ellos son congruentes con los dos ángulos correspondientes
y el lado entre ellos de otro triángulo, entonces los triángulos son
congruentes.</p>
                </recuerdaTexto>
              </recuerda>
              <p>Así, dado que los triángulos son congruentes, se tiene que <cursiva>KH</cursiva> = <cursiva>AD</cursiva>, en otras palabras la abscisa
(coordenada <cursiva>x</cursiva>) del punto <cursiva>F</cursiva> es
igual a la abscisa del punto <cursiva>C</cursiva>. Lo anterior, en
términos de razones trigonométricas implica que:</p>
              <formula alineacion="centrada" src="MA_10_02_042.gif">
              </formula>
              <p>Con un razonamiento similar, se concluye que <cursiva>HF</cursiva> = <cursiva>CD</cursiva>, y por tanto la ordenada del punto <cursiva>F</cursiva> es igual al opuesto de la ordenada en el punto <cursiva>C</cursiva>, entonces:</p>
              <formula alineacion="centrada" src="MA_10_02_043.gif">
              </formula>
              <recuerda>
                <recuerdaTexto>
                  <p>La tangente de un ángulo puede representarse como el cociente de
seno y coseno del ángulo. </p>
                  <p>Las funciones cotangente, secante y cosecante son inversas multiplicativas
de las demás razones trigonométricas, por lo que los signos de cada
una de estas con su correspondiente inversa serán iguales.</p>
                </recuerdaTexto>
              </recuerda>
              <p>Se pueden relacionar las razones trigonométricas de cada ángulo
β con su correspondiente opuesto –β de la siguiente forma:</p>
              <formula alineacion="centrada" src="MA_10_02_044.gif">
              </formula>
              <p>Con esto, se pueden calcular ángulos negativos en términos de su
correspondiente ángulo positivo. Por ejemplo:</p>
              <formula alineacion="centrada" src="MA_10_02_045.gif">
              </formula>
              <formula alineacion="centrada" src="MA_10_02_073.gif">
              </formula>
            </seccion3Texto>
          </seccion3>
          <seccion3 id="S3_MA_10_02_CO_95B7FB6DFCC246DB952CAFBABEBF3300">
            <seccion3Titulo>Las razones trigonométricas para ángulos complementarios</seccion3Titulo>
            <seccion3Texto>
              <p>Dos ángulos son complementarios si la suma de ellos es igual a
90°, por tanto un ángulo α en el primer cuadrante tiene su complemento
β en el mismo cuadrante, pero ¿cuáles son las relaciones trigonométricas
de los ángulos complementarios?</p>
              <imagen src="MA_10_02_CO_IMG30_small.jpg">
                <p>Los triángulos rectángulos <cursiva>DHG</cursiva> y <cursiva>DAC</cursiva> son congruentes pues los segmentos <cursiva>HD</cursiva> y <cursiva>AC</cursiva> son congruentes, se observa que los ángulos α y β son
complementarios, es decir (90° ‒ α) = β.</p>
              </imagen>
              <p>Dado que los triángulos <cursiva>DHG</cursiva> y <cursiva>DAC</cursiva> son congruentes, se concluye que <cursiva>CD</cursiva> ≡ <cursiva>HG</cursiva> y así la ordenada del punto <cursiva>C</cursiva> es
igual a la abscisa del punto <cursiva>D</cursiva>, en términos de
razones trigonométricas: </p>
              <p centrado="si">sen (90° ‒ α) = cos α  </p>
              <p>Además, <cursiva>AD</cursiva> ≡ <cursiva>DG</cursiva> y por tanto
la abscisa del punto <cursiva>C</cursiva> es igual a la ordenada del
punto <cursiva>D</cursiva>, entonces:  </p>
              <p centrado="si">cos (90° ‒ α) = sen α  </p>
              <p>De las ecuaciones anteriores se pueden deducir todas las relaciones
entre las razones trigonométricas de ángulos complementarios:  </p>
              <p centrado="si">sen (90° ‒ α) = cos α </p>
              <p centrado="si">cos (90° ‒ α) = sen α </p>
              <p centrado="si">tan (90° ‒ α) = cot α </p>
              <p centrado="si">cot (90° ‒ α) = tan α </p>
              <p centrado="si">sec (90° ‒ α) = csc α </p>
              <p centrado="si">csc (90° ‒ α) = sec α  </p>
              <p>Por ejemplo, sen 30° = cos 60°, como puedes comprobar fácilmente.</p>
            </seccion3Texto>
          </seccion3>
          <seccion3 id="S3_MA_10_02_CO_95B7FB6DFCC246DB952CAFBABEBF5511">
            <seccion3Titulo>Las razones trigonométricas para ángulos coterminales</seccion3Titulo>
            <seccion3Texto>
              <p>Los<negrita> ángulos coterminales</negrita> a un ángulo dado son,
en general, mayores a 360°, por lo que en esta sección verás cómo
se calculan sus razones trigonométricas.</p>
              <recuerda>
                <recuerdaTexto>
                  <p>Los ángulos coterminales se relacionan a través de la adición o
sustracción de múltiplos de 360°, en otras palabras, adicionando giros,
positivos o negativos, a un ángulo dado.</p>
                </recuerdaTexto>
              </recuerda>
              <p>Para hallar las razones trigonométricas de los ángulos cuya medida
es superior a 360°, se busca reducir el ángulo a uno menor, para esto
sencillamente se “eliminan” los giros necesarios para convertir el
ángulo inicial en uno menor a 360°.  </p>
              <p>Analíticamente, dado un ángulo α cuya medida es superior a 360°,
se divide el valor de α entre 360 obteniendo un cociente y un residuo.
El cociente de la división corresponde al número de giros del ángulo
dado, mientras que el valor que se obtenga en el residuo corresponderá
a un ángulo menor que 360° que tendrá las mismas razones trigonométricas
que el ángulo α.</p>
              <imagen ampliable="no" src="MA_10_02_CO_IMG31_small.jpg">
                <p>Los ángulos de medida 390° y 30° son ángulos coterminales, por
ello poseen los mismos valores en sus razones trigonométricas.</p>
                <?Pub Caret -2?>
              </imagen>
              <p>Por ejemplo, para el ángulo 390° se tiene que al realizar la operación
390 ÷ 360 se obtiene cociente 1 y residuo 30, por lo tanto, el ángulo
que se debe usar para las razones trigonométricas será 30°. Observa
las razones trigonométricas del ángulo dado:</p>
              <formula alineacion="centrada" src="MA_10_02_046.gif">
              </formula>
              <p>Así, es posible calcular las razones trigonométricas de todos los
ángulos de amplitud mayor a 360°. Por ejemplo:</p>
              <formula alineacion="centrada" src="MA_10_02_047.gif">
              </formula>
              <practica>
                <enlace destino="/LoIdRedirect.aspx?LoId=MA_10_02_CO_Recurso170&amp;IdRecurso=RES-0B07F8EA11324DC6B03E559F5E9F2343">Razones trigonométricas de un ángulo cualquiera</enlace>
                <enlace destino="/LoIdRedirect.aspx?LoId=MA_10_02_CO_Recurso200&amp;IdRecurso=RES-931BB67611354D2D8E4B3DAF5090A53C">Resuelve problemas</enlace>
              </practica>
            </seccion3Texto>
          </seccion3>
        </seccion2Texto>
      </seccion2>
      <seccion2 id="S2_MA_10_02_CO_95B7FB6DFCC246DB952CAFBABEBF1100">
        <seccion2Titulo>Consolidación</seccion2Titulo>
        <seccion2Texto>
          <p>Actividades para consolidar lo que has aprendido en esta sección.</p>
          <practica>
            <enlace destino="/LoIdRedirect.aspx?LoId=MA_10_02_CO_Recurso210&amp;IdRecurso=RES-03B27969427141EE916AABE34E18AF82">Refuerza tu aprendizaje: Las razones trigonométricas para cualquier
ángulo</enlace>
          </practica>
        </seccion2Texto>
      </seccion2>
    </seccion1Texto>
  </seccion1>
  <seccion1 id="S1_MA_10_02_CO_D9FF5E7B04844F36AA31EA5C24451608">
    <seccion1Titulo>Competencias</seccion1Titulo>
    <seccion1Texto>
      <p>Pon a prueba tus capacidades y aplica lo aprendido con este recurso.</p>
      <practica>
        <enlace destino="/LoIdRedirect.aspx?LoId=MA_10_02_CO_Recurso220&amp;IdRecurso=RES-4AC8FE7BABAE4E9FAD3525C1FC3FE6BC">Competencias: resolución de triángulos</enlace>
      </practica>
    </seccion1Texto>
  </seccion1>
  <masinformacion id="MI_MA_10_02_CO_B788DA1A1A76486B9DBBB6DE6D54CDC1">
    <mapaconceptual>
      <enlace destino="/LoIdRedirect.aspx?LoId=MA_10_02_CO_Recurso250&amp;IdRecurso=RES-5ABE35A3689A43A3804D3BEAF896AD29">Mapa Conceptual</enlace>
    </mapaconceptual>
    <autoevaluate>
      <enlace destino="/LoIdRedirect.aspx?LoId=MA_10_02_CO_Recurso260&amp;IdRecurso=RES-522115C616054F049B686371145BC28D">Evaluación</enlace>
    </autoevaluate>
    <enlacesreferencia>
      <enlace destino="http://professorwaltertadeu.mat.br/CP2VEST61QuestTrigonEspanhol.pdf">Analiza el paso a paso de los ejercicios resueltos y practica</enlace>
      <enlace destino="http://recursostic.educacion.es/descartes/web/materiales_didacticos/Razones_trigonometricas/Indice_razones_trigonometricas.htm">Practica las razones trigonométricas en la circunferencia unitaria</enlace>
    </enlacesreferencia>
  </masinformacion>
</libro>