﻿<?xml version="1.0" encoding="utf-8"?><motor tipo="10" clase="b" aprid="M10b">
  <plataforma>
    <grado><![CDATA[2]]></grado>
    <titulo>Resuelve razones trigonométricas de 30º, 45º y 60º</titulo>
    <area>3</area>
    <nivel>2</nivel>
    <referencia><![CDATA[MT_10_04_02]]></referencia>
    <idreg><![CDATA[499]]></idreg>
    <motor><![CDATA[M10B]]></motor>
    <lang>es</lang>
  </plataforma>
  <enunciado><![CDATA[Completa este cuadro con las razones trigonométricas de 30º, 45º y 60º.]]></enunciado>
  <masinfo inicio="0"/>
  <sinaleatoriedad><![CDATA[0]]></sinaleatoriedad>
  <calc><![CDATA[1]]></calc>
  <textoacategoria cantidad="3">
    <cuestion>
      <categoria><![CDATA[Si α = 30º entonces...]]></categoria>
      <respuestas>
        <respuesta id="1" ruta="MTB_10_04_02_01.jpg"/>
        <respuesta id="2" ruta="MTB_10_04_02_02.jpg"/>
        <respuesta id="3" ruta="MTB_10_04_02_03.jpg"/>
      </respuestas>
    </cuestion>
    <cuestion>
      <categoria><![CDATA[Si α = 45º entonces...]]></categoria>
      <respuestas>
        <respuesta id="1" ruta="MTB_10_04_02_04.jpg"/>
        <respuesta id="2" ruta="MTB_10_04_02_05.jpg"/>
        <respuesta id="3" ruta="MTB_10_04_02_06.jpg"/>
      </respuestas>
    </cuestion>
    <cuestion>
      <categoria><![CDATA[Si α = 60º entonces...]]></categoria>
      <respuestas>
        <respuesta id="1" ruta="MTB_10_04_02_07.jpg"/>
        <respuesta id="2" ruta="MTB_10_04_02_08.jpg"/>
        <respuesta id="3" ruta="MTB_10_04_02_09.jpg"/>
      </respuestas>
    </cuestion>
  </textoacategoria>
</motor>