﻿<?xml version="1.0" encoding="utf-8"?><motor tipo="101" clase="a" aprid="M101a">
  <plataforma>
    <grado><![CDATA[2]]></grado>
    <titulo>Refuerza tu aprendizaje: Las razones trigonométricas</titulo>
    <area>3</area>
    <nivel>2</nivel>
    <referencia><![CDATA[MT_10_04]]></referencia>
    <idreg><![CDATA[4702]]></idreg>
    <motor><![CDATA[M101A]]></motor>
    <lang>es</lang>
  </plataforma>
  <enunciado><![CDATA[Realiza la siguiente actividad. Cuando termines, haz clic en Enviar. Si es necesario, entrega las respuestas en mano o por e-mail a tu profesor para que pueda validarlas.]]></enunciado>
  <masinfo inicio="0"/>
  <calc><![CDATA[1]]></calc>
  <preguntas cantidad="9">
    <pregunta>
      <enunciado><![CDATA[Define en tus palabras las razones trigonométricas seno, coseno y tangente. ]]></enunciado>
      <explicacion/>
      <nivel><![CDATA[1]]></nivel>
      <tipo/>
      <imagen/>
      <ampliacion/>
      <texto/>
    </pregunta>
    <pregunta>
      <enunciado><![CDATA[Calcula las razones trigonométricas de uno de los ángulos agudos del triángulo rectángulo cuyos lados miden 3 cm, 4 cm y 5 cm. ]]></enunciado>
      <explicacion/>
      <nivel><![CDATA[2]]></nivel>
      <tipo/>
      <imagen/>
      <ampliacion/>
      <texto/>
    </pregunta>
    <pregunta>
      <enunciado><![CDATA[Explica cómo se calculan las razones trigonométricas de un ángulo cualquiera sobre un eje de coordenadas.]]></enunciado>
      <explicacion/>
      <nivel><![CDATA[1]]></nivel>
      <tipo/>
      <imagen/>
      <ampliacion/>
      <texto/>
    </pregunta>
    <pregunta>
      <enunciado><![CDATA[Indica en qué cuadrante está el ángulo {{cur}}ß{{normal}} si sabemos que la tangente de {{cur}}ß{{normal}} es negativa. ]]></enunciado>
      <explicacion><![CDATA[SOLUCIÓN: en el segundo o en el cuarto cuadrantes.]]></explicacion>
      <nivel><![CDATA[2]]></nivel>
      <tipo/>
      <imagen/>
      <ampliacion/>
      <texto/>
    </pregunta>
    <pregunta>
      <enunciado><![CDATA[Calcula el valor de cos α si se sabe que m α = 0,3 rad. Especifica en qué cuadrante está situado el ángulo α. Justifica tu respuesta.]]></enunciado>
      <explicacion/>
      <nivel><![CDATA[3]]></nivel>
      <tipo/>
      <imagen/>
      <ampliacion/>
      <texto/>
    </pregunta>
    <pregunta>
      <enunciado><![CDATA[Calcula la cosecante, la secante y la cotangente del ángulo de menor amplitud del triángulo rectángulo cuyos catetos miden 5 cm y 10 cm, respectivamente.]]></enunciado>
      <explicacion/>
      <nivel><![CDATA[2]]></nivel>
      <tipo/>
      <imagen/>
      <ampliacion/>
      <texto/>
    </pregunta>
    <pregunta>
      <enunciado><![CDATA[A partir de la información del triángulo {{cur}}ABC{{normal}}, explica por qué la igualdad dada es verdadera.]]></enunciado>
      <explicacion/>
      <nivel><![CDATA[3]]></nivel>
      <tipo/>
      <imagen><![CDATA[MA_10_02_CO_REC100_IMG01_n.png]]></imagen>
      <ampliacion><![CDATA[MA_10_02_CO_REC100_IMG01_a.png]]></ampliacion>
      <texto/>
    </pregunta>
    <pregunta>
      <enunciado><![CDATA[En la figura: si {{cur}}a{{normal}} = 15 cm y m ∡C = 60°, ¿cuál es la medida del segmento {{cur}}AC{{normal}}?]]></enunciado>
      <explicacion/>
      <nivel><![CDATA[3]]></nivel>
      <tipo/>
      <imagen><![CDATA[MA_10_02_CO_REC100_IMG02n.png]]></imagen>
      <ampliacion><![CDATA[MA_10_02_CO_REC100_IMG02a.png]]></ampliacion>
      <texto/>
    </pregunta>
    <pregunta>
      <enunciado><![CDATA[Halla el valor de todas las funciones trigonométricas para el ángulo α, en cada triángulo.]]></enunciado>
      <explicacion/>
      <nivel><![CDATA[2]]></nivel>
      <tipo/>
      <imagen><![CDATA[MA_10_02_CO_REC100_IMG03n.png]]></imagen>
      <ampliacion><![CDATA[MA_10_02_CO_REC100_IMG03a.png]]></ampliacion>
      <texto/>
    </pregunta>
  </preguntas>
</motor>