﻿<?xml version="1.0" encoding="utf-8"?>
<motor codigo="MT_10_01_04" aprid="MT_10_01_04">
  <seed>5396</seed>
  <nombre>Practica las potencias de exponente fraccionario</nombre>
  <pista>
    <activa>1</activa>
    <texto>Elige la respuesta que más se aproxime al resultado que has obtenido.</texto>
  </pista>
  <qOperaciones>10</qOperaciones>
  <generico>Practica las potencias de exponente fraccionario.</generico>
  <enunciados>
    <enunciado>
      <enfoque>Calcula el valor de &lt;i&gt;k&lt;/i&gt; en esta igualdad.</enfoque>
    </enunciado>
    <enunciado>
      <enfoque>Calcula el valor de &lt;i&gt;k&lt;/i&gt; en esta igualdad.</enfoque>
    </enunciado>
    <enunciado>
      <enfoque>Calcula el valor de &lt;i&gt;k&lt;/i&gt; en esta igualdad.</enfoque>
    </enunciado>
    <enunciado>
      <enfoque>Calcula el valor de &lt;i&gt;k&lt;/i&gt; en esta igualdad.</enfoque>
    </enunciado>
    <enunciado>
      <enfoque>Calcula el valor de &lt;i&gt;k&lt;/i&gt; en esta igualdad.</enfoque>
    </enunciado>
    <enunciado>
      <enfoque>Calcula el valor de &lt;i&gt;k&lt;/i&gt; en esta igualdad.</enfoque>
    </enunciado>
    <enunciado>
      <enfoque>Calcula el valor de &lt;i&gt;k&lt;/i&gt; en esta igualdad.</enfoque>
    </enunciado>
    <enunciado>
      <enfoque>Calcula el valor de &lt;i&gt;k&lt;/i&gt; en esta igualdad.</enfoque>
    </enunciado>
    <enunciado>
      <enfoque>Calcula el valor de &lt;i&gt;k&lt;/i&gt; en esta igualdad.</enfoque>
    </enunciado>
    <enunciado>
      <enfoque>Calcula el valor de &lt;i&gt;k&lt;/i&gt; en esta igualdad.</enfoque>
    </enunciado>
  </enunciados>
  <enunciadosAux>
    <NaCl>cloruro sódico</NaCl>
  </enunciadosAux>
</motor>