﻿<?xml version="1.0" encoding="utf-8"?>
<motor tipo="7" clase="a" aprid="m7a">
  <plataforma>
    <grado><![CDATA[2]]></grado>
    <titulo>Identifica ángulos según su suma y su posición</titulo>
    <area>0</area>
    <nivel>3</nivel>
    <referencia />
    <idreg><![CDATA[0]]></idreg>
    <motor><![CDATA[M7A]]></motor>
    <lang>es</lang>
  </plataforma>
  <enunciado><![CDATA[Lee con atención y responde.]]></enunciado>
  <masinfo inicio="0"><![CDATA[Recuerda que dos ángulos son complementarios si suman 90 grados y dos ángulos son suplementarios si suman 180 grados.]]></masinfo>
  <sinaleatoriedad><![CDATA[0]]></sinaleatoriedad>
  <calc><![CDATA[0]]></calc>
  <respuestaunica><![CDATA[0]]></respuestaunica>
  <test cantidad="10">
    <cuestion>
      <enunciado><![CDATA[¿Cuál es el valor del ángulo complementario al ángulo {{cur}}A{{normal}}?]]></enunciado>
      <imagen><![CDATA[MA_06_10_REC130_IMG01n.png]]></imagen>
      <ampliacion><![CDATA[MA_06_10_REC130_IMG01a.png]]></ampliacion>
      <respuestas>
        <respuesta ruta="MA_06_10_REC130_IMG02.png" ampliacion="" correcta="1" />
        <respuesta ruta="MA_06_10_REC130_IMG03.png" ampliacion="" correcta="0" />
        <respuesta ruta="MA_06_10_REC130_IMG04.png" ampliacion="" correcta="0" />
        <respuesta ruta="MA_06_10_REC130_IMG05.png" ampliacion="" correcta="0" />
      </respuestas>
    </cuestion>
    <cuestion>
      <enunciado><![CDATA[¿Cuál es el valor del ángulo suplementario al ángulo {{cur}}A{{normal}}?]]></enunciado>
      <imagen><![CDATA[MA_06_10_REC130_IMG06n.png]]></imagen>
      <ampliacion><![CDATA[MA_06_10_REC130_IMG06a.png]]></ampliacion>
      <respuestas>
        <respuesta ruta="MA_06_10_REC130_IMG07.png" ampliacion="" correcta="0" />
        <respuesta ruta="MA_06_10_REC130_IMG08.png" ampliacion="" correcta="1" />
        <respuesta ruta="MA_06_10_REC130_IMG09.png" ampliacion="" correcta="0" />
        <respuesta ruta="MA_06_10_REC130_IMG10.png" ampliacion="" correcta="0" />
      </respuestas>
    </cuestion>
    <cuestion>
      <enunciado><![CDATA[¿Cuál es el ángulo suplementario al ángulo que forma el arco de fútbol con el piso?]]></enunciado>
      <imagen><![CDATA[MA_06_10_REC130_IMG11n.png]]></imagen>
      <ampliacion><![CDATA[MA_06_10_REC130_IMG11a.png]]></ampliacion>
      <respuestas>
        <respuesta ruta="MA_06_10_REC130_IMG12.png" ampliacion="" correcta="0" />
        <respuesta ruta="MA_06_10_REC130_IMG13.png" ampliacion="" correcta="0" />
        <respuesta ruta="MA_06_10_REC130_IMG14.png" ampliacion="" correcta="1" />
        <respuesta ruta="MA_06_10_REC130_IMG15.png" ampliacion="" correcta="0" />
      </respuestas>
    </cuestion>
    <cuestion>
      <enunciado><![CDATA[Cuando el puente se eleva se forman ángulos como los que se muestran en la imagen. ¿Cuál es el valor del ángulo {{cur}}A{{normal}}?]]></enunciado>
      <imagen><![CDATA[MA_06_10_REC130_IMG16n.png]]></imagen>
      <ampliacion><![CDATA[MA_06_10_REC130_IMG16a.png]]></ampliacion>
      <respuestas>
        <respuesta ruta="MA_06_10_REC130_IMG17.png" ampliacion="" correcta="0" />
        <respuesta ruta="MA_06_10_REC130_IMG18.png" ampliacion="" correcta="0" />
        <respuesta ruta="MA_06_10_REC130_IMG19.png" ampliacion="" correcta="0" />
        <respuesta ruta="MA_06_10_REC130_IMG20.png" ampliacion="" correcta="1" />
      </respuestas>
    </cuestion>
    <cuestion>
      <enunciado><![CDATA[Los ángulos marcados son opuestos por el vértice. ¿Cuál es el valor del ángulo {{cur}}A{{normal}}?]]></enunciado>
      <imagen><![CDATA[MA_06_10_REC130_IMG21n.png]]></imagen>
      <ampliacion><![CDATA[MA_06_10_REC130_IMG21a.png]]></ampliacion>
      <respuestas>
        <respuesta ruta="MA_06_10_REC130_IMG22.png" ampliacion="" correcta="1" />
        <respuesta ruta="MA_06_10_REC130_IMG23.png" ampliacion="" correcta="0" />
        <respuesta ruta="MA_06_10_REC130_IMG24.png" ampliacion="" correcta="0" />
        <respuesta ruta="MA_06_10_REC130_IMG25.png" ampliacion="" correcta="0" />
      </respuestas>
    </cuestion>
    <cuestion>
      <enunciado><![CDATA[¿Cuál es el valor del ángulo {{cur}}A{{normal}} que se forma en la intersección de las autopistas?]]></enunciado>
      <imagen><![CDATA[MA_06_10_REC130_IMG26n.png]]></imagen>
      <ampliacion><![CDATA[MA_06_10_REC130_IMG26a.png]]></ampliacion>
      <respuestas>
        <respuesta ruta="MA_06_10_REC130_IMG27.png" ampliacion="" correcta="0" />
        <respuesta ruta="MA_06_10_REC130_IMG28.png" ampliacion="" correcta="1" />
        <respuesta ruta="MA_06_10_REC130_IMG29.png" ampliacion="" correcta="0" />
        <respuesta ruta="MA_06_10_REC130_IMG30.png" ampliacion="" correcta="0" />
      </respuestas>
    </cuestion>
    <cuestion>
      <enunciado><![CDATA[¿Cuál es el valor del ángulo {{cur}}B{{normal}} que se forma en la intersección de las autopistas?]]></enunciado>
      <imagen><![CDATA[MA_06_10_REC130_IMG31n.png]]></imagen>
      <ampliacion><![CDATA[MA_06_10_REC130_IMG31a.png]]></ampliacion>
      <respuestas>
        <respuesta ruta="MA_06_10_REC130_IMG32.png" ampliacion="" correcta="0" />
        <respuesta ruta="MA_06_10_REC130_IMG33.png" ampliacion="" correcta="0" />
        <respuesta ruta="MA_06_10_REC130_IMG34.png" ampliacion="" correcta="1" />
        <respuesta ruta="MA_06_10_REC130_IMG35.png" ampliacion="" correcta="0" />
      </respuestas>
    </cuestion>
    <cuestion>
      <enunciado><![CDATA[¿Cuál es el valor del ángulo {{cur}}A{{normal}} si se sabe que los ángulos {{cur}}A{{normal}} y {{cur}}B{{normal}} son adyacentes?]]></enunciado>
      <imagen><![CDATA[MA_06_10_REC130_IMG36n.png]]></imagen>
      <ampliacion><![CDATA[MA_06_10_REC130_IMG36a.png]]></ampliacion>
      <respuestas>
        <respuesta ruta="MA_06_10_REC130_IMG37.png" ampliacion="" correcta="0" />
        <respuesta ruta="MA_06_10_REC130_IMG38.png" ampliacion="" correcta="0" />
        <respuesta ruta="MA_06_10_REC130_IMG39.png" ampliacion="" correcta="0" />
        <respuesta ruta="MA_06_10_REC130_IMG40.png" ampliacion="" correcta="1" />
      </respuestas>
    </cuestion>
    <cuestion>
      <enunciado><![CDATA[Se puede afirmar que los pares de ángulos {{cur}}A{{normal}} y {{cur}}B{{normal}},  y los ángulos {{cur}}C{{normal}} y {{cur}}D{{normal}} entre sí, son:]]></enunciado>
      <imagen><![CDATA[MA_06_10_REC130_IMG41n.png]]></imagen>
      <ampliacion><![CDATA[MA_06_10_REC130_IMG41a.png]]></ampliacion>
      <respuestas>
        <respuesta ruta="MA_06_10_REC130_IMG42n.png" ampliacion="MA_06_10_REC130_IMG42a.png" correcta="1" />
        <respuesta ruta="MA_06_10_REC130_IMG43n.png" ampliacion="MA_06_10_REC130_IMG43a.png" correcta="0" />
        <respuesta ruta="MA_06_10_REC130_IMG44n.png" ampliacion="MA_06_10_REC130_IMG44a.png" correcta="0" />
        <respuesta ruta="MA_06_10_REC130_IMG45n.png" ampliacion="MA_06_10_REC130_IMG45a.png" correcta="0" />
      </respuestas>
    </cuestion>
    <cuestion>
      <enunciado><![CDATA[Se puede afirmar que los pares de ángulos {{cur}}A{{normal}} y {{cur}}C{{normal}},  y los ángulos {{cur}}D{{normal}} y {{cur}}B{{normal}} entre sí, son:]]></enunciado>
      <imagen><![CDATA[MA_06_10_REC130_IMG46n.png]]></imagen>
      <ampliacion><![CDATA[MA_06_10_REC130_IMG46a.png]]></ampliacion>
      <respuestas>
        <respuesta ruta="MA_06_10_REC130_IMG47.png" ampliacion="MA_06_10_REC130_IMG47a.png" correcta="0" />
        <respuesta ruta="MA_06_10_REC130_IMG48.png" ampliacion="MA_06_10_REC130_IMG48a.png" correcta="1" />
        <respuesta ruta="MA_06_10_REC130_IMG49.png" ampliacion="MA_06_10_REC130_IMG49a.png" correcta="0" />
        <respuesta ruta="MA_06_10_REC130_IMG50.png" ampliacion="MA_06_10_REC130_IMG50a.png" correcta="0" />
      </respuestas>
    </cuestion>
  </test>
</motor>