﻿<?xml version="1.0" encoding="utf-8"?><motor tipo="7" clase="a" aprid="m7a">
  <plataforma>
    <grado><![CDATA[2]]></grado>
    <titulo>Identifica intervalos de crecimiento de funciones</titulo>
    <area>0</area>
    <nivel>3</nivel>
    <referencia/>
    <idreg><![CDATA[0]]></idreg>
    <motor><![CDATA[M7A]]></motor>
    <lang>es</lang>
  </plataforma>
  <enunciado><![CDATA[Analiza cada situación de forma gráfica o analítica según sea el caso, luego, elige la respuesta correcta.]]></enunciado>
  <masinfo inicio="0"/>
  <sinaleatoriedad><![CDATA[0]]></sinaleatoriedad>
  <calc><![CDATA[1]]></calc>
  <respuestaunica><![CDATA[1]]></respuestaunica>
  <test cantidad="10">
    <cuestion>
      <enunciado><![CDATA[Si {{cur}}f{{normal}} ’({{cur}}x{{normal}}) = –2{{cur}}x{{normal}}, se puede afirmar que el punto máximo de la función {{cur}}f{{normal}} ({{cur}}x{{normal}}) se encuentra en:]]></enunciado>
      <imagen><![CDATA[MA_11_04_REC190_IMG01n.png]]></imagen>
      <ampliacion><![CDATA[imagenDummy_MotorM.png]]></ampliacion>
      <respuestas>
        <respuesta ruta="MA_11_04_REC190_IMG02.png" ampliacion="" correcta="0"/>
        <respuesta ruta="MA_11_04_REC190_IMG03.png" ampliacion="" correcta="0"/>
        <respuesta ruta="MA_11_04_REC190_IMG04.png" ampliacion="" correcta="0"/>
        <respuesta ruta="MA_11_04_REC190_IMG05.png" ampliacion="" correcta="1"/>
      </respuestas>
    </cuestion>
    <cuestion>
      <enunciado><![CDATA[Si {{cur}}f{{normal}} ’ ({{cur}}x{{normal}}) = –3{{cur}}x{{normal}} – 12, se puede afirmar que el punto máximo de la función {{cur}}f{{normal}}({{cur}}x{{normal}}) se encuentra en:]]></enunciado>
      <imagen><![CDATA[MA_11_04_REC190_IMG06n.png]]></imagen>
      <ampliacion><![CDATA[imagenDummy_MotorM.png]]></ampliacion>
      <respuestas>
        <respuesta ruta="MA_11_04_REC190_IMG07.png" ampliacion="" correcta="1"/>
        <respuesta ruta="MA_11_04_REC190_IMG08.png" ampliacion="" correcta="0"/>
        <respuesta ruta="MA_11_04_REC190_IMG09.png" ampliacion="" correcta="0"/>
        <respuesta ruta="MA_11_04_REC190_IMG10.png" ampliacion="" correcta="0"/>
      </respuestas>
    </cuestion>
    <cuestion>
      <enunciado><![CDATA[Si {{cur}}f{{normal}} ’ ({{cur}}x{{normal}}) = 4{{cur}}x{{normal}} – 8, se puede afirmar que el punto mínimo de la función original se encuentra en:]]></enunciado>
      <imagen><![CDATA[MA_11_04_REC190_IMG11n.png]]></imagen>
      <ampliacion><![CDATA[imagenDummy_MotorM.png]]></ampliacion>
      <respuestas>
        <respuesta ruta="MA_11_04_REC190_IMG12.png" ampliacion="" correcta="0"/>
        <respuesta ruta="MA_11_04_REC190_IMG13.png" ampliacion="" correcta="1"/>
        <respuesta ruta="MA_11_04_REC190_IMG14.png" ampliacion="" correcta="0"/>
        <respuesta ruta="MA_11_04_REC190_IMG15.png" ampliacion="" correcta="0"/>
      </respuestas>
    </cuestion>
    <cuestion>
      <enunciado><![CDATA[Si la gráfica corresponde a la función {{cur}}f{{normal}}({{cur}}x{{normal}}), se puede afirmar que {{cur}}f{{normal}} ’({{cur}}x{{normal}}) en {{cur}}x{{normal}} = 1 es una función:]]></enunciado>
      <imagen><![CDATA[MA_11_04_REC190_IMG016n.png]]></imagen>
      <ampliacion><![CDATA[imagenDummy_MotorM.png]]></ampliacion>
      <respuestas>
        <respuesta ruta="MA_11_04_REC190_IMG17.png" ampliacion="" correcta="1"/>
        <respuesta ruta="MA_11_04_REC190_IMG18.png" ampliacion="" correcta="0"/>
        <respuesta ruta="MA_11_04_REC190_IMG19.png" ampliacion="" correcta="0"/>
        <respuesta ruta="MA_11_04_REC190_IMG20.png" ampliacion="" correcta="0"/>
      </respuestas>
    </cuestion>
    <cuestion>
      <enunciado><![CDATA[Si la gráfica corresponde a la función {{cur}}f{{normal}} ({{cur}}x{{normal}}), se puede afirmar que {{cur}}f{{normal}} ’ ({{cur}}x{{normal}}) en {{cur}}x{{normal}} = 1 es una función:]]></enunciado>
      <imagen><![CDATA[MA_11_04_REC190_IMG21n.png]]></imagen>
      <ampliacion><![CDATA[imagenDummy_MotorM.png]]></ampliacion>
      <respuestas>
        <respuesta ruta="MA_11_04_REC190_IMG22.png" ampliacion="" correcta="0"/>
        <respuesta ruta="MA_11_04_REC190_IMG23.png" ampliacion="" correcta="1"/>
        <respuesta ruta="MA_11_04_REC190_IMG24.png" ampliacion="" correcta="0"/>
        <respuesta ruta="MA_11_04_REC190_IMG25.png" ampliacion="" correcta="0"/>
      </respuestas>
    </cuestion>
    <cuestion>
      <enunciado><![CDATA[Si la gráfica corresponde a la función {{cur}}f{{normal}} ({{cur}}x{{normal}}), se puede afirmar que {{cur}}f{{normal}} ’ ({{cur}}x{{normal}}) es una función creciente en el intervalo:]]></enunciado>
      <imagen><![CDATA[MA_11_04_REC190_IMG26n.png]]></imagen>
      <ampliacion><![CDATA[imagenDummy_MotorM.png]]></ampliacion>
      <respuestas>
        <respuesta ruta="MA_11_04_REC190_IMG27.png" ampliacion="" correcta="0"/>
        <respuesta ruta="MA_11_04_REC190_IMG28.png" ampliacion="" correcta="0"/>
        <respuesta ruta="MA_11_04_REC190_IMG29.png" ampliacion="" correcta="0"/>
        <respuesta ruta="MA_11_04_REC190_IMG30.png" ampliacion="" correcta="1"/>
      </respuestas>
    </cuestion>
    <cuestion>
      <enunciado><![CDATA[De la gráfica se puede afirmar que {{cur}}f{{normal}} ({{cur}}x{{normal}}) es una función decreciente en el intervalo:]]></enunciado>
      <imagen><![CDATA[MA_11_04_REC190_IMG31n.png]]></imagen>
      <ampliacion><![CDATA[imagenDummy_MotorM.png]]></ampliacion>
      <respuestas>
        <respuesta ruta="MA_11_04_REC190_IMG32.png" ampliacion="" correcta="1"/>
        <respuesta ruta="MA_11_04_REC190_IMG33.png" ampliacion="" correcta="0"/>
        <respuesta ruta="MA_11_04_REC190_IMG34.png" ampliacion="" correcta="0"/>
        <respuesta ruta="MA_11_04_REC190_IMG35.png" ampliacion="" correcta="0"/>
      </respuestas>
    </cuestion>
    <cuestion>
      <enunciado><![CDATA[Si la gráfica corresponde a {{cur}}f{{normal}} ’({{cur}}x{{normal}}), se puede afirmar que la función {{cur}}f{{normal}} ({{cur}}x{{normal}}) es decreciente en el intervalo:]]></enunciado>
      <imagen><![CDATA[MA_11_04_REC190_IMG36n.png]]></imagen>
      <ampliacion><![CDATA[imagenDummy_MotorM.png]]></ampliacion>
      <respuestas>
        <respuesta ruta="MA_11_04_REC190_IMG37.png" ampliacion="" correcta="0"/>
        <respuesta ruta="MA_11_04_REC190_IMG38.png" ampliacion="" correcta="0"/>
        <respuesta ruta="MA_11_04_REC190_IMG39.png" ampliacion="" correcta="1"/>
        <respuesta ruta="MA_11_04_REC190_IMG40.png" ampliacion="" correcta="0"/>
      </respuestas>
    </cuestion>
    <cuestion>
      <enunciado><![CDATA[Si la gráfica corresponde a {{cur}}f{{normal}} ’ ({{cur}}x{{normal}}) = 3 cos (3{{cur}}x{{normal}}), se puede afirmar que en la función original {{cur}}f{{normal}} ({{cur}}x{{normal}}) hay un máximo local en la coordenada: ]]></enunciado>
      <imagen><![CDATA[MA_11_04_REC190_IMG41n.png]]></imagen>
      <ampliacion/>
      <respuestas>
        <respuesta ruta="MA_11_04_REC190_IMG42.png" ampliacion="" correcta="0"/>
        <respuesta ruta="MA_11_04_REC190_IMG43.png" ampliacion="" correcta="0"/>
        <respuesta ruta="MA_11_04_REC190_IMG44.png" ampliacion="" correcta="0"/>
        <respuesta ruta="MA_11_04_REC190_IMG45.png" ampliacion="" correcta="1"/>
      </respuestas>
    </cuestion>
    <cuestion>
      <enunciado><![CDATA[Si la gráfica corresponde a {{cur}}f{{normal}} ’ ({{cur}}x{{normal}}) = 2 cos (2{{cur}}x{{normal}}),  se puede afirmar que en la función original {{cur}}f{{normal}} ({{cur}}x{{normal}}) hay un mínimo local en la coordenada: ]]></enunciado>
      <imagen><![CDATA[MA_11_04_REC190_IMG46n.png]]></imagen>
      <ampliacion/>
      <respuestas>
        <respuesta ruta="MA_11_04_REC190_IMG47.png" ampliacion="" correcta="1"/>
        <respuesta ruta="MA_11_04_REC190_IMG48.png" ampliacion="" correcta="0"/>
        <respuesta ruta="MA_11_04_REC190_IMG49.png" ampliacion="" correcta="0"/>
        <respuesta ruta="MA_11_04_REC190_IMG50.png" ampliacion="" correcta="0"/>
      </respuestas>
    </cuestion>
  </test>
</motor>