﻿<?xml version="1.0" encoding="utf-8"?><motor tipo="5" clase="a" aprid="m5a">
  <plataforma>
    <grado><![CDATA[2]]></grado>
    <titulo>Identifica condiciones de aplicabilidad del teorema de Rolle</titulo>
    <area>0</area>
    <nivel>3</nivel>
    <referencia/>
    <idreg><![CDATA[0]]></idreg>
    <motor><![CDATA[M5A]]></motor>
    <lang>es</lang>
  </plataforma>
  <enunciado><![CDATA[Identifica las condiciones necesarias que debe cumplir una función para que sea aplicable el teorema de Rolle; selecciona la opción correcta en cada caso.]]></enunciado>
  <masinfo inicio="1"><![CDATA[Recuerda:El teorema de Rolle.El teorema presenta la situación en la que, dadas tres condiciones, en una función existe un punto {{cur}}c{{normal}} cuya pendiente es cero. Estas condiciones son:1.	La función es continua en un intervalo cerrado [{{cur}}a{{normal}} , {{cur}}b{{normal}}].2.	La función es derivable en el intervalo abierto ({{cur}}a{{normal}}, {{cur}}b{{normal}}).3.	Hay dos valores {{cur}}f{{normal}}({{cur}}a{{normal}}) y {{cur}}f{{normal}}({{cur}}b{{normal}}), que son iguales en el intervalo.]]></masinfo>
  <sinaleatoriedad><![CDATA[0]]></sinaleatoriedad>
  <calc><![CDATA[0]]></calc>
  <respuestaunica><![CDATA[1]]></respuestaunica>
  <test cantidad="7">
    <cuestion>
      <enunciado><![CDATA[Un estudiante de grado 11 afirma que la función que se muestra en la imagen es derivable en el intervalo [1, 3]; la afirmación del estudiante es: ]]></enunciado>
      <explicacion/>
      <imagen><![CDATA[MA_11_04_REC130_IMG01n.png]]></imagen>
      <ampliacion/>
      <respuestas>
        <respuesta contestacion="Correcta, es una función polinómica." correcta="1"/>
        <respuesta contestacion="Incorrecta, es una función racional." correcta="0"/>
        <respuesta contestacion="Correcta, su derivada es igual a 25." correcta="0"/>
        <respuesta contestacion="No se puede saber." correcta="0"/>
      </respuestas>
    </cuestion>
    <cuestion>
      <enunciado><![CDATA[Determina si la función de la imagen cumple las condiciones del teorema de Rolle en el intervalo [1, 4].]]></enunciado>
      <explicacion><![CDATA[Revisar condiciones del teorema.]]></explicacion>
      <imagen><![CDATA[MA_11_04_REC130_IMG02n.png]]></imagen>
      <ampliacion/>
      <respuestas>
        <respuesta contestacion="No, solo es derivable en el intervalo." correcta="0"/>
        <respuesta contestacion="Sí, cumple las tres condiciones." correcta="1"/>
        <respuesta contestacion="No, solo cumple con ser continua en el intervalo dado." correcta="0"/>
        <respuesta contestacion="Sí, ya que es una función racional." correcta="0"/>
      </respuestas>
    </cuestion>
    <cuestion>
      <enunciado><![CDATA[En clase de matemáticas un estudiante de grado 11 ha dicho que la función de la imagen cumple con ser derivable en el intervalo [–1, 1]; dicha afirmaciión es]]></enunciado>
      <explicacion><![CDATA[Revisar la derivada de la función valor absoluto.]]></explicacion>
      <imagen><![CDATA[MA_11_04_REC130_IMG03n.png]]></imagen>
      <ampliacion/>
      <respuestas>
        <respuesta contestacion="Verdadera, es derivable para todo valor del intervalo." correcta="0"/>
        <respuesta contestacion="Falsa, es derivable solo para algunos valores." correcta="0"/>
        <respuesta contestacion="Falsa, es derivable en {{cur}}x{{normal}} = 0." correcta="1"/>
        <respuesta contestacion="No se puede saber." correcta="0"/>
      </respuestas>
    </cuestion>
    <cuestion>
      <enunciado><![CDATA[Identifica si la función de la imagen satisface las condiciones del teorema de Rolle en el intervalo [0, 1].]]></enunciado>
      <explicacion><![CDATA[Revisar las tres condiciones del teorema.]]></explicacion>
      <imagen><![CDATA[MA_11_04_REC130_IMG04n.png]]></imagen>
      <ampliacion/>
      <respuestas>
        <respuesta contestacion="Sí es derivable en el intervalo dado." correcta="0"/>
        <respuesta contestacion="No es derivable en el intervalo dado." correcta="0"/>
        <respuesta contestacion="Sí es continua en el intervalo dado." correcta="0"/>
        <respuesta contestacion="No es continua en el intervalo dado." correcta="1"/>
      </respuestas>
    </cuestion>
    <cuestion>
      <enunciado><![CDATA[¿Para qué valores de {{cur}}p, q{{normal}} y {{cur}}r{{normal}} la función de la imagen cumple con las condiciones necesarias del teorema de Rolle en el intervalo [0, 4]?]]></enunciado>
      <explicacion><![CDATA[Verificar valores del intervalo en las funciones polinómicas. ]]></explicacion>
      <imagen><![CDATA[MA_11_04_REC130_IMG05n.png]]></imagen>
      <ampliacion/>
      <respuestas>
        <respuesta contestacion="{{cur}}p{{normal}} = –3; {{cur}}q{{normal}} = 5; {{cur}}r{{normal}} = 1" correcta="1"/>
        <respuesta contestacion="{{cur}}p{{normal}} = –3; {{cur}}q{{normal}} = –5; {{cur}}r{{normal}} = 2" correcta="0"/>
        <respuesta contestacion="{{cur}}p{{normal}} = –3; {{cur}}q{{normal}} = 6; {{cur}}r{{normal}} = –1" correcta="0"/>
        <respuesta contestacion="{{cur}}p{{normal}} = –3; {{cur}}q{{normal}} = 5; {{cur}}r{{normal}} = 0" correcta="0"/>
      </respuestas>
    </cuestion>
    <cuestion>
      <enunciado><![CDATA[Establece el valor {{cur}}c{{normal}} para el cual se cumple el teorema de Rolle en el intervalo [0, 1] para la función mostrada en la imagen.]]></enunciado>
      <explicacion><![CDATA[Revisar las tres condiciones del teorema y calcular el valor de {{cur}}c{{normal}}.]]></explicacion>
      <imagen><![CDATA[MA_11_04_REC130_IMG06n.png]]></imagen>
      <ampliacion/>
      <respuestas>
        <respuesta contestacion=" {{cur}}c{{normal}} = 2/3" correcta="0"/>
        <respuesta contestacion=" {{cur}}c{{normal}} = 1/2" correcta="1"/>
        <respuesta contestacion=" {{cur}}c{{normal}} = 4" correcta="0"/>
        <respuesta contestacion=" {{cur}}c{{normal}} = –5/3" correcta="0"/>
      </respuestas>
    </cuestion>
    <cuestion>
      <enunciado><![CDATA[Determina el valor de {{cur}}b{{normal}} para que la función que se muestra en la imagen cumpla el teorema de Rolle.]]></enunciado>
      <explicacion/>
      <imagen><![CDATA[MA_11_04_REC130_IMG07n.png]]></imagen>
      <ampliacion><![CDATA[MA_11_04_REC130_IMG07a.png]]></ampliacion>
      <respuestas>
        <respuesta contestacion="{{cur}}b{{normal}} = 2" correcta="1"/>
        <respuesta contestacion="{{cur}}b{{normal}} = 0" correcta="0"/>
        <respuesta contestacion="{{cur}}b{{normal}} = –2" correcta="0"/>
        <respuesta contestacion="{{cur}}b{{normal}} = 1" correcta="0"/>
      </respuestas>
    </cuestion>
  </test>
</motor>