﻿<?xml version="1.0" encoding="utf-8"?><motor tipo="101" clase="a" aprid="m101a">
  <plataforma>
    <grado>2</grado>
    <titulo>Refuerza tu aprendizaje: El análisis de gráficas</titulo>
    <volumen/>
    <nivel>3</nivel>
    <referencia/>
    <motor/>
    <lang>es</lang>
  </plataforma>
  <enunciado><![CDATA[Resuelve la siguiente actividad. Al finalizar, da clic en Enviar. De ser necesario, entrega las respuestas a mano o por {{cur}}e-mail{{normal}} a tu profesor para que las pueda validar.]]></enunciado>
  <masinfo inicio="0"/>
  <calc><![CDATA[0]]></calc>
  <preguntas cantidad="7">
    <pregunta>
      <enunciado><![CDATA[En la imagen se muestra la función {{cur}}f{{normal}} ({{cur}}x{{normal}}) = ln {{cur}}x{{normal}} y su derivada. Encuentra la expresión algebraica que representa la derivada de dicha  función.]]></enunciado>
      <explicacion><![CDATA[La función azul representa la función {{cur}}f{{normal}}({{cur}}x{{normal}}) = ln {{cur}}x{{normal}} y la roja representa su derivada la cual es {{cur}}f{{normal} ´({{cur}}x{{normal}}) = 1/{{cur}}x{{normal}}.]]></explicacion>
      <nivel><![CDATA[1]]></nivel>
      <tipo><![CDATA[M]]></tipo>
      <imagen><![CDATA[MA_11_04_REC220_IMG01n.png]]></imagen>
      <ampliacion><![CDATA[MA_11_04_REC220_IMG01a.png]]></ampliacion>
      <texto/>
    </pregunta>
    <pregunta>
      <enunciado><![CDATA[La siguiente gráfica representa a {{cur}}f{{normal}} ´({{cur}}x{{normal}}). ¿Cuál es la expresión algebraica que define a {{cur}}f{{normal}}({{cur}}x{{normal}})? ¿Cuál es su máximo? ¿Cuál es su mínimo?]]></enunciado>
      <explicacion><![CDATA[La función original es {{cur}}f{{normal}}({{cur}}x{{normal}}) = 3{{cur}}x{{normal}}{{sup}}7{{normal}} + 4{{cur}}x{{normal}}{{sup}}2{{normal}}; su punto máximo es  –1,3 y su mínimo es 0. ]]></explicacion>
      <nivel><![CDATA[2]]></nivel>
      <tipo><![CDATA[M]]></tipo>
      <imagen><![CDATA[MA_11_04_REC220_IMG02n.png]]></imagen>
      <ampliacion><![CDATA[MA_11_04_REC220_IMG02a.png]]></ampliacion>
      <texto/>
    </pregunta>
    <pregunta>
      <enunciado><![CDATA[La siguiente gráfica representa a {{cur}}f{{normal}} ´({{cur}}x{{normal}}). ¿Cuál es la expresión algebraica que define a {{cur}}f{{normal}}({{cur}}x{{normal}})? ¿Cuál es su máximo? ¿Cuál es su mínimo?]]></enunciado>
      <explicacion><![CDATA[La función original es {{cur}}f{{normal}}({{cur}}x{{normal}}) = 3/2 sen ({{cur}}x{{normal}}); su máximo es 1,5 y su mínimo es – 1,5.]]></explicacion>
      <nivel><![CDATA[2]]></nivel>
      <tipo><![CDATA[M]]></tipo>
      <imagen><![CDATA[MA_11_04_REC220_IMG03n.png]]></imagen>
      <ampliacion><![CDATA[MA_11_04_REC220_IMG03a.png]]></ampliacion>
      <texto/>
    </pregunta>
    <pregunta>
      <enunciado><![CDATA[La siguiente gráfica representa a {{cur}}f{{normal}} ´({{cur}}x{{normal}}). Analiza la función y determina los puntos de inflexión de {{cur}}f{{normal}}({{cur}}x{{normal}}).]]></enunciado>
      <explicacion><![CDATA[Ten en cuenta que si en una función {{cur}}f({{cur}}x{{normal}}), {{cur}}f ´´{{normal}}({{cur}}a{{normal}}) = 0 o no existe, y la derivada {{cur}}f ´´{{normal}}({{cur}}x{{normal}}) cambia de signo al pasar por el valor de {{cur}}x{{normal}} = {{cur}}a{{normal}}, entonces el punto de la función de abscisa {{cur}}x{{normal}} = {{cur}}a{{normal}} es un punto de inflexión.]]></explicacion>
      <nivel><![CDATA[2]]></nivel>
      <tipo><![CDATA[M]]></tipo>
      <imagen><![CDATA[MA_11_04_REC220_IMG04n.png]]></imagen>
      <ampliacion><![CDATA[MA_11_04_REC220_IMG04a.png]]></ampliacion>
      <texto/>
    </pregunta>
    <pregunta>
      <enunciado><![CDATA[Usando el criterio de la primera derivada encuentra los puntos de inflexión de la primera derivada {{cur}}f{{normal}}({{cur}}x{{normal}}).]]></enunciado>
      <explicacion><![CDATA[Este criterio menciona que si se aplica la primera derivada a una función, se conoce el comportamiento de esta; en los puntos donde la derivada es cero (0) habrá un valor extremo.]]></explicacion>
      <nivel><![CDATA[2]]></nivel>
      <tipo><![CDATA[M]]></tipo>
      <imagen><![CDATA[MA_11_04_REC220_IMG05n.png]]></imagen>
      <ampliacion><![CDATA[MA_11_04_REC220_IMG05a.png]]></ampliacion>
      <texto/>
    </pregunta>
    <pregunta>
      <enunciado><![CDATA[Menciona algunos de los puntos máximos de la función {{cur}}f{{normal}}({{cur}}x{{normal}}), teniendo en cuenta que:
 {{cur}}f{{normal}} ´({{cur}}x{{normal}}) = – tan ({{cur}}x{{normal}}) ∙ sen ({{cur}}x{{normal}}) + tan{{sup}}2{{normal}} ({{cur}}x{{normal}}) ∙ cos ]]></enunciado>
      <explicacion><![CDATA[La función inicial es{{cur}} f{{normal}}({{cur}}x{{normal}}) = tan ({{cur}}x{{normal}}) ∙ cos({{cur}}x{{normal}}); dado que es una función periódica se tienen varios puntos mínimos y máximos, los cuales varían de acuerdo con el período de la función.]]></explicacion>
      <nivel><![CDATA[2]]></nivel>
      <tipo><![CDATA[M]]></tipo>
      <imagen/>
      <ampliacion/>
      <texto/>
    </pregunta>
    <pregunta>
      <enunciado><![CDATA[Dada la función {{cur}}f{{normal}} ({{cur}}x{{normal}}) = {{cur}}x{{normal}}{{sup}}3{{normal}} + 2{{cur}}x{{normal}}{{sup}}2{{normal}} - 4, realiza la gráfica en geogebra, encuentra la derivada y grafícala; luego, establece relaciones entre las gráficas. ]]></enunciado>
      <explicacion/>
      <nivel><![CDATA[2]]></nivel>
      <tipo/>
      <imagen/>
      <ampliacion/>
      <texto/>
    </pregunta>
  </preguntas>
</motor>