﻿<?xml version="1.0" encoding="utf-8"?><motor tipo="7" clase="a" aprid="m7a">
  <plataforma>
    <grado><![CDATA[2]]></grado>
    <titulo>Ejercita el cálculo de derivadas de funciones compuestas</titulo>
    <area>0</area>
    <nivel>3</nivel>
    <referencia/>
    <idreg><![CDATA[0]]></idreg>
    <motor><![CDATA[M7A]]></motor>
    <lang>es</lang>
  </plataforma>
  <enunciado><![CDATA[Resuelve cada situación, luego, selecciona la respuesta correcta en cada caso.]]></enunciado>
  <masinfo inicio="0"><![CDATA[Para r]]></masinfo>
  <sinaleatoriedad><![CDATA[0]]></sinaleatoriedad>
  <calc><![CDATA[0]]></calc>
  <respuestaunica><![CDATA[1]]></respuestaunica>
  <test cantidad="8">
    <cuestion>
      <enunciado><![CDATA[Observa la función que se presenta e indica la derivada.]]></enunciado>
      <imagen><![CDATA[MA_11_04_REC90_IMG01n.png]]></imagen>
      <ampliacion/>
      <respuestas>
        <respuesta ruta="MA_11_04_REC90_IMG02.png" ampliacion="" correcta="0"/>
        <respuesta ruta="MA_11_04_REC90_IMG03.png" ampliacion="" correcta="1"/>
        <respuesta ruta="MA_11_04_REC90_IMG04.png" ampliacion="" correcta="0"/>
        <respuesta ruta="MA_11_04_REC90_IMG05.png" ampliacion="" correcta="0"/>
      </respuestas>
    </cuestion>
    <cuestion>
      <enunciado><![CDATA[Un grupo de estudiantes afirma que en clase de matemáticas se ha dado una afirmación falsa sobre la derivada de una función; la afirmación de la que hablan los estudiantes es:]]></enunciado>
      <imagen><![CDATA[MA_11_04_REC90_IMG06n.png]]></imagen>
      <ampliacion/>
      <respuestas>
        <respuesta ruta="MA_11_04_REC90_IMG07.png" ampliacion="" correcta="0"/>
        <respuesta ruta="MA_11_04_REC90_IMG08.png" ampliacion="" correcta="0"/>
        <respuesta ruta="MA_11_04_REC90_IMG09.png" ampliacion="" correcta="1"/>
        <respuesta ruta="MA_11_04_REC90_IMG10.png" ampliacion="" correcta="0"/>
      </respuestas>
    </cuestion>
    <cuestion>
      <enunciado><![CDATA[Observa cada función y su derivada. La opción que muestra una afirmación correcta es:]]></enunciado>
      <imagen><![CDATA[MA_11_04_REC90_IMG11n.png]]></imagen>
      <ampliacion/>
      <respuestas>
        <respuesta ruta="MA_11_04_REC90_IMG12.png" ampliacion="" correcta="1"/>
        <respuesta ruta="MA_11_04_REC90_IMG13.png" ampliacion="" correcta="0"/>
        <respuesta ruta="MA_11_04_REC90_IMG14.png" ampliacion="" correcta="0"/>
        <respuesta ruta="MA_11_04_REC90_IMG15.png" ampliacion="" correcta="0"/>
      </respuestas>
    </cuestion>
    <cuestion>
      <enunciado><![CDATA[Indica cuál de las siguientes afirmaciones es correcta teniendo en cuenta {{cur}}h{{normal}}{{normal}}({{cur}}x{{normal}}). Amplía la imagen para ver las opciones de respuesta.]]></enunciado>
      <imagen><![CDATA[MA_11_04_REC90_IMG16n.png]]></imagen>
      <ampliacion><![CDATA[MA_11_04_REC90_IMG16a.png]]></ampliacion>
      <respuestas>
        <respuesta ruta="MA_11_04_REC90_IMG17.png" ampliacion="" correcta="0"/>
        <respuesta ruta="MA_11_04_REC90_IMG18.png" ampliacion="" correcta="0"/>
        <respuesta ruta="MA_11_04_REC90_IMG19.png" ampliacion="" correcta="0"/>
        <respuesta ruta="MA_11_04_REC90_IMG20.png" ampliacion="" correcta="1"/>
      </respuestas>
    </cuestion>
    <cuestion>
      <enunciado><![CDATA[Observa la función que se presenta. La expresión que indica la derivada de {{cur}}k{{normal}} es:]]></enunciado>
      <imagen><![CDATA[MA_11_04_REC90_IMG21n.png]]></imagen>
      <ampliacion/>
      <respuestas>
        <respuesta ruta="MA_11_04_REC90_IMG22.png" ampliacion="" correcta="1"/>
        <respuesta ruta="MA_11_04_REC90_IMG23.png" ampliacion="" correcta="0"/>
        <respuesta ruta="MA_11_04_REC90_IMG24.png" ampliacion="" correcta="0"/>
        <respuesta ruta="MA_11_04_REC90_IMG25.png" ampliacion="" correcta="0"/>
      </respuestas>
    </cuestion>
    <cuestion>
      <enunciado><![CDATA[Halla la expresión que representa {{cur}}g{{normal}}´´({{cur}}x{{normal}}) y calcula su valor cuando {{cur}}x{{normal}} = 1. ]]></enunciado>
      <imagen><![CDATA[MA_11_04_REC90_IMG26n.png]]></imagen>
      <ampliacion/>
      <respuestas>
        <respuesta ruta="MA_11_04_REC90_IMG27.png" ampliacion="" correcta="0"/>
        <respuesta ruta="MA_11_04_REC90_IMG28.png" ampliacion="" correcta="1"/>
        <respuesta ruta="MA_11_04_REC90_IMG29.png" ampliacion="" correcta="0"/>
        <respuesta ruta="MA_11_04_REC90_IMG30.png" ampliacion="" correcta="0"/>
      </respuestas>
    </cuestion>
    <cuestion>
      <enunciado><![CDATA[Determina cuál de las siguientes afirmaciones es falsa sobre la función {{cur}}g{{normal}}({{cur}}x{{normal}}):]]></enunciado>
      <imagen><![CDATA[MA_11_04_REC90_IMG31n.png]]></imagen>
      <ampliacion/>
      <respuestas>
        <respuesta ruta="MA_11_04_REC90_IMG32.png" ampliacion="" correcta="0"/>
        <respuesta ruta="MA_11_04_REC90_IMG33.png" ampliacion="" correcta="0"/>
        <respuesta ruta="MA_11_04_REC90_IMG34.png" ampliacion="" correcta="1"/>
        <respuesta ruta="MA_11_04_REC90_IMG35.png" ampliacion="" correcta="0"/>
      </respuestas>
    </cuestion>
    <cuestion>
      <enunciado><![CDATA[Observa la función que se presenta. El valor de {{cur}}f{{normal}}´(1) es:]]></enunciado>
      <imagen><![CDATA[MA_11_04_REC90_IMG36n.png]]></imagen>
      <ampliacion/>
      <respuestas>
        <respuesta ruta="MA_11_04_REC90_IMG37.png" ampliacion="" correcta="0"/>
        <respuesta ruta="MA_11_04_REC90_IMG38.png" ampliacion="" correcta="1"/>
        <respuesta ruta="MA_11_04_REC90_IMG39.png" ampliacion="" correcta="0"/>
        <respuesta ruta="MA_11_04_REC90_IMG40.png" ampliacion="" correcta="0"/>
      </respuestas>
    </cuestion>
  </test>
</motor>