<?xml version='1.0' encoding='UTF-8'?><engine copy="Editorial Planeta" version="1" aprid="f13" title="Proyecto: Un estudio estadístico" >
<section title="Presentación" path="imagendummy_motorf.jpg" pathAmp="" image1Text="" zoom1="false" zoom2a="false" zoom2b="false" layout="0" >
<![CDATA[<p style="text-align:center"><span style="font-size:16px"><span style="font-family:verdana,geneva,sans-serif"><strong>Uso de redes sociales y medios de mensajer&iacute;a instant&aacute;nea.</strong></span></span></p>

<p style="text-align:justify"><span style="font-size:16px"><span style="font-family:verdana,geneva,sans-serif">El proyecto consiste en que entrevistes a estudiantes&nbsp;&nbsp;de diferentes cursos y realices an&aacute;lisis de la informaci&oacute;n, puedes hacerles preguntas como:</span></span></p>

<p style="text-align:justify"><span style="font-size:16px"><span style="font-family:verdana,geneva,sans-serif">&iquest;Usas alguna(as) red(es) social(es) o de mensajer&iacute;a instant&aacute;nea? en caso de ser afirmativa la respuesta &iquest;cu&aacute;l(es)? &iquest;Cu&aacute;l&nbsp;es tu preferida y de uso m&aacute;s frecuente? &iquest;Cu&aacute;nto tiempo dedicas diariamente al uso de redes sociales o de mensajer&iacute;a instant&aacute;nea?</span></span></p>

<p style="text-align:justify"><span style="font-size:16px"><span style="font-family:verdana,geneva,sans-serif">Si consideras necesario puedes realizar preguntas diferentes,&nbsp;hacer m&aacute;s &nbsp;preguntas de acuerdo a tu inter&eacute;s, delimitar con redes o medios espec&iacute;ficos.</span></span></p>

<p style="text-align:justify">&nbsp;</p>
]]></section>
<section title="Conceptos" path="imagendummy_motorf.jpg" pathAmp="" image1Text="" zoom1="false" zoom2a="false" zoom2b="false" layout="1" >
<![CDATA[<p><span style="font-size:16px"><span style="font-family:verdana,geneva,sans-serif">- Tablas de frecuencia para la recolecci&oacute;n de datos.</span></span></p>

<p><span style="font-size:16px"><span style="font-family:verdana,geneva,sans-serif">- Diagramas ( barras, pol&iacute;gono de frecuencia, pictogramas, circulares).</span></span></p>

<p><span style="font-size:16px"><span style="font-family:verdana,geneva,sans-serif">-Medidas de tendencia central.</span></span></p>

<p><span style="font-size:16px"><span style="font-family:verdana,geneva,sans-serif">-Probabilidad.</span></span></p>
]]></section>
<section title="Objetivos" path="" pathAmp="" image1Text="" zoom1="false" zoom2a="false" zoom2b="false" layout="2" >
<![CDATA[<p><span style="font-size:16px"><span style="font-family:verdana,geneva,sans-serif"><span style="color:rgb(0, 0, 0)">- </span>Identifica conceptos b&aacute;sicos de la Estad&iacute;stica, a trav&eacute;s de&nbsp;la situaciones problema cotidianas.<span style="color:rgb(0, 0, 0)">&nbsp;</span></span></span></p>

<p><span style="font-size:16px"><span style="color:rgb(0, 0, 0)">-Desarrollar capacidades p</span><span style="color:rgb(0, 0, 0); font-family:verdana,geneva,sans-serif">ara el an&aacute;lisis de datos y la resoluci&oacute;n de problemas de tipo estad&iacute;stico de forma que se facilite la elaboraci&oacute;n de conclusiones y la toma de decisiones en diversas situaciones.</span></span></p>

<p><span style="font-size:16px"><span style="color:rgb(0, 0, 0); font-family:verdana,geneva,sans-serif">-Ofrecer herramientas de estad&iacute;stica b&aacute;sicas que permita argumentar la toma de decisiones.&nbsp;</span></span></p>

<p><span style="font-size:16px"><span style="color:rgb(0, 0, 0); font-family:verdana,geneva,sans-serif">- Realizar an&aacute;lisis de poblaciones y describir caracter&iacute;sticas de esta.</span></span></p>

<p><span style="font-size:16px"><span style="color:rgb(0, 0, 0); font-family:verdana,geneva,sans-serif">- Hacer uso de la estad&iacute;stica en contextos cotidianos que permitan un acercamiento a los estudiantes a esta parte de la matem&aacute;tica.</span></span></p>
]]></section>
<section title="Planificación" path="" pathAmp="" image1Text="" zoom1="false" zoom2a="false" zoom2b="false" layout="2" >
<![CDATA[<p><span style="font-family:verdana,geneva,sans-serif"><span style="font-size:16px">Se requiere hacer uso de programas que faciliten la interpretaci&oacute;n de la informaci&oacute;n como excel, geogrebra o cualquier otro que facilite una hoja de c&aacute;lculo; se recomienda consultar que son las medidas de tendencia central y aplicarlas, en caso de tener alguna duda dirigirse al docente.</span></span></p>
]]></section>
<section title="Investigación" path="" pathAmp="" image1Text="" zoom1="false" zoom2a="false" zoom2b="false" layout="2" >
<![CDATA[<p><span style="font-size:16px"><span style="font-family:verdana,geneva,sans-serif">El proyecto se desarrolla en grupos de m&aacute;ximo tres estudiantes, cada grupo debe seleccionar un curso del colegio y de cada curso tomar la poblaci&oacute;n que considere le dara informaci&oacute;n suficiente para generalizar datos sobre el curso; se aplica encuenta realizada por cada grupo, posteriormente se deben recolectar datos en tablas de frecuencias y realizar gr&aacute;ficos con estos, encontar medidas de tendencias central para finalmente dar conclusiones sobre cada curso.</span></span></p>

<p><span style="font-size:16px"><span style="font-family:verdana,geneva,sans-serif">Adem&aacute;s de lo anterior cada &nbsp;grupo debe realizar un instrumento evaluativo haciendo uso de la probabilidad para ser aplicado a otro grupo de estudiantes.</span></span></p>
]]></section>
<section title="Análisis" path="" pathAmp="" image1Text="" zoom1="false" zoom2a="false" zoom2b="false" layout="2" >
<![CDATA[<p><span style="font-size:16px"><span style="font-family:verdana,geneva,sans-serif">Se debe procurar obtener m&aacute;s datos cuantitativos que cualitativos, para un correcto an&aacute;lisis de datos se recomienda realizar los siguientes pasos:</span></span></p>

<p><span style="font-size:16px"><span style="font-family:verdana,geneva,sans-serif">&nbsp;1) Verificar la reelevancia de los datos.</span></span></p>

<p><span style="font-size:16px"><span style="font-family:verdana,geneva,sans-serif">&nbsp;2)Describir la poblaci&oacute;n de estudio y su relaci&oacute;n con alguna posibles fuente, en lo posible justificar todos los factoress involucrados; comparaci&oacute;n de la poblaci&oacute;n de estudio obtenida con la poblaci&oacute;n blanco</span></span></p>

<p><span style="font-size:16px"><span style="font-family:verdana,geneva,sans-serif">3) Evaluar la posibilidad de sesgos como por ejemplo:no&nbsp;respuesta, negativa a contestar, y desaparici&oacute;n de sujetos, grupos de comparaci&oacute;n.</span></span></p>

<p><span style="font-size:16px"><span style="font-family:verdana,geneva,sans-serif">4)&nbsp;Estimar las medidas de tendencia central.</span></span></p>

<p><span style="font-size:16px"><span style="font-family:verdana,geneva,sans-serif">5)&nbsp;Evaluar el grado de incertidumbre a partir del azar.&nbsp;</span></span></p>

<p><span style="font-size:16px"><span style="font-family:verdana,geneva,sans-serif">6)&nbsp;Controlar y analizar los efectos de otros factores relevantes </span></span></p>

<p><span style="font-size:16px"><span style="font-family:verdana,geneva,sans-serif">8)&nbsp;Buscar una comprensi&oacute;n de las relaciones observadas o no observadas.</span></span></p>

<p><span style="font-size:16px"><span style="font-family:verdana,geneva,sans-serif">9) Evaluar el impacto o importancia del estudio para dar conclusiones sobre el mismo e iniciar la toma de decisiones.&nbsp;</span></span></p>
]]></section>
<section title="Exposición" path="" pathAmp="" image1Text="" zoom1="false" zoom2a="false" zoom2b="false" layout="2" >
<![CDATA[<p><span style="font-size:16px"><span style="font-family:verdana,geneva,sans-serif">Para la presentaci&oacute;n del tema es importante que este avalado el estudio por el docente, posteriormente cada grupo debe presentar de manera muy corta:</span></span></p>

<p><span style="font-size:16px"><span style="font-family:verdana,geneva,sans-serif">1) Poblaci&oacute;n, muestra seleccionada.</span></span></p>

<p><span style="font-size:16px"><span style="font-family:verdana,geneva,sans-serif">2) Medio de recolecci&oacute;n de datos.</span></span></p>

<p><span style="font-size:16px"><span style="font-family:verdana,geneva,sans-serif">3) Datos obtenidos.</span></span></p>

<p><span style="font-size:16px"><span style="font-family:verdana,geneva,sans-serif">4) Medio para el an&aacute;lisis de datos.</span></span></p>

<p><span style="font-size:16px"><span style="font-family:verdana,geneva,sans-serif">5) An&aacute;lisis de datos.</span></span></p>

<p><span style="font-size:16px"><span style="font-family:verdana,geneva,sans-serif">6) conclusiones.</span></span></p>

<p><span style="font-size:16px"><span style="font-family:verdana,geneva,sans-serif">7) Impacto del proyecto.</span></span></p>

<p><span style="font-size:16px"><span style="font-family:verdana,geneva,sans-serif">Finalmente como ya se hab&iacute;a mencionado cada grupo debe planificar un instrumento que involucre la probabilidad, el instrumento debe incluir preguntas como por ejemplo:</span></span></p>

<p><span style="font-size:16px"><span style="font-family:verdana,geneva,sans-serif">El 80% de los estudiantes de grado s&eacute;ptimo usan dos o m&aacute;s redes sociales y de mensajer&iacute;a instant&aacute;nea &iquest;Cu&aacute;l es la probabilidad de que el resto use al menos una?</span></span></p>

<p>&nbsp;</p>
]]></section>
<section title="Evaluación" path="imagendummy_motorf.jpg" pathAmp="" image1Text="" zoom1="false" zoom2a="false" zoom2b="false" layout="0" >
<![CDATA[<p><span style="font-family:verdana,geneva,sans-serif"><span style="font-size:16px">Para la evaluaci&oacute;n se tendr&aacute; en cuenta:</span></span></p>

<p><span style="font-family:verdana,geneva,sans-serif"><span style="font-size:16px">-Desarrolla cabalmente el proyecto dando aportes significativos al grupo.</span></span></p>

<p><span style="font-family:verdana,geneva,sans-serif"><span style="font-size:16px">-Hay coherencia en la recolecci&oacute;n de datos&nbsp;.</span></span></p>

<p><span style="font-family:verdana,geneva,sans-serif"><span style="font-size:16px">-Usa herramientas adecuadas para la recolecci&oacute;n de datos.</span></span></p>

<p><span style="font-family:verdana,geneva,sans-serif"><span style="font-size:16px">-Realiza un an&aacute;lisis de los datos que le permite llegar a la presentaci&oacute;n de conclusiones.</span></span></p>

<p><span style="font-family:verdana,geneva,sans-serif"><span style="font-size:16px">-Consulta permanentemente al docente sobre el desarrollo del proyecto y presenta avances significativossesor&iacute;as con el docente.</span></span></p>

<p><span style="font-family:verdana,geneva,sans-serif"><span style="font-size:16px">-Realiza una presentaci&oacute;n de los resultados clara y argumenta sobre lo indagado en el proyecto.</span></span></p>

<p><span style="font-family:verdana,geneva,sans-serif"><span style="font-size:16px">-Realiza consultas externas para el desarrollo del proyecto.</span></span></p>

<p><span style="font-family:verdana,geneva,sans-serif"><span style="font-size:16px">-Presenta un instrumento pertinente que involucra el uso de la probabilidad.</span></span></p>

<p>&nbsp;</p>
]]></section>
</engine>