﻿<?xml version="1.0" encoding="utf-8"?><motor tipo="4" clase="a" aprid="m4a">
  <plataforma>
    <grado><![CDATA[2]]></grado>
    <titulo>Halla el mínimo común múltiplo de polinomios</titulo>
    <area>0</area>
    <nivel>2</nivel>
    <referencia/>
    <idreg><![CDATA[0]]></idreg>
    <motor><![CDATA[M4A]]></motor>
    <lang>es</lang>
  </plataforma>
  <enunciado><![CDATA[Para cada par de polinomios halla su mínimo común múltiplo y selecciona la opción de respuesta correcta.]]></enunciado>
  <masinfo inicio="0"/>
  <sinaleatoriedad><![CDATA[0]]></sinaleatoriedad>
  <calc><![CDATA[0]]></calc>
  <respuestaunica><![CDATA[0]]></respuestaunica>
  <test cantidad="6">
    <cuestion>
      <enunciado><![CDATA[El m.c.m. entre los polinomios  {{cur}}x{{normal}}² + {{cur}}x{{normal}} y {{cur}}x{{normal}}² – 1 es:]]></enunciado>
      <explicacion/>
      <imagen/>
      <respuestas>
        <respuesta contestacion="{{cur}}x{{normal}}({{cur}}x{{normal}} – 1)" correcta="0"/>
        <respuesta contestacion="({{cur}}x{{normal}} – 1)({{cur}}x{{normal}} + 1)" correcta="0"/>
        <respuesta contestacion="{{cur}}x{{normal}}" correcta="0"/>
        <respuesta contestacion="{{cur}}x{{normal}}³ – {{cur}}x{{normal}}" correcta="1"/>
      </respuestas>
    </cuestion>
    <cuestion>
      <enunciado><![CDATA[El m.c.m. entre los polinomios {{cur}}x{{normal}}² + 2{{cur}}x{{normal}} + 1 y {{cur}}x{{normal}}² + 5{{cur}}x{{normal}} + 4 es:]]></enunciado>
      <explicacion/>
      <imagen/>
      <respuestas>
        <respuesta contestacion="{{cur}}x{{normal}}³ + 6{{cur}}x{{normal}}² + 9{{cur}}x{{normal}} + 4" correcta="1"/>
        <respuesta contestacion="{{cur}}x{{normal}} + 4" correcta="0"/>
        <respuesta contestacion="({{cur}}x{{normal}} + 1)({{cur}}x{{normal}} + 4)" correcta="0"/>
        <respuesta contestacion="({{cur}}x{{normal}} + 1)²" correcta="0"/>
      </respuestas>
    </cuestion>
    <cuestion>
      <enunciado><![CDATA[El m.c.m. entre los polinomios {{cur}}x{{normal}}⁶ + {{cur}}x{{normal}}⁵ y {{cur}}x{{normal}}⁵ + 2{{cur}}x{{normal}}⁴ + {{cur}}x{{normal}}³ es:]]></enunciado>
      <explicacion/>
      <imagen/>
      <respuestas>
        <respuesta contestacion="{{cur}}x{{normal}}⁵ + {{cur}}x{{normal}}⁴ + {{cur}}x{{normal}}³" correcta="0"/>
        <respuesta contestacion="{{cur}}x{{normal}}⁷ + 2{{cur}}x{{normal}}⁵ + {{cur}}x{{normal}}³" correcta="1"/>
        <respuesta contestacion="{{cur}}x{{normal}}({{cur}}x{{normal}} + 1)" correcta="0"/>
        <respuesta contestacion="({{cur}}x{{normal}} + 1)⁵" correcta="0"/>
      </respuestas>
    </cuestion>
    <cuestion>
      <enunciado><![CDATA[El m.c.m. entre los polinomios 9{{cur}}x{{normal}}⁶ + 36{{cur}}x{{normal}}⁵ + 36{{cur}}x{{normal}}⁴ y 6{{cur}}x{{normal}}⁵ + 36{{cur}}x{{normal}}⁴ + 72{{cur}}x{{normal}}³ + 48{{cur}}x{{normal}}² es:]]></enunciado>
      <explicacion/>
      <imagen/>
      <respuestas>
        <respuesta contestacion="18{{cur}}x{{normal}}⁷ + 180{{cur}}x{{normal}}⁶ + 216{{cur}}x{{normal}}⁵ – 144{{cur}}x{{normal}}⁴" correcta="0"/>
        <respuesta contestacion="18{{cur}}x{{normal}}⁷ – 180{{cur}}x{{normal}}⁶ + 216{{cur}}x{{normal}}⁵ – 144{{cur}}x{{normal}}⁴" correcta="0"/>
        <respuesta contestacion="18{{cur}}x{{normal}}⁷ + 180{{cur}}x{{normal}}⁶ – 216{{cur}}x{{normal}}⁵ + 144{{cur}}x{{normal}}⁴" correcta="0"/>
        <respuesta contestacion="18{{cur}}x{{normal}}⁷ + 180{{cur}}x{{normal}}⁶ + 216{{cur}}x{{normal}}⁵ + 144{{cur}}x{{normal}}⁴" correcta="1"/>
      </respuestas>
    </cuestion>
    <cuestion>
      <enunciado><![CDATA[Para hallar el m.c.m. de {{cur}}x{{normal}} + 1 y {{cur}}x{{normal}} + 3 se debe:]]></enunciado>
      <explicacion/>
      <imagen/>
      <respuestas>
        <respuesta contestacion="agrupar y multiplicar términos semejantes." correcta="0"/>
        <respuesta contestacion="multiplicar los dos binomios." correcta="1"/>
        <respuesta contestacion="hallar el factor común de cada binomio." correcta="0"/>
        <respuesta contestacion="dividir los dos binomios." correcta="0"/>
      </respuestas>
    </cuestion>
    <cuestion>
      <enunciado><![CDATA[Dados dos polinomios {{cur}}P({{normal}}{{cur}}x{{normal}}) y {{cur}}Q{{normal}}({{cur}}x{{normal}}), y si se sabe que el m.c.m. entre ellos es {{cur}}P{{normal}}({{cur}}x{{normal}}), es posible afirmar que:]]></enunciado>
      <explicacion/>
      <imagen/>
      <respuestas>
        <respuesta contestacion="{{cur}}Q{{normal}}({{cur}}x{{normal}}) es múltiplo de {{cur}}P{{normal}}({{cur}}x{{normal}})." correcta="0"/>
        <respuesta contestacion="{{cur}}P{{normal}}({{cur}}x{{normal}}) y {{cur}}Q{{normal}}({{cur}}x{{normal}}) no tienen factores comunes." correcta="0"/>
        <respuesta contestacion="{{cur}}P{{normal}}({{cur}}x{{normal}}) es igual a {{cur}}Q{{normal}}({{cur}}x{{normal}})." correcta="0"/>
        <respuesta contestacion="{{cur}}P{{normal}}({{cur}}x{{normal}}) es múltiplo de {{cur}}Q{{normal}}({{cur}}x{{normal}})." correcta="1"/>
      </respuestas>
    </cuestion>
  </test>
</motor>