﻿<?xml version="1.0" encoding="UTF-8"?>
<motor tipo="5" clase="a" aprid="M5a">
  <enunciado>Fíjate bien en los datos y soluciona los siguientes problemas usando la proporcionalidad geométrica.</enunciado>
  <test cantidad="8">
    <cuestion>
      <enunciado>Calcula la altura de la pirámide.</enunciado>
      <imagen><![CDATA[_08_09_12_01.jpg]]></imagen>
      <ampliacion><![CDATA[_08_09_12_01.jpg]]></ampliacion>
      <respuestas>
        <respuesta contestacion="146 m" correcta="1" />
        <respuesta contestacion="215 m" correcta="0" />
        <respuesta contestacion="114 m" correcta="0" />
        <respuesta contestacion="124 m" correcta="0" />
      </respuestas>
    </cuestion>
    <cuestion>
      <enunciado>La sombra de un edificio es de 30 m y la de una persona que mide 1,96 m es de 1 m. ¿Cuánto mide el edificio?</enunciado>
      <imagen><![CDATA[_08_09_12_02.jpg]]></imagen>
      <ampliacion><![CDATA[_08_09_12_02.jpg]]></ampliacion>
      <respuestas>
        <respuesta contestacion="58,8 m" correcta="1" />
        <respuesta contestacion="54,3 m" correcta="0" />
        <respuesta contestacion="62,4 m" correcta="0" />
        <respuesta contestacion="53 m" correcta="0" />
      </respuestas>
    </cuestion>
    <cuestion>
      <enunciado>Para medir el ancho de un río se miden las distancias de la figura. ¿Cuánto mide?</enunciado>
      <imagen><![CDATA[_08_09_12_03.jpg]]></imagen>
      <ampliacion><![CDATA[_08_09_12_03.jpg]]></ampliacion>
      <respuestas>
        <respuesta contestacion="38,89 m" correcta="1" />
        <respuesta contestacion="43,21 m" correcta="0" />
        <respuesta contestacion="35,32 m" correcta="0" />
        <respuesta contestacion="40,48 m" correcta="0" />
      </respuestas>
    </cuestion>
    <cuestion>
      <enunciado>¿Cuánto mide el árbol?</enunciado>
      <imagen><![CDATA[_08_09_12_04.jpg]]></imagen>
      <ampliacion><![CDATA[_08_09_12_04.jpg]]></ampliacion>
      <respuestas>
        <respuesta contestacion="13,91 m" correcta="1" />
        <respuesta contestacion="15,22 m" correcta="0" />
        <respuesta contestacion="14,34 m" correcta="0" />
        <respuesta contestacion="10,65 m" correcta="0" />
      </respuestas>
    </cuestion>
    <cuestion>
      <enunciado>¿Cuántos centímetros se abre esta escalera?</enunciado>
      <imagen><![CDATA[_08_09_12_05.jpg]]></imagen>
      <ampliacion><![CDATA[_08_09_12_05.jpg]]></ampliacion>
      <respuestas>
        <respuesta contestacion="73,3 cm" correcta="1" />
        <respuesta contestacion="56,52 cm" correcta="0" />
        <respuesta contestacion="70,22 cm" correcta="0" />
        <respuesta contestacion="77,4 cm" correcta="0" />
      </respuestas>
    </cuestion>
    <cuestion>
      <enunciado>¿Qué altura tiene la montaña?</enunciado>
      <imagen><![CDATA[_08_09_12_06.jpg]]></imagen>
      <ampliacion><![CDATA[_08_09_12_06.jpg]]></ampliacion>
      <respuestas>
        <respuesta contestacion="1.020 m" correcta="1" />
        <respuesta contestacion="1320 m" correcta="0" />
        <respuesta contestacion="970 m" correcta="0" />
        <respuesta contestacion="1.220 m" correcta="0" />
      </respuestas>
    </cuestion>
    <cuestion>
      <enunciado>¿Cuánto mide la torre de comunicaciones?</enunciado>
      <imagen><![CDATA[_08_09_12_07.jpg]]></imagen>
      <ampliacion><![CDATA[_08_09_12_07.jpg]]></ampliacion>
      <respuestas>
        <respuesta contestacion="200 m" correcta="1" />
        <respuesta contestacion="196 m" correcta="0" />
        <respuesta contestacion="210 m" correcta="0" />
        <respuesta contestacion="198 m" correcta="0" />
      </respuestas>
    </cuestion>
    <cuestion>
      <enunciado>¿Cuánto mide la sombra del árbol?</enunciado>
      <imagen><![CDATA[_08_09_12_08.jpg]]></imagen>
      <ampliacion><![CDATA[_08_09_12_08.jpg]]></ampliacion>
      <respuestas>
        <respuesta contestacion="4 m" correcta="1" />
        <respuesta contestacion="4,8 m" correcta="0" />
        <respuesta contestacion="3,5 m" correcta="0" />
        <respuesta contestacion="5 m" correcta="0" />
      </respuestas>
    </cuestion>
  </test>
  <plataforma>
    <grado><![CDATA[2]]></grado>
    <titulo>Resuelve problemas de proporcionalidad geométrica</titulo>
    <volumen><![CDATA[3]]></volumen>
    <nivel><![CDATA[2]]></nivel>
    <referencia><![CDATA[mt_08_09_12]]></referencia>
    <id_reg><![CDATA[246]]></id_reg>
    <motor><![CDATA[M5a]]></motor>
    <lang>es</lang>
  </plataforma>
</motor>