﻿<?xml version="1.0" encoding="utf-8"?><motor tipo="5" clase="d" aprid="m5d"><plataforma><grado><![CDATA[2]]></grado><titulo>Relaciona ecuaciones con situaciones problema</titulo><area>0</area><nivel>3</nivel><referencia /><idreg><![CDATA[0]]></idreg><motor><![CDATA[M5D]]></motor><lang>es</lang></plataforma><enunciado><![CDATA[Identifica la ecuación o ecuaciones que corresponden a cada situación.]]></enunciado><masinfo inicio="0" /><sinaleatoriedad><![CDATA[0]]></sinaleatoriedad><calc><![CDATA[0]]></calc><respuestaunica><![CDATA[1]]></respuestaunica><test cantidad="9"><cuestion><enunciado><![CDATA[ ¿Cuál es la ecuación que permite determinar la cantidad de dinero que tiene Raúl?]]></enunciado><explicacion /><texto><![CDATA[Julián tiene el triple de dinero que Raúl. Si Julián le da a Raúl $18 000, tendrá el doble de lo que tiene Raúl. ]]></texto><respuestas><respuesta contestacion="{{cur}}r{{normal}} - 18 000 = 2·({{cur}}r{{normal}} + 18 000)" correcta="0" /><respuesta contestacion="3{{cur}}r{{normal}} + 18 000 = 2·({{cur}}r{{normal}} - 18 000)" correcta="0" /><respuesta contestacion="3{{cur}}r{{normal}} - 18 000 = 2·({{cur}}r{{normal}} + 18 000)" correcta="1" /><respuesta contestacion="3{{cur}}r{{normal}} - 18 000 = 2{{cur}}r{{normal}} - 18 000" correcta="0" /><respuesta contestacion="{{cur}}r{{normal}} - 18 000 = 2·(3{{cur}}r{{normal}} + 18 000)" correcta="0" /></respuestas></cuestion><cuestion><enunciado><![CDATA[Si llamamos {{cur}}A{{normal}} al número mayor y {{cur}}B{{normal}} al número menor, ¿cuáles son las ecuaciones que modelan la expresión del enunciado?]]></enunciado><explicacion /><texto><![CDATA[El número de personas en dos grupos de trabajo suma 241; cuando se separan los grupos, uno de estos tiene 12 personas más que el otro.]]></texto><respuestas><respuesta contestacion="{{cur}}A{{normal}} + {{cur}}B{{normal}} = 241; {{cur}}B{{normal}} = 12 - {{cur}}A{{normal}}" correcta="0" /><respuesta contestacion="{{cur}}A{{normal}} + {{cur}}B{{normal}}  = 241; {{cur}}B{{normal}} = {{cur}}A{{normal}} - 12" correcta="0" /><respuesta contestacion="{{cur}}A{{normal}} + {{cur}}B{{normal}} = 241; {{cur}}A{{normal}} = {{cur}}B{{normal}} - 12" correcta="0" /><respuesta contestacion="{{cur}}A{{normal}} + {{cur}}B{{normal}} = 241; {{cur}}B{{normal}} = {{cur}}A{{normal}} + 12" correcta="0" /><respuesta contestacion="{{cur}}A{{normal}} + {{cur}}B{{normal}} = 241; {{cur}}A{{normal}} = {{cur}}B{{normal}} + 12" correcta="1" /></respuestas></cuestion><cuestion><enunciado><![CDATA[Si se tienen tres números consecutivos, ¿cuáles son las expresiones que los representan?]]></enunciado><explicacion><![CDATA[Sea{{cur}} x{{normal}} el número; {{cur}}x{{normal}} + 1 su consecutivo y {{cur}}x{{normal}} + 2 el consecutivo del consecutivo.]]></explicacion><texto><![CDATA[En matemáticas un número entero es consecutivo de otro si en la lista de números ordenados, el uno es el que sigue al otro.]]></texto><respuestas><respuesta contestacion="{{cur}}x{{normal}}; {{cur}}x{{normal}} + 1; {{cur}}x{{normal}} + 2" correcta="1" /><respuesta contestacion="{{cur}}x{{normal}}; 2{{cur}}x{{normal}}; 3{{cur}}x{{normal}}" correcta="0" /><respuesta contestacion="{{cur}}x{{normal}}; 2{{cur}}x{{normal}} + 2; 3{{cur}}x{{normal}} + 3" correcta="0" /><respuesta contestacion="{{cur}}x{{normal}}; 2{{cur}}x{{normal}}; {{cur}}x{{normal}} + 3" correcta="0" /><respuesta contestacion="{{cur}}x{{normal}} - 1; 2{{cur}}x{{normal}}; 3{{cur}}x{{normal}} + 1" correcta="0" /></respuestas></cuestion><cuestion><enunciado><![CDATA[Si la cantidad de votos para Jaime, Óscar y Marta la identificamos con {{cur}}J{{normal}}, {{cur}}O{{normal}} y {{cur}}M{{normal}} respectivamente, ¿cuáles son las ecuaciones que modelan la situación planteada?]]></enunciado><explicacion /><texto><![CDATA[En las elecciones para la alcaldía de Puerto Inundado estuvieron en contienda tres candidatos: Jaime Cartero, Óscar Concreto y Marta Polo. Un informe del conteo de votos indica que:· Jaime obtuvo 500 votos más que Óscar.· Óscar obtuvo 800 más que Marta.]]></texto><respuestas><respuesta contestacion="{{cur}}J{{normal}} = {{cur}}O{{normal}} - 500; {{cur}}M{{normal}} = {{cur}}J{{normal}} - 800" correcta="0" /><respuesta contestacion="{{cur}}J{{normal}} = {{cur}}O{{normal}} + 500; {{cur}}M{{normal}} = {{cur}}O{{normal}} - 800" correcta="1" /><respuesta contestacion="{{cur}}M{{normal}} = {{cur}}O{{normal}} + 500; {{cur}}J{{normal}} = {{cur}}M{{normal}} - 800" correcta="0" /><respuesta contestacion="{{cur}}J{{normal}} = {{cur}}M{{normal}} + 500; {{cur}}J{{normal}} = {{cur}}O{{normal}} - 800" correcta="0" /><respuesta contestacion="{{cur}}M{{normal}} = {{cur}}J{{normal}} + 500; {{cur}}J{{normal}} = {{cur}}M{{normal}} - 800" correcta="0" /></respuestas></cuestion><cuestion><enunciado><![CDATA[Sean {{cur}}X{{normal}} el costo del vino, {{cur}}Y{{normal}} el costo de la botella vacía y {{cur}}Z{{normal}} el costo del corcho. ¿Cuáles son las ecuaciones que modelan la información?]]></enunciado><explicacion /><texto><![CDATA[La empresa Elvi Note es una fábrica de vino de exportación. Uno de los vinos más representativos tiene un costo parcial de producción de $36 000, en el cual se cuenta el costo de la botella y el corcho. Johana, gerente de producción, afirma que el vino cuesta $4000 más que la botella vacía, y la botella vacía $1000 más que el corcho. ]]></texto><respuestas><respuesta contestacion="{{cur}}X{{normal}} = {{cur}}Z{{normal}} - 4000; {{cur}}Y{{normal}} = {{cur}}Z{{normal}} - 1000" correcta="0" /><respuesta contestacion="{{cur}}X{{normal}} = {{cur}}Z{{normal}} + 4000; {{cur}}Y{{normal}} = {{cur}}Z{{normal}} + 1000" correcta="0" /><respuesta contestacion="{{cur}}Y{{normal}} = {{cur}}X{{normal}} + 4000; {{cur}}Z{{normal}} = {{cur}}Y{{normal}} + 1000" correcta="0" /><respuesta contestacion="{{cur}}X{{normal}} = {{cur}}Y{{normal}} + 4000; {{cur}}Y{{normal}} = {{cur}}Z{{normal}} + 1000" correcta="1" /><respuesta contestacion="{{cur}}Y{{normal}} = {{cur}}X{{normal}} - 4000; {{cur}}Z{{normal}} = {{cur}}Y{{normal}} - 1000" correcta="0" /></respuestas></cuestion><cuestion><enunciado><![CDATA[Haciendo {{cur}}M{{normal}} el número de niños y {{cur}}F{{normal}} el número de niñas, ¿qué pareja de ecuaciones corresponden a la situación que está en mi libro de matemáticas?]]></enunciado><explicacion /><texto><![CDATA[En mi libro de matemáticas encontré la siguiente situación: "En un salón de clases el número de niños excede en 12 al número de niñas. En total hay 36 estudiantes".  ]]></texto><respuestas><respuesta contestacion="{{cur}}M{{normal}} = {{cur}}F{{normal}} - 36; {{cur}}F{{normal}} = {{cur}}M{{normal}} - 36" correcta="0" /><respuesta contestacion="{{cur}}M{{normal}} = 12 - {{cur}}F{{normal}}; {{cur}}M{{normal}} + {{cur}}F{{normal}} = 36" correcta="0" /><respuesta contestacion="{{cur}}M{{normal}} = 12 + {{cur}}F{{normal}}; {{cur}}M{{normal}} + {{cur}}F{{normal}} = 36" correcta="1" /><respuesta contestacion="{{cur}}M{{normal}} = 36 - {{cur}}F{{normal}}; {{cur}}M{{normal}} + {{cur}}F{{normal}} = 12" correcta="0" /><respuesta contestacion="{{cur}}F{{normal}} = {{cur}}M{{normal}} - 36; {{cur}}M{{normal}} + {{cur}}F{{normal}} = 36" correcta="0" /></respuestas></cuestion><cuestion><enunciado><![CDATA[Si {{cur}}X{{normal}} representa la parte del menor y {{cur}}Y{{normal}} la parte del mayor, ¿cuáles son las ecuaciones que permiten determinar la cantidad que le corresponde a cada heredero?]]></enunciado><explicacion /><texto><![CDATA[Se reparten 144 millones de pesos, según el testamento de Jairo, entre dos herederos. El mayor tendrá una parte que si se triplica, será equivalente a la cantidad de dinero que tendrá el otro heredero.]]></texto><respuestas><respuesta contestacion="{{cur}}Y{{normal}} = 144 - {{cur}}X{{normal}}; 3{{cur}}Y{{normal}} = 2(144 - {{cur}}X{{normal}})" correcta="0" /><respuesta contestacion="{{cur}}X{{normal}} = 144 - {{cur}}Y{{normal}}; 3{{cur}}Y{{normal}} = 144 - {{cur}}X{{normal}}" correcta="0" /><respuesta contestacion="{{cur}}Y{{normal}} = 144 + {{cur}}X{{normal}}; {{cur}}Y{{normal}} = 2(144 - {{cur}}X{{normal}})" correcta="0" /><respuesta contestacion="3{{cur}}X{{normal}} = 144 - {{cur}}Y{{normal}}; 2{{cur}}Y{{normal}} = {{cur}}X{{normal}} + 144" correcta="1" /><respuesta contestacion="{{cur}}X{{normal}} + {{cur}}Y{{normal}} = 144; {{cur}}Y{{normal}} = 3(2{{cur}}X{{normal}})" correcta="0" /></respuestas></cuestion><cuestion><enunciado><![CDATA[Si {{cur}}P{{normal}} es el número de habitaciones del primer piso, {{cur}}S{{normal}} el del segundo y {{cur}}T{{normal}} el del tercero, ¿cuáles son las ecuaciones que modelan la información de las habitaciones del hotel?]]></enunciado><explicacion /><texto><![CDATA[Uno de los hoteles de la cadena Hoteles Hilbert, tiene tres pisos con cierto número de habitaciones. El segundo piso tiene el doble de habitaciones que el primero y el número de habitaciones del tercer piso es 14 más que las del segundo.]]></texto><respuestas><respuesta contestacion="{{cur}}T{{normal}} = 2{{cur}}S{{normal}}; {{cur}}P{{normal}} = 14 + {{cur}}S{{normal}}" correcta="0" /><respuesta contestacion="{{cur}}P{{normal}} = 2{{cur}}S{{normal}}; {{cur}}S{{normal}} = {{cur}}T{{normal}} - 14" correcta="0" /><respuesta contestacion="{{cur}}T{{normal}} = 2{{cur}}S{{normal}}; {{cur}}P{{normal}} = 14 - {{cur}}S{{normal}}" correcta="0" /><respuesta contestacion="{{cur}}P{{normal}} = 2{{cur}}S{{normal}}; {{cur}}T{{normal}} = 14 - {{cur}}S{{normal}}" correcta="0" /><respuesta contestacion="{{cur}}S{{normal}} = 2{{cur}}P{{normal}}; {{cur}}T{{normal}} = 14 + {{cur}}S{{normal}}" correcta="1" /></respuestas></cuestion><cuestion><enunciado><![CDATA[Si {{cur}}A{{normal}} es la longitud de la piscina olímpica y {{cur}}B{{normal}} la de la piscina semiolímpica, ¿cuál es la ecuación que representa esta situación?]]></enunciado><explicacion /><texto><![CDATA[El centro de entrenamiento Nado Remi tiene dos piscinas. Una de ellas es una piscina olímpica, cuya longitud es el doble de la que tiene la piscina más pequeña, que es una semiolímpica.]]></texto><respuestas><respuesta contestacion="{{cur}}A{{normal}} = {{cur}}B{{normal}} + 2" correcta="0" /><respuesta contestacion="{{cur}}B{{normal}} = {{cur}}A{{normal}} + 2" correcta="0" /><respuesta contestacion="{{cur}}B{{normal}} = 2{{cur}}A{{normal}}" correcta="0" /><respuesta contestacion="{{cur}}A{{normal}} = 2{{cur}}B{{normal}}" correcta="1" /><respuesta contestacion="{{cur}}A{{normal}} = {{cur}}B{{normal}} - 2" correcta="0" /></respuestas></cuestion></test></motor>