﻿<?xml version="1.0" encoding="utf-8"?><motor tipo="5" clase="a" aprid="m5a">
  <plataforma>
    <grado><![CDATA[2]]></grado>
    <titulo>Clasifica poliedros</titulo>
    <area>0</area>
    <nivel>1</nivel>
    <referencia/>
    <idreg><![CDATA[0]]></idreg>
    <motor><![CDATA[M5A]]></motor>
    <lang>es</lang>
  </plataforma>
  <enunciado><![CDATA[Observa las imágenes y selecciona la respuesta correcta.]]></enunciado>
  <masinfo inicio="1"><![CDATA[Recuerda que los poliedros son cuerpos geométricos en los cuales sus caras están formadas por polígonos; los poliedros pueden clasificarse en: - Regulares- Irregulares- Cóncavos- ConvexosAdemás, debes tener en cuenta que también existen las pirámides y los prismas. ]]></masinfo>
  <sinaleatoriedad><![CDATA[0]]></sinaleatoriedad>
  <calc><![CDATA[0]]></calc>
  <respuestaunica><![CDATA[1]]></respuestaunica>
  <test cantidad="6">
    <cuestion>
      <enunciado><![CDATA[Ana encontró una ficha con algunas imágenes; al llevarla a clase, su profesor le dice que son poliedros:]]></enunciado>
      <explicacion/>
      <imagen><![CDATA[MA_07_13_CO_REC50_IMG01n.png]]></imagen>
      <ampliacion><![CDATA[MA_07_13_CO_REC50_IMG01n.png]]></ampliacion>
      <respuestas>
        <respuesta contestacion="cóncavos y convexos." correcta="0"/>
        <respuesta contestacion="cóncavos " correcta="0"/>
        <respuesta contestacion="convexos" correcta="1"/>
      </respuestas>
    </cuestion>
    <cuestion>
      <enunciado><![CDATA[De los poliedros 2 y 5 puedes decir que son:]]></enunciado>
      <explicacion/>
      <imagen><![CDATA[MA_07_13_CO_REC50_IMG02n.png]]></imagen>
      <ampliacion><![CDATA[MA_07_13_CO_REC50_IMG02a.png]]></ampliacion>
      <respuestas>
        <respuesta contestacion="regulares" correcta="0"/>
        <respuesta contestacion="cóncavos " correcta="1"/>
        <respuesta contestacion="convexos" correcta="0"/>
      </respuestas>
    </cuestion>
    <cuestion>
      <enunciado><![CDATA[Pedro y Mariana tienen una discusión. Pedro dice que el poliedro que vieron en clase es cóncavo y Mariana opina que es convexo; la persona que está equivocada es:]]></enunciado>
      <explicacion/>
      <imagen><![CDATA[MA_07_13_CO_REC50_IMG03n.png]]></imagen>
      <ampliacion><![CDATA[MA_07_13_CO_REC50_IMG03a.png]]></ampliacion>
      <respuestas>
        <respuesta contestacion="Mariana" correcta="1"/>
        <respuesta contestacion="Pedro" correcta="0"/>
        <respuesta contestacion="Los dos" correcta="0"/>
      </respuestas>
    </cuestion>
    <cuestion>
      <enunciado><![CDATA[Se dice que un poliedro que no se puede apoyar en alguna de sus caras o cuando una recta corta su superficie en más de dos puntos y posee un ángulo diedro entrante es:]]></enunciado>
      <explicacion/>
      <imagen><![CDATA[MA_07_13_CO_REC50_IMG04n.png]]></imagen>
      <ampliacion><![CDATA[MA_07_13_CO_REC50_IMG04a.png]]></ampliacion>
      <respuestas>
        <respuesta contestacion="poliedro regular" correcta="0"/>
        <respuesta contestacion="poliedro convexo" correcta="0"/>
        <respuesta contestacion="poliedro cóncavo" correcta="1"/>
        <respuesta contestacion="una pirámide" correcta="0"/>
      </respuestas>
    </cuestion>
    <cuestion>
      <enunciado><![CDATA[De los poliedros 1 y 3 puedes decir que: ]]></enunciado>
      <explicacion/>
      <imagen><![CDATA[MA_07_13_CO_REC50_IMG05n.png]]></imagen>
      <ampliacion><![CDATA[MA_07_13_CO_REC50_IMG05a.png]]></ampliacion>
      <respuestas>
        <respuesta contestacion="son regulares" correcta="0"/>
        <respuesta contestacion="son cóncavos" correcta="0"/>
        <respuesta contestacion="son convexos" correcta="1"/>
        <respuesta contestacion="son cuerpos redondos" correcta="0"/>
      </respuestas>
    </cuestion>
    <cuestion>
      <enunciado><![CDATA[Carlos tiene un dado como el que se muestra en la imagen; después de salir de clase de geometría Carlos ha descubierto que su dado es: ]]></enunciado>
      <explicacion/>
      <imagen><![CDATA[MA_07_13_CO_REC50_IMG06n.png]]></imagen>
      <ampliacion><![CDATA[MA_07_13_CO_REC50_IMG06a.png]]></ampliacion>
      <respuestas>
        <respuesta contestacion="una pirámide regular" correcta="0"/>
        <respuesta contestacion="un octaedro cóncavo" correcta="0"/>
        <respuesta contestacion="un octaedro convexo" correcta="1"/>
      </respuestas>
    </cuestion>
  </test>
</motor>