﻿<?xml version="1.0" encoding="utf-8"?><engine copy="Editorial Planeta" version="1" aprid="f13" title="¿Cuál es la relación entre el teorema de Rolle y el de Lagrange?" >
<section title="Teoremas" path2a="MA_11_04_REC140_IMG01n.jpg" path2b="MA_11_04_REC140_IMG02n.jpg" path2aAmp="MA_11_04_REC140_IMG01a.jpg" path2bAmp="MA_11_04_REC140_IMG02a.jpg" image2aText="&lt;p&gt;Valores de &lt;em&gt;c&lt;/em&gt;&amp;nbsp;para los que la pendiente de la recta que contiene al segmento que une a &lt;em&gt;a&lt;/em&gt; y &lt;em&gt;b&lt;/em&gt;&amp;nbsp;son es la misma, pero diferente de cero.&amp;nbsp;&lt;/p&gt; " image2bText="&lt;p&gt;Valores de &lt;em&gt;c&lt;/em&gt;&amp;nbsp;para los que la pendiente de la recta que contiene al segmento que une a&amp;nbsp;&lt;em&gt;a&lt;/em&gt;&amp;nbsp;y&amp;nbsp;&lt;em&gt;b&lt;/em&gt;&amp;nbsp;son es la misma e iguales a cero.&amp;nbsp;&lt;/p&gt; " zoom1="true" zoom2a="true" zoom2b="true" layout="3" >
<![CDATA[<h3><span style="font-size:18px"><span style="font-family:verdana,geneva,sans-serif"><strong>El teorema de Lagrange o teorema del valor medio</strong></span></span></h3>

<h3><span style="font-size:18px"><span style="font-family:verdana,geneva,sans-serif;font-weight:400">Sea <em>f</em> una funci&oacute;n continua en el intervalo cerrado [<em>a, b</em>], derivable en el intervalo abierto (<em>a, b</em>), entonces existe <em>c&nbsp;</em>&isin;<em>&nbsp;</em>(<em>a, b</em>) tal que la pendiente de la recta que contiene al segmento que une&nbsp;<em>a</em> y&nbsp;<em>b</em> es la misma que la pendiente de la recta tangente a la funci&oacute;n <em>f</em> en <em>c</em>. En t&eacute;rminos de la pendiente de la recta tangente se escribe:</span></span></h3>

<p style="text-align:center"><span style="font-size:18px"><span style="font-family:verdana,geneva,sans-serif"><span class="math-tex">\(f'(c) = \frac{f(b)-f(a)}{b-a}\)</span></span></span></p>

<p><span style="font-size:18px"><span style="font-family:verdana,geneva,sans-serif">Geom&eacute;tricamente, significa que la recta que contiene al segmento que une <em>a</em> con <em>b</em> es paralela a&nbsp;la tangente de la funci&oacute;n en el punto <em>c</em>, como se observa en la imagen superior.</span></span></p>

<h3><span style="font-size:18px"><span style="font-family:verdana,geneva,sans-serif"><strong>El teorema de Rolle</strong></span></span></h3>

<p><span style="font-size:18px"><span style="font-family:verdana,geneva,sans-serif">El teorema de Rolle&nbsp;es un caso particular del teorema de Lagrange o teorema del valor medio. Tiene las mismas condiciones que este, excepto porque se le a&ntilde;ade una condici&oacute;n m&aacute;s: que <em>f</em>(<em>a</em>)&nbsp;<em>= f</em>(<em>b</em>).</span></span></p>

<p><span style="font-size:18px"><span style="font-family:verdana,geneva,sans-serif">Eso significa que la recta que contiene al segmento que une <em>a</em> con&nbsp;<em>b</em> es paralela al eje <em>X</em>, es decir que tiene pendiente 0. Por ello, en el teorema de Rolle se tiene que:</span></span></p>

<p style="text-align:center"><span style="font-size:18px"><span style="font-family:verdana,geneva,sans-serif"><span class="math-tex">\(f'(c) = \frac{f(b)-f(a)}{b-a}=0\)</span></span></span></p>

<p><span style="font-size:18px"><span style="font-family:verdana,geneva,sans-serif">Geom&eacute;tricamente, significa que la recta que contiene al segmento que une <em>a</em> con <em>b</em> es paralela a&nbsp;la tangente de la funci&oacute;n en el punto <em>c</em>&nbsp;y ambas son paralelas al eje <em>X</em>, con lo que en el teorema de Rolle las rectas son todas horizontales, como se observa en la imagen inferior.</span></span></p>

<p><span style="font-size:18px"><span style="font-family:verdana,geneva,sans-serif">Entonces, ambos teoremas garantizan la existencia de un punto en el interior del intervalo que tiene la misma pendiente que el segmento que&nbsp;une los extremos, con la diferencia de que en el teorema de Rolle tal segmento es horizontal, mientras que en&nbsp;el teorema de Lagrange dicho segmento puede tener cualquier pendiente definida.</span></span></p>
]]></section>
<section title="Practica" path="" pathAmp="" image1Text="" zoom1="false" zoom2a="false" zoom2b="false" layout="2" >
<![CDATA[

<p><span style="font-size:18px"><span style="font-family:verdana,geneva,sans-serif"><strong>Actividad interactiva</strong></span></span></p>

<p><span style="font-size:18px"><span style="font-family:verdana,geneva,sans-serif">El objetivo es que puedas usar el programa Geogebra para identificar:</span></span></p>

<ul>
	<li><span style="font-size:18px"><span style="font-family:verdana,geneva,sans-serif">Condiciones en las cuales aplica el teorema de Rolle y el teorema de Lagrange</span></span></li>
	<li><span style="font-size:18px"><span style="font-family:verdana,geneva,sans-serif">Las diferencias fundamentales entre los dos teoremas</span></span></li>
</ul>

<p><span style="font-size:18px"><span style="font-family:verdana,geneva,sans-serif">​Para empezar&nbsp;ingresa al siguiente enlace:</span></span></p>

<p><span style="font-size:18px"><span style="font-family:verdana,geneva,sans-serif"><a href="https://tube.geogebra.org/m/2108413">https://tube.geogebra.org/m/2108413</a></span></span></p>

<p><span style="font-size:18px"><span style="font-family:verdana,geneva,sans-serif">Cuando sigas el v&iacute;nculo, aparecer&aacute; un recurso interactivo en una p&aacute;gina como la presentada&nbsp;en la imagen.</span></span></p>

<p><span style="font-size:18px"><span style="font-family:verdana,geneva,sans-serif">Como indica el recurso, puedes mover los puntos&nbsp;<em>a</em>&nbsp;y&nbsp;<em>b</em>&nbsp;libremente.</span></span></p>

<ul>
	<li><span style="font-size:18px"><span style="font-family:verdana,geneva,sans-serif">El&nbsp;recurso cuenta con un par de frases que resumen las condiciones que deben cumplirse para la aplicaci&oacute;n de cada uno de los teoremas. La funci&oacute;n que presenta, por ser continua en todos los reales, satisface siempre las condiciones.</span></span></li>
	<li><span style="font-size:18px"><span style="font-family:verdana,geneva,sans-serif">La rueda del rat&oacute;n permite acercar y alejar la gr&aacute;fica&nbsp;cambiando, proporcionalmente, la escala en ambos ejes. G&iacute;ralo para comprender esa herramienta.</span></span></li>
	<li><span style="font-size:18px"><span style="font-family:verdana,geneva,sans-serif">El bot&oacute;n &quot;Soluci&oacute;n&quot;&nbsp;activa y desactiva&nbsp;la muestra del valor o valores de <em>c</em>, cuya existencia est&aacute; garantizada por el teorema de Lagrange. Modifica la ubicaci&oacute;n de&nbsp;<em>a</em>&nbsp;y de&nbsp;<em>b</em>&nbsp;manteni&eacute;ndolo activado, para que identifiques condiciones en las cuales hay un &uacute;nico valor para <em>c</em>, dos, tres, etc.</span></span></li>
	<li><span style="font-size:18px"><span style="font-family:verdana,geneva,sans-serif">Algunas recomendaciones para que interact&uacute;es con el recurso:</span></span>
	<ul>
		<li><span style="font-size:18px"><span style="font-family:verdana,geneva,sans-serif">Nota que el valor de <em>c</em>&nbsp;siempre est&aacute; sobre el eje <em>X</em>.</span></span></li>
		<li><span style="font-size:18px"><span style="font-family:verdana,geneva,sans-serif">Observa que la soluci&oacute;n que se muestra abarca siempre el teorema de Lagrange, pero no el de Rolle.</span></span></li>
		<li><span style="font-size:18px"><span style="font-family:verdana,geneva,sans-serif">Advierte que el teorema de Rolle tiene una condici&oacute;n adicional que el teorema de Lagrange. Eso significa que el teorema de Rolle es un caso particular del teorema de Lagrange.</span></span></li>
		<li><span style="font-size:18px"><span style="font-family:verdana,geneva,sans-serif">F&iacute;jate que el valor num&eacute;rico de la pendiente para el teorema de Lagrange va variando. Cuando ese valor sea igual a cero, estar&aacute;s ante el teorema de Rolle. Mueve&nbsp;<em>a</em>&nbsp;y&nbsp;<em>b</em>&nbsp;hasta que el valor de la derivada, es decir, de la pendiente de la recta tangente en <em>c</em>,<em>&nbsp;</em>sea igual a cero.</span></span></li>
	</ul>
	</li>
</ul>
]]></section>
<section title="Ejercicios" path="" pathAmp="" image1Text="" zoom1="false" zoom2a="false" zoom2b="false" layout="2" >
<![CDATA[

<p><span style="font-size:18px"><span style="font-family:verdana,geneva,sans-serif">Responde a las siguientes preguntas:</span></span></p>

<p><span style="font-size:18px"><span style="font-family:verdana,geneva,sans-serif">1. &iquest;C&oacute;mo es el intervalo en el que se satisface el teorema de Lagrange para la funci&oacute;n mostrada en el recurso?</span></span></p>

<p><span style="font-size:18px"><span style="font-family:verdana,geneva,sans-serif">2. &iquest;C&oacute;mo es el intervalo en el que se satisface el teorema de Rolle para la funci&oacute;n mostrada en el recurso?</span></span></p>

<p><span style="font-size:18px"><span style="font-family:verdana,geneva,sans-serif">3. &iquest;En qu&eacute; condiciones las rectas producidas por el recurso resultan ser verticales?</span></span></p>

<p><span style="font-size:18px"><span style="font-family:verdana,geneva,sans-serif">4. &iquest;En qu&eacute; condiciones resulta que hay varios valores de <em>c</em>&nbsp;entre&nbsp;<em>a</em>&nbsp;y&nbsp;<em>b</em>&nbsp;que satisfacen el teorema de Lagrange?</span></span></p>

<p><span style="font-size:18px"><span style="font-family:verdana,geneva,sans-serif">5. &iquest;En qu&eacute; condiciones resulta que hay varios valores de <em>c</em>&nbsp;entre&nbsp;<em>a</em>&nbsp;y&nbsp;<em>b</em>&nbsp;que satisfacen el teorema de Rolle?</span></span></p>

<p><span style="font-size:18px"><span style="font-family:verdana,geneva,sans-serif">6. Sebasti&aacute;n ha dicho que, para una funci&oacute;n,&nbsp;el teorema de Lagrange no se puede aplicar porque:</span></span></p>

<p style="text-align:center"><span style="font-size:18px"><span style="font-family:verdana,geneva,sans-serif">&nbsp;<span class="math-tex">\(f(a) \neq f(b)\)</span></span></span></p>

<p><span style="font-size:18px"><span style="font-family:verdana,geneva,sans-serif">&iquest;Es verdadero o falso lo que ha afirmado Sebasti&aacute;n?</span></span></p>

<p><span style="font-size:18px"><span style="font-family:verdana,geneva,sans-serif">7. Juli&aacute;n ha dicho que, para una funci&oacute;n,&nbsp;el teorema de Rolle no se puede aplicar porque:</span></span></p>

<p style="text-align:center"><span style="font-size:18px"><span style="font-family:verdana,geneva,sans-serif">&nbsp;<span class="math-tex">\(f(a) \neq f(b)\)</span></span></span></p>

<p><span style="font-size:18px"><span style="font-family:verdana,geneva,sans-serif">&iquest;Es verdadero o falso lo que ha afirmado Juli&aacute;n?</span></span></p>
]]></section>
</engine>