﻿<?xml version="1.0" encoding="utf-8"?><engine copy="Editorial Planeta" version="1" aprid="f1">
<css><![CDATA[.defaultCSSBox2 {
	background: #000000;
}
.defaultCSSBox3 {
	background: #ffffff;
}
.popupbox {
	-webkit-border-radius: 10px;
    -moz-border-radius: 10px;
    border-radius: 10px;
    border:2px solid #000000;
    background-color:#FFFFFF;
}]]></css>
<pantallas>
<pantalla id="pantalla_5">
<event id='onPrepare' language='DO'><![CDATA[]]></event>
<event id='onShown' language='DO'><![CDATA[]]></event>
<components>
<component _type='_compSlider' id='diaporama_77' x='0' y='0' width='950' height='608' alpha='1' visible='1' enabled='1' transMode='1' />
<component _type='_compSliderNav' id='slidernav_122' x='45' y='526' width='162' height='37' alpha='1' visible='1' enabled='1' sliderId='diaporama_77' showHome='1' whiteButtons='0' mode='1' />
</components>
<animaciones>
<anim id='Entrada'><![CDATA[{}]]></anim>
</animaciones>
<slider id="diaporama_77">
<pantalla id="pantalla_11">
<event id='onPrepare' language='DO'><![CDATA[]]></event>
<event id='onShown' language='DO'><![CDATA[]]></event>
<components>
<component _type='_compImage' id='image_15' x='0' y='0' width='950' height='608' alpha='1' visible='1' enabled='1' cssClass='' adjustMode='4' alignMode='0' image='data/imagenes/image_11.jpg' />
<component _type='_compCSSBox' id='fondo_16' x='155' y='64' width='639' height='99' alpha='1' visible='1' enabled='1' cssClass='popupbox' />
<component _type='_compRichText' id='texto_126' x='-2' y='74' width='957' height='167' alpha='1' visible='1' enabled='1' scrollable='1' >
<content><![CDATA[<p style="text-align:center"><span style="font-size:35px"><span style="font-family:georgia,serif">Conceptos de geometr&iacute;a</span></span></p>
]]></content>
</component>
</components>
<animaciones>
</animaciones>
</pantalla>
<pantalla id="pantalla_17">
<event id='onPrepare' language='DO'><![CDATA[]]></event>
<event id='onShown' language='DO'><![CDATA[]]></event>
<components>
<component _type='_compRichText' id='texto_126' x='107' y='57' width='747' height='134' alpha='1' visible='1' enabled='1' scrollable='1' >
<content><![CDATA[<p><span style="font-size:23px"><span style="font-family:verdana,geneva,sans-serif">La geometr&iacute;a se basa en tres <strong>elementos fundamentales</strong>.</span></span></p>
]]></content>
</component>
<component _type='_compImage' id='image_15' x='107' y='137' width='736' height='429' alpha='1' visible='1' enabled='1' cssClass='' adjustMode='4' alignMode='0' image='data/imagenes/image_21.jpg' />
</components>
<animaciones>
</animaciones>
</pantalla>
<pantalla id="pantalla_21">
<event id='onPrepare' language='DO'><![CDATA[]]></event>
<event id='onShown' language='DO'><![CDATA[]]></event>
<components>
<component _type='_compRichText' id='texto_126' x='107' y='57' width='747' height='134' alpha='1' visible='1' enabled='1' scrollable='1' >
<content><![CDATA[<p><span style="font-size:23px"><span style="font-family:verdana,geneva,sans-serif"><strong>El punto.&nbsp;</strong>Se&nbsp;designa con una letra may&uacute;scula. </span></span></p>
]]></content>
</component>
<component _type='_compImage' id='image_15' x='107' y='157' width='797' height='429' alpha='1' visible='1' enabled='1' cssClass='' adjustMode='4' alignMode='0' image='data/imagenes/image_32.jpg' />
</components>
<animaciones>
</animaciones>
</pantalla>
<pantalla id="pantalla_25">
<event id='onPrepare' language='DO'><![CDATA[]]></event>
<event id='onShown' language='DO'><![CDATA[]]></event>
<components>
<component _type='_compImage' id='image_15' x='151' y='143' width='688' height='429' alpha='1' visible='1' enabled='1' cssClass='' adjustMode='4' alignMode='0' image='data/imagenes/image_42.jpg' />
<component _type='_compRichText' id='texto_126' x='107' y='57' width='747' height='134' alpha='1' visible='1' enabled='1' scrollable='1' >
<content><![CDATA[<p><span style="font-size:23px"><span style="font-family:verdana,geneva,sans-serif"><strong>La recta.</strong>&nbsp;Es una sucesi&oacute;n continua de puntos. Se designa con una letra min&uacute;scula.</span></span></p>
]]></content>
</component>
</components>
<animaciones>
</animaciones>
</pantalla>
<pantalla id="pantalla_29">
<event id='onPrepare' language='DO'><![CDATA[]]></event>
<event id='onShown' language='DO'><![CDATA[]]></event>
<components>
<component _type='_compImage' id='image_15' x='240' y='158' width='480' height='429' alpha='1' visible='1' enabled='1' cssClass='' adjustMode='4' alignMode='0' image='data/imagenes/image_47.jpg' />
<component _type='_compRichText' id='texto_126' x='107' y='57' width='764' height='134' alpha='1' visible='1' enabled='1' scrollable='1' >
<content><![CDATA[<p><span style="font-size:23px"><span style="font-family:verdana,geneva,sans-serif"><strong>El plano.&nbsp;</strong>Se representa con una porci&oacute;n del mismo y se designa con una letra griega.</span></span></p>
]]></content>
</component>
</components>
<animaciones>
</animaciones>
</pantalla>
<pantalla id="pantalla_33">
<event id='onPrepare' language='DO'><![CDATA[]]></event>
<event id='onShown' language='DO'><![CDATA[]]></event>
<components>
<component _type='_compRichText' id='texto_126' x='107' y='57' width='764' height='134' alpha='1' visible='1' enabled='1' scrollable='1' >
<content><![CDATA[<p><span style="font-size:23px"><span style="font-family:verdana,geneva,sans-serif">Con el punto, la l&iacute;nea y el plano se pueden construir figuras planas como las que se muestran en la imagen.</span></span></p>
]]></content>
</component>
<component _type='_compImage' id='image_15' x='234' y='133' width='441' height='429' alpha='1' visible='1' enabled='1' cssClass='' adjustMode='4' alignMode='0' image='data/imagenes/image_52.jpg' />
</components>
<animaciones>
</animaciones>
</pantalla>
<pantalla id="pantalla_37">
<event id='onPrepare' language='DO'><![CDATA[]]></event>
<event id='onShown' language='DO'><![CDATA[]]></event>
<components>
<component _type='_compRichText' id='texto_126' x='107' y='57' width='764' height='134' alpha='1' visible='1' enabled='1' scrollable='1' >
<content><![CDATA[<p><span style="font-size:23px"><span style="font-family:verdana,geneva,sans-serif"><strong>El c&iacute;rculo.&nbsp;</strong>Es una superficie geom&eacute;trica plana contenida dentro de una circunferencia.</span></span></p>
]]></content>
</component>
<component _type='_compImage' id='image_15' x='321' y='170' width='307' height='364' alpha='1' visible='1' enabled='1' cssClass='' adjustMode='4' alignMode='0' image='data/imagenes/img1.jpg' />
</components>
<animaciones>
</animaciones>
</pantalla>
<pantalla id="pantalla_41">
<event id='onPrepare' language='DO'><![CDATA[]]></event>
<event id='onShown' language='DO'><![CDATA[]]></event>
<components>
<component _type='_compImage' id='image_15' x='321' y='170' width='307' height='364' alpha='1' visible='1' enabled='1' cssClass='' adjustMode='4' alignMode='0' image='data/imagenes/img2.jpg' />
<component _type='_compRichText' id='texto_126' x='107' y='57' width='764' height='134' alpha='1' visible='1' enabled='1' scrollable='1' >
<content><![CDATA[<p><span style="font-size:23px"><span style="font-family:verdana,geneva,sans-serif"><strong>La circunferencia.&nbsp;</strong>Es una l&iacute;nea curva cerrada y plana;&nbsp;todos sus puntos equidistan&nbsp;de un punto llamado <strong>centro</strong>.</span></span></p>
]]></content>
</component>
</components>
<animaciones>
</animaciones>
</pantalla>
<pantalla id="pantalla_45">
<event id='onPrepare' language='DO'><![CDATA[]]></event>
<event id='onShown' language='DO'><![CDATA[]]></event>
<components>
<component _type='_compImage' id='image_15' x='241' y='149' width='428' height='429' alpha='1' visible='1' enabled='1' cssClass='' adjustMode='4' alignMode='0' image='data/imagenes/image_52.jpg' />
<component _type='_compRichText' id='texto_126' x='107' y='57' width='760' height='134' alpha='1' visible='1' enabled='1' scrollable='1' >
<content><![CDATA[<p><span style="font-size:23px"><span style="font-family:verdana,geneva,sans-serif">Otro grupo importante de figuras planas lo conforman<strong> los pol&iacute;gonos</strong>.</span></span></p>
]]></content>
</component>
</components>
<animaciones>
</animaciones>
</pantalla>
<pantalla id="pantalla_49">
<event id='onPrepare' language='DO'><![CDATA[]]></event>
<event id='onShown' language='DO'><![CDATA[]]></event>
<components>
<component _type='_compRichText' id='texto_126' x='107' y='57' width='760' height='134' alpha='1' visible='1' enabled='1' scrollable='1' >
<content><![CDATA[<p><span style="font-size:23px"><span style="font-family:verdana,geneva,sans-serif">En los pol&iacute;gonos&nbsp;<strong>regulares</strong>&nbsp;todos los lados y todos los &aacute;ngulos son congruentes.</span></span></p>
]]></content>
</component>
<component _type='_compImage' id='image_15' x='266' y='178' width='397' height='347' alpha='1' visible='1' enabled='1' cssClass='' adjustMode='4' alignMode='0' image='data/imagenes/image_70.jpg' />
</components>
<animaciones>
</animaciones>
</pantalla>
<pantalla id="pantalla_53">
<event id='onPrepare' language='DO'><![CDATA[]]></event>
<event id='onShown' language='DO'><![CDATA[]]></event>
<components>
<component _type='_compImage' id='image_15' x='286' y='169' width='377' height='347' alpha='1' visible='1' enabled='1' cssClass='' adjustMode='4' alignMode='0' image='data/imagenes/image_74.jpg' />
<component _type='_compRichText' id='texto_126' x='107' y='57' width='760' height='134' alpha='1' visible='1' enabled='1' scrollable='1' >
<content><![CDATA[<p><span style="font-size:23px"><span style="font-family:verdana,geneva,sans-serif">En los pol&iacute;gonos&nbsp;<strong>irregulares</strong>&nbsp;los lados&nbsp;o los&nbsp;&aacute;ngulos no son congruentes.</span></span></p>
]]></content>
</component>
</components>
<animaciones>
</animaciones>
</pantalla>
<pantalla id="pantalla_57">
<event id='onPrepare' language='DO'><![CDATA[]]></event>
<event id='onShown' language='DO'><![CDATA[]]></event>
<components>
<component _type='_compRichText' id='texto_126' x='107' y='57' width='760' height='134' alpha='1' visible='1' enabled='1' scrollable='1' >
<content><![CDATA[<p><span style="font-size:23px"><span style="font-family:verdana,geneva,sans-serif">Existen muchos tipos de pol&iacute;gonos:</span></span></p>
]]></content>
</component>
<component _type='_compImage' id='image_15' x='301' y='155' width='347' height='383' alpha='1' visible='1' enabled='1' cssClass='' adjustMode='4' alignMode='0' image='data/imagenes/image_78.jpg' />
</components>
<animaciones>
</animaciones>
</pantalla>
<pantalla id="pantalla_61">
<event id='onPrepare' language='DO'><![CDATA[]]></event>
<event id='onShown' language='DO'><![CDATA[]]></event>
<components>
<component _type='_compImage' id='image_15' x='330' y='167' width='289' height='347' alpha='1' visible='1' enabled='1' cssClass='' adjustMode='4' alignMode='0' image='data/imagenes/image_82.jpg' />
<component _type='_compRichText' id='texto_126' x='107' y='57' width='760' height='134' alpha='1' visible='1' enabled='1' scrollable='1' >
<content><![CDATA[<p><span style="font-size:23px"><span style="font-family:verdana,geneva,sans-serif"><strong>El tri&aacute;ngulo.&nbsp;</strong>Es un pol&iacute;gono de <strong>tres lados</strong>.</span></span></p>
]]></content>
</component>
</components>
<animaciones>
</animaciones>
</pantalla>
<pantalla id="pantalla_65">
<event id='onPrepare' language='DO'><![CDATA[]]></event>
<event id='onShown' language='DO'><![CDATA[]]></event>
<components>
<component _type='_compImage' id='image_15' x='291' y='167' width='367' height='347' alpha='1' visible='1' enabled='1' cssClass='' adjustMode='4' alignMode='0' image='data/imagenes/image_87.jpg' />
<component _type='_compRichText' id='texto_126' x='107' y='57' width='760' height='134' alpha='1' visible='1' enabled='1' scrollable='1' >
<content><![CDATA[<p><span style="font-size:23px"><span style="font-family:verdana,geneva,sans-serif"><strong>El cuadril&aacute;tero.&nbsp;</strong>Es un pol&iacute;gono de <strong>cuatro lados</strong>.</span></span></p>
]]></content>
</component>
</components>
<animaciones>
</animaciones>
</pantalla>
<pantalla id="pantalla_69">
<event id='onPrepare' language='DO'><![CDATA[]]></event>
<event id='onShown' language='DO'><![CDATA[]]></event>
<components>
<component _type='_compImage' id='image_15' x='272' y='167' width='405' height='347' alpha='1' visible='1' enabled='1' cssClass='' adjustMode='4' alignMode='0' image='data/imagenes/image_70.jpg' />
<component _type='_compRichText' id='texto_126' x='107' y='57' width='760' height='134' alpha='1' visible='1' enabled='1' scrollable='1' >
<content><![CDATA[<p><span style="font-size:23px"><span style="font-family:verdana,geneva,sans-serif"><strong>El pent&aacute;gono.&nbsp;</strong>Es un pol&iacute;gono de <strong>cinco lados</strong>.</span></span></p>
]]></content>
</component>
</components>
<animaciones>
</animaciones>
</pantalla>
<pantalla id="pantalla_73">
<event id='onPrepare' language='DO'><![CDATA[]]></event>
<event id='onShown' language='DO'><![CDATA[]]></event>
<components>
<component _type='_compRichText' id='texto_126' x='107' y='57' width='791' height='134' alpha='1' visible='1' enabled='1' scrollable='1' >
<content><![CDATA[<p><span style="font-size:23px"><span style="font-family:verdana,geneva,sans-serif">Los pol&iacute;gonos<strong> tambi&eacute;n se clasifican</strong> por el<strong> tipo de &aacute;ngulos</strong>.</span></span></p>
]]></content>
</component>
</components>
<animaciones>
</animaciones>
</pantalla>
<pantalla id="pantalla_77">
<event id='onPrepare' language='DO'><![CDATA[]]></event>
<event id='onShown' language='DO'><![CDATA[]]></event>
<components>
<component _type='_compImage' id='image_15' x='201' y='168' width='522' height='347' alpha='1' visible='1' enabled='1' cssClass='' adjustMode='4' alignMode='0' image='data/imagenes/image_98.jpg' />
<component _type='_compRichText' id='texto_126' x='107' y='57' width='797' height='134' alpha='1' visible='1' enabled='1' scrollable='1' >
<content><![CDATA[<p><span style="font-size:23px"><span style="font-family:verdana,geneva,sans-serif">Pol&iacute;gono <strong>convexo.&nbsp;</strong>Todos sus <strong>&aacute;ngulos</strong> son <strong>menores de 180&deg;</strong>.</span></span></p>
]]></content>
</component>
</components>
<animaciones>
</animaciones>
</pantalla>
<pantalla id="pantalla_81">
<event id='onPrepare' language='DO'><![CDATA[]]></event>
<event id='onShown' language='DO'><![CDATA[]]></event>
<components>
<component _type='_compImage' id='image_15' x='248' y='171' width='453' height='347' alpha='1' visible='1' enabled='1' cssClass='' adjustMode='4' alignMode='0' image='data/imagenes/image_103.jpg' />
<component _type='_compRichText' id='texto_126' x='107' y='57' width='797' height='134' alpha='1' visible='1' enabled='1' scrollable='1' >
<content><![CDATA[<p><span style="font-size:23px"><span style="font-family:verdana,geneva,sans-serif">Pol&iacute;gono <strong>c&oacute;ncavo.&nbsp;</strong>Al menos uno de sus<strong>&nbsp;&aacute;ngulos</strong> mide&nbsp;<strong>m&aacute;s de 180&deg;</strong>.</span></span></p>
]]></content>
</component>
</components>
<animaciones>
</animaciones>
</pantalla>
</slider>
</pantalla>
</pantallas>
<popups>
</popups>
</engine>