<?xml version='1.0' encoding='UTF-8'?><motor tipo="9" clase="c" aprid="m9c">
  <plataforma>
    <grado><![CDATA[2]]></grado>
    <titulo>Parejas ordenadas</titulo>
    <area>0</area>
    <nivel>1</nivel>
    <referencia/>
    <idreg><![CDATA[0]]></idreg>
    <motor><![CDATA[M9C]]></motor>
    <lang>es</lang>
  </plataforma>
  <enunciado><![CDATA[Escribe en cada etiqueta la pareja ordenada de números enteros que representa el punto del plano que corresponde, según la numeración que observas en la imagen.]]></enunciado>
  <masinfo inicio="0"/>
  <calc><![CDATA[0]]></calc>
  <imagen><![CDATA[ma_07_01_rec100_90n.png]]></imagen>
  <ampliacion><![CDATA[ma_07_01_rec100_90a_zoom.png]]></ampliacion>
  <respuestas>
    <respuesta contestacion="Punto de coordenadas " orden="1" correccionSinMayusculas="1" correccionSinPuntuacion="0" correccionSinPuntuacionFinal="0"/>
    <respuesta contestacion="Punto de coordenadas " orden="2" correccionSinMayusculas="1" correccionSinPuntuacion="0" correccionSinPuntuacionFinal="0"/>
    <respuesta contestacion="Punto de coordenadas " orden="3" correccionSinMayusculas="1" correccionSinPuntuacion="0" correccionSinPuntuacionFinal="0"/>
    <respuesta contestacion="Punto de coordenadas " orden="4" correccionSinMayusculas="1" correccionSinPuntuacion="0" correccionSinPuntuacionFinal="0"/>
    <respuesta contestacion="Punto de coordenadas " orden="5" correccionSinMayusculas="1" correccionSinPuntuacion="0" correccionSinPuntuacionFinal="0"/>
    <respuesta contestacion="Punto de coordenadas " orden="6" correccionSinMayusculas="1" correccionSinPuntuacion="0" correccionSinPuntuacionFinal="0"/>
  </respuestas>
  <temps>10</temps>
</motor>