﻿<?xml version="1.0" encoding="utf-8"?>
<engine copy="Editorial Planeta" version="1" aprid="f6b">
  <main layout="0">
    <title>Máximos y mínimos de expresiones racionales</title>
  </main>
  <sections>
    <section i="0" star="false">
      <menuImage>
        <title><![CDATA[<span style="font-family:verdana,geneva,sans-serif;"><span style="font-size:21px;">M&iacute;nimo com&uacute;n m&uacute;ltiplo</span></span>]]></title>
      </menuImage>
      <pages>
        <page i="0">
          <title>Mínimo común múltiplo de monomios</title>
          <description><![CDATA[<p><span style="font-size:21px;"><span style="font-family:verdana,geneva,sans-serif;">Para encontrar el <strong>m&iacute;nimo com&uacute;n m&uacute;ltiplo</strong>&nbsp;(m.c.m.) de dos o m&aacute;s&nbsp;<strong>monomios</strong>,<strong> </strong>se halla el m.c.m. de los coeficientes;&nbsp;de&nbsp;la parte literal se toman todas la variables que se presenten, utilizando las que tengan mayor exponente.</span></span></p>

<p><span style="font-size:21px;"><span style="font-family:verdana,geneva,sans-serif;">Ejemplo:</span></span></p>

<p><span style="font-size:21px;"><span style="font-family:verdana,geneva,sans-serif;">Halla el m&iacute;nimo com&uacute;n m&uacute;ltiplo de 16<em>a</em><sup>2</sup><em>b</em>;&nbsp;32<em>ab</em><sup>3</sup><em>c</em>; 8<em>ac</em><sup>3</sup>.</span></span></p>

<p><span style="font-size:21px;"><span style="font-family:verdana,geneva,sans-serif;">Se encuentra el m&iacute;nimo com&uacute;n m&uacute;ltiplo de los coeficientes.</span></span></p>

<p><span style="font-size:21px;"><span style="font-family:verdana,geneva,sans-serif;">m.c.m. (8, 16, 32) = 32</span></span></p>

<p><span style="font-size:21px;"><span style="font-family:verdana,geneva,sans-serif;">Para las variables se toma&nbsp;</span></span><em><span style="font-family: verdana, geneva, sans-serif; font-size: 21px;">a</span></em><sup style="font-family: verdana, geneva, sans-serif;">2</sup><em><span style="font-family: verdana, geneva, sans-serif; font-size: 21px;">b</span></em><sup style="font-family: verdana, geneva, sans-serif;">3</sup><em><span style="font-family: verdana, geneva, sans-serif; font-size: 21px;">c</span></em><sup style="font-family: verdana, geneva, sans-serif;">3</sup><span style="font-size:21px;"><span style="font-family:verdana,geneva,sans-serif;">.</span></span></p>

<p><span style="font-size:21px;"><span style="font-family:verdana,geneva,sans-serif;">El&nbsp;</span></span><span style="font-family: verdana, geneva, sans-serif; font-size: 21px;">m.c.m. (16<em>a</em></span><sup style="font-family: verdana, geneva, sans-serif;">2</sup><span style="font-family: verdana, geneva, sans-serif; font-size: 21px;"><em>b</em>;</span><span style="font-family: verdana, geneva, sans-serif; font-size: 21px;">&nbsp;32<em>ab</em></span><sup style="font-family: verdana, geneva, sans-serif;">3</sup><span style="font-family: verdana, geneva, sans-serif; font-size: 21px;"><em>c</em>; 8</span><em><span style="font-family: verdana, geneva, sans-serif; font-size: 21px;">ac</span></em><sup style="font-family: verdana, geneva, sans-serif;">3</sup>) =&nbsp;<span style="font-family: verdana, geneva, sans-serif; font-size: 21px;">32<em>a</em></span><sup style="font-family: verdana, geneva, sans-serif;">2</sup><em><span style="font-family: verdana, geneva, sans-serif; font-size: 21px;">b</span></em><sup style="font-family: verdana, geneva, sans-serif;">3</sup><em><span style="font-family: verdana, geneva, sans-serif; font-size: 21px;">c</span></em><sup style="font-family: verdana, geneva, sans-serif;">3</sup><span style="font-size:21px;"><span style="font-family:verdana,geneva,sans-serif;">.</span></span></p>
]]></description>
          <images>
            <image path="MA_08_05_REC10_IMG01n.jpg" border="false" pathbig="MA_08_05_REC10_IMG01a.jpg" zoomEnabled="true">
              <title><![CDATA[]]></title>
            </image>
          </images>
          <questions>
            <question visible="true">
              <text><![CDATA[<span style="font-size:21px;"><span style="font-family:verdana,geneva,sans-serif;">&iquest;Cu&aacute;l es el m&iacute;nimo com&uacute;n m&uacute;ltiplo de 12<em>x</em>, 18<em>xy</em>&nbsp;y 6<em>xy</em>?</span></span>]]></text>
              <answers>
                <answer correct="true"><![CDATA[36xy]]></answer>
                <answer correct="false"><![CDATA[18xy]]></answer>
                <answer correct="false"><![CDATA[12xy]]></answer>
                <answer correct="false"><![CDATA[6xy]]></answer>
              </answers>
            </question>
            <question visible="true">
              <text><![CDATA[<span style="font-size:21px;"><span style="font-family:verdana,geneva,sans-serif;">&iquest;Cu&aacute;l es el m&iacute;nimo com&uacute;n m&uacute;ltiplo de 15<em>a</em>, 25<em>ab&nbsp;</em>y 30<em>b</em>?</span></span>]]></text>
              <answers>
                <answer correct="false"><![CDATA[5ab]]></answer>
                <answer correct="false"><![CDATA[15ab]]></answer>
                <answer correct="false"><![CDATA[30ab]]></answer>
                <answer correct="true"><![CDATA[150ab]]></answer>
              </answers>
            </question>
            <question visible="true">
              <text><![CDATA[<span style="font-size:21px;"><span style="font-family:verdana,geneva,sans-serif;">&iquest;Cu&aacute;l es el m&iacute;nimo com&uacute;n m&uacute;ltiplo de 2<em>mn</em>, 26<em>m</em>&nbsp;y 13<em>n</em>?</span></span>]]></text>
              <answers>
                <answer correct="false"><![CDATA[676mn]]></answer>
                <answer correct="false"><![CDATA[52mn]]></answer>
                <answer correct="true"><![CDATA[26mn]]></answer>
                <answer correct="false"><![CDATA[2mn]]></answer>
              </answers>
            </question>
            <question visible="true">
              <text><![CDATA[<span style="font-size:21px;"><span style="font-family:verdana,geneva,sans-serif;">&iquest;Cu&aacute;l es el m&iacute;nimo com&uacute;n m&uacute;ltiplo de 100<em>xy</em>, 25<em>x&nbsp;</em>y 50<em>xy</em>?</span></span>]]></text>
              <answers>
                <answer correct="true"><![CDATA[100xy]]></answer>
                <answer correct="false"><![CDATA[50xy]]></answer>
                <answer correct="false"><![CDATA[25xy]]></answer>
                <answer correct="false"><![CDATA[5xy]]></answer>
              </answers>
            </question>
          </questions>
        </page>
        <page i="0">
          <title>Mínimo común múltiplo de polinomios</title>
          <description><![CDATA[<p><span style="font-family:verdana,geneva,sans-serif;"><span style="font-size:21px;">Para hallar el&nbsp;<strong>m&iacute;nimo com&uacute;n m&uacute;ltiplo</strong>&nbsp;de dos o m&aacute;s polinomios se siguen estos pasos:</span></span></p>

<ol>
	<li><span style="font-family:verdana,geneva,sans-serif;"><span style="font-size:21px;">Se factoriza completamente cada uno de los polinomios.</span></span></li>
	<li><span style="font-family:verdana,geneva,sans-serif;"><span style="font-size:21px;">El m.c.m. es el producto de los factores comunes tomando los de mayor exponente y los factores no comunes.</span></span></li>
</ol>

<p><span style="font-family:verdana,geneva,sans-serif;"><span style="font-size:21px;">Ejemplo:</span></span></p>

<p><span style="font-family:verdana,geneva,sans-serif;"><span style="font-size:21px;">&iquest;Cu&aacute;l es el m.c.m. de <em>x</em><sup>2</sup><em>&nbsp;&ndash;&nbsp;x &ndash;&nbsp;</em>6<em>;&nbsp;</em></span></span><em><span style="font-family: verdana, geneva, sans-serif; font-size: 21px;">x</span></em><sup style="font-family: verdana, geneva, sans-serif;">2</sup><em><sup style="font-family: verdana, geneva, sans-serif;">&nbsp;&nbsp;</sup><span style="font-size:21px;"><span style="font-family:verdana,geneva,sans-serif;">&ndash;</span></span><span style="font-size:21px;"><span style="font-family:verdana,geneva,sans-serif;">&nbsp;</span></span></em><span style="font-size:21px;"><span style="font-family:verdana,geneva,sans-serif;">6</span></span><em><span style="font-size:21px;"><span style="font-family:verdana,geneva,sans-serif;">x + </span></span></em><span style="font-size:21px;"><span style="font-family:verdana,geneva,sans-serif;">9<em><span style="font-size:21px;"><span style="font-family:verdana,geneva,sans-serif;"> </span></span></em>y</span></span><em><span style="font-size:21px;"><span style="font-family:verdana,geneva,sans-serif;">&nbsp;</span></span><span style="font-family: verdana, geneva, sans-serif; font-size: 21px;">x</span></em><span style="font-size:21px;"><span style="font-family:verdana,geneva,sans-serif;"><sup style="font-family: verdana, geneva, sans-serif;">2</sup><em><sup style="font-family: verdana, geneva, sans-serif;">&nbsp;</sup>+ </em>3<em>x + </em>2?</span></span></p>

<p><span style="font-size:21px;"><span style="font-family:verdana,geneva,sans-serif;">Se factorizan completamente todos los polinomios.</span></span></p>

<p><span style="font-family: verdana, geneva, sans-serif;"><span style="font-size: 21px;"><em>x</em><sup>2</sup>&nbsp;&ndash;&nbsp;<em>x</em> &ndash;&nbsp;6 = (<em>x</em> &ndash;&nbsp;3)<strong>(<em>x</em> + 2)</strong></span></span></p>

<p><span style="font-size:21px;"><span style="font-family:verdana,geneva,sans-serif;"><em>x</em><sup style="font-family: verdana, geneva, sans-serif;">2&nbsp;</sup>&ndash;</span></span><span style="font-size: 21px;"><span style="font-family: verdana, geneva, sans-serif;">&nbsp;6<em>x</em> + 9 = <strong>(<em>x</em>&nbsp;&ndash; 3)<sup>2</sup></strong></span></span></p>

<p><em><span style="font-family: verdana, geneva, sans-serif; font-size: 21px;">x</span></em><span style="font-size: 21px;"><span style="font-family: verdana, geneva, sans-serif;"><sup>2&nbsp;</sup>+ 3<em>x</em> + 2 = (<em>x</em> + 2)<strong>(<em>x</em> + 1)</strong></span></span></p>

<p><font face="verdana, geneva, sans-serif"><span style="font-size: 21px;">El m&iacute;nimo com&uacute;n m&uacute;ltiplo de&nbsp;</span></font><span style="font-size:21px;"><span style="font-family:verdana,geneva,sans-serif;"><em>x</em><sup>2</sup>&nbsp;&ndash;&nbsp;<em>x</em> &ndash;&nbsp;6;&nbsp;<em>x</em><sup style="font-family: verdana, geneva, sans-serif;">2&nbsp;</sup>&ndash;&nbsp;6<em>x</em> + 9 y&nbsp;<em>x</em><sup>2&nbsp;</sup>+ 3<em>x</em> + 2 es&nbsp;</span></span><strong style="font-family: verdana, geneva, sans-serif; font-size: 21px;">(</strong><em><strong style="font-family: verdana, geneva, sans-serif; font-size: 21px;">x + </strong></em><strong style="font-family: verdana, geneva, sans-serif; font-size: 21px;">2)(</strong><em><strong style="font-family: verdana, geneva, sans-serif; font-size: 21px;">x + </strong></em><strong style="font-family: verdana, geneva, sans-serif; font-size: 21px;">1)(</strong><em><strong style="font-family: verdana, geneva, sans-serif; font-size: 21px;">x &ndash;&nbsp;</strong></em><strong style="font-family: verdana, geneva, sans-serif; font-size: 21px;">3)<sup>2</sup></strong></p>

<p></p>
]]></description>
          <images>
            <image path="MA_08_05_REC10_IMG02n.jpg" border="false" pathbig="MA_08_05_REC10_IMG02a.jpg" zoomEnabled="true">
              <title><![CDATA[]]></title>
            </image>
          </images>
          <questions>
            <question visible="true">
              <text><![CDATA[<span style="font-size:21px;"><span style="font-family:verdana,geneva,sans-serif;">Halla el m&iacute;nimo com&uacute;n m&uacute;ltiplo de:&nbsp;<em>x</em><sup>2</sup><em>&nbsp;+ x &ndash;&nbsp;</em>12<em>; x</em><sup>2</sup><em>&nbsp;&ndash; </em>9<em>&nbsp;</em>y<em> x + </em>4.</span></span>]]></text>
              <answers>
                <answer correct="false"><![CDATA[(x + 4)(x - 3)]]></answer>
                <answer correct="true"><![CDATA[(x + 4)(x + 3)(x - 3)]]></answer>
                <answer correct="false"><![CDATA[(x + 4)(x + 4)(x + 3)(x - 3)]]></answer>
                <answer correct="false"><![CDATA[(x + 4)(x + 4)(x + 3)(x - 3)(x - 3)]]></answer>
              </answers>
            </question>
            <question visible="true">
              <text><![CDATA[<span style="font-size:21px;"><span style="font-family:verdana,geneva,sans-serif;">&iquest;Cu&aacute;l es el m&iacute;nimo com&uacute;n m&uacute;ltiplo de:&nbsp;<em>x</em><sup>2</sup><em>y</em><sup>2</sup><em>&nbsp;+ </em>2<em>xy &ndash;&nbsp;</em>8<em>&nbsp;</em>y<em> x</em><sup>2</sup><em>y</em><sup>2</sup><em><sup> </sup>&ndash;&nbsp;</em>4?</span></span>]]></text>
              <answers>
                <answer correct="true"><![CDATA[(xy - 2)(xy + 4)(xy + 2)]]></answer>
                <answer correct="false"><![CDATA[(xy - 2)(xy + 4)]]></answer>
                <answer correct="false"><![CDATA[(xy - 2)(xy + 4)(xy + 2)(xy - 2)]]></answer>
                <answer correct="false"><![CDATA[(xy - 2)(xy - 4)(xy + 2)]]></answer>
              </answers>
            </question>
            <question visible="true">
              <text><![CDATA[<span style="font-size:21px;"><span style="font-family:verdana,geneva,sans-serif;">Halla el m&iacute;nimo com&uacute;n m&uacute;ltiplo de:&nbsp;<em>a</em><sup>2</sup><em>b</em><sup>2</sup><em>&nbsp;&ndash; ab</em><sup>2</sup><em>c + abc &ndash;&nbsp;bc</em><sup>2</sup><em>; </em>3<em>a</em><sup>2</sup><em>b</em><sup>2</sup><em><sup> </sup>+ </em>3<em>abc&nbsp;</em>y<em>&nbsp;</em>3<em>a</em><sup>2</sup><em>b</em><sup>2</sup><em><sup>&nbsp;</sup></em></span></span><em style="font-family: verdana, geneva, sans-serif; font-size: 21px;">&ndash;</em><span style="font-size:21px;"><span style="font-family:verdana,geneva,sans-serif;"><em>&nbsp;</em>3<em>ab</em><sup>2</sup><em>c.</em></span></span>]]></text>
              <answers>
                <answer correct="false"><![CDATA[(3ab - bc)(ab + c)]]></answer>
                <answer correct="false"><![CDATA[(ab + c)(ab - bc)(ab + c)(ab - bc)3ab]]></answer>
                <answer correct="false"><![CDATA[(3ab + c)(ab - bc)]]></answer>
                <answer correct="true"><![CDATA[3ab(ab + c)(ab - bc)]]></answer>
              </answers>
            </question>
            <question visible="true">
              <text><![CDATA[<span style="font-size:21px;"><span style="font-family:verdana,geneva,sans-serif;">El m&iacute;nimo com&uacute;n m&uacute;ltiplo de 3<em>x</em><sup>2</sup> + 14<em>x</em> + 8 y 15<em>x</em><sup>2</sup>&nbsp;+ 20<em>x</em> es:</span></span>]]></text>
              <answers>
                <answer correct="false"><![CDATA[5x(3x + 4)(3x + 4)(x + 2)]]></answer>
                <answer correct="false"><![CDATA[10x(3x + 4)]]></answer>
                <answer correct="true"><![CDATA[5x(3x + 2)(x + 4)]]></answer>
                <answer correct="false"><![CDATA[25x(3x + 4)(x + 2)]]></answer>
              </answers>
            </question>
          </questions>
        </page>
      </pages>
    </section>
    <section i="1" star="false">
      <menuImage>
        <title><![CDATA[<span style="font-size:21px;"><span style="font-family:verdana,geneva,sans-serif;">M&aacute;ximo com&uacute;n divisor</span></span>]]></title>
      </menuImage>
      <pages>
        <page i="0">
          <title>Máximo común divisor de monomios</title>
          <description><![CDATA[<p><span style="font-size: 21px;"><span style="font-family: verdana, geneva, sans-serif;">Para encontrar el <strong>m&aacute;ximo com&uacute;n divisor</strong>&nbsp;(M.C.D.) de dos o m&aacute;s&nbsp;<strong>monomios</strong>,<strong> </strong>se halla el M.C.D. de los coeficientes;&nbsp;de&nbsp;la parte literal se toman todas la variables que se presenten, utilizando las que tengan menor exponente.</span></span></p>

<p><span style="font-size: 21px;"><span style="font-family: verdana, geneva, sans-serif;">Ejemplo:</span></span></p>

<p><span style="font-size: 21px;"><span style="font-family: verdana, geneva, sans-serif;">Halla&nbsp;el m&aacute;ximo com&uacute;n&nbsp;divisor&nbsp;de: 16<em>x</em><sup>2</sup><em>y, </em>64<em>xy</em><sup>2</sup><em>z</em> y 20<em>x</em><sup>2</sup><em>z</em>.</span></span></p>

<p><span style="font-size:21px;"><span style="font-family:verdana,geneva,sans-serif;">M.C.D. (16, 64, 20) = 4</span></span></p>

<p><span style="font-size:21px;"><span style="font-family:verdana,geneva,sans-serif;">El M.C.D. de las variables es: <em>xyz</em>.</span></span></p>

<p><span style="font-size:21px;"><span style="font-family:verdana,geneva,sans-serif;">El m&aacute;ximo com&uacute;n divisor de&nbsp;16<em>x</em><sup style="font-family: verdana, geneva, sans-serif;">2</sup><em>y, </em>64<em>xy</em><sup style="font-family: verdana, geneva, sans-serif;">2</sup><em>z </em>y<em> </em>20<em>x</em><sup style="font-family: verdana, geneva, sans-serif;">2</sup><em>z</em> es: 4<em>xyz.</em></span></span></p>

<p></p>

<p></p>
]]></description>
          <images>
            <image path="MA_08_05_REC10_IMG03n.jpg" border="false" pathbig="MA_08_05_REC10_IMG03a.jpg" zoomEnabled="true">
              <title><![CDATA[]]></title>
            </image>
          </images>
          <questions>
            <question visible="true">
              <text><![CDATA[<span style="font-size:21px;"><span style="font-family:verdana,geneva,sans-serif;">&iquest;Cu&aacute;l es el m&aacute;ximo com&uacute;n divisor de 12<em>x</em><sup>3</sup>, 18<em>xy</em><sup>2</sup>&nbsp;y 16<em>xy</em>?</span></span>]]></text>
              <answers>
                <answer correct="false"><![CDATA[12xy]]></answer>
                <answer correct="false"><![CDATA[6xy]]></answer>
                <answer correct="false"><![CDATA[3xy]]></answer>
                <answer correct="true"><![CDATA[2xy]]></answer>
              </answers>
            </question>
            <question visible="true">
              <text><![CDATA[<span style="font-size:21px;"><span style="font-family:verdana,geneva,sans-serif;">&iquest;Cu&aacute;l es el m&aacute;ximo com&uacute;n divisor de 15<em>a</em><sup>4</sup>, 25<em>ab</em>&nbsp;y 30<em>b</em><sup>5</sup>?</span></span>]]></text>
              <answers>
                <answer correct="false"><![CDATA[150ab]]></answer>
                <answer correct="false"><![CDATA[30ab]]></answer>
                <answer correct="true"><![CDATA[5ab]]></answer>
                <answer correct="false"><![CDATA[ab]]></answer>
              </answers>
            </question>
            <question visible="true">
              <text><![CDATA[<span style="font-size:21px;"><span style="font-family:verdana,geneva,sans-serif;">&iquest;Cu&aacute;l es el m&aacute;ximo com&uacute;n divisor de 2<em>mn</em>, 26<em>m</em><sup>2</sup>&nbsp;y 13<em>n</em>?</span></span>]]></text>
              <answers>
                <answer correct="true"><![CDATA[mn]]></answer>
                <answer correct="false"><![CDATA[2mn]]></answer>
                <answer correct="false"><![CDATA[26mn]]></answer>
                <answer correct="false"><![CDATA[52mn]]></answer>
              </answers>
            </question>
            <question visible="true">
              <text><![CDATA[<span style="font-size:21px;"><span style="font-family:verdana,geneva,sans-serif;">&iquest;Cu&aacute;l es el m&aacute;ximo com&uacute;n divisor de 100<em>x</em><sup>4</sup><em>y</em><sup>2</sup>, 25<em>x</em>&nbsp;y 50<em>xy</em>?</span></span>]]></text>
              <answers>
                <answer correct="false"><![CDATA[5xy]]></answer>
                <answer correct="false"><![CDATA[10xy]]></answer>
                <answer correct="true"><![CDATA[25xy]]></answer>
                <answer correct="false"><![CDATA[100xy]]></answer>
              </answers>
            </question>
          </questions>
        </page>
        <page i="0">
          <title>Máximo común divisor de polinomios</title>
          <description><![CDATA[<p><span style="font-family: verdana, geneva, sans-serif;"><span style="font-size: 21px;">Para hallar el <strong>m&aacute;ximo com&uacute;n divisor</strong>&nbsp; (M.C.D.) de dos o m&aacute;s polinomios se realizan los siguientes pasos:</span></span></p>

<ol>
	<li><span style="font-family: verdana, geneva, sans-serif;"><span style="font-size: 21px;">Se factoriza completamente cada uno de los polinomios.</span></span></li>
	<li><span style="font-family: verdana, geneva, sans-serif;"><span style="font-size: 21px;">El M.C.D. es el producto de los factores comunes, tomando los de menor exponente.</span></span></li>
</ol>

<p><span style="font-family: verdana, geneva, sans-serif;"><span style="font-size: 21px;">Ejemplo:</span></span></p>

<p><span style="font-family: verdana, geneva, sans-serif;"><span style="font-size: 21px;">&iquest;Cu&aacute;l es el M.C.D. de <em>x</em><sup>2</sup>&nbsp;&ndash;&nbsp;<em>x</em> &ndash;&nbsp;6&nbsp;</span></span><span style="font-size: 21px;"><span style="font-family: verdana, geneva, sans-serif;">y&nbsp;</span></span><em><span style="font-family: verdana, geneva, sans-serif; font-size: 21px;">x</span></em><span style="font-size: 21px;"><span style="font-family: verdana, geneva, sans-serif;"><sup>2&nbsp;</sup>+ 3<em>x</em> + 2?</span></span></p>

<p><span style="font-size: 21px;"><span style="font-family: verdana, geneva, sans-serif;">Se factorizan completamente todos los polinomios.</span></span></p>

<p><span style="font-family: verdana, geneva, sans-serif;"><span style="font-size: 21px;"><em>x</em><sup>2</sup>&nbsp;&ndash;&nbsp;<em>x</em>&nbsp;&ndash; 6 = (<em>x</em>&nbsp;&ndash; 3)<strong>(<em>x</em> + 2)</strong></span></span></p>

<p><em><span style="font-family: verdana, geneva, sans-serif; font-size: 21px;">x</span></em><span style="font-size: 21px;"><span style="font-family: verdana, geneva, sans-serif;"><sup>2&nbsp;</sup>+ 3<em>x</em> + 2 = <strong>(<em>x</em> + 2)</strong>(<em>x</em> + 1)</span></span></p>

<p><font face="verdana, geneva, sans-serif"><span style="font-size: 21px;">El m&aacute;ximo&nbsp;com&uacute;n divisor&nbsp;de&nbsp;</span></font><span style="font-family: verdana, geneva, sans-serif;"><span style="font-size: 21px;"><em>x</em><sup>2</sup>&nbsp;&ndash;&nbsp;<em>x</em>&nbsp;&ndash; 6&nbsp;</span></span><span style="font-size: 21px;"><span style="font-family: verdana, geneva, sans-serif;">y&nbsp;</span></span><em><span style="font-family: verdana, geneva, sans-serif; font-size: 21px;">x</span></em><span style="font-size: 21px;"><span style="font-family: verdana, geneva, sans-serif;"><sup>2&nbsp;</sup>+ 3<em>x</em> + 2 es&nbsp;</span></span><strong style="font-family: verdana, geneva, sans-serif; font-size: 21px;">(</strong><em><strong style="font-family: verdana, geneva, sans-serif; font-size: 21px;">x + </strong></em><strong style="font-family: verdana, geneva, sans-serif; font-size: 21px;">2)</strong><span style="font-size: 21px;"><span style="font-family: verdana, geneva, sans-serif;">.</span></span></p>
]]></description>
          <images>
            <image path="MA_08_05_REC10_IMG04n.jpg" border="false" pathbig="MA_08_05_REC10_IMG04a.jpg" zoomEnabled="true">
              <title><![CDATA[]]></title>
            </image>
          </images>
          <questions>
            <question visible="true">
              <text><![CDATA[<span style="font-size:21px;"><span style="font-family:verdana,geneva,sans-serif;">Halla el m&aacute;ximo com&uacute;n divisor de:&nbsp;<em>x</em><sup>2</sup><em>&nbsp;+ x &ndash;&nbsp;</em>12<em> </em>y<em> </em>x<em><sup>2</sup>&nbsp;&ndash; </em>9.</span></span>]]></text>
              <answers>
                <answer correct="false"><![CDATA[(x + 4)(x - 3)(x + 3)]]></answer>
                <answer correct="false"><![CDATA[(x - 3)(x + 3)]]></answer>
                <answer correct="false"><![CDATA[(x + 3)]]></answer>
                <answer correct="true"><![CDATA[(x - 3)]]></answer>
              </answers>
            </question>
            <question visible="true">
              <text><![CDATA[<span style="font-size:21px;"><span style="font-family:verdana,geneva,sans-serif;">&iquest;Cu&aacute;l es el m&aacute;ximo com&uacute;n divisor de:&nbsp;<em>x</em><sup>2</sup><em>y</em><sup>2</sup><em>&nbsp;+ </em>2<em>xy &ndash;&nbsp;</em>8<em>&nbsp;</em>y<em> x</em><sup>2</sup><em>y</em><sup>2</sup><em><sup>&nbsp;</sup>&ndash;&nbsp;</em>4?</span></span>]]></text>
              <answers>
                <answer correct="true"><![CDATA[(xy - 2)]]></answer>
                <answer correct="false"><![CDATA[(xy - 2)(xy + 4)]]></answer>
                <answer correct="false"><![CDATA[(xy - 2)(xy + 2)(xy + 4)]]></answer>
                <answer correct="false"><![CDATA[(xy + 2)]]></answer>
              </answers>
            </question>
            <question visible="true">
              <text><![CDATA[<span style="font-size:21px;"><span style="font-family:verdana,geneva,sans-serif;">Halla el m&aacute;ximo com&uacute;n divisor de:&nbsp;<em>a</em><sup>2</sup><em>b</em><sup>2</sup><em>&nbsp;&ndash; ab</em><sup>2</sup><em>c + abc &ndash;&nbsp;bc</em><sup>2</sup><em>; </em>3<em>a</em><sup>2</sup><em>b</em><sup>2</sup><em><sup>&nbsp;</sup>+ </em>3<em>abc&nbsp;</em>y<em>&nbsp;</em>3<em>a</em><sup>2</sup><em>b</em><sup>2</sup><em><sup>&nbsp;</sup>+ </em>3<em>ab</em><sup>2</sup><em>c.</em></span></span>]]></text>
              <answers>
                <answer correct="false"><![CDATA[3]]></answer>
                <answer correct="true"><![CDATA[1]]></answer>
                <answer correct="false"><![CDATA[3ab]]></answer>
                <answer correct="false"><![CDATA[1ab]]></answer>
              </answers>
            </question>
            <question visible="true">
              <text><![CDATA[<span style="font-size:21px;"><span style="font-family:verdana,geneva,sans-serif;">El m&aacute;ximo com&uacute;n divisor de 3<em>x</em><sup>2</sup> + 14<em>x</em> + 8 y 15<em>x</em><sup>2</sup>&nbsp;+ 20<em>x </em>es:</span></span>]]></text>
              <answers>
                <answer correct="false"><![CDATA[5x]]></answer>
                <answer correct="false"><![CDATA[5x(3x + 2)(x + 4)]]></answer>
                <answer correct="true"><![CDATA[(x + 4)]]></answer>
                <answer correct="false"><![CDATA[(x + 2)]]></answer>
              </answers>
            </question>
          </questions>
        </page>
      </pages>
    </section>
  </sections>
</engine>