﻿<?xml version="1.0" encoding="utf-8"?>
<motor tipo="7" clase="a" aprid="m7a">
  <plataforma>
    <grado><![CDATA[2]]></grado>
    <titulo>Identifica el valor numérico de distintas cantidades</titulo>
    <area>0</area>
    <nivel>2</nivel>
    <referencia />
    <idreg><![CDATA[0]]></idreg>
    <motor><![CDATA[M7A]]></motor>
    <lang>es</lang>
  </plataforma>
  <enunciado><![CDATA[Selecciona el valor numérico que equivale a cada cantidad escrita en un sistema de numeración antiguo.]]></enunciado>
  <masinfo inicio="0" />
  <sinaleatoriedad><![CDATA[0]]></sinaleatoriedad>
  <calc><![CDATA[0]]></calc>
  <respuestaunica><![CDATA[0]]></respuestaunica>
  <test cantidad="10">
    <cuestion>
      <enunciado><![CDATA[Determina la cantidad equivalente al siguiente número egipcio.]]></enunciado>
      <imagen><![CDATA[MA_06_02_CO_REC30_IMG01n.png]]></imagen>
      <ampliacion><![CDATA[MA_06_02_CO_REC30_IMG01a.png]]></ampliacion>
      <respuestas>
        <respuesta ruta="MA_06_02_CO_REC30_IMG02.png" ampliacion="" correcta="1" />
        <respuesta ruta="MA_06_02_CO_REC30_IMG03.png" ampliacion="" correcta="0" />
        <respuesta ruta="MA_06_02_CO_REC30_IMG04.png" ampliacion="" correcta="0" />
        <respuesta ruta="MA_06_02_CO_REC30_IMG05.png" ampliacion="" correcta="0" />
      </respuestas>
    </cuestion>
    <cuestion>
      <enunciado><![CDATA[Determina la cantidad equivalente al siguiente número babilónico ]]></enunciado>
      <imagen><![CDATA[MA_06_02_CO_REC30_IMG06n.png]]></imagen>
      <ampliacion><![CDATA[MA_06_02_CO_REC30_IMG06a.png]]></ampliacion>
      <respuestas>
        <respuesta ruta="MA_06_02_CO_REC30_IMG07.png" ampliacion="" correcta="0" />
        <respuesta ruta="MA_06_02_CO_REC30_IMG08.png" ampliacion="" correcta="0" />
        <respuesta ruta="MA_06_02_CO_REC30_IMG09.png" ampliacion="" correcta="1" />
        <respuesta ruta="MA_06_02_CO_REC30_IMG10.png" ampliacion="" correcta="0" />
      </respuestas>
    </cuestion>
    <cuestion>
      <enunciado><![CDATA[Determina la cantidad equivalente al siguiente número egipcio.]]></enunciado>
      <imagen><![CDATA[MA_06_02_CO_REC30_IMG11n.png]]></imagen>
      <ampliacion><![CDATA[MA_06_02_CO_REC30_IMG11a.png]]></ampliacion>
      <respuestas>
        <respuesta ruta="MA_06_02_CO_REC30_IMG12.png" ampliacion="" correcta="0" />
        <respuesta ruta="MA_06_02_CO_REC30_IMG13.png" ampliacion="" correcta="0" />
        <respuesta ruta="MA_06_02_CO_REC30_IMG14.png" ampliacion="" correcta="0" />
        <respuesta ruta="MA_06_02_CO_REC30_IMG15.png" ampliacion="" correcta="1" />
      </respuestas>
    </cuestion>
    <cuestion>
      <enunciado><![CDATA[Determina la cantidad equivalente al siguiente número romano.]]></enunciado>
      <imagen><![CDATA[MA_06_02_CO_REC30_IMG16n.png]]></imagen>
      <ampliacion><![CDATA[MA_06_02_CO_REC30_IMG16a.png]]></ampliacion>
      <respuestas>
        <respuesta ruta="MA_06_02_CO_REC30_IMG17.png" ampliacion="" correcta="1" />
        <respuesta ruta="MA_06_02_CO_REC30_IMG18.png" ampliacion="" correcta="0" />
        <respuesta ruta="MA_06_02_CO_REC30_IMG19.png" ampliacion="" correcta="0" />
        <respuesta ruta="MA_06_02_CO_REC30_IMG20.png" ampliacion="" correcta="0" />
      </respuestas>
    </cuestion>
    <cuestion>
      <enunciado><![CDATA[Determina la cantidad equivalente al siguiente número egipcio.]]></enunciado>
      <imagen><![CDATA[MA_06_02_CO_REC30_IMG21n.png]]></imagen>
      <ampliacion><![CDATA[MA_06_02_CO_REC30_IMG21a.png]]></ampliacion>
      <respuestas>
        <respuesta ruta="MA_06_02_CO_REC30_IMG22.png" ampliacion="" correcta="1" />
        <respuesta ruta="MA_06_02_CO_REC30_IMG23.png" ampliacion="" correcta="0" />
        <respuesta ruta="MA_06_02_CO_REC30_IMG24.png" ampliacion="" correcta="0" />
        <respuesta ruta="MA_06_02_CO_REC30_IMG25.png" ampliacion="" correcta="0" />
      </respuestas>
    </cuestion>
    <cuestion>
      <enunciado><![CDATA[Determina la cantidad equivalente al siguiente número maya.]]></enunciado>
      <imagen><![CDATA[MA_06_02_CO_REC30_IMG26n.png]]></imagen>
      <ampliacion><![CDATA[MA_06_02_CO_REC30_IMG26a.png]]></ampliacion>
      <respuestas>
        <respuesta ruta="MA_06_02_CO_REC30_IMG27.png" ampliacion="" correcta="0" />
        <respuesta ruta="MA_06_02_CO_REC30_IMG28.png" ampliacion="" correcta="0" />
        <respuesta ruta="MA_06_02_CO_REC30_IMG29.png" ampliacion="" correcta="1" />
        <respuesta ruta="MA_06_02_CO_REC30_IMG30.png" ampliacion="" correcta="0" />
      </respuestas>
    </cuestion>
    <cuestion>
      <enunciado><![CDATA[Determina la cantidad equivalente al siguiente número maya.]]></enunciado>
      <imagen><![CDATA[MA_06_02_CO_REC30_IMG31n.png]]></imagen>
      <ampliacion><![CDATA[MA_06_02_CO_REC30_IMG31a.png]]></ampliacion>
      <respuestas>
        <respuesta ruta="MA_06_02_CO_REC30_IMG32.png" ampliacion="" correcta="0" />
        <respuesta ruta="MA_06_02_CO_REC30_IMG33.png" ampliacion="" correcta="0" />
        <respuesta ruta="MA_06_02_CO_REC30_IMG34.png" ampliacion="" correcta="1" />
        <respuesta ruta="MA_06_02_CO_REC30_IMG35.png" ampliacion="" correcta="0" />
      </respuestas>
    </cuestion>
    <cuestion>
      <enunciado><![CDATA[Determina la cantidad equivalente al siguiente número egipcio.]]></enunciado>
      <imagen><![CDATA[MA_06_02_CO_REC30_IMG36n.png]]></imagen>
      <ampliacion><![CDATA[MA_06_02_CO_REC30_IMG36a.png]]></ampliacion>
      <respuestas>
        <respuesta ruta="MA_06_02_CO_REC30_IMG37.png" ampliacion="" correcta="0" />
        <respuesta ruta="MA_06_02_CO_REC30_IMG38.png" ampliacion="" correcta="1" />
        <respuesta ruta="MA_06_02_CO_REC30_IMG39.png" ampliacion="" correcta="0" />
        <respuesta ruta="MA_06_02_CO_REC30_IMG40.png" ampliacion="" correcta="0" />
      </respuestas>
    </cuestion>
    <cuestion>
      <enunciado><![CDATA[Determine la cantidad equivalente al siguiente número romano.]]></enunciado>
      <imagen><![CDATA[MA_06_02_CO_REC30_IMG41n.png]]></imagen>
      <ampliacion><![CDATA[MA_06_02_CO_REC30_IMG41a.png]]></ampliacion>
      <respuestas>
        <respuesta ruta="MA_06_02_CO_REC30_IMG42.png" ampliacion="" correcta="0" />
        <respuesta ruta="MA_06_02_CO_REC30_IMG43.png" ampliacion="" correcta="0" />
        <respuesta ruta="MA_06_02_CO_REC30_IMG44.png" ampliacion="" correcta="0" />
        <respuesta ruta="MA_06_02_CO_REC30_IMG45.png" ampliacion="" correcta="1" />
      </respuestas>
    </cuestion>
    <cuestion>
      <enunciado><![CDATA[Determina la cantidad equivalente al siguiente número romano.]]></enunciado>
      <imagen><![CDATA[MA_06_02_CO_REC30_IMG46n.png]]></imagen>
      <ampliacion><![CDATA[MA_06_02_CO_REC30_IMG46a.png]]></ampliacion>
      <respuestas>
        <respuesta ruta="MA_06_02_CO_REC30_IMG47.png" ampliacion="" correcta="0" />
        <respuesta ruta="MA_06_02_CO_REC30_IMG48.png" ampliacion="" correcta="1" />
        <respuesta ruta="MA_06_02_CO_REC30_IMG49.png" ampliacion="" correcta="0" />
        <respuesta ruta="MA_06_02_CO_REC30_IMG50.png" ampliacion="" correcta="0" />
      </respuestas>
    </cuestion>
  </test>
  <temps>15</temps>
</motor>