﻿<?xml version="1.0" encoding="utf-8"?>
<motor tipo="7" clase="a" aprid="M7a">
  <plataforma>
    <grado><![CDATA[2]]></grado>
    <titulo>Expresión decimal y fraccionaria de los números racionales</titulo>
    <area>3</area>
    <nivel>2</nivel>
    <referencia><![CDATA[MT_09_01_05]]></referencia>
    <idreg><![CDATA[656]]></idreg>
    <motor><![CDATA[M7A]]></motor>
    <lang>es</lang>
  </plataforma>
  <enunciado><![CDATA[Selecciona la respuesta correcta.]]></enunciado>
  <masinfo inicio="0" />
  <sinaleatoriedad><![CDATA[0]]></sinaleatoriedad>
  <calc><![CDATA[1]]></calc>
  <respuestaunica><![CDATA[0]]></respuestaunica>
  <test cantidad="9">
    <cuestion>
      <enunciado><![CDATA[¿A qué decimal corresponde la fracción?]]></enunciado>
      <imagen><![CDATA[MT_09_01_05-01_286.jpg]]></imagen>
      <ampliacion><![CDATA[MT_09_01_05-01g.jpg]]></ampliacion>
      <respuestas>
        <respuesta ruta="MT_09_01_05-01-1.jpg" ampliacion="" correcta="1" />
        <respuesta ruta="MT_09_01_05-01-2.jpg" ampliacion="" correcta="0" />
        <respuesta ruta="MT_09_01_05-01-3.jpg" ampliacion="" correcta="0" />
        <respuesta ruta="MT_09_01_05-01-4.jpg" ampliacion="" correcta="0" />
        <respuesta ruta="MT_09_01_05-01-5.jpg" ampliacion="" correcta="0" />
        <respuesta ruta="MT_09_01_05-01-6.jpg" ampliacion="" correcta="0" />
      </respuestas>
    </cuestion>
    <cuestion>
      <enunciado><![CDATA[¿Cuál es el racional fraccionario equivalente al decimal indicado?]]></enunciado>
      <imagen><![CDATA[MT_09_01_05-02_286.jpg]]></imagen>
      <ampliacion><![CDATA[MT_09_01_05-02g.jpg]]></ampliacion>
      <respuestas>
        <respuesta ruta="MT_09_01_05-02-1.jpg" ampliacion="" correcta="1" />
        <respuesta ruta="MT_09_01_05-02-2.jpg" ampliacion="" correcta="0" />
        <respuesta ruta="MT_09_01_05-02-3.jpg" ampliacion="" correcta="0" />
        <respuesta ruta="MT_09_01_05-02-4.jpg" ampliacion="" correcta="0" />
        <respuesta ruta="MT_09_01_05-02-5.jpg" ampliacion="" correcta="0" />
        <respuesta ruta="MT_09_01_05-02-6.jpg" ampliacion="" correcta="0" />
      </respuestas>
    </cuestion>
    <cuestion>
      <enunciado><![CDATA[¿Cuál es la fracción correspondiente al decimal?]]></enunciado>
      <imagen><![CDATA[MT_09_01_05-03_286.jpg]]></imagen>
      <ampliacion><![CDATA[MT_09_01_05-03g.jpg]]></ampliacion>
      <respuestas>
        <respuesta ruta="MT_09_01_05-03-1.jpg" ampliacion="" correcta="1" />
        <respuesta ruta="MT_09_01_05-03-2.jpg" ampliacion="" correcta="0" />
        <respuesta ruta="MT_09_01_05-03-3.jpg" ampliacion="" correcta="0" />
        <respuesta ruta="MT_09_01_05-03-4.jpg" ampliacion="" correcta="0" />
        <respuesta ruta="MT_09_01_05-03-5.jpg" ampliacion="" correcta="0" />
        <respuesta ruta="MT_09_01_05-03-6.jpg" ampliacion="" correcta="0" />
      </respuestas>
    </cuestion>
    <cuestion>
      <enunciado><![CDATA[¿Qué fracción corresponde a este decimal?]]></enunciado>
      <imagen><![CDATA[MT_09_01_05-04_286.jpg]]></imagen>
      <ampliacion><![CDATA[MT_09_01_05-04g.jpg]]></ampliacion>
      <respuestas>
        <respuesta ruta="MT_09_01_05-04-1.jpg" ampliacion="" correcta="1" />
        <respuesta ruta="MT_09_01_05-04-2.jpg" ampliacion="" correcta="0" />
        <respuesta ruta="MT_09_01_05-04-3.jpg" ampliacion="" correcta="0" />
        <respuesta ruta="MT_09_01_05-04-4.jpg" ampliacion="" correcta="0" />
        <respuesta ruta="MT_09_01_05-04-5.jpg" ampliacion="" correcta="0" />
        <respuesta ruta="MT_09_01_05-04-6.jpg" ampliacion="" correcta="0" />
      </respuestas>
    </cuestion>
    <cuestion>
      <enunciado><![CDATA[¿Cuál es el número decimal que corresponde a la fracción dada?]]></enunciado>
      <imagen><![CDATA[MT_09_01_05-05_286.jpg]]></imagen>
      <ampliacion><![CDATA[MT_09_01_05-05g.jpg]]></ampliacion>
      <respuestas>
        <respuesta ruta="MT_09_01_05-05-1.jpg" ampliacion="" correcta="1" />
        <respuesta ruta="MT_09_01_05-05-2.jpg" ampliacion="" correcta="0" />
        <respuesta ruta="MT_09_01_05-05-3.jpg" ampliacion="" correcta="0" />
        <respuesta ruta="MT_09_01_05-05-4.jpg" ampliacion="" correcta="0" />
        <respuesta ruta="MT_09_01_05-05-5.jpg" ampliacion="" correcta="0" />
        <respuesta ruta="MT_09_01_05-05-6.jpg" ampliacion="" correcta="0" />
      </respuestas>
    </cuestion>
    <cuestion>
      <enunciado><![CDATA[¿Qué número decimal corresponde a esta fracción?]]></enunciado>
      <imagen><![CDATA[MT_09_01_05-06_286.jpg]]></imagen>
      <ampliacion><![CDATA[MT_09_01_05-06g.jpg]]></ampliacion>
      <respuestas>
        <respuesta ruta="MT_09_01_05-06-1.jpg" ampliacion="" correcta="1" />
        <respuesta ruta="MT_09_01_05-06-2.jpg" ampliacion="" correcta="0" />
        <respuesta ruta="MT_09_01_05-06-3.jpg" ampliacion="" correcta="0" />
        <respuesta ruta="MT_09_01_05-06-4.jpg" ampliacion="" correcta="0" />
        <respuesta ruta="MT_09_01_05-06-5.jpg" ampliacion="" correcta="0" />
        <respuesta ruta="MT_09_01_05-06-6.jpg" ampliacion="" correcta="0" />
      </respuestas>
    </cuestion>
    <cuestion>
      <enunciado><![CDATA[¿Cuál de las siguientes fracciones se asocia al decimal dado?]]></enunciado>
      <imagen><![CDATA[MT_09_01_05-07.jpg]]></imagen>
      <ampliacion><![CDATA[MT_09_01_05-07g.jpg]]></ampliacion>
      <respuestas>
        <respuesta ruta="MT_09_01_05-07-1.jpg" ampliacion="" correcta="1" />
        <respuesta ruta="MT_09_01_05-07-2.jpg" ampliacion="" correcta="0" />
        <respuesta ruta="MT_09_01_05-07-3.jpg" ampliacion="" correcta="0" />
        <respuesta ruta="MT_09_01_05-07-4.jpg" ampliacion="" correcta="0" />
        <respuesta ruta="MT_09_01_05-07-5.jpg" ampliacion="" correcta="0" />
        <respuesta ruta="MT_09_01_05-07-6.jpg" ampliacion="" correcta="0" />
      </respuestas>
    </cuestion>
    <cuestion>
      <enunciado><![CDATA[¿Cuál de las siguientes fracciones corresponde al decimal indicado?]]></enunciado>
      <imagen><![CDATA[MT_09_01_05-08.jpg]]></imagen>
      <ampliacion><![CDATA[MT_09_01_05-08g.jpg]]></ampliacion>
      <respuestas>
        <respuesta ruta="MT_09_01_05-08-1.jpg" ampliacion="" correcta="1" />
        <respuesta ruta="MT_09_01_05-08-2.jpg" ampliacion="" correcta="0" />
        <respuesta ruta="MT_09_01_05-08-3.jpg" ampliacion="" correcta="0" />
        <respuesta ruta="MT_09_01_05-08-4.jpg" ampliacion="" correcta="0" />
        <respuesta ruta="MT_09_01_05-08-5.jpg" ampliacion="" correcta="0" />
        <respuesta ruta="MT_09_01_05-08-6.jpg" ampliacion="" correcta="0" />
      </respuestas>
    </cuestion>
    <cuestion>
      <enunciado><![CDATA[¿Cuál es el número decimal que representa esta fracción?]]></enunciado>
      <imagen><![CDATA[MT_09_01_05-09_286.jpg]]></imagen>
      <ampliacion><![CDATA[MT_09_01_05-09g.jpg]]></ampliacion>
      <respuestas>
        <respuesta ruta="MT_09_01_05-09-1.jpg" ampliacion="" correcta="1" />
        <respuesta ruta="MT_09_01_05-09-2.jpg" ampliacion="" correcta="0" />
        <respuesta ruta="MT_09_01_05-09-3.jpg" ampliacion="" correcta="0" />
        <respuesta ruta="MT_09_01_05-09-4.jpg" ampliacion="" correcta="0" />
        <respuesta ruta="MT_09_01_05-09-5.jpg" ampliacion="" correcta="0" />
        <respuesta ruta="MT_09_01_05-09-6.jpg" ampliacion="" correcta="0" />
      </respuestas>
    </cuestion>
  </test>
</motor>