﻿<?xml version="1.0" encoding="UTF-8"?><!--Arbortext, Inc., 1988-2013, v.4002--><motor tipo="101" clase="a" aprid="M101a"><plataforma><grado><![CDATA[2]]></grado><titulo>Refuerza tu aprendizaje: El plano cartesiano y sus elementos</titulo><area>3</area><nivel>2</nivel><referencia><![CDATA[MT_07_17]]></referencia><idreg><![CDATA[4820]]></idreg><motor><![CDATA[M101A]]></motor><lang>es</lang></plataforma><enunciado><![CDATA[Realiza la siguiente actividad. Cuando termines haz clic en Enviar. Si es necesario, entrega las respuestas en mano o por email a tu profesor para que pueda validarlas.]]></enunciado><masinfo inicio="0" /><calc>1</calc><preguntas cantidad="4"><pregunta><enunciado><![CDATA[Describe una situación de la vida real en la que se utilicen unos ejes de coordenadas. ]]></enunciado><explicacion /><nivel><![CDATA[1]]></nivel><tipo /><imagen /><ampliacion /></pregunta><pregunta><enunciado><![CDATA[El juego de la batalla naval se basa en el plano cartesiano. Explica cómo se juega y cómo sabemos donde están los barcos cuando has tocado un punto que no es agua. ]]></enunciado><explicacion /><nivel><![CDATA[1]]></nivel><tipo /><imagen /><ampliacion /></pregunta><pregunta><enunciado><![CDATA[Explica cómo varían las coordenadas de un punto si se desplaza horizontalmente. ¿Y si lo hace verticalmente? ]]></enunciado><explicacion /><nivel><![CDATA[2]]></nivel><tipo /><imagen /><ampliacion /></pregunta><pregunta><enunciado><![CDATA[Relaciona cada cuadrante con los signos de las coordenadas. ]]></enunciado><explicacion /><nivel><![CDATA[1]]></nivel><tipo /><imagen /><ampliacion /></pregunta></preguntas></motor>