﻿<?xml version="1.0" encoding="UTF-8"?><motor tipo="10" clase="a" aprid="M10a"><plataforma><grado><![CDATA[2]]></grado><titulo>Clasifica puntos del plano cartesiano</titulo><area>3</area><nivel>1</nivel><referencia><![CDATA[MT_07_17_02]]></referencia><idreg><![CDATA[1327]]></idreg><motor><![CDATA[M10A]]></motor><lang>es</lang></plataforma><enunciado><![CDATA[Indica a qué cuadrante pertenecen los siguientes puntos de un plano cartesiano.]]></enunciado><masinfo inicio="0" /><sinaleatoriedad><![CDATA[1]]></sinaleatoriedad><calc>1</calc><textoacategoria cantidad="4"><cuestion><categoria><![CDATA[Primer cuadrante]]></categoria><respuestas><respuesta id="1"><![CDATA[(1, 5)]]></respuesta><respuesta id="2"><![CDATA[(2, 9)]]></respuesta><respuesta id="3"><![CDATA[(10, 3)]]></respuesta><respuesta id="4"><![CDATA[(4, 4)]]></respuesta><respuesta id="5"><![CDATA[(3, 2)]]></respuesta></respuestas><sonido /></cuestion><cuestion><categoria><![CDATA[Segundo cuadrante]]></categoria><respuestas><respuesta id="1"><![CDATA[(–1, 3)]]></respuesta><respuesta id="2"><![CDATA[(–7, 2)]]></respuesta><respuesta id="3"><![CDATA[(–5, 1)]]></respuesta><respuesta id="4"><![CDATA[(–2, 8)]]></respuesta><respuesta id="5"><![CDATA[(–3, 6)]]></respuesta></respuestas><sonido /></cuestion><cuestion><categoria><![CDATA[Tercer cuadrante]]></categoria><respuestas><respuesta id="1"><![CDATA[(–9, –8)]]></respuesta><respuesta id="2"><![CDATA[(–2, –4)]]></respuesta><respuesta id="3"><![CDATA[(–1, –2)]]></respuesta><respuesta id="4"><![CDATA[(–5, –6)]]></respuesta><respuesta id="5"><![CDATA[(–3, –7)]]></respuesta></respuestas><sonido /></cuestion><cuestion><categoria><![CDATA[Cuarto cuadrante]]></categoria><respuestas><respuesta id="1"><![CDATA[(5, –7)]]></respuesta><respuesta id="2"><![CDATA[(7, –3)]]></respuesta><respuesta id="3"><![CDATA[(1, –8)]]></respuesta><respuesta id="4"><![CDATA[(4, –6)]]></respuesta><respuesta id="5"><![CDATA[(2, –5)]]></respuesta></respuestas><sonido /></cuestion></textoacategoria></motor>