<?xml version='1.0' encoding='UTF-8'?><engine copy="Editorial Planeta" version="1" aprid="f10b">
<main mode="f10b" title="Importancia y uso de los números irracionales">
<tf><![CDATA[<p>Algunos n&uacute;meros irracionales como p &oacute; &radic;2 han sido objeto de estudio y de trabajo por varios matem&aacute;ticos en diferentes &eacute;pocas. Estas pr&aacute;cticas matem&aacute;ticas implicaron fundamentalmente t&eacute;cnicas de c&aacute;lculo y aproximaci&oacute;n de estos n&uacute;meros; en algunos casos argumentaci&oacute;n de su irracionalidad, ya que no basta con conocer su aproximaci&oacute;n, es importante asegurarse que su expansi&oacute;n decimal infinita no tenga un periodo de mil cifras o m&aacute;s.&nbsp;</p>
]]></tf>
</main>
<presentation title="Las raíces no racionales de números naturales" title2="√x" buttons="false" bkclass="">
	<definition>
		<title></title>
		<def><![CDATA[<p>Entre los trabajos m&aacute;s antiguos sobre n&uacute;meros irracionales est&aacute; el estudio de&nbsp;<img alt="" src="data/imagenes/ma_11_01_264.gif" />.</p>

<p>Desde las matem&aacute;ticas de los babilonios, se logr&oacute; una primera aproximaci&oacute;n en escritura decimal a este n&uacute;mero, esta fue 1.41421; pero solo hasta los trabajos atribuidos a los pitag&oacute;ricos, se registra la primera demostraci&oacute;n de la inconmensurabilidad de&nbsp;<img alt="" src="data/imagenes/ma_11_01_265.gif" />&nbsp;con 1 que fue desarrollada a trav&eacute;s m&eacute;todo de demostraci&oacute;n indirecta. [<a href="No aparece el hipervinculo" target="_blank">VER</a>]</p>
]]></def>
	</definition>
	<definition>
		<title></title>
		<def><![CDATA[<p>&nbsp;</p>

<table align="center" border="0" cellpadding="5" cellspacing="0" style="width:100%">
	<tbody>
		<tr>
			<td>En las matem&aacute;ticas griegas pitag&oacute;ricas, se ten&iacute;a como principio fundamental que &quot;los n&uacute;meros son la esencia del universo&quot; y con ello establecieron un paralelismo entre el concepto num&eacute;rico y la representaci&oacute;n geom&eacute;trica; sin embargo, no exist&iacute;a una correspondencia entre los n&uacute;meros racionales y las magnitudes inconmensurables. Esta crisis de la relaci&oacute;n num&eacute;rico-geom&eacute;trica y sus implicaciones para la exactitud en procesos de medida se reflej&oacute; de la siguiente manera:</td>
			<td><img alt="" src="data/imagenes/ma_11_01_co_rec30_img01.jpg" style="display:block; margin:0px auto; min-width:320px; width:95%" /></td>
		</tr>
	</tbody>
</table>

<p>La diagonal de un cuadrado, no es conmensurable con la longitud de sus lados, porque no existe una unidad de medida com&uacute;n que mida exactamente a ambas longitudes.</p>
]]></def>
	</definition>
	<definition>
		<title></title>
		<def><![CDATA[<p>&nbsp;</p>

<table align="center" border="0" cellpadding="5" cellspacing="0" style="width:100%">
	<tbody>
		<tr>
			<td>De manera similar, se puede construir una diagonal que mida&nbsp;<em>&radic;n</em>&nbsp;pero esta vez usando rect&aacute;ngulos, por ejemplo, un rect&aacute;ngulo de lado&nbsp;<em>&radic;2</em>&nbsp;y 1 tiene por diagonal&nbsp;<em>&radic;3</em>, un rect&aacute;ngulo de lados&nbsp;<em>&radic;3</em>&nbsp;y 1, tiene diagonal&nbsp;<em>&radic;4</em>, y as&iacute; sucesivamente. Como se muestra en la figura: &nbsp;</td>
			<td><img alt="" src="data/imagenes/ma_11_01_co_rec30_img02.jpg" style="display:block; margin:0px auto; min-width:320px; width:95%" />
			<div>&nbsp;</div>
			</td>
		</tr>
	</tbody>
</table>

<p>&nbsp;</p>
]]></def>
	</definition>
</presentation>
<presentation title="El número de oro" title2="Φ" buttons="false" bkclass="">
	<definition>
		<title></title>
		<def><![CDATA[<p>&nbsp;</p>

<p>En el pent&aacute;gono regular, que era una figura asociada con la perfecci&oacute;n, la diagonal y el lado del pent&aacute;gono son&nbsp;segmentos que no pueden ser medidos por una unidad com&uacute;n.</p>

<p>Las representaciones pitag&oacute;ricas basadas en el pent&aacute;gono regular les permit&iacute;an estudiar distintas&nbsp;razones &aacute;ureas. Lo que dio lugar al descubrimiento que hoy llamamos&nbsp;<strong>n&uacute;mero de oro</strong>.</p>

<table align="center" border="0" cellpadding="5" cellspacing="0" style="width:100%">
	<tbody>
		<tr>
			<td><img alt="" src="data/imagenes/ma_11_01_co_rec30_img03.jpg" style="display:block; margin:0px auto; width:99%" /><img alt="" src="data/imagenes/ma_11_01_271.gif" style="display:block; margin:0 auto" /></td>
			<td>El descubrimiento del n&uacute;mero de oro permiti&oacute; desarrollos en las matem&aacute;ticas e impact&oacute; en las ideas relacionadas con la belleza; as&iacute; se hicieron grandes obras arquitect&oacute;nicas y de arte en las que estas proporciones marcaron los par&aacute;metros de lo est&eacute;tico. Los trabajos de Leonardo Da Vinci son los m&aacute;s representativos. [<a href="http://profesores.aulaplaneta.com/DesktopModules/PPP_EditorGuionesKO/RecursoProfesor.aspx?IdGuion=10695&amp;IdRecurso=506369&amp;Transparent=on" target="_blank">VER</a>]</td>
		</tr>
	</tbody>
</table>

<p>&nbsp;</p>
]]></def>
	</definition>
	<definition>
		<title></title>
		<def><![CDATA[<p>En la actualidad, a&uacute;n se aprecia la influencia del n&uacute;mero de oro sobre la est&eacute;tica en las creaciones y construcciones. Las medidas de los estadios de f&uacute;tbol se intentan aproximar a rect&aacute;ngulos &aacute;ureos, es decir, aquellos en los que la raz&oacute;n entre su diagonal y su lado corresponde al n&uacute;mero de oro, como es el caso de los estadios espa&ntilde;oles. El estadio que mejor se aproxima a la raz&oacute;n &aacute;urea es el estadio de Vallecas, cuyas dimensiones son 102 &acute; 64 (en metros).</p>

<table align="center" border="0" cellpadding="5" cellspacing="0" style="width:100%">
	<tbody>
		<tr>
			<td>En el billete de denominaci&oacute;n diez mil pesos (moneda colombiana), el rect&aacute;ngulo blanco se aproxima a un rect&aacute;ngulo &aacute;ureo, la raz&oacute;n de las medidas de sus lados es 1.65</td>
			<td><img alt="" src="data/imagenes/ma_11_01_co_rec30_img04.jpg" style="display:block; margin:0px auto; width:95%" /></td>
		</tr>
	</tbody>
</table>

<p>&nbsp;</p>
]]></def>
	</definition>
</presentation>
<presentation title="Los números metálicos" title2="Los números metálicos" buttons="false" bkclass="">
	<definition>
		<title></title>
		<def><![CDATA[<p><strong>El n&uacute;mero de plata</strong>, tambi&eacute;n conocido como n&uacute;mero plateado o raz&oacute;n plateada, es un n&uacute;mero irracional cuadr&aacute;tico, que es soluci&oacute;n positiva de la ecuaci&oacute;n cuadr&aacute;tica&nbsp;<em>x</em><sup>2</sup> &ndash; 2<em>x</em> &ndash; 1 = 0:</p>

<p style="text-align: justify;"><em><img alt="" src="data/imagenes/ma_11_01_272.gif" style="display:block; height:29px; margin:0px auto; width:85px" /></em></p>

<p>&nbsp;</p>

<p>El n&uacute;mero de plata tiene muchas de las facultades que se le dan al n&uacute;mero de oro, por ejemplo fue utilizado en construcciones antiguas, por ejemplo, en un conjunto de edificios del antiguo puerto romano de Ostia construidos en el siglo II d.C.&nbsp;</p>
]]></def>
	</definition>
	<definition>
		<title></title>
		<def><![CDATA[<p><strong>El n&uacute;mero de bronce </strong></p>

<p>&nbsp;</p>

<p><strong>El n&uacute;mero de bronce</strong>, es un n&uacute;mero irracional cuadr&aacute;tico, que es soluci&oacute;n positiva de la ecuaci&oacute;n cuadr&aacute;tica <em>x</em><sup>2</sup> &ndash; 3<em>x</em> &ndash; 1 = 0:</p>

<p><em><img alt="" src="data/imagenes/ma_11_01_273.gif" style="display:block; height:40px; margin:0px auto; width:97px" /></em></p>

<p>Pueden realizarse varios de los trabajos algebraicos realizados con el n&uacute;mero de oro</p>
]]></def>
	</definition>
	<definition>
		<title></title>
		<def><![CDATA[<p><strong>Otros n&uacute;meros irracionales</strong></p>

<p><strong>El n&uacute;mero de n&iacute;quel</strong>, es un n&uacute;mero irracional cuadr&aacute;tico, que es soluci&oacute;n positiva de la ecuaci&oacute;n cuadr&aacute;tica <em>x</em><sup>2</sup> &ndash; <em>x</em> &ndash; 3 = 0:</p>

<p><em><img alt="" src="data/imagenes/ma_11_01_274.gif" style="display:block; height:40px; margin:0px auto; width:93px" /></em></p>

<p>Tambi&eacute;n existe el <strong>n&uacute;mero de cobre,</strong> que es soluci&oacute;n positiva de la ecuaci&oacute;n cuadr&aacute;tica <em>x</em><sup>2</sup> &ndash; <em>x</em> &ndash; 2 = 0:<em><img alt="" src="data/imagenes/ma_11_01_275.gif" style="height:24px; width:52px" /></em>,&nbsp;que no es irracional.</p>
]]></def>
	</definition>
</presentation>
<presentation title="Números trascendentes " title2="Números trascendentes " buttons="false" bkclass="">
	<definition>
		<title></title>
		<def><![CDATA[<p>Los n&uacute;meros irracionales que son ra&iacute;ces o soluciones para cualquier ecuaci&oacute;n algebraica (polin&oacute;mica) con coeficientes racionales son n&uacute;meros algebraicos y los que no son soluci&oacute;n para estas ecuaciones se denominan n&uacute;meros trascendentes. Con esta definici&oacute;n se resalta que todos los n&uacute;meros racionales son n&uacute;meros algebraicos pero no todos los n&uacute;meros irracionales son algebraicos, p y <em>e</em> son un ejemplo de esta situaci&oacute;n.</p>

<p>&nbsp;</p>

<p>p se considera uno de los n&uacute;meros irracionales m&aacute;s importantes, puedes conseguir miles de art&iacute;culos relacionados con &eacute;l. [<a href="http://webs.adam.es/rllorens/pihome.htm" target="_blank">VER</a>], pero el n&uacute;mero de Euler no se queda atr&aacute;s [<a href="http://dgenp.unam.mx/direccgral/secacad/cmatematicas/pdf/e.pdf" target="_blank">VER</a>].</p>

<p>&nbsp;</p>
]]></def>
	</definition>
	<definition>
		<title></title>
		<def><![CDATA[<p>En el siglo XVIII, el matem&aacute;tico alem&aacute;n Leonhard Euler comprob&oacute; que <em>e</em> y <em>e</em><sup>2</sup> &nbsp;son n&uacute;meros irracionales; a su vez Johann Lambert, otro matem&aacute;tico alem&aacute;n, concluy&oacute; que p era irracional y conjetur&oacute; que no podr&iacute;a ser la ra&iacute;z de una ecuaci&oacute;n algebraica con coeficientes racionales. Este &uacute;ltimo, fue un gran descubrimiento en relaci&oacute;n con los n&uacute;meros irracionales, pues con estas primeras reflexiones de Lambert, se empezaron a distinguir los tipos de n&uacute;meros irracionales: trascendentes y algebraicos.</p>
]]></def>
	</definition>
</presentation>
</engine>