﻿<?xml version="1.0" encoding="utf-8"?><motor tipo="1" clase="b" aprid="m1b"><plataforma><grado><![CDATA[2]]></grado><titulo>Del lenguaje natural al lenguaje matemático</titulo><area>0</area><nivel>1</nivel><referencia /><idreg><![CDATA[0]]></idreg><motor><![CDATA[M1B]]></motor><lang>es</lang></plataforma><enunciado><![CDATA[Relaciona cada una de las expresiones en lenguaje matemático que se encuentran en la columna de la izquierda, con su respectiva escritura en lenguaje natural, de la columna de la derecha.]]></enunciado><masinfo inicio="0" /><sinaleatoriedad><![CDATA[0]]></sinaleatoriedad><calc><![CDATA[0]]></calc><textoatexto cantidad="5"><cuestion><pregunta><![CDATA[3{{cur}}x{{normal}} - 20 = 2{{cur}}x{{normal}}]]></pregunta><respuesta><![CDATA[El triple de un número disminuido en 20 equivale al doble del número.]]></respuesta></cuestion><cuestion><pregunta><![CDATA[2{{cur}}m{{normal}} = {{cur}}m{{normal}} + 20]]></pregunta><respuesta><![CDATA[El doble de un número equivale al número aumentado en 20.]]></respuesta></cuestion><cuestion><pregunta><![CDATA[4{{cur}}z{{normal}} + 10 = {{cur}}z{{normal}} - 4]]></pregunta><respuesta><![CDATA[Cuatro veces un número aumentado en diez equivale al número disminuido en cuatro.]]></respuesta></cuestion><cuestion><pregunta><![CDATA[4{{cur}}w{{normal}} + 2{{cur}}w{{normal}} = 5{{cur}}w{{normal}} + 10]]></pregunta><respuesta><![CDATA[Un número multiplicado por cuatro más dos veces el mismo número, equivale a sumar 10 a cinco veces el número.]]></respuesta></cuestion><cuestion><pregunta><![CDATA[3{{cur}}p{{normal}} - 15 = 2{{cur}}p{{normal}}]]></pregunta><respuesta><![CDATA[El triple de un número es menor en 15 unidades que el doble del número.]]></respuesta></cuestion></textoatexto><textofalso cantidad="0" /></motor>