<?xml version='1.0' encoding='UTF-8'?><mapa aprid="mapa">
  <copyright>(c) Editorial Planeta</copyright>
  <version>1.0</version>
  <botonMapaConceptual>mostrar</botonMapaConceptual>
  <botonMapaMudo>ocultar</botonMapaMudo>
  <botonMudo>0</botonMudo>
  <objeto>
    <ref>00</ref>
    <texto>Las operaciones con números racionales</texto>
    <hijos>10</hijos>
    <padre/>
    <siz>0</siz>
    <negcur>000000000000000000000000000000000000000</negcur>
    <cen>1</cen>
    <img/>
    <audio/>
  </objeto>
  <objeto>
    <ref>10</ref>
    <texto/>
    <hijos>22,21,20</hijos>
    <padre>00</padre>
    <siz>14</siz>
    <negcur/>
    <cen>1</cen>
    <img/>
    <audio/>
  </objeto>
  <objeto>
    <ref>20</ref>
    <texto>Ecuaciones</texto>
    <hijos>30</hijos>
    <padre>10</padre>
    <siz>0</siz>
    <negcur>0000000000</negcur>
    <cen>1</cen>
    <img/>
    <audio/>
  </objeto>
  <objeto>
    <ref>21</ref>
    <texto>Polinomios
aritméticos</texto>
    <hijos>31</hijos>
    <padre>10</padre>
    <siz>0</siz>
    <negcur>00000000000000000000000</negcur>
    <cen>1</cen>
    <img/>
    <audio/>
  </objeto>
  <objeto>
    <ref>22</ref>
    <texto>Operaciones</texto>
    <hijos>32</hijos>
    <padre>10</padre>
    <siz>0</siz>
    <negcur>000000000000</negcur>
    <cen>1</cen>
    <img/>
    <audio/>
  </objeto>
  <objeto>
    <ref>30</ref>
    <texto>modelan</texto>
    <hijos>40</hijos>
    <padre>20</padre>
    <siz>0</siz>
    <negcur>0000000</negcur>
    <cen>1</cen>
    <img/>
    <audio/>
  </objeto>
  <objeto>
    <ref>40</ref>
    <texto>problemas de
aplicación</texto>
    <hijos>50</hijos>
    <padre>30</padre>
    <siz>0</siz>
    <negcur>000000000000000000000000</negcur>
    <cen>1</cen>
    <img/>
    <audio/>
  </objeto>
  <objeto>
    <ref>50</ref>
    <texto>con</texto>
    <hijos>60</hijos>
    <padre>40</padre>
    <siz>0</siz>
    <negcur>000</negcur>
    <cen>1</cen>
    <img/>
    <audio/>
  </objeto>
  <objeto>
    <ref>60</ref>
    <texto>una variable y
operaciones
racionales</texto>
    <hijos>70</hijos>
    <padre>50</padre>
    <siz>0</siz>
    <negcur>00000000000000000000000000000000000000</negcur>
    <cen>1</cen>
    <img/>
    <audio/>
  </objeto>
  <objeto>
    <ref>70</ref>
    <texto>usa</texto>
    <hijos>80</hijos>
    <padre>60</padre>
    <siz>0</siz>
    <negcur>000</negcur>
    <cen>1</cen>
    <img/>
    <audio/>
  </objeto>
  <objeto>
    <ref>80</ref>
    <texto>propiedad
uniforme de la
igualdad</texto>
    <hijos/>
    <padre>70</padre>
    <siz>0</siz>
    <negcur>0000000000000000000000000000000000</negcur>
    <cen>1</cen>
    <img/>
    <audio/>
  </objeto>
  <objeto>
    <ref>31</ref>
    <texto>son</texto>
    <hijos>41</hijos>
    <padre>21</padre>
    <siz>0</siz>
    <negcur>000</negcur>
    <cen>1</cen>
    <img/>
    <audio/>
  </objeto>
  <objeto>
    <ref>41</ref>
    <texto>combinaciones
de operaciones</texto>
    <hijos>51</hijos>
    <padre>31</padre>
    <siz>0</siz>
    <negcur>00000000000000000000000000000</negcur>
    <cen>1</cen>
    <img/>
    <audio/>
  </objeto>
  <objeto>
    <ref>51</ref>
    <texto>cumplen</texto>
    <hijos>61</hijos>
    <padre>41</padre>
    <siz>0</siz>
    <negcur>0000000</negcur>
    <cen>1</cen>
    <img/>
    <audio/>
  </objeto>
  <objeto>
    <ref>61</ref>
    <texto>orden operativo</texto>
    <hijos>72,71</hijos>
    <padre>51</padre>
    <siz>0</siz>
    <negcur>0000000000000000</negcur>
    <cen>1</cen>
    <img/>
    <audio/>
  </objeto>
  <objeto>
    <ref>71</ref>
    <texto>pueden incluir</texto>
    <hijos>81</hijos>
    <padre>61</padre>
    <siz>0</siz>
    <negcur>000000000000000</negcur>
    <cen>1</cen>
    <img/>
    <audio/>
  </objeto>
  <objeto>
    <ref>81</ref>
    <texto>signos de
agrupación</texto>
    <hijos>90</hijos>
    <padre>71</padre>
    <siz>0</siz>
    <negcur>000000000000000000000</negcur>
    <cen>1</cen>
    <img/>
    <audio/>
  </objeto>
  <objeto>
    <ref>72</ref>
    <texto>dado por</texto>
    <hijos>82</hijos>
    <padre>61</padre>
    <siz>0</siz>
    <negcur>000000000</negcur>
    <cen>1</cen>
    <img/>
    <audio/>
  </objeto>
  <objeto>
    <ref>82</ref>
    <texto>1. potencias y
    raíces.
2. multiplicaciones
    y divisiones.
3. sumas y restas.</texto>
    <hijos>91</hijos>
    <padre>72</padre>
    <siz>0</siz>
    <negcur>000000000000000000000000000000000000000000000000000000000000000000000000000000000000</negcur>
    <cen>0</cen>
    <img/>
    <audio/>
  </objeto>
  <objeto>
    <ref>90</ref>
    <texto>cumplen</texto>
    <hijos>a0</hijos>
    <padre>81</padre>
    <siz>0</siz>
    <negcur>0000000</negcur>
    <cen>1</cen>
    <img/>
    <audio/>
  </objeto>
  <objeto>
    <ref>a0</ref>
    <texto>jerarquía de
operaciones</texto>
    <hijos>b0</hijos>
    <padre>90</padre>
    <siz>0</siz>
    <negcur>0000000000000000000000000</negcur>
    <cen>1</cen>
    <img/>
    <audio/>
  </objeto>
  <objeto>
    <ref>b0</ref>
    <texto/>
    <hijos>c0</hijos>
    <padre>a0</padre>
    <siz>0</siz>
    <negcur/>
    <cen>1</cen>
    <img/>
    <audio/>
  </objeto>
  <objeto>
    <ref>c0</ref>
    <texto>1. signos de
    agrupación
2. potencias y
    raíces.
3. multiplicaciones
    y divisiones.
4. sumas y restas.</texto>
    <hijos/>
    <padre>b0</padre>
    <siz>0</siz>
    <negcur>0000000000000000000000000000000000000000000000000000000000000000000000000000000000000000000000000000000000000000</negcur>
    <cen>0</cen>
    <img/>
    <audio/>
  </objeto>
  <objeto>
    <ref>91</ref>
    <texto/>
    <hijos>a1</hijos>
    <padre>82</padre>
    <siz>0</siz>
    <negcur/>
    <cen>1</cen>
    <img/>
    <audio/>
  </objeto>
  <objeto>
    <ref>a1</ref>
    <texto>operaciones  de
izquierda a
derecha</texto>
    <hijos/>
    <padre>91</padre>
    <siz>0</siz>
    <negcur>000000000000000000000000000000000000</negcur>
    <cen>1</cen>
    <img/>
    <audio/>
  </objeto>
  <objeto>
    <ref>32</ref>
    <texto>se dividen en</texto>
    <hijos>43,42</hijos>
    <padre>22</padre>
    <siz>0</siz>
    <negcur>00000000000000</negcur>
    <cen>1</cen>
    <img/>
    <audio/>
  </objeto>
  <objeto>
    <ref>42</ref>
    <texto>potencias y
raíces</texto>
    <hijos>52</hijos>
    <padre>32</padre>
    <siz>0</siz>
    <negcur>0000000000000000000</negcur>
    <cen>1</cen>
    <img/>
    <audio/>
  </objeto>
  <objeto>
    <ref>43</ref>
    <texto>operaciones
básicas</texto>
    <hijos>53</hijos>
    <padre>32</padre>
    <siz>0</siz>
    <negcur>00000000000000000000</negcur>
    <cen>1</cen>
    <img/>
    <audio/>
  </objeto>
  <objeto>
    <ref>52</ref>
    <texto>reducidas a</texto>
    <hijos>62</hijos>
    <padre>42</padre>
    <siz>0</siz>
    <negcur>000000000000</negcur>
    <cen>1</cen>
    <img/>
    <audio/>
  </objeto>
  <objeto>
    <ref>62</ref>
    <texto>operaciones de
enteros</texto>
    <hijos>73</hijos>
    <padre>52</padre>
    <siz>0</siz>
    <negcur>00000000000000000000000</negcur>
    <cen>1</cen>
    <img/>
    <audio/>
  </objeto>
  <objeto>
    <ref>73</ref>
    <texto>para</texto>
    <hijos>83</hijos>
    <padre>62</padre>
    <siz>0</siz>
    <negcur>0000</negcur>
    <cen>1</cen>
    <img/>
    <audio/>
  </objeto>
  <objeto>
    <ref>83</ref>
    <texto>numerador y
denominador</texto>
    <hijos/>
    <padre>73</padre>
    <siz>0</siz>
    <negcur>000000000000000000000000</negcur>
    <cen>1</cen>
    <img/>
    <audio/>
  </objeto>
  <objeto>
    <ref>53</ref>
    <texto>que son</texto>
    <hijos>63</hijos>
    <padre>43</padre>
    <siz>0</siz>
    <negcur>00000000</negcur>
    <cen>1</cen>
    <img/>
    <audio/>
  </objeto>
  <objeto>
    <ref>63</ref>
    <texto>sumas, restas,
multiplicaciones y
divisiones</texto>
    <hijos>74</hijos>
    <padre>53</padre>
    <siz>0</siz>
    <negcur>000000000000000000000000000000000000000000000</negcur>
    <cen>1</cen>
    <img/>
    <audio/>
  </objeto>
  <objeto>
    <ref>74</ref>
    <texto>que extienden</texto>
    <hijos>84</hijos>
    <padre>63</padre>
    <siz>0</siz>
    <negcur>00000000000000</negcur>
    <cen>1</cen>
    <img/>
    <audio/>
  </objeto>
  <objeto>
    <ref>84</ref>
    <texto>las operaciones
de enteros y sus
propiedades</texto>
    <hijos>92</hijos>
    <padre>74</padre>
    <siz>0</siz>
    <negcur>0000000000000000000000000000000000000000000000</negcur>
    <cen>1</cen>
    <img/>
    <audio/>
  </objeto>
  <objeto>
    <ref>92</ref>
    <texto>que tienen</texto>
    <hijos>a2</hijos>
    <padre>84</padre>
    <siz>0</siz>
    <negcur>00000000000</negcur>
    <cen>1</cen>
    <img/>
    <audio/>
  </objeto>
  <objeto>
    <ref>a2</ref>
    <texto>algoritmos</texto>
    <hijos>b1</hijos>
    <padre>92</padre>
    <siz>0</siz>
    <negcur>00000000000</negcur>
    <cen>1</cen>
    <img/>
    <audio/>
  </objeto>
  <objeto>
    <ref>b1</ref>
    <texto>para</texto>
    <hijos>c2,c1</hijos>
    <padre>a2</padre>
    <siz>0</siz>
    <negcur>0000</negcur>
    <cen>1</cen>
    <img/>
    <audio/>
  </objeto>
  <objeto>
    <ref>c1</ref>
    <texto>racionales
decimales</texto>
    <hijos/>
    <padre>b1</padre>
    <siz>0</siz>
    <negcur>000000000000000000000</negcur>
    <cen>1</cen>
    <img/>
    <audio/>
  </objeto>
  <objeto>
    <ref>c2</ref>
    <texto>racionales
fraccionarios</texto>
    <hijos/>
    <padre>b1</padre>
    <siz>0</siz>
    <negcur>0000000000000000000000000</negcur>
    <cen>1</cen>
    <img/>
    <audio/>
  </objeto>
</mapa>