﻿<?xml version="1.0" encoding="utf-8"?><engine copy="Editorial Planeta" version="1" aprid="f7b"><main layout="2">
<title>Las ecuaciones lineales con una incógnita </title>
<footer>Clasificación y soluciones</footer>
</main>
<sections>
<section i="0" star="false" hasSubsections="false">
<menuImage path="MA_08_06_REC50_IMG01.jpg" border="0">
<title><![CDATA[Las ecuaciones lineales]]></title>
</menuImage>
<pages>
<page i="0" visible="true" color="">
<title> Ecuaciones lineales   </title>
<description><![CDATA[<p style="margin-left:0px; margin-right:0px; text-align:justify"><span style="font-size:18px"><span style="font-family:verdana,geneva,sans-serif"><span style="color:rgb(0, 0, 0)">Una ecuaci&oacute;n es una igualdad entre dos expresiones algebraicas, que se transforma en una igualdad num&eacute;rica cuando se atribuye valores num&eacute;ricos particulares a las variables que figuran en la igualdad algebraica.</span></span></span></p>

<p style="margin-left:0px; margin-right:0px; text-align:justify"><span style="font-size:18px"><span style="font-family:verdana,geneva,sans-serif"><span style="color:rgb(0, 0, 0)">En la imagen se observa una figura compuesta por rect&aacute;ngulos, de los que se conocen las medidas de sus lados y el valor total del &aacute;rea de la figura, pero se desconoce el valor de&nbsp;<em>x</em>;<em> </em>si haces clic en la imagen, podr&aacute;s ver c&oacute;mo se determina el valor de&nbsp;<em>x</em>.</span></span></span></p>

<p style="margin-left:0px; margin-right:0px; text-align:justify"><span style="font-size:18px"><span style="font-family:verdana,geneva,sans-serif">Se llaman&nbsp;ecuaciones lineales o de primer grado&nbsp;a las igualdades con inc&oacute;gnitas cuyo exponente es 1, por ejemplo:&nbsp;</span></span></p>

<p style="margin-left:0px; margin-right:0px; text-align:center"><span style="font-size:18px"><span style="font-family:verdana,geneva,sans-serif">2</span></span><em>x&nbsp;</em><span style="font-size:18px"><span style="font-family:verdana,geneva,sans-serif">+ 8 = 14 </span></span></p>

<p style="margin-left:0px; margin-right:0px; text-align:center"><span style="font-size:18px"><span style="font-family:verdana,geneva,sans-serif">7</span></span><em>x &ndash;</em><span style="font-size:18px"><span style="font-family:verdana,geneva,sans-serif">&nbsp;1 = 27</span></span></p>

<p style="margin-left:0px; margin-right:0px; text-align:justify"><span style="font-size:18px"><span style="font-family:verdana,geneva,sans-serif">Las ecuaciones lineales se pueden presentar de tres formas generales:&nbsp;</span></span></p>

<p style="margin-left:0px; margin-right:0px; text-align:center"><span style="font-size:18px"><span style="font-family:verdana,geneva,sans-serif"><em>a + x = c</em></span></span></p>

<p style="margin-left:0px; margin-right:0px; text-align:center"><span style="font-size:18px"><span style="font-family:verdana,geneva,sans-serif"><em>ax = c</em></span></span></p>

<p style="margin-left:0px; margin-right:0px; text-align:center"><span style="font-size:18px"><span style="font-family:verdana,geneva,sans-serif"><em>ax + b = c</em></span></span></p>
]]></description>
<images>
<image path="MA_08_06_REC50_IMG05n.jpg" border = "0" pathbig="MA_08_06_REC50_IMG05a.jpg">
<title><![CDATA[]]></title>
</image>
</images>
</page>
<page i="0" visible="true" color="">
<title> Ecuaciones lineales   </title>
<description><![CDATA[<p><span style="font-size:18px"><span style="font-family:verdana,geneva,sans-serif">&iquest;C&oacute;mo se soluciona una ecuaci&oacute;n? Una forma sencilla de solucionar una ecuaci&oacute;n consiste en realizar en ella operaciones como adici&oacute;n, sustracci&oacute;n, multiplicaci&oacute;n y divisi&oacute;n que permitan obtener ecuaciones equivalentes m&aacute;s sencillas.</span></span></p>

<p><span style="font-size:18px"><span style="font-family:verdana,geneva,sans-serif">Por ejemplo, en la imagen se encuentra un rect&aacute;ngulo del que se desconoce la expresi&oacute;n asociada al &aacute;rea de la regi&oacute;n no recubierta; la ecuaci&oacute;n es:</span></span></p>

<p style="text-align:center"><span style="font-size:18px"><span style="font-family:verdana,geneva,sans-serif">(2<em>x</em>&nbsp;&ndash; 4)2 = 12</span></span></p>

<p style="text-align:center"><span style="font-family:verdana,geneva,sans-serif">&nbsp;&nbsp;&nbsp;&nbsp; 4<em>x</em>&nbsp;&ndash; 8 = 12</span></p>

<p style="text-align:center"><span style="font-family:verdana,geneva,sans-serif">&nbsp;&nbsp;&nbsp;&nbsp;&nbsp;&nbsp;&nbsp;&nbsp;&nbsp;&nbsp;&nbsp;&nbsp;&nbsp;&nbsp;&nbsp;&nbsp; 4<em>x</em>&nbsp;= 12 + 8</span></p>

<p style="text-align:center"><span style="font-size:18px"><span style="font-family:verdana,geneva,sans-serif">&nbsp;&nbsp;&nbsp;&nbsp;&nbsp;&nbsp;&nbsp;&nbsp;&nbsp;&nbsp; 4<em>x = </em>20</span></span></p>

<p style="text-align:center"><span style="font-size:18px"><span style="font-family:verdana,geneva,sans-serif"><em>&nbsp;&nbsp;&nbsp;&nbsp;&nbsp;&nbsp;&nbsp;&nbsp;&nbsp;&nbsp;&nbsp; x</em>&nbsp;= 5&nbsp;</span></span></p>

<p><span style="font-size:18px"><span style="font-family:verdana,geneva,sans-serif">A continuaci&oacute;n se presentan los principios generales para solucionar una ecuaci&oacute;n:</span></span></p>

<ol>
	<li>Agrupar y reducir los t&eacute;rminos semejantes que haya en los dos miembros de la ecuaci&oacute;n.</li>
	<li>Suprimir todos los denominadores. Para hacerlo, se pueden multiplicar ambos miembros de la ecuaci&oacute;n dada por el m.c.m. de los denominadores dados originalmente.</li>
	<li>Efectuar las operaciones indicadas en los miembros de la ecuaci&oacute;n (suprimiendo par&eacute;ntesis).</li>
	<li>Usar las propiedades de la igualdad de forma que las variables o inc&oacute;gnitas queden en un solo miembro y las constantes (valores num&eacute;ricos) queden en el otro miembro de la ecuaci&oacute;n.</li>
	<li>Solucionar la ecuaci&oacute;n de primer grado.</li>
	<li>Verificar el resultado en la ecuaci&oacute;n original.</li>
</ol>
]]></description>
<images>
<image path="MA_08_06_REC50_IMG06n.jpg" border = "0" pathbig="MA_08_06_REC50_IMG06a.jpg">
<title><![CDATA[]]></title>
</image>
</images>
</page>
</pages>
</section><section i="0" star="false" hasSubsections="false">
<menuImage path="MA_08_06_REC50_IMG02.jpg" border="0">
<title><![CDATA[a + x = c]]></title>
</menuImage>
<pages>
<page i="0" visible="true" color="">
<title>Ecuaciones de la forma a + x = c</title>
<description><![CDATA[<p style="text-align:justify"><span style="font-size:19px"><span style="font-family:verdana,geneva,sans-serif">Este tipo de ecuaciones se caracteriza por tener&nbsp;adiciones o sustracciones&nbsp;entre un n&uacute;mero y la variable, generalmente expresada con la letra <em>x</em>;<em> </em>algunos ejemplos son:</span></span></p>

<p style="text-align:center"><span style="font-size:19px"><span style="font-family:verdana,geneva,sans-serif">7 + </span></span><em>x</em>&nbsp;<span style="font-size:19px"><span style="font-family:verdana,geneva,sans-serif">= 27</span></span></p>

<p style="text-align:center"><span style="font-size:19px"><span style="font-family:verdana,geneva,sans-serif">14 &ndash;&nbsp;</span></span><em>x</em>&nbsp;<span style="font-size:19px"><span style="font-family:verdana,geneva,sans-serif">= 6</span></span></p>

<p style="text-align:center"><span style="font-size:19px"><span style="font-family:verdana,geneva,sans-serif">5 </span></span><span style="font-family:verdana,geneva,sans-serif; font-size:19px">&ndash;</span><span style="font-size:19px"><span style="font-family:verdana,geneva,sans-serif">&nbsp;</span></span><em>x</em><span style="font-size:19px"><span style="font-family:verdana,geneva,sans-serif">&nbsp;= </span></span><span style="font-family:verdana,geneva,sans-serif; font-size:19px">&ndash;</span><span style="font-size:19px"><span style="font-family:verdana,geneva,sans-serif">2</span></span></p>

<p style="text-align:justify"><span style="font-size:18px"><span style="font-family:verdana,geneva,sans-serif">Para resolver este tipo de ecuaciones es necesario utilizar las siguientes propiedades seg&uacute;n corresponda:</span></span></p>

<p><span style="font-size:18px"><span style="font-family:verdana,geneva,sans-serif">Propiedad aditiva:</span></span></p>

<p style="text-align:center"><span style="font-size:18px"><span style="font-family:verdana,geneva,sans-serif">Si <em>a</em> = <em>b</em>, entonces: <em>a + b</em> = <em>b + c</em></span></span></p>

<p><span style="font-size:18px"><span style="font-family:verdana,geneva,sans-serif">Propiedad de la sustracci&oacute;n:</span></span></p>

<p style="text-align:center"><span style="font-size:18px"><span style="font-family:verdana,geneva,sans-serif">Si <em>a</em> = <em>b</em>, entonces: <em>a &ndash; b</em> = <em>b </em></span></span><em>&ndash;</em><span style="font-size:18px"><span style="font-family:verdana,geneva,sans-serif"><em> c</em></span></span></p>

<p style="text-align:justify"><span style="font-size:19px"><span style="font-family:verdana,geneva,sans-serif">En la imagen se aprecia un rect&aacute;ngulo del cual se conocen el &aacute;rea de la regi&oacute;n sombreada y el &aacute;rea total, luego se debe&nbsp;determinar el &aacute;rea de la regi&oacute;n sin sombrear.</span></span></p>

<p style="text-align:justify"><span style="font-size:19px"><span style="font-family:verdana,geneva,sans-serif">Ecuaci&oacute;n dada:</span></span></p>

<p style="text-align:center">9 <em>+&nbsp;</em><em>x</em>&nbsp;= 12</p>

<p style="text-align:justify"><span style="font-family:verdana,geneva,sans-serif">No hay que olvidar que para despejar el valor de <em>x</em> es necesario dejar la inc&oacute;ngita a un lado de la igualdad sin constantes. </span></p>

<p style="text-align:justify">Aplicando la propiedad aditiva:</p>

<p style="text-align:center">9 + <em>x</em>&nbsp;<span style="font-family:verdana,geneva,sans-serif; font-size:19px">&ndash; 9 = 12&nbsp;&ndash; 9</span></p>

<p style="text-align:justify"><span style="font-family:verdana,geneva,sans-serif; font-size:19px">Es &uacute;til recordar que se debe realizar la misma operaci&oacute;n en ambos lados de la igualdad, en este caso se adicion&oacute; el inverso aditivo de 9 que es&nbsp;&ndash;9; resolviendo se tiene que el &aacute;rea de la regi&oacute;n sin sombrear es:</span></p>

<p style="text-align:center"><span style="font-family:verdana,geneva,sans-serif; font-size:19px"><em>x</em>&nbsp;= 3</span>&nbsp;</p>

<p style="text-align:justify">Para verificar se reemplaza el valor de la variable en la ecuaci&oacute;n dada originalmente:</p>

<p style="text-align:center">9&nbsp;<em>+&nbsp;</em><em>x</em>&nbsp;= 12</p>

<p style="text-align:center">9&nbsp;<em>+ </em>(3)&nbsp;= 12</p>

<p style="text-align:center">12 = 12</p>
]]></description>
<images>
<image path="MA_08_06_REC50_IMG07n.jpg" border = "0" pathbig="MA_08_06_REC50_IMG07a.jpg">
<title><![CDATA[]]></title>
</image>
</images>
</page>
</pages>
</section><section i="0" star="false" hasSubsections="false">
<menuImage path="MA_08_06_REC50_IMG03.jpg" border="0">
<title><![CDATA[ax = c]]></title>
</menuImage>
<pages>
<page i="0" visible="true" color="">
<title>Ecuaciones del tipo ax = c</title>
<description><![CDATA[<p style="text-align:justify"><span style="font-size:18px"><span style="font-family:verdana,geneva,sans-serif"><span style="color:black">Se conoce cu&aacute;nto mide el &aacute;rea de un rect&aacute;ngulo y uno de sus lados, pero se desconoce la medida del otro lado; este tipo de situaciones se representa mediante ecuaciones de la forma <em>ax </em>= <em>c</em>; otros ejemplos son:</span></span></span></p>

<p style="text-align:center"><span style="font-family:verdana,sans-serif; font-size:14.5pt">7</span><em><span style="font-family:verdana,sans-serif; font-size:13.5pt">x</span></em><span style="font-family:verdana,sans-serif; font-size:13.5pt">&nbsp;</span><span style="font-family:verdana,sans-serif; font-size:14.5pt">= 84</span></p>

<p style="text-align:center"><span style="font-family:verdana,sans-serif; font-size:14.5pt">14</span><em><span style="font-family:verdana,sans-serif; font-size:13.5pt">x</span></em><span style="font-family:verdana,sans-serif; font-size:13.5pt">&nbsp;</span><span style="font-family:verdana,sans-serif; font-size:14.5pt">= 434</span></p>

<p style="text-align:center"><span style="font-family:verdana,sans-serif; font-size:14.5pt">5</span><em><span style="font-family:verdana,sans-serif; font-size:13.5pt">x</span></em><span style="font-family:verdana,sans-serif; font-size:14.5pt">&nbsp;= &ndash;60</span></p>

<p style="text-align:justify"><span style="font-family:verdana,sans-serif; font-size:14.5pt">Para resolver este tipo de ecuaciones es necesario utilizar las siguientes propiedades seg&uacute;n sea el caso.</span></p>

<p style="text-align:justify"><span style="font-family:verdana,sans-serif; font-size:14.5pt">Propiedad de la multiplicaci&oacute;n:</span></p>

<p style="text-align:center"><span style="font-family:verdana,sans-serif; font-size:14.5pt">Si <em>a</em> = <em>b</em>, entonces: <em>ab</em> = <em>bc</em></span></p>

<p style="text-align:justify"><span style="font-family:verdana,sans-serif; font-size:14.5pt">Propiedad de la divisi&oacute;n:</span></p>

<p style="text-align:center"><span style="font-family:verdana,sans-serif; font-size:14.5pt">Si <em>a</em> = <em>b</em>, entonces: <em>a/b</em> = <em>b/c</em>, con <em>c</em> diferente de cero</span></p>

<p style="text-align:justify"><span style="font-family:verdana,sans-serif; font-size:13.5pt">Por ejemplo:</span></p>

<p style="text-align:center"><span style="font-family:verdana,sans-serif; font-size:14.5pt">7</span><em><span style="font-family:verdana,sans-serif; font-size:13.5pt">x</span></em><span style="font-family:verdana,sans-serif; font-size:13.5pt">&nbsp;</span><span style="font-family:verdana,sans-serif; font-size:14.5pt">= 84</span></p>

<p style="text-align:center"><span style="font-family:verdana,sans-serif; font-size:14.5pt">7</span><em><span style="font-family:verdana,sans-serif; font-size:13.5pt">x/</span></em><span style="font-family:verdana,sans-serif; font-size:13.5pt">7&nbsp;</span><span style="font-family:verdana,sans-serif; font-size:14.5pt">= 84/7</span></p>

<p style="text-align:center"><em><span style="font-family:verdana,sans-serif; font-size:14.5pt">x</span></em><span style="font-family:verdana,sans-serif; font-size:14.5pt"> = 12</span></p>

<p style="text-align:justify">La soluci&oacute;n de la ecuaci&oacute;n relacionada con la imagen es:</p>

<p style="text-align:center">14<em>x</em>&nbsp;= 434</p>

<p style="text-align:center"><span style="font-family:verdana,sans-serif">14</span><em>x/</em>14<span style="font-family:verdana,sans-serif">&nbsp;= 434/14</span></p>

<p style="text-align:center"><em>x</em><span style="font-family:verdana,sans-serif">&nbsp;= 31</span></p>

<p style="text-align:justify"><span style="font-family:verdana,sans-serif">La medida del lado desconocido del rect&aacute;ngulo es 31&nbsp;u<em>.</em></span></p>
]]></description>
<images>
<image path="MA_08_06_REC50_IMG08n.jpg" border = "0" pathbig="MA_08_06_REC50_IMG08a.jpg">
<title><![CDATA[]]></title>
</image>
</images>
</page>
</pages>
</section><section i="0" star="false" hasSubsections="false">
<menuImage path="MA_08_06_REC50_IMG04.jpg" border="0">
<title><![CDATA[ax + b = c]]></title>
</menuImage>
<pages>
<page i="0" visible="true" color="">
<title>Ecuaciones de la forma ax + b = c</title>
<description><![CDATA[<p><span style="font-size:18px"><span style="font-family:verdana,geneva,sans-serif">&iquest;Cu&aacute;l es el valor de <em>x</em> en la figura? Este tipo de ecuaciones es de la forma <em>ax</em> + <em>b</em> = <em>c</em>; algunos ejemplos son:</span></span></p>

<p style="text-align:center"><span style="font-size:18px"><span style="font-family:verdana,geneva,sans-serif">7<em>x</em>&nbsp;+ 8 = 2</span></span></p>

<p style="text-align:center"><span style="font-size:18px"><span style="font-family:verdana,geneva,sans-serif">3(<em>x</em>&nbsp;+ 2)&nbsp;= 5(<em>x</em>&nbsp;&ndash; 6)</span></span></p>

<p style="text-align:center"><span style="font-size:18px"><span style="font-family:verdana,geneva,sans-serif">5<em>x</em>&nbsp;+ 2&nbsp;= 6<em>x</em>&nbsp;+ 9</span></span></p>

<p><span style="font-size:18px"><span style="font-family:verdana,geneva,sans-serif">&nbsp;Para resolver este tipo de ecuaciones es necesario utilizar las propiedades de monoton&iacute;a de la igualdad que ya hemos visto en las otras dos formas de ecuaciones lineales.</span></span></p>

<p><span style="font-size:18px"><span style="font-family:verdana,geneva,sans-serif">​Al hacer clic en la imagen podr&aacute;s ver c&oacute;mo se soluciona la ecuaci&oacute;n; otro ejemplo es:</span></span></p>

<p style="text-align:center"><span style="font-size:18px"><span style="font-family:verdana,geneva,sans-serif">3(<em>x</em>&nbsp;+ 2)&nbsp;= 5(<em>x</em>&nbsp;&ndash; 6)</span></span></p>

<p><span style="font-size:18px"><span style="font-family:verdana,geneva,sans-serif">Suprimimos los par&eacute;ntesis:</span></span></p>

<p style="text-align:center"><span style="font-size:18px"><span style="font-family:verdana,geneva,sans-serif">3<em>x</em>&nbsp;+ 6&nbsp;= 5<em>x</em>&nbsp;&ndash; 30</span></span></p>

<p><span style="font-size:18px"><span style="font-family:verdana,geneva,sans-serif">Propiedad aditiva:</span></span></p>

<p style="text-align:center"><span style="font-size:18px"><span style="font-family:verdana,geneva,sans-serif">3<em>x</em>&nbsp;+ 6&nbsp;+ (&ndash;6) = 5<em>x</em>&nbsp;&ndash; 30 + (&ndash;6)</span></span></p>

<p><span style="font-size:18px"><span style="font-family:verdana,geneva,sans-serif">Operando:</span></span></p>

<p style="text-align:center"><span style="font-size:18px"><span style="font-family:verdana,geneva,sans-serif">3<em>x</em>&nbsp;+ 0 = 5<em>x</em>&nbsp;&ndash; 30 &ndash; 6</span></span></p>

<p><span style="font-size:18px"><span style="font-family:verdana,geneva,sans-serif">Propiedad modulativa:</span></span></p>

<p style="text-align:center"><span style="font-size:18px"><span style="font-family:verdana,geneva,sans-serif">3<em>x</em>&nbsp;= 5<em>x</em>&nbsp;&ndash; 36</span></span></p>

<p><span style="font-size:18px"><span style="font-family:verdana,geneva,sans-serif">Propiedad aditiva:</span></span></p>

<p style="text-align:center"><span style="font-size:18px"><span style="font-family:verdana,geneva,sans-serif">3<em>x</em>&nbsp;+ (&ndash;5<em>x</em>) = 5<em>x</em>&nbsp;&ndash; 36 + (&ndash;5<em>x</em>)</span></span></p>

<p><span style="font-size:18px"><span style="font-family:verdana,geneva,sans-serif">Operando:</span></span></p>

<p style="text-align:center"><span style="font-size:18px"><span style="font-family:verdana,geneva,sans-serif">&ndash;2<em>x</em> = &ndash; 36</span></span></p>

<p><span style="font-size:18px"><span style="font-family:verdana,geneva,sans-serif">Propiedad de la divisi&oacute;n:</span></span></p>

<p style="text-align:center"><span style="font-size:18px"><span style="font-family:verdana,geneva,sans-serif">&ndash;2<em>x/</em>2 = &ndash; 36<em>/</em>2</span></span></p>

<p><span style="font-size:18px"><span style="font-family:verdana,geneva,sans-serif">Simplificando:</span></span></p>

<p style="text-align:center"><span style="font-size:18px"><span style="font-family:verdana,geneva,sans-serif">&ndash;<em>x</em> = &ndash; 18</span></span></p>
]]></description>
<images>
<image path="MA_08_06_REC50_IMG09n.jpg" border = "0" pathbig="MA_08_06_REC50_IMG09a.jpg">
<title><![CDATA[]]></title>
</image>
</images>
</page>
</pages>
</section></sections>
</engine>