﻿<?xml version="1.0" encoding="utf-8"?><motor tipo="5" clase="a" aprid="m5a">
  <plataforma>
    <grado><![CDATA[2]]></grado>
    <titulo>Identifica clases de ángulos</titulo>
    <area>0</area>
    <nivel>3</nivel>
    <referencia/>
    <idreg><![CDATA[0]]></idreg>
    <motor><![CDATA[M5A]]></motor>
    <lang>es</lang>
  </plataforma>
  <enunciado><![CDATA[Teniendo en cuenta la imagen, selecciona el tipo de ángulo.]]></enunciado>
  <masinfo inicio="0"/>
  <sinaleatoriedad><![CDATA[0]]></sinaleatoriedad>
  <calc><![CDATA[0]]></calc>
  <respuestaunica><![CDATA[0]]></respuestaunica>
  <test cantidad="9">
    <cuestion>
      <enunciado><![CDATA[En la figura, el ángulo α es:]]></enunciado>
      <explicacion/>
      <imagen><![CDATA[MA_06_10_CO_REC80_IMG01n.png]]></imagen>
      <ampliacion><![CDATA[MA_06_10_CO_REC80_IMG01a.png]]></ampliacion>
      <respuestas>
        <respuesta contestacion="Agudo" correcta="0"/>
        <respuesta contestacion="Recto" correcta="0"/>
        <respuesta contestacion="Obtuso" correcta="1"/>
        <respuesta contestacion="Llano" correcta="0"/>
        <respuesta contestacion="Nulo" correcta="0"/>
      </respuestas>
    </cuestion>
    <cuestion>
      <enunciado><![CDATA[En la figura, el ángulo ß es:]]></enunciado>
      <explicacion/>
      <imagen><![CDATA[MA_06_10_CO_REC80_IMG02n.png]]></imagen>
      <ampliacion><![CDATA[MA_06_10_CO_REC80_IMG02a.png]]></ampliacion>
      <respuestas>
        <respuesta contestacion="Agudo" correcta="0"/>
        <respuesta contestacion="Obtuso" correcta="1"/>
        <respuesta contestacion="Recto" correcta="0"/>
        <respuesta contestacion="Llano" correcta="0"/>
        <respuesta contestacion="Nulo" correcta="0"/>
      </respuestas>
    </cuestion>
    <cuestion>
      <enunciado><![CDATA[En la figura, el ángulo {{cur}}V{{normal}} es:]]></enunciado>
      <explicacion/>
      <imagen><![CDATA[MA_06_10_CO_REC80_IMG03n.png]]></imagen>
      <ampliacion><![CDATA[MA_06_10_CO_REC80_IMG03a.png]]></ampliacion>
      <respuestas>
        <respuesta contestacion="Agudo" correcta="0"/>
        <respuesta contestacion="Recto" correcta="1"/>
        <respuesta contestacion="Obtuso" correcta="0"/>
        <respuesta contestacion="Llano" correcta="0"/>
        <respuesta contestacion="Nulo" correcta="0"/>
      </respuestas>
    </cuestion>
    <cuestion>
      <enunciado><![CDATA[En la figura, el ángulo α es:]]></enunciado>
      <explicacion/>
      <imagen><![CDATA[MA_06_10_CO_REC80_IMG04n.png]]></imagen>
      <ampliacion><![CDATA[MA_06_10_CO_REC80_IMG04a.png]]></ampliacion>
      <respuestas>
        <respuesta contestacion="Agudo" correcta="1"/>
        <respuesta contestacion="Recto" correcta="0"/>
        <respuesta contestacion="Obtuso" correcta="0"/>
        <respuesta contestacion="Llano" correcta="0"/>
        <respuesta contestacion="Nulo" correcta="0"/>
      </respuestas>
    </cuestion>
    <cuestion>
      <enunciado><![CDATA[En la figura, el angulo ß es:]]></enunciado>
      <explicacion/>
      <imagen><![CDATA[MA_06_10_CO_REC80_IMG05n.png]]></imagen>
      <ampliacion><![CDATA[MA_06_10_CO_REC80_IMG05a.png]]></ampliacion>
      <respuestas>
        <respuesta contestacion="Agudo" correcta="1"/>
        <respuesta contestacion="Recto" correcta="0"/>
        <respuesta contestacion="Obtuso" correcta="0"/>
        <respuesta contestacion="Llano" correcta="0"/>
        <respuesta contestacion="Nulo" correcta="0"/>
      </respuestas>
    </cuestion>
    <cuestion>
      <enunciado><![CDATA[En la figura, el angulo ß es:]]></enunciado>
      <explicacion/>
      <imagen><![CDATA[MA_06_10_CO_REC80_IMG06n.png]]></imagen>
      <ampliacion><![CDATA[MA_06_10_CO_REC80_IMG06a.png]]></ampliacion>
      <respuestas>
        <respuesta contestacion="Agudo" correcta="0"/>
        <respuesta contestacion="Recto" correcta="1"/>
        <respuesta contestacion="Obtuso" correcta="0"/>
        <respuesta contestacion="Llano" correcta="0"/>
        <respuesta contestacion="Nulo" correcta="0"/>
      </respuestas>
    </cuestion>
    <cuestion>
      <enunciado><![CDATA[El ángulo α es:]]></enunciado>
      <explicacion><![CDATA[Las rectas perpendiculares son aquellas que forman ángulos de 90 grados al intersecarse.]]></explicacion>
      <imagen><![CDATA[MA_06_10_CO_REC80_IMG07n.png]]></imagen>
      <ampliacion><![CDATA[MA_06_10_CO_REC80_IMG07a.png]]></ampliacion>
      <respuestas>
        <respuesta contestacion="Agudo" correcta="0"/>
        <respuesta contestacion="Obtuso" correcta="1"/>
        <respuesta contestacion="Recto" correcta="0"/>
        <respuesta contestacion="Llano" correcta="0"/>
        <respuesta contestacion="Nulo" correcta="0"/>
      </respuestas>
    </cuestion>
    <cuestion>
      <enunciado><![CDATA[El ángulo ß es:]]></enunciado>
      <explicacion><![CDATA[Las rectas perpendiculares son aquellas que forman ángulos de 90 grados al intersecarse.]]></explicacion>
      <imagen><![CDATA[MA_06_10_CO_REC80_IMG08n.png]]></imagen>
      <ampliacion><![CDATA[MA_06_10_CO_REC80_IMG08a.png]]></ampliacion>
      <respuestas>
        <respuesta contestacion="Agudo" correcta="0"/>
        <respuesta contestacion="Obtuso" correcta="0"/>
        <respuesta contestacion="Recto" correcta="0"/>
        <respuesta contestacion="Llano" correcta="1"/>
        <respuesta contestacion="Nulo" correcta="0"/>
      </respuestas>
    </cuestion>
    <cuestion>
      <enunciado><![CDATA[El ángulo ε es:]]></enunciado>
      <explicacion><![CDATA[Las rectas perpendiculares son aquellas que forman ángulos de 90 grados al intersecarse.]]></explicacion>
      <imagen><![CDATA[MA_06_10_CO_REC80_IMG09n.png]]></imagen>
      <ampliacion><![CDATA[MA_06_10_CO_REC80_IMG09a.png]]></ampliacion>
      <respuestas>
        <respuesta contestacion="Agudo" correcta="1"/>
        <respuesta contestacion="Recto" correcta="0"/>
        <respuesta contestacion="Obtuso" correcta="0"/>
        <respuesta contestacion="Llano" correcta="0"/>
        <respuesta contestacion="Nulo" correcta="0"/>
      </respuestas>
    </cuestion>
  </test>
</motor>