<?xml version='1.0' encoding='UTF-8'?><engine copy="Editorial Planeta" version="1" aprid="f13" title="Competencias: mediciones con pie de rey" >
<section title="Presentación" path="ma_08_01_reccompetencias_img01n.jpg" pathAmp="ma_08_01_reccompetencias_img01a.jpg" image1Text="&lt;p&gt;&lt;span style=&quot;font-size:16px&quot;&gt;&lt;span style=&quot;font-family:verdana,geneva,sans-serif&quot;&gt;Los integrantes de una familia se cuentan con los n&amp;uacute;meros naturales.&lt;/span&gt;&lt;/span&gt;&lt;/p&gt;
" zoom1="true" zoom2a="false" zoom2b="false" layout="1" >
<![CDATA[
<p><span style="font-size:18px"><span style="font-family:verdana,geneva,sans-serif">Los n&uacute;meros hacen parte de en nuestro d&iacute;a a d&iacute;a. Saber qu&eacute; fecha es, cu&aacute;nto medimos; cu&aacute;nto pesamos, el n&uacute;mero de personas que conforman nuestra familia o que hacen parte de la clase, etc. </span></span></p>

<p><span style="font-size:18px"><span style="font-family:verdana,geneva,sans-serif">Las unidades usadas para expresar cantidades de dinero, de masa, de personas,&nbsp;son distintas sin embargo es posible que utilicen la misma representaci&oacute;n num&eacute;rica. Esta puede ser&nbsp;</span></span><span style="font-size:18px"><span style="font-family:verdana,geneva,sans-serif">un n&uacute;mero natural, entero o puede expresarse como fracci&oacute;n o como decimal. </span></span></p>

<p><span style="font-size:18px"><span style="font-family:verdana,geneva,sans-serif">Al realizar algunas de nuestras tareas cotidianas nos damos cuenta de ello: la b&aacute;scula muestra el peso con un decimal, las notas del colegio pueden llevar decimales o expresarse en forma de raz&oacute;n.</span></span></p>

<p><span style="font-size:18px"><span style="font-family:verdana,geneva,sans-serif">Adem&aacute;s de b&aacute;sculas, t&eacute;rm&oacute;metros, an&oacute;metros, etc., entre las herramientas que indican num&eacute;ros racionales encontramos el <strong>pie de rey</strong>.</span></span></p>

<p><span style="font-size:18px"><span style="font-family:verdana,geneva,sans-serif">Aprender a medir con un pie de rey, es el objetivo de este recurso. Identificar&aacute;s&nbsp;n&uacute;meros decimales,&nbsp;aproxim&aacute;ndolos en caso de ser necesario.</span></span></p>

<p><span style="font-size:18px"><span style="font-family:verdana,geneva,sans-serif">Pero antes de realizar esta actividad, responde las siguientes preguntas:</span></span></p>

<ul>
	<li><span style="font-size:18px"><span style="font-family:verdana,geneva,sans-serif">&iquest;Qu&eacute; es un pie de rey?</span></span></li>
	<li><span style="font-size:18px"><span style="font-family:verdana,geneva,sans-serif">&iquest;Cu&aacute;les son sus aplicaciones?</span></span></li>
	<li><span style="font-size:18px"><span style="font-family:verdana,geneva,sans-serif">&iquest;Cu&aacute;l es&nbsp;su funcionamiento?</span></span></li>
</ul>

<p>&nbsp;</p>
]]></section>
<section title="Tarea" path="mat08_01_rec310_img01n.jpg" pathAmp="mat08_01_rec310_img01a.jpg" image1Text="&lt;p&gt;&lt;span style=&quot;font-size:18px&quot;&gt;&lt;span style=&quot;font-family:verdana,geneva,sans-serif&quot;&gt;Un pie de rey permite medir distancias peque&amp;ntilde;as con exactitud.&lt;/span&gt;&lt;/span&gt;&lt;/p&gt;
" zoom1="true" zoom2a="false" zoom2b="false" layout="1" >
<![CDATA[
<p><span style="font-family:verdana,geneva,sans-serif">Para aprender a usar el pie de rey haremos los siguientes ejercicios:</span></p>

<p><span style="font-family:verdana,geneva,sans-serif">a) Busca qu&eacute; modelos de pie de rey existen.</span></p>

<p style="margin-left: 40px;"><span style="font-family:verdana,geneva,sans-serif">1&deg; Busca en Internet tipos de pie de rey: Lee informaci&oacute;n sobre cu&aacute;les son las diferencias en: materiales, sistemas de medici&oacute;n, etc.</span></p>

<p style="margin-left: 40px;"><span style="font-family:verdana,geneva,sans-serif">2&deg; Investiga c&oacute;mo funciona. Si en el colegio o en casa dispones de uno, practica realizando mediciones a distintos objetos seleccionados&nbsp;y trata de leer cu&aacute;nto mide la zona seleccionada.</span></p>

<p><span style="font-family:verdana,geneva,sans-serif">b) Explica tres situaciones donde se emplea un pie de rey y justifica por qu&eacute; no se usa una regla tradicional o metro.</span></p>

<p style="margin-left: 40px;"><span style="font-family:verdana,geneva,sans-serif">1&deg; Busca campos de aplicaci&oacute;n donde se use el pie de rey.</span></p>

<p style="margin-left: 40px;"><span style="font-family:verdana,geneva,sans-serif">2&deg; Explica, con ejemplos practicos, qu&eacute; elementos o figuras se miden con la herramienta estudiada.</span></p>

<p style="margin-left: 40px;"><span style="font-family:verdana,geneva,sans-serif">3&deg; Reflexiona sobre qu&eacute; ventaja ofrece el pie de rey respecto a otras herramientas.</span></p>

<p><span style="font-family:verdana,geneva,sans-serif">c) Ubica en un pie de rey los siguientes n&uacute;meros racionales. En caso de ser un decimal per&iacute;&oacute;dico, indica c&oacute;mo la aproximar&iacute;as.</span></p>

<p><span style="font-family:verdana,geneva,sans-serif">1/4; 3.2; 4,55; 2,07; 1,7777...; 5/3; 8/5; 3.085</span></p>

<p>&nbsp;</p>
]]></section>
</engine>