<?xml version='1.0' encoding='UTF-8'?><motor tipo="1" clase="c" aprid="m1c">
  <plataforma>
    <grado><![CDATA[2]]></grado>
    <titulo>Practica las propiedades de la adición de números reales</titulo>
    <area>0</area>
    <nivel>1</nivel>
    <referencia/>
    <idreg><![CDATA[0]]></idreg>
    <motor><![CDATA[M1C]]></motor>
    <lang>es</lang>
  </plataforma>
  <enunciado><![CDATA[Relaciona el nombre de cada propiedad de la adición de números reales con su definición.  ]]></enunciado>
  <masinfo inicio="0"/>
  <sinaleatoriedad><![CDATA[0]]></sinaleatoriedad>
  <calc><![CDATA[0]]></calc>
  <textoatexto cantidad="5">
    <cuestion>
      <pregunta><![CDATA[Propiedad interna ]]></pregunta>
      <respuesta><![CDATA[si a, b∈ℝ, entonces a+b∈ℝ .]]></respuesta>
    </cuestion>
    <cuestion>
      <pregunta><![CDATA[Propiedad conmutativa ]]></pregunta>
      <respuesta><![CDATA[si a, b∈ℝ, entonces a + b = b + a.]]></respuesta>
    </cuestion>
    <cuestion>
      <pregunta><![CDATA[Propiedad asociativa]]></pregunta>
      <respuesta><![CDATA[si a, b∈ℝ, entonces (a + b) – c = a + (b + c).]]></respuesta>
    </cuestion>
    <cuestion>
      <pregunta><![CDATA[Propiedad elemento neutro ]]></pregunta>
      <respuesta><![CDATA[para todo a∈ℝ, existe 0∈ℝ, tal que  0 + a = a.]]></respuesta>
    </cuestion>
    <cuestion>
      <pregunta><![CDATA[Propiedad elemento inverso ]]></pregunta>
      <respuesta><![CDATA[para todo a∈ℝ, existe (-a)∈ℝ, tal que a + (–a)  = 0.]]></respuesta>
    </cuestion>
  </textoatexto>
  <textofalso cantidad="0"/>
  <temps>5</temps>
</motor>