﻿<?xml version="1.0" encoding="utf-8"?>
<engine copy="Editorial Planeta" version="1" aprid="f4">
  <main title="Situaciones con números racionales" path="MA_09_01_CO_REC40_IMG01.jpg" buttonsHeight="53">
    <info path="">
      <text><![CDATA[<p><strong>Los n&uacute;meros racionales como raz&oacute;n</strong></p>

<p>Un n&uacute;mero racional como fracci&oacute;n tiene diferentes interpretaciones, una de ellas es la usada como &iacute;ndice comparativo entre dos cantidades de una misma&nbsp;magnitud o de diferentes magnitudes lo cual implica&nbsp;la aparici&oacute;n de otra magnitud diferente.&nbsp;En este caso no existe un todo o unidad. &nbsp;</p>

<p>Por ejemplo, cuando se comparan las distancias&nbsp;en metros, con el tiempo&nbsp;en segundos,&nbsp;para hablar de velocidad que se da en metros por segundo (metros/segundo).&nbsp;</p>

<p><strong>&nbsp;</strong></p>

<p>&nbsp;</p>
]]></text>
    </info>
  </main>
  <questions respCorrecta="Muy bien hecho." respIncorrecta="Sigue intentando.">
    <question title="Dos autos A y B van de una ciudad a otra separadas 1128 km. El auto A ha recorrido 7/8 del trayecto y el B, 5/6. ¿Cuántos kilómetros ha recorrido cada auto?" path="MA_09_01_CO_REC40_IMG02.jpg">
      <answers>
        <answer correct="1">
          <text><![CDATA[A: 987 km y B: 940 km]]></text>
          <explanation width="394"><![CDATA[<p>Es necesario calcular la cantidad de kil&oacute;metros recorridos a la que equivale cada fracci&oacute;n, es decir, 7/8 de 1128 y 5/6 de 1128.</p>
]]></explanation>
        </answer>
        <answer correct="0">
          <text><![CDATA[A: 345 km y B: 455 km ]]></text>
          <explanation width="394"><![CDATA[<p>Revisa tus c&aacute;lculos.</p>
]]></explanation>
        </answer>
        <answer correct="0">
          <text><![CDATA[A: 560 km y B:456 km ]]></text>
          <explanation width="394"><![CDATA[<p>Revisa tus c&aacute;lculos.</p>
]]></explanation>
        </answer>
        <answer correct="0">
          <text><![CDATA[A: 780 km y B: 840 km]]></text>
          <explanation width="394"><![CDATA[<p>Revisa tus c&aacute;lculos.</p>
]]></explanation>
        </answer>
        <answer correct="0">
          <text><![CDATA[]]></text>
          <explanation width="394"><![CDATA[]]></explanation>
        </answer>
        <answer correct="0">
          <text><![CDATA[]]></text>
          <explanation width="394"><![CDATA[]]></explanation>
        </answer>
        <answer correct="0">
          <text><![CDATA[]]></text>
          <explanation width="394"><![CDATA[]]></explanation>
        </answer>
        <answer correct="0">
          <text><![CDATA[]]></text>
          <explanation width="394"><![CDATA[]]></explanation>
        </answer>
      </answers>
      <info path="">
        <text><![CDATA[]]></text>
      </info>
    </question>
    <question title="¿Qué diferencia hay entre las distancias recorridas por cada auto?" path="MA_09_01_CO_REC40_IMG04.jpg">
      <answers>
        <answer correct="0">
          <text><![CDATA[La diferencia es de 50 km.]]></text>
          <explanation width="394"><![CDATA[<p>Revisa tus c&aacute;lculos.</p>
]]></explanation>
        </answer>
        <answer correct="1">
          <text><![CDATA[La diferencia es de 47 km.]]></text>
          <explanation width="394"><![CDATA[<p>Al realizar la sustracci&oacute;n&nbsp;entre los dos recorridos, 987 de A y 940 de B, se obtiene 47 km.</p>
]]></explanation>
        </answer>
        <answer correct="0">
          <text><![CDATA[La diferencia es de 37 km.]]></text>
          <explanation width="394"><![CDATA[<p>Revisa tus c&aacute;lculos.</p>
]]></explanation>
        </answer>
        <answer correct="0">
          <text><![CDATA[La diferencia es de 40 km.]]></text>
          <explanation width="394"><![CDATA[<p>Revisa tus c&aacute;lculos.&nbsp;</p>
]]></explanation>
        </answer>
        <answer correct="0">
          <text><![CDATA[]]></text>
          <explanation width="394"><![CDATA[]]></explanation>
        </answer>
        <answer correct="0">
          <text><![CDATA[]]></text>
          <explanation width="394"><![CDATA[]]></explanation>
        </answer>
        <answer correct="0">
          <text><![CDATA[]]></text>
          <explanation width="394"><![CDATA[]]></explanation>
        </answer>
        <answer correct="0">
          <text><![CDATA[]]></text>
          <explanation width="394"><![CDATA[]]></explanation>
        </answer>
      </answers>
      <info path="">
        <text><![CDATA[]]></text>
      </info>
    </question>
    <question title="¿A qué velocidad por hora, en promedio, viaja cada auto si en 12 horas han recorrido el trayecto hallado? " path="MA_09_01_CO_REC40_IMG03.jpg">
      <answers>
        <answer correct="1">
          <text><![CDATA[A: 82,25 km/h y B: 78,3 km/h]]></text>
          <explanation width="394"><![CDATA[<p>Es necesario dividir el recorrido hecho por cada auto entre 12.</p>
]]></explanation>
        </answer>
        <answer correct="0">
          <text><![CDATA[A: 8225 km/h y B: 783 km/h]]></text>
          <explanation width="394"><![CDATA[<p>Revisa tus c&aacute;lculos.</p>
]]></explanation>
        </answer>
        <answer correct="0">
          <text><![CDATA[A: 8,225 km/h y B: 7,83 km/h]]></text>
          <explanation width="394"><![CDATA[<p>Revisa tus c&aacute;lculos.</p>
]]></explanation>
        </answer>
        <answer correct="0">
          <text><![CDATA[A: 82 km/h y B: 78 km/h]]></text>
          <explanation width="394"><![CDATA[<p>Revisa tus c&aacute;lculos.</p>
]]></explanation>
        </answer>
        <answer correct="0">
          <text><![CDATA[]]></text>
          <explanation width="394"><![CDATA[]]></explanation>
        </answer>
        <answer correct="0">
          <text><![CDATA[]]></text>
          <explanation width="394"><![CDATA[]]></explanation>
        </answer>
        <answer correct="0">
          <text><![CDATA[]]></text>
          <explanation width="394"><![CDATA[]]></explanation>
        </answer>
        <answer correct="0">
          <text><![CDATA[]]></text>
          <explanation width="394"><![CDATA[]]></explanation>
        </answer>
      </answers>
      <info path="">
        <text><![CDATA[]]></text>
      </info>
    </question>
    <question title="¿Cuánto tiempo transcurrirá para que los autos lleguen a su destino si mantienen la velocidad de las 12 horas?" path="MA_09_01_CO_REC40_IMG05.jpg">
      <answers>
        <answer correct="0">
          <text><![CDATA[A: 7 horas y B: 4 horas]]></text>
          <explanation width="394"><![CDATA[<p>Revisa tus c&aacute;lculos.</p>
]]></explanation>
        </answer>
        <answer correct="0">
          <text><![CDATA[A: 1 hora y B: 14 horas ]]></text>
          <explanation width="394"><![CDATA[<p>Revisa tus c&aacute;lculos.</p>
]]></explanation>
        </answer>
        <answer correct="1">
          <text><![CDATA[A: 13,71 horas y B: 14,4 horas]]></text>
          <explanation width="394"><![CDATA[<p>Se debe tomar la distancia recorrida durante las 12 horas y hacer una regla de tres: si durante 12 horas recorre una distancia <em>x</em>, cu&aacute;nto tiempo tardar&aacute; en recorrer la distancia total. Esto se hace tanto para el auto A como para el B.</p>
]]></explanation>
        </answer>
        <answer correct="0">
          <text><![CDATA[A: 1,37 horas y B: 1,4 horas ]]></text>
          <explanation width="394"><![CDATA[<p>Revisa tus c&aacute;lculos.</p>
]]></explanation>
        </answer>
        <answer correct="0">
          <text><![CDATA[]]></text>
          <explanation width="394"><![CDATA[]]></explanation>
        </answer>
        <answer correct="0">
          <text><![CDATA[]]></text>
          <explanation width="394"><![CDATA[]]></explanation>
        </answer>
        <answer correct="0">
          <text><![CDATA[]]></text>
          <explanation width="394"><![CDATA[]]></explanation>
        </answer>
        <answer correct="0">
          <text><![CDATA[]]></text>
          <explanation width="394"><![CDATA[]]></explanation>
        </answer>
      </answers>
      <info path="">
        <text><![CDATA[]]></text>
      </info>
    </question>
  </questions>
</engine>