<?xml version="1.0" encoding="iso-8859-1"?>
<metadata xmlns="urn:InfoRecurso">
  <identificador>RES-4B0858971F3D410A8BAAB81C42BC476B</identificador>
  <loid>MA_06_04_CO_Recurso130</loid>
  <titulo>Los criterios de divisibilidad</titulo>
  <descripcion>Interactivo que explica los criterios de divisibilidad</descripcion>
  <relacionado>0</relacionado>
  <tiporecurso>Recurso con ficha</tiporecurso>
  <tiempoestimado>30</tiempoestimado>
  <acciondidactica>Exposici�n</acciondidactica>
  <competencia>Competencia matem�tica</competencia>
  <tipomedia pesado="false" matricula="">Interactivo</tipomedia>
  <conceptos>
    <concepto>criterio de divisibilidad</concepto>
    <concepto>divisibilidad</concepto>
    <concepto>divisible</concepto>
  </conceptos>
</metadata>