﻿<?xml version="1.0" encoding="UTF-8"?>
<engine copy="Editorial Planeta" version="1" aprid="f1">
  <css><![CDATA[.defaultCSSBox2 {
	background: #000000;
}
.defaultCSSBox3 {
	background: #ffffff;
}
]]></css>
  <pantallas>
    <pantalla id="pantalla_5">
      <event id="onPrepare" language="DO"><![CDATA[]]></event>
      <event id="onShown" language="DO"><![CDATA[]]></event>
      <components>
        <component _type="_compRoundButton" id="roundbutton_44" x="111" y="182" width="197" height="61" alpha="1" visible="1" enabled="1" cssClass="roundTextButton" group="-1">
          <content><![CDATA[Población </br>
y muestra
 ]]></content>
          <event id="onClick" language="DO"><![CDATA[uiobject_set(rootSlider,"current",1)]]></event>
        </component>
        <component _type="_compImage" id="image_15" x="406" y="141" width="459" height="403" alpha="1" visible="1" enabled="1" cssClass="" adjustMode="4" alignMode="0" image="data/imagenes/img1.jpg" />
        <component _type="_compRichText" id="texto_126" x="78" y="55" width="794" height="105" alpha="1" visible="1" enabled="1" scrollable="1">
          <content><![CDATA[<p style="text-align:center"><span style="font-size:30px"><span style="font-family:georgia,serif">El estudio estadístico
  </span></span></p>
]]></content>
        </component>
        <component _type="_compRoundButton" id="roundbutton_10" x="111" y="292" width="197" height="61" alpha="1" visible="1" enabled="1" cssClass="roundTextButton" group="-1">
          <content><![CDATA[Agrupación </br>
de datos
 ]]></content>
          <event id="onClick" language="DO"><![CDATA[uiobject_set(rootSlider,"current",2)]]></event>
        </component>
        <component _type="_compRoundButton" id="roundbutton_11" x="111" y="402" width="197" height="61" alpha="1" visible="1" enabled="1" cssClass="roundTextButton" group="-1">
          <content><![CDATA[Variables

 ]]></content>
          <event id="onClick" language="DO"><![CDATA[uiobject_set(rootSlider,"current",3)]]></event>
        </component>
      </components>
      <animaciones>
      </animaciones>
    </pantalla>
    <pantalla id="pantalla_12">
      <event id="onPrepare" language="DO"><![CDATA[]]></event>
      <event id="onShown" language="DO"><![CDATA[]]></event>
      <components>
        <component _type="_compSlider" id="diaporama_77" x="0" y="0" width="950" height="608" alpha="1" visible="1" enabled="1" transMode="1" />
        <component _type="_compSliderNav" id="slidernav_122" x="45" y="526" width="162" height="37" alpha="1" visible="1" enabled="1" sliderId="diaporama_77" showHome="1" whiteButtons="0" mode="1" />
        <component _type="_compIconButton" id="iconbutton_34" x="46" y="526" width="37" height="37" alpha="1" visible="1" enabled="1" cssClass="iconHomeButton" group="-1">
          <event id="onClick" language="DO"><![CDATA[uiobject_set(rootSlider,"current",0)]]></event>
        </component>
      </components>
      <animaciones>
      </animaciones>
      <slider id="diaporama_77">
        <pantalla id="pantalla_17">
          <event id="onPrepare" language="DO"><![CDATA[]]></event>
          <event id="onShown" language="DO"><![CDATA[]]></event>
          <components>
            <component _type="_compRichText" id="texto_126" x="90" y="57" width="747" height="109" alpha="1" visible="1" enabled="1" scrollable="1">
              <content><![CDATA[<p style="text-align: center;"><span style="font-size:23px"><span style="font-family:verdana,geneva,sans-serif">Poblaci&oacute;n y muestra </span></span></p>
]]></content>
            </component>
            <component _type="_compImage" id="image_15" x="195" y="141" width="559" height="403" alpha="1" visible="1" enabled="1" cssClass="" adjustMode="4" alignMode="0" image="data/imagenes/img2.jpg" />
          </components>
          <animaciones>
          </animaciones>
        </pantalla>
        <pantalla id="pantalla_21">
          <event id="onPrepare" language="DO"><![CDATA[]]></event>
          <event id="onShown" language="DO"><![CDATA[]]></event>
          <components>
            <component _type="_compAnimatedGIF" id="animgif_141" x="188" y="204" width="573" height="350" alpha="1" visible="1" enabled="1" cssClass="" adjustMode="4" alignMode="0" image="data/imagenes/clip0114p.gif" anim="data/imagenes/clip0114.gif" autoplay="1" />
            <component _type="_compRichText" id="texto_126" x="107" y="57" width="764" height="164" alpha="1" visible="1" enabled="1" scrollable="1">
              <content><![CDATA[<p><span style="font-size:23px"><span style="font-family:verdana,geneva,sans-serif"><strong>La poblaci&oacute;n</strong> es el conjunto de todos los elementos que son objeto de un estudio estad&iacute;stico. Por ejemplo, queremos estudiar el di&aacute;metro de 100 bolas de billar. La poblaci&oacute;n son las 100 bolas de billar. </span></span></p>
]]></content>
            </component>
          </components>
          <animaciones>
          </animaciones>
        </pantalla>
        <pantalla id="pantalla_25">
          <event id="onPrepare" language="DO"><![CDATA[]]></event>
          <event id="onShown" language="DO"><![CDATA[]]></event>
          <components>
            <component _type="_compRichText" id="texto_126" x="107" y="57" width="764" height="164" alpha="1" visible="1" enabled="1" scrollable="1">
              <content><![CDATA[<p><span style="font-size:23px"><span style="font-family:verdana,geneva,sans-serif">Debido a que el proceso podr&iacute;a ser largo, se escoge solo una parte de la poblaci&oacute;n. En este caso, la <strong>muestra</strong> es de 15 bolas de billar. </span></span></p>
]]></content>
            </component>
            <component _type="_compImage" id="image_15" x="268" y="181" width="426" height="357" alpha="1" visible="1" enabled="1" cssClass="" adjustMode="4" alignMode="0" image="data/imagenes/img4.jpg" />
          </components>
          <animaciones>
            <anim id="Entrada"><![CDATA[{"image_15":[],"image_15.x":[{"time":0,"value":68,"easing":"Linear.EaseNone"},{"time":1.0391665649414064,"value":268,"easing":"Linear.EaseNone"}],"image_15.y":[{"time":0,"value":181,"easing":"Linear.EaseNone"}],"image_15.width":[{"time":0,"value":426,"easing":"Linear.EaseNone"}],"image_15.height":[{"time":0,"value":357,"easing":"Linear.EaseNone"}],"image_15.alpha":[{"time":0,"value":0,"easing":"Linear.EaseNone"},{"time":1.0441665649414062,"value":1,"easing":"Linear.EaseNone"}]}]]></anim>
          </animaciones>
        </pantalla>
        <pantalla id="pantalla_29">
          <event id="onPrepare" language="DO"><![CDATA[]]></event>
          <event id="onShown" language="DO"><![CDATA[]]></event>
          <components>
            <component _type="_compAnimatedGIF" id="animgif_141" x="297" y="167" width="356" height="372" alpha="1" visible="1" enabled="1" cssClass="" adjustMode="4" alignMode="0" image="data/imagenes/clip0115p.gif" anim="data/imagenes/clip0115.gif" autoplay="1" />
            <component _type="_compRichText" id="texto_126" x="107" y="57" width="764" height="102" alpha="1" visible="1" enabled="1" scrollable="1">
              <content><![CDATA[<p><span style="font-size:23px"><span style="font-family:verdana,geneva,sans-serif">El <strong>Muestreo</strong> es la t&eacute;cnica utilizada en la selecci&oacute;n de una muestra a partir de una poblaci&oacute;n.</span></span></p>
]]></content>
            </component>
          </components>
          <animaciones>
          </animaciones>
        </pantalla>
        <pantalla id="pantalla_33">
          <event id="onPrepare" language="DO"><![CDATA[]]></event>
          <event id="onShown" language="DO"><![CDATA[]]></event>
          <components>
            <component _type="_compImage" id="image_15" x="286" y="222" width="378" height="314" alpha="1" visible="1" enabled="1" cssClass="" adjustMode="4" alignMode="0" image="data/imagenes/img5.jpg" />
            <component _type="_compRichText" id="texto_126" x="107" y="57" width="764" height="86" alpha="1" visible="1" enabled="1" scrollable="1">
              <content><![CDATA[<p><span style="font-size:23px"><span style="font-family:verdana,geneva,sans-serif">Este <strong>muestreo </strong>puede ser <strong>simple</strong> o <strong>estratificado</strong>. </span></span></p>
]]></content>
            </component>
            <component _type="_compRichText" id="texto_37" x="107" y="117" width="764" height="129" alpha="1" visible="1" enabled="1" scrollable="1">
              <content><![CDATA[<p><span style="font-size:20px"><span style="font-family:verdana,geneva,sans-serif">En un <strong> muestreo aleatorio simple </strong>todos los individuos tienen la misma probabilidad de ser seleccionados. </span></span></p>
]]></content>
            </component>
          </components>
          <animaciones>
          </animaciones>
        </pantalla>
        <pantalla id="pantalla_38">
          <event id="onPrepare" language="DO"><![CDATA[]]></event>
          <event id="onShown" language="DO"><![CDATA[]]></event>
          <components>
            <component _type="_compAnimatedGIF" id="animgif_141" x="247" y="204" width="455" height="372" alpha="1" visible="1" enabled="1" cssClass="" adjustMode="4" alignMode="0" image="data/imagenes/clip0116p.gif" anim="data/imagenes/clip0116.gif" autoplay="1" />
            <component _type="_compRichText" id="texto_126" x="107" y="57" width="764" height="177" alpha="1" visible="1" enabled="1" scrollable="1">
              <content><![CDATA[<p><span style="font-size:20px"><span style="font-family:verdana,geneva,sans-serif">Es frecuente que en una <strong>poblaci&oacute;n </strong>haya, a su vez, <strong>subpoblaciones</strong>. Es necesario que en la muestra haya elementos de cada una de ellas. Por eso, en un <strong>muestreo estratificado </strong>se escogen elementos de cada subpoblaci&oacute;n.</span></span></p>
]]></content>
            </component>
            <component _type="_compIconButton" id="iconbutton_34" x="226" y="526" width="37" height="37" alpha="1" visible="1" enabled="1" cssClass="iconInfoButton" group="-1">
              <event id="onClick" language="DO"><![CDATA[popup_open("pantalla_42")]]></event>
            </component>
          </components>
          <animaciones>
          </animaciones>
        </pantalla>
      </slider>
    </pantalla>
    <pantalla id="pantalla_47">
      <event id="onPrepare" language="DO"><![CDATA[]]></event>
      <event id="onShown" language="DO"><![CDATA[]]></event>
      <components>
        <component _type="_compSlider" id="diaporama_77" x="0" y="0" width="950" height="608" alpha="1" visible="1" enabled="1" transMode="1" />
        <component _type="_compSliderNav" id="slidernav_122" x="45" y="526" width="162" height="37" alpha="1" visible="1" enabled="1" sliderId="diaporama_77" showHome="1" whiteButtons="0" mode="1" />
        <component _type="_compIconButton" id="iconbutton_34" x="46" y="526" width="37" height="37" alpha="1" visible="1" enabled="1" cssClass="iconHomeButton" group="-1">
          <event id="onClick" language="DO"><![CDATA[uiobject_set(rootSlider,"current",0)]]></event>
        </component>
      </components>
      <animaciones>
      </animaciones>
      <slider id="diaporama_77">
        <pantalla id="pantalla_52">
          <event id="onPrepare" language="DO"><![CDATA[]]></event>
          <event id="onShown" language="DO"><![CDATA[]]></event>
          <components>
            <component _type="_compImage" id="image_15" x="253" y="141" width="443" height="403" alpha="1" visible="1" enabled="1" cssClass="" adjustMode="4" alignMode="0" image="data/imagenes/img7.jpg" />
            <component _type="_compRichText" id="texto_126" x="90" y="57" width="747" height="109" alpha="1" visible="1" enabled="1" scrollable="1">
              <content><![CDATA[<p style="text-align:center"><span style="font-size:23px"><span style="font-family:verdana,geneva,sans-serif">Agrupación de datos
</span></span></p>
]]></content>
            </component>
          </components>
          <animaciones>
          </animaciones>
        </pantalla>
        <pantalla id="pantalla_56">
          <event id="onPrepare" language="DO"><![CDATA[]]></event>
          <event id="onShown" language="DO"><![CDATA[]]></event>
          <components>
            <component _type="_compRichText" id="texto_126" x="107" y="57" width="764" height="155" alpha="1" visible="1" enabled="1" scrollable="1">
              <content><![CDATA[<p><span style="font-size:23px"><span style="font-family:verdana,geneva,sans-serif">Si los elementos objeto del estudio estad&iacute;stico pueden tomar muchos valores diferentes, se agrupan formando <strong>intervalos de clases</strong>. A cada grupo, se le llama clase.</span></span></p>
]]></content>
            </component>
            <component _type="_compImage" id="image_15" x="229" y="199" width="491" height="336" alpha="1" visible="1" enabled="1" cssClass="" adjustMode="4" alignMode="0" image="data/imagenes/img8.jpg" />
          </components>
          <animaciones>
          </animaciones>
        </pantalla>
        <pantalla id="pantalla_60">
          <event id="onPrepare" language="DO"><![CDATA[]]></event>
          <event id="onShown" language="DO"><![CDATA[]]></event>
          <components>
            <component _type="_compAnimatedGIF" id="animgif_141" x="105" y="164" width="740" height="372" alpha="1" visible="1" enabled="1" cssClass="" adjustMode="4" alignMode="0" image="data/imagenes/clip0117p.gif" anim="data/imagenes/clip0117.gif" autoplay="1" />
            <component _type="_compRichText" id="texto_126" x="107" y="57" width="764" height="102" alpha="1" visible="1" enabled="1" scrollable="1">
              <content><![CDATA[<p><span style="font-size:23px"><span style="font-family:verdana,geneva,sans-serif">En cada clase, primero, se cuenta la <strong>frecuencia absoluta </strong>y, despu&eacute;s, la <strong>frecuencia relativa</strong>. </span></span></p>
]]></content>
            </component>
          </components>
          <animaciones>
          </animaciones>
        </pantalla>
      </slider>
    </pantalla>
    <pantalla id="pantalla_64">
      <event id="onPrepare" language="DO"><![CDATA[]]></event>
      <event id="onShown" language="DO"><![CDATA[]]></event>
      <components>
        <component _type="_compSlider" id="diaporama_77" x="0" y="0" width="950" height="608" alpha="1" visible="1" enabled="1" transMode="1" />
        <component _type="_compSliderNav" id="slidernav_122" x="45" y="526" width="162" height="37" alpha="1" visible="1" enabled="1" sliderId="diaporama_77" showHome="1" whiteButtons="0" mode="1" />
        <component _type="_compIconButton" id="iconbutton_34" x="46" y="526" width="37" height="37" alpha="1" visible="1" enabled="1" cssClass="iconHomeButton" group="-1">
          <event id="onClick" language="DO"><![CDATA[uiobject_set(rootSlider,"current",0)]]></event>
        </component>
      </components>
      <animaciones>
      </animaciones>
      <slider id="diaporama_77">
        <pantalla id="pantalla_69">
          <event id="onPrepare" language="DO"><![CDATA[]]></event>
          <event id="onShown" language="DO"><![CDATA[]]></event>
          <components>
            <component _type="_compImage" id="image_15" x="253" y="141" width="443" height="403" alpha="1" visible="1" enabled="1" cssClass="" adjustMode="4" alignMode="0" image="data/imagenes/img9.jpg" />
            <component _type="_compRichText" id="texto_126" x="90" y="57" width="747" height="109" alpha="1" visible="1" enabled="1" scrollable="1">
              <content><![CDATA[<p style="text-align:center"><span style="font-size:23px"><span style="font-family:verdana,geneva,sans-serif">Variables
</span></span></p>
]]></content>
            </component>
          </components>
          <animaciones>
          </animaciones>
        </pantalla>
        <pantalla id="pantalla_73">
          <event id="onPrepare" language="DO"><![CDATA[]]></event>
          <event id="onShown" language="DO"><![CDATA[]]></event>
          <components>
            <component _type="_compRichText" id="texto_126" x="107" y="57" width="757" height="226" alpha="1" visible="1" enabled="1" scrollable="1">
              <content><![CDATA[<p><span style="font-size:23px"><span style="font-family:verdana,geneva,sans-serif">Las variables estad&iacute;sticas, pueden ser <strong>cuantitativas</strong> o <strong>cualitativas</strong>.<br />
<br />
Las <strong>cuantitativas </strong>son aquellas a las que se les puede asignar un valor; por ejemplo, la altura de un &aacute;rbol. </span></span><br />
&nbsp;</p>
]]></content>
            </component>
            <component _type="_compAnimatedGIF" id="animgif_141" x="105" y="253" width="740" height="312" alpha="1" visible="1" enabled="1" cssClass="" adjustMode="4" alignMode="0" image="data/imagenes/clip0118p.gif" anim="data/imagenes/clip0118.gif" autoplay="1" />
          </components>
          <animaciones>
          </animaciones>
        </pantalla>
        <pantalla id="pantalla_77">
          <event id="onPrepare" language="DO"><![CDATA[]]></event>
          <event id="onShown" language="DO"><![CDATA[]]></event>
          <components>
            <component _type="_compImage" id="image_15" x="117" y="251" width="716" height="241" alpha="1" visible="1" enabled="1" cssClass="" adjustMode="4" alignMode="0" image="data/imagenes/img10.jpg" />
            <component _type="_compRichText" id="texto_126" x="107" y="57" width="764" height="164" alpha="1" visible="1" enabled="1" scrollable="1">
              <content><![CDATA[<p><span style="font-size:23px"><span style="font-family:verdana,geneva,sans-serif">Las variables <strong>cualitativas</strong> son aquellas a las que no se les puede asignar ning&uacute;n valor num&eacute;rico, como, por ejemplo, los colores. </span></span></p>
]]></content>
            </component>
          </components>
          <animaciones>
          </animaciones>
        </pantalla>
        <pantalla id="pantalla_81">
          <event id="onPrepare" language="DO"><![CDATA[]]></event>
          <event id="onShown" language="DO"><![CDATA[]]></event>
          <components>
            <component _type="_compImage" id="image_15" x="221" y="171" width="507" height="357" alpha="1" visible="1" enabled="1" cssClass="" adjustMode="4" alignMode="0" image="data/imagenes/img11.jpg" />
            <component _type="_compRichText" id="texto_126" x="107" y="57" width="764" height="164" alpha="1" visible="1" enabled="1" scrollable="1">
              <content><![CDATA[<p><span style="font-size:23px"><span style="font-family:verdana,geneva,sans-serif">Dentro de las variables cuantitativas, se pueden distinguir las <strong>variables discretas</strong> y las <strong>continuas</strong>. </span></span></p>
]]></content>
            </component>
          </components>
          <animaciones>
          </animaciones>
        </pantalla>
        <pantalla id="pantalla_85">
          <event id="onPrepare" language="DO"><![CDATA[]]></event>
          <event id="onShown" language="DO"><![CDATA[]]></event>
          <components>
            <component _type="_compAnimatedGIF" id="animgif_141" x="216" y="167" width="518" height="372" alpha="1" visible="1" enabled="1" cssClass="" adjustMode="4" alignMode="0" image="data/imagenes/clip0119p.gif" anim="data/imagenes/clip0119.gif" autoplay="1" />
            <component _type="_compRichText" id="texto_126" x="107" y="57" width="764" height="102" alpha="1" visible="1" enabled="1" scrollable="1">
              <content><![CDATA[<p><span style="font-size:23px"><span style="font-family:verdana,geneva,sans-serif">Por ejemplo, el n&uacute;mero de personas es una variable discreta ya que solo puede tomar valores enteros. </span></span></p>
]]></content>
            </component>
          </components>
          <animaciones>
          </animaciones>
        </pantalla>
        <pantalla id="pantalla_89">
          <event id="onPrepare" language="DO"><![CDATA[]]></event>
          <event id="onShown" language="DO"><![CDATA[]]></event>
          <components>
            <component _type="_compAnimatedGIF" id="animgif_141" x="282" y="159" width="386" height="417" alpha="1" visible="1" enabled="1" cssClass="" adjustMode="4" alignMode="0" image="data/imagenes/clip0121p.gif" anim="data/imagenes/clip0121.gif" autoplay="1" />
            <component _type="_compRichText" id="texto_126" x="107" y="57" width="764" height="102" alpha="1" visible="1" enabled="1" scrollable="1">
              <content><![CDATA[<p><span style="font-size:23px"><span style="font-family:verdana,geneva,sans-serif">Un ejemplo de <strong>variable continua</strong> es el peso de alguna cosa, ya que el peso puede tener cualquier valor decimal. </span></span></p>
]]></content>
            </component>
            <component _type="_compIconButton" id="iconbutton_34" x="226" y="526" width="37" height="37" alpha="1" visible="1" enabled="1" cssClass="iconInfoButton" group="-1">
              <event id="onClick" language="DO"><![CDATA[popup_open("pantalla_93")]]></event>
            </component>
          </components>
          <animaciones>
          </animaciones>
        </pantalla>
      </slider>
    </pantalla>
  </pantallas>
  <popups>
    <pantalla id="pantalla_42">
      <event id="onPrepare" language="DO"><![CDATA[]]></event>
      <event id="onShown" language="DO"><![CDATA[]]></event>
      <components>
        <component _type="_compCSSBox" id="fondo_46" x="91" y="0" width="859" height="608" alpha="1" visible="1" enabled="1" cssClass="defaultCSSBox3" />
        <component _type="_compIconButton" id="iconbutton_40" x="868" y="45" width="37" height="37" alpha="1" visible="1" enabled="1" cssClass="iconCloseButton" group="-1">
          <event id="onClick" language="DO"><![CDATA[popup_close()]]></event>
        </component>
        <component _type="_compRichText" id="texto_126" x="107" y="57" width="738" height="177" alpha="1" visible="1" enabled="1" scrollable="1">
          <content><![CDATA[<p><span style="font-size:20px"><span style="font-family:verdana,geneva,sans-serif">Para realizar un <strong>muestreo simple </strong>se emplean programas inform&aacute;ticos, que generan n&uacute;meros aleatorios comprendidos entre el 0 y el 1. Si se multiplican estos n&uacute;meros por el tama&ntilde;o de la poblaci&oacute;n, se sabr&aacute; los elementos que se pueden escoger de dicha poblaci&oacute;n.</span></span></p>
]]></content>
        </component>
        <component _type="_compImage" id="image_15" x="250" y="204" width="450" height="349" alpha="1" visible="1" enabled="1" cssClass="" adjustMode="4" alignMode="0" image="data/imagenes/img6.jpg" />
        <component _type="_compCSSBox" id="fondo_198" x="0" y="453" width="191" height="153" alpha="1" visible="1" enabled="1" cssClass="defaultCSSBox3" />
      </components>
      <animaciones>
      </animaciones>
    </pantalla>
    <pantalla id="pantalla_93">
      <event id="onPrepare" language="DO"><![CDATA[]]></event>
      <event id="onShown" language="DO"><![CDATA[]]></event>
      <components>
        <component _type="_compCSSBox" id="fondo_46" x="99" y="0" width="851" height="608" alpha="1" visible="1" enabled="1" cssClass="defaultCSSBox3" />
        <component _type="_compRichText" id="texto_126" x="123" y="57" width="717" height="300" alpha="1" visible="1" enabled="1" scrollable="1">
          <content><![CDATA[<p><span style="font-size:20px"><span style="font-family:verdana,geneva,sans-serif">Entre dos valores de una variable continua siempre se puede encontrar otro. Por ejemplo, si dos alumnos miden 1,70 m y 1,75 m, respectivamente, otro puede medir 1,73 m, por ejemplo.<br />
<br />
En este tipo de medidas nunca se puede saber el valor de la variable de manera exacta. Siempre se produce un peque&ntilde;o error, que depende de la fiabilidad del instrumento de medida que se emplee, de las condiciones ambientales, etc.</span></span></p>
]]></content>
        </component>
        <component _type="_compIconButton" id="iconbutton_40" x="868" y="45" width="37" height="37" alpha="1" visible="1" enabled="1" cssClass="iconCloseButton" group="-1">
          <event id="onClick" language="DO"><![CDATA[popup_close()]]></event>
        </component>
        <component _type="_compImage" id="image_15" x="250" y="305" width="450" height="283" alpha="1" visible="1" enabled="1" cssClass="" adjustMode="4" alignMode="0" image="data/imagenes/img12.jpg" />
        <component _type="_compCSSBox" id="fondo_199" x="22" y="442" width="153" height="70" alpha="1" visible="1" enabled="1" cssClass="defaultCSSBox3" />
        <component _type="_compCSSBox" id="fondo_198" x="0" y="453" width="191" height="153" alpha="1" visible="1" enabled="1" cssClass="defaultCSSBox3" />
      </components>
      <animaciones>
      </animaciones>
    </pantalla>
  </popups>
</engine>