﻿<?xml version="1.0" encoding="UTF-8"?>
<motor tipo="101" clase="a" aprid="M101a">
  <plataforma>
    <grado><![CDATA[2]]></grado>
    <titulo>Refuerza tu aprendizaje: Las medidas de posición</titulo>
    <area>3</area>
    <nivel>2</nivel>
    <referencia><![CDATA[MT_10_10]]></referencia>
    <idreg><![CDATA[4786]]></idreg>
    <motor><![CDATA[M101A]]></motor>
    <lang>es</lang>
  </plataforma>
  <enunciado><![CDATA[Realiza la siguiente actividad. Cuando termines haz clic en Enviar. Si es necesario, entrega las respuestas en mano o por email a tu profesor para que pueda validarlas.]]></enunciado>
  <masinfo inicio="0" />
  <calc>1</calc>
  <preguntas cantidad="6">
    <pregunta>
      <enunciado><![CDATA[Pon un ejemplo de unos datos estadísticos donde la mediana sea 3 libros. ]]></enunciado>
      <explicacion />
      <nivel><![CDATA[1]]></nivel>
      <tipo />
      <imagen />
      <ampliacion />
    </pregunta>
    <pregunta>
      <enunciado><![CDATA[Indica cuáles son las medidas de posición y de dispersión más utilizadas y cómo se calculan. ]]></enunciado>
      <explicacion />
      <nivel><![CDATA[2]]></nivel>
      <tipo />
      <imagen />
      <ampliacion />
    </pregunta>
    <pregunta>
      <enunciado><![CDATA[Explica cómo se calculan los valores no centrales más utilizados. ]]></enunciado>
      <explicacion />
      <nivel><![CDATA[2]]></nivel>
      <tipo />
      <imagen />
      <ampliacion />
    </pregunta>
    <pregunta>
      <enunciado><![CDATA[Describe qué es un diagrama de cajas y explica cómo se elabora. ]]></enunciado>
      <explicacion />
      <nivel><![CDATA[2]]></nivel>
      <tipo />
      <imagen />
      <ampliacion />
    </pregunta>
    <pregunta>
      <enunciado><![CDATA[Determina los valores centrales de las horas trabajadas por un grupo de operarios en una semana y explica paso a paso como lo has resuelto:
Horas trabajadas: 12, 41, 23, 40, 37, 38, 40, 29, 24, 40, 50, 47, 42, 55, 40.

]]></enunciado>
      <explicacion><![CDATA[SOLUCIÓN: la media aritmética es 37,2, la mediana es 40 y la moda 40.]]></explicacion>
      <nivel><![CDATA[3]]></nivel>
      <tipo />
      <imagen />
      <ampliacion />
    </pregunta>
    <pregunta>
      <enunciado><![CDATA[Realiza un diagrama de cajas con el número de páginas de los libros leídos por un grupo de personas. Razona tu respuesta. 
Número de páginas de cada libro: 456, 274, 352, 73, 464, 756, 29, 245, 659, 436, 270, 317, 265, 146, 452, 365, 381.
]]></enunciado>
      <explicacion />
      <nivel><![CDATA[3]]></nivel>
      <tipo />
      <imagen />
      <ampliacion />
    </pregunta>
  </preguntas>
</motor>