<?xml version='1.0' encoding='UTF-8'?><engine copy="Editorial Planeta" version="1" aprid="f13" title="Competencias: análisis de una noticia" >
<section title="Presentación" path="mtp_10_10_lm_rec330_img01_small.jpg" pathAmp="mtp_10_10_lm_rec330_img01_zoom.jpg" image1Text="" zoom1="true" zoom2a="false" zoom2b="false" layout="0" >
<![CDATA[
<p>La estad&iacute;stica es una ciencia que nos ayuda a comprender el mundo que nos rodea. En la prensa muchas veces encontramos gr&aacute;ficos estad&iacute;sticos que nos permiten entender y analizar alg&uacute;n tema concreto m&aacute;s claramente.</p>

<p><strong>El objetivo de esta pr&aacute;ctica es que interpretes un gr&aacute;fico estad&iacute;stico extra&iacute;do de un peri&oacute;dico y que lo analices y saques tus propias conclusiones.</strong></p>
]]></section>
<section title="Tarea" path="mtp_10_10_lm_rec330_img02_small.jpg" pathAmp="mtp_10_10_lm_rec330_img02_zoom.jpg" image1Text="" zoom1="true" zoom2a="false" zoom2b="false" layout="1" >
<![CDATA[
<p>Para realizar esta tarea revisa el material que te indicamos y sigue los pasos del procedimiento.</p>

<p><strong>Material:</strong></p>

<ul>
	<li><a href="http://www.elmundo.es/grafico/economia/2015/03/08/54fb5bbeca4741c5048b456f.html" target="_blank">Gr&aacute;fico de la brecha salarial.</a></li>
</ul>

<p><strong>Procedimiento:</strong></p>

<p>1.&ordm; En el gr&aacute;fico propuesto se puede observar la brecha salarial entre hombres y mujeres en las distintas comunidades aut&oacute;nomas y en distintos a&ntilde;os. Obs&eacute;rvalo con atenci&oacute;n y contesta las siguientes preguntas:</p>

<p style="margin-left: 40px;">a) Indica qu&eacute; comunidades tienen una brecha salarial de m&aacute;s de 7.000 &euro; en cada a&ntilde;o.</p>

<p style="margin-left: 40px;">b) Indica qu&eacute; comunidades tienen una brecha salarial de m&aacute;s de 2.000 &euro; pero menos de 5.000 &euro; en cada a&ntilde;o.</p>

<p>2.&ordm; Elabora un gr&aacute;fico con los salarios de hombres y mujeres de tu comunidad aut&oacute;noma. Puedes pintar la columna de los hombres de un color y la de las mujeres de otro para que se vea bien la diferencia.</p>

<p>3.&ordm; &iquest;Qu&eacute; conclusiones puedes sacar con los datos obtenidos? &iquest;Hay igualdad entre hombres y mujeres? &iquest;Qu&eacute; medidas crees que se pueden tomar al respeto?</p>

<p>&nbsp;</p>

<p>&nbsp;</p>
]]></section>
</engine>