<?xml version="1.0" encoding="UTF-8"?>
<engine title="Determinación de tablas de frecuencia" copy="Editorial Planeta" version="1" aprid="F13">
  <section title="Presentación" zoom1="false" zoom2a="false" zoom2b="false" layout="2"><![CDATA[<TextFlow><p><span>Las tablas de frecuencia son muy útiles para presentar información clara y concisa. Por este motivo aprenderemos a transformar los resultados obtenidos en una encuesta en una tabla de frecuencias.</span></p><p><span></span></p><p><span>Recordemos cuáles son los elementos de la tabla de frecuencias:</span></p><p><span></span></p><p paragraphStartIndent="20" styleName="bullet"><span>La frecuencia absoluta </span><span fontSize="12">(</span><span fontSize="12" fontStyle="italic">f</span><span baselineShift="-40%" fontSize="9.600000000000001" fontStyle="italic">i</span><span fontSize="12">)</span><span fontSize="12" fontStyle="italic"> </span><span>es el número total de veces que se repite un valor. </span></p><p paragraphStartIndent="20" styleName="bullet"><span>La frecuencia relativa</span><span fontSize="12" fontStyle="italic"> </span><span fontSize="12">(</span><span fontSize="12" fontStyle="italic">h</span><span baselineShift="-40%" fontSize="9.600000000000001" fontStyle="italic">i</span><span fontSize="12">)</span><span> es el cociente entre la frecuencia absoluta (</span><span fontSize="12" fontStyle="italic">f</span><span baselineShift="-40%" fontSize="9.600000000000001" fontStyle="italic">i</span><span>) de un valor y el número total de individuos que intervienen (</span><span fontSize="12" fontStyle="italic">N</span><span>). </span></p><p paragraphStartIndent="20" styleName="bullet"><span>La frecuencia absoluta acumulada </span><span fontSize="12">(</span><span fontSize="12" fontStyle="italic">F</span><span baselineShift="-40%" fontSize="9.600000000000001" fontStyle="italic">i</span><span fontSize="12"> )</span><span fontSize="12" fontStyle="italic"> </span><span>de un valor es la suma de las frecuencias absolutas (</span><span fontSize="12" fontStyle="italic">f</span><span baselineShift="-40%" fontSize="9.600000000000001" fontStyle="italic">i</span><span fontSize="12" fontStyle="italic">)</span><span> de los valores menores o iguales a él (solo tiene sentido para variables estadísticas cuantitativas). </span></p><p paragraphStartIndent="20" styleName="bullet"><span>La frecuencia relativa acumulada </span><span fontSize="12">(</span><span fontSize="12" fontStyle="italic">H</span><span baselineShift="-40%" fontSize="9.600000000000001" fontStyle="italic">i</span><span fontSize="12">)</span><span> de un valor es el cociente entre la frecuencia absoluta acumulada (</span><span fontSize="12" fontStyle="italic">F</span><span baselineShift="-40%" fontSize="9.600000000000001" fontStyle="italic">i</span><span> ) y el número de individuos del estudio (</span><span fontSize="12" fontStyle="italic">N)</span><span>. O, lo que es lo mismo, es la suma de las frecuencias relativas (</span><span fontSize="12" fontStyle="italic">h</span><span baselineShift="-40%" fontSize="9.600000000000001" fontStyle="italic">i</span><span fontSize="12" fontStyle="italic">)</span><span> de los valores menores o iguales a él.</span></p><p><span></span></p><p><span fontSize="12" fontWeight="bold">El objetivo es que completen la tabla de frecuencia con la información obtenida de la encuesta.</span></p><p><span></span></p><p><span>Antes de realizar la actividad, responde estas preguntas:</span></p><p><span></span></p><p><span>• ¿Sabes a qué equivale la frecuencia relativa? </span></p><p><span>• ¿Cuánto deben sumar en total todas las frecuencias relativas?</span></p><p><span>•¿Cómo se calcula </span><span fontSize="12" fontStyle="italic">N</span><span>?</span></p><p><span></span></p></TextFlow>]]></section>
  <section title="Tarea" path="medias/section1.jpg" image1Text="" zoom1="true" zoom2a="false" zoom2b="false" layout="0"><![CDATA[<TextFlow><p><span>Se ha preguntado a 50 alumnos el número de piezas de fruta que comen a diario. Las respuesta han sido:</span></p><p><span></span></p><p><span>0, 1, 0, 2, 0, 1, 0, 3, 0, 1, 0, 4, 2, 0, 0, 1, 0, 3, 0, 1, 0, 2, 0, 3, 1, 0, 1, 1, 0, 0, 2, 0, 0, 2, 0, 3, 1, 0, 1, 0, 0, 1, 0, 1, 2, 0, 0, 1, 2, 0.</span></p><p><span></span></p><p><span>Copia la tabla de la imagen y completa los valores de las frecuencias, teniendo en cuenta los resultados anteriores y lo que se propone en los siguientes pasos:</span></p><p><span></span></p><p><span>1.º Determina cuánto vale </span><span fontSize="12" fontStyle="italic">N</span><span>.</span></p><p><span></span></p><p><span>2.º Escribe la frecuencia absoluta </span><span fontSize="12">(</span><span fontSize="12" fontStyle="italic">f</span><span baselineShift="-40%" fontSize="9.600000000000001" fontStyle="italic">i</span><span fontSize="12">)</span><span> para cada valor.</span></p><p><span></span></p><p><span>3.º Calcula la frecuencia relativa (</span><span fontSize="12" fontStyle="italic">h</span><span baselineShift="-40%" fontSize="9.600000000000001" fontStyle="italic">i</span><span>= </span><span fontSize="12" fontStyle="italic">f</span><span baselineShift="-40%" fontSize="9.600000000000001" fontStyle="italic">i</span><span>/</span><span fontSize="12" fontStyle="italic">N</span><span>) y exprésalo en tanto por uno y, al lado, en tanto por ciento.</span></p><p><span></span></p><p><span>4.º Determina la frecuencia absoluta acumulada </span><span fontSize="12">(</span><span fontSize="12" fontStyle="italic">F</span><span baselineShift="-40%" fontSize="9.600000000000001" fontStyle="italic">i</span><span fontSize="12">)</span><span fontSize="12" fontStyle="italic"> </span><span>para cada valor. ¿Cuánto te da en el último valor?</span></p><p><span></span></p><p><span>5.º Calcula la frecuencia relativa acumulada </span><span fontSize="12">(</span><span fontSize="12" fontStyle="italic">H</span><span baselineShift="-40%" fontSize="9.600000000000001" fontStyle="italic">i</span><span fontSize="12">)</span><span>. ¿Cuánto da para el último valor? ¿Esto pasa en todas las tablas de frecuencia o solo en esta?</span></p><p><span></span></p><p><span>6.º Si calculamos la frecuencia relativa acumulada de los tantos por ciento, ¿cuál es el último valor?</span></p><p><span></span></p></TextFlow>]]></section>
</engine>
