﻿<?xml version="1.0" encoding="UTF-8"?>
<motor tipo="5" clase="a" aprid="M5a">
  <plataforma>
    <grado><![CDATA[2]]></grado>
    <titulo>Ejercita las medidas de posición central</titulo>
    <area>3</area>
    <nivel><![CDATA[1]]></nivel>
    <referencia><![CDATA[MT_10_10_03]]></referencia>
    <idreg><![CDATA[849]]></idreg>
    <motor><![CDATA[M5A]]></motor>
    <lang>es</lang>
  </plataforma>
  <enunciado><![CDATA[Calcula las medidas de posición central que se piden en cada ejercicio.]]></enunciado>
  <masinfo inicio="0" />
  <sinaleatoriedad><![CDATA[0]]></sinaleatoriedad>
  <calc>1</calc>
  <respuestaunica><![CDATA[1]]></respuestaunica>
  <test cantidad="6">
    <cuestion>
      <enunciado><![CDATA[Calcula la moda de la distribución estadística que viene dada por la siguiente tabla:]]></enunciado>
      <explicacion />
      <imagen><![CDATA[MTB_10_10_03_01-286.jpg]]></imagen>
      <ampliacion><![CDATA[MTB_10_10_03_01g.jpg]]></ampliacion>
      <respuestas>
        <respuesta contestacion="2" correcta="1" />
        <respuesta contestacion="4" correcta="0" />
        <respuesta contestacion="5" correcta="0" />
        <respuesta contestacion="6" correcta="0" />
      </respuestas>
    </cuestion>
    <cuestion>
      <enunciado><![CDATA[Calcula la media aritmética de la distribución estadística que viene dada por la siguiente tabla:]]></enunciado>
      <explicacion />
      <imagen><![CDATA[MTB_10_10_03_02-286.jpg]]></imagen>
      <ampliacion><![CDATA[MTB_10_10_03_02g.jpg]]></ampliacion>
      <respuestas>
        <respuesta contestacion="3,27" correcta="1" />
        <respuesta contestacion="3" correcta="0" />
        <respuesta contestacion="4,5" correcta="0" />
        <respuesta contestacion="5,65" correcta="0" />
      </respuestas>
    </cuestion>
    <cuestion>
      <enunciado><![CDATA[Calcula la mediana de la distribución estadística que viene dada por la siguiente tabla:]]></enunciado>
      <explicacion />
      <imagen><![CDATA[MTB_10_10_03_03-286.jpg]]></imagen>
      <ampliacion><![CDATA[MTB_10_10_03_03g.jpg]]></ampliacion>
      <respuestas>
        <respuesta contestacion="3" correcta="1" />
        <respuesta contestacion="2" correcta="0" />
        <respuesta contestacion="9" correcta="0" />
        <respuesta contestacion="5" correcta="0" />
      </respuestas>
    </cuestion>
    <cuestion>
      <enunciado><![CDATA[Halla la moda de la siguiente serie de datos:]]></enunciado>
      <explicacion />
      <imagen><![CDATA[MTB_10_10_03_04-286.jpg]]></imagen>
      <ampliacion><![CDATA[MTB_10_10_03_04.jpg]]></ampliacion>
      <respuestas>
        <respuesta contestacion="5" correcta="1" />
        <respuesta contestacion="9" correcta="0" />
        <respuesta contestacion="6" correcta="0" />
        <respuesta contestacion="4" correcta="0" />
      </respuestas>
    </cuestion>
    <cuestion>
      <enunciado><![CDATA[Halla la mediana de la siguiente serie de datos:]]></enunciado>
      <explicacion />
      <imagen><![CDATA[MTB_10_10_03_05-286.jpg]]></imagen>
      <ampliacion><![CDATA[MTB_10_10_03_05.jpg]]></ampliacion>
      <respuestas>
        <respuesta contestacion="5" correcta="1" />
        <respuesta contestacion="3" correcta="0" />
        <respuesta contestacion="9" correcta="0" />
        <respuesta contestacion="4" correcta="0" />
      </respuestas>
    </cuestion>
    <cuestion>
      <enunciado><![CDATA[Halla la media aritmética de la siguiente serie de datos:]]></enunciado>
      <explicacion />
      <imagen><![CDATA[MTB_10_10_03_06-286.jpg]]></imagen>
      <ampliacion><![CDATA[MTB_10_10_03_06.jpg]]></ampliacion>
      <respuestas>
        <respuesta contestacion="5,8" correcta="1" />
        <respuesta contestacion="4,75" correcta="0" />
        <respuesta contestacion="6" correcta="0" />
        <respuesta contestacion="4" correcta="0" />
      </respuestas>
    </cuestion>
  </test>
</motor>