﻿<?xml version="1.0" encoding="utf-8"?><engine copy="Editorial Planeta" version="1" aprid="f4"><main title="Repaso de las ecuaciones de primer grado" path="image_12.jpg" buttonsHeight="53"></main><questions respCorrecta="Respuesta correcta." respIncorrecta="Respuesta incorrecta."><question title="¿Cuál de estas dos expresiones matemáticas es una igualdad?" path="image_22.jpg"><answers><answer correct="0"><text><![CDATA[<span style="font-size:16px">6x + x ˜ 2x + 11</span>]]></text><explanation width="394"><![CDATA[<p>&nbsp;</p>

<p>Identifica qu&eacute; falta en la expresi&oacute;n para que sea una igualdad.</p>
]]></explanation></answer><answer correct="1"><text><![CDATA[<span style="font-size:16px">12 - 3x = 6 - x</span>]]></text><explanation width="600"><![CDATA[<p>La expresi&oacute;n matem&aacute;tica 12 - 3<em><span style="font-family:verdana,geneva,sans-serif">x</span></em> = 6 - <em>x</em> es una igualdad.</p>

<p>Una <strong>igualdad </strong>se compone de <strong>dos expresiones matem&aacute;ticas unidas</strong> por el <strong>signo igual</strong>.</p>

<p>&nbsp;</p>
]]></explanation></answer><answer correct="0"><text><![CDATA[]]></text><explanation width="394"><![CDATA[]]></explanation></answer><answer correct="0"><text><![CDATA[]]></text><explanation width="394"><![CDATA[]]></explanation></answer><answer correct="0"><text><![CDATA[]]></text><explanation width="394"><![CDATA[]]></explanation></answer><answer correct="0"><text><![CDATA[]]></text><explanation width="394"><![CDATA[]]></explanation></answer><answer correct="0"><text><![CDATA[]]></text><explanation width="394"><![CDATA[]]></explanation></answer><answer correct="0"><text><![CDATA[]]></text><explanation width="394"><![CDATA[]]></explanation></answer></answers><info path=""><text><![CDATA[]]></text></info></question><question title="¿Cuál de las siguientes igualdades es una identidad?" path="image_22.jpg"><answers><answer correct="0"><text><![CDATA[<span style="font-size:12px">2x + 1 = 2 · (x + 1)</span>]]></text><explanation width="394"><![CDATA[<p>&nbsp;</p>

<p>Para identificar si una igualdad <strong>no</strong> es una identidad, basta con encontrar al menos un valor para <em><strong>x </strong></em>que haga que la igualdad no sea cierta.</p>
]]></explanation></answer><answer correct="1"><text><![CDATA[<span style="font-size:12px">2x + 2 = 2 · (x + 1)</span>]]></text><explanation width="600"><![CDATA[<p>Una <strong>identidad </strong>es una <strong>igualdad </strong>que es <strong>cierta para cualquier valor de sus letras</strong>.</p>

<p>2<em>x</em> + 2 = 2 &middot; (<em>x</em> + 1)<br />
2<em>x</em> + 2 = 2<em>x</em> + 2</p>

<p>En particular, si <em>x</em> = 0, 2 = 2.</p>
]]></explanation></answer><answer correct="0"><text><![CDATA[]]></text><explanation width="394"><![CDATA[]]></explanation></answer><answer correct="0"><text><![CDATA[]]></text><explanation width="394"><![CDATA[]]></explanation></answer><answer correct="0"><text><![CDATA[]]></text><explanation width="394"><![CDATA[]]></explanation></answer><answer correct="0"><text><![CDATA[]]></text><explanation width="394"><![CDATA[]]></explanation></answer><answer correct="0"><text><![CDATA[]]></text><explanation width="394"><![CDATA[]]></explanation></answer><answer correct="0"><text><![CDATA[]]></text><explanation width="394"><![CDATA[]]></explanation></answer></answers><info path=""><text><![CDATA[]]></text></info></question><question title="¿Cuál es la solución de esta ecuación: 3x + 5 = 17?" path="image_22.jpg"><answers><answer correct="1"><text><![CDATA[x = 4]]></text><explanation width="600"><![CDATA[<p><span style="font-size:18px"><span style="font-family:verdana,geneva,sans-serif">Una <strong>ecuaci&oacute;n </strong>es una <strong>igualdad que se cumple</strong> para <strong>algunos valores de sus letras</strong>.</span></span></p>

<p style="text-align:center"><span style="font-size:18px"><span style="font-family:verdana,geneva,sans-serif">3<em>x</em> + 5 = 17</span></span></p>

<p style="text-align:center"><span style="font-size:18px"><span style="font-family:verdana,geneva,sans-serif">3<em>x</em> = 17 - 5</span></span></p>

<p style="text-align:center"><span style="font-size:18px"><span style="font-family:verdana,geneva,sans-serif">3<em>x</em> = 12</span></span></p>

<p style="text-align:center"><span style="font-size:18px"><span style="font-family:verdana,geneva,sans-serif"><em>x</em> = 12 &divide; 3</span></span></p>

<p style="text-align:center"><span style="font-size:18px"><span style="font-family:verdana,geneva,sans-serif"><em>x</em> = 4</span></span></p>
]]></explanation></answer><answer correct="0"><text><![CDATA[x = 1]]></text><explanation width="394"><![CDATA[<p>&nbsp;</p>

<p>Recuerda la propiedad uniforme para igualdades, que permite encontrar el valor de <em>x</em>.</p>
]]></explanation></answer><answer correct="0"><text><![CDATA[]]></text><explanation width="394"><![CDATA[]]></explanation></answer><answer correct="0"><text><![CDATA[]]></text><explanation width="394"><![CDATA[]]></explanation></answer><answer correct="0"><text><![CDATA[]]></text><explanation width="394"><![CDATA[]]></explanation></answer><answer correct="0"><text><![CDATA[]]></text><explanation width="394"><![CDATA[]]></explanation></answer><answer correct="0"><text><![CDATA[]]></text><explanation width="394"><![CDATA[]]></explanation></answer><answer correct="0"><text><![CDATA[]]></text><explanation width="394"><![CDATA[]]></explanation></answer></answers><info path=""><text><![CDATA[]]></text></info></question><question title="¿Cuál es el grado de la ecuación 5x = 8x - 15?" path="image_22.jpg"><answers><answer correct="1"><text><![CDATA[Grado 1]]></text><explanation width="600"><![CDATA[<p>El <strong>grado</strong> de una ecuaci&oacute;n es <strong>el mayor de los grados de los monomios </strong>que la forman.</p>

<p>Se clasifican en:</p>

<p>Ecuaci&oacute;n de <strong>primer grado</strong><br />
5<em>x</em> + 3 = 2<em>x</em> + 1</p>

<p>Ecuaci&oacute;n de <strong>segundo grado</strong><br />
5<em>x</em> + 3 = 2<em>x</em><sup>2</sup> + <em>x</em></p>

<p>Ecuaci&oacute;n de <strong>tercer grado</strong><br />
5<em>x</em><sup>3</sup> + 3 = 2x + <em>x</em><sup>2</sup></p>

<p>Ecuaci&oacute;n de <strong>cuarto grado</strong><br />
5<em>x</em><sup>3</sup> + 3 = 2<em>x</em><sup>4</sup> + 1</p>
]]></explanation></answer><answer correct="0"><text><![CDATA[Grado 2]]></text><explanation width="394"><![CDATA[<p>&nbsp;</p>

<p>Recuerda que el grado no depende de la cantidad de t&eacute;rminos que hay en una igualdad.</p>
]]></explanation></answer><answer correct="0"><text><![CDATA[]]></text><explanation width="394"><![CDATA[]]></explanation></answer><answer correct="0"><text><![CDATA[]]></text><explanation width="394"><![CDATA[]]></explanation></answer><answer correct="0"><text><![CDATA[]]></text><explanation width="394"><![CDATA[]]></explanation></answer><answer correct="0"><text><![CDATA[]]></text><explanation width="394"><![CDATA[]]></explanation></answer><answer correct="0"><text><![CDATA[]]></text><explanation width="394"><![CDATA[]]></explanation></answer><answer correct="0"><text><![CDATA[]]></text><explanation width="394"><![CDATA[]]></explanation></answer></answers><info path=""><text><![CDATA[]]></text></info></question></questions></engine>