﻿<?xml version="1.0" encoding="UTF-8"?>
<?xml-stylesheet href="cuadernoestudio/dtd/libro.xslt" type="text/xsl"?>
<!--Arbortext, Inc., 1988-2015, v.4002-->
<!DOCTYPE libro SYSTEM "cuadernoestudio/dtd/libro.dtd">
<libro id="MA_10_04_CO">
<libroTitulo>Las identidades y las ecuaciones trigonométricas</libroTitulo><?Pub
Caret -1?>
<seccion1 id="S1_MA_10_04_CO_E46D602A5DB34F45B81633A0807FD12E">
<seccion1Titulo>Las identitades trigonométricas</seccion1Titulo>
<seccion1Texto>
<p>En matemáticas una <negrita>identidad</negrita> es una igualdad
verdadera para cualquier valor de la variable involucrada en la expresión. </p>
<p>Por ejemplo, las siguientes expresiones se pueden verificar para
cualquier número y por lo tanto son identidades:</p>
<p centrado="si">(<cursiva>a</cursiva> + <cursiva>b</cursiva>)<superindice
>2</superindice> = <cursiva>a</cursiva><superindice>2</superindice
> + 2<cursiva>ab</cursiva> + <cursiva>b</cursiva><superindice>2</superindice
> </p>
<p centrado="si"><cursiva>a</cursiva><superindice>2</superindice> – <cursiva
>b</cursiva><superindice>2</superindice> = (<cursiva>a</cursiva> + <cursiva
>b</cursiva>) (<cursiva>a</cursiva> – <cursiva>b</cursiva>)</p>
<p>Estas dos expresiones son identidades comunes en el uso del álgebra;
en trigonometría también es posible plantear expresiones que sean
válidas para cualquier ángulo, estas expresiones reciben el nombre
de <negrita>identidades trigonométricas</negrita>.</p>
<destacado><destacadoTitulo>Las identidades trigonométricas</destacadoTitulo>
<destacadoTexto>
<p>Una <negrita>identidad trigonometrica</negrita> es una expresión
que involucra funciones trigonométricas y que es válida para cualquier
ángulo.</p>
</destacadoTexto></destacado>
<p>Dentro del estudio de la trigonometría se trabajan dos nociones
fundamentales:</p>
<listaSinNumerar>
<listaElemento>Las identidades que han sido definidas y que no requieren
ser demostradas, estas se conocen como identidades fundamentales.</listaElemento>
<listaElemento>Las identidades que deben ser demostradas, estas se
trabajan a partir de las identidades fundamentales. </listaElemento>
</listaSinNumerar>
<profundiza>
<enlace
destino="/LoIdRedirect.aspx?LoId=MA_10_04_CO_Recurso010&amp;IdRecurso=RES-ADD8C9CD2BC84A3EB7E559B80C0BB3EF"
>Identidades trigonométricas</enlace>
</profundiza><seccion2
id="S2_MA_10_04_CO_CDE8B126F2614BE38D6B7FE955384BA4">
<seccion2Titulo>Las identidades fundamentales</seccion2Titulo>
<seccion2Texto>
<p>Se denominan <negrita>identidades fundamentales</negrita> aquellas
que comúnmente no requieren ser demostradas pero que son usadas para
demostrar otras identidades. </p>
<p>Se pueden organizar en:</p>
<listaSinNumerar>
<listaElemento>identidades recíprocas</listaElemento>
<listaElemento>identidades que son razón de dos funciones</listaElemento>
<listaElemento>identidades pitagóricas</listaElemento>
</listaSinNumerar>
<p> Las<negrita> identidades recíprocas</negrita> son aquellas que
se pueden inferir a partir de las definiciones de las funciones trigonométricas,
estas son:</p>
<formula alineacion="centrada" src="MA_10_04_CO_01.gif"></formula>
<formula alineacion="centrada" src="MA_10_04_CO_02.gif"></formula>
<formula alineacion="centrada" src="MA_10_04_CO_03.gif"></formula>
<p>Las <negrita>identidades que son razón de dos funciones</negrita
>, también son conocidas como identidades cocientes, estas se establecen
a partir de la definición las funciones trigonométricas tangente y
cotangente, estas son:</p>
<formula alineacion="centrada" src="MA_10_04_CO_04.gif"></formula>
<formula alineacion="centrada" src="MA_10_04_CO_05.gif"></formula>
<p>Las<negrita> identidades pitagóricas</negrita>, son consecuencia
del teorema del teorema de Pitágoras y por esta rezón reciben su nombre.
Las identidades pitagóricas son:</p>
<formula alineacion="centrada" src="MA_10_04_CO_05.gif"></formula>
<formula alineacion="centrada" src="MA_10_04_CO_06.gif"></formula>
<formula alineacion="centrada" src="MA_10_04_CO_07.gif"></formula>
<p>Para su deducción, se parte del análisis del triángulo rectángulo
que forma un ángulo en posición normal en el primer cuadrante. A partir
de esto, se tiene en cuenta la definición de las funciones para dicho
ángulo y la definición analítica de una circunferencia con centro
en el origen y radio <cursiva>r</cursiva>.</p>
<recuerda><recuerdaTexto>
<p>Sobre el círculo trigonométrico se definen las funciones trigonométricas
seno y coseno así:</p>
<formula alineacion="centrada" src="MA_10_04_CO_08.gif"></formula>
<p>La definición analítica de una circunferencia con centro en el
origen y radio <cursiva>r</cursiva> es: </p>
<p centrado="si"><cursiva>x</cursiva><superindice>2</superindice> + <cursiva
>y</cursiva><superindice>2</superindice> = <cursiva>r</cursiva><superindice
>2</superindice></p>
</recuerdaTexto></recuerda>
<p>Ejemplo </p>
<p>Mostrar cómo se deduce la primera identidad pitagórica sen<superindice
>2</superindice><cursiva>x</cursiva> + cos<superindice>2</superindice
><cursiva>x</cursiva> = 1</p>
<p>Se parte de la expresión <cursiva>x</cursiva><superindice>2</superindice
> + <cursiva>y</cursiva><superindice>2</superindice> = <cursiva>r</cursiva
><superindice>2</superindice>. </p>
<p>Se divide entre <cursiva>r</cursiva><superindice>2</superindice
> toda la expresión, así:</p>
<formula alineacion="centrada" src="MA_10_04_CO_09.gif"></formula>
<p>Se simplifica, se agrupan las potencias y se obtiene:</p>
<formula alineacion="centrada" src="MA_10_04_CO_10.gif"></formula>
<p>Se usa la definición de las funciones trigonométricas sobre el
círculo trigonométrico y se obtiene:</p>
<formula alineacion="centrada" src="MA_10_04_CO_11.gif"></formula>
<p>que es equivalente a:</p>
<formula alineacion="centrada" src="MA_10_04_CO_12.gif"></formula>
<p>Al dividir la expresión anterior entre coseno cuadrado del ángulo,
se tiene que:</p>
<formula alineacion="centrada" src="MA_10_04_CO_14.gif"></formula>
<p>Lo que es equivalente a la identidad:</p>
<formula alineacion="centrada" src="MA_10_04_CO_15.gif"></formula>
<p>Ahora, al dividir la misma expresión entre seno cuadrado del ángulo,
se tiene que:</p>
<formula alineacion="centrada" src="MA_10_04_CO_16.gif"></formula>
<p>De esta igualdad se obtiene:</p>
<formula alineacion="centrada" src="MA_10_04_CO_17.gif"></formula>
<destacado><destacadoTitulo>Las identidades pitagóricas</destacadoTitulo>
<destacadoTexto>
<p>Las siguientes son las identidades Pitagóricas:</p>
<formula alineacion="centrada" src="MA_10_04_CO_13.gif"></formula>
<formula alineacion="centrada" src="MA_10_04_CO_15.gif"></formula>
<formula alineacion="centrada" src="MA_10_04_CO_17.gif"></formula>
</destacadoTexto></destacado><practica>
<enlace
destino="/LoIdRedirect.aspx?LoId=MA_10_04_CO_Recurso020&amp;IdRecurso=RES-ADB29AA67FC2407DA3CB80DF3BAB7D0C"
>Clasifica identidades trigonométricas fundamentales</enlace>
</practica></seccion2Texto></seccion2><seccion2
id="S2_MA_10_04_CO_CDE8B126F2614BE38D6B7FE955384488">
<seccion2Titulo>Las expresiones que se obtienen a partir de las identidades
fundamentales</seccion2Titulo>
<seccion2Texto>
<p>A partir de las identidades fundamentales, y usando estrategias
algebraicas, es posible obtener otras identidades que se presentan
a continuación:  A partir de la identidad, </p>
<formula alineacion="centrada" src="MA_10_04_CO_20.gif"></formula>
<p>se pueden obtener las identidades:</p>
<formula alineacion="centrada" src="MA_10_04_CO_21.gif"></formula>
<formula alineacion="centrada" src="MA_10_04_CO_22.gif"></formula>
<formula alineacion="centrada" src="MA_10_04_CO_23.gif"></formula>
<formula alineacion="centrada" src="MA_10_04_CO_24.gif"></formula>
<p>A partir de la identidad,</p>
<formula alineacion="centrada" src="MA_10_04_CO_25.gif"></formula>
<p>se obtienen las siguientes identidades:</p>
<formula alineacion="centrada" src="MA_10_04_CO_26.gif"></formula>
<formula alineacion="centrada" src="MA_10_04_CO_27.gif"></formula>
<formula alineacion="centrada" src="MA_10_04_CO_28.gif"></formula>
<formula alineacion="centrada" src="MA_10_04_CO_29.gif"></formula>
<p>A partir de la identidad,</p>
<formula alineacion="centrada" src="MA_10_04_CO_30.gif"></formula>
<p>se obtienen las siguientes identidades:</p>
<formula alineacion="centrada" src="MA_10_04_CO_31.gif"></formula>
<formula alineacion="centrada" src="MA_10_04_CO_32.gif"></formula>
<formula alineacion="centrada" src="MA_10_04_CO_33.gif"></formula>
<formula alineacion="centrada" src="MA_10_04_CO_34.gif"></formula>
<recuerda><recuerdaTexto>
<p>Al despejar una expresión cuadrática la raíz correspondiente puede
ser positiva o negativa. Por ejemplo, en el despeje de la expresión</p>
<formula alineacion="centrada" src="MA_10_04_CO_35.gif"></formula>
<formula alineacion="centrada" src="MA_10_04_CO_36.gif"></formula>
<p>Para efectos de las identidades trigonométricas solamente se usará
la raíz positiva.</p>
</recuerdaTexto></recuerda></seccion2Texto></seccion2><seccion2
id="S2_MA_10_04_CO_CDE8B126F2614BE38D6B7FE955385599">
<seccion2Titulo>La verificación de una identidad trigonométrica</seccion2Titulo>
<seccion2Texto>
<p>Los ejercicios con identidades trigonométricas se basan en verificar,
usando otras identidades, que las igualdades planteadas son verdaderas.
Para ello, es necesario elegir una de las expresiones de la igualdad
y conseguir llegar a la otra.  </p>
<p>Ejemplo </p>
<p>Verificar que la expresión dada a continuación es una identidad:
  </p>
<formula alineacion="centrada" src="MA_10_04_CO_276.gif"></formula>
<listaNumerada>
<listaElemento>Se elige la expresión de la izquierda para llegar a
la expresión de la derecha. Se tiene que:<formula alineacion="centrada"
src="MA_10_04_CO_37.gif"></formula></listaElemento>
<listaElemento>Al simplificar se tiene que:<formula
alineacion="centrada" src="MA_10_04_CO_38.gif"></formula></listaElemento>
<listaElemento>Finalmente, multiplicando se tiene que:<formula
alineacion="centrada" src="MA_10_04_CO_39.gif"></formula></listaElemento>
</listaNumerada>
<p>Hay identidades que requieren otras estrategias algebraicas para
verificarlas; entre estas estrategias están el uso de la adición o
sustracción de expresiones.  </p>
<p>Ejemplo </p>
<p>Verificar que la siguiente expresión es una identidad:</p>
<formula alineacion="centrada" src="MA_10_04_CO_40.gif"></formula>
<listaNumerada>
<listaElemento>Se elige la expresión de la izquierda para llegar a
la expresión de la derecha, pero inicialmente hay que resolver la
sustracción entre las fracciones dadas:<formula alineacion="centrada"
src="MA_10_04_CO_41.gif"></formula></listaElemento>
<listaElemento>Se organizan los términos del numerador y se tiene
que:<formula alineacion="centrada" src="MA_10_04_CO_42.gif"></formula
></listaElemento>
<listaElemento>Al aplicar las identidades fundamentales la expresión
se puede escribir así:<formula alineacion="centrada"
src="MA_10_04_CO_43.gif"></formula></listaElemento>
<listaElemento>Al factorizar el numerador se tiene:<formula
alineacion="centrada" src="MA_10_04_CO_44.gif"></formula></listaElemento>
<listaElemento>Al factorizar el menos en el numerador se tiene que:<formula
alineacion="centrada" src="MA_10_04_CO_45.gif"></formula></listaElemento>
<listaElemento>Finalmente, al simplificar la expresión se concluye
que:<formula alineacion="centrada" src="MA_10_04_CO_46.gif"></formula
></listaElemento>
</listaNumerada>
<recuerda><recuerdaTexto>
<p>El proceso para verificar una identidad trigonométrica consiste
en usar las identidades fundamentales y diferentes estrategias algebraicas.</p>
</recuerdaTexto></recuerda>
<p>Ejemplo </p>
<p>Verificar que la expresión presentada a continuación es una identidad:</p>
<formula alineacion="centrada" src="MA_10_04_CO_47.gif"></formula>
<p>Al aplicar las diferentes estrategias algebraicas y las identidades
fundamentales se tiene que:</p>
<formula alineacion="centrada" src="MA_10_04_CO_48.gif"></formula>
<formula alineacion="centrada" src="MA_10_04_CO_49.gif"></formula>
<formula alineacion="centrada" src="MA_10_04_CO_50.gif"></formula>
<formula alineacion="centrada" src="MA_10_04_CO_51.gif"></formula>
<practica>
<enlace
destino="/LoIdRedirect.aspx?LoId=MA_10_04_CO_Recurso040&amp;IdRecurso=RES-AE5FEE86CA9844DB9A5856FFF21E2A53"
>Comprueba una identidad trigonométrica</enlace>
</practica></seccion2Texto></seccion2><seccion2
id="S2_MA_10_04_CO_CDE8B126F2614BE38D6B7FE955386600">
<seccion2Titulo>Consolidación</seccion2Titulo>
<seccion2Texto>
<p>Actividades para afianzar lo que has aprendido en esta sección.</p>
<practica>
<enlace
destino="/LoIdRedirect.aspx?LoId=MA_10_04_CO_Recurso060&amp;IdRecurso=RES-A0F91E4E67504853989BA864DB0C0694"
>Refuerza tu aprendizaje: Las identidades trigonométricas</enlace>
</practica></seccion2Texto></seccion2></seccion1Texto></seccion1>
<seccion1 id="S1_MA_10_04_CO_633D9185FCA64E329E5E865618FA2C27">
<seccion1Titulo>La simplificación de expresiones trigonométricas</seccion1Titulo>
<seccion1Texto>
<p>Para simplificar expresiones trigonométricas es necesario hacer
uso de los algoritmos empleados para reducir expresiones algebraicas
e identidades trigonométricas.  </p>
<p>Este proceso permite escribir la expresión de distintas formas,
ya que al encontrar una expresión en apariencia complicada se puede
reformular en una mucho más simple, como se evidencia a continuacióncon
la primera expresión: </p>
<formula alineacion="centrada" src="MA_10_04_CO_53.gif"></formula>
<formula alineacion="centrada" src="MA_10_04_CO_54.gif"></formula>
<formula alineacion="centrada" src="MA_10_04_CO_55.gif"></formula>
<p>Aplicando la identidad Pitagórica, se obtiene:</p>
<formula alineacion="centrada" src="MA_10_04_CO_56.gif"></formula>
<formula alineacion="centrada" src="MA_10_04_CO_57.gif"></formula>
<p>De esta manera una expresión complicada se simplificó a una expresión
más simple.</p>
<profundiza>
<enlace
destino="/LoIdRedirect.aspx?LoId=MA_10_04_CO_Recurso070&amp;IdRecurso=RES-A4F87D9221F345C48270847268516D8A"
>Simplificación de expresiones trigonométricas</enlace>
</profundiza><practica>
<enlace
destino="/LoIdRedirect.aspx?LoId=MA_10_04_CO_Recurso080&amp;IdRecurso=RES-795B40F85A3B414B8969A3FC56AF1189"
>Simplifica la expresión trigonométrica</enlace>
</practica><seccion2
id="S2_MA_10_04_CO_48CC590ABEAB4073918B26F4C238C831">
<seccion2Titulo>Las identidades trigonométricas para la suma de dos
ángulos</seccion2Titulo>
<seccion2Texto>
<p>Como le sucede a la mayoría de las funciones, las funciones trigonométricos
no cumplen la igualdad <cursiva>f</cursiva>(<cursiva>x</cursiva> + <cursiva
>y</cursiva>) = <cursiva>f</cursiva>(<cursiva>x</cursiva>) + <cursiva
>f</cursiva>(<cursiva>y</cursiva>) por tanto es necesario establecer
las expresiones que definan las funciones de la suma de ángulos en
términos de las funciones de cada ángulo.</p>
<destacado><destacadoTitulo>Identidades para la suma de ángulos.</destacadoTitulo>
<destacadoTexto>
<formula alineacion="centrada" src="MA_10_04_CO_58.gif"></formula>
<formula alineacion="centrada" src="MA_10_04_CO_59.gif"></formula>
<formula alineacion="centrada" src="MA_10_04_CO_60.gif"></formula>
</destacadoTexto></destacado>
<p>Estas identidades permiten  hallar el valor  exacto, del seno,
coseno o tangente  de un ángulo,  a partir  de los valores del seno
y del coseno de dos ángulos conocidos.  </p>
<p>Ejemplo </p>
<p>Hallar el valor exacto de sen 105º.  </p>
<p>Primero se escribe el ángulo como la suma de otros ángulos de los
cuales se conoce el valor del seno y el coseno: 105º = 45º + 60º </p>
<p>Luego, se usa la identidad</p>
<formula alineacion="centrada" src="MA_10_04_CO_63.gif"></formula>
<p>Así se tiene que:</p>
<formula alineacion="centrada" src="MA_10_04_CO_64.gif"></formula>
<formula alineacion="centrada" src="MA_10_04_CO_65.gif"></formula>
<formula alineacion="centrada" src="MA_10_04_CO_66.gif"></formula>
<formula alineacion="centrada" src="MA_10_04_CO_67.gif"></formula>
<p>Es posible plantear una aplicación similar de las fórmulas cuando
el ángulo dado está planteado en radianes.  </p>
<p>Ejemplo </p>
<p>Hallar el valor exacto de la expresión dada a continuación:</p>
<formula alineacion="centrada" src="MA_10_04_CO_68.gif"></formula>
<p>Se escribe el ángulo así:</p>
<formula alineacion="centrada" src="MA_10_04_CO_69.gif"></formula>
<p>Usando la identidad</p>
<formula alineacion="centrada" src="MA_10_04_CO_70.gif"></formula>
<formula alineacion="centrada" src="MA_10_04_CO_71.gif"></formula>
<formula alineacion="centrada" src="MA_10_04_CO_72.gif"></formula>
<formula alineacion="centrada" src="MA_10_04_CO_73.gif"></formula>
</seccion2Texto></seccion2><seccion2
id="S2_MA_10_04_CO_6510282349FC4E5383E502D9902E5BB1">
<seccion2Titulo>Las identidades trigonométricas para la diferencia
de dos ángulos</seccion2Titulo>
<seccion2Texto>
<p>Las identidades trigonométricas para la diferencia de dos ángulos
se comportan de manera similar como las identidades trigonométricas
para la suma de dos ángulos, como se establece a continuación:</p>
<destacado><destacadoTitulo>Identidades para la diferencia de dos
ángulos</destacadoTitulo><destacadoTexto>
<formula alineacion="centrada" src="MA_10_04_CO_74.gif"></formula>
<formula alineacion="centrada" src="MA_10_04_CO_75.gif"></formula>
<formula alineacion="centrada" src="MA_10_04_CO_76.gif"></formula>
</destacadoTexto></destacado>
<p>Ejemplo  </p>
<p>Hallar el valor exacto de tan 15º. </p>
<listaNumerada>
<listaElemento>Se escribe el ángulo de 15° como 45º – 30º. </listaElemento>
<listaElemento>Se usa la identidad trigonométrica correspondiente
y se tiene que</listaElemento>
</listaNumerada>
<formula alineacion="centrada" src="MA_10_04_CO_77.gif"></formula>
<formula alineacion="centrada" src="MA_10_04_CO_78.gif"></formula>
<formula alineacion="centrada" src="MA_10_04_CO_79.gif"></formula>
<formula alineacion="centrada" src="MA_10_04_CO_80.gif"></formula>
<recuerda><recuerdaTexto>
<p>Las funciones sen, cos, tan, cot y csc son impares por tanto se
cumple:</p>
<formula alineacion="centrada" src="MA_10_04_CO_81.gif"></formula>
<formula alineacion="centrada" src="MA_10_04_CO_82.gif"></formula>
<formula alineacion="centrada" src="MA_10_04_CO_83.gif"></formula>
<formula alineacion="centrada" src="MA_10_04_CO_84.gif"></formula>
<p>Las funciones cos y sec son funciones pares. Por tanto se afirma
que:</p>
<formula alineacion="centrada" src="MA_10_04_CO_85.gif"></formula>
<formula alineacion="centrada" src="MA_10_04_CO_86.gif"></formula>
</recuerdaTexto></recuerda><practica>
<enlace
destino="/LoIdRedirect.aspx?LoId=MA_10_04_CO_Recurso090&amp;IdRecurso=RES-16E483D1A8814A0AB661834A735BAD35"
>Practica con identidades de suma y diferencia de ángulos</enlace>
</practica></seccion2Texto></seccion2><seccion2
id="S2_MA_10_04_CO_DDB7CC9012FA4EFF8A088B8E3BED4AC6">
<seccion2Titulo>Identidades para ángulos dobles</seccion2Titulo>
<seccion2Texto>
<p>En la sección anterior se establecieron las identidades trigonométricas
para la suma de ángulos, en esta sección se usarán las identidades
allí mencionadas para deducir las identidades para los ángulos dobles.
Para ello, se tiene en cuenta que:</p>
<formula alineacion="centrada" src="MA_10_04_CO_87.gif"></formula>
<p>Así que a partir de las identidades para la suma de ángulos se
tiene que:</p>
<formula alineacion="centrada" src="MA_10_04_CO_88.gif"></formula>
<formula alineacion="centrada" src="MA_10_04_CO_89.gif"></formula>
<formula alineacion="centrada" src="MA_10_04_CO_90.gif"></formula>
<formula alineacion="centrada" src="MA_10_04_CO_91.gif"></formula>
<formula alineacion="centrada" src="MA_10_04_CO_92.gif"></formula>
<formula alineacion="centrada" src="MA_10_04_CO_93.gif"></formula>
<destacado><destacadoTitulo>Identidades para ángulos dobles</destacadoTitulo>
<destacadoTexto>
<p>Las identidades para ángulos dobles son:</p>
<formula alineacion="centrada" src="MA_10_04_CO_94.gif"></formula>
<formula alineacion="centrada" src="MA_10_04_CO_95.gif"></formula>
<formula alineacion="centrada" src="MA_10_04_CO_96.gif"></formula>
</destacadoTexto></destacado>
<p>Ejemplo </p>
<p>Dada la siguiente información</p>
<formula alineacion="centrada" src="MA_10_04_CO_97.gif"></formula>
<p>hallar el valor de la expresión presentada a continuación:</p>
<formula alineacion="centrada" src="MA_10_04_CO_98.gif"></formula>
<p>Para determinar el valor de la expresión se debe usar la identidad:</p>
<formula alineacion="centrada" src="MA_10_04_CO_99.gif"></formula>
<p>De esta expresión se conoce el valor del seno del ángulo pero también
hay que conocer el valor del coseno. Para ello, se tienen en cuenta
las siguientes deducciones:</p>
<listaSinNumerar>
<listaElemento>El ángulo está ubicado en el primer cuadrante pues
es un dato del problema:</listaElemento>
</listaSinNumerar>
<formula alineacion="centrada" src="MA_10_04_CO_100.gif"></formula>
<listaSinNumerar>
<listaElemento>Las coordenadas del punto que definen el ángulo son
(<cursiva>x</cursiva>, 3)</listaElemento>
<listaElemento>El radio de la circunferencia es 5. </listaElemento>
</listaSinNumerar>
<p>Por consiguiente </p>
<p centrado="si"><cursiva>x</cursiva><superindice>2</superindice> +
32 = 25 </p>
<p centrado="si"><cursiva>x</cursiva><superindice>2</superindice> =
14 </p>
<p centrado="si"><cursiva>x</cursiva> = 4 </p>
<p>Por tanto </p>
<formula alineacion="centrada" src="MA_10_04_CO_104.gif"></formula>
<p>Ahora reemplazando en la identidad se tiene que:</p>
<formula alineacion="centrada" src="MA_10_04_CO_105.gif"></formula>
<formula alineacion="centrada" src="MA_10_04_CO_106.gif"></formula>
</seccion2Texto></seccion2><seccion2
id="S2_MA_10_04_CO_DDB7CC9012FA4EFF8A088B8E3BED4466">
<seccion2Titulo>Las identidades trigonométricas para ángulos medios </seccion2Titulo>
<seccion2Texto>
<p>Usando las identidades de los ángulos dobles y las identidades
pitagóricas es posible obtener las identidades para ángulos medios
de la siguiente manera:</p>
<formula alineacion="centrada" src="MA_10_04_CO_107.gif"></formula>
<formula alineacion="centrada" src="MA_10_04_CO_108.gif"></formula>
<formula alineacion="centrada" src="MA_10_04_CO_109.gif"></formula>
<formula alineacion="centrada" src="MA_10_04_CO_110.gif"></formula>
<formula alineacion="centrada" src="MA_10_04_CO_111.gif"></formula>
<formula alineacion="centrada" src="MA_10_04_CO_112.gif"></formula>
<formula alineacion="centrada" src="MA_10_04_CO_113.gif"></formula>
<p>Si se sustituye</p>
<formula alineacion="centrada" src="MA_10_04_CO_114.gif"></formula>
<formula alineacion="centrada" src="MA_10_04_CO_115.gif"></formula>
<p>Por tanto al sustituir en la última expresión se obtiene:</p>
<formula alineacion="centrada" src="MA_10_04_CO_116.gif"></formula>
<p>Para obtener las respectivas identidades para el coseno y la tangente
el proceso es similar.</p>
<destacado><destacadoTitulo>Identidad para ángulos medios</destacadoTitulo>
<destacadoTexto>
<p>Las siguientes son las identidades para ángulos medios:</p>
<formula alineacion="centrada" src="MA_10_04_CO_117.gif"></formula>
<formula alineacion="centrada" src="MA_10_04_CO_118.gif"></formula>
<formula alineacion="centrada" src="MA_10_04_CO_119.gif"></formula>
</destacadoTexto></destacado>
<p>Ejemplo </p>
<p>Hallar el valor exacto de la expresión sen 22,5º .</p>
<p>Utilizando las identidades anteriores se tienen que:</p>
<formula alineacion="centrada" src="MA_10_04_CO_120.gif"></formula>
<formula alineacion="centrada" src="MA_10_04_CO_121.gif"></formula>
<formula alineacion="centrada" src="MA_10_04_CO_122.gif"></formula>
<p>El radical anterior determina el valor exacto de la expresión,
por eso no se escribe como decimal.</p>
<p>Ejemplo </p>
<p>Hallar el valor exacto de la expresión cos 165º .</p>
<p>Utilizando las identidades anteriores se tienen que:</p>
<formula alineacion="centrada" src="MA_10_04_CO_123.gif"></formula>
<formula alineacion="centrada" src="MA_10_04_CO_124.gif"></formula>
<formula alineacion="centrada" src="MA_10_04_CO_125.gif"></formula>
<p>La solución es negativa, ya que el coseno del ángulo de 165° está
ubicado en el segundo cuadrante.</p>
<practica>
<enlace
destino="/LoIdRedirect.aspx?LoId=MA_10_04_CO_Recurso100&amp;IdRecurso=RES-681D3F546253479E8C162BECF72CD0C0"
>Practica las identidades para ángulos dobles y medios</enlace>
</practica></seccion2Texto></seccion2><seccion2
id="S2_MA_10_04_CO_DDB7CC9012FA4EFF8A088B8E3BED5577">
<seccion2Titulo>La transformación de productos en sumas o sumas en
productos</seccion2Titulo>
<seccion2Texto>
<p>Adicionalmente a las identidades que se han presentado en las secciones
anteriores, es posible plantear fórmulas para escribir productos como
sumas o sumas como producto. Estas fórmulas se plantan a continuación.</p>
<destacado><destacadoTitulo>Identidades para escribir un producto
como una suma</destacadoTitulo><destacadoTexto>
<formula alineacion="centrada" src="MA_10_04_CO_126.gif"></formula>
<formula alineacion="centrada" src="MA_10_04_CO_127.gif"></formula>
<formula alineacion="centrada" src="MA_10_04_CO_128.gif"></formula>
<formula alineacion="centrada" src="MA_10_04_CO_129.gif"></formula>
</destacadoTexto></destacado>
<p>Ejemplo,  </p>
<p>Determinar el producto dado en la siguiente expresión como una
diferencia.</p>
<formula alineacion="centrada" src="MA_10_04_CO_130.gif"></formula>
<p>Se aplica la identidad </p>
<formula alineacion="centrada" src="MA_10_04_CO_131.gif"></formula>
<p>Donde </p>
<formula alineacion="centrada" src="MA_10_04_CO_132.gif"></formula>
<formula alineacion="centrada" src="MA_10_04_CO_133.gif"></formula>
<p>Como coseno es una función par se obtiene la siguiente expresión: </p>
<formula alineacion="centrada" src="MA_10_04_CO_134.gif"></formula>
<formula alineacion="centrada" src="MA_10_04_CO_135.gif"></formula>
<formula alineacion="centrada" src="MA_10_04_CO_136.gif"></formula>
<destacado><destacadoTitulo>Identidades para escribir una suma como
un producto</destacadoTitulo><destacadoTexto>
<formula alineacion="centrada" src="MA_10_04_CO_137.gif"></formula>
<formula alineacion="centrada" src="MA_10_04_CO_138.gif"></formula>
<formula alineacion="centrada" src="MA_10_04_CO_139.gif"></formula>
<formula alineacion="centrada" src="MA_10_04_CO_140.gif"></formula>
</destacadoTexto></destacado>
<p>Ejemplo </p>
<p>Escribir la expresión dada a continuación como un producto.</p>
<formula alineacion="centrada" src="MA_10_04_CO_141.gif"></formula>
<p>Se designa</p>
<formula alineacion="centrada" src="MA_10_04_CO_142.gif"></formula>
<formula alineacion="centrada" src="MA_10_04_CO_143.gif"></formula>
<p>Al usar la identidad correspondiente, se tiene que:</p>
<formula alineacion="centrada" src="MA_10_04_CO_144.gif"></formula>
<p>es decir,</p>
<formula alineacion="centrada" src="MA_10_04_CO_145.gif"></formula>
<formula alineacion="centrada" src="MA_10_04_CO_146.gif"></formula>
<formula alineacion="centrada" src="MA_10_04_CO_147.gif"></formula>
<practica>
<enlace
destino="/LoIdRedirect.aspx?LoId=MA_10_04_CO_Recurso120&amp;IdRecurso=RES-25C4B7F4CAAE4B6B86ED412E4CB15882"
>Transforma productos en sumas o sumas en productos</enlace>
</practica></seccion2Texto></seccion2><seccion2
id="S2_MA_10_04_CO_DDB7CC9012FA4EFF8A088B8E3BED6688">
<seccion2Titulo>Consolidación</seccion2Titulo>
<seccion2Texto>
<p>Actividades para afianzar lo que has aprendido en esta sección.</p>
<practica>
<enlace
destino="/LoIdRedirect.aspx?LoId=MA_10_04_CO_Recurso130&amp;IdRecurso=RES-5D8C6760D34040EBB0F3E4CE9CAD50F8"
>Refuerza tu aprendizaje: La simplificación de expresiones trigonométricas</enlace>
</practica></seccion2Texto></seccion2></seccion1Texto></seccion1>
<seccion1 id="S1_MA_10_04_CO_F3C225D4A6D8404D9D952B61BF8881D2">
<seccion1Titulo>Las ecuaciones trigonométricas</seccion1Titulo>
<seccion1Texto>
<p>Una <negrita>ecuación trigonométrica </negrita>es una expresión
que involucra funciones trigonométricas y que solo se verifica para
algunos valores de los ángulos. </p>
<p>Para solucionar una ecuación trigonométrica se usan las mismas
técnicas que para solucionar ecuaciones algebraicas, por esta razón
se tienen en cuenta los siguientes casos:</p>
<listaSinNumerar>
<listaElemento>Ecuaciones trigonométricas lineales</listaElemento>
<listaElemento>Ecuaciones trigonométricas usando factorización</listaElemento>
<listaElemento>Ecuaciones trigonométricas usando identidades</listaElemento>
</listaSinNumerar>
<profundiza>
<enlace
destino="/LoIdRedirect.aspx?LoId=MA_10_04_CO_Recurso140&amp;IdRecurso=RES-A423A144C35C4392A1C649E58AB94FA6"
>Ecuaciones trigonométricas</enlace>
</profundiza><seccion2
id="S2_MA_10_04_CO_7F8998F534AD429F89AAEB462F1F85D3">
<seccion2Titulo>Las ecuaciones trigonométricas lineales</seccion2Titulo>
<seccion2Texto>
<p>Una ecuación trigonométrica lineal se escribe de la forma  <cursiva
>a</cursiva>φ + <cursiva>b</cursiva> donde φ es una función trigonométrica
  </p>
<p>Ejemplo </p>
<p>Resolver la siguiente ecuación trigonométrica:</p>
<formula alineacion="centrada" src="MA_10_04_CO_148.gif"></formula>
<p>Siguiendo los procesos de despeje usados en álgebra se tiene que:</p>
<formula alineacion="centrada" src="MA_10_04_CO_149.gif"></formula>
<formula alineacion="centrada" src="MA_10_04_CO_150.gif"></formula>
<formula alineacion="centrada" src="MA_10_04_CO_151.gif"></formula>
<formula alineacion="centrada" src="MA_10_04_CO_152.gif"></formula>
<p>Como la función coseno es una periódica (periodo 2π) y se define <cursiva
>k</cursiva> como un número entero, se tiene que la solución general
de la ecuación es:</p>
<formula alineacion="centrada" src="MA_10_04_CO_153.gif"></formula>
<p>Una gráfica de la función muestra algunas de las soluciones de
la ecuación</p>
<imagen src="MA_10_04_CO_IMG01_small.jpg">
<p>Los puntos marcados muestran los valores que son solución de la
ecuación planteada.</p>
</imagen>
<p>Ejemplo </p>
<p>Resolver la siguiente ecuación:</p>
<formula alineacion="centrada" src="MA_10_04_CO_154.gif"></formula>
<p>Se despeja utilizando las estrategias algebraicas así:</p>
<formula alineacion="centrada" src="MA_10_04_CO_155.gif"></formula>
<formula alineacion="centrada" src="MA_10_04_CO_156.gif"></formula>
<formula alineacion="centrada" src="MA_10_04_CO_157.gif"></formula>
<formula alineacion="centrada" src="MA_10_04_CO_158.gif"></formula>
<p>Usando los ángulos de referencia se logra identificar que existe
un ángulo en el segundo cuadrante con el mismo valor para seno; para
 hallarlo se procede de la siguiente manera</p>
<formula alineacion="centrada" src="MA_10_04_CO_159.gif"></formula>
<formula alineacion="centrada" src="MA_10_04_CO_160.gif"></formula>
<p>Para finalizar, las soluciones generales de la ecuación planteada
son:</p>
<formula alineacion="centrada" src="MA_10_04_CO_161.gif"></formula>
<formula alineacion="centrada" src="MA_10_04_CO_162.gif"></formula>
<p>Donde <cursiva>k</cursiva> es un número entero.</p>
</seccion2Texto></seccion2><seccion2
id="S2_MA_10_04_CO_0B2C8B5438404EB6ABD78CE69EF34C8C">
<seccion2Titulo>Las ecuaciones trigonométricas en forma factorizada</seccion2Titulo>
<seccion2Texto>
<p>Algunas ecuaciones trigonométricas requieren de un proceso algebraico
previo a su solución; en la mayoría de los casos estas ecuaciones
(de orden 2, 3, 4 o más) requieren ser factorizadas para poder analizar
condiciones que permitan llegar a la solución.  </p>
<p>Ejemplo </p>
<p>Solucionar la ecuación trigonométrica dada a continuación</p>
<formula alineacion="centrada" src="MA_10_04_CO_163.gif"></formula>
<p>Para poder analizar las soluciones se requiere factorizar. En este
caso, la factorización utiliza la fórmula algebraica del trinomio <cursiva
>x</cursiva><superindice>2</superindice> + <cursiva>bx</cursiva> + <cursiva
>c</cursiva>, con la aclaración que la variable no es x sino el seno
del ángulo.</p>
<formula alineacion="centrada" src="MA_10_04_CO_164.gif"></formula>
<formula alineacion="centrada" src="MA_10_04_CO_165.gif"></formula>
<p>Para el producto anterior se presentan dos soluciones. </p>
<p>Solución 1:</p>
<formula alineacion="centrada" src="MA_10_04_CO_166.gif"></formula>
<formula alineacion="centrada" src="MA_10_04_CO_167.gif"></formula>
<p>Como la función seno tiene mínimo en –1, se dice que para esta
expresión no existe solución.  </p>
<p>Solución 2:</p>
<formula alineacion="centrada" src="MA_10_04_CO_168.gif"></formula>
<formula alineacion="centrada" src="MA_10_04_CO_169.gif"></formula>
<formula alineacion="centrada" src="MA_10_04_CO_170.gif"></formula>
<formula alineacion="centrada" src="MA_10_04_CO_171.gif"></formula>
<p>Dado que la función seno es periódica la solución general es:</p>
<formula alineacion="centrada" src="MA_10_04_CO_172.gif"></formula>
<p>Ejemplo </p>
<p>Resolver la siguiente ecuación trigonométrica en el intervalo [0,
2π]</p>
<formula alineacion="centrada" src="MA_10_04_CO_173.gif"></formula>
<p>En este caso, la factorización utiliza la fórmula algebraica del
trinomio <cursiva>ax</cursiva><superindice>2</superindice> + <cursiva
>bx</cursiva> + <cursiva>c</cursiva>, con la aclaración que la variable
no es <cursiva>x</cursiva> sino el coseno del ángulo.</p>
<formula alineacion="centrada" src="MA_10_04_CO_174.gif"></formula>
<formula alineacion="centrada" src="MA_10_04_CO_175.gif"></formula>
<p>Para el producto anterior se presentan dos soluciones. </p>
<p>Solución 1:</p>
<formula alineacion="centrada" src="MA_10_04_CO_176.gif"></formula>
<formula alineacion="centrada" src="MA_10_04_CO_177.gif"></formula>
<formula alineacion="centrada" src="MA_10_04_CO_178.gif"></formula>
<formula alineacion="centrada" src="MA_10_04_CO_179.gif"></formula>
<formula alineacion="centrada" src="MA_10_04_CO_180.gif"></formula>
<formula alineacion="centrada" src="MA_10_04_CO_181.gif"></formula>
<p>Solución 2:</p>
<formula alineacion="centrada" src="MA_10_04_CO_182.gif"></formula>
<formula alineacion="centrada" src="MA_10_04_CO_183.gif"></formula>
<formula alineacion="centrada" src="MA_10_04_CO_184.gif"></formula>
<formula alineacion="centrada" src="MA_10_04_CO_185.gif"></formula>
<p>Por tanto, las soluciones de la ecuación planteada so 0º y 300º.</p>
<recuerda><recuerdaTexto>
<p>La solución de una ecuación trigonométrica se puede escribir en
radianes o en grados.</p>
</recuerdaTexto></recuerda><practica>
<enlace
destino="/LoIdRedirect.aspx?LoId=MA_10_04_CO_Recurso150&amp;IdRecurso=RES-A29AC7CAB90645F7A891AEED71557278"
>Soluciona ecuaciones lineales y en forma factorizada</enlace>
</practica></seccion2Texto></seccion2><seccion2
id="S2_MA_10_04_CO_04E2E466BCEA41C1903808EEEF8EB52D">
<seccion2Titulo>Las ecuaciones trigonométricas con identidades</seccion2Titulo>
<seccion2Texto>
<p>Las identidades trigonométricas permiten escribir funciones en
términos de otras,  esto facilita, en algunas ocasiones, el proceso
de solución de ecuaciones trigonométricas.  </p>
<p>Ejemplo </p>
<p>Solucionar la siguiente ecuación trigonométrica:</p>
<formula alineacion="centrada" src="MA_10_04_CO_186.gif"></formula>
<p>En este caso, la ecuación no está en una sola variable, por lo
tanto hay que utilizar una de las identidades fundamentales para dejar
la expresión solamente en función de coseno, así:</p>
<formula alineacion="centrada" src="MA_10_04_CO_187.gif"></formula>
<formula alineacion="centrada" src="MA_10_04_CO_188.gif"></formula>
<formula alineacion="centrada" src="MA_10_04_CO_189.gif"></formula>
<formula alineacion="centrada" src="MA_10_04_CO_190.gif"></formula>
<p>Como ya se llegó a una expresión en una sola variable, en este
caso coseno, se procede a solucionar la ecuación como en los casos
anteriores:</p>
<formula alineacion="centrada" src="MA_10_04_CO_191.gif"></formula>
<formula alineacion="centrada" src="MA_10_04_CO_192.gif"></formula>
<p>Solución 1:</p>
<formula alineacion="centrada" src="MA_10_04_CO_193.gif"></formula>
<formula alineacion="centrada" src="MA_10_04_CO_194.gif"></formula>
<formula alineacion="centrada" src="MA_10_04_CO_195.gif"></formula>
<formula alineacion="centrada" src="MA_10_04_CO_196.gif"></formula>
<p>Solución 2:</p>
<formula alineacion="centrada" src="MA_10_04_CO_197.gif"></formula>
<formula alineacion="centrada" src="MA_10_04_CO_198.gif"></formula>
<formula alineacion="centrada" src="MA_10_04_CO_199.gif"></formula>
<formula alineacion="centrada" src="MA_10_04_CO_200.gif"></formula>
<formula alineacion="centrada" src="MA_10_04_CO_201.gif"></formula>
<p>Por tanto las soluciones generales de la ecuación trigonométrica
presentada son:</p>
<formula alineacion="centrada" src="MA_10_04_CO_202.gif"></formula>
<formula alineacion="centrada" src="MA_10_04_CO_203.gif"></formula>
<p>Donde <cursiva>k</cursiva> es un número entero.</p>
<p>En conclusión las soluciones generales de la ecuación planteada
son:</p>
<formula alineacion="centrada" src="MA_10_04_CO_208.gif"></formula>
<formula alineacion="centrada" src="MA_10_04_CO_210.gif"></formula>
<p>Ejemplo </p>
<p>Solucionar la ecuación trigonométrica dada a continuación:</p>
<formula alineacion="centrada" src="MA_10_04_CO_204.gif"></formula>
<p> Al resolverla  se debe recordar que la función coseno es periódica
y su periodo  es 2π. Se resuelve como se observa a continuación:</p>
<formula alineacion="centrada" src="MA_10_04_CO_205.gif"></formula>
<formula alineacion="centrada" src="MA_10_04_CO_206.gif"></formula>
<p>Solución 1:</p>
<formula alineacion="centrada" src="MA_10_04_CO_207.gif"></formula>
<formula alineacion="centrada" src="MA_10_04_CO_208.gif"></formula>
<p>Solución 2:</p>
<formula alineacion="centrada" src="MA_10_04_CO_209.gif"></formula>
<formula alineacion="centrada" src="MA_10_04_CO_210.gif"></formula>
<p>Donde <cursiva>k</cursiva> es un número entero  </p>
<p>Ejemplo </p>
<p>Solucionar la ecuación trigonométrica dada a continuación:</p>
<formula alineacion="centrada" src="MA_10_04_CO_211.gif"></formula>
<p>Se procede de la siguiente manera:</p>
<formula alineacion="centrada" src="MA_10_04_CO_212.gif"></formula>
<formula alineacion="centrada" src="MA_10_04_CO_213.gif"></formula>
<formula alineacion="centrada" src="MA_10_04_CO_214.gif"></formula>
<formula alineacion="centrada" src="MA_10_04_CO_215.gif"></formula>
<practica>
<enlace
destino="/LoIdRedirect.aspx?LoId=MA_10_04_CO_Recurso160&amp;IdRecurso=RES-809C5FF160984FA39B411A86F736AA3E"
>Halla la solución de ecuaciones trigonométricas aplicando identidades</enlace>
</practica></seccion2Texto></seccion2><seccion2
id="S2_MA_10_04_CO_04E2E466BCEA41C1903808EEEF8E8822">
<seccion2Titulo>Las ecuaciones trigonométricas con funciones trigonométricas
inversas</seccion2Titulo>
<seccion2Texto>
<p>Es posible plantear ecuaciones trigonométricas en las cuales se
usen las funciones inversas. Para solucionar este tipo de expresiones
se deben tener en cuenta las propiedades que se derivan de la composición
de funciones.</p>
<recuerda><recuerdaTexto>
<p>La composición entre una función y su inversa da como resultado
la función identica:</p>
<formula alineacion="centrada" src="MA_10_04_CO_216.gif"></formula>
<p>Para el caso de las funciones trigonométricas se tiene que en los
intervalos en los cuales la función tiene inversa se cumple que:</p>
<formula alineacion="centrada" src="MA_10_04_CO_217.gif"></formula>
<formula alineacion="centrada" src="MA_10_04_CO_218.gif"></formula>
</recuerdaTexto></recuerda>
<p>Ejemplo </p>
<p>Solucionar la siguiente ecuación trigonométrica:</p>
<formula alineacion="centrada" src="MA_10_04_CO_219.gif"></formula>
<p>Para resolver la ecuación, se aplican las propiedades de las funciones
 trigonométricas inversas:</p>
<p>Primero se calcula coseno en cada lado de la igualdad, así:</p>
<formula alineacion="centrada" src="MA_10_04_CO_220.gif"></formula>
<p>Solución 1</p>
<formula alineacion="centrada" src="MA_10_04_CO_223.gif"></formula>
<formula alineacion="centrada" src="MA_10_04_CO_224.gif"></formula>
<p>Solución 2. Para esta solución se tiene en cuenta que la función
tiene el mismo valor para un ángulo en el segundo cuadrante, así:</p>
<formula alineacion="centrada" src="MA_10_04_CO_221.gif"></formula>
<formula alineacion="centrada" src="MA_10_04_CO_222.gif"></formula>
<practica>
<enlace
destino="/LoIdRedirect.aspx?LoId=MA_10_04_CO_Recurso170&amp;IdRecurso=RES-AF32C32A3E094E2FB3B2F9B9FA477A53"
>Soluciona ecuaciones trigonométricas con funciones inversas</enlace>
</practica></seccion2Texto></seccion2><seccion2
id="S2_MA_10_04_CO_04E2E466BCEA41C1903808EEEF8E9933">
<seccion2Titulo>Consolidación</seccion2Titulo>
<seccion2Texto>
<p>Actividades para afianzar lo que has aprendido en esta sección.</p>
<practica>
<enlace
destino="/LoIdRedirect.aspx?LoId=MA_10_04_CO_Recurso180&amp;IdRecurso=RES-8ED112B7B6CA4B16BD1458E18F88EE27"
>Refuerza tu aprendizaje: Las ecuaciones trigonométricas</enlace>
</practica></seccion2Texto></seccion2></seccion1Texto></seccion1>
<seccion1 id="S1_MA_10_04_CO_83ADA8F4A3E647F8B59523AF8478F510">
<seccion1Titulo>La resolución de triángulos no rectángulos</seccion1Titulo>
<seccion1Texto>
<p>El uso de las funciones trigonométricas y su definición sobre los
triángulos actualmente tiene muchas aplicaciones en contextos cotidianos.
Por ejemplo:</p>
<listaSinNumerar>
<listaElemento>Cuando se usa un test para medir la velocidad de la
Internet lo que hace esta herramienta es una asociación entre la distancia
a tres servidores cercanos que determinan las condiciones del servicio
y su velocidad; este proceso se conoce como triangulación y usa permanentemente
propiedades de los triángulos para generar los resultados.</listaElemento>
<listaElemento>La navegación actual y las estimaciones de la posición
de un barco, un avión o un vehículo a partir del sistema GPS se fundamenta
en propiedades del planteamiento y resolución de triángulos.</listaElemento>
<listaElemento>La determinación de distancias, alturas y ángulos de
elevación y depresión en diferentes contextos.</listaElemento>
</listaSinNumerar>
<p>Estos contextos, y muchos más, pueden ser modelados a partir de
los triángulos. </p>
<p>Los triángulos que se trabajarán en esta sección reciben el nombre
de <negrita>triángulos oblicuángulos</negrita> (pues no son rectángulos)
y su resolución muestra las respuestas de diferentes interrogantes
relacionados con las longitudes de los lados del triángulo o las medidas
de sus ángulos internos.</p>
<destacado><destacadoTitulo>Resolución de triángulos</destacadoTitulo>
<destacadoTexto>
<p>Resolver un triángulo es hallar la medida de sus tres lados y sus
tres ángulos. </p>
</destacadoTexto></destacado>
<p>Para solucionar un triángulo oblicuángulo es necesario conocer
datos sobre sus lados o sus ángulos; teniendo en cuenta lo anterior
se pueden distinguir cuatro casos: </p>
<p><negrita>Primero</negrita>. Se conocen un lado y dos ángulos. </p>
<p><negrita>Segundo</negrita>. Se conocen dos lados y un ángulo opuesto
a uno de estos lados. </p>
<p><negrita>Tercero</negrita>. Se conocen dos lados y el ángulo comprendido
entre ellos. </p>
<p><negrita>Cuarto</negrita>. Se conocen tres lados.  </p>
<p>Estos cuatro casos dan origen a los dos teoremas para la resolución
de triángulos:</p>
<listaSinNumerar>
<listaElemento>El teorema del seno.</listaElemento>
<listaElemento>El teorema del coseno.</listaElemento>
</listaSinNumerar>
<profundiza>
<enlace
destino="/LoIdRedirect.aspx?LoId=MA_10_04_CO_Recurso190&amp;IdRecurso=RES-E3CAA9A776C64DEE97DF835CAE4627B7"
>Resolución de triángulos no rectángulos</enlace>
</profundiza><seccion2
id="S2_MA_10_04_CO_B67340DFACCF4A289ED170905DB0A645">
<seccion2Titulo>El teorema del seno</seccion2Titulo>
<seccion2Texto>
<p>El <negrita>teorema del seno</negrita> plantea una relación de
proporcionalidad entre la medida de los lados y de los ángulos en
un triángulo oblicuángulos, se utiliza para resolver triángulos como
los propuestos en el primer y segundo caso.</p>
<destacado><destacadoTitulo>Teorema del seno</destacadoTitulo>
<destacadoTexto>
<p>Para un triángulo de lados <cursiva>a, b, c</cursiva> y ángulos
opuestos <cursiva>A, B</cursiva> y <cursiva>C</cursiva> respectivamente
se cumple que:</p>
<formula alineacion="centrada" src="MA_10_04_CO_225.gif"></formula>
</destacadoTexto></destacado>
<p>Para solucionar un triángulo utilizando el teorema del seno es
necesario reemplazar los datos que da el problema; para ello, se debe
usar solo una de las tres igualdades que plantea el teorema.   </p>
<p>Como se dijo antes el teorema del seno se usa para resolver triángulos
en los cuales se conocen dos lados y un ángulos o dos ángulos y un
lado; por tal razón al usar una de las igualdades del teorema la expresión
queda con un solo término desconocido que se debe despejar por los
métodos habituales de ecuaciones.  </p>
<p>Ejemplo </p>
<p>Resolver el triángulo para el cual m ∡ <cursiva>A</cursiva> = 40º,
m ∡ <cursiva>B</cursiva> = 20º y <cursiva>a</cursiva> = 2 cm. </p>
<p>En este caso, se debe determinar la medida del ángulo <cursiva
>C</cursiva> y la longitud de los lados <cursiva>b</cursiva> y <cursiva
>c</cursiva>.  </p>
<p>Como se conoce la medida de dos de los ángulos, se tiene que: </p>
<p centrado="si">∡<cursiva>A</cursiva> + ∡ <cursiva>B</cursiva> +
∡ <cursiva>C</cursiva> = 180º </p>
<p centrado="si">40º + 20º + ∡ <cursiva>C</cursiva> = 180º </p>
<p centrado="si">m ∡ <cursiva>C</cursiva> = 120º </p>
<p>Con los datos, se plantea el teorema del seno así:</p>
<formula alineacion="centrada" src="MA_10_04_CO_226.gif"></formula>
<formula alineacion="centrada" src="MA_10_04_CO_227.gif"></formula>
<formula alineacion="centrada" src="MA_10_04_CO_228.gif"></formula>
<p>En forma similar, se plantea el teorema del seno para hallar la
longitud del lado <cursiva>c</cursiva>:</p>
<formula alineacion="centrada" src="MA_10_04_CO_229.gif"></formula>
<formula alineacion="centrada" src="MA_10_04_CO_230.gif"></formula>
<formula alineacion="centrada" src="MA_10_04_CO_231.gif"></formula>
<p>En conclusión en triángulo <cursiva>ABC</cursiva> tiene las siguientes
medidas:</p>
<p><cursiva>a</cursiva> = 2 cm, <cursiva>b</cursiva> = 1,06 cm, <cursiva
>c</cursiva> = 2,69 cm. </p>
<p>m ∡ <cursiva>A</cursiva> = 40º, m ∡ <cursiva>B</cursiva> = 20º,
m ∡ <cursiva>C</cursiva> = 120º. </p>
<p>En algunos casos, al resolver un triángulo usando el teorema del
seno se pueden presentar dos situaciones extrañas:</p>
<listaSinNumerar>
<listaElemento>Que no exista ningún triángulo que cumpla las condiciones.</listaElemento>
<listaElemento>Que existan dos triángulos que cumplan las condiciones.</listaElemento>
</listaSinNumerar>
<p>Ejemplo </p>
<p>Resolver el triángulo <cursiva>ABC</cursiva> para el cual <cursiva
>a</cursiva> = 4 cm, <cursiva>b</cursiva> = 5 cm y <cursiva>A</cursiva
> = 60º. </p>
<p>Al plantear el teorema del seno se tiene que:</p>
<formula alineacion="centrada" src="MA_10_04_CO_232.gif"></formula>
<formula alineacion="centrada" src="MA_10_04_CO_233.gif"></formula>
<formula alineacion="centrada" src="MA_10_04_CO_234.gif"></formula>
<p>De la definición de las funciones trigonométricas se sabe que el
seno no es mayor que 1 ni menor que –1, por lo tanto no existe ningún
ángulo que cumpla esta condición; por lo tanto se dice que no existe
ningún triángulo que verifique las condiciones dadas.  </p>
<p>Ejemplo </p>
<p>Solucionar el triángulo <cursiva>ABC</cursiva> para el cual <cursiva
>b</cursiva> = 4 cm , <cursiva>c</cursiva> = 6 cm y m ∡ <cursiva>B</cursiva
> = 20º. </p>
<p>En este caso se plantea el teorema del seno así:</p>
<formula alineacion="centrada" src="MA_10_04_CO_235.gif"></formula>
<formula alineacion="centrada" src="MA_10_04_CO_236.gif"></formula>
<formula alineacion="centrada" src="MA_10_04_CO_237.gif"></formula>
<formula alineacion="centrada" src="MA_10_04_CO_238.gif"></formula>
<formula alineacion="centrada" src="MA_10_04_CO_239.gif"></formula>
<p>Como en este caso hay dos ángulos para los cuales el seno tiene
el valor dado, significa que hay dos triángulos que verifican las
condiciones iniciales dadas en el problema; pero al usar la medida
de 149,13º se puede observar no es posible construir un triángulo
con un ángulo <cursiva>C</cursiva> de esta medida. </p>
<p>En conclusión, el triángulo debe tener las siguientes medidas de
ángulos:</p>
<p centrado="si"><cursiva>A</cursiva> = 60º, <cursiva>C</cursiva> =
30,86º, <cursiva>B</cursiva> = 89,14º  </p>
<p>Es importante anotar que en algunos casos las dos soluciones que
se generan al aplicar el teorema del seno si generan dos triángulos
como por ejemplo para el caso en el que <cursiva>a</cursiva> = 6 cm, <cursiva
>b</cursiva> = 8 cm y m∡<cursiva>A</cursiva> = 35º. En este caso se
generan dos triángulos: </p>
<p>Triángulo 1: ∡<cursiva>A</cursiva> = 35º, ∡<cursiva>B</cursiva
> = 49,9º, ∡<cursiva>C</cursiva> = 95,1º </p>
<p>Triángulo 2: ∡<cursiva>A</cursiva> = 35º, ∡<cursiva>B</cursiva
> = 130,1º, ∡<cursiva>C</cursiva> = 14,9º</p>
<practica>
<enlace
destino="/LoIdRedirect.aspx?LoId=MA_10_04_CO_Recurso200&amp;IdRecurso=RES-2DC1695A8D1649FCACBD296F23A6B6DF"
>Aplica la ley de seno</enlace>
</practica></seccion2Texto></seccion2><seccion2
id="S2_MA_10_04_CO_E5EFFAD046BD462892E733CA3B0744D7">
<seccion2Titulo>El teorema del coseno</seccion2Titulo>
<seccion2Texto>
<p>El teorema del coseno plantea tres expresiones que permiten solucionar
triángulos para los cuales la información que se conoce obedece al
tercer y cuarto caso presentado al iniciar el tema.</p>
<destacado><destacadoTitulo>Teorema del coseno</destacadoTitulo>
<destacadoTexto>
<p>Para un triángulo de lados <cursiva>a, b, c</cursiva> y ángulos
opuestos <cursiva>A, B</cursiva> y <cursiva>C</cursiva> respectivamente
se cumple que:</p>
<formula alineacion="centrada" src="MA_10_04_CO_240.gif"></formula>
<formula alineacion="centrada" src="MA_10_04_CO_241.gif"></formula>
<formula alineacion="centrada" src="MA_10_04_CO_242.gif"></formula>
</destacadoTexto></destacado>
<p>Para solucionar un triángulo usando el teorema del coseno es necesario
revisar los datos y elegir cuál de las tres expresiones se debe usar,
de tal manera que al reemplazar los datos del problema solamente quede
una incógnita por despejar. Es posible que al encontrar uno de los
datos faltantes se use el teorema del seno para encontrar los demás.</p>
<p>Ejemplo </p>
<p>Resolver el triángulo <cursiva>ABC</cursiva> para el cual <cursiva
>a</cursiva> = 5 cm, <cursiva>b</cursiva> = 8 cm y <cursiva>c</cursiva
> = 9 cm. </p>
<p>En este caso se podría usar cualquiera de las tres expresiones,
así:</p>
<formula alineacion="centrada" src="MA_10_04_CO_243.gif"></formula>
<formula alineacion="centrada" src="MA_10_04_CO_244.gif"></formula>
<formula alineacion="centrada" src="MA_10_04_CO_245.gif"></formula>
<formula alineacion="centrada" src="MA_10_04_CO_246.gif"></formula>
<formula alineacion="centrada" src="MA_10_04_CO_247.gif"></formula>
<p>Con el valor de <cursiva>A</cursiva> es posible plantear el teorema
del seno para encontrar el ángulo <cursiva>B</cursiva> o el ángulo <cursiva
>C</cursiva>; en este caso se tiene que:</p>
<formula alineacion="centrada" src="MA_10_04_CO_248.gif"></formula>
<formula alineacion="centrada" src="MA_10_04_CO_249.gif"></formula>
<formula alineacion="centrada" src="MA_10_04_CO_250.gif"></formula>
<formula alineacion="centrada" src="MA_10_04_CO_251.gif"></formula>
<p>Con las medidas de los ángulos <cursiva>A</cursiva> y <cursiva
>B</cursiva> se tiene que:</p>
<p centrado="si">∡<cursiva>A</cursiva> + ∡<cursiva>B</cursiva> + ∡<cursiva
>C</cursiva> = 180º </p>
<p centrado="si">33,55º + 62,16º + <cursiva>C</cursiva> = 180º </p>
<p centrado="si">∡<cursiva>C</cursiva> = 84,29</p>
<p>En conclusión, al resolver el triángulo ABC se obtiene: </p>
<p>∡<cursiva>A</cursiva> = 33,55º, ∡<cursiva>B</cursiva> = 62,16º,
∡<cursiva>C</cursiva> = 84,29º. </p>
<p><cursiva>a</cursiva> = 5 cm, <cursiva>b</cursiva> = 8 cm, <cursiva
>c</cursiva> = 9 cm.</p>
<p>Ejemplo </p>
<p>Resolver el triángulo para el cual <cursiva>a</cursiva> = 3 cm, <cursiva
>b</cursiva> = 4 cm y <cursiva>C</cursiva> = 40º. </p>
<p>Se plantea el teorema del coseno para hallar el lado <cursiva>c</cursiva
>, así:</p>
<formula alineacion="centrada" src="MA_10_04_CO_252.gif"></formula>
<formula alineacion="centrada" src="MA_10_04_CO_253.gif"></formula>
<formula alineacion="centrada" src="MA_10_04_CO_254.gif"></formula>
<formula alineacion="centrada" src="MA_10_04_CO_255.gif"></formula>
<formula alineacion="centrada" src="MA_10_04_CO_256.gif"></formula>
<p>Para hallar la medida del ángulo <cursiva>A</cursiva> se puede
usar el teorema del seno, así:</p>
<formula alineacion="centrada" src="MA_10_04_CO_257.gif"></formula>
<formula alineacion="centrada" src="MA_10_04_CO_258.gif"></formula>
<formula alineacion="centrada" src="MA_10_04_CO_259.gif"></formula>
<formula alineacion="centrada" src="MA_10_04_CO_260.gif"></formula>
<p>Teniendo en cuenta las medidas de <cursiva>A</cursiva> y <cursiva
>C</cursiva> se tiene que ∡<cursiva>B</cursiva> = 91,38º. </p>
<p>En conclusión: </p>
<p>∡<cursiva>A</cursiva> = 48,61º, ∡<cursiva>B</cursiva> = 91,38º,
∡<cursiva>C</cursiva> = 40º. </p>
<p><cursiva>a</cursiva> = 3 cm, <cursiva>b</cursiva> = 4 cm, <cursiva
>c</cursiva> = 2,57 cm.</p>
<practica>
<enlace
destino="/LoIdRedirect.aspx?LoId=MA_10_04_CO_Recurso210&amp;IdRecurso=RES-A021751866054FC7B8240D69C7DDA86A"
>Practica la ley de coseno</enlace>
</practica></seccion2Texto></seccion2><seccion2
id="S2_MA_10_04_CO_6691079418324076AD3A8B5B5C008783">
<seccion2Titulo>El área de un triángulo</seccion2Titulo>
<seccion2Texto>
<p>En el uso de la geometría cotidiana se determinó que el área de
un triángulo se definía por la expresión:</p>
<formula alineacion="centrada" src="MA_10_04_CO_261.gif"></formula>
<p>donde <cursiva>a</cursiva> es la base y <cursiva>h<subindice>a</subindice
></cursiva> es la altura sobre el lado <cursiva>a</cursiva>. </p>
<p>Aplicando un trigonometría se puede deducir una fórmula que permite
hallar el área de un triángulo conociendo uno de sus ángulo y la medida
de los dos lados que contienen este ángulo.</p>
<imagen src="MA_10_04_CO_IMG02_small.jpg">
<p>Triángulo <cursiva>ABC</cursiva> en el cual se ha marcado la altura
ha sobre el lado <cursiva>A</cursiva>. de foto</p>
</imagen>
<p>Para el triángulo de la imagen se tiene que:</p>
<formula alineacion="centrada" src="MA_10_04_CO_262.gif"></formula>
<formula alineacion="centrada" src="MA_10_04_CO_263.gif"></formula>
<p>Ahora, si se reemplaza la expresión para la altura en la fórmula
de área se tiene que:</p>
<formula alineacion="centrada" src="MA_10_04_CO_264.gif"></formula>
<practica>
<enlace
destino="/LoIdRedirect.aspx?LoId=MA_10_04_CO_Recurso220&amp;IdRecurso=RES-7F7B5CC057694D66ACEFB612F70DE6F1"
>Expresa el área de un triángulo usando razones trigonométricas</enlace>
</practica></seccion2Texto></seccion2><seccion2
id="S2_MA_10_04_CO_633279CE3667439D8A46785228BB29ED">
<seccion2Titulo>La solución de problemas aplicando los teoremas</seccion2Titulo>
<seccion2Texto>
<p>Algunas situaciones en contexto se pueden modelar y solucionar
usando el teorema del seno o el teorema del coseno.  </p>
<p>Para solucionar dichas situaciones se recomiendan los siguientes
pasos: </p>
<p><negrita>Paso 1</negrita>. Leer atentamente el contexto e identificar
los datos del problema sobre un dibujo. </p>
<p><negrita>Paso 2</negrita>. Plantear la proporción que relaciona
los datos del problema y el teorema del seno. </p>
<p><negrita>Paso 3</negrita>. Solucionar la expresión que genera el
teorema. </p>
<p><negrita>Paso 4</negrita>. Responder la pregunta planteada en el
problema y verificar que la respuesta es adecuada en el contexto.
 </p>
<p>Ejemplo </p>
<p>Dos observadores, que están a 1 000 pies uno del otro, observan
un avión con ángulos de 40º y 35º respectivamente. ¿A qué altura se
encuentra el avión? </p>
<p>Para solucionar el problema se siguen los pasos propuestos. </p>
<p><negrita>Paso 1</negrita>. El dibujo que representa la situación
se muestra a continuación:</p>
<imagen src="MA_10_04_CO_IMG03_small.jpg">
<p>En la imagen se describen las condiciones del problema.</p>
</imagen>
<p><negrita>Pasos 2 y 3</negrita>. Inicialmente, se nombra el ángulo
que forma el avión como ∡<cursiva>C</cursiva>; se sabe que m ∡<cursiva
>C</cursiva> = 105º. </p>
<p>Luego, se plantea el teorema del seno para hallar la longitud del
lado <cursiva>a</cursiva>:</p>
<formula alineacion="centrada" src="MA_10_04_CO_265.gif"></formula>
<formula alineacion="centrada" src="MA_10_04_CO_266.gif"></formula>
<formula alineacion="centrada" src="MA_10_04_CO_267.gif"></formula>
<p>Teniendo esta longitud, se aplica la definición de la función trigonométrica
seno para hallar la altura <cursiva>h</cursiva> del avión:</p>
<formula alineacion="centrada" src="MA_10_04_CO_268.gif"></formula>
<formula alineacion="centrada" src="MA_10_04_CO_269.gif"></formula>
<formula alineacion="centrada" src="MA_10_04_CO_270.gif"></formula>
<p><negrita>Paso 4</negrita>. El avión se encuentra a 381,69 pies
de altura.  </p>
<p>Ejemplo </p>
<p>Se desea enchapar con baldosas cuadradas un patio en forma triangular
que tiene como medidas 6 m, 7 m y 10 m en la base de las paredes.
¿En qué ángulos deben cortarse las baldosas para que queden perfectas
en las esquinas? </p>
<p>Para solucionar el problema se siguen los pasos propuestos. </p>
<p><negrita>Paso 1</negrita>. El dibujo que representa la situación
se muestra a continuación:</p>
<imagen src="MA_10_04_CO_IMG04_small.jpg">
<p>El triángulo ABC y algunos de sus datos, según se describen las
condiciones del problema.</p>
</imagen>
<p><negrita>Pasos 2 y 3</negrita>. Se aplica el teorema del coseno
para hallar la medida del ángulo <cursiva>A</cursiva>.</p>
<formula alineacion="centrada" src="MA_10_04_CO_271.gif"></formula>
<formula alineacion="centrada" src="MA_10_04_CO_272.gif"></formula>
<formula alineacion="centrada" src="MA_10_04_CO_273.gif"></formula>
<formula alineacion="centrada" src="MA_10_04_CO_274.gif"></formula>
<formula alineacion="centrada" src="MA_10_04_CO_275.gif"></formula>
<p>Para hallar los otros dos ángulos se puede usar nuevamente el teorema
del coseno o usar el teorema del seno. En los dos casos, la medida
de los ángulos es: <cursiva>B</cursiva> = 36,18º y <cursiva>C</cursiva
> = 100,2º. </p>
<p><negrita>Paso 4</negrita>. Las baldosas del vértice correspondiente
a <cursiva>A</cursiva> se deben cortar en un ángulo de 43,53º; las
baldosas del vértice correspondiente a <cursiva>B</cursiva> se deben
cortar en un ángulo de 36,18º y baldosas del vértice correspondiente
a <cursiva>C</cursiva> se deben cortar en un ángulo de 100,2º.</p>
<practica>
<enlace
destino="/LoIdRedirect.aspx?LoId=MA_10_04_CO_Recurso230&amp;IdRecurso=RES-2EAD5822D6D841D9AE24A7A5E49CFCCB"
>Resuelve triángulos oblicuángulos</enlace>
<enlace
destino="/LoIdRedirect.aspx?LoId=MA_10_04_CO_Recurso240&amp;IdRecurso=RES-4AF5ADA064874ABE987E978C2101BD0A"
>Resuelve situaciones problema que involucran triángulos oblicuángulos</enlace>
</practica></seccion2Texto></seccion2><seccion2
id="S2_MA_10_04_CO_633279CE3667439D8A46785228BB2299">
<seccion2Titulo>Consolidación</seccion2Titulo>
<seccion2Texto>
<p>Actividades para afianzar lo que has aprendido en esta sección.</p>
<practica>
<enlace
destino="/LoIdRedirect.aspx?LoId=MA_10_04_CO_Recurso260&amp;IdRecurso=RES-4F0FE8F6E4264C7F9CDED28B56B55A9B"
>Refuerza tu aprendizaje: La resolución de triángulos no rectángulos</enlace>
</practica></seccion2Texto></seccion2></seccion1Texto></seccion1>
<seccion1 id="S1_MA_10_04_CO_5D8D11AD24094835977FE2A0BA327D9E">
<seccion1Titulo>Competencias</seccion1Titulo>
<seccion1Texto><practica>
<enlace
destino="/LoIdRedirect.aspx?LoId=MA_10_04_CO_Recurso270&amp;IdRecurso=RES-219CFFEEE8B740C6B045BC2AC4EA05DC"
>Competencias: Aplicaciones de las identidades trigonométricas</enlace>
</practica></seccion1Texto></seccion1><masinformacion
id="MI_MA_10_04_CO_0673801DF135458C99D33290407A7847"><mapaconceptual>
<enlace
destino="/LoIdRedirect.aspx?LoId=MA_10_04_CO_Recurso290&amp;IdRecurso=RES-A6F7A91A3BD14177A0B6C510CDEF9185"
>Mapa Conceptual</enlace></mapaconceptual><autoevaluate><enlace
destino="/LoIdRedirect.aspx?LoId=MA_10_04_CO_Recurso300&amp;IdRecurso=RES-6A26A6C754394BABB84067D84BCC3FFE"
>Evaluación</enlace></autoevaluate><enlacesreferencia>
<enlace destino="http://tube.geogebra.org/student/m1083711URL">Observa
la construcción geométrica del seno de la suma de ángulos</enlace>
<enlace destino="http://www.vitutor.com/al/trigo/trigo_1.html">Estudia
las identidades trigonométricas</enlace>
<enlace
destino="https://es.scribd.com/doc/61328774/Problemas-Resueltos-Sobre-El-Teorema-Del-Seno-y-El-Coseno"
>Resuelve problemas aplicando los teoremas del seno y el coseno</enlace>
</enlacesreferencia></masinformacion></libro>
