<?xml version='1.0' encoding='UTF-8'?><mapa aprid="mapa">
  <copyright>(c) Editorial Planeta</copyright>
  <version>1.0</version>
  <botonMapaConceptual>mostrar</botonMapaConceptual>
  <botonMapaMudo>ocultar</botonMapaMudo>
  <botonMudo>0</botonMudo>
  <objeto>
    <ref>00</ref>
    <texto>Los cuerpos geométricos</texto>
    <hijos>11,10</hijos>
    <padre/>
    <siz>0</siz>
    <negcur>000000000000000000000000000</negcur>
    <cen>1</cen>
    <img/>
    <audio/>
  </objeto>
  <objeto>
    <ref>10</ref>
    <texto>una aplicacion
se da en</texto>
    <hijos>20</hijos>
    <padre>00</padre>
    <siz>14</siz>
    <negcur>00000000000000000000000000</negcur>
    <cen>1</cen>
    <img/>
    <audio/>
  </objeto>
  <objeto>
    <ref>20</ref>
    <texto>La cartografía</texto>
    <hijos>30</hijos>
    <padre>10</padre>
    <siz>0</siz>
    <negcur>0000000000000000</negcur>
    <cen>1</cen>
    <img/>
    <audio/>
  </objeto>
  <objeto>
    <ref>11</ref>
    <texto>son</texto>
    <hijos>21</hijos>
    <padre>00</padre>
    <siz>0</siz>
    <negcur>000</negcur>
    <cen>1</cen>
    <img/>
    <audio/>
  </objeto>
  <objeto>
    <ref>21</ref>
    <texto>Tridimensionales</texto>
    <hijos>31</hijos>
    <padre>11</padre>
    <siz>0</siz>
    <negcur>0000000000000000</negcur>
    <cen>1</cen>
    <img/>
    <audio/>
  </objeto>
  <objeto>
    <ref>30</ref>
    <texto>se define como</texto>
    <hijos>40</hijos>
    <padre>20</padre>
    <siz>0</siz>
    <negcur>000000000000000</negcur>
    <cen>1</cen>
    <img/>
    <audio/>
  </objeto>
  <objeto>
    <ref>40</ref>
    <texto>la ciencia que se
encarga del
estudio y trazado
de los mapas</texto>
    <hijos>50</hijos>
    <padre>30</padre>
    <siz>0</siz>
    <negcur>000000000000000000000000000000000000000000000000000000000000000</negcur>
    <cen>1</cen>
    <img/>
    <audio/>
  </objeto>
  <objeto>
    <ref>50</ref>
    <texto>por medio de las</texto>
    <hijos>60</hijos>
    <padre>40</padre>
    <siz>0</siz>
    <negcur>0000000000000000000</negcur>
    <cen>1</cen>
    <img/>
    <audio/>
  </objeto>
  <objeto>
    <ref>60</ref>
    <texto>proyecciones
cartográficas</texto>
    <hijos>70</hijos>
    <padre>50</padre>
    <siz>0</siz>
    <negcur>0000000000000000000000000000</negcur>
    <cen>1</cen>
    <img/>
    <audio/>
  </objeto>
  <objeto>
    <ref>70</ref>
    <texto>entendidas como</texto>
    <hijos>80</hijos>
    <padre>60</padre>
    <siz>0</siz>
    <negcur>000000000000000000000</negcur>
    <cen>1</cen>
    <img/>
    <audio/>
  </objeto>
  <objeto>
    <ref>80</ref>
    <texto>técnicas que
permiten representar
la superficie de la
tierra o parte de ella
en mapas</texto>
    <hijos>90</hijos>
    <padre>70</padre>
    <siz>0</siz>
    <negcur>000000000000000000000000000000000000000000000000000000000000000000000000000000000000000</negcur>
    <cen>1</cen>
    <img/>
    <audio/>
  </objeto>
  <objeto>
    <ref>90</ref>
    <texto>estas técnicas son</texto>
    <hijos>a2,a1,a0</hijos>
    <padre>80</padre>
    <siz>0</siz>
    <negcur>0000000000000000000</negcur>
    <cen>1</cen>
    <img/>
    <audio/>
  </objeto>
  <objeto>
    <ref>a0</ref>
    <texto>proyecciones 
acimutales</texto>
    <hijos>b0</hijos>
    <padre>90</padre>
    <siz>0</siz>
    <negcur>0000000000000000000000000000</negcur>
    <cen>1</cen>
    <img/>
    <audio/>
  </objeto>
  <objeto>
    <ref>a1</ref>
    <texto>proyecciones
cónicas</texto>
    <hijos>b1</hijos>
    <padre>90</padre>
    <siz>0</siz>
    <negcur>00000000000000000000000</negcur>
    <cen>1</cen>
    <img/>
    <audio/>
  </objeto>
  <objeto>
    <ref>a2</ref>
    <texto>proyecciones
cilíndricas</texto>
    <hijos>b2</hijos>
    <padre>90</padre>
    <siz>0</siz>
    <negcur>00000000000000000000000000</negcur>
    <cen>1</cen>
    <img/>
    <audio/>
  </objeto>
  <objeto>
    <ref>b0</ref>
    <texto>se forman</texto>
    <hijos>c0</hijos>
    <padre>a0</padre>
    <siz>0</siz>
    <negcur>000000000000000</negcur>
    <cen>1</cen>
    <img/>
    <audio/>
  </objeto>
  <objeto>
    <ref>c0</ref>
    <texto>utilizando un
plano</texto>
    <hijos>d0</hijos>
    <padre>b0</padre>
    <siz>0</siz>
    <negcur>00000000000000000000</negcur>
    <cen>1</cen>
    <img/>
    <audio/>
  </objeto>
  <objeto>
    <ref>d0</ref>
    <texto>el resultado
es</texto>
    <hijos>e0</hijos>
    <padre>c0</padre>
    <siz>0</siz>
    <negcur>0000000000000000000000</negcur>
    <cen>1</cen>
    <img/>
    <audio/>
  </objeto>
  <objeto>
    <ref>e0</ref>
    <texto>mapa que
representa
una parte de
la tierra</texto>
    <hijos/>
    <padre>d0</padre>
    <siz>0</siz>
    <negcur>00000000000000000000000000000000000000000000</negcur>
    <cen>1</cen>
    <img/>
    <audio/>
  </objeto>
  <objeto>
    <ref>b1</ref>
    <texto>se forman</texto>
    <hijos>c1</hijos>
    <padre>a1</padre>
    <siz>0</siz>
    <negcur>000000000000000</negcur>
    <cen>1</cen>
    <img/>
    <audio/>
  </objeto>
  <objeto>
    <ref>c1</ref>
    <texto>utilizando un
cono</texto>
    <hijos>d1</hijos>
    <padre>b1</padre>
    <siz>0</siz>
    <negcur>00000000000000000000</negcur>
    <cen>1</cen>
    <img/>
    <audio/>
  </objeto>
  <objeto>
    <ref>d1</ref>
    <texto>el resultado
es</texto>
    <hijos>e1</hijos>
    <padre>c1</padre>
    <siz>0</siz>
    <negcur>0000000000000000000000</negcur>
    <cen>1</cen>
    <img/>
    <audio/>
  </objeto>
  <objeto>
    <ref>e1</ref>
    <texto>mapa que
representa
una parte de
la tierra</texto>
    <hijos/>
    <padre>d1</padre>
    <siz>0</siz>
    <negcur>00000000000000000000000000000000000000000000</negcur>
    <cen>1</cen>
    <img/>
    <audio/>
  </objeto>
  <objeto>
    <ref>b2</ref>
    <texto>se forman</texto>
    <hijos>c2</hijos>
    <padre>a2</padre>
    <siz>0</siz>
    <negcur>000000000000000</negcur>
    <cen>1</cen>
    <img/>
    <audio/>
  </objeto>
  <objeto>
    <ref>c2</ref>
    <texto>utilizando un
cilindro</texto>
    <hijos>d2</hijos>
    <padre>b2</padre>
    <siz>0</siz>
    <negcur>000000000000000000000000</negcur>
    <cen>1</cen>
    <img/>
    <audio/>
  </objeto>
  <objeto>
    <ref>d2</ref>
    <texto>el resultado
es</texto>
    <hijos>e2</hijos>
    <padre>c2</padre>
    <siz>0</siz>
    <negcur>0000000000000000000000</negcur>
    <cen>1</cen>
    <img/>
    <audio/>
  </objeto>
  <objeto>
    <ref>e2</ref>
    <texto>mapa que
representa
toda la tierra</texto>
    <hijos/>
    <padre>d2</padre>
    <siz>0</siz>
    <negcur>000000000000000000000000000000000000</negcur>
    <cen>1</cen>
    <img/>
    <audio/>
  </objeto>
  <objeto>
    <ref>31</ref>
    <texto>se clasifican en</texto>
    <hijos>43,42,41</hijos>
    <padre>21</padre>
    <siz>0</siz>
    <negcur>0000000000000000000000</negcur>
    <cen>1</cen>
    <img/>
    <audio/>
  </objeto>
  <objeto>
    <ref>41</ref>
    <texto>otros cuerpos
geométricos</texto>
    <hijos>51</hijos>
    <padre>31</padre>
    <siz>0</siz>
    <negcur>0000000000000000000000000000</negcur>
    <cen>1</cen>
    <img/>
    <audio/>
  </objeto>
  <objeto>
    <ref>42</ref>
    <texto>poliedros</texto>
    <hijos>52</hijos>
    <padre>31</padre>
    <siz>0</siz>
    <negcur>000000000</negcur>
    <cen>1</cen>
    <img/>
    <audio/>
  </objeto>
  <objeto>
    <ref>43</ref>
    <texto>cuerpos redondos</texto>
    <hijos>53</hijos>
    <padre>31</padre>
    <siz>0</siz>
    <negcur>000000000000000000</negcur>
    <cen>1</cen>
    <img/>
    <audio/>
  </objeto>
  <objeto>
    <ref>51</ref>
    <texto>son los  que se
generan</texto>
    <hijos>61</hijos>
    <padre>41</padre>
    <siz>0</siz>
    <negcur>000000000000000000000000000000</negcur>
    <cen>1</cen>
    <img/>
    <audio/>
  </objeto>
  <objeto>
    <ref>61</ref>
    <texto>al cortar cuerpos
redondos o
poliedros  con un
plano</texto>
    <hijos>71</hijos>
    <padre>51</padre>
    <siz>0</siz>
    <negcur>0000000000000000000000000000000000000000000000000000000</negcur>
    <cen>1</cen>
    <img/>
    <audio/>
  </objeto>
  <objeto>
    <ref>71</ref>
    <texto>se destacan</texto>
    <hijos>82,81</hijos>
    <padre>61</padre>
    <siz>0</siz>
    <negcur>00000000000</negcur>
    <cen>1</cen>
    <img/>
    <audio/>
  </objeto>
  <objeto>
    <ref>81</ref>
    <texto>tronco de
pirámide</texto>
    <hijos>91</hijos>
    <padre>71</padre>
    <siz>0</siz>
    <negcur>00000000000000000000</negcur>
    <cen>1</cen>
    <img/>
    <audio/>
  </objeto>
  <objeto>
    <ref>82</ref>
    <texto>tronco de
cono</texto>
    <hijos>92</hijos>
    <padre>71</padre>
    <siz>0</siz>
    <negcur>00000000000000000</negcur>
    <cen>1</cen>
    <img/>
    <audio/>
  </objeto>
  <objeto>
    <ref>91</ref>
    <texto>es un 
sólido</texto>
    <hijos>a3</hijos>
    <padre>81</padre>
    <siz>0</siz>
    <negcur>0000000000000000</negcur>
    <cen>1</cen>
    <img/>
    <audio/>
  </objeto>
  <objeto>
    <ref>a3</ref>
    <texto>delimitado por
dos polígonos
semejantes
paralelos y n
paralelogramos
congruentes</texto>
    <hijos/>
    <padre>91</padre>
    <siz>0</siz>
    <negcur>0000000000000000000000000000000000000000000000000000100000000000000000000000000000000</negcur>
    <cen>1</cen>
    <img/>
    <audio/>
  </objeto>
  <objeto>
    <ref>92</ref>
    <texto>es un 
sólido</texto>
    <hijos>a4</hijos>
    <padre>82</padre>
    <siz>0</siz>
    <negcur>0000000000000000</negcur>
    <cen>1</cen>
    <img/>
    <audio/>
  </objeto>
  <objeto>
    <ref>a4</ref>
    <texto>delimitado  por 2
circunferencias
paralelas de
diferente tamaño
y una superficie
curva</texto>
    <hijos/>
    <padre>92</padre>
    <siz>0</siz>
    <negcur>00000000000000000000000000000000000000000000000000000000000000000000000000000000000000000000</negcur>
    <cen>1</cen>
    <img/>
    <audio/>
  </objeto>
  <objeto>
    <ref>52</ref>
    <texto>son aquellos que</texto>
    <hijos>62</hijos>
    <padre>42</padre>
    <siz>0</siz>
    <negcur>00000000000000000000000</negcur>
    <cen>1</cen>
    <img/>
    <audio/>
  </objeto>
  <objeto>
    <ref>62</ref>
    <texto>todas sus caras son
polígonos</texto>
    <hijos>72</hijos>
    <padre>52</padre>
    <siz>0</siz>
    <negcur>00000000000000000000000000000000</negcur>
    <cen>1</cen>
    <img/>
    <audio/>
  </objeto>
  <objeto>
    <ref>72</ref>
    <texto>se destacan</texto>
    <hijos>84,83</hijos>
    <padre>62</padre>
    <siz>0</siz>
    <negcur>00000000000</negcur>
    <cen>1</cen>
    <img/>
    <audio/>
  </objeto>
  <objeto>
    <ref>83</ref>
    <texto>pirámide</texto>
    <hijos>93</hijos>
    <padre>72</padre>
    <siz>0</siz>
    <negcur>00000000</negcur>
    <cen>1</cen>
    <img/>
    <audio/>
  </objeto>
  <objeto>
    <ref>84</ref>
    <texto>prisma</texto>
    <hijos>94</hijos>
    <padre>72</padre>
    <siz>0</siz>
    <negcur>000000</negcur>
    <cen>1</cen>
    <img/>
    <audio/>
  </objeto>
  <objeto>
    <ref>93</ref>
    <texto>es un 
poliedro</texto>
    <hijos>a5</hijos>
    <padre>83</padre>
    <siz>0</siz>
    <negcur>00000000000000000000</negcur>
    <cen>1</cen>
    <img/>
    <audio/>
  </objeto>
  <objeto>
    <ref>a5</ref>
    <texto>delimitado por
un polígono, caras
triangulares y un
punto.</texto>
    <hijos/>
    <padre>93</padre>
    <siz>0</siz>
    <negcur>000000000000000000000000000000000000000000000000000000000000000</negcur>
    <cen>1</cen>
    <img/>
    <audio/>
  </objeto>
  <objeto>
    <ref>94</ref>
    <texto>es un 
poliedro</texto>
    <hijos>a6</hijos>
    <padre>84</padre>
    <siz>0</siz>
    <negcur>0000000000000000</negcur>
    <cen>1</cen>
    <img/>
    <audio/>
  </objeto>
  <objeto>
    <ref>a6</ref>
    <texto>delimitado por
dos polígonos
congruentes
paralelos y n
paralegramos
congruentes</texto>
    <hijos/>
    <padre>94</padre>
    <siz>0</siz>
    <negcur>000000000000000000000000000000000000000000000000000001000000000000000000000000000000</negcur>
    <cen>1</cen>
    <img/>
    <audio/>
  </objeto>
  <objeto>
    <ref>53</ref>
    <texto>son aquellos que</texto>
    <hijos>63</hijos>
    <padre>43</padre>
    <siz>0</siz>
    <negcur>0000000000000000000000</negcur>
    <cen>1</cen>
    <img/>
    <audio/>
  </objeto>
  <objeto>
    <ref>63</ref>
    <texto>al menos una de sus
caras es de forma
curva</texto>
    <hijos>73</hijos>
    <padre>53</padre>
    <siz>0</siz>
    <negcur>0000000000000000000000000000000000000000000000</negcur>
    <cen>1</cen>
    <img/>
    <audio/>
  </objeto>
  <objeto>
    <ref>73</ref>
    <texto>se destacan</texto>
    <hijos>87,86,85</hijos>
    <padre>63</padre>
    <siz>0</siz>
    <negcur>00000000000000</negcur>
    <cen>1</cen>
    <img/>
    <audio/>
  </objeto>
  <objeto>
    <ref>85</ref>
    <texto>esfera</texto>
    <hijos>95</hijos>
    <padre>73</padre>
    <siz>0</siz>
    <negcur>000000</negcur>
    <cen>1</cen>
    <img/>
    <audio/>
  </objeto>
  <objeto>
    <ref>86</ref>
    <texto>cono</texto>
    <hijos>96</hijos>
    <padre>73</padre>
    <siz>0</siz>
    <negcur>0000</negcur>
    <cen>1</cen>
    <img/>
    <audio/>
  </objeto>
  <objeto>
    <ref>87</ref>
    <texto>cilindro</texto>
    <hijos>97</hijos>
    <padre>73</padre>
    <siz>0</siz>
    <negcur>00000000</negcur>
    <cen>1</cen>
    <img/>
    <audio/>
  </objeto>
  <objeto>
    <ref>95</ref>
    <texto>es un 
cuerpo</texto>
    <hijos>a7</hijos>
    <padre>85</padre>
    <siz>0</siz>
    <negcur>00000000000000</negcur>
    <cen>1</cen>
    <img/>
    <audio/>
  </objeto>
  <objeto>
    <ref>a7</ref>
    <texto>delimitado por
una superficie
curva que
equidista de un
punto central</texto>
    <hijos/>
    <padre>95</padre>
    <siz>0</siz>
    <negcur>000000000000000000000000000000000000000000000000000000000000000000000000</negcur>
    <cen>1</cen>
    <img/>
    <audio/>
  </objeto>
  <objeto>
    <ref>96</ref>
    <texto>es un 
cuerpo</texto>
    <hijos>a8</hijos>
    <padre>86</padre>
    <siz>0</siz>
    <negcur>00000000000000000</negcur>
    <cen>1</cen>
    <img/>
    <audio/>
  </objeto>
  <objeto>
    <ref>a8</ref>
    <texto>delimitado
por una
circunferencia,
un punto y una
superficie curva
cerrada</texto>
    <hijos/>
    <padre>96</padre>
    <siz>0</siz>
    <negcur>000000000000000000000000000000000000000000000000000000000000000000000000000000</negcur>
    <cen>1</cen>
    <img/>
    <audio/>
  </objeto>
  <objeto>
    <ref>97</ref>
    <texto>es un 
cuerpo</texto>
    <hijos>a9</hijos>
    <padre>87</padre>
    <siz>0</siz>
    <negcur>000000000000000</negcur>
    <cen>1</cen>
    <img/>
    <audio/>
  </objeto>
  <objeto>
    <ref>a9</ref>
    <texto>delimitado por 2
circunferencias
congruentes y una
superficie curva
cerrada</texto>
    <hijos/>
    <padre>97</padre>
    <siz>0</siz>
    <negcur>000000000000000000000000000000000000000000000000000000000000000000000000000000</negcur>
    <cen>1</cen>
    <img/>
    <audio/>
  </objeto>
</mapa>