<?xml version='1.0' encoding='UTF-8'?><engine copy="Editorial Planeta" version="1" aprid="f13" title="Competencias: demuestra propiedades de los cuadriláteros " >
<section title="Los paralelogramos" path="" pathAmp="" image1Text="" zoom1="false" zoom2a="false" zoom2b="false" layout="2" >
<![CDATA[<p><strong>Antes de iniciar es importante:</strong></p>

<p style="text-align: justify;">Tener en cuenta que dentro de los paralelogramos existen diferentes cuadril&aacute;teros como:</p>

<p style="text-align: justify;">-Cuadrados</p>

<p style="text-align: justify;">-Rect&aacute;ngulos.</p>

<p style="text-align: justify;">-Rombos&nbsp;</p>

<p style="text-align: justify;">-Romboides</p>

<p style="text-align: justify;">Todos los paralelogramos cumplen unas propiedades importantes que debemos recordar:</p>

<p style="text-align: justify;">1) En todo paralelolagramo los &aacute;ngulos opuestos son iguales y los adyacentes&nbsp;a un mismo lado son suplemento.</p>

<p style="text-align: justify;">2)En todo paralelogramo los lados opuestos son iguales&nbsp;</p>

<p style="text-align: justify;">3)En todo paralelogramo las diagonales se cortan mutuamente en partes iguales.</p>

<p style="text-align: justify;">4)las diagonales de un rect&aacute;ngulo son iguales.</p>

<p style="text-align: justify;">5)Las diagonales de un rombo son perpendiculares entre si y bisectrices de sus &aacute;ngulos.</p>

<p style="text-align: justify;">6) &nbsp;Las diagonales de un cuadrado son iguales, perpendiculares y bisectrices de sus &aacute;ngulos.</p>

<p style="text-align: center;">&nbsp;<strong>AHORA VAMOS A COMPROBARLO POR MEDIO DEL PLEGADO DE PAPEL, SER&Aacute; MUY DIVERDIDO.</strong></p>

<p style="text-align: center;">&nbsp;</p>
]]></section>
<section title="Construcción de cuadriláteros" path="rectangulo.png" pathAmp="rectangulo_2.png" image1Text="&lt;p&gt;Las l&amp;iacute;neas rojas son las diagonales del rect&amp;aacute;ngulo.&lt;/p&gt;
" zoom1="true" zoom2a="false" zoom2b="false" layout="0" >
<![CDATA[<p style="text-align:center"><strong>Observa lo f&aacute;cil que es construir cuadril&aacute;teros e identificar sus propiedades.</strong></p>

<p style="text-align:center">&nbsp;</p>

<p style="text-align:justify"><strong>&nbsp;El rect&aacute;ngulo:</strong></p>

<p style="text-align:justify">1. Toma un pedazo de papel, dobla uno de sus lados y c&oacute;rtalo.</p>

<p style="text-align:justify">2. Construye con un doblez una paralela al lado que has cortado.</p>

<p style="text-align:justify">3. Construye dos perpendiculares a las paralelas, tal como se muestra en la figura para completar los lados que faltan al rect&aacute;ngulo.</p>

<p style="text-align:justify">4. Marca con un l&aacute;piz la figura obtenida.</p>

<p style="text-align:justify">&nbsp;</p>

<p style="text-align:justify"><em>Elementos del rect&aacute;ngulo:</em></p>

<p style="text-align:justify">Dobla el rect&aacute;ngulo a trav&eacute;s de dos de sus v&eacute;rtices no consecutivos, este doblez recibe el nombre de diagonal, construye la otra diagonal siguiendo el mismo procedimiento.</p>

<p style="text-align:justify">&nbsp;</p>
]]></section>
<section title="Construcción de cuadriláteros" path="rombo1.png" pathAmp="rombo2.png" image1Text="&lt;p&gt;Recuerda probar que el rombo elaborado cumpla con las propiedades.&lt;/p&gt;
" zoom1="true" zoom2a="false" zoom2b="false" layout="0" >
<![CDATA[<p><strong>El rombo:</strong></p>

<p>1. Construye una regi&oacute;n rectangular B&rsquo;C&rsquo;D&rsquo;e&rsquo;, haz dobleces en mitad superponiendo el lado B&rsquo;E&rsquo; sobre C&rsquo;D&rsquo; y B&rsquo;C&rsquo; sobre D&rsquo;E&rsquo; para obtener los puntos medios de los lados B, C, D, E&nbsp;y el punto central O.</p>

<p>2. Haz un doblez que vaya de B&nbsp;a C, otro que vaya de C&nbsp;a D, otro de D&nbsp;a E&nbsp;y otro de E&nbsp;a B. 3. Corta las regiones triangulares que se forman con los puntos BB&rsquo; E; BC&rsquo;C; CD&rsquo;D&nbsp;y DE&rsquo;E</p>

<p>&nbsp;4. En este paso ya debes tener un rombo.</p>

<p>5. BD y DE son las diagonales del rombo.</p>
]]></section>
<section title="Ejercitación" path="" pathAmp="" image1Text="" zoom1="false" zoom2a="false" zoom2b="false" layout="2" >
<![CDATA[<p>1)Para poder comprobar las propiedades de los rect&aacute;ngulos, realiza construcciones diferentes rect&aacute;ngulos por medio del plegado de papely responde las siguientes preguntas:</p>

<p>-&iquest;Los cuatros &aacute;ngulos son rectos e iguales?</p>

<p>-&iquest;Las parejas de lados opuestos son iguales o no?</p>

<p>-&iquest;Las medidas de las diagonales son iguales o diferentes?</p>

<p>2) Construye varios rombos y responde:</p>

<p>- &iquest;Los cuatro &aacute;ngulos son iguales?</p>

<p>- &iquest;Los diagonales son perpendiculares entre s&iacute;?</p>

<p>- Con respecto al punto O, &iquest;es el punto medio de las diagonales?</p>

<p>- Los &aacute;ngulos opuestos, &iquest;son iguales o son diferentes?</p>

<p>- El rombo, &iquest;es un paralelogramo?</p>

<p>3) Realiza con papel construcciones de los diferentes tipos de paraelogramos y prueba las propiedadas de estos.</p>
]]></section>
</engine>