<?xml version='1.0' encoding='UTF-8'?><engine copy="Editorial Planeta" version="1" aprid="f13" title="Los números enteros en situaciones cotidianas" >
<section title="Presentación" path2a="MA_07_01_C0_REC250_IMG01n.jpg" path2b="MA_07_01_C0_REC250_IMG02n.jpg" path2aAmp="MA_07_01_C0_REC250_IMG01a.jpg" path2bAmp="MA_07_01_C0_REC250_IMG02a.jpg" image1Text="" zoom1="true" zoom2a="true" zoom2b="true" layout="4" >
<![CDATA[

<p><span style="font-size:18px"><span style="font-family:verdana,geneva,sans-serif">Existen diferenes situaciones de nuestro entorno en donde se pueden aplicar los n&uacute;meros enteros. Alturas -&nbsp;profundidades; ganancias - perdidas; por encima o por debajo, desplazamientos a la izquierda o a la derecha, etc.&nbsp;</span></span></p>

<p><span style="font-family:verdana,geneva,sans-serif">Muchas de esas situaciones se consideran contrarias, por ejemplo hay goles a favor y goles en contra; hay temperaturas bajo cero y por encima de cero, puede subir el precio de las acciones en la banca o puede bajar, etc.</span></p>

<p><span style="font-family:verdana,geneva,sans-serif">Para representar matem&aacute;ticamente esas situaciones, se estableci&oacute; que&nbsp;los n&uacute;meros asociados a cada situaci&oacute;n est&eacute;n acompa&ntilde;ados de un signo m&aacute;s (+) o de un signo menos (&ndash;). Esto llev&oacute; a la necesidad de ampliar&nbsp;el conjunto de los n&uacute;meros naturales.</span></p>

<p><span style="font-family:verdana,geneva,sans-serif">El conjunto de los n&uacute;meros naturales unido con el cero y los opuestos de los naturales, forman el conjunto de&nbsp;los <strong>n&uacute;meros enteros</strong>.</span></p>

<p style="text-align: center;"><span style="font-family:verdana,geneva,sans-serif">&Zeta; = {..., &ndash;3,&nbsp;&ndash;2,&nbsp;&ndash;1, 0, 1, 2, 3, ...}</span></p>

<p>&nbsp;</p>

<p style="text-align: center;">&nbsp;</p>

<p style="text-align: center;">&nbsp;</p>

<p>&nbsp;</p>
]]></section>
<section title="Números en la recta" path="sin_titulo.png" pathAmp="" image1Text="" zoom1="false" zoom2a="false" zoom2b="false" layout="0" >
<![CDATA[

<p><span style="font-size:18px"><span style="font-family:verdana,geneva,sans-serif">A cada n&uacute;mero&nbsp;entero le corresponde un punto en la recta num&eacute;rica. Para ubicarlos es necesario ubicar el cero.</span></span></p>

<p><span style="font-size:18px"><span style="font-family:verdana,geneva,sans-serif">A la izquierda de cero quedan ubicados los n&uacute;meros enteros negativos y a la derecha, los n&uacute;meros positivos. Considerando en todos los casos distancias equistantes entre los n&uacute;meros.</span></span></p>

<p><span style="font-size:18px"><span style="font-family:verdana,geneva,sans-serif">En la imagen puedes observar una recta num&eacute;rica, a partir de ella responde las siguientes preguntas.</span></span></p>

<ul>
	<li><span style="font-size:18px"><span style="font-family:verdana,geneva,sans-serif">&iquest;Cu&aacute;l es el punto que se toma como referencia para ubicar los n&uacute;meros enterps positivos y los n&uacute;meros enteros negativos?</span></span></li>
	<li><span style="font-size:18px"><span style="font-family:verdana,geneva,sans-serif">&iquest;Qu&eacute; n&uacute;mero enteros se encuentran entre -5 y 5?</span></span></li>
	<li><span style="font-size:18px"><span style="font-family:verdana,geneva,sans-serif">&iquest;C&oacute;mo son las distancias desde 0 hasta 4&nbsp;y desde 0 hasta&nbsp;&ndash;4?</span></span></li>
	<li><span style="font-size:18px"><span style="font-family:verdana,geneva,sans-serif">&iquest;Qu&eacute; n&uacute;mero es mayor&nbsp;&ndash;5 o&nbsp;&ndash;7?</span></span></li>
	<li><span style="font-size:18px"><span style="font-family:verdana,geneva,sans-serif">Elabora una recta num&eacute;rica y ubica los n&uacute;meros: &ndash;3, 4 y &ndash;2.</span></span></li>
</ul>
]]></section>
<section title="Aplicaciones" path="MA_07_01_C0_REC250_IMG04n.jpg" pathAmp="MA_07_01_C0_REC250_IMG04a.jpg" image1Text="" zoom1="true" zoom2a="false" zoom2b="false" layout="0" >
<![CDATA[

<p><span style="font-size:18px"><span style="font-family:verdana,geneva,sans-serif">Identifica en las siguientes situaciones el n&uacute;mero entero que la representa y escr&iacute;belo.</span></span></p>

<ol>
	<li><span style="font-size:18px"><span style="font-family:verdana,geneva,sans-serif">Mi hermano vive tres pisos abajo de mi apartamento.</span></span></li>
	<li><span style="font-size:18px"><span style="font-family:verdana,geneva,sans-serif">El edificio del Banco de la Rep&uacute;blica queda seis calles despu&eacute;s de la casa del presidente.</span></span></li>
	<li><span style="font-size:18px"><span style="font-family:verdana,geneva,sans-serif">Ayer perd&iacute; $150 000 que llevaba en la billetera.</span></span></li>
	<li><span style="font-size:18px"><span style="font-family:verdana,geneva,sans-serif">La ciudad de Cartagena queda sobre el nivel del mar.</span></span></li>
	<li><span style="font-size:18px"><span style="font-family:verdana,geneva,sans-serif">El submarino rob&oacute;tico <em>Nereus</em>, alcanz&oacute; la mayor profundidad registrada hasta el momento, 10 902 metros de profundidad bajo el nivel del mar.</span></span></li>
	<li><span style="font-size:18px"><span style="font-family:verdana,geneva,sans-serif">Pedro pag&oacute; una multa de 150 d&oacute;lares por cambiar la fecha de su vuelo a Chigaco.</span></span></li>
	<li><span style="font-size:18px"><span style="font-family:verdana,geneva,sans-serif">Un avi&oacute;n comercial emplea 8 horas para legar de Paris a new York.&nbsp;El Concorde, un&nbsp;avi&oacute;n supers&oacute;nico, hace el mismo recorriod utilizando 4 horas menos.</span></span></li>
</ol>

<p>&nbsp;</p>

<p>&nbsp;</p>

<p>&nbsp;</p>

<p>&nbsp;</p>
]]></section>
<section title="Plano cartesiano" path="coordenadas.png" pathAmp="" image1Text="" zoom1="false" zoom2a="false" zoom2b="false" layout="1" >
<![CDATA[

<p><span style="font-size:18px"><span style="font-family:verdana,geneva,sans-serif">Realiza las siguientes&nbsp;actividades.</span></span></p>

<ol>
	<li><span style="font-size:18px"><span style="font-family:verdana,geneva,sans-serif">En la imagen se muestra un plano cartesiano en donde los puntos: <em>A</em>, <em>B</em>,&nbsp;<em>C</em>,&nbsp;<em>D</em>,&nbsp;<em>E</em>,&nbsp;<em>F</em> corresponden a coordenadas cartesianas.</span></span></li>
</ol>

<ul>
	<li><span style="font-size:18px"><span style="font-family:verdana,geneva,sans-serif">Escribe las coordenadas para cada uno de los puntos, <em>A</em>,&nbsp;<em>B</em>,&nbsp;<em>C</em>,&nbsp;<em>D</em>,&nbsp;<em>E</em>,&nbsp;<em>F.</em></span></span></li>
	<li><span style="font-size:18px"><span style="font-family:verdana,geneva,sans-serif">Elabora un plano cartesiano y ubica las coordenadas: <em>M</em> (-2, 0), <em>l&nbsp;</em>(0,4)<em>,</em>&nbsp;&nbsp;&nbsp;<em>K (3, -5).</em></span></span></li>
</ul>

<ol start="2">
	<li><span style="font-size:18px"><span style="font-family:verdana,geneva,sans-serif">Establece el valor absoluto para cada uno de los numeros enteros&nbsp;que conforman las coordenadas de los puntos <em>A</em>,&nbsp;<em>B</em>,&nbsp;<em>C</em>,&nbsp;<em>D</em>,&nbsp;<em>E</em>,&nbsp;<em>F.</em></span></span></li>
</ol>

<p>&nbsp;</p>
]]></section>
</engine>