﻿<?xml version="1.0" encoding="utf-8"?><motor tipo="5" clase="a" aprid="m5a"><plataforma><grado><![CDATA[2]]></grado><titulo>Evaluación</titulo><area>0</area><nivel>2</nivel><referencia /><idreg><![CDATA[0]]></idreg><motor><![CDATA[M5A]]></motor><lang>es</lang></plataforma><enunciado><![CDATA[Evalúa tus conocimientos sobre el tema funciones y gráficas.]]></enunciado><masinfo inicio="0" /><sinaleatoriedad><![CDATA[0]]></sinaleatoriedad><calc><![CDATA[0]]></calc><respuestaunica><![CDATA[0]]></respuestaunica><test cantidad="10"><cuestion><enunciado><![CDATA[¿En qué cuadrante se encuentra el punto (3, –4)?]]></enunciado><explicacion><![CDATA[Recuerda que la numeración de los cuadrantes se realiza iniciando en el cuadrante positivo en las abscisas y positivo en las ordenadas.]]></explicacion><imagen><![CDATA[MA_07_10_REC220_IMG01n.png]]></imagen><ampliacion><![CDATA[MA_07_10_REC220_IMG01a.png]]></ampliacion><respuestas><respuesta contestacion="En el cuarto cuadrante." correcta="1" /><respuesta contestacion="En el primer cuadrante." correcta="0" /><respuesta contestacion="En el segundo cuadrante." correcta="0" /><respuesta contestacion="En el tercer cuadrante." correcta="0" /></respuestas></cuestion><cuestion><enunciado><![CDATA[De acuerdo con el mapa, que está sobre un plano cartesiano, las coordenadas del parque ({{cur}}P{{normal}}) y el hospital ({{cur}}H{{normal}}) son respectivamente:]]></enunciado><explicacion><![CDATA[En las coordenadas primero se indica el eje de las abscisas y luego el eje de las ordenadas.]]></explicacion><imagen><![CDATA[MA_07_10_REC220_IMG02n.png]]></imagen><ampliacion><![CDATA[MA_07_10_REC220_IMG02a.png]]></ampliacion><respuestas><respuesta contestacion="{{cur}}P{{normal}} = (2, –1), {{cur}}H{{normal}} = (–3, –1)" correcta="1" /><respuesta contestacion="{{cur}}P{{normal}} = (2, 1), {{cur}}H{{normal}} = (3, 1)" correcta="0" /><respuesta contestacion="{{cur}}P{{normal}} = (–2, –1), {{cur}}H{{normal}}= (–3, –1)" correcta="0" /><respuesta contestacion="{{cur}}P{{normal}} = (2, –1), {{cur}}H{{normal}} = (3, –1)" correcta="0" /></respuestas></cuestion><cuestion><enunciado><![CDATA["En el cuadrante III se encuentran los puntos con coordenadas negativas" es una afirmación:]]></enunciado><explicacion><![CDATA[Revisa los signos que corresponden a cada uno de los cuadrantes en el plano cartesiano.]]></explicacion><imagen><![CDATA[MA_07_10_REC220_IMG03n.png]]></imagen><ampliacion><![CDATA[MA_07_10_REC220_IMG03a.png]]></ampliacion><respuestas><respuesta contestacion="Verdadera, el valor {{cur}}X{{normal}} y {{cur}}Y{{normal}} de cada punto son negativos." correcta="1" /><respuesta contestacion="Falsa, el punto (–2, 3) está en ese cuadrante." correcta="0" /><respuesta contestacion="Verdadera, el producto de las coordenadas es negativo." correcta="0" /><respuesta contestacion="Falso, el producto de las coordenadas es positivo." correcta="0" /></respuestas></cuestion><cuestion><enunciado><![CDATA[Alquilar un automovil cuesta $25 000 de entrada más $12 000 por día de alquiler. ¿Qué función indica el costo según los días de alquiler?]]></enunciado><explicacion><![CDATA[Por cada día que alquile el coche cobran $12 000 y los $25 000 es un costo fijo que se cobrará]]></explicacion><imagen><![CDATA[MA_07_10_REC220_IMG04n.png]]></imagen><ampliacion><![CDATA[MA_07_10_REC220_IMG04a.png]]></ampliacion><respuestas><respuesta contestacion="{{cur}}y{{normal}} = 12 000{{cur}}x{{normal}} + 25 000" correcta="1" /><respuesta contestacion="{{cur}}y{{normal}} = 12 000{{cur}}x{{normal}}" correcta="0" /><respuesta contestacion="{{cur}}y{{normal}} = 25 000{{cur}}x{{normal}} + 12 000" correcta="0" /><respuesta contestacion="{{cur}}y{{normal}} = 25 000{{cur}}x{{normal}}" correcta="0" /></respuestas></cuestion><cuestion><enunciado><![CDATA[¿Qué funcion relaciona el lado de un cuadrado con su perímetro?]]></enunciado><explicacion><![CDATA[El perimetro de un cuadrado es cuatro veces la medida de su lado.]]></explicacion><imagen><![CDATA[MA_07_10_REC220_IMG05n.png]]></imagen><ampliacion><![CDATA[MA_07_10_REC220_IMG05a.png]]></ampliacion><respuestas><respuesta contestacion="{{cur}}y{{normal}} = 4{{cur}}x{{normal}}" correcta="1" /><respuesta contestacion="{{cur}}y{{normal}} = 4 + {{cur}}x{{normal}}" correcta="0" /><respuesta contestacion="{{cur}}y{{normal}} = 2{{cur}}x{{normal}}" correcta="0" /><respuesta contestacion="{{cur}}y{{normal}} = x{{sup}}2{{normal}}" correcta="0" /></respuestas></cuestion><cuestion><enunciado><![CDATA[La gráfica que se muestra en la imágen tiene como fórmula:]]></enunciado><explicacion><![CDATA[Establece los puntos de cohorte con el eje {{cur}}x{{normal}} y {{cur}}y{{normal}}]]></explicacion><imagen><![CDATA[MA_07_10_REC220_IMG06n.png]]></imagen><ampliacion><![CDATA[MA_07_10_REC220_IMG06a.png]]></ampliacion><respuestas><respuesta contestacion="{{cur}}y{{normal}} = 2{{cur}}x{{normal}} – 1" correcta="1" /><respuesta contestacion="{{cur}}y{{normal}} = 3{{cur}}x{{normal}} – 1" correcta="0" /><respuesta contestacion="{{cur}}y{{normal}} = 2{{cur}}x{{normal}} + 1" correcta="0" /><respuesta contestacion="{{cur}}y{{normal}} = –2{{cur}}x{{normal}} – 1" correcta="0" /></respuestas></cuestion><cuestion><enunciado><![CDATA[¿Cuál de las siguientes imágenes {{cur}}no{{normal}} representa una función?]]></enunciado><explicacion><![CDATA[Recordar la manera en que se define una función]]></explicacion><imagen><![CDATA[MA_07_10_REC220_IMG07n.png]]></imagen><ampliacion><![CDATA[MA_07_10_REC220_IMG07a.png]]></ampliacion><respuestas><respuesta contestacion="a" correcta="0" /><respuesta contestacion="a y b" correcta="0" /><respuesta contestacion="b" correcta="0" /><respuesta contestacion="b y c" correcta="1" /><respuesta contestacion="c" correcta="0" /></respuestas></cuestion><cuestion><enunciado><![CDATA[El valor de la pendiente de la expresión {{cur}}y{{normal}} = 5{{cur}}x{{normal}} + 4 es:]]></enunciado><explicacion><![CDATA[La pendiente es la constante que acompaña la variable en una función lineal.]]></explicacion><imagen><![CDATA[MA_07_10_REC220_IMG08n.png]]></imagen><ampliacion><![CDATA[MA_07_10_REC220_IMG08a.png]]></ampliacion><respuestas><respuesta contestacion="5" correcta="1" /><respuesta contestacion="4" correcta="0" /><respuesta contestacion="5/4" correcta="0" /><respuesta contestacion="4/5" correcta="0" /><respuesta contestacion="9" correcta="0" /></respuestas></cuestion><cuestion><enunciado><![CDATA[La pendiente de la recta que pasa por los puntos (6, 8) y (2, 3) es:]]></enunciado><explicacion><![CDATA[Reemplaza los valores dados en la fórmula de la pendiente de una recta]]></explicacion><imagen><![CDATA[MA_07_10_REC220_IMG09n.png]]></imagen><ampliacion><![CDATA[MA_07_10_REC220_IMG09a.png]]></ampliacion><respuestas><respuesta contestacion="5/4" correcta="1" /><respuesta contestacion="8/6" correcta="0" /><respuesta contestacion="–3/2" correcta="0" /><respuesta contestacion="6/9" correcta="0" /><respuesta contestacion="3/8" correcta="0" /></respuestas></cuestion><cuestion><enunciado><![CDATA[La fórmula de la función que asocia a cada número su triple menos cinco es:]]></enunciado><explicacion><![CDATA[Toma a {{cur}}x{{normal}} por valor para la incógnita y sobre el realiza los operaciones indicadas en el enunciado]]></explicacion><imagen><![CDATA[MA_07_10_REC220_IMG10n.png]]></imagen><ampliacion><![CDATA[MA_07_10_REC220_IMG10a.png]]></ampliacion><respuestas><respuesta contestacion="{{cur}}y{{normal}} = 3{{cur}}x{{normal}} – 5" correcta="1" /><respuesta contestacion="{{cur}}y{{normal}} = 6{{cur}}x{{normal}} + 5" correcta="0" /><respuesta contestacion="{{cur}}y{{normal}} = {{cur}}x{{normal}} – 5" correcta="0" /><respuesta contestacion="{{cur}}y{{normal}} = 5{{cur}}x{{normal}} – 3" correcta="0" /></respuestas></cuestion></test></motor>