﻿<?xml version="1.0" encoding="utf-8"?><motor tipo="4" clase="a" aprid="M4a">
  <plataforma>
    <grado><![CDATA[2]]></grado>
    <titulo>Halla la fórmula a partir de las coordenadas y la pendiente</titulo>
    <area>3</area>
    <nivel>2</nivel>
    <referencia><![CDATA[MT_07_17_B]]></referencia>
    <idreg><![CDATA[5657]]></idreg>
    <motor><![CDATA[M4A]]></motor>
    <lang>es</lang>
  </plataforma>
  <enunciado><![CDATA[Halla la fórmula de las funciones lineales que se indican en cada ejercicio.]]></enunciado>
  <masinfo inicio="0"><![CDATA[Recuerda que puedes resolver las cuestiones planteadas dibujando mediante el programa GeoGebra las gráficas de las soluciones propuestas, seleccionando después la correcta.]]></masinfo>
  <sinaleatoriedad><![CDATA[0]]></sinaleatoriedad>
  <calc><![CDATA[0]]></calc>
  <respuestaunica><![CDATA[0]]></respuestaunica>
  <test cantidad="6">
    <cuestion>
      <enunciado><![CDATA[Indica cuál de las siguientes funciones tiene pendiente 2 (coeficiente de {{cur}}x{{normal}}) y pasa por el punto (3, 1).]]></enunciado>
      <explicacion/>
      <imagen/>
      <respuestas>
        <respuesta contestacion="{{cur}}y{{normal}} = 2{{cur}}x{{normal}} – 5" correcta="1"/>
        <respuesta contestacion="{{cur}}y{{normal}} = 2{{cur}}x{{normal}} + 3" correcta="0"/>
        <respuesta contestacion="{{cur}}y{{normal}} = 3{{cur}}x{{normal}} + 1" correcta="0"/>
        <respuesta contestacion="{{cur}}y{{normal}} = 2{{cur}}x{{normal}} – 3" correcta="0"/>
      </respuestas>
    </cuestion>
    <cuestion>
      <enunciado><![CDATA[Indica cuál de las siguientes funciones tiene pendiente 5 (coeficiente de {{cur}}x{{normal}}) y pasa por el punto (0, 4).]]></enunciado>
      <explicacion/>
      <imagen/>
      <respuestas>
        <respuesta contestacion="{{cur}}y{{normal}} = 5{{cur}}x{{normal}} + 4" correcta="1"/>
        <respuesta contestacion="{{cur}}y{{normal}} = 5{{cur}}x{{normal}} – 4" correcta="0"/>
        <respuesta contestacion="{{cur}}y{{normal}} = 5{{cur}}x{{normal}} – 5" correcta="0"/>
        <respuesta contestacion="{{cur}}y{{normal}} = 5{{cur}}x{{normal}} + 5" correcta="0"/>
      </respuestas>
    </cuestion>
    <cuestion>
      <enunciado><![CDATA[Indica cuál de las siguientes funciones tiene pendiente 1 (coeficiente de {{cur}}x{{normal}}) y pasa por el punto (2, 3).]]></enunciado>
      <explicacion/>
      <imagen/>
      <respuestas>
        <respuesta contestacion="{{cur}}y{{normal}} = {{cur}}x{{normal}} + 3" correcta="0"/>
        <respuesta contestacion="{{cur}}y{{normal}} = {{cur}}x{{normal}} + 1" correcta="1"/>
        <respuesta contestacion="{{cur}}y{{normal}} = {{cur}}x{{normal}} – 3" correcta="0"/>
        <respuesta contestacion="{{cur}}y{{normal}} = {{cur}}x{{normal}} – 2" correcta="0"/>
      </respuestas>
    </cuestion>
    <cuestion>
      <enunciado><![CDATA[Indica cuál de las siguientes funciones tiene pendiente –1 (coeficiente de {{cur}}x{{normal}}) y pasa por el punto (0, 6).]]></enunciado>
      <explicacion/>
      <imagen/>
      <respuestas>
        <respuesta contestacion="{{cur}}y{{normal}} = {{cur}}x{{normal}} – 1" correcta="0"/>
        <respuesta contestacion="{{cur}}y{{normal}} = 6 – {{cur}}x{{normal}} " correcta="1"/>
        <respuesta contestacion="{{cur}}y{{normal}} = {{cur}}x{{normal}} – 6" correcta="0"/>
        <respuesta contestacion="{{cur}}y{{normal}} = –{{cur}}x{{normal}} – 6" correcta="0"/>
      </respuestas>
    </cuestion>
    <cuestion>
      <enunciado><![CDATA[Indica cuál de las siguientes funciones tiene pendiente –4 (coeficiente de {{cur}}x{{normal}}) y pasa por el punto (–1, 1).]]></enunciado>
      <explicacion/>
      <imagen/>
      <respuestas>
        <respuesta contestacion="{{cur}}y{{normal}} = –4{{cur}}x{{normal}} – 3" correcta="1"/>
        <respuesta contestacion="{{cur}}y{{normal}} = {{cur}}x{{normal}} – 1" correcta="0"/>
        <respuesta contestacion="{{cur}}y{{normal}} = –4{{cur}}x{{normal}} + 3" correcta="0"/>
        <respuesta contestacion="{{cur}}y{{normal}} = –4{{cur}}x{{normal}} + 1" correcta="0"/>
      </respuestas>
    </cuestion>
    <cuestion>
      <enunciado><![CDATA[Indica cuál de las siguientes funciones tiene pendiente 0,2 (coeficiente de {{cur}}x{{normal}}) y pasa por el punto (5, 2).]]></enunciado>
      <explicacion/>
      <imagen/>
      <respuestas>
        <respuesta contestacion="{{cur}}y{{normal}} = 5,2{{cur}}x{{normal}} + 0,2" correcta="0"/>
        <respuesta contestacion="{{cur}}y{{normal}} = 5{{cur}}x{{normal}} + 2" correcta="0"/>
        <respuesta contestacion="{{cur}}y{{normal}} = 0,2{{cur}}x{{normal}} + 1" correcta="1"/>
        <respuesta contestacion="{{cur}}y{{normal}} = 2{{cur}}x{{normal}} + 0,5" correcta="0"/>
      </respuestas>
    </cuestion>
  </test>
</motor>