﻿<?xml version="1.0" encoding="UTF-8"?><motor tipo="5" clase="a" aprid="M5a"><plataforma><grado><![CDATA[2]]></grado><titulo>Encuentra la fórmula de una función a partir de su gráfica </titulo><area>3</area><nivel>2</nivel><referencia><![CDATA[MT_07_17_B]]></referencia><idreg><![CDATA[5659]]></idreg><motor><![CDATA[M5A]]></motor><lang>es</lang></plataforma><enunciado><![CDATA[Halla la fórmula de la función que se muestra en cada ejercicio.]]></enunciado><masinfo inicio="0"><![CDATA[Recuerda que puedes resolver las cuestiones planteadas dibujando mediante el programa GeoGebra las gráficas de las soluciones propuestas, seleccionando después la correcta.]]></masinfo><sinaleatoriedad><![CDATA[0]]></sinaleatoriedad><calc><![CDATA[0]]></calc><respuestaunica><![CDATA[1]]></respuestaunica><test cantidad="6"><cuestion><enunciado><![CDATA[Halla la fórmula de la recta de la imagen.]]></enunciado><explicacion /><imagen><![CDATA[MT_07_17_A1.jpg]]></imagen><ampliacion><![CDATA[MT_07_17_A1g.jpg]]></ampliacion><respuestas><respuesta contestacion="{{cur}}y{{normal}} = 3{{cur}}x{{normal}} " correcta="1" /><respuesta contestacion="{{cur}}y{{normal}} = –3{{cur}}x{{normal}} " correcta="0" /><respuesta contestacion="{{cur}}y{{normal}} = {{cur}}x{{normal}} – 3" correcta="0" /><respuesta contestacion="{{cur}}y{{normal}} = {{cur}}x{{normal}} + 3" correcta="0" /></respuestas></cuestion><cuestion><enunciado><![CDATA[Halla la fórmula de la recta de la imagen.]]></enunciado><explicacion /><imagen><![CDATA[MT_07_17_A2.jpg]]></imagen><ampliacion><![CDATA[MT_07_17_A2g.jpg]]></ampliacion><respuestas><respuesta contestacion="{{cur}}y{{normal}} = –2{{cur}}x{{normal}} " correcta="1" /><respuesta contestacion="{{cur}}y{{normal}} = 2{{cur}}x{{normal}} – 1" correcta="0" /><respuesta contestacion="{{cur}}y{{normal}} = –2{{cur}}x{{normal}} – 1" correcta="0" /><respuesta contestacion="{{cur}}y{{normal}} = 2{{cur}}x{{normal}} " correcta="0" /></respuestas></cuestion><cuestion><enunciado><![CDATA[Halla la fórmula de la recta de la imagen.]]></enunciado><explicacion /><imagen><![CDATA[MT_07_17_A3.jpg]]></imagen><ampliacion><![CDATA[MT_07_17_A3g.jpg]]></ampliacion><respuestas><respuesta contestacion="{{cur}}y{{normal}} = {{cur}}x{{normal}} + 1" correcta="1" /><respuesta contestacion="{{cur}}y{{normal}} = –{{cur}}x{{normal}} – 1" correcta="0" /><respuesta contestacion="{{cur}}y{{normal}} = –{{cur}}x{{normal}} + 1" correcta="0" /><respuesta contestacion="{{cur}}y{{normal}} = {{cur}}x{{normal}} " correcta="0" /></respuestas></cuestion><cuestion><enunciado><![CDATA[Halla la fórmula de la recta de la imagen.]]></enunciado><explicacion /><imagen><![CDATA[MT_07_17_A4.jpg]]></imagen><ampliacion><![CDATA[MT_07_17_A4g.jpg]]></ampliacion><respuestas><respuesta contestacion="{{cur}}y{{normal}} = {{cur}}x{{normal}} – 4" correcta="1" /><respuesta contestacion="{{cur}}y{{normal}} = {{cur}}x{{normal}} + 4" correcta="0" /><respuesta contestacion="{{cur}}y{{normal}} = 4{{cur}}x{{normal}} – 4" correcta="0" /><respuesta contestacion="{{cur}}y{{normal}} = 4{{cur}}x{{normal}} + 4" correcta="0" /></respuestas></cuestion><cuestion><enunciado><![CDATA[Halla la fórmula de la recta de la imagen.]]></enunciado><explicacion /><imagen><![CDATA[MT_07_17_A5.jpg]]></imagen><ampliacion><![CDATA[MT_07_17_A5g.jpg]]></ampliacion><respuestas><respuesta contestacion="{{cur}}y{{normal}} = 2{{cur}}x{{normal}} – 3" correcta="1" /><respuesta contestacion="{{cur}}y{{normal}} = 3{{cur}}x{{normal}} – 2" correcta="0" /><respuesta contestacion="{{cur}}y{{normal}} = –3{{cur}}x{{normal}} – 2" correcta="0" /><respuesta contestacion="{{cur}}y{{normal}} = {{cur}}x{{normal}} + 3" correcta="0" /></respuestas></cuestion><cuestion><enunciado><![CDATA[Halla la fórmula de la recta de la imagen.]]></enunciado><explicacion /><imagen><![CDATA[MT_07_17_A6.jpg]]></imagen><ampliacion><![CDATA[MT_07_17_A6g.jpg]]></ampliacion><respuestas><respuesta contestacion="{{cur}}y{{normal}} = 2 – {{cur}}x{{normal}} " correcta="1" /><respuesta contestacion="{{cur}}y{{normal}} = –2{{cur}}x{{normal}} " correcta="0" /><respuesta contestacion="{{cur}}y{{normal}} = {{cur}}x{{normal}} – 2" correcta="0" /><respuesta contestacion="{{cur}}y{{normal}} = {{cur}}x{{normal}} + 2" correcta="0" /></respuestas></cuestion></test></motor>