﻿<?xml version="1.0" encoding="UTF-8"?>
<engine copy="Editorial Planeta" version="1" aprid="f10b">
  <main mode="f10b" title="Una aproximación a los Números Reales">
    <tf><![CDATA[<table border="0" cellpadding="1" cellspacing="1" style="width:100%">
	<tbody>
		<tr>
			<td>
			<p>&iquest;Qu&eacute; sentido tiene un numero con infinitas cifras decimales?</p>

			<p>&nbsp;</p>

			<p>Muchos de los conceptos matem&aacute;ticos surgen a partir de la necesidad de la humanidad para resolver un problema, los N&uacute;meros Reales no son la excepci&oacute;n.</p>
			</td>
			<td><img alt="Expansión numérica de p." src="data/imagenes/ma_11_01_rec10_im01.jpg" style="display:block; margin:0px auto; width:90%" />
			<p>Expansi&oacute;n num&eacute;rica de &pi;.</p>
			</td>
		</tr>
	</tbody>
</table>

<p>&nbsp;</p>
]]></tf>
  </main>
  <presentation title="Introducción" title2="El problema de la medida" buttons="false" bkclass="">
    <definition>
      <title>
      </title>
      <def><![CDATA[<p>Desde la antig&uuml;edad era necesario realizar procesos como contar, ordenar, clasificar y medir. Diferentes culturas lograron construir un sistema de numeraci&oacute;n asociado a la idea de cantidad, es decir, un conjunto de n&uacute;meros que sirviera para contar; aquellas culturas que desarrollaron escritura buscaron representar los n&uacute;meros y empezaron a aparecer distintas formas de escribir este conjunto num&eacute;rico &ndash;actualmente se conocen como los n&uacute;meros naturales&ndash;. Un problema que no todas las culturas resolvieron fue construir un sistema num&eacute;rico para &ldquo;medir&rdquo;.</p>
]]></def>
    </definition>
    <definition>
      <title>
      </title>
      <def><![CDATA[<p>Claramente, el conjunto de los n&uacute;meros naturales es suficiente para contar; sin embargo, es insuficiente para medir de manera exacta, puesto que con ellos era imposible medir magnitudes m&aacute;s peque&ntilde;as a la unidad.</p>

<table align="center" border="0" cellpadding="1" cellspacing="1" style="width:100%">
	<tbody>
		<tr>
			<td>
			<p>Una regla o un metro son los instrumentos que se emplean para realizar las mediciones de longitud de un objeto. La regla se puede describir como una vara recta en la que desde cierto extremo aparecen marcas que se encuentran relacionadas con una unidad que sirve de referencia; el ideal ser&iacute;a poder medir cualquier longitud. Por eso, una regla ideal puede ser representada por una semirrecta.</p>
			</td>
			<td><img alt="" src="data/imagenes/ma_11_01_rec10_im02.jpg" style="display:block; min-width:320px; width:100%" /></td>
		</tr>
	</tbody>
</table>

<p>&nbsp;</p>
]]></def>
    </definition>
    <definition>
      <title>
      </title>
      <def><![CDATA[<p>&iquest;Cu&aacute;ntas marcas debe tener una regla ideal para medir exactamente cualquier longitud?</p>

<p>Cada punto de esta semirrecta genera una medida distinta, por lo tanto, para medir cualquier longitud se deber&iacute;a marcar todos los puntos de la semirrecta, pero si los llegamos a marcar todos, no habr&iacute;a puntos que se diferencien; por tanto, no se habr&iacute;a marcado ninguno. En ese sentido, la regla ideal se convierte en una idea abstracta.</p>

<p style="text-align: center;">&iquest;Si no podemos hacer marcas, c&oacute;mo podemos entonces medir?</p>
]]></def>
    </definition>
    <definition>
      <title>
      </title>
      <def><![CDATA[<p>Establecer una unidad patr&oacute;n de medida, permite calcular la longitud de algunos segmentos, reiterando la unidad varias veces, con el fin de establecer el n&uacute;mero de veces que cabe la unidad de referencia en el segmento que se requiere medir.&nbsp;</p>

<table border="0" cellpadding="5" cellspacing="1" style="width:100%">
	<tbody>
		<tr>
			<td>Mediante este m&eacute;todo no es posible medir cualquier segmento, puesto que si se requiere medir un segmento m&aacute;s peque&ntilde;o que la unidad, o un segmento en el que la unidad se ha reiterado varias veces y sobra un pedazo m&aacute;s peque&ntilde;o que esta, no es posible finalizar el proceso de medici&oacute;n.&nbsp;</td>
			<td><img alt="" src="data/imagenes/ma_11_01_rec10_im03.jpg" style="min-width:320px; width:100%" /></td>
		</tr>
	</tbody>
</table>

<p>&nbsp;</p>
]]></def>
    </definition>
    <definition>
      <title>
      </title>
      <def><![CDATA[<p>&iquest;Cu&aacute;les son las que longitudes que se pueden medir hasta el momento?</p>

<p>Solo se pueden medir segmentos de longitud igual a la unidad, dos veces la unidad, tres veces la unidad, y as&iacute; sucesivamente. De manera general, se pueden medir segmentos que midan un n&uacute;mero natural de veces la unidad.</p>

<table border="0" cellpadding="5" cellspacing="1" style="width:100%">
	<tbody>
		<tr>
			<td>Mediante este proceso se comienzan a asociar conjuntos num&eacute;ricos a la idea de medir, en este caso,&nbsp;<strong>el conjunto de los n&uacute;meros naturales</strong>. Por supuesto, si se colocan en una regla ideal solamente los puntos, no se podr&iacute;an medir exactamente longitudes m&aacute;s peque&ntilde;as que la unidad, como se muestra en la imagen.</td>
			<td><img alt="" src="data/imagenes/ma_11_01_rec10_im04.jpg" style="min-width:320px; width:100%" /></td>
		</tr>
	</tbody>
</table>

<p>&nbsp;</p>
]]></def>
    </definition>
  </presentation>
  <presentation title="Los números racionales" title2="Los números racionales" buttons="false" bkclass="">
    <definition>
      <title>
      </title>
      <def><![CDATA[<p>Para medir segmentos m&aacute;s peque&ntilde;os que la unidad, surge la idea de fraccionar la unidad en partes iguales, este proceso permite medir pedazos que son m&aacute;s peque&ntilde;os que la unidad con partes de la misma unidad.</p>

<p>En este proceso de medici&oacute;n, surge la pregunta: &iquest;C&oacute;mo se puede dividir la unidad en partes iguales, si no se pueden medir pedazos m&aacute;s peque&ntilde;os que la unidad?</p>
]]></def>
    </definition>
    <definition>
      <title>
      </title>
      <def><![CDATA[<p>Mediante una construcci&oacute;n geom&eacute;trica es posible dividir un segmento en dos partes iguales (bisecar) sin necesidad de medir. <a href="http://aleph0.clarku.edu/~djoyce/java/elements/bookI/propI10.html" target="_blank">[VER]</a></p>

<p><br />
Entonces, mediante este proceso, se puede hallar la mitad de la unidad, y la mitad de la mitad de la unidad, y la mitad de esta y as&iacute; sucesivamente; es decir, es posible medir segmentos que midan</p>

<table border="0" cellpadding="0" cellspacing="0">
	<tbody>
		<tr>
			<td style="width:215px">
			<p><img alt="" src="data/imagenes/ma_11_01_210.gif" style="height:35px; width:13px" />&nbsp;de la unidad,</p>
			</td>
			<td style="width:436px">
			<p><img alt="" src="data/imagenes/ma_11_01_211.gif" />&nbsp;de la unidad,</p>
			</td>
			<td style="width:436px"><img alt="" src="data/imagenes/ma_11_01_212.gif" />&nbsp;de la unidad,</td>
			<td style="width:436px"><img alt="" src="data/imagenes/ma_11_01_213.gif" />&nbsp;de la unidad,</td>
		</tr>
	</tbody>
</table>

<p>y en general un segmento que mida&nbsp;<img alt="" src="data/imagenes/ma_11_01_214.gif" />de la unidad.</p>

<p><br />
El proceso de bisecar permite ampliar el conjunto num&eacute;rico asociado a la medida, que se considera el conjunto <img alt="" src="data/imagenes/ma_11_01_215.gif" style="height:36px; width:290px" />.</p>
]]></def>
    </definition>
    <definition>
      <title>
      </title>
      <def><![CDATA[<p>Si se requiere medir un segmento de longitud <em>l</em>, se realizan los siguientes pasos:</p>

<p>Se determina la cantidad de veces que cabe la unidad en el segmento, si este n&uacute;mero de veces es exacto, entonces <em>l</em> = <em>m</em> con <em>m</em> el n&uacute;mero de veces que cabe la unidad natural.</p>

<p>Si por el contrario, no es exacto, entonces se calcula el n&uacute;mero de veces que cabe&nbsp;<img alt="" src="data/imagenes/ma_11_01_216.gif" style="height:35px; width:13px" />&nbsp;de la unidad en la parte sobrante del segmento&nbsp;si cabe y queda exacto&nbsp;<img alt="" src="data/imagenes/ma_11_01_217.gif" />&nbsp;ahora si sobra una porci&oacute;n del segmento, se repite el proceso con&nbsp;<img alt="" src="data/imagenes/ma_11_01_218.gif" />&nbsp;de la unidad, si es exacto&nbsp;<img alt="" src="data/imagenes/ma_11_01_219.gif" />&nbsp;o&nbsp;<img alt="" src="data/imagenes/ma_11_01_220.gif" />&nbsp;se continua con este proceso hasta&nbsp;completar la longitud del segmento.</p>
]]></def>
    </definition>
    <definition>
      <title>
      </title>
      <def><![CDATA[<table border="0" cellpadding="5" cellspacing="0" style="width:100px">
	<tbody>
		<tr>
			<td><img alt="" src="data/imagenes/ma_11_01_rec10_im05.jpg" style="min-width:320px; width:100%" /></td>
			<td>Si el proceso descrito anteriormente siempre termina, entonces cualquier longitud&nbsp;<em>l</em>&nbsp;se podr&iacute;a expresar como una suma de elementos de&nbsp;<img alt="" src="data/imagenes/ma_11_01_221.gif" style="height:36px; width:290px" />.</td>
		</tr>
	</tbody>
</table>

<p>Es decir:&nbsp;<img alt="" src="data/imagenes/ma_11_01_222.gif" /></p>

<p>Donde <em>n<sub>k</sub></em> es 0 o 1 dependiendo si esa parte de la unidad cabe o no en la porci&oacute;n de segmento que se est&aacute; midiendo.</p>
]]></def>
    </definition>
    <definition>
      <title>
      </title>
      <def><![CDATA[<p>Estas ideas de medici&oacute;n, fueron desarrolladas por los egipcios en el <em>Papiro</em> <em>Rhind</em>, quiz&aacute;s uno de los m&aacute;s antiguos e importantes escritos sobre matem&aacute;ticas antiguas que data hacia el 1.650 a.C. y que se reconoce como una de sus mayores fuentes de conocimiento. En este escrito, se encuentra un trabajo que intenta expresar todas las longitudes como la suma entre un natural y fracciones unitarias; sin embargo, se muestra que esto no siempre es posible, porque por ejemplo&nbsp;<img alt="" src="data/imagenes/ma_11_01_223.gif" style="height:35px; width:13px" />&nbsp;no puede escribirse de esta manera, ya que requiere de un proceso de sumas infinitas, raz&oacute;n por la cual, inventan un s&iacute;mbolo especial para esta longitud y otras de gran inter&eacute;s. Aunque actualmente, no hay evidencia de que los egipcios, hayan desarrollado a&uacute;n m&aacute;s el sistema de numeraci&oacute;n para medir, este desarrollo fue de gran importancia para que lograran elaborar sus majestuosas construcciones arquitect&oacute;nicas.</p>
]]></def>
    </definition>
    <definition>
      <title>
      </title>
      <def><![CDATA[<p>As&iacute; como se realiza una construcci&oacute;n geom&eacute;trica que permite dividir exactamente un segmento en dos partes iguales, existe una construcci&oacute;n, que permite dividir un segmento en tres partes iguales, en cuatro, en cinco o de manera general se puede dividir la unidad en cualquier n&uacute;mero natural de partes iguales que se requiera. <a href="http://tube.geogebra.org/student/b471281#material/471395" target="_blank">[VER]</a></p>

<p>De esta forma, el conjunto num&eacute;rico asociado a la medida, se puede ampliar al conjunto las sumas de elementos de&nbsp;<img alt="" src="data/imagenes/ma_11_01_224.gif" style="height:36px; width:370px" />.</p>

<p>Por ejemplo, una longitud <em>l</em> puede estar expresada por&nbsp;<img alt="" src="data/imagenes/ma_11_01_225.gif" />.</p>

<p>Esta ecuaci&oacute;n permite ampliar el conjunto num&eacute;rico que sirve para medir al conjunto de n&uacute;meros racionales positivos, es decir:&nbsp;<img alt="" src="data/imagenes/ma_11_01_226.gif" />.</p>
]]></def>
    </definition>
    <definition>
      <title>
      </title>
      <def><![CDATA[<p>Aunque los babil&oacute;nicos y los egipcios ya conoc&iacute;an las fracciones y los griegos plenamente el conjunto de los n&uacute;meros racionales positivos, ellos no usaron la notaci&oacute;n actual y esto dificult&oacute; su estudio. Muchos siglos despu&eacute;s los musulmanes introdujeron su sistema de numeraci&oacute;n, conocido como indoar&aacute;bigo y este paso fue clave para la comprensi&oacute;n y el estudio de los n&uacute;meros racionales en la vieja Europa. Fue hasta el siglo XIII cuando Leonardo de Pisa, m&aacute;s conocido por su apodo Fibonacci, introdujo el concepto de n&uacute;meros quebrados o n&uacute;meros &ldquo;ruptus&rdquo;, empleando adem&aacute;s la raya para separar el numerador del denominador.</p>
]]></def>
    </definition>
  </presentation>
  <presentation title="Los números irracionales" title2="Los números irracionales" buttons="false" bkclass="">
    <definition>
      <title>
      </title>
      <def><![CDATA[<p>Por bastante tiempo los griegos consideraron que los n&uacute;meros racionales positivos eran los &uacute;nicos que exist&iacute;an, pero surgieron algunos cuestionamientos como por ejemplo, medir la diagonal de un cuadrado tomando uno de sus lados como unidad; sin embargo, no fue posible encontrar una unidad de medida com&uacute;n que midiera exactamente el lado del cuadrado y su diagonal.</p>

<p>Cuando cre&iacute;an haber encontrado esta unidad de medida, se dieron cuenta que no era tan precisa al aumentar de tama&ntilde;o el cuadrado. Otro problema que abordaron fue lograr medir la longitud de la circunferencia tomado como unidad su di&aacute;metro, la problema de la cuadratura del c&iacute;rculo consist&iacute;a en construir un pol&iacute;gono regular que tuviera la misma &aacute;rea que el c&iacute;rculo. Y problemas similares a estos tuvieron los griegos con respecto a la medida.</p>
]]></def>
    </definition>
    <definition>
      <title>
      </title>
      <def><![CDATA[<p>Una de las historias m&aacute;s famosas (que tiene varias versiones) se present&oacute; en la escuela pitag&oacute;rica, cuando Hipaso uno de los alumnos de Pit&aacute;goras le pidi&oacute; a su maestro que expresara qu&eacute; n&uacute;mero racional al cuadrado ten&iacute;a como resultado 2, Pit&aacute;goras que cre&iacute;a que los &uacute;nicos n&uacute;meros que exist&iacute;an eran los racionales, al no encontrar la respuesta reaccion&oacute; airadamente botando a Hipaso por una ventana.</p>
]]></def>
    </definition>
    <definition>
      <title>
      </title>
      <def><![CDATA[<p>Usando el teorema de Pit&aacute;goras <a href="http://aleph0.clarku.edu/~djoyce/java/elements/bookI/propI47.html" target="_blank">[VER]</a> se puede determinar que si se construye un cuadrado, su diagonal tiene una longitud que al cuadrado debe ser el doble del lado, de esta forma, si el lado de un cuadrado es de 1 unidad, la longitud de su diagonal debe ser un n&uacute;mero que su cuadrado sea 2, pero si este n&uacute;mero no es racional quiere decir que <strong>el problema de la medida a&uacute;n no est&aacute; solucionado</strong>, esta diagonal es imposible de medir con los racionales.&nbsp;</p>
]]></def>
    </definition>
    <definition>
      <title>
      </title>
      <def><![CDATA[<p>La siguiente es una demostraci&oacute;n de que no hay un n&uacute;mero racional cuyo cuadrado sea 2.&nbsp;Si <em>x</em> es un n&uacute;mero racional cuyo cuadrado es 2, luego <em>x</em> se puede expresar como la fracci&oacute;n irreductible&nbsp;<img alt="" src="data/imagenes/ma_11_01_227.gif" />,&nbsp;donde <em>a</em> y <em>b</em> son n&uacute;meros enteros, por lo tanto:&nbsp;<img alt="" src="data/imagenes/ma_11_01_228.gif" />&nbsp;2<em>b</em><sup>2</sup> = <em>a</em><sup>2</sup></p>

<p>Es claro, que, <em>a</em><sup>2</sup> y <em>b</em><sup>2</sup> son naturales, <em>a</em><sup>2</sup> es par, y eso necesariamente nos lleva a que <em>a</em> debe ser par, entonces, <em>a</em> = 2<em>k</em>, es as&iacute; como:&nbsp;2<em>b</em><sup>2</sup> = (2<em>k</em>)<sup>2</sup></p>

<p>Por lo tanto:&nbsp;2<em>b</em><sup>2</sup> = 4<em>k</em><sup>2 &nbsp;</sup><em>b</em><sup>2</sup> = 2<em>k</em><sup>2</sup></p>

<p>De la expresi&oacute;n anterior se puede concluir que <em>b</em><sup>2</sup> es par, asimismo <em>b</em> es par.</p>

<p>Luego, <em>a</em> y <em>b</em> son n&uacute;meros pares, de esta forma la fracci&oacute;n&nbsp;<img alt="" src="data/imagenes/ma_11_01_229.gif" />&nbsp;no es irreductible, lo que contradice la hip&oacute;tesis inicial, es decir, no existe un n&uacute;mero racional que al cuadrado sea 2, es decir que:&nbsp;<img alt="" src="data/imagenes/ma_11_01_230.gif" />&nbsp;no es un n&uacute;mero racional.</p>
]]></def>
    </definition>
    <definition>
      <title>
      </title>
      <def><![CDATA[<p>Los griegos tambi&eacute;n encontraron que la raz&oacute;n entre el di&aacute;metro del c&iacute;rculo y la circunferencia p no se pod&iacute;a expresar como un n&uacute;mero racional. A estos n&uacute;meros que representaban longitudes, pero que no se pod&iacute;an expresar como n&uacute;meros racionales positivos los denominaron: inconmensurables, actualmente se denominan n&uacute;meros irracionales positivos.</p>
]]></def>
    </definition>
  </presentation>
  <presentation title="Un conjunto numérico para medir" title2="Un conjunto numérico para medir" buttons="false" bkclass="">
    <definition>
      <title>
      </title>
      <def><![CDATA[<p>Los n&uacute;meros inconmensurables, formaban una categor&iacute;a bastante imprecisa, debido a que los sistemas de numeraci&oacute;n de la &eacute;poca no resultaban ser los m&aacute;s adecuados. Los europeos, benefici&aacute;ndose del sistema de numeraci&oacute;n posicional hind&uacute; de base 10 que hab&iacute;an adoptado fueron capaces de definirlos con precisi&oacute;n.</p>

<p>La soluci&oacute;n presentada no est&aacute; muy distanciada a la idea de bisecar, debido a que siempre es posible dividir un segmento en diez partes iguales, as&iacute; se puede determinar la d&eacute;cima parte de la unidad; la d&eacute;cima parte de la d&eacute;cima parte de la unidad, es decir, la cent&eacute;sima parte; la d&eacute;cima parte de la cent&eacute;sima parte de la unidad, es decir, la mil&eacute;sima parte de la unidad, y as&iacute; sucesivamente.&nbsp;</p>
]]></def>
    </definition>
    <definition>
      <title>
      </title>
      <def><![CDATA[<p>En este sentido, toda longitud <em>l</em> puede ser expresada como:&nbsp;<img alt="" src="data/imagenes/ma_11_01_231.gif" /></p>

<p>Que en nuestro sistema de numeraci&oacute;n, se escribe como <em>l</em> = <em>m</em>. <em>b</em><sub>1</sub><em>b</em><sub>2</sub><em>b</em><sub>3</sub> &hellip; <em>b<sub>k</sub></em> &hellip;</p>

<p>Es decir, el n&uacute;mero <em>l</em> un n&uacute;mero natural seguido de un punto que se denomina punto decimal y de una secuencia infinita de d&iacute;gitos tales que&nbsp;<img alt="" src="data/imagenes/ma_11_01_232.gif" /></p>

<p>Estas expresiones son las que se llaman expansiones decimales y coinciden con el conjunto de los n&uacute;meros reales positivos, que consolidan un conjunto num&eacute;rico que permite medir cualquier longitud. Por supuesto, la idea de medir que se presenta en este interactivo es muy abstracta comparada con el proceso que realizamos cuando medimos longitudes a un objeto tangible.</p>

<p>&nbsp;</p>

<p>&nbsp;</p>
]]></def>
    </definition>
  </presentation>
</engine>