﻿<?xml version="1.0" encoding="UTF-8"?><motor tipo="2" clase="a" aprid="M2a"><plataforma><grado><![CDATA[2]]></grado><titulo>Descubre qué son los mapas de coropletas</titulo><area>3</area><nivel><![CDATA[2]]></nivel><referencia><![CDATA[MT_09_11_06]]></referencia><idreg><![CDATA[3719]]></idreg><motor><![CDATA[M2A]]></motor><lang>es</lang></plataforma><enunciado><![CDATA[Completa el siguiente texto sobre los mapas de coropletas:]]></enunciado><masinfo inicio="0" /><calc>1</calc><sonido /><textoacategoria><cuestion><pregunta><![CDATA[Un mapa de coropletas es un [*] temático que representa la distribución espacial de un [*] mediante tramas o diferentes tonos de color o de grises y en el que la gradación de intensidad expresa diferentes [*] de un fenómeno en unidades territoriales, administrativas o convencionales.
Normalmente, se representan los [*] clasificados mediante intervalos, lo que permite obtener una información [*] de forma sencilla y rápida. Cuanto mayor sea el número de intevalos más [*] ofrece el mapa realizado, sin embargo, las [*] gráficas y de lectura restringen su número.
Determinado el número de intervalos debe escogerse la [*] de representación de cada intervalo. La [*] en términos de claro-oscuro proporciona una fácil lectura.]]></pregunta><respuestas><respuesta orden="1"><![CDATA[mapa]]></respuesta><respuesta orden="2"><![CDATA[fenómeno]]></respuesta><respuesta orden="3"><![CDATA[intervalos]]></respuesta><respuesta orden="4"><![CDATA[datos]]></respuesta><respuesta orden="5"><![CDATA[general]]></respuesta><respuesta orden="6"><![CDATA[detalle]]></respuesta><respuesta orden="7"><![CDATA[limitaciones]]></respuesta><respuesta orden="8"><![CDATA[simbología]]></respuesta><respuesta orden="9"><![CDATA[variación]]></respuesta></respuestas></cuestion></textoacategoria><textofalso cantidad="0" /></motor>