<?xml version='1.0' encoding='UTF-8'?><engine copy="Editorial Planeta" version="1" aprid="f1">
<css><![CDATA[.defaultCSSBox2 {
	background: #000000;
}
.defaultCSSBox3 {
	background: #ffffff;
}
.popupbox {
	-webkit-border-radius: 10px;
    -moz-border-radius: 10px;
    border-radius: 10px;
    border:2px solid #000000;
    background-color:#FFFFFF;
}
.tabla01 {
  border-collapse: collapse;
}

.tabla01 td {
  border: 2px solid black;
  padding: 2px;
  text-align: center;
  font-family:verdana,geneva,sans-serif
}]]></css>
<pantallas>
<pantalla id="pantalla_5">
<event id='onPrepare' language='DO'><![CDATA[]]></event>
<event id='onShown' language='DO'><![CDATA[]]></event>
<components>
<component _type='_compImage' id='image_15' x='429' y='149' width='446' height='390' alpha='1' visible='1' enabled='1' cssClass='' adjustMode='4' alignMode='0' image='data/imagenes/img1.jpg' />
<component _type='_compRichText' id='texto_126' x='78' y='53' width='794' height='105' alpha='1' visible='1' enabled='1' scrollable='1' >
<content><![CDATA[<p style="text-align:center"><span style="font-size:30px"><span style="font-family:georgia,serif">Población, variable estadística y frecuencia
  </span></span></p>
]]></content>
</component>
<component _type='_compRoundButton' id='roundbutton_44' x='126' y='233' width='187' height='43' alpha='1' visible='1' enabled='1' cssClass='roundTextButton' group='-1'>
<content><![CDATA[Población
 ]]></content>
<event id='onClick' language='DO'><![CDATA[uiobject_set(rootSlider,"current",1)]]></event>
</component>
<component _type='_compRoundButton' id='roundbutton_10' x='126' y='305' width='187' height='59' alpha='1' visible='1' enabled='1' cssClass='roundTextButton' group='-1'>
<content><![CDATA[Variable estadística
 ]]></content>
<event id='onClick' language='DO'><![CDATA[uiobject_set(rootSlider,"current",2)]]></event>
</component>
<component _type='_compRoundButton' id='roundbutton_11' x='126' y='393' width='187' height='43' alpha='1' visible='1' enabled='1' cssClass='roundTextButton' group='-1'>
<content><![CDATA[Frecuencia
 ]]></content>
<event id='onClick' language='DO'><![CDATA[uiobject_set(rootSlider,"current",3)]]></event>
</component>
</components>
<animaciones>
</animaciones>
</pantalla>
<pantalla id="pantalla_12">
<event id='onPrepare' language='DO'><![CDATA[]]></event>
<event id='onShown' language='DO'><![CDATA[]]></event>
<components>
<component _type='_compSlider' id='diaporama_77' x='0' y='0' width='950' height='608' alpha='1' visible='1' enabled='1' transMode='1' />
<component _type='_compSliderNav' id='slidernav_122' x='45' y='526' width='162' height='37' alpha='1' visible='1' enabled='1' sliderId='diaporama_77' showHome='1' whiteButtons='0' mode='1' />
<component _type='_compIconButton' id='iconbutton_34' x='46' y='526' width='37' height='37' alpha='1' visible='1' enabled='1' cssClass='iconHomeButton' group='-1'><event id='onClick' language='DO'><![CDATA[uiobject_set(rootSlider,"current",0)]]></event>
</component>
</components>
<animaciones>
</animaciones>
<slider id="diaporama_77">
<pantalla id="pantalla_17">
<event id='onPrepare' language='DO'><![CDATA[]]></event>
<event id='onShown' language='DO'><![CDATA[]]></event>
<components>
<component _type='_compImage' id='image_15' x='88' y='120' width='773' height='465' alpha='1' visible='1' enabled='1' cssClass='' adjustMode='4' alignMode='0' image='data/imagenes/img2.jpg' />
<component _type='_compRichText' id='texto_126' x='101' y='57' width='747' height='84' alpha='1' visible='1' enabled='1' scrollable='1' >
<content><![CDATA[<p style="text-align:center"><span style="font-size:23px"><span style="font-family:verdana,geneva,sans-serif">La poblaci&oacute;n</span></span></p>
]]></content>
</component>
</components>
<animaciones>
</animaciones>
</pantalla>
<pantalla id="pantalla_21">
<event id='onPrepare' language='DO'><![CDATA[]]></event>
<event id='onShown' language='DO'><![CDATA[]]></event>
<components>
<component _type='_compRichText' id='texto_47' x='106' y='132' width='371' height='273' alpha='1' visible='1' enabled='1' scrollable='1' >
<content><![CDATA[<p><span style="font-size:20px"><span style="font-family:verdana,geneva,sans-serif">En <strong>estad&iacute;stica</strong>, &iquest;a qu&eacute; cre&eacute;is que se refiere el concepto de <strong>poblaci&oacute;n</strong>? &iquest;A la poblaci&oacute;n de un pa&iacute;s? </span></span></p>
]]></content>
</component>
<component _type='_compImage' id='image_15' x='503' y='139' width='372' height='465' alpha='1' visible='1' enabled='1' cssClass='' adjustMode='4' alignMode='0' image='data/imagenes/img3.jpg' />
</components>
<animaciones>
</animaciones>
</pantalla>
<pantalla id="pantalla_25">
<event id='onPrepare' language='DO'><![CDATA[]]></event>
<event id='onShown' language='DO'><![CDATA[]]></event>
<components>
<component _type='_compRichText' id='texto_47' x='106' y='132' width='378' height='273' alpha='1' visible='1' enabled='1' scrollable='1' >
<content><![CDATA[<p><span style="font-size:20px"><span style="font-family:verdana,geneva,sans-serif">No es eso. Imaginad que queremos hacer una estadística acerca del color de los ojos de los usuarios de una biblioteca.
</span></span></p>
]]></content>
</component>
<component _type='_compImage' id='image_15' x='513' y='149' width='362' height='465' alpha='1' visible='1' enabled='1' cssClass='' adjustMode='4' alignMode='0' image='data/imagenes/img4.jpg' />
</components>
<animaciones>
</animaciones>
</pantalla>
<pantalla id="pantalla_29">
<event id='onPrepare' language='DO'><![CDATA[]]></event>
<event id='onShown' language='DO'><![CDATA[]]></event>
<components>
<component _type='_compImage' id='image_15' x='513' y='149' width='362' height='465' alpha='1' visible='1' enabled='1' cssClass='' adjustMode='4' alignMode='0' image='data/imagenes/img5.jpg' />
<component _type='_compRichText' id='texto_47' x='106' y='132' width='378' height='273' alpha='1' visible='1' enabled='1' scrollable='1' >
<content><![CDATA[<p><span style="font-size:20px"><span style="font-family:verdana,geneva,sans-serif">En este caso, la <strong>poblaci&oacute;n</strong> son las personas que queremos estudiar, es decir, todas las personas que est&aacute;n en la biblioteca. </span></span></p>
]]></content>
</component>
<component _type='_compRoundButton' id='roundbutton_44' x='725' y='523' width='180' height='40' alpha='1' visible='1' enabled='1' cssClass='roundTextButton' group='-1'>
<content><![CDATA[PRACTICA]]></content>
<event id='onClick' language='DO'><![CDATA[popup_open("pantalla_33")]]></event>
</component>
</components>
<animaciones>
</animaciones>
</pantalla>
</slider>
</pantalla>
<pantalla id="pantalla_41">
<event id='onPrepare' language='DO'><![CDATA[]]></event>
<event id='onShown' language='DO'><![CDATA[]]></event>
<components>
<component _type='_compSlider' id='diaporama_77' x='0' y='0' width='950' height='608' alpha='1' visible='1' enabled='1' transMode='1' />
<component _type='_compSliderNav' id='slidernav_122' x='45' y='526' width='162' height='37' alpha='1' visible='1' enabled='1' sliderId='diaporama_77' showHome='1' whiteButtons='0' mode='1' />
<component _type='_compIconButton' id='iconbutton_34' x='46' y='526' width='37' height='37' alpha='1' visible='1' enabled='1' cssClass='iconHomeButton' group='-1'><event id='onClick' language='DO'><![CDATA[uiobject_set(rootSlider,"current",0)]]></event>
</component>
</components>
<animaciones>
</animaciones>
<slider id="diaporama_77">
<pantalla id="pantalla_46">
<event id='onPrepare' language='DO'><![CDATA[]]></event>
<event id='onShown' language='DO'><![CDATA[]]></event>
<components>
<component _type='_compImage' id='image_15' x='179' y='120' width='592' height='465' alpha='1' visible='1' enabled='1' cssClass='' adjustMode='4' alignMode='0' image='data/imagenes/img8.jpg' />
<component _type='_compRichText' id='texto_126' x='101' y='57' width='747' height='84' alpha='1' visible='1' enabled='1' scrollable='1' >
<content><![CDATA[<p style="text-align:center"><span style="font-size:23px"><span style="font-family:verdana,geneva,sans-serif">La variable estadística
  </span></span></p>
]]></content>
</component>
</components>
<animaciones>
</animaciones>
</pantalla>
<pantalla id="pantalla_50">
<event id='onPrepare' language='DO'><![CDATA[]]></event>
<event id='onShown' language='DO'><![CDATA[]]></event>
<components>
<component _type='_compImage' id='image_15' x='513' y='149' width='362' height='465' alpha='1' visible='1' enabled='1' cssClass='' adjustMode='4' alignMode='0' image='data/imagenes/img9.jpg' />
<component _type='_compRichText' id='texto_47' x='106' y='132' width='378' height='273' alpha='1' visible='1' enabled='1' scrollable='1' >
<content><![CDATA[<p><span style="font-size:20px"><span style="font-family:verdana,geneva,sans-serif">¿Os habéis fijado en los gráficos que salen en los periódicos y en las revistas? ¿Sabéis qué representan?
 </span></span></p>
]]></content>
</component>
</components>
<animaciones>
</animaciones>
</pantalla>
<pantalla id="pantalla_54">
<event id='onPrepare' language='DO'><![CDATA[]]></event>
<event id='onShown' language='DO'><![CDATA[]]></event>
<components>
<component _type='_compRichText' id='texto_47' x='106' y='59' width='738' height='126' alpha='1' visible='1' enabled='1' scrollable='1' >
<content><![CDATA[<p><span style="font-size:20px"><span style="font-family:verdana,geneva,sans-serif">Por ejemplo, mirad los datos de este gráfico sobre la velocidad de Internet en diversos países. ¿Qué representa?
</span></span></p>
]]></content>
</component>
<component _type='_compImage' id='image_15' x='143' y='136' width='663' height='465' alpha='1' visible='1' enabled='1' cssClass='' adjustMode='4' alignMode='0' image='data/imagenes/img10.jpg' />
</components>
<animaciones>
</animaciones>
</pantalla>
<pantalla id="pantalla_58">
<event id='onPrepare' language='DO'><![CDATA[]]></event>
<event id='onShown' language='DO'><![CDATA[]]></event>
<components>
<component _type='_compImage' id='image_15' x='513' y='149' width='362' height='465' alpha='1' visible='1' enabled='1' cssClass='' adjustMode='4' alignMode='0' image='data/imagenes/img11.jpg' />
<component _type='_compRichText' id='texto_47' x='106' y='132' width='378' height='273' alpha='1' visible='1' enabled='1' scrollable='1' >
<content><![CDATA[<p><span style="font-size:20px"><span style="font-family:verdana,geneva,sans-serif">Eso es! Muestra el promedio de la <strong>velocidad de banda ancha</strong> de Internet de esos pa&iacute;ses, que es la <strong>variable estad&iacute;stica</strong> de ese estudio.<br />
<br />
La variable estad&iacute;stica <strong>es lo que se quiere estudiar</strong>, el objeto del estudio estad&iacute;stico.</span></span></p>
]]></content>
</component>
<component _type='_compRoundButton' id='roundbutton_44' x='725' y='523' width='180' height='40' alpha='1' visible='1' enabled='1' cssClass='roundTextButton' group='-1'>
<content><![CDATA[PRACTICA]]></content>
<event id='onClick' language='DO'><![CDATA[popup_open("pantalla_62")]]></event>
</component>
</components>
<animaciones>
</animaciones>
</pantalla>
</slider>
</pantalla>
<pantalla id="pantalla_70">
<event id='onPrepare' language='DO'><![CDATA[]]></event>
<event id='onShown' language='DO'><![CDATA[]]></event>
<components>
<component _type='_compSlider' id='diaporama_77' x='0' y='0' width='950' height='608' alpha='1' visible='1' enabled='1' transMode='1' />
<component _type='_compSliderNav' id='slidernav_122' x='45' y='526' width='162' height='37' alpha='1' visible='1' enabled='1' sliderId='diaporama_77' showHome='1' whiteButtons='0' mode='1' />
<component _type='_compIconButton' id='iconbutton_34' x='46' y='526' width='37' height='37' alpha='1' visible='1' enabled='1' cssClass='iconHomeButton' group='-1'><event id='onClick' language='DO'><![CDATA[uiobject_set(rootSlider,"current",0)]]></event>
</component>
</components>
<animaciones>
</animaciones>
<slider id="diaporama_77">
<pantalla id="pantalla_75">
<event id='onPrepare' language='DO'><![CDATA[]]></event>
<event id='onShown' language='DO'><![CDATA[]]></event>
<components>
<component _type='_compImage' id='image_15' x='170' y='117' width='574' height='447' alpha='1' visible='1' enabled='1' cssClass='' adjustMode='4' alignMode='0' image='data/imagenes/shutterstock_237596926.jpg' />
<component _type='_compRichText' id='texto_126' x='101' y='57' width='747' height='84' alpha='1' visible='1' enabled='1' scrollable='1' >
<content><![CDATA[<p style="text-align:center"><span style="font-size:23px"><span style="font-family:verdana,geneva,sans-serif">La frecuencia
</span></span></p>
]]></content>
</component>
</components>
<animaciones>
</animaciones>
</pantalla>
<pantalla id="pantalla_79">
<event id='onPrepare' language='DO'><![CDATA[]]></event>
<event id='onShown' language='DO'><![CDATA[]]></event>
<components>
<component _type='_compRichText' id='texto_47' x='106' y='132' width='371' height='273' alpha='1' visible='1' enabled='1' scrollable='1' >
<content><![CDATA[<p><span style="font-size:20px"><span style="font-family:verdana,geneva,sans-serif">Hay dos tipos de frecuencia estad&iacute;stica: la<strong> frecuencia absoluta </strong>y la <strong>frecuencia relativa</strong>.<br />
&iquest;Sab&eacute;is a qu&eacute; se refiere cada una?</span></span></p>
]]></content>
</component>
<component _type='_compRichText' id='texto_83' x='523' y='152' width='383' height='407' alpha='1' visible='1' enabled='1' scrollable='1' >
<content><![CDATA[<table border="1" cellpadding="1" cellspacing="1" class="tabla01" style="height:300px; width:350px">
	<tbody>
		<tr>
			<td style="text-align:center"><strong>Datos</strong></td>
			<td style="text-align:center"><strong>Frecuencia<br />
			absoluta</strong></td>
			<td style="text-align:center"><strong>Frecuencia<br />
			relativa</strong></td>
		</tr>
		<tr>
			<td style="text-align:center">5</td>
			<td style="text-align:center">3</td>
			<td style="text-align:center">0,14</td>
		</tr>
		<tr>
			<td style="text-align:center">6</td>
			<td style="text-align:center">7</td>
			<td style="text-align:center">0,32</td>
		</tr>
		<tr>
			<td style="text-align:center">7</td>
			<td style="text-align:center">4</td>
			<td style="text-align:center">0,18</td>
		</tr>
		<tr>
			<td style="text-align:center">8</td>
			<td style="text-align:center">8</td>
			<td style="text-align:center">0,36</td>
		</tr>
	</tbody>
</table>

<p>&nbsp;</p>
]]></content>
</component>
</components>
<animaciones>
</animaciones>
</pantalla>
<pantalla id="pantalla_84">
<event id='onPrepare' language='DO'><![CDATA[]]></event>
<event id='onShown' language='DO'><![CDATA[]]></event>
<components>
<component _type='_compRichText' id='texto_47' x='106' y='132' width='378' height='371' alpha='1' visible='1' enabled='1' scrollable='1' >
<content><![CDATA[<p><span style="font-size:20px"><span style="font-family:verdana,geneva,sans-serif">Si seguimos con el ejemplo anterior. Cuando se pregunta el n&uacute;mero que calzan los compa&ntilde;eros de clase (supongamos que solo hay cuatro alumnos) que responden:<br />
<br />
&bull; Dos calzan el 41.<br />
<br />
&bull; Uno calza el 42.<br />
<br />
&bull; Uno el 43.</span></span></p>
]]></content>
</component>
<component _type='_compImage' id='image_15' x='513' y='149' width='362' height='465' alpha='1' visible='1' enabled='1' cssClass='' adjustMode='4' alignMode='0' image='data/imagenes/img15.jpg' />
</components>
<animaciones>
</animaciones>
</pantalla>
<pantalla id="pantalla_88">
<event id='onPrepare' language='DO'><![CDATA[]]></event>
<event id='onShown' language='DO'><![CDATA[]]></event>
<components>
<component _type='_compRichText' id='texto_47' x='106' y='132' width='753' height='124' alpha='1' visible='1' enabled='1' scrollable='1' >
<content><![CDATA[<p><span style="font-size:20px"><span style="font-family:verdana,geneva,sans-serif">Estos n&uacute;meros son las<strong> frecuencias absolutas</strong>. Es decir, <strong>2</strong>, <strong>1</strong> y <strong>1</strong> son las frecuencias absolutas. &iquest;Y las frecuencias relativas?&iquest;Qu&eacute; son?</span></span></p>
]]></content>
</component>
<component _type='_compRichText' id='texto_92' x='106' y='241' width='753' height='223' alpha='1' visible='1' enabled='1' scrollable='1' >
<content><![CDATA[<p style="text-align: center;"><span style="font-size:20px"><span style="font-family:verdana,geneva,sans-serif">Talla 41 = 2<br />
<br />
Talla 42 = 1<br />
<br />
Talla 43 = 1 </span></span></p>
]]></content>
</component>
<component _type='_compCSSBox' id='aa' x='359' y='249' width='282' height='180' alpha='1' visible='1' enabled='1' cssClass='defaultCSSBox3' />
</components>
<animaciones>
<anim id='Entrada'><![CDATA[{"aa":[],"aa.x":[{"time":0,"value":359,"easing":"Linear.EaseNone"}],"aa.y":[{"time":0,"value":249,"easing":"Linear.EaseNone"},{"time":4.078666687011719,"value":400,"easing":"Linear.EaseNone"}],"aa.width":[{"time":0,"value":282,"easing":"Linear.EaseNone"}],"aa.height":[{"time":0,"value":180,"easing":"Linear.EaseNone"}],"aa.alpha":[{"time":0,"value":1,"easing":"Linear.EaseNone"}]}]]></anim>
</animaciones>
</pantalla>
<pantalla id="pantalla_94">
<event id='onPrepare' language='DO'><![CDATA[]]></event>
<event id='onShown' language='DO'><![CDATA[]]></event>
<components>
<component _type='_compRichText' id='texto_47' x='105' y='97' width='760' height='512' alpha='1' visible='1' enabled='1' scrollable='1' >
<content><![CDATA[<p><span style="font-size:20px"><span style="font-family:verdana,geneva,sans-serif">Para conocer la <strong>frecuencia relativa</strong> hay que dividir la frecuencia absoluta (el n&uacute;mero de alumnos con el mismo valor) entre el n&uacute;mero total de datos de la poblaci&oacute;n (entre los cuatro alumnos).<br />
<br />
En este caso, hay que dividir las medidas entre cuatro, porque hay cuatro alumnos.<br />
<br />
As&iacute;, <strong>las frecuencias relativas</strong> de los n&uacute;meros del calzado <strong>son</strong>:</span></span></p>

<table border="0" cellpadding="0" cellspacing="0" style="height:140px; width:654px">
	<tbody>
		<tr>
			<td>
			<ul>
				<li><span style="font-family:verdana,geneva,sans-serif"><span style="font-size:20px">El 0,5 (o el <strong>50</strong> %), <strong>calza el 41</strong>.</span></span></li>
			</ul>
			</td>
			<td>
			<p><span style="font-size:20px"><span style="font-family:verdana,geneva,sans-serif">2 : 4 = 0,5</span></span></p>
			</td>
		</tr>
		<tr>
			<td>
			<ul>
				<li><span style="font-family:verdana,geneva,sans-serif"><span style="font-size:20px">El 0,25 (o el <strong>25</strong> %) <strong>el 42</strong>.</span></span></li>
			</ul>
			</td>
			<td>
			<p><span style="font-size:20px"><span style="font-family:verdana,geneva,sans-serif">1 : 4 = 0,25</span></span></p>
			</td>
		</tr>
		<tr>
			<td>
			<ul>
				<li><span style="font-family:verdana,geneva,sans-serif"><span style="font-size:20px">El 0,25 (o el <strong>25</strong> % restante)<strong> calza el 43</strong>.</span></span></li>
			</ul>
			</td>
			<td>
			<p><span style="font-size:20px"><span style="font-family:verdana,geneva,sans-serif">1 : 4 = 0,25</span></span></p>
			</td>
		</tr>
	</tbody>
</table>

<p>&nbsp;</p>
]]></content>
</component>
<component _type='_compCSSBox' id='a2' x='597' y='383' width='180' height='133' alpha='1' visible='1' enabled='1' cssClass='defaultCSSBox3' />
<component _type='_compCSSBox' id='a1' x='596' y='326' width='180' height='109' alpha='1' visible='1' enabled='1' cssClass='defaultCSSBox3' />
<component _type='_compCSSBox' id='a3' x='606' y='469' width='180' height='101' alpha='1' visible='1' enabled='1' cssClass='defaultCSSBox3' />
<component _type='_compRoundButton' id='roundbutton_44' x='725' y='523' width='180' height='40' alpha='1' visible='1' enabled='1' cssClass='roundTextButton' group='-1'>
<content><![CDATA[PRACTICA]]></content>
<event id='onClick' language='DO'><![CDATA[popup_open("pantalla_102")]]></event>
</component>
</components>
<animaciones>
<anim id='Entrada'><![CDATA[{"a2":[],"a2.x":[{"time":0,"value":596,"easing":"Linear.EaseNone"},{"time":2.0036666870117186,"value":612,"easing":"Linear.EaseNone"},{"time":2.943666687011719,"value":762,"easing":"Linear.EaseNone"}],"a2.y":[{"time":0,"value":384,"easing":"Linear.EaseNone"}],"a2.width":[{"time":0,"value":180,"easing":"Linear.EaseNone"}],"a2.height":[{"time":0,"value":133,"easing":"Linear.EaseNone"}],"a2.alpha":[{"time":0,"value":1,"easing":"Linear.EaseNone"}],"a1":[],"a1.x":[{"time":0,"value":596,"easing":"Linear.EaseNone"},{"time":0.9786666870117188,"value":612,"easing":"Linear.EaseNone"},{"time":2.0036666870117186,"value":762,"easing":"Linear.EaseNone"}],"a1.y":[{"time":0,"value":326,"easing":"Linear.EaseNone"}],"a1.width":[{"time":0,"value":180,"easing":"Linear.EaseNone"}],"a1.height":[{"time":0,"value":109,"easing":"Linear.EaseNone"}],"a1.alpha":[{"time":0,"value":1,"easing":"Linear.EaseNone"}],"a3":[],"a3.x":[{"time":0,"value":596,"easing":"Linear.EaseNone"},{"time":2.993666687011719,"value":612,"easing":"Linear.EaseNone"},{"time":3.8486666870117188,"value":762,"easing":"Linear.EaseNone"}],"a3.y":[{"time":0,"value":440,"easing":"Linear.EaseNone"}],"a3.width":[{"time":0,"value":180,"easing":"Linear.EaseNone"}],"a3.height":[{"time":0,"value":101,"easing":"Linear.EaseNone"}],"a3.alpha":[{"time":0,"value":1,"easing":"Linear.EaseNone"}]}]]></anim>
</animaciones>
</pantalla>
</slider>
</pantalla>
</pantallas>
<popups>
<pantalla id="pantalla_33">
<event id='onPrepare' language='DO'><![CDATA[]]></event>
<event id='onShown' language='DO'><![CDATA[]]></event>
<components>
<component _type='_compCSSBox' id='fondo_199' x='1' y='84' width='866' height='608' alpha='1' visible='1' enabled='1' cssClass='defaultCSSBox3' />
<component _type='_compCSSBox' id='fondo_56' x='84' y='0' width='866' height='608' alpha='1' visible='1' enabled='1' cssClass='defaultCSSBox3' />
<component _type='_compRoundButton' id='roundbutton_44' x='725' y='523' width='180' height='40' alpha='1' visible='1' enabled='1' cssClass='roundTextButton' group='-1'>
<content><![CDATA[SOLUCIÓN]]></content>
<event id='onClick' language='DO'><![CDATA[popup_open("pantalla_37")]]></event>
</component>
<component _type='_compIconButton' id='iconbutton_40' x='868' y='45' width='37' height='37' alpha='1' visible='1' enabled='1' cssClass='iconCloseButton' group='-1'><event id='onClick' language='DO'><![CDATA[popup_close()]]></event>
</component>
<component _type='_compRichText' id='texto_47' x='106' y='59' width='726' height='126' alpha='1' visible='1' enabled='1' scrollable='1' >
<content><![CDATA[<p><span style="font-size:20px"><span style="font-family:verdana,geneva,sans-serif">Imaginad que ahora quisi&eacute;ramos hacer un estudio sobre vuestras zapatillas de deporte, &iquest;sab&eacute;is cu&aacute;l ser&iacute;a la <strong>poblaci&oacute;n </strong>de este estudio? </span></span></p>
]]></content>
</component>
<component _type='_compImage' id='image_15' x='214' y='151' width='522' height='379' alpha='1' visible='1' enabled='1' cssClass='' adjustMode='4' alignMode='0' image='data/imagenes/img6.jpg' />
</components>
<animaciones>
</animaciones>
</pantalla>
<pantalla id="pantalla_37">
<event id='onPrepare' language='DO'><![CDATA[]]></event>
<event id='onShown' language='DO'><![CDATA[]]></event>
<components>
<component _type='_compCSSBox' id='fondo_200' x='0' y='85' width='870' height='608' alpha='1' visible='1' enabled='1' cssClass='defaultCSSBox3' />
<component _type='_compCSSBox' id='fondo_56' x='81' y='1' width='870' height='608' alpha='1' visible='1' enabled='1' cssClass='defaultCSSBox3' />
<component _type='_compRichText' id='texto_47' x='106' y='59' width='738' height='126' alpha='1' visible='1' enabled='1' scrollable='1' >
<content><![CDATA[<p><span style="font-size:20px"><span style="font-family:verdana,geneva,sans-serif">&iexcl;Exacto! En este caso, la<strong> poblaci&oacute;n</strong> ser&iacute;an todas las zapatillas deportivas de los alumnos de la clase. </span></span></p>
]]></content>
</component>
<component _type='_compImage' id='image_15' x='305' y='151' width='339' height='379' alpha='1' visible='1' enabled='1' cssClass='' adjustMode='4' alignMode='0' image='data/imagenes/img7.jpg' />
<component _type='_compIconButton' id='iconbutton_180' x='111' y='526' width='37' height='37' alpha='1' visible='1' enabled='1' cssClass='iconPrevButton' group='-1'><event id='onClick' language='DO'><![CDATA[popup_close()]]></event>
</component>
<component _type='_compIconButton' id='iconbutton_40' x='868' y='45' width='37' height='37' alpha='1' visible='1' enabled='1' cssClass='iconCloseButton' group='-1'><event id='onClick' language='DO'><![CDATA[do (
       popup_close(),
       popup_close()
   )]]></event>
</component>
</components>
<animaciones>
</animaciones>
</pantalla>
<pantalla id="pantalla_62">
<event id='onPrepare' language='DO'><![CDATA[]]></event>
<event id='onShown' language='DO'><![CDATA[]]></event>
<components>
<component _type='_compCSSBox' id='fondo_201' x='-2' y='83' width='866' height='608' alpha='1' visible='1' enabled='1' cssClass='defaultCSSBox3' />
<component _type='_compCSSBox' id='fondo_56' x='89' y='0' width='866' height='608' alpha='1' visible='1' enabled='1' cssClass='defaultCSSBox3' />
<component _type='_compRichText' id='texto_47' x='106' y='59' width='726' height='126' alpha='1' visible='1' enabled='1' scrollable='1' >
<content><![CDATA[<p><span style="font-size:20px"><span style="font-family:verdana,geneva,sans-serif">Ahora queremos estudiar qu&eacute; n&uacute;meros (qu&eacute; &ldquo;talla&rdquo;) de zapatillas de deporte usan los alumnos de la clase. En este caso, &iquest;cu&aacute;l cre&eacute;is que es la <strong>variable estad&iacute;stica</strong>?</span></span></p>
]]></content>
</component>
<component _type='_compImage' id='image_15' x='252' y='164' width='446' height='379' alpha='1' visible='1' enabled='1' cssClass='' adjustMode='4' alignMode='0' image='data/imagenes/img12.jpg' />
<component _type='_compRoundButton' id='roundbutton_44' x='725' y='523' width='180' height='40' alpha='1' visible='1' enabled='1' cssClass='roundTextButton' group='-1'>
<content><![CDATA[SOLUCIÓN]]></content>
<event id='onClick' language='DO'><![CDATA[popup_open("pantalla_66")]]></event>
</component>
<component _type='_compIconButton' id='iconbutton_40' x='868' y='45' width='37' height='37' alpha='1' visible='1' enabled='1' cssClass='iconCloseButton' group='-1'><event id='onClick' language='DO'><![CDATA[popup_close()]]></event>
</component>
</components>
<animaciones>
</animaciones>
</pantalla>
<pantalla id="pantalla_66">
<event id='onPrepare' language='DO'><![CDATA[]]></event>
<event id='onShown' language='DO'><![CDATA[]]></event>
<components>
<component _type='_compCSSBox' id='fondo_202' x='-3' y='83' width='867' height='608' alpha='1' visible='1' enabled='1' cssClass='defaultCSSBox3' />
<component _type='_compCSSBox' id='fondo_56' x='83' y='1' width='867' height='608' alpha='1' visible='1' enabled='1' cssClass='defaultCSSBox3' />
<component _type='_compImage' id='image_15' x='226' y='204' width='497' height='316' alpha='1' visible='1' enabled='1' cssClass='' adjustMode='4' alignMode='0' image='data/imagenes/img13.jpg' />
<component _type='_compRichText' id='texto_47' x='106' y='59' width='738' height='126' alpha='1' visible='1' enabled='1' scrollable='1' >
<content><![CDATA[<p><span style="font-size:20px"><span style="font-family:verdana,geneva,sans-serif">&iexcl;Efectivamente! La <strong>variable estad&iacute;stica</strong> es el n&uacute;mero (o la talla) de las zapatillas de deporte de los alumnos de clase. </span></span></p>
]]></content>
</component>
<component _type='_compIconButton' id='iconbutton_40' x='868' y='45' width='37' height='37' alpha='1' visible='1' enabled='1' cssClass='iconCloseButton' group='-1'><event id='onClick' language='DO'><![CDATA[do (
       popup_close(),
       popup_close()
   )]]></event>
</component>
<component _type='_compIconButton' id='iconbutton_180' x='111' y='526' width='37' height='37' alpha='1' visible='1' enabled='1' cssClass='iconPrevButton' group='-1'><event id='onClick' language='DO'><![CDATA[popup_close()]]></event>
</component>
</components>
<animaciones>
</animaciones>
</pantalla>
<pantalla id="pantalla_102">
<event id='onPrepare' language='DO'><![CDATA[]]></event>
<event id='onShown' language='DO'><![CDATA[]]></event>
<components>
<component _type='_compCSSBox' id='fondo_203' x='-4' y='82' width='870' height='608' alpha='1' visible='1' enabled='1' cssClass='defaultCSSBox3' />
<component _type='_compCSSBox' id='fondo_56' x='82' y='1' width='870' height='608' alpha='1' visible='1' enabled='1' cssClass='defaultCSSBox3' />
<component _type='_compIconButton' id='iconbutton_40' x='868' y='45' width='37' height='37' alpha='1' visible='1' enabled='1' cssClass='iconCloseButton' group='-1'><event id='onClick' language='DO'><![CDATA[popup_close()]]></event>
</component>
<component _type='_compRichText' id='texto_47' x='106' y='22' width='726' height='270' alpha='1' visible='1' enabled='1' scrollable='1' >
<content><![CDATA[<p><span style="font-size:20px"><span style="font-family:verdana,geneva,sans-serif">Se ha hecho un estudio sobre el deporte que m&aacute;s alumnos practican en clase y dos de los resultados son los siguientes:</span></span></p>

<ul>
	<li><span style="font-family:verdana,geneva,sans-serif"><span style="font-size:20px">El 19,05 % de los alumnos juega al f&uacute;tbol.</span></span><br />
	&nbsp;</li>
	<li><span style="font-size:20px"><span style="font-family:verdana,geneva,sans-serif">El 17,46 % juega a baloncesto.</span></span></li>
</ul>

<p><br />
<span style="font-size:20px"><span style="font-family:verdana,geneva,sans-serif">&iquest;Qu&eacute; cre&eacute;is que representan estas cifras, <strong>frecuencias absolutas</strong> o <strong>relativas</strong>?</span></span></p>
]]></content>
</component>
<component _type='_compImage' id='image_15' x='157' y='271' width='635' height='282' alpha='1' visible='1' enabled='1' cssClass='' adjustMode='4' alignMode='0' image='data/imagenes/img16.jpg' />
<component _type='_compRoundButton' id='roundbutton_44' x='725' y='523' width='180' height='40' alpha='1' visible='1' enabled='1' cssClass='roundTextButton' group='-1'>
<content><![CDATA[SOLUCIÓN]]></content>
<event id='onClick' language='DO'><![CDATA[popup_open("pantalla_106")]]></event>
</component>
</components>
<animaciones>
</animaciones>
</pantalla>
<pantalla id="pantalla_106">
<event id='onPrepare' language='DO'><![CDATA[]]></event>
<event id='onShown' language='DO'><![CDATA[]]></event>
<components>
<component _type='_compCSSBox' id='fondo_56' x='0' y='0' width='950' height='608' alpha='1' visible='1' enabled='1' cssClass='defaultCSSBox3' />
<component _type='_compRichText' id='texto_47' x='106' y='59' width='738' height='126' alpha='1' visible='1' enabled='1' scrollable='1' >
<content><![CDATA[<p><span style="font-size:20px"><span style="font-family:verdana,geneva,sans-serif">Estos valores son <strong>frecuencias relativas</strong>, ya que cada uno de ellos expresa solo un porcentaje del total de los deportes que practican los alumnos. </span></span></p>
]]></content>
</component>
<component _type='_compImage' id='image_15' x='211' y='167' width='527' height='395' alpha='1' visible='1' enabled='1' cssClass='' adjustMode='4' alignMode='0' image='data/imagenes/img17.jpg' />
<component _type='_compIconButton' id='iconbutton_40' x='868' y='45' width='37' height='37' alpha='1' visible='1' enabled='1' cssClass='iconCloseButton' group='-1'><event id='onClick' language='DO'><![CDATA[do (
       popup_close(),
       popup_close()
   )]]></event>
</component>
<component _type='_compIconButton' id='iconbutton_180' x='111' y='526' width='37' height='37' alpha='1' visible='1' enabled='1' cssClass='iconPrevButton' group='-1'><event id='onClick' language='DO'><![CDATA[popup_close()]]></event>
</component>
</components>
<animaciones>
</animaciones>
</pantalla>
</popups>
</engine>