﻿<?xml version="1.0" encoding="UTF-8"?><motor tipo="4" clase="a" aprid="M4a"><plataforma><grado><![CDATA[2]]></grado><titulo>Practica las medidas de posición y las medidas de dispersión</titulo><area>3</area><nivel><![CDATA[2]]></nivel><referencia><![CDATA[MT_09_11_03]]></referencia><idreg><![CDATA[839]]></idreg><motor><![CDATA[M4A]]></motor><lang>es</lang></plataforma><enunciado><![CDATA[Lee atentamente los enunciados y responde las preguntas que se plantean.]]></enunciado><masinfo inicio="0" /><sinaleatoriedad><![CDATA[1]]></sinaleatoriedad><calc>1</calc><respuestaunica><![CDATA[1]]></respuestaunica><test cantidad="7"><cuestion><enunciado><![CDATA[Un alumno ha sacado en los cuatro exámenes del primer trimestre de historia un 4, un 6, un 8 y un 5. ¿Cuál es la media aritmética?]]></enunciado><explicacion /><imagen /><respuestas><respuesta contestacion="5,75" correcta="1" /><respuesta contestacion="6" correcta="0" /><respuesta contestacion="5" correcta="0" /><respuesta contestacion="7,5" correcta="0" /></respuestas></cuestion><cuestion><enunciado><![CDATA[La moda de una distribución estadística es...]]></enunciado><explicacion /><imagen /><respuestas><respuesta contestacion="... el valor más grande." correcta="0" /><respuesta contestacion="... el valor que tiene mayor frecuencia acumulada." correcta="0" /><respuesta contestacion="... el valor que tiene mayor frecuencia absoluta." correcta="1" /><respuesta contestacion="... el valor que ocupa la posición central." correcta="0" /></respuestas></cuestion><cuestion><enunciado><![CDATA[Las edades de un grupo de amigos son las siguientes: 13, 13, 13, 14, 14, 15, 15, 16 y 17 años, respectivamente. ¿Cuál es la mediana?]]></enunciado><explicacion /><imagen /><respuestas><respuesta contestacion="13" correcta="0" /><respuesta contestacion="14" correcta="1" /><respuesta contestacion="15" correcta="0" /><respuesta contestacion="16" correcta="0" /><respuesta contestacion="17" correcta="0" /></respuestas></cuestion><cuestion><enunciado><![CDATA[Si dividimos la distribución de los datos estadísticos de un estudio en cuatro partes,  obtendremos...]]></enunciado><explicacion /><imagen /><respuestas><respuesta contestacion="... la mediana." correcta="0" /><respuesta contestacion="... los deciles." correcta="0" /><respuesta contestacion="... los cuartiles." correcta="1" /><respuesta contestacion="... los quintiles." correcta="0" /></respuestas></cuestion><cuestion><enunciado><![CDATA[La longitud del intervalo en el que se hallan todos los datos es...]]></enunciado><explicacion /><imagen /><respuestas><respuesta contestacion="... el rango." correcta="1" /><respuesta contestacion="... la marca de clase." correcta="0" /><respuesta contestacion="... el módulo." correcta="0" /><respuesta contestacion="... la moda." correcta="0" /></respuestas></cuestion><cuestion><enunciado><![CDATA[La media de los cuadrados de las desviaciones se llama...]]></enunciado><explicacion /><imagen /><respuestas><respuesta contestacion="... desviación media." correcta="0" /><respuesta contestacion="... varianza." correcta="1" /><respuesta contestacion="... mediana." correcta="0" /><respuesta contestacion="... cuartil." correcta="0" /><respuesta contestacion="... media aritmética." correcta="0" /></respuestas></cuestion><cuestion><enunciado><![CDATA[La raíz cuadrada de la varianza es...]]></enunciado><explicacion /><imagen /><respuestas><respuesta contestacion="... la desviación típica." correcta="1" /><respuesta contestacion="... la desviación media." correcta="0" /><respuesta contestacion="... la covarianza." correcta="0" /><respuesta contestacion="... el coeficiente de variación." correcta="0" /></respuestas></cuestion></test></motor>