﻿<?xml version="1.0" encoding="utf-8"?>
<root>
  <textos>
    <primera>Avanza y observa el diagrama de barras de las letras en este texto.</primera>
    <segunda>Avanza y observa el histograma ordenado por frecuencias.</segunda>
    <tercera>Ahora con un texto en lengua inglesa.</tercera>
    <quinta>Compara las frecuencias con las de la lengua castellana.</quinta>
    <inter>Introduce el texto que quieras y observa cómo varían los histogramas.</inter>
  </textos>
  <textosAux>
    <quijote>"En un lugar de La Mancha, de cuyo nombre no quiero acordarme, no ha mucho tiempo que vivía un hidalgo de los de lanza en astillero, adarga antigua, rocín flaco y galgo corredor."</quijote>
    <einstein>"There is no logical way to the discovery of these elemental laws. There is only the way of intuition, which is helped by a feeling for the order lying behind the appearance."</einstein>
  </textosAux>
</root>