﻿<?xml version="1.0" encoding="UTF-8"?><motor tipo="5" clase="a" aprid="M5a"><plataforma><grado><![CDATA[2]]></grado><titulo>Calcula la desviación típica</titulo><area>3</area><nivel><![CDATA[1]]></nivel><referencia><![CDATA[MT_09_11_04]]></referencia><idreg><![CDATA[3705]]></idreg><motor><![CDATA[M5A]]></motor><lang>es</lang></plataforma><enunciado><![CDATA[Resuelve los siguientes problemas de estadística:]]></enunciado><masinfo inicio="0" /><sinaleatoriedad><![CDATA[0]]></sinaleatoriedad><calc>1</calc><respuestaunica><![CDATA[1]]></respuestaunica><test cantidad="6"><cuestion><enunciado><![CDATA[Calcula la desviación típica.]]></enunciado><explicacion /><imagen><![CDATA[MT_09_11_04_P1_286.jpg]]></imagen><ampliacion><![CDATA[MT_09_11_04_P1_500.jpg]]></ampliacion><respuestas><respuesta contestacion="1,41" correcta="1" /><respuesta contestacion="2" correcta="0" /><respuesta contestacion="4" correcta="0" /><respuesta contestacion="3,87" correcta="0" /></respuestas></cuestion><cuestion><enunciado><![CDATA[Calcula la desviación típica.]]></enunciado><explicacion /><imagen><![CDATA[MT_09_11_04_P2_286.jpg]]></imagen><ampliacion><![CDATA[MT_09_11_04_P2_500.jpg]]></ampliacion><respuestas><respuesta contestacion="1,55" correcta="1" /><respuesta contestacion="2,27" correcta="0" /><respuesta contestacion="1,93" correcta="0" /><respuesta contestacion="5,12" correcta="0" /></respuestas></cuestion><cuestion><enunciado><![CDATA[Calcula la desviación típica.]]></enunciado><explicacion /><imagen><![CDATA[MT_09_11_04_P3_286.jpg]]></imagen><ampliacion><![CDATA[MT_09_11_04_P3_500.jpg]]></ampliacion><respuestas><respuesta contestacion="4,85" correcta="1" /><respuesta contestacion="10,5" correcta="0" /><respuesta contestacion="3,29" correcta="0" /><respuesta contestacion="7,23" correcta="0" /></respuestas></cuestion><cuestion><enunciado><![CDATA[Calcula la desviación típica.]]></enunciado><explicacion /><imagen><![CDATA[MT_09_11_04_P4_286.jpg]]></imagen><ampliacion><![CDATA[MT_09_11_04_P4_500.jpg]]></ampliacion><respuestas><respuesta contestacion="4,04" correcta="1" /><respuesta contestacion="5,92" correcta="0" /><respuesta contestacion="9" correcta="0" /><respuesta contestacion="8" correcta="0" /></respuestas></cuestion><cuestion><enunciado><![CDATA[Calcula la desviación típica.]]></enunciado><explicacion /><imagen><![CDATA[MT_09_11_04_P5_286.jpg]]></imagen><ampliacion><![CDATA[MT_09_11_04_P5_500.jpg]]></ampliacion><respuestas><respuesta contestacion="4,69" correcta="1" /><respuesta contestacion="5,57" correcta="0" /><respuesta contestacion="6" correcta="0" /><respuesta contestacion="4" correcta="0" /></respuestas></cuestion><cuestion><enunciado><![CDATA[Calcula la desviación típica.]]></enunciado><explicacion /><imagen><![CDATA[MT_09_11_04_P6_286.jpg]]></imagen><ampliacion><![CDATA[MT_09_11_04_P6_500.jpg]]></ampliacion><respuestas><respuesta contestacion="17,88" correcta="1" /><respuesta contestacion="32,54" correcta="0" /><respuesta contestacion="20,96" correcta="0" /><respuesta contestacion="10,45" correcta="0" /></respuestas></cuestion></test></motor>