<?xml version="1.0" encoding="UTF-8"?>
<?xml-stylesheet href="cuadernoestudio/dtd/libro.xslt" type="text/xsl"?>
<!--Arbortext, Inc., 1988-2013, v.4002-->
<!DOCTYPE libro SYSTEM "cuadernoestudio/dtd/libro.dtd">
<?Pub Inc?>
<libro id="MT_07_12">
<libroTitulo>Sistemas y unidades de medida</libroTitulo>
<seccion1 id="S1_MT_07_12_078635025C3149E4950E4B32DC424AD8">
<seccion1Titulo>El problema de la medición</seccion1Titulo>
<seccion1Texto>
<p>En la naturaleza existen muchas magnitudes, es decir, propiedades
que se pueden medir con valores numéricos. Una <negrita>medida</negrita> indica el número de veces que un valor contiene una <negrita>unidad</negrita> determinada.</p>
<destacado><destacadoTitulo>La expresión de las medidas</destacadoTitulo>
<destacadoTexto>
<p>Las medidas se expresan con un número y una unidad de medida.</p>
<imagen src="MT_07_12_img1_small.jpg">
<p>Una <negrita>medida</negrita> indica el número de veces que una <negrita>magnitud</negrita> contiene a la <negrita>unidad</negrita>.</p>
</imagen>
</destacadoTexto></destacado>
<p>Los avances tecnológicos, el progreso de las comunicaciones y los
intercambios cada vez más globales hicieron indispensable definir <negrita>patrones</negrita> de magnitudes comunes para todos. Por ese motivo,
se creó una convención universal: el sistema métrico decimal.</p>
<recuerda><recuerdaTexto>
<p>             <negrita>Medir</negrita> es comparar una <negrita>magnitud</negrita> con un valor prefijado, que llamamos <negrita>patrón</negrita>.</p>
</recuerdaTexto></recuerda><seccion2 id="S2_MT_07_12_7193640B708647AE8BC0DD24A688005F">
<seccion2Titulo>Las unidades de medidas antiguas</seccion2Titulo>
<seccion2Texto>
<p>Desde la Antigüedad, el ser humano ha definido patrones comunes
que le permitieran medir su entorno físico. De este modo, se crearon
unidades de medida, que en un principio fueron muy arbitrarias. Los
movimientos de los cuerpos celestes, por ejemplo proporcionaron una
manera sencilla de calcular el tiempo: el día es el tiempo que transcurría
de amanecer a amanecer; el mes el tiempo que dura el ciclo de fases
de la Luna, y el año es el tiempo que tarda la Tierra en recorrer
su órbita en torno al Sol.</p>
<p>Otras mediciones, como las de longitud, se llevaban a cabo tomando
como unidad <negrita>partes del cuerpo humano</negrita> o distintos
utensilios. Algunas de las primeras unidades empleadas como medida
de longitud fueron el codo, el pie, la pulgada, la yarda o los pasos.</p>
<p>En cuanto a las medidas de capacidad, se utilizaron unidades distintas
para medir líquidos o sólidos. Los nombres de las unidades correspondían
a los de los recipientes que se empleaban para medir, como el ánfora,
el cuartillo o la fanega.</p>
<p>Para medir la masa, se emplearon muy diversos instrumentos y medidas,
como las semillas de trigo, piedras pulidas de diversos tamaños y
medidas como la libra, la onza, la arroba, el quintal o la tonelada.</p>
<p>Mientras el ser humano vivió en comunidades aisladas, en las que
el comercio se limitaba a una extensión local, las unidades de medida
solo tenían que ser compartidas por grupos cercanos. Sin embargo,
cuando se incrementaron las distancias de los intercambios, se hizo
necesario establecer unidades de medida que tuvieran el mismo valor
para todos, con un ámbito cada vez mayor.</p>
<destacado><destacadoTitulo>Investiga</destacadoTitulo><destacadoTexto>
<p>Pregunta a tus abuelos o personas mayores de tu población si han
usado medidas antiguas para medir longitudes (palmo, vara, pie,…),
áreas, volúmenes, capacidades o masas (onzas, libras,…) e intenta
buscar su equivalencia con las medidas del sistema métrico actual.</p>
</destacadoTexto></destacado><profundiza>
<enlace destino="/LoIdRedirect.aspx?LoId=MT_07_12_Recurso020&amp;IdRecurso=RES-DE40BA72F32F40EC81B9E722E4C697A4">La historia de los sistemas de medida</enlace>
</profundiza></seccion2Texto></seccion2><seccion2 id="S2_MT_07_12_B8E3F2211E304B0B95E2DAED4BF19102">
<seccion2Titulo>El sistema métrico decimal</seccion2Titulo>
<seccion2Texto>
<p>Con el paso del tiempo, la población mundial creció y se incrementaron
las comunicaciones y los avances tecnológicos, lo cual obligó al establecimiento
de unidades de medida que tuvieran el mismo valor para diversas comunidades.
En 1789 la Academia de Ciencias de París propuso para tal fin el <negrita>sistema métrico decimal</negrita>, que fue aceptado como oficial
en Francia en 1791.</p>
<p>Las principales características del sistema métrico decimal fueron
la adopción de un <negrita>conjunto universal de patrones</negrita> para las diversas magnitudes, que no dependían de magnitudes humanas
o de una determinada cultura, y la utilización de un sistema decimal,
en el que se definían unidades múltiplos y submúltiplos de la unidad
principal mediante potencias de 10. En 1889 se convocó en París la
I Conferencia General de Pesos y Medidas, en la que participaron diversos
países y que supuso el principio de la universalización de las unidades
de medida.</p>
<p>A partir de esa iniciativa, se llegó a los acuerdos que hicieron
posible que en la XI Conferencia General de Pesos y Medidas, celebrada
en 1960, se adoptara como sistema común el <negrita>Sistema Internacional
de Unidades (SI)</negrita>, aceptado hoy de forma oficial por todas
las naciones, con excepción de Estados Unidos, Liberia y Myanmar.</p>
</seccion2Texto></seccion2></seccion1Texto></seccion1><seccion1 id="S1_MT_07_12_9782FA911A7846288B63D1178C60189C">
<seccion1Titulo>El Sistema Internacional de Unidades (SI)</seccion1Titulo>
<seccion1Texto>
<p>El <negrita>SI</negrita> es un sistema decimal de unidades, en
el cual los múltiplos y submúltiplos de una unidad de medida están
relacionadas entre sí por múltiplos o submúltiplos de 10. Posee cuatro
características básicas:</p>
<listaSinNumerar>
<listaElemento>           <negrita>Neutralidad</negrita>: se estableció
sin incluir unidades de medida antiguas.</listaElemento>
<listaElemento>           <negrita>Universalidad</negrita>: las unidades
de medida son independientes de las condiciones locales o temporales.</listaElemento>
<listaElemento>           <negrita>Es práctico</negrita>: las unidades
de medida básicas tienen magnitudes que facilitan su uso en la vida
diaria.</listaElemento>
<listaElemento>           <negrita>Es reproducible</negrita>: los
patrones de las unidades de medida básica se pueden copiar y distribuir.</listaElemento>
</listaSinNumerar>
<p>Lo utilizamos para medir las siguientes magnitudes:</p>
<table border="1"><caption>Magnitudes y unidades del SI</caption>
<tr>
<td>             <negrita>Magnitud</negrita>           </td>
<td>             <negrita>Unidad</negrita>           </td>
<td>             <negrita>Símbolo</negrita>           </td>
</tr>
<tr>
<td>Longitud</td>
<td>metro</td>
<td>m</td>
</tr>
<tr>
<td>Superficie</td>
<td>metro cuadrado</td>
<td>m<superindice>2</superindice></td>
</tr>
<tr>
<td>Volumen</td>
<td>metro cúbico</td>
<td>m<superindice>3</superindice></td>
</tr>
<tr>
<td>Capacidad</td>
<td>litro</td>
<td>l</td>
</tr>
<tr>
<td>Masa</td>
<td>kilogramo</td>
<td>kg</td>
</tr>
<tr>
<td>Tiempo</td>
<td>segundo</td>
<td>s</td>
</tr>
</table>
<p>Los <negrita>múltiplos</negrita> y <negrita>submúltiplos</negrita> se nombran con un prefijo que indica cuántas veces se ha multiplicado
o dividido por 10 la unidad de medida base:</p>
<table border="1"><caption>Prefijos del SI</caption>
<tr>
<td>             <negrita>Prefijo</negrita>           </td>
<td>             <negrita>Letra</negrita>           </td>
<td>             <negrita>Valor</negrita>           </td>
<td>             <negrita>Valor en base 10</negrita>           </td>
</tr>
<tr>
<td>Tera</td>
<td>T</td>
<td>1.000.000.000.000</td>
<td>10<superindice>12</superindice></td>
</tr>
<tr>
<td>Giga</td>
<td>G</td>
<td>1.000.000.000</td>
<td>10<superindice>9</superindice></td>
</tr>
<tr>
<td>Mega</td>
<td>M</td>
<td>1.000.000</td>
<td>10<superindice>6</superindice></td>
</tr>
<tr>
<td>Kilo</td>
<td>k</td>
<td>1.000</td>
<td>10<superindice>3</superindice></td>
</tr>
<tr>
<td>Hecto</td>
<td>h</td>
<td>100</td>
<td>10<superindice>2</superindice></td>
</tr>
<tr>
<td>Deca</td>
<td>da</td>
<td>10</td>
<td>10<superindice>1</superindice></td>
</tr>
<tr>
<td>-</td>
<td>-</td>
<td>1</td>
<td>10<superindice>0</superindice></td>
</tr>
<tr>
<td>Deci</td>
<td>d</td>
<td>0,1</td>
<td>10<superindice>-1</superindice></td>
</tr>
<tr>
<td>Centi</td>
<td>c</td>
<td>0,01</td>
<td>10<superindice>-2</superindice></td>
</tr>
<tr>
<td>Mili</td>
<td>m</td>
<td>0,001</td>
<td>10<superindice>-3</superindice></td>
</tr>
<tr>
<td>Micro</td>
<td>µ</td>
<td>0,000001</td>
<td>10<superindice>-6</superindice></td>
</tr>
<tr>
<td>Nano</td>
<td>n</td>
<td>0,000000001</td>
<td>10<superindice>-9</superindice></td>
</tr>
<tr>
<td>Pico</td>
<td>p</td>
<td>0,000000000001</td>
<td>10<superindice>-12</superindice></td>
</tr>
</table>
<recuerda><recuerdaTexto>
<p>             <negrita>Una misma medida</negrita> se puede expresar
de forma compleja y de forma incompleja, aunque su valor sea el mismo:</p>
<listaSinNumerar>
<listaElemento>               <negrita>Incompleja</negrita>: cuando
la medida se expresa con una sola unidad, por ejemplo, 34,6 cm</listaElemento>
<listaElemento>               <negrita>Compleja</negrita>: cuando
la medida se expresa con más de una unidad, por ejemplo, 3 dm 4 cm
6 mm</listaElemento>
</listaSinNumerar>
</recuerdaTexto></recuerda><profundiza>
<enlace destino="/LoIdRedirect.aspx?LoId=MT_07_12_Recurso010&amp;IdRecurso=RES-AE51C7B5E830404EA8494183C8D748F1">¿Cuándo utilizamos un sistema métrico?</enlace>
<no-imprimible/></profundiza></seccion1Texto></seccion1><seccion1 id="S1_MT_07_12_BD28DDE26F994C9BA9666283E9EE2D2B">
<seccion1Titulo>Las unidades de longitud</seccion1Titulo>
<seccion1Texto>
<p>La <negrita>unidad fundamental de longitud</negrita> del SI es
el <negrita>metro (m)</negrita>. El metro se definió en origen como
la diezmillonésima parte de un cuadrante terrestre.</p><?Pub Caret 62?>
<imagen ampliable="no" src="MT_07_12_img2_small.jpg">
<p>El metro se definió en referencia la longitud de un cuadrante de
un meridiano de la Tierra.</p>
</imagen>
<p>En la propuesta original se estableció que la longitud de un meridiano
a lo largo de un cuadrante terrestre (entre el polo y el ecuador)
sería la referencia para una longitud de 10.000.000.000 m, por lo
que el metro se definió como la diezmillonésima parte de esta distancia.</p>
<p>Los <negrita>múltiplos</negrita> del metro son:</p>
<listaSinNumerar>
<listaElemento>Kilómetro (km) = 1.000 m</listaElemento>
<listaElemento>Hectómetro (hm) = 100 m</listaElemento>
<listaElemento>Decámetro (dam) = 10 m</listaElemento>
</listaSinNumerar>
<p>Los <negrita>submúltiplos</negrita> del metro son:</p>
<listaSinNumerar>
<listaElemento>Decímetro (dm) =0,1 m</listaElemento>
<listaElemento>Centímetro (cm)= 0,01 m</listaElemento>
<listaElemento>Milímetro (mm) = 0,001 m</listaElemento>
</listaSinNumerar>
<p>Cada unidad contiene <negrita>10 veces la inmediata inferior</negrita>: así 1 m contiene 10 dm.</p>
<imagen src="MT_07_12_img3_small.jpg">
<p>Observa que en el SI una unidad es 10 veces mayor que la siguiente.
De este modo, 1 m contiene 10 dm.</p>
</imagen>
<seccion2 id="S2_MT_07_12_3A55718FFEBE49678A1E737634A5B058">
<seccion2Titulo>Los cambios de unidad de longitud</seccion2Titulo>
<seccion2Texto>
<p>Veamos cómo hemos de proceder para cambiar las unidades de una
medida de longitud:</p>
<listaSinNumerar>
<listaElemento>Para pasar de una unidad a la inmediata inferior se
debe multiplicar por 10.</listaElemento>
<listaElemento>Para pasar de una unidad a la inmediata superior hay
que dividir entre 10.<imagen src="MT_07_12_img4_small.jpg">
<p>Observa que para pasar de una unidad de longitud a la siguiente
se multiplica o se divide por 10.</p>
</imagen></listaElemento>
</listaSinNumerar>
<p>Veamos un ejemplo:</p>
<p>Si tenemos cuatro trozos de cinta que miden 4 m, 23 dm, 7 cm y
45 cm, ¿cuánta cinta tenemos en total? Para poder sumar estas medidas,
hemos de pasarlas todas a una misma unidad:</p>
<p>4 m + 23 dm + 7 cm + 45 cm =</p>
<p>= (4 · 100) cm + (23 · 10) cm + 7 cm + 45 cm =</p>
<p>= 682 cm = 68,2 dm = 6,82 m</p>
<p>En total tenemos 682 cm de cinta o, lo que es lo mismo, 6,82 m.</p>
<practica>
<enlace destino="/LoIdRedirect.aspx?LoId=MT_07_12_Recurso030&amp;IdRecurso=RES-48D05D5BFD6C4C829A7FB0F426FC5F1E">Convierte unidades de longitud</enlace>
<enlace destino="/LoIdRedirect.aspx?LoId=MT_07_12_Recurso040&amp;IdRecurso=RES-38836010786C4B2F93354FBBEFA507BD">Ordena medidas de longitud</enlace>
<enlace destino="/LoIdRedirect.aspx?LoId=MT_07_12_Recurso050&amp;IdRecurso=RES-5683AB521A2446C18E14FAD9E77EA3F8">Opera con medidas de longitud</enlace>
</practica></seccion2Texto></seccion2><seccion2 id="S2_MT_07_12_EDA981D820274FFE14BD07FB70201308">
<seccion2Titulo>Consolidación</seccion2Titulo>
<seccion2Texto>
<p>Actividades para consolidar lo que has aprendido en esta sección.</p>
<practica>
<enlace destino="/LoIdRedirect.aspx?LoId=MT_07_12_Recurso210&amp;IdRecurso=RES-95AF877D39794C13B02F421CFB71CBA9">Refuerza tu aprendizaje: Las unidades de longitud</enlace>
</practica></seccion2Texto></seccion2></seccion1Texto></seccion1>
<seccion1 id="S1_MT_07_12_CBB561B942764CFFB39AC48AFDDFF56B">
<seccion1Titulo>La superficie</seccion1Titulo>
<seccion1Texto>
<p>La unidad principal de superficie en el sistema métrico decimal
es el <negrita>metro cuadrado</negrita>. Su símbolo es <negrita>m<superindice>2</superindice></negrita>.</p>
<p>Los <negrita>múltiplos</negrita> del metro cuadrado son:</p>
<listaSinNumerar>
<listaElemento>Kilómetro cuadrado (km<superindice>2</superindice>)
= 1.000.000 m<superindice>2</superindice></listaElemento>
<listaElemento>Hectómetro cuadrado (hm<superindice>2</superindice>) = 10.000 m<superindice>2</superindice></listaElemento>
<listaElemento>Decámetro cuadrado (dam<superindice>2</superindice>) = 100 m<superindice>2</superindice></listaElemento>
</listaSinNumerar>
<p>Los <negrita>submúltiplos</negrita> del metro cuadrado son:</p>
<listaSinNumerar>
<listaElemento>Decímetro cuadrado (dm<superindice>2</superindice>)
=0,01 m<superindice>2</superindice></listaElemento>
<listaElemento>Centímetro cuadrado (cm<superindice>2</superindice>)= 0,0001 m<superindice>2</superindice></listaElemento>
<listaElemento>Milímetro cuadrado (mm<superindice>2</superindice>)
= 0,000001 m<superindice>2</superindice></listaElemento>
</listaSinNumerar>
<p>Cada unidad contiene <negrita>100 veces</negrita> la unidad inmediata
inferior. Como 1 m<superindice>2</superindice> es la superficie de
un cuadrado de 1 m de lado, y 1 dm<superindice>2</superindice> es
la superficie de un cuadrado de 1 dm de lado, 1 m<superindice>2</superindice> contiene 100 dm<superindice>2</superindice> (10 dm · 10 dm).</p>
<recuerda><recuerdaTexto>
<p>Un metro cuadrado (m<superindice>2</superindice>) es la superficie
de un cuadrado de 1 m de lado.</p>
</recuerdaTexto></recuerda>
<imagen src="MT_07_12_img5_small.jpg">
<p>Observa que en el SI 1 m<superindice>2 </superindice>son 100 dm<superindice>2 </superindice>(10 dm · 10 dm).</p>
</imagen>
<imagen ampliable="no" src="MT_07_12_img6_small.jpg">
<p>Las superficies agrarias se miden muchas veces con unidades especiales,
como la centiárea, el área y la hectárea, que no pertenecen al SI.</p>
</imagen>
<seccion2 id="S2_MT_07_12_5691598F3C6B49C586B59757B5B66816">
<seccion2Titulo>Los cambios de unidad de superficie</seccion2Titulo>
<seccion2Texto>
<p>Veamos cómo hemos de proceder para cambiar las unidades de una
medida de superficie:</p>
<listaSinNumerar>
<listaElemento>Para pasar de una unidad a la inmediata inferior se
debe multiplicar por 100.</listaElemento>
<listaElemento>Para pasar de una unidad a la inmediata superior hay
que dividir entre 100.<imagen src="MT_07_12_img7_small.jpg">
<p>Observa que para pasar de una unidad de superficie a una inmediata
se multiplica o se divide por 100.</p>
</imagen></listaElemento>
</listaSinNumerar>
<p>Veamos un ejemplo:</p>
<p>Si tenemos un terreno de 2.710 dm<superindice>2</superindice> en
el que queremos hacer un huerto, pero la valla ocupa 1,03 m<superindice>2</superindice>, ¿qué superficie tendrá el huerto? Para poder restar
estas medidas, hemos de pasarlas todas a una misma unidad:</p>
<p>2.710 dm<superindice>2</superindice> − 1,03 m<superindice>2</superindice> =</p>
<p>= 2.710 dm<superindice>2</superindice> − (1,03 · 100) dm<superindice>2</superindice> =</p>
<p>= 2.710 dm<superindice>2</superindice> − 103 dm<superindice>2</superindice> = 2.607 dm<superindice>2</superindice> = 26,07 m<superindice>2</superindice></p>
<p>El huerto tendrá 2.607 dm<superindice>2</superindice> = 26,07 m<superindice>2</superindice>.</p>
<practica>
<enlace destino="/LoIdRedirect.aspx?LoId=MT_07_12_Recurso080&amp;IdRecurso=RES-02ED53C8B8E84A43B097CA1A6BD85837">Convierte unidades de superficie</enlace>
<enlace destino="/LoIdRedirect.aspx?LoId=MT_07_12_Recurso090&amp;IdRecurso=RES-0AFF33E206684B75AF6F15C469F57B95">Ordena medidas de superficie</enlace>
<enlace destino="/LoIdRedirect.aspx?LoId=MT_07_12_Recurso100&amp;IdRecurso=RES-89C9FA7724B444839EE6A38F70412715">Opera con medidas de superficie</enlace>
</practica></seccion2Texto></seccion2><seccion2 id="S2_MT_07_12_D7A18146C4E784D03E590A829D201308">
<seccion2Titulo>Consolidación</seccion2Titulo>
<seccion2Texto>
<p>Actividades para consolidar lo que has aprendido en esta sección.</p>
<practica>
<enlace destino="/LoIdRedirect.aspx?LoId=MT_07_12_Recurso220&amp;IdRecurso=RES-100C303271D9484E8EF477E4092F8A27">Refuerza tu aprendizaje: La superficie</enlace>
</practica></seccion2Texto></seccion2></seccion1Texto></seccion1>
<seccion1 id="S1_MT_07_12_9016F52DD8954B08B28FF9C56EF76820">
<seccion1Titulo>El volumen</seccion1Titulo>
<seccion1Texto>
<p>La unidad básica de volumen es el <negrita>metro cúbico</negrita>, que se simboliza m<superindice>3</superindice>.</p>
<p>Los <negrita>múltiplos</negrita> del metro cúbico son:</p>
<listaSinNumerar>
<listaElemento>Kilómetro cúbico (km<superindice>3</superindice>) =
1..000.000.000 m<superindice>3</superindice></listaElemento>
<listaElemento>Hectómetro cúbico (hm<superindice>3</superindice>)
= 1.000.000 m<superindice>3</superindice></listaElemento>
<listaElemento>Decámetro cúbico (dam<superindice>3</superindice>)
= 1.000 m<superindice>3</superindice></listaElemento>
</listaSinNumerar>
<p>Los <negrita>submúltiplos</negrita> del metro cúbico son:</p>
<listaSinNumerar>
<listaElemento>Decímetro cúbico (dm<superindice>3</superindice>) =0,001
m<superindice>3</superindice></listaElemento>
<listaElemento>Centímetro cúbico (cm<superindice>3</superindice>)=
0,000001 m<superindice>3</superindice></listaElemento>
<listaElemento>Milímetro cúbico (mm<superindice>3</superindice>) =
0,000000001 m<superindice>3</superindice></listaElemento>
</listaSinNumerar>
<p>Cada unidad contiene <negrita>1.000 veces</negrita> la unidad inmediata
inferior. Como 1 m<superindice>3</superindice> es el volumen de un
cubo de 1 m de lado, y 1 dm<superindice>3</superindice> es el volumen
de un cubo de 1 dm de lado, 1 m<superindice>3</superindice> contiene
1.000 dm<superindice>3</superindice> (10 dm · 10 dm · 10 dm).</p>
<recuerda><recuerdaTexto>
<p>1 metro cúbico (m<superindice>3</superindice>) es la superficie
de un cubo de 1 m de lado; es decir, de 1 m de alto, 1 m de ancho
y 1 m de largo.</p>
</recuerdaTexto></recuerda>
<imagen src="MT_07_12_img8_small.jpg">
<p>Observa cómo un cubo de 1 m<superindice>3</superindice> equivale
a 1.000 cubos de 1 dm<superindice>3</superindice> .</p>
</imagen>
<seccion2 id="S2_MT_07_12_A83212F581DD4A76B9DC2C1373FCBA8B">
<seccion2Titulo>Los cambios de unidad de volumen</seccion2Titulo>
<seccion2Texto>
<p>Veamos cómo hemos de proceder para cambiar las unidades de una
medida de volumen:</p>
<listaSinNumerar>
<listaElemento>Para pasar de una unidad a la inmediata inferior se
debe multiplicar por 1.000.</listaElemento>
<listaElemento>Para pasar de una unidad a la inmediata superior hay
que dividir entre 1.000.<imagen src="MT_07_12_img9_small.jpg">
<p>Observa que para pasar de una unidad a otra contigua se multiplica
o se divide por 1.000.</p>
</imagen></listaElemento>
</listaSinNumerar>
<p>Por ejemplo:</p>
<p>6m<superindice>3</superindice> + 21 dm<superindice>3</superindice> + 3 cm<superindice>3</superindice> =</p>
<p>= (6 · 1.000.000) cm<superindice>3</superindice> + (21 · 1.000)
cm<superindice>3</superindice> + 3 cm<superindice>3</superindice> =</p>
<p>= 6.021.003 cm<superindice>3</superindice> = 6,021003 m<superindice>3</superindice></p>
<p>Así, 6m<superindice>3</superindice> + 21 dm<superindice>3</superindice> + 3 cm<superindice>3</superindice> equivalen a 6,021003 m<superindice>3</superindice>.</p>
</seccion2Texto></seccion2><seccion2 id="S2_MT_07_12_B02BBA7D1E9173E45825C0521D201308">
<seccion2Titulo>Consolidación</seccion2Titulo>
<seccion2Texto>
<p>Actividades para consolidar lo que has aprendido en esta sección.</p>
<practica>
<enlace destino="/LoIdRedirect.aspx?LoId=MT_07_12_Recurso230&amp;IdRecurso=RES-BBEC11C837934586B9D45CBC478AD66D">Refuerza tu aprendizaje: El volumen</enlace>
</practica></seccion2Texto></seccion2></seccion1Texto></seccion1>
<seccion1 id="S1_MT_07_12_A09DBB0ED6F7498BB1BB49C1955CED3E">
<seccion1Titulo>La capacidad</seccion1Titulo>
<seccion1Texto>
<p>La <negrita>capacidad</negrita> es la propiedad de un cuerpo para
contener un volumen. La unidad básica de capacidad es el <negrita>litro</negrita>, que se simboliza con las letras l o L.</p>
<imagen ampliable="no" src="MT_07_12_img10_small.jpg">
<p>Observa cómo los recipientes que contienen líquidos, como los vasos
medidores o los pluviómetros, se suelen medir en litros o sus submúltiplos.</p>
</imagen>
<p>Los <negrita>múltiplos</negrita> del litro son:</p>
<listaSinNumerar>
<listaElemento>Kilolitro (kl) = 1.000 l</listaElemento>
<listaElemento>Hectolitro (hl) = 100 l</listaElemento>
<listaElemento>Decalitro (dal) = 10 l</listaElemento>
</listaSinNumerar>
<p>Los <negrita>submúltiplos</negrita> del litro son:</p>
<listaSinNumerar>
<listaElemento>Decilitro (dl) =0,1 l</listaElemento>
<listaElemento>Centilitro (cl)= 0,01 l</listaElemento>
<listaElemento>Mililitro (ml) = 0,001 l</listaElemento>
</listaSinNumerar>
<p>Cada unidad contiene <negrita>10 veces la inmediata inferior</negrita>: así 1 l contiene 10 dl.</p>
<seccion2 id="S2_MT_07_12_EC3C4BA09891494F8CB26B2B399BA7D1">
<seccion2Titulo>Los cambios de unidad de capacidad</seccion2Titulo>
<seccion2Texto>
<p>Veamos cómo hemos de proceder para cambiar las unidades de una
medida de capacidad:</p>
<listaSinNumerar>
<listaElemento>Para pasar de una unidad a la inmediata inferior se
debe multiplicar por 10.</listaElemento>
<listaElemento>Para pasar de una unidad a la inmediata superior hay
que dividir entre 10.<imagen src="MT_07_12_img11_small.jpg">
<p>Observa que para pasar de una unidad a otra contigua se multiplica
o se divide por 10.</p>
</imagen></listaElemento>
</listaSinNumerar>
<p>Veamos un ejemplo:</p>
<p>Si de una garrafa de 65 dl de agua le quitamos 1,05 l, ¿cuánta
agua quedará?</p>
<p>65 dl − 1,05 l =</p>
<p>= 65 dl − (1,05 · 10) dl = 65 dl − 10,5 dl =</p>
<p>= 54,5 dl = (54,5 · 10) cl = 545 cl = 5,45 l</p>
<p>Quedarán 5,45 l en la garrafa.</p>
</seccion2Texto></seccion2><seccion2 id="S2_MT_07_12_7FF1A25BDAD24F6E9CCC875C02D75179">
<seccion2Titulo>La relación entre la capacidad y el volumen</seccion2Titulo>
<seccion2Texto>
<p>La capacidad y el volumen miden en realidad la misma magnitud:
la cantidad de espacio tridimensional. Por razones prácticas, utilizamos
las medidas de capacidad cuando se trata de recipientes y las de volumen
cuando queremos saber el espacio que ocupa un objeto. Así pues, podemos
establecer <negrita>una equivalencia</negrita> entre las medidas de <negrita>capacidad</negrita> y <negrita>volumen</negrita>.</p>
<p>Ahora bien, mientras las unidades de volumen aumentan o disminuyen
de 1.000 en 1.000, las de capacidad lo hacen de 10 en 10. Es como
si para ir en un mismo lugar hubieran 2 escaleras: la del volumen
tiene los peldaños más grandes y la de la capacidad los tiene más
pequeños.</p>
<imagen src="MT_07_12_img12_small.jpg">
<p>Observa cómo son las escalas de equivalencia entre las unidades
de volumen y las de capacidad.</p>
</imagen>
<p>Las equivalencias entre unidades de volumen y las de capacidad
son las siguientes:</p>
<listaSinNumerar>
<listaElemento>1 kl = 1 m<superindice>3</superindice> ⇒ 1 kl es la
capacidad de un cubo de 1 m de lado.</listaElemento>
<listaElemento>1 l = 1 dm<superindice>3</superindice> ⇒ 1 l es la
capacidad de un cubo de 1 dm de lado.</listaElemento>
<listaElemento>1 ml = 1 cm<superindice>3</superindice> ⇒ 1 ml es la
capacidad de un cubo de 1 cm de lado.</listaElemento>
</listaSinNumerar>
<practica>
<enlace destino="/LoIdRedirect.aspx?LoId=MT_07_12_Recurso110&amp;IdRecurso=RES-279327EC158A4119886FD70DDFF1299E">Convierte unidades de capacidad y volumen</enlace>
<enlace destino="/LoIdRedirect.aspx?LoId=MT_07_12_Recurso120&amp;IdRecurso=RES-4375124EF8894AC0870DBDC5428C7B2D">Opera con medidas de capacidad y volumen</enlace>
<enlace destino="/LoIdRedirect.aspx?LoId=MT_07_12_Recurso180&amp;IdRecurso=RES-5BCF710F9A0F4E53985EBA63AA8486FF">Relaciona unidades de capacidad, volumen y masa</enlace>
<enlace destino="/LoIdRedirect.aspx?LoId=MT_07_12_Recurso170&amp;IdRecurso=RES-5B608D7B9FF24D8CA73272635D39602E">Practica las operaciones de conversión de unidades</enlace>
</practica></seccion2Texto></seccion2><seccion2 id="S2_MT_07_12_F312C5A75C48AA39AF64A53EA1201308">
<seccion2Titulo>Consolidación</seccion2Titulo>
<seccion2Texto>
<p>Actividades para consolidar lo que has aprendido en esta sección.</p>
<practica>
<enlace destino="/LoIdRedirect.aspx?LoId=MT_07_12_Recurso240&amp;IdRecurso=RES-7452671424A045CEB5BC5BD32BC14C39">Refuerza tu aprendizaje: La capacidad</enlace>
</practica></seccion2Texto></seccion2></seccion1Texto></seccion1>
<seccion1 id="S1_MT_07_12_62A7668E32114C49A21A8E35FEEA18FD">
<seccion1Titulo>La masa</seccion1Titulo>
<seccion1Texto>
<p>La unidad básica de masa es el <negrita>kilogramo</negrita>, que
se escribe con el símbolo kg, aunque expresamos las unidades de masa
en función del gramo, que se escribe g.</p>
<p>Los <negrita>submúltiplos</negrita> del kilogramo son:</p>
<listaSinNumerar>
<listaElemento>Hectogramo (hg) = 0,1 g</listaElemento>
<listaElemento>Decagramo (dag) = 0,01 g</listaElemento>
<listaElemento>Gramo (g) = 0,001</listaElemento>
<listaElemento>Decigramo (dg) =0,0001 g</listaElemento>
<listaElemento>Centigramo (cg)= 0,00001 g</listaElemento>
<listaElemento>Miligramo (mg) = 0,000001 g</listaElemento>
</listaSinNumerar>
<p>Cada unidad contiene <negrita>10 veces la inmediata inferior</negrita>: así 1 dg contiene 10 cg.</p>
<seccion2 id="S2_MT_07_12_340F4FA5739744D0A22624B32BC3D749">
<seccion2Titulo>Los cambios de unidad</seccion2Titulo>
<seccion2Texto>
<p>Veamos cómo hemos de proceder para cambiar las unidades de una
medida de masa:</p>
<listaSinNumerar>
<listaElemento>Para pasar de una unidad a la inmediata inferior se
debe multiplicar por 10.</listaElemento>
<listaElemento>Para pasar de una unidad a la inmediata superior hay
que dividir entre 10.<imagen src="MT_07_12_img14_small.jpg">
<p>Observa que para pasar de una medida de masa de una unidad a otra
contigua se multiplica o se divide por 10.</p>
</imagen></listaElemento>
</listaSinNumerar>
<p>Por ejemplo:</p>
<p>3 kg + 23 g + 7 cg =</p>
<p>= (3 · 100.000) cg + (23 · 100) cg + 7 cg =</p>
<p>= 302.307 cg = 3,02307 kg</p>
<p>Así, 3 kg + 23 g + 7 cg equivalen a 3,02307 kg.</p>
</seccion2Texto></seccion2><seccion2 id="S2_MT_07_12_FF4E379CB58E498CA0EB701BD535E473">
<seccion2Titulo>La diferencia entre masa y peso</seccion2Titulo>
<seccion2Texto>
<p>Aunque con frecuencia se confunden, la <negrita>masa</negrita> y
el <negrita>peso</negrita> son magnitudes distintas: la <negrita>masa</negrita> mide la cantidad de materia de un cuerpo, mientras que el <negrita>peso</negrita> mide la fuerza con la que la gravedad de la Tierra
atrae a un cuerpo. Así pues, la masa se mide en kilogramos (kg) y
el peso en newtons (N) o kilopondios (kp), que son unidades de fuerza.</p>
<p>Sin embargo, muchos aparatos utilizados para medir peso (las básculas,
por ejemplo), tienen sus escalas graduadas en kilogramos en lugar
de en kilopondios. Esto no supone grandes problemas, ya que 1 kp es
el peso en la superficie de la Tierra de un objeto de 1 kg de masa.</p>
<imagen ampliable="no" src="MT_07_12_img13_small.jpg">
<p>Las básculas en realidad no miden la masa, sino el peso de un cuerpo,
es decir, la fuerza de gravedad.</p>
</imagen>
<practica>
<enlace destino="/LoIdRedirect.aspx?LoId=MT_07_12_Recurso060&amp;IdRecurso=RES-B809A77727524AE5B1A76A2C5BDC20A0">Convierte unidades de masa</enlace>
<enlace destino="/LoIdRedirect.aspx?LoId=MT_07_12_Recurso070&amp;IdRecurso=RES-EF017EB1B4B9441AA1049C052409255E">Opera con medidas de masa</enlace>
</practica></seccion2Texto></seccion2><seccion2 id="S2_MT_07_12_FA134B8A181B47F66D8A9DAF4D201308">
<seccion2Titulo>Consolidación</seccion2Titulo>
<seccion2Texto>
<p>Actividades para consolidar lo que has aprendido en esta sección.</p>
<practica>
<enlace destino="/LoIdRedirect.aspx?LoId=MT_07_12_Recurso250&amp;IdRecurso=RES-71F1FA7FA4534609885A22CCAAA470B1">Refuerza tu aprendizaje: La masa</enlace>
</practica></seccion2Texto></seccion2></seccion1Texto></seccion1>
<seccion1 id="S1_MT_07_12_2DF703BB52E74E9A8EB665A499044E1C">
<seccion1Titulo>El tiempo</seccion1Titulo>
<seccion1Texto>
<p>La unidad base de medida del tiempo en el SI es el <negrita>segundo</negrita>, que se simboliza con la letra <negrita>s</negrita>. A diferencia
del resto de unidades, las de tiempo no siguen por completo un sistema
decimal.</p>
<imagen src="MT_07_12_img15_small.jpg">
<p>Para medir tiempos menores a 1 día usamos relojes, y para medir
tiempos superiores al día, empleamos los calendarios.</p>
</imagen>
<p>Los <negrita>múltiplos</negrita> del segundo son:</p>
<listaSinNumerar>
<listaElemento>Minuto (min) = 60 s</listaElemento>
<listaElemento>Hora (h) = 60 min = 3.600 s</listaElemento>
</listaSinNumerar>
<p>A partir de la hora, las unidades superiores tienen valores muy
diferentes:</p>
<listaSinNumerar>
<listaElemento>1 día = 24 horas = 86.400 s</listaElemento>
<listaElemento>1 semana = 7 días</listaElemento>
<listaElemento>1 mes = de 4 a 4,5 semanas = 28, 29, 30 o 31 días</listaElemento>
<listaElemento>1 trimestre = 3 meses</listaElemento>
<listaElemento>1 semestre = 6 meses</listaElemento>
<listaElemento>1 año = 12 meses = 365 o 366 días (año bisiesto)</listaElemento>
<listaElemento>1 trienio = 3 años</listaElemento>
<listaElemento>1 lustro = 5 años</listaElemento>
<listaElemento>1 década = 10 años</listaElemento>
<listaElemento>1 siglo = 100 años</listaElemento>
<listaElemento>1 milenio = 1.000 años</listaElemento>
</listaSinNumerar>
<seccion2 id="S2_MT_07_12_811F7BDBF03542E693C3D9E84F2F2FAB">
<seccion2Titulo>Las expresiones complejas e incomplejas:</seccion2Titulo>
<seccion2Texto>
<p>En la vida cotidiana, las medidas de tiempo se suelen expresar
de forma compleja, con varias unidades, por ejemplo, 4 h 33 min 2
s. Veamos un par de ejemplos de conversiones entre formas complejas
e incomplejas de medidas de tiempo:.</p>
<recuerda><recuerdaTexto>
<listaSinNumerar>
<listaElemento>Para pasar de horas a minutos multiplicamos por 60.</listaElemento>
<listaElemento>Para pasar de horas a segundos multiplicamos por 3.600
(60 · 60).</listaElemento>
<listaElemento>Para pasar de minutos a segundos multiplicamos por
60.</listaElemento>
</listaSinNumerar>
</recuerdaTexto></recuerda>
<listaNumerada>
<listaElemento>Observemos cómo pasar 24 h 37 min 23 s <negrita>de
forma compleja a incompleja</negrita>:<p>24 h 37 min 23 s = (24 ·
3600) + (37 · 60) + 23 =</p><p>= 86.400 s + 2.220 s + 23 s = 88.643
s</p><p>24 h 37 min 23 s equivalen a 88.643 s.</p></listaElemento>
<listaElemento>Observemos cómo pasar 127.048 s <negrita>de forma incompleja
a compleja</negrita>:<imagen src="MT_07_12_img16_small.jpg">
<p>Observa cómo <negrita>pasar una medida </negrita>expresada en segundos <negrita>de forma incompleja a compleja</negrita>.</p>
</imagen><listaSinNumerar>
<listaElemento>Dividimos los segundos entre 60 y obtenemos como cociente
minutos, y como resto, segundos.</listaElemento>
<listaElemento>Dividimos los minutos entre 60 y obtenemos como cociente
horas, y como resto, minutos.</listaElemento>
</listaSinNumerar></listaElemento>
</listaNumerada>
<p>Así, 127.048 s equivalen a 1 día 11 h 17 min y 28 s.</p>
</seccion2Texto></seccion2><seccion2 id="S2_MT_07_12_9BA57CDDBEC74C5BBD0BA4B13A311C9C">
<seccion2Titulo>Las operaciones con medidas de tiempo</seccion2Titulo>
<seccion2Texto>
<p>Para hacer operaciones con medidas de tiempo en forma compleja
hemos de tener especial cuidado con las unidades que se emplean.</p>
<seccion3 id="S3_MT_07_12_ACF414E156E24B39838E8BA82808C499">
<seccion3Titulo>La suma</seccion3Titulo>
<seccion3Texto>
<p>Para <negrita>sumar</negrita> dos o más medidas de tiempo en forma
compleja hemos de sumar cada unidad por separado y realizar las conversiones
que haga falta. Por ejemplo, para sumar 2 h 28 min 27 s con 1 h 43
min 55 s, haremos lo siguiente:</p>
<listaNumerada>
<listaElemento>Alineamos las unidades en columnas y sumamos cada magnitud
por separado.<imagen src="MT_07_12_img17_small.jpg">
<p>Para <negrita>sumar</negrita>, hay que alinear las unidades en
columnas y, después, sumamos cada magnitud por separado.</p>
</imagen></listaElemento>
<listaElemento>Observamos en el resultado que: 82 s es mayor que 60.
Como 60 s = 1 min, restamos 60 de 82 y aumentamos en 1 los minutos.</listaElemento>
<listaElemento>Sumamos los minutos. Vemos que 72 min es mayor que
60. Como 60 min = 1 h, restamos 60 de 72 y aumentamos en 1 las horas.</listaElemento>
<listaElemento>Sumamos las horas.</listaElemento>
</listaNumerada>
<p>El resultado final es 4 h 12 min 22 s.</p>
</seccion3Texto></seccion3><seccion3 id="S3_MT_07_12_46CE8E9B4BE144D883D6A976E22DEDAD">
<seccion3Titulo>La resta</seccion3Titulo>
<seccion3Texto>
<p>En el procedimiento para la <negrita>resta</negrita> hemos de tener
en cuenta que si el minuendo es menor que el sustraendo para alguna
de las unidades antes de empezar a restar, debemos convertir 1 unidad
superior en 60 unidades de la unidad inferior, y restarle 1 unidad
a la unidad superior.</p>
<p>Veamos cómo restar 58 min 50 s a 1 h 52 min 36 s:</p>
<listaNumerada>
<listaElemento>Alineamos las unidades en columnas y empezamos por
la derecha.<imagen src="MT_07_12_img18_small.jpg">
<p>Para <negrita>restar</negrita>, alineamos las unidades en columnas
y, después, sumamos cada magnitud por separado, igual que en la suma.</p>
</imagen></listaElemento>
<listaElemento>Vemos que 36 s es menor que 50 s, por lo que pasamos
1 min a segundos:<p>52 − 1 = 51 min</p><p>36 + 60 = 96 s</p></listaElemento>
<listaElemento>Restamos los segundos.</listaElemento>
<listaElemento>Vemos que 51 min es menor que 58 min, por lo que pasamos
1 h a minutos:<p>1 − 1 = 0 h</p><p>51 + 60 = 111 min</p></listaElemento>
<listaElemento>Restamos los minutos.</listaElemento>
</listaNumerada>
<p>El resultado final es 53 min y 46 s.</p>
</seccion3Texto></seccion3><seccion3 id="S3_MT_07_12_278F8D4F421549DFB1342E36581BAF9B">
<seccion3Titulo>La multiplicación por un número entero</seccion3Titulo>
<seccion3Texto>
<p>Para multiplicar un valor de tiempo en forma compleja por un número
entero multiplicamos cada unidad por el entero por separado. Si alguna
unidad es superior a 60, se ajusta el resultado sumando 1 a la unidad
superior y restando 60 a la inferior.</p>
<p>Veamos, por ejemplo, cómo multiplicar por 6 un valor de 4 h 45
min 30 s:</p>
<listaNumerada>
<listaElemento>Alineamos las magnitudes y hacemos la multiplicación
de cada término por separado.<imagen src="MT_07_12_img19_small.jpg">
<p>Para <negrita>multiplicar </negrita>un valor de tiempo en forma
compleja por un número entero, multiplicamos cada unidad por el entero
por separado.</p>
</imagen></listaElemento>
<listaElemento>Comprobamos los números empezando por la derecha. Vemos
que 180 es mayor que 60 s: los convertimos en 3 min, los sumamos a
los 270 min y dejamos 0 s.</listaElemento>
<listaElemento>Vemos que 273 min es mayor que 60 min: los convertimos
en 273 min en 4 h 33 min, sumamos las 4 h a las 24 h y dejamos los
33 min.</listaElemento>
<listaElemento>Vemos que 28 h es mayor que 24 h: las convertimos en
1 d 4 h.</listaElemento>
</listaNumerada>
<p>El resultado es 1d 4 h 33 min.</p>
</seccion3Texto></seccion3><seccion3 id="S3_MT_07_12_411E97CFA08747D8AF0D322CC0C836F9">
<seccion3Titulo>La división por un número entero</seccion3Titulo>
<seccion3Texto>
<p>Para <negrita>dividir</negrita> una medida compleja de tiempo entre
un número entero, operamos con cada unidad por separado y conservamos
las unidades en el cociente.</p>
<p>Veamos, por ejemplo, cómo dividir entre 7 un tiempo de 10 min 2
s:</p>
<listaNumerada>
<listaElemento>Alineamos las magnitudes.<imagen src="MT_07_12_img20_small.jpg">
<p>Para <negrita>dividir </negrita>una medida compleja entre un número
entero, operamos con cada unidad por separado.</p>
</imagen></listaElemento>
<listaElemento>Dividimos las unidades mayores (10 min) entre 7, y
anotamos 1 en el cociente y el resto de 3 min.</listaElemento>
<listaElemento>Pasamos el resto a segundos (3 min × 60 = 180 s) y
lo sumamos a los segundos que queremos dividir (2 s + 180 s = 182
s).</listaElemento>
<listaElemento>Dividimos los segundos entre 7, y anotamos 26 en el
cociente, con resto 0.</listaElemento>
</listaNumerada>
<p>El resultado de la división es 1 min 26 s, y se trata de una división
exacta.</p>
</seccion3Texto></seccion3></seccion2Texto></seccion2><seccion2 id="S2_MT_07_12_148ED3A8F6A6B79EEA79DC8AA9201308">
<seccion2Titulo>Consolidación</seccion2Titulo>
<seccion2Texto>
<p>Actividades para consolidar lo que has aprendido en esta sección.</p>
<practica>
<enlace destino="/LoIdRedirect.aspx?LoId=MT_07_12_Recurso260&amp;IdRecurso=RES-7C6E88D06BDE4D09969604513F93A7D6">Refuerza tu aprendizaje: El tiempo</enlace>
</practica></seccion2Texto></seccion2></seccion1Texto></seccion1>
<seccion1 id="S1_MT_07_12_98F37D4BEDD071BFAAD143B010201308">
<seccion1Titulo>Ejercitación y competencias</seccion1Titulo>
<seccion1Texto>
<p>Pon a prueba tus capacidades y aplica lo aprendido con este recurso.</p>
<practica>
<enlace destino="/LoIdRedirect.aspx?LoId=MT_07_12_Recurso160&amp;IdRecurso=RES-2202599EB42C4EDA9D3E4AFEDA17D47B">Competencias: conocimiento de las unidades de medida</enlace>
</practica></seccion1Texto></seccion1><masinformacion id="MI_MT_07_12_A94144A09BD74C20A297A3E0B5D008EB"><mapaconceptual>
<enlace destino="/LoIdRedirect.aspx?LoId=MT_07_12_Recurso140&amp;IdRecurso=RES-F91C2664D91E4E348E009A593D7CCA56">Mapa conceptual del tema Sistemas y unidades de medida</enlace>
</mapaconceptual><autoevaluate><enlace destino="/LoIdRedirect.aspx?LoId=MT_07_12_Recurso130&amp;IdRecurso=RES-B6110B35EF7E4ECC95B67C334B128130">Evalúa tus conocimientos sobre el tema Sistemas y unidades de medida</enlace>
</autoevaluate><enlacesreferencia>
<enlace destino="http://www.juntadeandalucia.es/averroes/carambolo/WEB%20JCLIC2/Agrega/Matematicas/Longitud/contenido/index.html">Practica actividades y juegos de longitudes en la página del Proyecto
Averroes.</enlace>
<enlace destino="http://www.vitutor.com/di/m/a_3.html">Practica la
estimación y medidas de longitud en la página Vitutor.</enlace>
<enlace destino="http://www.juntadeandalucia.es/averroes/carambolo/WEB%20JCLIC2/Agrega/Matematicas/La%20masa/El%20kilogramo/contenido/index.html">Practica con los valores de masas en la página del Proyecto Averroes.</enlace>
<enlace destino="http://www.juntadeandalucia.es/averroes/carambolo/WEB%20JCLIC2/Agrega/Matematicas/La%20masa/contenido/index.html">Practica con la representación de medidas en forma incompleja y compleja
en la página del Proyecto Averroes.</enlace>
<enlace destino="http://recursostic.educacion.es/descartes/web/materiales_didacticos/smd/litro.htm">Practica con medidas de capacidad del Proyecto Descartes.</enlace>
<enlace destino="http://nlvm.usu.edu/es/nav/frames_asid_273_g_4_t_4.html?from=category_g_4_t_4.html">Practica llenar y verter en la página de la Universidad de Utah.</enlace>
<enlace destino="http://recursostic.educacion.es/descartes/web/materiales_didacticos/M_B2_MedicionDelTiempo/oa.html">Practica con unidades de tiempo en la página del Proyecto Descartes.</enlace>
</enlacesreferencia></masinformacion></libro>
