﻿<?xml version="1.0" encoding="UTF-8"?><motor tipo="4" clase="a" aprid="M4a"><plataforma><grado><![CDATA[1]]></grado><titulo>Practica las operaciones de conversión de unidades</titulo><area>3</area><nivel>1</nivel><referencia><![CDATA[MT_07_12_01]]></referencia><idreg><![CDATA[2899]]></idreg><motor><![CDATA[M4A]]></motor><lang>es</lang></plataforma><enunciado><![CDATA[Realiza las conversiones de unidades solicitadas. Ten en cuenta que puede haber más de una respuesta correcta.]]></enunciado><masinfo inicio="0" /><sinaleatoriedad><![CDATA[0]]></sinaleatoriedad><calc>1</calc><respuestaunica><![CDATA[0]]></respuestaunica><test cantidad="8"><cuestion><enunciado><![CDATA[0,5 dam 30 m 46 dm 3 cm ]]></enunciado><explicacion /><imagen /><respuestas><respuesta contestacion="39,63 m" correcta="1" /><respuesta contestacion="39,63 dm" correcta="0" /><respuesta contestacion="39,63 dam" correcta="0" /></respuestas></cuestion><cuestion><enunciado><![CDATA[45.634 mm]]></enunciado><explicacion /><imagen /><respuestas><respuesta contestacion="45,634 m" correcta="1" /><respuesta contestacion="45 m 63 cm 4 mm" correcta="1" /><respuesta contestacion="0,45634 hm" correcta="1" /></respuestas></cuestion><cuestion><enunciado><![CDATA[300 dm³]]></enunciado><explicacion /><imagen /><respuestas><respuesta contestacion="3 m³" correcta="0" /><respuesta contestacion="0,3 m³" correcta="1" /><respuesta contestacion="300.000 mm³" correcta="0" /></respuestas></cuestion><cuestion><enunciado><![CDATA[0,5 hm³]]></enunciado><explicacion /><imagen /><respuestas><respuesta contestacion="500 dam³" correcta="1" /><respuesta contestacion="0,0005 km³" correcta="1" /><respuesta contestacion="5.000 m³" correcta="0" /></respuestas></cuestion><cuestion><enunciado><![CDATA[356 dm³]]></enunciado><explicacion /><imagen /><respuestas><respuesta contestacion="356 l" correcta="1" /><respuesta contestacion="35,6 dal" correcta="1" /><respuesta contestacion="3.560 dl" correcta="1" /></respuestas></cuestion><cuestion><enunciado><![CDATA[333 cl]]></enunciado><explicacion /><imagen /><respuestas><respuesta contestacion="333 ml" correcta="1" /><respuesta contestacion="0,333 l" correcta="1" /><respuesta contestacion="3,33 dal" correcta="0" /></respuestas></cuestion><cuestion><enunciado><![CDATA[55 ha]]></enunciado><explicacion /><imagen /><respuestas><respuesta contestacion="550.000 m²" correcta="1" /><respuesta contestacion="55 hm²" correcta="1" /><respuesta contestacion="55 dam²" correcta="0" /></respuestas></cuestion><cuestion><enunciado><![CDATA[894,35 m²]]></enunciado><explicacion /><imagen /><respuestas><respuesta contestacion="8 dam² 94 m² 35 dm²" correcta="1" /><respuesta contestacion="89.435 dm²" correcta="1" /><respuesta contestacion="8,9435 dam²" correcta="1" /></respuestas></cuestion></test></motor>