﻿<?xml version="1.0" encoding="utf-8"?>
<motor tipo="10" clase="a" aprid="m10a">
  <plataforma>
    <grado><![CDATA[1]]></grado>
    <titulo>Identifica productos notables</titulo>
    <area>0</area>
    <nivel>3</nivel>
    <referencia />
    <idreg><![CDATA[0]]></idreg>
    <motor><![CDATA[M10A]]></motor>
    <lang>es</lang>
  </plataforma>
  <enunciado><![CDATA[Arrastra cada igualdad entre expresiones algebraicas al producto notable que las relaciona.]]></enunciado>
  <masinfo inicio="0"><![CDATA[{{cur}}{{normal}}En este recurso encontrarás algunas expresiones que aplican productos notables como binomio al cuadrado, producto de la suma por la diferencia y producto de binomios con un término en común:({{cur}}x{{normal}} + {{cur}}a{{normal}})({{cur}}x{{normal}}  {{cur}}b{{normal}}). Ten cuidado con aquellos productos que NO fueron resueltos correctamente.]]></masinfo>
  <sinaleatoriedad><![CDATA[0]]></sinaleatoriedad>
  <calc><![CDATA[0]]></calc>
  <textoacategoria cantidad="4">
    <cuestion>
      <categoria><![CDATA[Binomio al cuadrado]]></categoria>
      <respuestas>
        <respuesta id="1"><![CDATA[({{cur}}a{{normal}}+2)² = {{cur}}a{{normal}}²+4{{cur}}a{{normal}}+4]]></respuesta>
        <respuesta id="2"><![CDATA[(5{{cur}}m{{normal}}–2)² = 25{{cur}}m{{normal}}²–20{{cur}}m{{normal}}+4]]></respuesta>
        <respuesta id="3"><![CDATA[(3{{cur}}p{{normal}}+2)² = 9{{cur}}p{{normal}}²+12{{cur}}p{{normal}}+4]]></respuesta>
        <respuesta id="4"><![CDATA[(46+{{cur}}k{{normal}})²=2116+92{{cur}}k{{normal}}+{{cur}}k{{normal}}²]]></respuesta>
      </respuestas>
      <sonido />
    </cuestion>
    <cuestion>
      <categoria><![CDATA[Suma por diferencia]]></categoria>
      <respuestas>
        <respuesta id="1"><![CDATA[({{cur}}x{{normal}}+6)({{cur}}x{{normal}}–6) = {{cur}}x{{normal}}²–36]]></respuesta>
        <respuesta id="2"><![CDATA[(7–3{{cur}}b{{normal}})(7+3{{cur}}b{{normal}})=499–{{cur}}b{{normal}}²]]></respuesta>
        <respuesta id="3"><![CDATA[({{cur}}m{{normal}}²–8)({{cur}}m{{normal}}²+8) = {{cur}}m{{normal}}{{sup}}4{{normal}}–64]]></respuesta>
        <respuesta id="4"><![CDATA[(11–{{cur}}x{{normal}})(11+{{cur}}x{{normal}})=121–{{cur}}x{{normal}}²]]></respuesta>
      </respuestas>
      <sonido />
    </cuestion>
    <cuestion>
      <categoria><![CDATA[Producto: ({{cur}}x{{normal}}+{{cur}}a{{normal}})({{cur}}x{{normal}}+{{cur}}b{{normal}})]]></categoria>
      <respuestas>
        <respuesta id="1"><![CDATA[({{cur}}x{{normal}}+3)({{cur}}x{{normal}}+9)={{cur}}x{{normal}}²+12{{cur}}x{{normal}}+27]]></respuesta>
        <respuesta id="2"><![CDATA[({{cur}}y{{normal}}–3)({{cur}}y{{normal}}+1)={{cur}}y{{normal}}²–2{{cur}}y{{normal}}–3]]></respuesta>
        <respuesta id="3"><![CDATA[({{cur}}a{{normal}}–1)({{cur}}a{{normal}}+7)={{cur}}a{{normal}}²+6{{cur}}a{{normal}}–7]]></respuesta>
        <respuesta id="4"><![CDATA[({{cur}}p{{normal}}–8)({{cur}}p{{normal}}–7)={{cur}}p{{normal}}²–15{{cur}}p{{normal}}+56]]></respuesta>
      </respuestas>
      <sonido />
    </cuestion>
    <cuestion>
      <categoria><![CDATA[No existe igualdad]]></categoria>
      <respuestas>
        <respuesta id="1"><![CDATA[({{cur}}x{{normal}}+5)²={{cur}}x{{normal}}²+25]]></respuesta>
        <respuesta id="2"><![CDATA[({{cur}}x{{normal}}+6)({{cur}}x–{{normal}}6)={{cur}}x{{normal}}²–12]]></respuesta>
        <respuesta id="3"><![CDATA[({{cur}}x{{normal}}–9)({{cur}}x{{normal}}+2)={{cur}}x{{normal}}²+7{{cur}}x{{normal}}–18]]></respuesta>
        <respuesta id="4"><![CDATA[({{cur}}x–{{normal}}3)²={{cur}}x{{normal}}²–6{{cur}}x{{normal}}–9]]></respuesta>
      </respuestas>
      <sonido />
    </cuestion>
  </textoacategoria>
  <temps>20</temps>
</motor>