﻿<?xml version="1.0" encoding="utf-8"?>
<motor tipo="7" clase="a" aprid="m7a">
  <plataforma>
    <grado><![CDATA[2]]></grado>
    <titulo>Aplicación de las propiedades de la radicación</titulo>
    <area>0</area>
    <nivel>2</nivel>
    <referencia />
    <idreg><![CDATA[0]]></idreg>
    <motor><![CDATA[M7A]]></motor>
    <lang>es</lang>
  </plataforma>
  <enunciado><![CDATA[Selecciona el procedimiento correcto, aplicando las propiedades de la radicación.]]></enunciado>
  <masinfo inicio="0" />
  <sinaleatoriedad><![CDATA[0]]></sinaleatoriedad>
  <calc><![CDATA[0]]></calc>
  <respuestaunica><![CDATA[1]]></respuestaunica>
  <test cantidad="6">
    <cuestion>
      <enunciado><![CDATA[Selecciona el procedimiento correcto para simplificar la raíz indicada.]]></enunciado>
      <imagen><![CDATA[MA_07_03_CO_REC190_F01n.png]]></imagen>
      <ampliacion><![CDATA[MA_07_03_CO_REC190_F01a.png]]></ampliacion>
      <respuestas>
        <respuesta ruta="MA_07_03_CO_REC190_F02x.png" ampliacion="" correcta="1" />
        <respuesta ruta="MA_07_03_CO_REC190_F03x.png" ampliacion="" correcta="0" />
        <respuesta ruta="MA_07_03_CO_REC190_F04.png" ampliacion="" correcta="0" />
        <respuesta ruta="MA_07_03_CO_REC190_F05x.png" ampliacion="" correcta="0" />
      </respuestas>
    </cuestion>
    <cuestion>
      <enunciado><![CDATA[Selecciona el procedimiento correcto para simplificar la raíz indicada.]]></enunciado>
      <imagen><![CDATA[MA_07_03_CO_REC190_F06n.png]]></imagen>
      <ampliacion><![CDATA[MA_07_03_CO_REC190_F06a.png]]></ampliacion>
      <respuestas>
        <respuesta ruta="MA_07_03_CO_REC190_F07x.png" ampliacion="" correcta="1" />
        <respuesta ruta="MA_07_03_CO_REC190_F08x.png" ampliacion="" correcta="0" />
        <respuesta ruta="MA_07_03_CO_REC190_F09x.png" ampliacion="" correcta="0" />
        <respuesta ruta="MA_07_03_CO_REC190_F10x.png" ampliacion="" correcta="0" />
      </respuestas>
    </cuestion>
    <cuestion>
      <enunciado><![CDATA[Selecciona el procedimiento correcto para simplificar la raíz indicada.]]></enunciado>
      <imagen><![CDATA[MA_07_03_CO_REC190_F16n.png]]></imagen>
      <ampliacion><![CDATA[MA_07_03_CO_REC190_F16a.png]]></ampliacion>
      <respuestas>
        <respuesta ruta="MA_07_03_CO_REC190_F17x.png" ampliacion="" correcta="1" />
        <respuesta ruta="MA_07_03_CO_REC190_F18.png" ampliacion="" correcta="0" />
        <respuesta ruta="MA_07_03_CO_REC190_F19.png" ampliacion="" correcta="0" />
        <respuesta ruta="MA_07_03_CO_REC190_F20x.png" ampliacion="" correcta="0" />
      </respuestas>
    </cuestion>
    <cuestion>
      <enunciado><![CDATA[Usa la propiedad adecuada de las raíces y calcula el resultado.]]></enunciado>
      <imagen><![CDATA[preg4n.png]]></imagen>
      <ampliacion><![CDATA[preg4a.png]]></ampliacion>
      <respuestas>
        <respuesta ruta="resp41.png" ampliacion="" correcta="0" />
        <respuesta ruta="resp42.png" ampliacion="" correcta="0" />
        <respuesta ruta="resp43.png" ampliacion="" correcta="1" />
        <respuesta ruta="resp44.png" ampliacion="" correcta="0" />
      </respuestas>
    </cuestion>
    <cuestion>
      <enunciado><![CDATA[En términos de propiedades de raíces, selecciona la expresión equivalente.]]></enunciado>
      <imagen><![CDATA[preg5n.png]]></imagen>
      <ampliacion><![CDATA[preg5a.png]]></ampliacion>
      <respuestas>
        <respuesta ruta="resp51.png" ampliacion="" correcta="0" />
        <respuesta ruta="resp52.png" ampliacion="" correcta="1" />
        <respuesta ruta="resp53.png" ampliacion="" correcta="0" />
        <respuesta ruta="resp54.png" ampliacion="" correcta="0" />
      </respuestas>
    </cuestion>
    <cuestion>
      <enunciado><![CDATA[Usa las propiedades de las raíces y selecciona la expresión equivalente.]]></enunciado>
      <imagen><![CDATA[preg6n.png]]></imagen>
      <ampliacion><![CDATA[preg6a.png]]></ampliacion>
      <respuestas>
        <respuesta ruta="resp61.png" ampliacion="" correcta="0" />
        <respuesta ruta="resp62.png" ampliacion="" correcta="1" />
        <respuesta ruta="resp63.png" ampliacion="" correcta="0" />
        <respuesta ruta="resp64.png" ampliacion="" correcta="0" />
      </respuestas>
    </cuestion>
  </test>
  <temps>
  </temps>
</motor>