﻿<?xml version="1.0" encoding="utf-8"?>
<?xml-stylesheet href="cuadernoestudio/dtd/libro.xslt" type="text/xsl"?>
<!DOCTYPE libro SYSTEM "cuadernoestudio/dtd/libro.dtd"[]>
<libro id="MA_06_11_CO">
  <libroTitulo>Los polígonos y la circunferencia</libroTitulo>
  <seccion1 id="S1_MA_06_11_CO_5530FCC98F194C95B693750D1BBC4B0C">
    <seccion1Titulo>Los polígonos</seccion1Titulo>
    <seccion1Texto>
      <p>Aquí escribiré el párrafo de la sección</p>
      <p>Aquí va un PÁRRAFO</p>
      <imagen src="MA_06_11_CO_img_01_small.jpg">
        <p>Aquí escribiré el pie de foto</p>
      </imagen>
      <recuerda>
        <recuerdaTexto>
          <p>Aquí va un RECUERDA</p>
        </recuerdaTexto>
      </recuerda>
      <destacado>
        <destacadoTitulo>Aquí va el título de un DESTACADO</destacadoTitulo>
        <destacadoTexto>
          <p>Aquí va el texto de un DESTACADO</p>
        </destacadoTexto>
      </destacado>
      <profundiza>
        <enlace destino="/LoIdRedirect.aspx?LoId=MA_06_11_CO_Recurso010&amp;IdRecurso=RES-2174D7A04DAC478AAFF57F3BB146DAA5">Un repaso de conceptos de geometría</enlace>
      </profundiza>
      <p>Aquí va un PÁRRAFO</p>
      <imagen src="MA_06_11_CO_img_02_small.jpg">
        <p>Aquí escribiré el pie de foto</p>
      </imagen>
      <recuerda>
        <recuerdaTexto>
          <p>Aquí va un RECUERDA</p>
        </recuerdaTexto>
      </recuerda>
      <destacado>
        <destacadoTitulo>Aquí va el título de un DESTACADO</destacadoTitulo>
        <destacadoTexto>
          <p>Aquí va el texto de un DESTACADO</p>
        </destacadoTexto>
      </destacado>
      <profundiza>
        <enlace destino="/LoIdRedirect.aspx?LoId=MA_06_11_CO_Recurso020&amp;IdRecurso=RES-9FB4732E02EA40DABA6D4B3CAAF42E05">La clasificación de los polígonos</enlace>
      </profundiza>
      <p>Aquí va un PÁRRAFO</p>
      <imagen src="MA_06_11_CO_img_03_small.jpg">
        <p>Aquí escribiré el pie de foto</p>
      </imagen>
      <recuerda>
        <recuerdaTexto>
          <p>Aquí va un RECUERDA</p>
        </recuerdaTexto>
      </recuerda>
      <destacado>
        <destacadoTitulo>Aquí va el título de un DESTACADO</destacadoTitulo>
        <destacadoTexto>
          <p>Aquí va el texto de un DESTACADO</p>
        </destacadoTexto>
      </destacado>
      <practica>
        <enlace destino="/LoIdRedirect.aspx?LoId=MA_06_11_CO_Recurso030&amp;IdRecurso=RES-F7C0AEEB7DE84D86A573420AD6760C56">Conoce los elementos de los polígonos regulares</enlace>
      </practica>
      <p>Aquí va un PÁRRAFO</p>
      <imagen src="MA_06_11_CO_img_04_small.jpg">
        <p>Aquí escribiré el pie de foto</p>
      </imagen>
      <recuerda>
        <recuerdaTexto>
          <p>Aquí va un RECUERDA</p>
        </recuerdaTexto>
      </recuerda>
      <destacado>
        <destacadoTitulo>Aquí va el título de un DESTACADO</destacadoTitulo>
        <destacadoTexto>
          <p>Aquí va el texto de un DESTACADO</p>
        </destacadoTexto>
      </destacado>
      <p>Aquí va un PÁRRAFO</p>
      <imagen src="MA_06_11_CO_img_05_small.jpg">
        <p>Aquí escribiré el pie de foto</p>
      </imagen>
      <recuerda>
        <recuerdaTexto>
          <p>Aquí va un RECUERDA</p>
        </recuerdaTexto>
      </recuerda>
      <destacado>
        <destacadoTitulo>Aquí va el título de un DESTACADO</destacadoTitulo>
        <destacadoTexto>
          <p>Aquí va el texto de un DESTACADO</p>
        </destacadoTexto>
      </destacado>
      <p>Aquí va un PÁRRAFO</p>
      <imagen src="MA_06_11_CO_img_06_small.jpg">
        <p>Aquí escribiré el pie de foto</p>
      </imagen>
      <recuerda>
        <recuerdaTexto>
          <p>Aquí va un RECUERDA</p>
        </recuerdaTexto>
      </recuerda>
      <destacado>
        <destacadoTitulo>Aquí va el título de un DESTACADO</destacadoTitulo>
        <destacadoTexto>
          <p>Aquí va el texto de un DESTACADO</p>
        </destacadoTexto>
      </destacado>
      <practica>
        <enlace destino="/LoIdRedirect.aspx?LoId=MA_06_11_CO_Recurso060&amp;IdRecurso=RES-E699CD3339144691AFAF7E83EF7D332E">Clasifica polígonos</enlace>
      </practica>
      <p>Aquí va un PÁRRAFO</p>
      <imagen src="MA_06_11_CO_img_07_small.jpg">
        <p>Aquí escribiré el pie de foto</p>
      </imagen>
      <recuerda>
        <recuerdaTexto>
          <p>Aquí va un RECUERDA</p>
        </recuerdaTexto>
      </recuerda>
      <destacado>
        <destacadoTitulo>Aquí va el título de un DESTACADO</destacadoTitulo>
        <destacadoTexto>
          <p>Aquí va el texto de un DESTACADO</p>
        </destacadoTexto>
      </destacado>
      <practica>
        <enlace destino="/LoIdRedirect.aspx?LoId=MA_06_11_CO_Recurso070&amp;IdRecurso=RES-31C3041194A64BA99E2128D474D02418">Recurso M11A-01</enlace>
      </practica>
      <p>Aquí va un PÁRRAFO</p>
      <imagen src="MA_06_11_CO_img_08_small.jpg">
        <p>Aquí escribiré el pie de foto</p>
      </imagen>
      <recuerda>
        <recuerdaTexto>
          <p>Aquí va un RECUERDA</p>
        </recuerdaTexto>
      </recuerda>
      <destacado>
        <destacadoTitulo>Aquí va el título de un DESTACADO</destacadoTitulo>
        <destacadoTexto>
          <p>Aquí va el texto de un DESTACADO</p>
        </destacadoTexto>
      </destacado>
      <practica>
        <enlace destino="/LoIdRedirect.aspx?LoId=MA_06_11_CO_Recurso080&amp;IdRecurso=RES-F816160AF14C453C8826C7F32B382879">Conoce los cuerpos geométricos y los polígonos regulares</enlace>
      </practica>
      <p>Aquí va un PÁRRAFO</p>
      <imagen src="MA_06_11_CO_img_09_small.jpg">
        <p>Aquí escribiré el pie de foto</p>
      </imagen>
      <recuerda>
        <recuerdaTexto>
          <p>Aquí va un RECUERDA</p>
        </recuerdaTexto>
      </recuerda>
      <destacado>
        <destacadoTitulo>Aquí va el título de un DESTACADO</destacadoTitulo>
        <destacadoTexto>
          <p>Aquí va el texto de un DESTACADO</p>
        </destacadoTexto>
      </destacado>
      <profundiza>
        <enlace destino="/LoIdRedirect.aspx?LoId=MA_06_11_CO_Recurso090&amp;IdRecurso=RES-3A4E23D06F284B91A5BD456501CBCA98">Recurso F7-01</enlace>
      </profundiza>
      <seccion2 id="S2_MA_06_11_CO_0319CA6E57B041B090448CC5BD6B02CC">
        <seccion2Titulo>Consolidación</seccion2Titulo>
        <seccion2Texto>
          <p>Aquí escribiré el párrafo de la sección</p>
          <p>Aquí va un PÁRRAFO</p>
          <imagen src="MA_06_11_CO_img_10_small.jpg">
            <p>Aquí escribiré el pie de foto</p>
          </imagen>
          <recuerda>
            <recuerdaTexto>
              <p>Aquí va un RECUERDA</p>
            </recuerdaTexto>
          </recuerda>
          <destacado>
            <destacadoTitulo>Aquí va el título de un DESTACADO</destacadoTitulo>
            <destacadoTexto>
              <p>Aquí va el texto de un DESTACADO</p>
            </destacadoTexto>
          </destacado>
          <practica>
            <enlace destino="/LoIdRedirect.aspx?LoId=MA_06_11_CO_Recurso100&amp;IdRecurso=RES-DB7F54C06B5D4E6EAA257CCE1D72B0F3">Refuerza tu aprendizaje: Los polígonos</enlace>
          </practica>
          <p>Aquí va un PÁRRAFO</p>
          <imagen src="MA_06_11_CO_img_14_small.jpg">
            <p>Aquí escribiré el pie de foto</p>
          </imagen>
          <recuerda>
            <recuerdaTexto>
              <p>Aquí va un RECUERDA</p>
            </recuerdaTexto>
          </recuerda>
          <destacado>
            <destacadoTitulo>Aquí va el título de un DESTACADO</destacadoTitulo>
            <destacadoTexto>
              <p>Aquí va el texto de un DESTACADO</p>
            </destacadoTexto>
          </destacado>
          <practica>
            <enlace destino="/LoIdRedirect.aspx?LoId=MA_06_11_CO_Recurso140&amp;IdRecurso=RES-0C150AFC35824BC099AA1677133B0A10">Refuerza tu aprendizaje: Los triángulos</enlace>
          </practica>
          <p>Aquí va un PÁRRAFO</p>
          <imagen src="MA_06_11_CO_img_18_small.jpg">
            <p>Aquí escribiré el pie de foto</p>
          </imagen>
          <recuerda>
            <recuerdaTexto>
              <p>Aquí va un RECUERDA</p>
            </recuerdaTexto>
          </recuerda>
          <destacado>
            <destacadoTitulo>Aquí va el título de un DESTACADO</destacadoTitulo>
            <destacadoTexto>
              <p>Aquí va el texto de un DESTACADO</p>
            </destacadoTexto>
          </destacado>
          <practica>
            <enlace destino="/LoIdRedirect.aspx?LoId=MA_06_11_CO_Recurso180&amp;IdRecurso=RES-1B6546CD2607458298DF60A8B55C6AA6">Refuerza tu aprendizaje: Los cuadriláteros</enlace>
          </practica>
          <p>Aquí va un PÁRRAFO</p>
          <imagen src="MA_06_11_CO_img_21_small.jpg">
            <p>Aquí escribiré el pie de foto</p>
          </imagen>
          <recuerda>
            <recuerdaTexto>
              <p>Aquí va un RECUERDA</p>
            </recuerdaTexto>
          </recuerda>
          <destacado>
            <destacadoTitulo>Aquí va el título de un DESTACADO</destacadoTitulo>
            <destacadoTexto>
              <p>Aquí va el texto de un DESTACADO</p>
            </destacadoTexto>
          </destacado>
          <practica>
            <enlace destino="/LoIdRedirect.aspx?LoId=MA_06_11_CO_Recurso210&amp;IdRecurso=RES-3D72FEB7CFD8484A9E460034C538363C">Refuerza tu aprendizaje: La circunferencia</enlace>
          </practica>
        </seccion2Texto>
      </seccion2>
    </seccion1Texto>
  </seccion1>
  <seccion1 id="S1_MA_06_11_CO_B77821ABEC184C38930BBD46110E29A7">
    <seccion1Titulo>Los triángulos</seccion1Titulo>
    <seccion1Texto>
      <p>Aquí escribiré el párrafo de la sección</p>
      <p>Aquí va un PÁRRAFO</p>
      <imagen src="MA_06_11_CO_img_11_small.jpg">
        <p>Aquí escribiré el pie de foto</p>
      </imagen>
      <recuerda>
        <recuerdaTexto>
          <p>Aquí va un RECUERDA</p>
        </recuerdaTexto>
      </recuerda>
      <destacado>
        <destacadoTitulo>Aquí va el título de un DESTACADO</destacadoTitulo>
        <destacadoTexto>
          <p>Aquí va el texto de un DESTACADO</p>
        </destacadoTexto>
      </destacado>
      <practica>
        <enlace destino="/LoIdRedirect.aspx?LoId=MA_06_11_CO_Recurso110&amp;IdRecurso=RES-D232B38D6D25492EBFA2538383AAB782">Identifica los triángulos</enlace>
      </practica>
      <p>Aquí va un PÁRRAFO</p>
      <imagen src="MA_06_11_CO_img_12_small.jpg">
        <p>Aquí escribiré el pie de foto</p>
      </imagen>
      <recuerda>
        <recuerdaTexto>
          <p>Aquí va un RECUERDA</p>
        </recuerdaTexto>
      </recuerda>
      <destacado>
        <destacadoTitulo>Aquí va el título de un DESTACADO</destacadoTitulo>
        <destacadoTexto>
          <p>Aquí va el texto de un DESTACADO</p>
        </destacadoTexto>
      </destacado>
      <practica>
        <enlace destino="/LoIdRedirect.aspx?LoId=MA_06_11_CO_Recurso120&amp;IdRecurso=RES-5A746CD09EAD4E858FE6739D9F3C5B19">Recurso M12A-01</enlace>
      </practica>
      <p>Aquí va un PÁRRAFO</p>
      <imagen src="MA_06_11_CO_img_13_small.jpg">
        <p>Aquí escribiré el pie de foto</p>
      </imagen>
      <recuerda>
        <recuerdaTexto>
          <p>Aquí va un RECUERDA</p>
        </recuerdaTexto>
      </recuerda>
      <destacado>
        <destacadoTitulo>Aquí va el título de un DESTACADO</destacadoTitulo>
        <destacadoTexto>
          <p>Aquí va el texto de un DESTACADO</p>
        </destacadoTexto>
      </destacado>
      <profundiza>
        <enlace destino="/LoIdRedirect.aspx?LoId=MA_06_11_CO_Recurso130&amp;IdRecurso=RES-20A464E8B78A4B91A26DD4393D105C2B">Recurso F13-01</enlace>
      </profundiza>
    </seccion1Texto>
  </seccion1>
  <seccion1 id="S1_MA_06_11_CO_3044D5DC8266421AA82CF82DE32880EA">
    <seccion1Titulo>Los cuadriláteros</seccion1Titulo>
    <seccion1Texto>
      <p>Aquí escribiré el párrafo de la sección</p>
      <p>Aquí va un PÁRRAFO</p>
      <imagen src="MA_06_11_CO_img_15_small.jpg">
        <p>Aquí escribiré el pie de foto</p>
      </imagen>
      <recuerda>
        <recuerdaTexto>
          <p>Aquí va un RECUERDA</p>
        </recuerdaTexto>
      </recuerda>
      <destacado>
        <destacadoTitulo>Aquí va el título de un DESTACADO</destacadoTitulo>
        <destacadoTexto>
          <p>Aquí va el texto de un DESTACADO</p>
        </destacadoTexto>
      </destacado>
      <practica>
        <enlace destino="/LoIdRedirect.aspx?LoId=MA_06_11_CO_Recurso150&amp;IdRecurso=RES-C85AB529BA9546119C35BF59F03946E0">Recurso M2C-01</enlace>
      </practica>
      <p>Aquí va un PÁRRAFO</p>
      <imagen src="MA_06_11_CO_img_16_small.jpg">
        <p>Aquí escribiré el pie de foto</p>
      </imagen>
      <recuerda>
        <recuerdaTexto>
          <p>Aquí va un RECUERDA</p>
        </recuerdaTexto>
      </recuerda>
      <destacado>
        <destacadoTitulo>Aquí va el título de un DESTACADO</destacadoTitulo>
        <destacadoTexto>
          <p>Aquí va el texto de un DESTACADO</p>
        </destacadoTexto>
      </destacado>
      <practica>
        <enlace destino="/LoIdRedirect.aspx?LoId=MA_06_11_CO_Recurso160&amp;IdRecurso=RES-31028AA96D6F4597BEFCBE390ED7E3A9">Recurso M6A-01</enlace>
      </practica>
      <p>Aquí va un PÁRRAFO</p>
      <imagen src="MA_06_11_CO_img_17_small.jpg">
        <p>Aquí escribiré el pie de foto</p>
      </imagen>
      <recuerda>
        <recuerdaTexto>
          <p>Aquí va un RECUERDA</p>
        </recuerdaTexto>
      </recuerda>
      <destacado>
        <destacadoTitulo>Aquí va el título de un DESTACADO</destacadoTitulo>
        <destacadoTexto>
          <p>Aquí va el texto de un DESTACADO</p>
        </destacadoTexto>
      </destacado>
      <practica>
        <enlace destino="/LoIdRedirect.aspx?LoId=MA_06_11_CO_Recurso170&amp;IdRecurso=RES-63A5BE96D21440FDA027B1033DE7DB5C">Recurso M8A-02</enlace>
      </practica>
    </seccion1Texto>
  </seccion1>
  <seccion1 id="S1_MA_06_11_CO_6EC2BA03348E40C7B4534143AC6AC280">
    <seccion1Titulo>La circunferencia</seccion1Titulo>
    <seccion1Texto>
      <p>Aquí escribiré el párrafo de la sección</p>
      <p>Aquí va un PÁRRAFO</p>
      <imagen src="MA_06_11_CO_img_19_small.jpg">
        <p>Aquí escribiré el pie de foto</p>
      </imagen>
      <recuerda>
        <recuerdaTexto>
          <p>Aquí va un RECUERDA</p>
        </recuerdaTexto>
      </recuerda>
      <destacado>
        <destacadoTitulo>Aquí va el título de un DESTACADO</destacadoTitulo>
        <destacadoTexto>
          <p>Aquí va el texto de un DESTACADO</p>
        </destacadoTexto>
      </destacado>
      <profundiza>
        <enlace destino="/LoIdRedirect.aspx?LoId=MA_06_11_CO_Recurso190&amp;IdRecurso=RES-DC9F9D5305274A5F82F5C5E579873BDB">La circunferencia: elementos, posiciones relativas con rectas</enlace>
      </profundiza>
      <p>Aquí va un PÁRRAFO</p>
      <imagen src="MA_06_11_CO_img_20_small.jpg">
        <p>Aquí escribiré el pie de foto</p>
      </imagen>
      <recuerda>
        <recuerdaTexto>
          <p>Aquí va un RECUERDA</p>
        </recuerdaTexto>
      </recuerda>
      <destacado>
        <destacadoTitulo>Aquí va el título de un DESTACADO</destacadoTitulo>
        <destacadoTexto>
          <p>Aquí va el texto de un DESTACADO</p>
        </destacadoTexto>
      </destacado>
      <practica>
        <enlace destino="/LoIdRedirect.aspx?LoId=MA_06_11_CO_Recurso200&amp;IdRecurso=RES-4371E04413354EC7A868F882CC4EC4FF">Conoce las posiciones relativas de una circunferencia</enlace>
      </practica>
    </seccion1Texto>
  </seccion1>
  <seccion1 id="S1_MA_06_11_CO_8EAAD5B3E84140C4BD504322BC3EF0C6">
    <seccion1Titulo>Competencias</seccion1Titulo>
    <seccion1Texto>
      <p>Aquí escribiré el párrafo de la sección</p>
      <p>Aquí va un PÁRRAFO</p>
      <imagen src="MA_06_11_CO_img_22_small.jpg">
        <p>Aquí escribiré el pie de foto</p>
      </imagen>
      <recuerda>
        <recuerdaTexto>
          <p>Aquí va un RECUERDA</p>
        </recuerdaTexto>
      </recuerda>
      <destacado>
        <destacadoTitulo>Aquí va el título de un DESTACADO</destacadoTitulo>
        <destacadoTexto>
          <p>Aquí va el texto de un DESTACADO</p>
        </destacadoTexto>
      </destacado>
      <practica>
        <enlace destino="/LoIdRedirect.aspx?LoId=MA_06_11_CO_Recurso220&amp;IdRecurso=RES-752EB6FE02CA439889492DB728C1862C">Competencias: estudio de los elementos de la circunferencia</enlace>
      </practica>
      <p>Aquí va un PÁRRAFO</p>
      <imagen src="MA_06_11_CO_img_23_small.jpg">
        <p>Aquí escribiré el pie de foto</p>
      </imagen>
      <recuerda>
        <recuerdaTexto>
          <p>Aquí va un RECUERDA</p>
        </recuerdaTexto>
      </recuerda>
      <destacado>
        <destacadoTitulo>Aquí va el título de un DESTACADO</destacadoTitulo>
        <destacadoTexto>
          <p>Aquí va el texto de un DESTACADO</p>
        </destacadoTexto>
      </destacado>
    </seccion1Texto>
  </seccion1>
  <masinformacion id="MI_MA_06_11_CO_B6EF2BB7343249FE8C770EDA437241DE">
    <mapaconceptual>
      <enlace destino="/LoIdRedirect.aspx?LoId=MA_06_11_CO_Recurso250&amp;IdRecurso=RES-4730C8723B024034AF8C2FE4D8D69FEA">Mapa Conceptual</enlace>
    </mapaconceptual>
    <autoevaluate>
      <enlace destino="/LoIdRedirect.aspx?LoId=MA_06_11_CO_Recurso260&amp;IdRecurso=RES-F6B8E49CD1694E5B9146BC1513816AD1">Evaluación</enlace>
    </autoevaluate>
    <enlacesreferencia>
      <enlace destino="http://www.aulaplaneta.com">AulaPlaneta</enlace>
    </enlacesreferencia>
  </masinformacion>
</libro>