﻿<?xml version="1.0" encoding="utf-8"?><motor tipo="5" clase="a" aprid="m5a">
  <plataforma>
    <grado><![CDATA[2]]></grado>
    <titulo>Evaluación</titulo>
    <area>0</area>
    <nivel>3</nivel>
    <referencia/>
    <idreg><![CDATA[0]]></idreg>
    <motor><![CDATA[M5A]]></motor>
    <lang>es</lang>
  </plataforma>
  <enunciado><![CDATA[Lee atentamente la información, observa la imagen y escoge la respuesta correcta.]]></enunciado>
  <masinfo inicio="0"/>
  <sinaleatoriedad><![CDATA[0]]></sinaleatoriedad>
  <calc><![CDATA[0]]></calc>
  <respuestaunica><![CDATA[1]]></respuestaunica>
  <test cantidad="7">
    <cuestion>
      <enunciado><![CDATA[Observa los triángulos semejantes que aparecen en la imagen y encuentra el valor de {{cur}}x{{normal}}.]]></enunciado>
      <explicacion/>
      <imagen><![CDATA[MA_09_09_REC260_IMG01n.png]]></imagen>
      <ampliacion><![CDATA[MA_09_09_REC260_IMG01a.png]]></ampliacion>
      <respuestas>
        <respuesta contestacion="19 cm" correcta="0"/>
        <respuesta contestacion="22 cm" correcta="0"/>
        <respuesta contestacion="19,5 cm" correcta="1"/>
        <respuesta contestacion="20,5 cm" correcta="0"/>
      </respuestas>
    </cuestion>
    <cuestion>
      <enunciado><![CDATA[En un momento dado un edificio proyecta una sombra de 15 m y, a su lado, un poste que mide 6 m de altura, proyecta una sombra de 2 m. La altura que tiene el edificio es de:]]></enunciado>
      <explicacion/>
      <imagen><![CDATA[MA_09_09_REC260_IMG02n.png]]></imagen>
      <ampliacion><![CDATA[MA_09_09_REC260_IMG02a.png]]></ampliacion>
      <respuestas>
        <respuesta contestacion="40 metros." correcta="0"/>
        <respuesta contestacion="45 metros." correcta="1"/>
        <respuesta contestacion="50 metros." correcta="0"/>
        <respuesta contestacion="55 metros." correcta="0"/>
      </respuestas>
    </cuestion>
    <cuestion>
      <enunciado><![CDATA[Sam tiene una lámina como la figura que aparece en la imagen. ¿Cuál es el valor de {{cur}}x{{normal}}?]]></enunciado>
      <explicacion/>
      <imagen><![CDATA[MA_09_09_REC260_IMG03n.png]]></imagen>
      <ampliacion><![CDATA[MA_09_09_REC260_IMG03a.png]]></ampliacion>
      <respuestas>
        <respuesta contestacion="15 cm" correcta="0"/>
        <respuesta contestacion="9 cm" correcta="0"/>
        <respuesta contestacion="12 cm" correcta="1"/>
        <respuesta contestacion="10 cm" correcta="0"/>
      </respuestas>
    </cuestion>
    <cuestion>
      <enunciado><![CDATA[Expresa las proporciones necesarias para poder decir que los triángulos mostrados en la imagen son semejantes. ]]></enunciado>
      <explicacion/>
      <imagen><![CDATA[MA_09_09_REC260_IMG04n.png]]></imagen>
      <ampliacion><![CDATA[MA_09_09_REC260_IMG04a.png]]></ampliacion>
      <respuestas>
        <respuesta contestacion="12/16 = 18/24 = 18/24" correcta="0"/>
        <respuesta contestacion="12/18 = 16/24 = 18/27" correcta="1"/>
        <respuesta contestacion="12/16 = 18/24 = 18/27" correcta="0"/>
        <respuesta contestacion="12/16 = 18/24 = 18/12" correcta="0"/>
      </respuestas>
    </cuestion>
    <cuestion>
      <enunciado><![CDATA[En la figura, {{cur}}L{{normal}}{{sub}}1{{normal}}//{{cur}}L{{normal}}{{sub}}2{{normal}}//{{cur}}CB{{normal}}. Halla el perímetro del triángulo {{cur}}ABC{{normal}}.]]></enunciado>
      <explicacion/>
      <imagen><![CDATA[MA_09_09_REC260_IMG_05n.png]]></imagen>
      <ampliacion><![CDATA[MA_09_09_REC260_IMG_05a.png]]></ampliacion>
      <respuestas>
        <respuesta contestacion="19,05 cm" correcta="0"/>
        <respuesta contestacion="16,08 cm" correcta="1"/>
        <respuesta contestacion="15,35 cm" correcta="0"/>
        <respuesta contestacion="18,6 cm" correcta="0"/>
      </respuestas>
    </cuestion>
    <cuestion>
      <enunciado><![CDATA[Dada la información de la imagen y sabiendo que dichos triángulos son semejantes, halla el área y el perímetro del triángulo menor.]]></enunciado>
      <explicacion/>
      <imagen><![CDATA[MA_09_09_REC260_IMG06n.png]]></imagen>
      <ampliacion><![CDATA[MA_09_09_REC260_IMG06a.png]]></ampliacion>
      <respuestas>
        <respuesta contestacion="36 cm{{sup}}2{{normal}} y 24,28 cm" correcta="1"/>
        <respuesta contestacion="81 cm{{sup}}2{{normal}} y 28,4 cm" correcta="0"/>
        <respuesta contestacion="36 cm{{sup}}2{{normal}} y 23,28 cm" correcta="0"/>
        <respuesta contestacion="36 cm{{sup}}2{{normal}} y 34,33 cm" correcta="0"/>
      </respuestas>
    </cuestion>
    <cuestion>
      <enunciado><![CDATA[Pedro ha sacado una fotografía reducida de una original. Teniendo en cuenta la ilustración, ¿cuál fue la escala a la que se redujo la fotografía?]]></enunciado>
      <explicacion/>
      <imagen><![CDATA[MA_09_09_REC260_IMG07n.png]]></imagen>
      <ampliacion><![CDATA[MA_09_09_REC260_IMG07a.png]]></ampliacion>
      <respuestas>
        <respuesta contestacion="2" correcta="0"/>
        <respuesta contestacion="1,5" correcta="0"/>
        <respuesta contestacion="2,5" correcta="0"/>
        <respuesta contestacion="0,4" correcta="1"/>
      </respuestas>
    </cuestion>
  </test>
</motor>