﻿<?xml version="1.0" encoding="utf-8"?><motor tipo="5" clase="a" aprid="m5a"><plataforma><grado><![CDATA[2]]></grado><titulo>Aplica el teorema de Tales</titulo><area>0</area><nivel>2</nivel><referencia /><idreg><![CDATA[0]]></idreg><motor><![CDATA[M5A]]></motor><lang>es</lang></plataforma><enunciado><![CDATA[Lee atentamente el enunciado de cada pregunta, observa la imagen y escoge la respuesta correcta.]]></enunciado><masinfo inicio="1"><![CDATA[Recuerda que el teorema de Tales dice:Si dos rectas cualesquiera se intersecan por varias rectas paralelas, los segmentos determinados en una de las rectas son proporcionales a los segmentos correspondientes en la otra.]]></masinfo><sinaleatoriedad><![CDATA[0]]></sinaleatoriedad><calc><![CDATA[1]]></calc><respuestaunica><![CDATA[0]]></respuestaunica><test cantidad="5"><cuestion><enunciado><![CDATA[Andrea desea saber el valor de {{cur}}P{{normal}}{{sub}}1{{cur}}R{{normal}}{{sub}}1{{normal}}; si sabe la información de la imagen y que {{cur}}RR{{normal}}{{sub}}1{{normal}} // {{cur}}PP{{{normal}}{{sub}}1{{normal}} // {{cur}}QQ{{normal}}{{sub}}1{{normal}}, entonces: ]]></enunciado><explicacion><![CDATA[{{cur}}RR1{{normal}}∥{{cur}}PP1{{normal}}∥{{cur}}QQ1{{normal}}, entonces se puede aplicar el teorema de Tales:{{cur}}PR{{normal}}/{{cur}}PQ{{normal}} = {{cur}}P1R1{{normal}}/{{cur}}P1Q1{{normal}};sustituyendo por los valores:10 cm/2 cm = (P1R1)/3 = P1R1 = (10 cm ∗ 3 cm)/2 cm = P´R´ = 15cm]]></explicacion><imagen><![CDATA[MA_09_09_REC150_IMG_01n.png]]></imagen><ampliacion><![CDATA[MA_09_09_REC150_IMG_01a.png]]></ampliacion><respuestas><respuesta contestacion=" {{cur}}P{{normal}}{{sub}}1{{normal}}{{cur}}R{{normal}}{{sub}}1{{normal}} = 8 cm" correcta="0" /><respuesta contestacion="{{cur}} P{{normal}}{{sub}}1{{normal}}{{cur}}R{{normal}}{{sub}}1{{normal}} = 15 cm" correcta="1" /><respuesta contestacion="{{cur}} P{{normal}}{{sub}}1{{normal}}{{cur}}R{{normal}}{{sub}}1{{normal}} = 13 cm" correcta="0" /><respuesta contestacion="{{cur}} P{{normal}}{{sub}}1{{normal}}{{cur}}R{{normal}}{{sub}}1{{normal}} = 9 cm" correcta="0" /></respuestas></cuestion><cuestion><enunciado><![CDATA[Francy realiza un recorrido y desea saber cuántos kilómetros ha hecho. Se sabe que ella partió desde {{cur}}H{{normal}} directamente hasta {{cur}}J{{normal}} y de ahí hasta {{cur}}T{{normal}}. Además, que {{cur}}JT{{normal}} // {{cur}}KL{{normal}}.]]></enunciado><explicacion /><imagen><![CDATA[MA_09_09_REC150_IMG02n.png]]></imagen><ampliacion><![CDATA[MA_09_09_REC150_IMG02a.png]]></ampliacion><respuestas><respuesta contestacion="Francy recorrió 20 kilómetros." correcta="0" /><respuesta contestacion="Francy recorrió 13 kilómetros." correcta="0" /><respuesta contestacion="Francy recorrió 14 kilómetros." correcta="1" /><respuesta contestacion="Francy recorrió 15 kilómetros." correcta="0" /></respuestas></cuestion><cuestion><enunciado><![CDATA[Elías tiene una figura con las siguientes características: {{cur}}MN{{normal}} // {{cur}}LJ{{normal}}Si {{cur}}PM{{normal}} = 12 cm, {{cur}}ML{{normal}} = 6 cm, {{cur}}JN{{normal}} = 8 cm y {{cur}}JL {{normal}} // {{cur}}MN{{normal}}, se puede decir que {{cur}}PN{{normal}} = ]]></enunciado><explicacion /><imagen><![CDATA[MA_09_09_REC150_IMG03n.png]]></imagen><ampliacion><![CDATA[MA_09_09_REC150_IMG03a.png]]></ampliacion><respuestas><respuesta contestacion="8 cm" correcta="0" /><respuesta contestacion="15 cm" correcta="0" /><respuesta contestacion="16 cm" correcta="1" /><respuesta contestacion="6 cm" correcta="0" /><respuesta contestacion="No se puede decir nada." correcta="0" /></respuestas></cuestion><cuestion><enunciado><![CDATA[Si {{cur}}AB{{normal}} = 10. El valor de {{cur}}x{{normal}} es:]]></enunciado><explicacion /><imagen><![CDATA[MA_09_09_REC150_IMG04n.png]]></imagen><ampliacion><![CDATA[MA_09_09_REC150_IMG04a.png]]></ampliacion><respuestas><respuesta contestacion="20" correcta="0" /><respuesta contestacion="6" correcta="1" /><respuesta contestacion="8" correcta="0" /><respuesta contestacion="10" correcta="0" /><respuesta contestacion="9" correcta="0" /></respuestas></cuestion><cuestion><enunciado><![CDATA[El valor de {{cur}}x{{normal}} es:]]></enunciado><explicacion /><imagen><![CDATA[MA_09_09_REC150_IMG05n.png]]></imagen><ampliacion><![CDATA[MA_09_09_REC150_IMG05a.png]]></ampliacion><respuestas><respuesta contestacion="10" correcta="0" /><respuesta contestacion="25" correcta="0" /><respuesta contestacion="23" correcta="0" /><respuesta contestacion="30" correcta="0" /><respuesta contestacion="24" correcta="1" /></respuestas></cuestion></test></motor>