﻿<?xml version="1.0" encoding="utf-8"?><motor tipo="101" clase="a" aprid="m101a">
  <plataforma>
    <grado>2</grado>
    <titulo>Refuerza tu aprendizaje: Los métodos de demostración</titulo>
    <volumen/>
    <nivel>3</nivel>
    <referencia/>
    <motor/>
    <lang>es</lang>
  </plataforma>
  <enunciado><![CDATA[Contesta las preguntas y, al finalizar, da clic en Enviar.]]></enunciado>
  <masinfo inicio="0"/>
  <calc><![CDATA[0]]></calc>
  <preguntas cantidad="6">
    <pregunta>
      <enunciado><![CDATA[Escribe un contraejemplo para cada afirmación.]]></enunciado>
      <explicacion/>
      <nivel><![CDATA[2]]></nivel>
      <tipo/>
      <imagen/>
      <ampliacion/>
      <texto><![CDATA[a. Ningún triángulo rectángulo es isósceles.b. Todos los cuadriláteros tienen al menos un par de lados paralelogramos.c. Todos los poliedros son cuerpos de revolución.d. Todo triángulo es la mitad de un rectángulo.]]></texto>
    </pregunta>
    <pregunta>
      <enunciado><![CDATA[Demuestra a dos columnas utilizando el método directo: ]]></enunciado>
      <explicacion/>
      <nivel><![CDATA[2]]></nivel>
      <tipo/>
      <imagen/>
      <ampliacion/>
      <texto><![CDATA[Ningún triángulo equilátero puede ser triángulo rectángulo.]]></texto>
    </pregunta>
    <pregunta>
      <enunciado><![CDATA[Escribe cuál es el tipo de demostración que se utiliza y argumenta por qué.]]></enunciado>
      <explicacion/>
      <nivel><![CDATA[2]]></nivel>
      <tipo/>
      <imagen/>
      <ampliacion/>
      <texto><![CDATA[Demostrar: "Si 3{{cur}}x{{normal}} + ½ = 2{{cur}}x{{normal}}, entonces {{cur}}x{{normal}} = ⁻½".Entonces:3{{cur}}x{{normal}} + ½ = 2{{cur}}x{{normal}}2(3{{cur}}x{{normal}} + ½) = 2( 2{{cur}}x{{normal}})6{{cur}}x{{normal}} + 1 = 4{{cur}}x{{normal}}6{{cur}}x{{normal}} - 4{{cur}}x{{normal}} + 1 = 02{{cur}}x{{normal}} + 1 = 02{{cur}}x{{normal}} = -1{{cur}}x{{normal}} = ⁻½]]></texto>
    </pregunta>
    <pregunta>
      <enunciado><![CDATA[Escribe la proposición contrarrecíproca.]]></enunciado>
      <explicacion/>
      <nivel><![CDATA[2]]></nivel>
      <tipo/>
      <imagen/>
      <ampliacion/>
      <texto><![CDATA[a. Todo cuadrilátero con cuatro ángulos rectos es paralelogramo.b. Si los seres humanos son solidarios, construirán condiciones de vida mejor para todos.c. Si un poliedro es regular, todas sus caras son iguales.d. Si una persona es libre, sus acciones son coherentes con su discurso.]]></texto>
    </pregunta>
    <pregunta>
      <enunciado><![CDATA[¿Qué proposición se quiere demostrar y qué método se utiliza en la demostración?]]></enunciado>
      <explicacion/>
      <nivel><![CDATA[3]]></nivel>
      <tipo/>
      <imagen/>
      <ampliacion/>
      <texto><![CDATA[{{cur}}a{{normal}}{{sup}}2{{normal}} ₋ 2{{cur}}ab{{normal}} + {{cur}}b{{normal}}{{sup}}2{{normal}} = 0({{cur}}a{{normal}} ⁻ {{cur}}b{{normal}}){{sup}}2{{normal}} = 0({{cur}}a{{normal}} ⁻ {{cur}}b{{normal}}) = 0{{cur}}a{{normal}} = {{cur}}b{{normal}}]]></texto>
    </pregunta>
    <pregunta>
      <enunciado><![CDATA[¿Qué clase de demostración es esta? Explica tu respuesta.]]></enunciado>
      <explicacion/>
      <nivel><![CDATA[1]]></nivel>
      <tipo/>
      <imagen/>
      <ampliacion/>
      <texto><![CDATA["La suma de dos números racionales es un número entero".Sean {{cur}}a{{normal}} = ⅖ y {{cur}}b{{normal}} = ⅕ números racionales,entonces {{cur}}a{{normal}} + {{cur}}b{{normal}} = ⅖ + ⅕{{cur}}a{{normal}} + {{cur}}b{{normal}} = ⅗ no es enteroEntonces la suma de dos números racionales no siempre es un número entero.]]></texto>
    </pregunta>
  </preguntas>
</motor>