﻿<?xml version="1.0" encoding="utf-8"?>
<motor tipo="7" clase="a" aprid="m7a">
  <plataforma>
    <grado><![CDATA[2]]></grado>
    <titulo>Determina si se aplica la propiedad uniforme de las igualdades</titulo>
    <area>0</area>
    <nivel>1</nivel>
    <referencia />
    <idreg><![CDATA[0]]></idreg>
    <motor><![CDATA[M7A]]></motor>
    <lang>es</lang>
  </plataforma>
  <enunciado><![CDATA[A partir de la propiedad uniforme de una igualdad es posible generar igualdades verdaderas. Selecciona la respuesta correcta en cada una de las situaciones.]]></enunciado>
  <masinfo inicio="1"><![CDATA[{{neg}} ¡RECUERDA AMPLIAR LAS IMÁGENES PARA UNA MEJOR VISUALIZACIÓN!{{normal}}Cada una de las imágenes de este recurso te permite ampliarla a una de mayor tamaño para facilitar una lectura precisa.]]></masinfo>
  <sinaleatoriedad><![CDATA[0]]></sinaleatoriedad>
  <calc><![CDATA[0]]></calc>
  <respuestaunica><![CDATA[1]]></respuestaunica>
  <test cantidad="7">
    <cuestion>
      <enunciado><![CDATA[A partir de la ecuación de la imagen a la izquierda, selecciona el desarrollo que usa correctamente la propiedad uniforme de las igualdades.]]></enunciado>
      <imagen><![CDATA[MA_07_04_REC90_1n.png]]></imagen>
      <ampliacion><![CDATA[MA_07_04_REC90_1a.png]]></ampliacion>
      <respuestas>
        <respuesta ruta="MA_07_04_REC90_2n.png" ampliacion="MA_07_04_REC90_2a.png" correcta="0" />
        <respuesta ruta="MA_07_04_REC90_3n.png" ampliacion="MA_07_04_REC90_3a.png" correcta="0" />
        <respuesta ruta="MA_07_04_REC90_4n.png" ampliacion="MA_07_04_REC90_4a.png" correcta="0" />
        <respuesta ruta="MA_07_04_REC90_5n.png" ampliacion="MA_07_04_REC90_5a.png" correcta="1" />
      </respuestas>
    </cuestion>
    <cuestion>
      <enunciado><![CDATA[A partir de la ecuación de la imagen a la izquierda, selecciona el desarrollo que usa correctamente la propiedad uniforme de las igualdades.]]></enunciado>
      <imagen><![CDATA[MA_07_04_REC90_6n.png]]></imagen>
      <ampliacion><![CDATA[MA_07_04_REC90_6a.png]]></ampliacion>
      <respuestas>
        <respuesta ruta="MA_07_04_REC90_7n.png" ampliacion="MA_07_04_REC90_7a.png" correcta="0" />
        <respuesta ruta="MA_07_04_REC90_8n.png" ampliacion="MA_07_04_REC90_8a.png" correcta="0" />
        <respuesta ruta="MA_07_04_REC90_9n.png" ampliacion="MA_07_04_REC90_9a.png" correcta="0" />
        <respuesta ruta="MA_07_04_REC90_10n.png" ampliacion="MA_07_04_REC90_10a.png" correcta="1" />
      </respuestas>
    </cuestion>
    <cuestion>
      <enunciado><![CDATA[A partir de la ecuación de la imagen a la izquierda, selecciona el desarrollo que usa correctamente la propiedad uniforme de las igualdades.]]></enunciado>
      <imagen><![CDATA[MA_07_04_REC90_11n.png]]></imagen>
      <ampliacion><![CDATA[MA_07_04_REC90_11a.png]]></ampliacion>
      <respuestas>
        <respuesta ruta="MA_07_04_REC90_12n.png" ampliacion="MA_07_04_REC90_12a.png" correcta="0" />
        <respuesta ruta="MA_07_04_REC90_13n.png" ampliacion="MA_07_04_REC90_13a.png" correcta="1" />
        <respuesta ruta="MA_07_04_REC90_14n.png" ampliacion="MA_07_04_REC90_14a.png" correcta="0" />
        <respuesta ruta="MA_07_04_REC90_15n.png" ampliacion="MA_07_04_REC90_15a.png" correcta="0" />
      </respuestas>
    </cuestion>
    <cuestion>
      <enunciado><![CDATA[A partir de la ecuación de la imagen a la izquierda, selecciona el desarrollo que usa correctamente la propiedad uniforme de las igualdades.]]></enunciado>
      <imagen><![CDATA[MA_07_04_REC90_16n.png]]></imagen>
      <ampliacion><![CDATA[MA_07_04_REC90_16a.png]]></ampliacion>
      <respuestas>
        <respuesta ruta="MA_07_04_REC90_17n.png" ampliacion="MA_07_04_REC90_17a.png" correcta="0" />
        <respuesta ruta="MA_07_04_REC90_18n.png" ampliacion="MA_07_04_REC90_18a.png" correcta="1" />
        <respuesta ruta="MA_07_04_REC90_19n.png" ampliacion="MA_07_04_REC90_19a.png" correcta="0" />
        <respuesta ruta="MA_07_04_REC90_20n.png" ampliacion="MA_07_04_REC90_20a.png" correcta="0" />
      </respuestas>
    </cuestion>
    <cuestion>
      <enunciado><![CDATA[A partir de la ecuación de la imagen a la izquierda, selecciona el desarrollo que usa correctamente la propiedad uniforme de las igualdades.]]></enunciado>
      <imagen><![CDATA[MA_07_04_REC90_21n.png]]></imagen>
      <ampliacion><![CDATA[MA_07_04_REC90_21a.png]]></ampliacion>
      <respuestas>
        <respuesta ruta="MA_07_04_REC90_22n.png" ampliacion="MA_07_04_REC90_22a.png" correcta="0" />
        <respuesta ruta="MA_07_04_REC90_23n.png" ampliacion="MA_07_04_REC90_23a.png" correcta="0" />
        <respuesta ruta="MA_07_04_REC90_24n.png" ampliacion="MA_07_04_REC90_24a.png" correcta="0" />
        <respuesta ruta="MA_07_04_REC90_25n.png" ampliacion="MA_07_04_REC90_25a.png" correcta="1" />
      </respuestas>
    </cuestion>
    <cuestion>
      <enunciado><![CDATA[A partir de la ecuación de la imagen a la izquierda, selecciona el desarrollo que usa correctamente la propiedad uniforme de las igualdades.]]></enunciado>
      <imagen><![CDATA[MA_07_04_REC90_26n.png]]></imagen>
      <ampliacion><![CDATA[MA_07_04_REC90_26a.png]]></ampliacion>
      <respuestas>
        <respuesta ruta="MA_07_04_REC90_27n.png" ampliacion="MA_07_04_REC90_27a.png" correcta="0" />
        <respuesta ruta="MA_07_04_REC90_28n.png" ampliacion="MA_07_04_REC90_28a.png" correcta="0" />
        <respuesta ruta="MA_07_04_REC90_29n.png" ampliacion="MA_07_04_REC90_29a.png" correcta="0" />
        <respuesta ruta="MA_07_04_REC90_30n.png" ampliacion="MA_07_04_REC90_30a.png" correcta="1" />
      </respuestas>
    </cuestion>
    <cuestion>
      <enunciado><![CDATA[Selecciona la propiedad uniforme que se usó para obtener la igualdad de la imagen.]]></enunciado>
      <imagen><![CDATA[MA_07_04_REC90_31n.png]]></imagen>
      <ampliacion><![CDATA[MA_07_04_REC90_31a.png]]></ampliacion>
      <respuestas>
        <respuesta ruta="MA_07_04_REC90_32nn.png" ampliacion="MA_07_04_REC90_32aa.png" correcta="1" />
        <respuesta ruta="MA_07_04_REC90_33nn.png" ampliacion="MA_07_04_REC90_33aa.png" correcta="0" />
        <respuesta ruta="MA_07_04_REC90_34nn.png" ampliacion="MA_07_04_REC90_34aa.png" correcta="0" />
        <respuesta ruta="MA_07_04_REC90_35nn.png" ampliacion="MA_07_04_REC90_35aa.png" correcta="0" />
      </respuestas>
    </cuestion>
  </test>
</motor>