<?xml version='1.0' encoding='UTF-8'?><engine copy="Editorial Planeta" version="1" aprid="f6"><main layout="0">
<title>Una noción de número irracional y breve historia</title>
<footer>Selecciona una imagen. </footer>
</main>
<sections>
<section i="0" star="false" hasSubsections="false">
<menuImage path="ma_09_01_co_rec50_img01.jpg" border="0">
<title><![CDATA[¿Qué son los números irracionales?]]></title>
</menuImage>
<pages>
<page i="0" visible="true" color="">
<title>Los números irracionales, ¿cómo surgen y cuáles son?</title>
<description><![CDATA[<p>En el siglo VII a. C., la Escuela Pitag&oacute;rica descubri&oacute; los n&uacute;meros irracionales al intentar encontrar la relaci&oacute;n entre la diagonal y el lado de un pent&aacute;gono regular, y la diagonal de un cuadrado de lado 1 unidad; estableci&oacute; que estos segmentos ten&iacute;an medidas inconmensurables que no se pod&iacute;an representar por medio de fracciones.</p>

<p>&nbsp;</p>

<p>Una definici&oacute;n del conjunto de los n&uacute;meros irracionales es: son todos los n&uacute;meros que no se pueden expresar como un n&uacute;mero racional, es decir, de la forma <img alt="" src="data/imagenes/ma_09_01_226.gif" style="height:35px; width:13px" />&nbsp; con a, <img alt="" src="data/imagenes/ma_09_01_227.gif" style="height:18px; width:40px" />, <em>b</em> &ne; 0 y m&aacute;ximo com&uacute;n divisor entre <em>a</em> y <em>b</em>, igual a 1.&nbsp;</p>
]]></description>
<images>
<image path="ma_09_01_co_rec50_img02.jpg" border = "0" pathbig="ma_09_01_co_rec50_img02.jpg">
<title><![CDATA[Busto en homenaje a Pitágoras.]]></title>
</image>
</images>
</page>
</pages>
</section><section i="0" star="false" hasSubsections="false">
<menuImage path="ma_09_01_co_rec50_img03.jpg" border="0">
<title><![CDATA[Pi, un ejemplo de número irracional.]]></title>
</menuImage>
<pages>
<page i="0" visible="true" color="">
<title>Características de los números irracionales </title>
<description><![CDATA[<p>Algunas caracter&iacute;sticas de los n&uacute;meros irracionales son:</p>

<p style="margin-left:1.34cm">&nbsp;</p>

<ul>
	<li>
	<p>Todos los n&uacute;meros irracionales tiene parte decimal.</p>
	</li>
</ul>

<p style="margin-left:1.34cm">&nbsp;</p>

<ul>
	<li>
	<p>La parte decimal de un n&uacute;mero irracional tiene infinitos n&uacute;meros.</p>
	</li>
</ul>

<p style="margin-left:1.34cm">&nbsp;</p>

<ul>
	<li>
	<p>Los d&iacute;gitos que se encuentran en la parte decimal de un n&uacute;mero irracional no siguen ning&uacute;n patr&oacute;n de creaci&oacute;n o periodo.</p>
	</li>
</ul>

<p style="margin-left:1.27cm">&nbsp;</p>

<p>Son ejemplos de n&uacute;meros irracionales:</p>

<p style="margin-left:1.27cm">&nbsp;</p>

<p><img alt="" src="data/imagenes/ma_09_01_228.gif" style="height:23px; width:207px" /></p>

<p>&nbsp;</p>

<p>Existe una clasificaci&oacute;n de los n&uacute;meros irracionales en</p>

<p>&nbsp;</p>

<p><a name="_GoBack"></a><strong>N&uacute;meros irracionales algebraicos: </strong>son los n&uacute;meros que corresponden a la soluci&oacute;n de una ecuaci&oacute;n polin&oacute;mica, es decir, son soluci&oacute;n de ecuaciones como cuyo resultado es <img alt="" src="data/imagenes/ma_09_01_229.gif" style="height:23px; width:49px" />. Por tanto, todas las ra&iacute;ces inexactas son n&uacute;meros algebraicos y todos los n&uacute;meros racionales son algebraicos.</p>

<p>&nbsp;</p>

<p><strong>N&uacute;meros irracionales trascendentes: </strong>son los n&uacute;meros irracionales que no son soluci&oacute;n de una ecuaci&oacute;n polin&oacute;mica. Algunos ejemplos de estos n&uacute;meros son:</p>

<p>&nbsp;</p>

<p>, llamado n&uacute;mero pi, aproximadamente igual a se define como la raz&oacute;n entre la longitud de una circunferencia y su di&aacute;metro.</p>

<p>&nbsp;</p>

<p>llamado n&uacute;mero &aacute;ureo, aproximadamente igual a , tambi&eacute;n se conoce como el n&uacute;mero de la belleza. &nbsp;</p>
]]></description>
<images>
<image path="ma_09_01_co_rec50_img04.jpg" border = "0" pathbig="ma_09_01_co_rec50_img04.jpg">
<title><![CDATA[El símbolo de infinito representa los decimales infinitos.  ]]></title>
</image>
</images>
</page>
</pages>
</section></sections>
</engine>