﻿<?xml version="1.0" encoding="UTF-8"?>
<?xml-stylesheet href="cuadernoestudio/dtd/libro.xslt" type="text/xsl"?>
<!--Arbortext, Inc., 1988-2015, v.4002-->
<!DOCTYPE libro SYSTEM "cuadernoestudio/dtd/libro.dtd">
<libro id="MA_08_08_CO">
<libroTitulo>Los métodos de razonamiento</libroTitulo>
<seccion1 id="S1_MA_08_08_CO_EF78A1693360450D902224F470237C13">
<seccion1Titulo>El razonamiento inductivo</seccion1Titulo>
<seccion1Texto>
<p>El razonamiento inductivo es un proceso en el que a través de la
observación, el análisis y el reconocimiento de patrones o regularidades
en situaciones particulares se pueden extraer conclusiones o generalizar
el comportamiento de una situación.</p>
<profundiza>
<enlace
destino="/LoIdRedirect.aspx?LoId=MA_08_08_CO_Recurso010&amp;IdRecurso=RES-E2D3A695353A481EB5B98F2B30DECEA5"
>El razonamiento inductivo</enlace>
</profundiza>
<p>Observa la siguiente secuencia numérica: 3 – 6 – 9 – 12 – 15…  </p>
<p>¿Qué número ocupa la posición 10? ¿Cómo puedes saber qué número
ocupa cualquier posición? ¿Es posible describir una expresión matemática
que permita hallar el número que ocupa cualquier posición?   </p>
<p>En el caso de esta secuencia se puede observar que aumenta de tres
en tres y, por tanto, si la continúas, te darás cuenta que en la posición
10 está el número 30, por consiguiente, para hallar cualquier número
multiplicas por 3 la posición del número que quieres hallar.  </p>
<p>El método de inducción completa que permite demostrar que cierta
propiedad geométrica o aritmética que denominaremos <cursiva>P<subindice
>n</subindice></cursiva> (siendo n un número natural) es cierta para
todos los casos, requiere dos pasos:  </p>
<p>Verificar que el resultado <cursiva>P</cursiva><subindice>1</subindice
>, es cierto. </p>
<p>Plantear la hipótesis de inducción donde se supone válida <cursiva
>P<subindice>n</subindice></cursiva>, y de aquí se debe poder mostrar
que <cursiva>P<subindice>n</subindice></cursiva> + 1 también es válida.
 </p>
<p>Por ejemplo, la proposición de la secuencia numérica anterior se
puede expresar de la forma <cursiva>P<subindice>n</subindice></cursiva
> = 3<cursiva>n</cursiva>; en este caso, para <cursiva>n</cursiva
> = 1 es cierta la proposición, al igual que para <cursiva>n</cursiva
> = 2, <cursiva>n</cursiva> = 3 y así sucesivamente, de forma que <cursiva
>P</cursiva> será verdad para todos los <cursiva>n</cursiva>. Así
por ejemplo, para hallar el número de la posición 35 lo que se debe
hacer es reemplazar <cursiva>n</cursiva> por 35:</p>
<p centrado="si">Pn = 3n </p>
<p centrado="si">P35 = 3(35) = 105  </p>
<p>Por tanto, en la posición 35 se encuentra el número 105.  En esta
situación se partió desde unos casos particulares y se llegó a una
generalización por simple inducción u observación.  </p>
<p>Observa la siguiente secuencia de imágenes:</p>
<imagen src="MA_08_08_CO_IMG01_small.jpg">
<p>Secuencia numérica con formas geométricas.</p>
</imagen>
<p>¿Cuántos fósforos se necesitan para construir la figura 10, la
figura 123 y, en general, para cualquier figura?  </p>
<p>Al <negrita>observar</negrita> la figura se tiene:  </p>
<p centrado="si">La figura 1 tiene 3 fósforos. </p>
<p centrado="si">La figura 2 tiene 5 fósforos. </p>
<p centrado="si">La figura 3 tiene 7 fósforos. </p>
<p centrado="si">La figura 4 tiene 9 fósforos.  </p>
<p>Esto significa que a medida que se van agregando las figuras la
secuencia de fósforos aumenta de dos en dos, entonces si continuamos
la secuencia hasta la figura 10 se puede afirmar que estará compuesta
por 21 fósforos.  </p>
<p>Ahora se debe <negrita>formular</negrita> una conclusión general
que permita decir cuántos fósforos tiene la figura n. Como la secuencia
aumenta de dos en dos vamos a reescribirla de la siguiente forma:</p>
<p centrado="si"><cursiva>P<subindice>1</subindice></cursiva>  = 2(1)
+ 1 = 3 </p>
<p centrado="si"><cursiva>P<subindice>2</subindice></cursiva> = 2(2)
+ 1 = 5 </p>
<p centrado="si"><cursiva>P<subindice>3</subindice></cursiva> = 2(3)
+ 1 = 7 </p>
<p centrado="si"><cursiva>P<subindice>4</subindice></cursiva> = 2(4)
+ 1 = 9</p>
<p>El dos representa la forma como aumenta la secuencia, el número
dentro de cada paréntesis corresponde al número de la figura y en
cada caso se adiciona uno como una constante. Por tanto, si decimos
que <cursiva>n</cursiva> es el número de la figura se puede escribir
la expresión:</p>
<p centrado="si"><cursiva>P<subindice>n</subindice></cursiva> = 2<cursiva
>n</cursiva> + 1   </p>
<p>En consecuencia, para la figura 123 se puede afirmar que está compuesta
por 247 fósforos.  </p>
<p centrado="si"><cursiva>P<subindice>n</subindice></cursiva> = 2(123)
+ 1 = 247  </p>
<p>Este ejemplo también se inició con la observación de casos particulares
hasta llegar a un caso general que representa la situación que se
propone y es lo que se denomina razonamiento inductivo.</p>
<practica>
<enlace
destino="/LoIdRedirect.aspx?LoId=MA_08_08_CO_Recurso020&amp;IdRecurso=RES-E42FEAAA052B46A29E8FCA722FEAFD6A"
>Practica el razonamiento inductivo</enlace>
</practica><seccion2
id="S2_MA_08_08_CO_D16BEFD979994F7DB969AF49569BC161"><?Pub Dtl?>
<seccion2Titulo>Consolidación</seccion2Titulo>
<seccion2Texto>
<p>Actividades para consolidar lo que has aprendido en esta sección.</p>
<practica>
<enlace
destino="/LoIdRedirect.aspx?LoId=MA_08_08_CO_Recurso040&amp;IdRecurso=RES-DE259F9A3E7441D28698C00C1EAA19C4"
>Refuerza tu aprendizaje: El razonamiento inductivo</enlace>
</practica></seccion2Texto></seccion2></seccion1Texto></seccion1>
<seccion1 id="S1_MA_08_08_CO_AE5073B19B8640F782CB73E476981074">
<seccion1Titulo>El razonamiento deductivo</seccion1Titulo>
<seccion1Texto>
<p>El razonamiento deductivo es una forma de pensamiento matemático
en el que a través de una serie de argumentos generales y verdaderos,
se llega a demostrar la veracidad de una situación particular, en
otras palabras, se parte de lo general para demostrar algo particular. </p>
<profundiza>
<enlace
destino="/LoIdRedirect.aspx?LoId=MA_08_08_CO_Recurso050&amp;IdRecurso=RES-EABBAE62E17441EC8FAA0A103094A5F4"
>El razonamiento deductivo</enlace>
</profundiza>
<p>El razonamiento deductivo que se basa en la demostración se da
a través de tres pasos:</p>
<listaNumerada>
<listaElemento>Partir de las condiciones dadas (hipótesis).</listaElemento>
<listaElemento>Emplear definiciones, postulados, axiomas o teoremas
previamente demostrados para justificar los pasos o proposiciones.</listaElemento>
<listaElemento>Afirmar el resultado (conclusión o tesis).</listaElemento>
</listaNumerada>
<imagen src="MA_08_08_CO_IMG02_small.jpg">
<p>Secuencia numérica con formas geométricas.</p>
</imagen>
<p>Por ejemplo, se sabe que <negrita>todo ser humano es mortal</negrita
>y también que <negrita>el filósofo Aristóteles es un ser humano</negrita
>, por tanto, podemos deducir que <negrita>Aristóteles es mortal</negrita
>.  </p>
<p>En este ejemplo se partió de una regla general: “todo ser humano
es mortal”. Se analizó un caso particular: “el filósofo Aristóteles
es un ser humano”. Aplicando la regla general a este caso particular
se logra realizar una deducción: “Aristóteles es mortal”.  </p>
<p>El esquema de un razonamiento deductivo es de la forma <cursiva
>A → B</cursiva>, es decir, que a través de una serie de pasos justificados
se llega de una tesis <cursiva>A</cursiva> a una conclusión <cursiva
>B</cursiva>.  </p>
<p>A través de una serie de pasos lógicos se prueba o demuestra la
validez de proposiciones. Las partes de una demostración son:</p>
<listaSinNumerar>
<listaElemento>Figura: es la ilustración gráfica de la proposición
que se desea demostrar. Debe contener únicamente los trazos fundamentales.</listaElemento>
<listaElemento>Hipótesis: es lo que se acepta sin discusión como cierto
y que sirve de punto de partida para el razonamiento.</listaElemento>
<listaElemento>Figura auxiliar: son los trazos que se agregan a la
figura inicial y que ayudan a la demostración. </listaElemento>
<listaElemento>Tesis: es lo que se quiere demostrar.</listaElemento>
<listaElemento>Razonamiento: son las afirmaciones y justificaciones
que ligan a la hipótesis con la tesis.</listaElemento>
<listaElemento>Conclusión: es el resultado final de los pasos seguidos
en el razonamiento.</listaElemento>
</listaSinNumerar>
<p>Por ejemplo, para probar o demostrar que los ángulos opuestos por
el vértice son iguales se debe hacer un análisis y después los pasos
lógicos para probar la validez de la proposición.</p>
<practica>
<enlace
destino="/LoIdRedirect.aspx?LoId=MA_08_08_CO_Recurso060&amp;IdRecurso=RES-F94E963B083D4A5EB9E42AAAFA4A6DDA"
>Aplica el razonamiento deductivo</enlace>
<enlace
destino="/LoIdRedirect.aspx?LoId=MA_08_08_CO_Recurso090&amp;IdRecurso=RES-D274DCB0A44D47E1A495D0614A2137B7"
>Relaciona cada enunciado con su conclusión</enlace>
</practica><seccion2
id="S2_MA_08_08_CO_AE5073B19B8640F782CB73E476987744">
<seccion2Titulo>Consolidación</seccion2Titulo>
<seccion2Texto>
<p>Actividades para consolidar lo que has aprendido en esta sección.</p>
<practica>
<enlace
destino="/LoIdRedirect.aspx?LoId=MA_08_08_CO_Recurso100&amp;IdRecurso=RES-64D4BA1F09FB429D8369F5A750937DCB"
>Refuerza tu aprendizaje: El razonamiento deductivo</enlace>
</practica></seccion2Texto></seccion2></seccion1Texto></seccion1>
<seccion1 id="S1_MA_08_08_CO_1DD2BC3EFAD54D358E035FC66E7837F2">
<seccion1Titulo>Los métodos de demostración en geometría</seccion1Titulo>
<seccion1Texto>
<p>En matemáticas, una demostración es un argumento deductivo que
asegura la verdad de una proposición matemática. La argumentación
la constituye un conjunto de afirmaciones que están sustentadas en <negrita
>definiciones</negrita> (enunciado con las características de un objeto,
persona, animal, planta o idea), <negrita>axiomas</negrita> o <negrita
>postulados</negrita> (verdad que no necesita ser demostrada) o <negrita
>teoremas</negrita> (verdad que puede ser demostrada) previamente
demostrados y aceptados. </p>
<profundiza>
<enlace
destino="/LoIdRedirect.aspx?LoId=MA_08_08_CO_Recurso110&amp;IdRecurso=RES-F1C50F39210B4D8FAC12DE6B81E64BF1"
>Los métodos de demostración en geometría</enlace>
</profundiza>
<imagen src="MA_08_08_CO_IMG03_small.jpg">
<p>Euclides de Alejandría 325 a. C. – 265 a. C. aproximadamente.</p>
</imagen>
<p>Euclides es considerado el padre de la geometría y su obra trascendental <cursiva
>Los elementos</cursiva> es un tratado de geometría en el que, a partir
de un conjunto de axiomas o postulados, expone deductivamente toda
la geometría plana que estudiamos en la escuela. Los 5 postulados
de Euclides son:</p>
<imagen src="MA_08_08_CO_IMG04_small.png">
<p>Representación geométrica de los postulados de Euclides.</p>
</imagen>
<p> En geometría se utilizan diferentes métodos para demostrar una
afirmación; a continuación estudiaremos algunos de estos métodos</p>
<seccion2 id="S2_MA_08_08_CO_1DD2BC3EFAD54D358E035FC66E783377"><?Pub Dtl?>
<seccion2Titulo>El método directo</seccion2Titulo>
<seccion2Texto>
<p>Para el método directo se utilizan el razonamiento deductivo de
la forma <negritacursiva>A → B</negritacursiva>, mediante un esquema
de dos columnas para representar la situación <negrita>afirmación
– razón </negrita>en la que cada afirmación particular que se hace
se justifica con una ley general. </p>
<listaSinNumerar>
<listaElemento>Por ejemplo, si se desea demostrar el teorema “dada
una recta y un punto exterior a ella existe un único plano que contiene
a la recta y al punto”.</listaElemento>
</listaSinNumerar>
<p>Para esta demostración se hace uso de las siguientes definiciones:</p>
<p>Tres puntos <cursiva>A, B</cursiva> y <cursiva>C</cursiva> no son
colineales si no están contenidos en una única recta. </p>
<p>Un plano queda determinado por 3 puntos.  </p>
<p>En este caso <negrita>la hipótesis</negrita> es que tenemos una
recta y un punto <cursiva>P</cursiva> fuera de ella. <negrita>La conclusión </negrita
>a la que se debe llegar es que existe un único plano que los contiene.</p>
<imagen src="MA_08_08_CO_IMG05_small.jpg">
<p>Dada una recta y un punto exterior a ella existe un único plano
que contiene a la recta y al punto.</p>
</imagen>
<table border="1" cellspacing="0"><caption>Esquema en el que cada
afirmación particular se justifica con una ley general</caption>
<colgroup align="center"><col/><col/></colgroup>
<tbody>
<tr>
<td><negrita>Afirmación</negrita></td>
<td><negrita>Razón</negrita></td>
</tr>
<tr>
<td align="left">1.	Sea α el plano determinado por <cursiva>A, B</cursiva
> y <cursiva>C</cursiva>.</td>
<td align="left">1.	Definición de plano.</td>
</tr>
<tr>
<td align="left">2.	Sea <cursiva>l</cursiva> la recta que pasa por <cursiva
>A</cursiva> y <cursiva>B</cursiva>.</td>
<td align="left">2.	Postulado 1.</td>
</tr>
<tr>
<td align="left">3.	<cursiva>P</cursiva> ∉ <cursiva>l</cursiva>.</td>
<td align="left">3.	Dato dado.</td>
</tr>
<tr>
<td align="left">4.	<cursiva>A, B</cursiva> y <cursiva>P</cursiva
> no son colineales.</td>
<td align="left">4.	Por definición de puntos no colineales.</td>
</tr>
<tr>
<td align="left">5.	<cursiva>l </cursiva>∈ α.</td>
<td align="left" rowspan="2">5.	Por axioma: “Si dos puntos están en
un plano, la recta que los contiene está en el mismo plano”.</td>
</tr>
<tr>
<td align="left"><cursiva>P </cursiva>⋀ <cursiva>l</cursiva> ∈ α que
es lo que se quería demostrar.</td>
</tr>
</tbody>
</table>
<listaSinNumerar>
<listaElemento>Otro ejemplo es demostrar el teorema de Pitágoras que
se enuncia del siguiente modo:</listaElemento>
</listaSinNumerar>
<p>Para todo triángulo rectángulo, el cuadrado de la hipotenusa es
igual a la suma de los cuadrados de los catetos.  </p>
<p centrado="si"><cursiva>a</cursiva><superindice>2</superindice> + <cursiva
>b</cursiva><superindice>2</superindice> = <cursiva>c</cursiva>2</p>
<imagen src="MA_08_08_CO_IMG06_small.png">
<p>Representación gráfica del teorema de Pitágoras.</p>
</imagen>
<p>Para la demostración vamos a partir de la siguiente construcción:</p>
<imagen src="MA_08_08_CO_IMG07_small.jpg">
<p>A través del concepto de área se puede demostrar el teorema de
Pitágoras.</p>
</imagen>
<table border="1" cellspacing="0"><caption>Esquema en el que cada
afirmación particular se justifica con una ley general</caption>
<colgroup align="left"><col/><col/></colgroup>
<tbody>
<tr>
<td align="center"><negrita>Afirmación</negrita></td>
<td align="center"><negrita>Razón</negrita></td>
</tr>
<tr>
<td>1.	<cursiva>ABCD</cursiva> es un cuadrado.</td>
<td>1.	Por construcción.</td>
</tr>
<tr>
<td>2.	<cursiva>EFGH</cursiva> es un cuadrado. </td>
<td>2.	Por construcción.</td>
</tr>
<tr>
<td>3.<cursiva>	a </cursiva>+ <cursiva>b</cursiva> es el lado de <cursiva
>ABCD</cursiva>.</td>
<td>3.	Por construcción. </td>
</tr>
<tr>
<td>4.	<cursiva>c</cursiva> es el lado de <cursiva>EFGH</cursiva>.</td>
<td>4.	Por construcción.</td>
</tr>
<tr>
<td>5.	(<cursiva>a</cursiva> + <cursiva>b</cursiva>)<superindice>2</superindice
> es área de <cursiva>ABCD</cursiva>. </td>
<td>5.	Por definición de área de un cuadrado.</td>
</tr>
<tr>
<td>6.	(<cursiva>a</cursiva> + <cursiva>b</cursiva>)<superindice>2</superindice
> = <cursiva>a</cursiva><superindice>2</superindice> + 2<cursiva>ab</cursiva
> + <cursiva>b</cursiva><superindice>2</superindice>. </td>
<td>6.	Por desarrollo de un binomio cuadrado.</td>
</tr>
<tr>
<td>7.	<cursiva>c</cursiva><superindice>2</superindice> es el área
de <cursiva>EFGH</cursiva>.</td>
<td>7.	Por construcción.</td>
</tr>
<tr>
<td>8.	<cursiva>ab</cursiva>/2 es el área de cada triángulo.</td>
<td>8.	Por definición de área de un triángulo.</td>
</tr>
<tr>
<td>9.	2<cursiva>ab</cursiva> + <cursiva>c</cursiva><superindice>2</superindice
> es el área de <cursiva>ABCD</cursiva>.</td>
<td>9.	Por suma de áreas.</td>
</tr>
<tr>
<td>10.	<cursiva>a</cursiva><superindice>2</superindice> + 2<cursiva
>ab</cursiva> + <cursiva>b</cursiva><superindice>2</superindice> =
2<cursiva>ab</cursiva> + <cursiva>c</cursiva><superindice>2</superindice
>.</td>
<td>10.	Por igualdad de áreas.</td>
</tr>
<tr>
<td>11.	<cursiva>a</cursiva><superindice>2</superindice> + <cursiva
>b</cursiva><superindice>2</superindice> = <cursiva>c</cursiva><superindice
>2</superindice>; cancelamos 2<cursiva>ab</cursiva> en cada lado de
la igualdad.</td>
<td>11.	Por propiedad uniforme de la igualdad.</td>
</tr>
<tr>
<td><cursiva>a</cursiva><superindice>2</superindice> + <cursiva>b</cursiva
><superindice>2</superindice> = <cursiva>c</cursiva><superindice>2</superindice
> queda demostrado el teorema de Pitágoras.</td>
<td></td>
</tr>
</tbody>
</table>
<practica>
<enlace
destino="/LoIdRedirect.aspx?LoId=MA_08_08_CO_Recurso120&amp;IdRecurso=RES-F07FDADBF3834F31AAD9170484A2F515"
>Identifica la tesis y la hipótesis</enlace>
</practica></seccion2Texto></seccion2><seccion2
id="S2_MA_08_08_CO_1DD2BC3EFAD54D358E035FC66E784488">
<seccion2Titulo>El método indirecto</seccion2Titulo>
<seccion2Texto>
<p>Este método de demostración también es conocido como demostración
por contradicción, pues en este caso se niega la hipótesis y se debe
llegar a la tesis.  </p>
<p>Por ejemplo, demostremos por contradicción el siguiente teorema:
Todo triángulo <cursiva>ABC</cursiva> tiene un único ángulo obtuso
interno.  </p>
<p>Dado el Δ<cursiva>ABC</cursiva> vamos a suponer que tiene dos ángulos
obtusos <cursiva>A</cursiva> y <cursiva>B</cursiva>, es decir que
los dos son menores a 90°:</p>
<p centrado="si"><cursiva>m</cursiva> <cursiva>A</cursiva> > 90° y
 <cursiva>m B</cursiva> > 90°.  </p>
<p>Por la propiedad de la adición de los ángulos internos de un triángulo
se tiene que:   </p>
<p centrado="si">m∡<cursiva>A</cursiva> + m∡<cursiva>B</cursiva> +
m∡<cursiva>C</cursiva> = 180°</p>
<p>Si se sustrae la medida de los ángulos <cursiva>A</cursiva> y <cursiva
>B</cursiva> en ambos lados de la igualdad se llega a:  </p>
<p centrado="si"><cursiva>m∡C</cursiva> = 180° – <cursiva>m∡A</cursiva
> – <cursiva>m∡B</cursiva> </p>
<p centrado="si"><cursiva>m∡C</cursiva> = 180° – (<cursiva>m∡A</cursiva
> + <cursiva>m∡B</cursiva>)  </p>
<p>Factorizando el signo menos, como <cursiva>A</cursiva> y <cursiva
>B</cursiva> mayores a 90° entonces:</p>
<p centrado="si">180° – (<cursiva>m∡A</cursiva> + <cursiva>m∡B</cursiva
>) &lt; 0  </p>
<p>Es decir que: </p>
<p centrado="si"><cursiva>m∡C </cursiva>&lt; 0  </p>
<p>lo cual contradice la definición de ángulo interno de un triángulo,
ya que la medida de todo ángulo interno de un triángulo es mayor que
cero, por tanto, se concluye que la negación de la hipótesis es falsa,
es decir que se demuestra que todo triángulo <cursiva>ABC</cursiva
> tiene un único ángulo obtuso.</p>
<practica>
<enlace
destino="/LoIdRedirect.aspx?LoId=MA_08_08_CO_Recurso130&amp;IdRecurso=RES-8CFFF16F68434B1BAAA6517AA87C4506"
>Organiza los pasos de la demostración</enlace>
</practica></seccion2Texto></seccion2><seccion2
id="S2_MA_08_08_CO_1DD2BC3EFAD54D358E035FC66E785599">
<seccion2Titulo>Generalizaciones falsas y demostración por contraejemplo</seccion2Titulo>
<seccion2Texto>
<p>Hasta el momento hemos revisado cómo se realiza una demostración
en geometría a partir de dos métodos y en qué consisten los métodos
deductivo e inductivo, sin embargo, cuando hacemos una generalización
por el método inductivo, podemos cometer un error al suponer que con
varios ejemplos revisados se cumple una conjetura. En este caso se
dice que hemos realizado una <negrita>generalización falsa</negrita
> y para demostrarlo mostramos un <negrita>contraejemplo</negrita
>, que no es otra cosa que un ejemplo que hace que la generalización
no sea cierta.  </p>
<p>Observemos la siguiente imagen y pensemos qué podemos decir acerca
de lo que le sucede a cada cuadrilátero cuando es cortado por su diagonal
mayor. ¿Lo que ocurre en la figura se cumplirá para todos los cuadriláteros?</p>
<imagen src="MA_08_08_CO_IMG08_small.jpg">
<p>Todo cuadrilátero es dividido por su diagonal mayor en dos triángulos
iguales. </p>
</imagen>
<p>En la imagen se puede observar que la diagonal divide a cada cuadrilátero
en dos triángulos de igual forma y tamaño; esta afirmación corresponde
a una generalización que se ha realizado por simple observación, entonces,
¿cómo puedes refutar o contradecir dicha afirmación?  </p>
<p>Si se encuentra un cuadrilátero que no cumpla con la afirmación,
puede decirse que se ha hallado un <negrita>contraejemplo</negrita
>, por tanto, la afirmación es una generalización falsa, como se muestra
en la siguiente figura.</p>
<imagen src="MA_08_08_CO_IMG09_small.jpg">
<p>Los triángulos <cursiva>ABD</cursiva> y <cursiva>BCD</cursiva> que
se forman en el cuadrilátero <cursiva>ABCD</cursiva>, no son iguales
en forma ni en tamaño, lo que contradice la afirmación &lt;&lt;Todo
cuadrilátero es dividido por su diagonal mayor en dos triángulos iguales>>.</p>
</imagen>
</seccion2Texto></seccion2><seccion2
id="S2_MA_08_08_CO_1DD2BC3EFAD54D358E035FC66E786600">
<seccion2Titulo>Consolidación</seccion2Titulo>
<seccion2Texto>
<p>Actividades para consolidar lo que has aprendido en esta sección.</p>
<practica>
<enlace
destino="/LoIdRedirect.aspx?LoId=MA_08_08_CO_Recurso150&amp;IdRecurso=RES-8E1445C351C54B7081EF96D98B4CD80B"
>Refuerza tu aprendizaje: Los métodos de demostración en geometría</enlace>
</practica></seccion2Texto></seccion2></seccion1Texto></seccion1>
<seccion1 id="S1_MA_08_08_CO_0080ED091537495CA7D450C039BEE056">
<seccion1Titulo>Los ángulos y las rectas</seccion1Titulo>
<seccion1Texto>
<p>Las formas geométricas están presentes en nuestro entorno: las
encontramos en la naturaleza, en el arte, la arquitectura, etc. Conocer
las <negrita>rectas</negrita> y los <negrita>ángulos que se forman
entre ellas </negrita>nos ayudarán a comprender el estudio de las
formas geométricas y la forma del entorno que nos rodea.</p>
<imagen src="MA_08_08_CO_IMG10_small.png">
<p>Las rectas y los ángulos nos sirven para estudiar los mapas y la
posición de las calles en diferentes lugares.</p>
</imagen>
<destacado><destacadoTitulo>Definiciones de recta, semirrecta y ángulo</destacadoTitulo>
<destacadoTexto>
<p><negrita>Recta</negrita>: conjunto de puntos que se prolongan indefinidamente
en una dirección.  </p>
<p><negrita>Semirrecta</negrita>: porción de recta que tiene inicio,
pero no fin. </p>
<p><negrita>Ángulo</negrita>: espacio del plano comprendido por la
unión de dos semirrectas con el mismo punto de origen denominado vértice.</p>
</destacadoTexto></destacado>
<p>Para nombrar las rectas y las semirrectas se realiza a través de
una letra minúscula o mediante dos puntos que estén contenidos en
ellas. </p>
<p>Para los ángulos se usa el símbolo ∡ y la letra del vértice o una
letra del alfabeto griego o mediante tres puntos.</p>
<imagen src="MA_08_08_CO_IMG11_small.png">
<p>Notación para rectas, semirrectas y ángulos.</p>
</imagen>
<seccion2 id="S2_MA_08_08_CO_0080ED091537495CA7D450C039BE5566">
<seccion2Titulo>Los ángulos formados entre rectas perpendiculares</seccion2Titulo>
<seccion2Texto>
<p>Dos rectas <cursiva>l</cursiva> y <cursiva>m</cursiva> son perpendiculares
si al intersecarse forman un par de ángulos adyacentes congruentes.</p>
<imagen src="MA_08_08_CO_IMG12_small.jpg">
<p>La recta <cursiva>l</cursiva> es perpendicular a la recta <cursiva
>m</cursiva>.</p>
</imagen>
<profundiza>
<enlace
destino="/LoIdRedirect.aspx?LoId=MA_08_08_CO_Recurso180&amp;IdRecurso=RES-F600C6F699E146FAAF0B40A1E53C0FE5"
>Los ángulos formados entre rectas perpendiculares</enlace>
</profundiza></seccion2Texto></seccion2><seccion2
id="S2_MA_08_08_CO_0080ED091537495CA7D450C039BE6677">
<seccion2Titulo>Los ángulos formados entre rectas paralelas</seccion2Titulo>
<seccion2Texto>
<p>Dos rectas <cursiva>l</cursiva> y <cursiva>m</cursiva> son paralelas
si están en el mismo plano y no tienen puntos en común. </p>
<imagen src="MA_08_08_CO_IMG13_small.jpg">
<p>La recta <negrita><cursiva>l</cursiva></negrita> es paralela a
la recta <negrita><cursiva>m</cursiva></negrita>.</p>
</imagen>
<p>Dos ángulos son consecutivos si están en el mismo plano, tienen
el mismo vértice y un lado en común. </p>
<listaSinNumerar>
<listaElemento>Dadas <cursiva>m</cursiva> y <cursiva>n</cursiva> rectas
paralelas que son cortadas por la recta <cursiva>t</cursiva> transversal
a <cursiva>m</cursiva> y <cursiva>n</cursiva>, se forman ángulos denominados <negrita
>ángulos congruentes</negrita>. </listaElemento>
</listaSinNumerar>
<imagen src="MA_08_08_CO_IMG14_small.jpg">
<p>Pares de ángulos congruentes entre paralelas:  </p>
<p>∡5 ≡ ∡1 </p>
<p>∡6 ≡ ∡2 </p>
<p>∡4 ≡ ∡8</p>
<p>∡3 ≡ ∡7</p>
</imagen>
<listaSinNumerar>
<listaElemento>Los ángulos que se encuentran al mismo lado de la transversal
son llamados <negrita>ángulos colaterales</negrita>. </listaElemento>
</listaSinNumerar>
<imagen src="MA_08_08_CO_IMG15_small.jpg">
<p>Los ángulos 1, 2, 5 y 6 son colaterales. </p>
<p>También son colaterales los ángulos 4, 3, 8 y 7.</p>
</imagen>
<listaSinNumerar>
<listaElemento>Dadas <cursiva>m</cursiva> y <cursiva>n</cursiva> rectas
paralelas que son cortadas por la recta <cursiva>t</cursiva> transversal
a <cursiva>m</cursiva> y <cursiva>n</cursiva>, se forman ángulos entre
las rectas que se conocen como <negrita>ángulos externos</negrita
> e <negrita>internos</negrita>.</listaElemento>
</listaSinNumerar>
<imagen src="MA_08_08_CO_IMG16_small.jpg">
<p>Los ángulos 1, 4, 6 y 7 son llamados ángulos externos y los ángulos
2, 3, 5 y 8 son llamados ángulos internos.</p>
</imagen>
<listaSinNumerar>
<listaElemento>Los <negrita>ángulos alternos externos</negrita> se
caracterizan porque no son colaterales ni son adyacentes (dos ángulos
son adyacentes si son consecutivos y sus lados no comunes pertenecen
a la misma recta).</listaElemento>
</listaSinNumerar>
<imagen src="MA_08_08_CO_IMG17_small.jpg">
<p>Pares de ángulos alternos externos: </p>
<p>∡6 ≡ ∡4 </p>
<p>∡7 ≡ ∡1</p>
</imagen>
<listaSinNumerar>
<listaElemento>Los ángulos que no son colaterales y no son adyacentes
son llamados <negrita>ángulos alternos internos</negrita>.</listaElemento>
</listaSinNumerar>
<imagen src="MA_08_08_CO_IMG18_small.jpg">
<p>Pares de ángulos alternos internos: </p>
<p>∡8 ≡ ∡2 </p>
<p>∡5 ≡ ∡3</p>
</imagen>
<p>Ahora vamos a usar el hecho de los ángulos correspondientes entre
paralelas para demostrar la congruencia de los ángulos alternos internos.
 </p>
<p>Si <cursiva>m</cursiva> y <cursiva>n</cursiva> son paralelas y <cursiva
>t</cursiva> transversal a <cursiva>m</cursiva> y <cursiva>n</cursiva
>, entonces las parejas de ángulos ∡8 ≡ ∡2 y ∡5 ≡ ∡3.</p>
<table border="1" cellspacing="0"><caption>Demostración de la congruencia
de los ángulos internos alternos</caption><colgroup><col/><col/>
</colgroup>
<tbody>
<tr>
<td align="center"><negrita>Afirmación</negrita></td>
<td align="center"><negrita>Razón</negrita></td>
</tr>
<tr>
<td>1.	<cursiva>m</cursiva> es paralela a <cursiva>n</cursiva> y <cursiva
>t</cursiva> transversal a <cursiva>m</cursiva> y <cursiva>n</cursiva
>.</td>
<td>1.	Dato dado.</td>
</tr>
<tr>
<td>2.	∡1 ≡ ∡3 y ∡4 ≡ ∡2</td>
<td>2.	Son ángulos opuestos por el vértice.</td>
</tr>
<tr>
<td>3.	∡1 ≡ ∡5 y ∡2 ≡ ∡6</td>
<td>3.	Son ángulos correspondientes entre paralelas.</td>
</tr>
<tr>
<td>4.	∡5 ≡ ∡3 y ∡8 ≡ ∡2</td>
<td>4.	Por transitividad.</td>
</tr>
</tbody>
</table>
<listaSinNumerar>
<listaElemento>Los ángulos 4 y 8 son colaterales, uno es externo y
el otro es interno, y no son adyacentes; los ángulos entre paralelas
con estas características son conocidos como <negrita>ángulos correspondientes</negrita
>.</listaElemento>
</listaSinNumerar>
<imagen src="MA_08_08_CO_IMG19_small.jpg">
<p>Son ángulos correspondientes: </p>
<p>4 y 8  </p>
<p>3 y 7 </p>
<p>2 y 6 </p>
<p>1 y 5</p>
</imagen>
<practica>
<enlace
destino="/LoIdRedirect.aspx?LoId=MA_08_08_CO_Recurso190&amp;IdRecurso=RES-9929F31CC6514B699D057C828DEF6A10"
>Identifica ángulos entre rectas paralelas</enlace>
</practica></seccion2Texto></seccion2><seccion2
id="S2_MA_08_08_CO_0080ED091537495CA7D450C039BE7788">
<seccion2Titulo>Las rectas paralelas y los triángulos</seccion2Titulo>
<seccion2Texto>
<p>A partir del concepto de rectas paralelas se puede estudiar y demostrar
propiedades y conceptos relacionados con los triángulos.</p>
<listaSinNumerar>
<listaElemento>Propiedad fundamental de los triángulos.</listaElemento>
</listaSinNumerar>
<p>En todo triángulo <cursiva>ABC</cursiva> la adición de las medidas
de sus ángulos internos siempre es igual a 180°.</p>
<imagen src="MA_08_08_CO_IMG20_small.jpg">
<p>Para demostrar la propiedad fundamental de los triángulos se traza
por uno de los vértices una recta paralela al lado opuesto.</p>
</imagen>
<table border="1" cellspacing="0"><colgroup><col/><col/></colgroup>
<tbody>
<tr>
<td align="center"><negrita>Afirmación</negrita></td>
<td align="center"><negrita>Razón</negrita></td>
</tr>
<tr>
<td>1.	Por <cursiva>C</cursiva> se traza una recta paralela a <cursiva
>AB</cursiva>.</td>
<td>1.	Postulado de la recta paralela.</td>
</tr>
<tr>
<td>2.	∡1 ≡ ∡4 y ∡2 ≡ ∡5</td>
<td>2.	Son ángulos internos alternos entre paralelas.</td>
</tr>
<tr>
<td>3.	∡1 = ∡4 y ∡2 = ∡5</td>
<td>3.	Por ser ángulos internos entre paralelas.</td>
</tr>
<tr>
<td>4.	∡4 + ∡3 + ∡5 = 180°</td>
<td>4.	Por construcción.</td>
</tr>
<tr>
<td>5.	∡1 + ∡3 + ∡2 = 180°</td>
<td>5.	Al reemplazar m∡4 y m∡5 por lo obtenido en la afirmación 2.
 </td>
</tr>
</tbody>
</table>
<listaSinNumerar>
<listaElemento>Dadas dos rectas paralelas y dos rectas transversales
a ellas, los triángulos <cursiva>ABC</cursiva> y <cursiva>AB’C’</cursiva
> son semejantes.</listaElemento>
</listaSinNumerar>
<imagen src="MA_08_08_CO_IMG21_small.jpg">
<p>Las rectas y los ángulos nos sirven para estudiar los mapas y la
posición de las calles en diferentes lugares.</p>
</imagen>
<p>Esto se debe a que sus ángulos homólogos son iguales y sus lados
homólogos son proporcionales. </p>
<practica>
<enlace
destino="/LoIdRedirect.aspx?LoId=MA_08_08_CO_Recurso210&amp;IdRecurso=RES-F6C707979016422DADE0CF8782E94705"
>Completa el teorema</enlace>
</practica></seccion2Texto></seccion2><seccion2
id="S2_MA_08_08_CO_0080ED091537495CA7D450C039BE8899">
<seccion2Titulo>Consolidación</seccion2Titulo>
<seccion2Texto>
<p>Actividades para consolidar lo que has aprendido en esta sección.</p>
<practica>
<enlace
destino="/LoIdRedirect.aspx?LoId=MA_08_08_CO_Recurso220&amp;IdRecurso=RES-DEFFB0947DB34899BB5D83CF282F97E3"
>Refuerza tu aprendizaje: Los ángulos y las rectas</enlace>
</practica></seccion2Texto></seccion2></seccion1Texto></seccion1>
<seccion1 id="S1_MA_08_08_CO_189E67CCAB104931A826ACCA04E46426">
<seccion1Titulo>Los ángulos en polígonos</seccion1Titulo>
<seccion1Texto><practica>
<enlace
destino="/LoIdRedirect.aspx?LoId=MA_08_08_CO_Recurso230&amp;IdRecurso=RES-1C95C5C513EF446288BA85673119FD07"
>Calcula la suma de los ángulos de un polígono</enlace>
</practica>
<p> Todo polígono tiene dos clases de ángulos, un ángulo interno y
uno externo. Los ángulos internos se forman a partir de dos lados
consecutivos del polígono, mientras que un ángulo externo es la unión
de uno de los lados y la prolongación de uno de sus lados adyacentes.</p>
<imagen src="MA_08_08_CO_IMG22_small.jpg">
<p>Los ángulos azules son internos, mientras que los ángulos verdes
son externos.</p>
</imagen>
<p>A continuación, vamos a hallar por inducción dos fórmulas para
determinar la suma de los ángulos internos de cualquier polígono y
la medida de los ángulos internos para cualquier polígono regular.</p>
<imagen src="MA_08_08_CO_IMG23_small.jpg">
<p>Ángulos internos en diferentes polígonos. </p>
</imagen>
<p>La suma de los ángulos internos de cada figura es: </p>
<p centrado="si">Triángulo      180° </p>
<p centrado="si">Cuadrilátero   360° </p>
<p centrado="si">Pentágono     540° </p>
<p centrado="si">Hexágono      720°</p>
<imagen src="MA_08_08_CO_IMG24_small.jpg">
<p>Cada polígono se puede dividir en triángulos.</p>
</imagen>
<table border="1" cellspacing="0"><caption>Relación entre el número
de triángulos y de lados del polígono</caption><colgroup align="center">
<col/><col/><col/><col align="left"/></colgroup>
<tbody>
<tr>
<td>Polígono</td>
<td>Número de lados</td>
<td>Número de triángulos</td>
<td>Suma total de la medida de los ángulos internos</td>
</tr>
<tr>
<td align="left">Triángulo</td>
<td>2</td>
<td>1</td>
<td>1 × 180 = 180</td>
</tr>
<tr>
<td align="left">Cuadrilátero</td>
<td>4</td>
<td>2</td>
<td>2 × 180 = 360</td>
</tr>
<tr>
<td align="left">Pentágono</td>
<td>5</td>
<td>3</td>
<td>3 × 180 = 540</td>
</tr>
<tr>
<td align="left">Hexágono</td>
<td>6</td>
<td>4</td>
<td>4 × 180 = 720</td>
</tr>
</tbody>
</table>
<p>Partiendo de la propiedad fundamental de los triángulos, se puede
ver una relación entre el número de lados de un polígono y el número
de triángulos que se forman desde un vértice.  </p>
<p>Si el polígono tiene <negritacursiva>n</negritacursiva> lados,
el número de triángulos es <negrita><cursiva>n</cursiva> – 2</negrita
> que es el número que multiplica a 180 para hallar la suma total
de la medida de los ángulos internos.  </p>
<p centrado="si">Suma total de la medida de los ángulos internos de
un polígono = 180 ∙ (<cursiva>n</cursiva> – 2)  </p>
<p>Y para la medida de los ángulos internos de cada polígono simplemente
dividimos su suma por el número de lados del polígono, así se tiene
la fórmula: </p>
<p centrado="si"> (<cursiva>n</cursiva> – 2) ∙ 180/<cursiva>n</cursiva
></p>
<imagen src="MA_08_08_CO_IMG25_small.jpg">
<p>Medida de los ángulos internos de un polígono de tres lados. </p>
</imagen>
<imagen src="MA_08_08_CO_IMG26_small.jpg">
<p>Medida de los ángulos internos de un polígono de cuatro lados. </p>
</imagen>
<imagen src="MA_08_08_CO_IMG27_small.jpg">
<p>Medida de los ángulos internos de un polígono de cinco lados. </p>
</imagen>
<imagen src="MA_08_08_CO_IMG28_small.jpg">
<p>Medida de los ángulos internos de un polígono de seis lados. </p>
</imagen>
<destacado><destacadoTitulo>Ángulos internos de un polígono</destacadoTitulo>
<destacadoTexto>
<p>En todo polígono de n lados se cumple que la suma de sus ángulos
internos viene dada por:  </p>
<p centrado="si"><negrita>180° ∙ (<cursiva>n</cursiva> – 2)  </negrita
></p>
<p>La medida de los ángulos internos de un polígono regular con n
lados viene dada por:  </p>
<p centrado="si"><negrita>180°(<cursiva>n</cursiva> – 2)/<cursiva
>n</cursiva></negrita></p>
</destacadoTexto></destacado><practica>
<enlace
destino="/LoIdRedirect.aspx?LoId=MA_08_08_CO_Recurso240&amp;IdRecurso=RES-6D99DBB51CBC4DC2B3EAE90AF4F85DB4"
>Averigua el número de lados de un polígono</enlace>
</practica><seccion2
id="S2_MA_08_08_CO_189E67CCAB104931A826ACCA04E46622">
<seccion2Titulo>Los ángulos en la circunferencia</seccion2Titulo>
<seccion2Texto>
<p>Al dibujar líneas que estén dentro de una circunferencia o que
tengan relación con ella, se pueden definir distintos tipos de ángulos.
 </p>
<p><negrita>Ángulo central</negrita>: tiene su vértice en el centro
de la circunferencia y sus lados se apoyan en la circunferencia (coinciden
con radios).</p>
<imagen src="MA_08_08_CO_IMG29_small.jpg">
<p>Ángulo central de una circunferencia.</p>
</imagen>
<p><negrita>Ángulo inscrito</negrita>: tiene su vértice sobre la circunferencia
y sus lados se apoyan sobre la circunferencia.</p>
<imagen src="MA_08_08_CO_IMG30_small.jpg">
<p>Ángulo inscrito de una circunferencia.</p>
</imagen>
<p><negrita>Ángulo semiinscrito</negrita>: tiene su vértice sobre
la circunferencia, uno de sus lados se apoya sobre ella y el otro
es tangente a la circunferencia.</p>
<imagen src="MA_08_08_CO_IMG31_small.jpg">
<p>Ángulo semiinscrito de una circunferencia.</p>
</imagen>
<p><negrita>Ángulo interior</negrita>: tiene su vértice en el interior
de la circunferencia.</p>
<imagen src="MA_08_08_CO_IMG32_small.jpg">
<p>Ángulo interior de una circunferencia.</p>
</imagen>
<p>En toda circunferencia se cumplen las siguientes propiedades:</p>
<imagen src="MA_08_08_CO_IMG33_small.jpg">
<p>Todos los ángulos inscritos en una circunferencia que abarcan el
mismo arco son congruentes. </p>
<p centrado="si">∡α ≡ ∡β ≡ ∡γ</p>
</imagen>
<imagen src="MA_08_08_CO_IMG34_small.jpg">
<p>Si en una circunferencia el ángulo central y el ángulo inscrito
tienen el mismo arco, entonces la medida del ángulo central es el
doble de la medida del ángulo inscrito. </p>
<p centrado="si">∡β = 2∡α</p>
</imagen>
<practica>
<enlace
destino="/LoIdRedirect.aspx?LoId=MA_08_08_CO_Recurso250&amp;IdRecurso=RES-D6291989E7784C6AA030639810076DA9"
>Identifica ángulos en la circunferencia</enlace>
<enlace
destino="/LoIdRedirect.aspx?LoId=MA_08_08_CO_Recurso260&amp;IdRecurso=RES-D4C971BE7DD14845910EC390C7AF5FF7"
>Deduce la medida de ángulos en polígonos</enlace>
</practica></seccion2Texto></seccion2><seccion2
id="S2_MA_08_08_CO_189E67CCAB104931A826ACCA04E47733"><?Pub Dtl?>
<seccion2Titulo>Las construcciones geométricas</seccion2Titulo>
<seccion2Texto>
<p>Realizar una construcción geométrica implica que cada paso que
se realiza usando únicamente regla y compás, debe estar debidamente
justificado por un postulado, definición o teorema. Revisemos algunas
de ellas:</p>
<listaSinNumerar>
<listaElemento>Construcción de la <negrita>mediatriz</negrita> de
un segmento.</listaElemento>
</listaSinNumerar>
<p>La <negrita>mediatriz</negrita> es la recta que corta perpendicularmente
el segmento por su punto medio. Para trazar la mediatriz de un segmento <cursiva
>AB</cursiva> debe hacerse lo siguiente:</p>
<listaNumerada>
<listaElemento>Se sitúa la aguja del compás en el punto <cursiva>A</cursiva
> y, con una abertura mayor que la mitad del segmento <cursiva>AB</cursiva
>, se traza un arco de circunferencia.</listaElemento>
<listaElemento>Con la misma abertura, se sitúa la aguja del compás
en <cursiva>B</cursiva> y se traza otro arco que corte al anterior,
por encima y por debajo del segmento.</listaElemento>
<listaElemento>Se unen con una regla los dos puntos de corte de los
arcos. Esta recta es la <negrita>mediatriz</negrita> del segmento.</listaElemento>
</listaNumerada>
<imagen src="MA_08_08_CO_IMG35_small.jpg">
<p>Mediatriz de un segmento.</p>
</imagen>
<listaSinNumerar>
<listaElemento>Construcción de la <negrita>bisectriz</negrita> de
un ángulo.</listaElemento>
</listaSinNumerar>
<p>La <negrita>bisectriz</negrita> es la recta que divide un ángulo
en dos ángulos iguales. Para trazarla se debe hacer lo siguiente:</p>
<listaNumerada>
<listaElemento>Se sitúa la aguja del compás en el vértice <cursiva
>A</cursiva> y se traza un arco que corte los lados del ángulo. </listaElemento>
<listaElemento>Desde los dos puntos de corte <cursiva>B</cursiva> y <cursiva
>C</cursiva>, se trazan dos arcos, con la misma abertura del compás,
que se corten en el interior del ángulo.</listaElemento>
<listaElemento>Se une con una regla el punto de corte <cursiva>D</cursiva
> y el vértice <cursiva>A</cursiva>. Esta recta es la <negrita>bisectriz</negrita
> del ángulo.</listaElemento>
</listaNumerada>
<imagen src="MA_08_08_CO_IMG36_small.jpg">
<p>Bisectriz de un ángulo.</p>
</imagen>
<profundiza>
<enlace
destino="/LoIdRedirect.aspx?LoId=MA_08_08_CO_Recurso280&amp;IdRecurso=RES-A3C302806CA546228DF244C24995E1AE"
>Construye polígonos regulares</enlace>
</profundiza></seccion2Texto></seccion2><seccion2
id="S2_MA_08_08_CO_189E67CCAB104931A826ACCA04E48844"><?Pub Dtl?>
<seccion2Titulo>Consolidación </seccion2Titulo>
<seccion2Texto>
<p>Actividades para consolidar lo que has aprendido en esta sección.</p>
<practica>
<enlace
destino="/LoIdRedirect.aspx?LoId=MA_08_08_CO_Recurso290&amp;IdRecurso=RES-B7F6EDB9370847DFAC61D69873345678"
>Refuerza tu aprendizaje: Los ángulos en polígonos</enlace>
</practica></seccion2Texto></seccion2></seccion1Texto></seccion1>
<seccion1 id="S1_MA_08_08_CO_CBBCFCABA79F43FAA014BB33239AA96C">
<seccion1Titulo>Ejercitación y competencias </seccion1Titulo>
<seccion1Texto><profundiza>
<enlace
destino="/LoIdRedirect.aspx?LoId=MA_08_08_CO_Recurso300&amp;IdRecurso=RES-208BB26A7D9E466B89CA2105F0C7D7C8"
>Proyecto: Los métodos de razonamiento</enlace>
</profundiza></seccion1Texto></seccion1><masinformacion
id="MI_MA_08_08_CO_4ECB0669B50A445A96F6E7385FEDE596"><?Pub Dtl?>
<mapaconceptual><enlace
destino="/LoIdRedirect.aspx?LoId=MA_08_08_CO_Recurso320&amp;IdRecurso=RES-708A8A279FFC4CC6A707A60489C6D7A4"
>Mapa Conceptual</enlace></mapaconceptual><autoevaluate><enlace
destino="/LoIdRedirect.aspx?LoId=MA_08_08_CO_Recurso330&amp;IdRecurso=RES-4B915C3AFF9F4B229CC7F52977613FAE"
>Evaluación</enlace></autoevaluate><enlacesreferencia>
<enlace
destino="http://www.educatina.com/matematicas/probabilidad-y-estadistica/probabilidad/razonamientos-deductivos "
>Aprender Razonamientos Deductivos online</enlace>
<enlace
destino="http://www.colombiaaprendiendo.edu.co/actividades-interactivas/ "
>Colombia aprendiendo</enlace>
<enlace
destino="https://aula.tareasplus.com/Juan-Jose-Ortiz/Geometria-Basica "
>tareaspluss</enlace>
</enlacesreferencia></masinformacion></libro>
