﻿<?xml version="1.0" encoding="utf-8"?>
<engine copy="Editorial Planeta" version="1" aprid="f7b">
  <main layout="2">
    <title>La división y el concepto de divisor</title>
    <footer>Selecciona una opción</footer>
  </main>
  <sections>
    <section i="0" star="false" hasSubsections="false">
      <menuImage path="MA_06_04_CO_REC60_IMG01.jpg" border="0">
        <title><![CDATA[Tipos de división]]></title>
      </menuImage>
      <pages>
        <page i="0" visible="true" color="">
          <title> La división</title>
          <description><![CDATA[<p><span style="font-size:20px"><span style="font-family:verdana,geneva,sans-serif">La divisi&oacute;n es la operaci&oacute;n inversa de la multiplicaci&oacute;n y&nbsp;es usada en situaciones de la vida diaria, pues consiste en indagar cu&aacute;ntas veces un n&uacute;mero est&aacute; contenido en otro;&nbsp;para determinar esto se usan conceptos como <strong>repartir </strong>y <strong>separar</strong>.</span></span></p>

<p style="text-align:justify"><span style="font-size:20px"><span style="font-family:verdana,geneva,sans-serif">Existen dos tipos de divisiones: exacta y con residuo.</span></span></p>

<ul>
	<li style="text-align:justify"><span style="font-size:20px"><span style="font-family:verdana,geneva,sans-serif"><strong>Exacta</strong>: cuando el reparto se hace en forma exacta. Por ejemplo, cuando se reparten por igual doce balones entre seis ni&ntilde;os, a cada uno le corresponden dos.</span></span></li>
</ul>

<ul>
	<li style="text-align:justify"><span style="font-size:20px"><span style="font-family:verdana,geneva,sans-serif"><span style="font-size:20px"><span style="font-family:verdana,geneva,sans-serif"><strong>Con residuo</strong>:&nbsp;cuando no es posible que el reparto se haga en forma exacta.&nbsp;Por ejemplo, cuando se dividen cinco&nbsp;l&aacute;pices entre tres personas.</span></span></span></span></li>
</ul>

<p style="text-align:justify"><span style="font-size:20px"><span style="font-family:verdana,geneva,sans-serif">Es importante recordar que la divisi&oacute;n entre cero es una <strong>indeterminaci&oacute;n matem&aacute;tica </strong>y no est&aacute; definida.</span></span></p>
]]></description>
          <images>
            <image path="MA_06_04_CO_REC60_IMG05n.jpg" border="0" pathbig="MA_06_04_CO_REC60_IMG05.jpg">
              <title><![CDATA[]]></title>
            </image>
          </images>
        </page>
      </pages>
    </section>
    <section i="0" star="false" hasSubsections="false">
      <menuImage path="MA_06_04_CO_REC60_IMG02.jpg" border="0">
        <title><![CDATA[Elementos de la división]]></title>
      </menuImage>
      <pages>
        <page i="0" visible="true" color="">
          <title>Los elementos de una división</title>
          <description><![CDATA[<p><span style="font-size:20px">Observa la&nbsp;divisi&oacute;n de la imagen a la izquierda.</span></p>

<p><span style="font-size:20px"><span style="font-family:verdana,geneva,sans-serif">En una divisi&oacute;n se pueden analizar cuatro elementos teniendo en cuenta lo siguiente:</span></span></p>

<p><span style="font-size:20px"><span style="font-family:verdana,geneva,sans-serif">Se busca&nbsp;conocer&nbsp;cu&aacute;ntas veces un n&uacute;mero llamado <strong>divisor</strong><em> </em>est&aacute; contenido en otro n&uacute;mero llamado <strong>dividendo </strong>y<strong> </strong>el resultado de esta operaci&oacute;n recibe el nombre de <strong>cociente</strong>;<strong><em> </em></strong>cuando la divisi&oacute;n no sea exacta tendr&aacute; un <strong>residuo</strong>, el cual ser&aacute; siempre menor que el divisor.</span></span></p>

<p><span style="font-size:20px"><span style="font-family:verdana,geneva,sans-serif">Ser <strong>divisor de</strong> es&nbsp;una relaci&oacute;n entre dos n&uacute;meros que cumple ciertas condiciones en la divisi&oacute;n.&nbsp;</span></span></p>

<p><span style="font-size:20px"><span style="font-family:verdana,geneva,sans-serif">En las siguientes fichas te aclaramos este concepto.</span></span></p>
]]></description>
          <images>
            <image path="MA_06_04_CO_REC60_IMG06n.jpg" border="0" pathbig="MA_06_04_CO_REC60_IMG06a.jpg">
              <title><![CDATA[]]></title>
            </image>
          </images>
        </page>
      </pages>
    </section>
    <section i="0" star="false" hasSubsections="false">
      <menuImage path="MA_06_04_CO_REC60_IMG03.jpg" border="0">
        <title><![CDATA[El concepto de divisor]]></title>
      </menuImage>
      <pages>
        <page i="0" visible="true" color="">
          <title>Divisor</title>
          <description><![CDATA[<p><span style="font-size:20px"><span style="font-family:verdana,geneva,sans-serif">En la expresi&oacute;n:</span></span></p>

<p style="text-align:center"><span style="font-size:20px"><span style="font-family:verdana,geneva,sans-serif"><span class="math-tex">\(72\div 9=8\)</span></span></span></p>

<p><span style="font-size:20px"><span style="font-family:verdana,geneva,sans-serif">se puede afirmar que 9 es divisor de 72, pues la divisi&oacute;n es exacta.</span></span></p>

<p><span style="font-size:20px"><span style="font-family:verdana,geneva,sans-serif">En forma similar se puede afirmar que:</span></span></p>

<ul>
	<li><span style="font-size:20px"><span style="font-family:verdana,geneva,sans-serif">2, 3, 4, 6, 8, 9, 12, 18, 24, 36 y&nbsp;72&nbsp;son divisores de 72, pues la divisi&oacute;n entre 72 y cada uno de estos n&uacute;meros es&nbsp;exacta.</span></span></li>
</ul>
]]></description>
          <images>
            <image path="MA_06_04_CO_REC60_IMG07n.jpg" border="0" pathbig="MA_06_04_CO_REC60_IMG07a.jpg">
              <title><![CDATA[]]></title>
            </image>
          </images>
        </page>
        <page i="0" visible="true" color="">
          <title>¿Qué es el divisor?</title>
          <description><![CDATA[<p><span style="font-size:20px">Los divisores de un n&uacute;mero <em>x</em> son todos los n&uacute;meros que lo dividen<em>&nbsp;</em>en forma exacta; en forma general, se dice que:&nbsp; &nbsp;</span></p>

<p style="text-align:center"><span style="font-size:20px"><em>b</em> es divisor de <em>a</em>&nbsp;si&nbsp;y solo si</span></p>

<p style="text-align:center"><span style="font-size:20px">&nbsp;<span class="math-tex">\(a\div b=c\)</span>&nbsp;</span></p>

<p style="text-align:center"><span style="font-size:20px">y&nbsp;<em>c </em>es un n&uacute;mero natural</span></p>

<p><span style="font-size:20px">Por ejemplo: </span></p>

<ul>
	<li><span style="font-size:20px">4 es divisor de 128, pues</span></li>
</ul>

<p style="text-align:center"><span style="font-size:20px">&nbsp;<span class="math-tex">\(128\div4=32\)</span></span></p>

<ul>
	<li><span style="font-size:20px">&nbsp;9 no&nbsp;es divisor de 128, pues la divisi&oacute;n no es exacta.</span></li>
</ul>

<p><span style="font-size:20px"><span style="font-family:verdana,geneva,sans-serif">Es importante aclarar&nbsp;que cada n&uacute;mero tiene una cantidad <strong>finita</strong> de divisores;&nbsp;por ejemplo:</span></span></p>

<ul>
	<li><span style="font-size:20px"><span style="font-family:verdana,geneva,sans-serif">el n&uacute;mero 10 tiene cuatro divisores: 1, 2, 5 y 10.</span></span></li>
	<li><span style="font-size:20px"><span style="font-family:verdana,geneva,sans-serif">el n&uacute;mero 72 tiene m&aacute;s de 10 divisores:&nbsp;</span></span><span style="font-size:20px"><span style="font-family:verdana,geneva,sans-serif">1, 2, 3, 4, 6, 8, 9, 12, 18..., 72.</span></span></li>
</ul>
]]></description>
          <images>
            <image path="MA_06_04_CO_REC60_IMG08n.jpg" border="0" pathbig="MA_06_04_CO_REC60_IMG08a.jpg">
              <title><![CDATA[]]></title>
            </image>
          </images>
        </page>
      </pages>
    </section>
    <section i="0" star="false" hasSubsections="false">
      <menuImage path="MA_06_04_CO_REC60_IMG04.jpg" border="0">
        <title><![CDATA[¿Múltiplo o divisor?]]></title>
      </menuImage>
      <pages>
        <page i="0" visible="true" color="">
          <title>  Relaciones entre divisor y múltiplo</title>
          <description><![CDATA[<p><span style="font-size:20px"><span style="font-family:verdana,geneva,sans-serif">Las propiedades &quot;ser divisor de&quot;&nbsp;y &quot;ser m&uacute;ltiplo de&quot;&nbsp;tienen una estrecha relaci&oacute;n, a</span></span><span style="font-size:20px"><span style="font-family:verdana,geneva,sans-serif">s&iacute;:</span></span></p>

<ul>
	<li><span style="font-size:20px"><span style="font-family:verdana,geneva,sans-serif">5&nbsp;es divisor de 45, entonces&nbsp;45&nbsp;es m&uacute;ltiplo de 5.</span></span></li>
	<li><span style="font-size:20px"><span style="font-family:verdana,geneva,sans-serif">7 es divisor de 63, entonces 63 es m&uacute;ltiplo de 7.</span></span></li>
</ul>

<p><span style="font-size:20px"><span style="font-family:verdana,geneva,sans-serif">En t&eacute;rminos&nbsp;generales:&nbsp;</span></span></p>

<ul>
	<li><span style="font-size:20px"><span style="font-family:verdana,geneva,sans-serif">&nbsp;<em>a</em>&nbsp;es divisor de&nbsp;<em>b,</em>&nbsp;entonces&nbsp;<em>b</em>&nbsp;es m&uacute;ltiplo de<em>&nbsp;a.</em>&nbsp;</span></span></li>
</ul>

<p style="margin-left:0cm; margin-right:0cm"><span style="font-size:20px"><span style="font-family:verdana,geneva,sans-serif">Adem&aacute;s:</span></span></p>

<ul>
	<li><span style="font-size:20px"><span style="font-family:verdana,geneva,sans-serif">Si&nbsp;<em>a&nbsp;</em>es&nbsp;m&uacute;ltiplo&nbsp;de<em>&nbsp;</em><em>b</em>&nbsp;o&nbsp;<em>b</em>&nbsp;es&nbsp;divisor&nbsp;de&nbsp;<em>a</em>, existe un n&uacute;mero natural&nbsp;<em>n</em>&nbsp;tal que</span></span></li>
</ul>

<p style="margin-left:0cm; margin-right:0cm; text-align:center"><span style="font-size:20px"><span style="font-family:verdana,geneva,sans-serif">&nbsp;<span class="math-tex">\(a · b = n\)</span>&nbsp;</span></span></p>
]]></description>
          <images>
            <image path="MA_06_04_CO_REC60_IMG09.jpg" border="0" pathbig="MA_06_04_CO_REC60_IMG09a.jpg">
              <title><![CDATA[]]></title>
            </image>
          </images>
        </page>
      </pages>
    </section>
  </sections>
  <practica actividad="" boton="Practica" boton2="">
    <pantalla1><![CDATA[<p><span style="font-size:20px"><span style="font-family:verdana,geneva,sans-serif">Escribe los divisores&nbsp;de:</span></span></p>

<ul>
	<li><span style="font-size:20px"><span style="font-family:verdana,geneva,sans-serif">25 y&nbsp;50</span></span></li>
	<li><span style="font-size:20px"><span style="font-family:verdana,geneva,sans-serif">35 y&nbsp;70</span></span></li>
	<li><span style="font-size:20px"><span style="font-family:verdana,geneva,sans-serif">48 y 24</span></span></li>
	<li><span style="font-size:20px"><span style="font-family:verdana,geneva,sans-serif">30 y 90</span></span></li>
</ul>

<p><span style="font-size:20px">Responde las siguientes preguntas:</span></p>

<ul>
	<li><span style="font-size:20px"><span style="font-family:verdana,geneva,sans-serif">&iquest;Qu&eacute; divisores tienen en com&uacute;n?</span></span></li>
	<li><span style="font-size:20px">&iquest;Qu&eacute; relaciones encuentras entre estas parejas de n&uacute;meros?</span></li>
</ul>

<p>&nbsp;</p>

<p>&nbsp;</p>
]]></pantalla1>
    <pantalla2><![CDATA[<p><span style="font-family:verdana,geneva,sans-serif"><span style="font-size:20px">Halla los divisores de 36, 72 y 144.</span></span></p>

<ul>
	<li><span style="font-family:verdana,geneva,sans-serif"><span style="font-size:20px">Escribe los divisores comunes</span></span></li>
	<li><span style="font-family:verdana,geneva,sans-serif"><span style="font-size:20px">&iquest;Que particularidad encuentras en estos grupos de divisores?</span></span></li>
</ul>
]]></pantalla2>
  </practica>
</engine>