﻿<?xml version="1.0" encoding="utf-8"?>
<motor tipo="7" clase="a" aprid="m7a">
  <plataforma>
    <grado><![CDATA[2]]></grado>
    <titulo>Factoriza sumas y diferencias de potencias iguales</titulo>
    <area>0</area>
    <nivel>1</nivel>
    <referencia />
    <idreg><![CDATA[0]]></idreg>
    <motor><![CDATA[M7A]]></motor>
    <lang>es</lang>
  </plataforma>
  <enunciado><![CDATA[Usa las propiedades de las sumas y diferencias de potencias iguales según corresponda.]]></enunciado>
  <masinfo inicio="0" />
  <sinaleatoriedad><![CDATA[0]]></sinaleatoriedad>
  <calc><![CDATA[0]]></calc>
  <respuestaunica><![CDATA[0]]></respuestaunica>
  <test cantidad="6">
    <cuestion>
      <enunciado><![CDATA[Selecciona todas las posibles factorizaciones que puede tener cada expresión como suma o diferencia de potencias iguales.]]></enunciado>
      <imagen><![CDATA[MA_08_04_REC170_IMG01n.png]]></imagen>
      <ampliacion><![CDATA[MA_08_04_REC170_IMG01a.png]]></ampliacion>
      <respuestas>
        <respuesta ruta="MA_08_04_REC170_IMG02n.png" ampliacion="" correcta="1" />
        <respuesta ruta="MA_08_04_REC170_IMG03n.png" ampliacion="" correcta="0" />
        <respuesta ruta="MA_08_04_REC170_IMG04n.png" ampliacion="" correcta="0" />
        <respuesta ruta="MA_08_04_REC170_IMG05n.png" ampliacion="" correcta="0" />
      </respuestas>
    </cuestion>
    <cuestion>
      <enunciado><![CDATA[Selecciona la factorización correcta para la expresión.]]></enunciado>
      <imagen><![CDATA[MA_08_04_REC170_IMG06n.png]]></imagen>
      <ampliacion><![CDATA[MA_08_04_REC170_IMG06a.png]]></ampliacion>
      <respuestas>
        <respuesta ruta="MA_08_04_REC170_IMG07n.png" ampliacion="" correcta="1" />
        <respuesta ruta="MA_08_04_REC170_IMG08n.png" ampliacion="" correcta="1" />
        <respuesta ruta="MA_08_04_REC170_IMG11n.png" ampliacion="" correcta="1" />
        <respuesta ruta="MA_08_04_REC170_IMG05n 3.png" ampliacion="" correcta="0" />
      </respuestas>
    </cuestion>
    <cuestion>
      <enunciado><![CDATA[Selecciona la factorización correcta para la expresión.]]></enunciado>
      <imagen><![CDATA[MA_08_04_REC170_IMG10n.png]]></imagen>
      <ampliacion><![CDATA[MA_08_04_REC170_IMG10a.png]]></ampliacion>
      <respuestas>
        <respuesta ruta="MA_08_04_REC170_IMG12n.png" ampliacion="" correcta="0" />
        <respuesta ruta="MA_08_04_REC170_IMG13n.png" ampliacion="" correcta="0" />
        <respuesta ruta="MA_08_04_REC170_IMG05n 3.png" ampliacion="" correcta="1" />
        <respuesta ruta="MA_08_04_REC170_IMG09n.png" ampliacion="" correcta="0" />
      </respuestas>
    </cuestion>
    <cuestion>
      <enunciado><![CDATA[Selecciona la factorización correcta para la expresión.]]></enunciado>
      <imagen><![CDATA[MA_08_04_REC170_IMG14n.png]]></imagen>
      <ampliacion><![CDATA[MA_08_04_REC170_IMG14a.png]]></ampliacion>
      <respuestas>
        <respuesta ruta="MA_08_04_REC170_IMG15n.png" ampliacion="" correcta="0" />
        <respuesta ruta="MA_08_04_REC170_IMG16n.png" ampliacion="" correcta="0" />
        <respuesta ruta="MA_08_04_REC170_IMG17n.png" ampliacion="" correcta="0" />
        <respuesta ruta="MA_08_04_REC170_IMG05n 4.png" ampliacion="" correcta="1" />
      </respuestas>
    </cuestion>
    <cuestion>
      <enunciado><![CDATA[Selecciona la factorización correcta para la expresión.]]></enunciado>
      <imagen><![CDATA[MA_08_04_REC170_IMG18n.png]]></imagen>
      <ampliacion><![CDATA[MA_08_04_REC170_IMG18a.png]]></ampliacion>
      <respuestas>
        <respuesta ruta="MA_08_04_REC170_IMG19n.png" ampliacion="" correcta="1" />
        <respuesta ruta="MA_08_04_REC170_IMG20n.png" ampliacion="" correcta="0" />
        <respuesta ruta="MA_08_04_REC170_IMG21n.png" ampliacion="" correcta="0" />
        <respuesta ruta="MA_08_04_REC170_IMG05n 4.png" ampliacion="" correcta="0" />
      </respuestas>
    </cuestion>
    <cuestion>
      <enunciado><![CDATA[Selecciona la factorización correcta para la expresión.]]></enunciado>
      <imagen><![CDATA[MA_08_04_REC170_IMG22n.png]]></imagen>
      <ampliacion><![CDATA[MA_08_04_REC170_IMG14a.png]]></ampliacion>
      <respuestas>
        <respuesta ruta="MA_08_04_REC170_IMG23n.png" ampliacion="" correcta="1" />
        <respuesta ruta="MA_08_04_REC170_IMG24n.png" ampliacion="" correcta="1" />
        <respuesta ruta="MA_08_04_REC170_IMG25n.png" ampliacion="" correcta="0" />
        <respuesta ruta="MA_08_04_REC170_IMG05n 4.png" ampliacion="" correcta="0" />
      </respuestas>
    </cuestion>
  </test>
</motor>