<?xml version='1.0' encoding='UTF-8'?><mapa aprid="mapa">
  <copyright>(c) Editorial Planeta</copyright>
  <version>1.0</version>
  <botonMapaConceptual>mostrar</botonMapaConceptual>
  <botonMapaMudo>ocultar</botonMapaMudo>
  <botonMudo>0</botonMudo>
  <objeto>
    <ref>00</ref>
    <texto>Magnitudes proporcionales</texto>
    <hijos>10</hijos>
    <padre/>
    <siz>0</siz>
    <negcur>00000000000000000000000000</negcur>
    <cen>1</cen>
    <img/>
    <audio/>
  </objeto>
  <objeto>
    <ref>10</ref>
    <texto/>
    <hijos>22,21,20</hijos>
    <padre>00</padre>
    <siz>14</siz>
    <negcur/>
    <cen>1</cen>
    <img/>
    <audio/>
  </objeto>
  <objeto>
    <ref>20</ref>
    <texto>Tipos de proporcionalidad</texto>
    <hijos>30</hijos>
    <padre>10</padre>
    <siz>0</siz>
    <negcur>00000000000000000000000000</negcur>
    <cen>1</cen>
    <img/>
    <audio/>
  </objeto>
  <objeto>
    <ref>21</ref>
    <texto>Proporción</texto>
    <hijos>32,31</hijos>
    <padre>10</padre>
    <siz>0</siz>
    <negcur>0000000000</negcur>
    <cen>1</cen>
    <img/>
    <audio/>
  </objeto>
  <objeto>
    <ref>22</ref>
    <texto>Razón</texto>
    <hijos>33</hijos>
    <padre>10</padre>
    <siz>0</siz>
    <negcur>00000</negcur>
    <cen>1</cen>
    <img/>
    <audio/>
  </objeto>
  <objeto>
    <ref>30</ref>
    <texto/>
    <hijos>41,40</hijos>
    <padre>20</padre>
    <siz>0</siz>
    <negcur/>
    <cen>1</cen>
    <img/>
    <audio/>
  </objeto>
  <objeto>
    <ref>40</ref>
    <texto>inversa</texto>
    <hijos>50</hijos>
    <padre>30</padre>
    <siz>0</siz>
    <negcur>0000000</negcur>
    <cen>1</cen>
    <img/>
    <audio/>
  </objeto>
  <objeto>
    <ref>41</ref>
    <texto>directa</texto>
    <hijos>51</hijos>
    <padre>30</padre>
    <siz>0</siz>
    <negcur>0000000</negcur>
    <cen>1</cen>
    <img/>
    <audio/>
  </objeto>
  <objeto>
    <ref>50</ref>
    <texto>característica</texto>
    <hijos>60</hijos>
    <padre>40</padre>
    <siz>0</siz>
    <negcur>00000000000000</negcur>
    <cen>1</cen>
    <img/>
    <audio/>
  </objeto>
  <objeto>
    <ref>60</ref>
    <texto>si una magnitud crece
la otra decrece  en la
misma  proporción, o
viceversa</texto>
    <hijos>70</hijos>
    <padre>50</padre>
    <siz>0</siz>
    <negcur>0000000000000000000000000000000000000000000000000000000000000000000000000000</negcur>
    <cen>1</cen>
    <img/>
    <audio/>
  </objeto>
  <objeto>
    <ref>70</ref>
    <texto>se identifican por</texto>
    <hijos>81,80</hijos>
    <padre>60</padre>
    <siz>0</siz>
    <negcur>0000000000000000000</negcur>
    <cen>1</cen>
    <img/>
    <audio/>
  </objeto>
  <objeto>
    <ref>80</ref>
    <texto>la representación
es una línea
curva</texto>
    <hijos/>
    <padre>70</padre>
    <siz>0</siz>
    <negcur>0000000000000000000000000000000000000</negcur>
    <cen>1</cen>
    <img/>
    <audio/>
  </objeto>
  <objeto>
    <ref>81</ref>
    <texto>el producto de
las magnitudes
es constante</texto>
    <hijos/>
    <padre>70</padre>
    <siz>0</siz>
    <negcur>000000000000000000000000000000000000000000</negcur>
    <cen>1</cen>
    <img/>
    <audio/>
  </objeto>
  <objeto>
    <ref>51</ref>
    <texto>característica</texto>
    <hijos>61</hijos>
    <padre>41</padre>
    <siz>0</siz>
    <negcur>00000000000000</negcur>
    <cen>1</cen>
    <img/>
    <audio/>
  </objeto>
  <objeto>
    <ref>61</ref>
    <texto>si una magnitud crece
o decrece , la otra
también lo hace en la
misma proporción</texto>
    <hijos>71</hijos>
    <padre>51</padre>
    <siz>0</siz>
    <negcur>000000000000000000000000000000000000000000000000000000000000000000000000000000000</negcur>
    <cen>1</cen>
    <img/>
    <audio/>
  </objeto>
  <objeto>
    <ref>71</ref>
    <texto>se identifican por</texto>
    <hijos>83,82</hijos>
    <padre>61</padre>
    <siz>0</siz>
    <negcur>0000000000000000000</negcur>
    <cen>1</cen>
    <img/>
    <audio/>
  </objeto>
  <objeto>
    <ref>82</ref>
    <texto>la
representación
es una línea
recta</texto>
    <hijos/>
    <padre>71</padre>
    <siz>0</siz>
    <negcur>0000000000000000000000000000000000000</negcur>
    <cen>1</cen>
    <img/>
    <audio/>
  </objeto>
  <objeto>
    <ref>83</ref>
    <texto>el cociente de
las magnitudes
es constante</texto>
    <hijos/>
    <padre>71</padre>
    <siz>0</siz>
    <negcur>0000000000000000000000000000000000000000000</negcur>
    <cen>1</cen>
    <img/>
    <audio/>
  </objeto>
  <objeto>
    <ref>31</ref>
    <texto>cumple</texto>
    <hijos>42</hijos>
    <padre>21</padre>
    <siz>0</siz>
    <negcur>000000</negcur>
    <cen>1</cen>
    <img/>
    <audio/>
  </objeto>
  <objeto>
    <ref>42</ref>
    <texto>propiedad
fundamental</texto>
    <hijos>52</hijos>
    <padre>31</padre>
    <siz>0</siz>
    <negcur>0000000000000000000000</negcur>
    <cen>1</cen>
    <img/>
    <audio/>
  </objeto>
  <objeto>
    <ref>32</ref>
    <texto>es</texto>
    <hijos>43</hijos>
    <padre>21</padre>
    <siz>0</siz>
    <negcur>00</negcur>
    <cen>1</cen>
    <img/>
    <audio/>
  </objeto>
  <objeto>
    <ref>43</ref>
    <texto>igualdad entre
dos razones</texto>
    <hijos>54</hijos>
    <padre>32</padre>
    <siz>0</siz>
    <negcur>000000000000000000000000000</negcur>
    <cen>1</cen>
    <img/>
    <audio/>
  </objeto>
  <objeto>
    <ref>52</ref>
    <texto>dice</texto>
    <hijos>63,62</hijos>
    <padre>42</padre>
    <siz>0</siz>
    <negcur>0000</negcur>
    <cen>1</cen>
    <img/>
    <audio/>
  </objeto>
  <objeto>
    <ref>62</ref>
    <texto>el producto de los
medios es igual al
producto de los
extremos</texto>
    <hijos>72</hijos>
    <padre>52</padre>
    <siz>0</siz>
    <negcur>000000000000000000000000000000000000000000000000000000000000000</negcur>
    <cen>1</cen>
    <img/>
    <audio/>
  </objeto>
  <objeto>
    <ref>63</ref>
    <texto>m:n=a:b
m/n = a/b</texto>
    <hijos>73</hijos>
    <padre>52</padre>
    <siz>0</siz>
    <negcur>000000000000000000</negcur>
    <cen>1</cen>
    <img/>
    <audio/>
  </objeto>
  <objeto>
    <ref>72</ref>
    <texto>se simboliza</texto>
    <hijos>84</hijos>
    <padre>62</padre>
    <siz>0</siz>
    <negcur>0000000000000</negcur>
    <cen>1</cen>
    <img/>
    <audio/>
  </objeto>
  <objeto>
    <ref>84</ref>
    <texto>m.b = n.a</texto>
    <hijos/>
    <padre>72</padre>
    <siz>0</siz>
    <negcur>0000000000</negcur>
    <cen>1</cen>
    <img/>
    <audio/>
  </objeto>
  <objeto>
    <ref>73</ref>
    <texto>se lee</texto>
    <hijos>85</hijos>
    <padre>63</padre>
    <siz>0</siz>
    <negcur>0000000</negcur>
    <cen>1</cen>
    <img/>
    <audio/>
  </objeto>
  <objeto>
    <ref>85</ref>
    <texto>m es a n, como,
 a es a b</texto>
    <hijos/>
    <padre>73</padre>
    <siz>0</siz>
    <negcur>00000000000000000000000000</negcur>
    <cen>1</cen>
    <img/>
    <audio/>
  </objeto>
  <objeto>
    <ref>33</ref>
    <texto>es</texto>
    <hijos>44</hijos>
    <padre>22</padre>
    <siz>0</siz>
    <negcur>00</negcur>
    <cen>1</cen>
    <img/>
    <audio/>
  </objeto>
  <objeto>
    <ref>44</ref>
    <texto>cociente
indicado de dos
cantidades</texto>
    <hijos>53</hijos>
    <padre>33</padre>
    <siz>0</siz>
    <negcur>000000000000000000000000000000000000</negcur>
    <cen>1</cen>
    <img/>
    <audio/>
  </objeto>
  <objeto>
    <ref>53</ref>
    <texto>se escribe</texto>
    <hijos>64</hijos>
    <padre>44</padre>
    <siz>0</siz>
    <negcur>00000000000</negcur>
    <cen>1</cen>
    <img/>
    <audio/>
  </objeto>
  <objeto>
    <ref>64</ref>
    <texto>m:n 
m/n</texto>
    <hijos>74</hijos>
    <padre>53</padre>
    <siz>0</siz>
    <negcur>000000000</negcur>
    <cen>1</cen>
    <img/>
    <audio/>
  </objeto>
  <objeto>
    <ref>74</ref>
    <texto>se lee</texto>
    <hijos>86</hijos>
    <padre>64</padre>
    <siz>0</siz>
    <negcur>0000000</negcur>
    <cen>1</cen>
    <img/>
    <audio/>
  </objeto>
  <objeto>
    <ref>86</ref>
    <texto>m es a n</texto>
    <hijos/>
    <padre>74</padre>
    <siz>0</siz>
    <negcur>000000000</negcur>
    <cen>1</cen>
    <img/>
    <audio/>
  </objeto>
  <objeto>
    <ref>54</ref>
    <texto>se escribe</texto>
    <hijos>65</hijos>
    <padre>43</padre>
    <siz>0</siz>
    <negcur>00000000000</negcur>
    <cen>1</cen>
    <img/>
    <audio/>
  </objeto>
  <objeto>
    <ref>65</ref>
    <texto>m:n=a:b
m/n = a/b</texto>
    <hijos>75</hijos>
    <padre>54</padre>
    <siz>0</siz>
    <negcur>000000000000000000</negcur>
    <cen>1</cen>
    <img/>
    <audio/>
  </objeto>
  <objeto>
    <ref>75</ref>
    <texto>se lee</texto>
    <hijos>87</hijos>
    <padre>65</padre>
    <siz>0</siz>
    <negcur>0000000</negcur>
    <cen>1</cen>
    <img/>
    <audio/>
  </objeto>
  <objeto>
    <ref>87</ref>
    <texto>m es a n, como,
 a es a b</texto>
    <hijos/>
    <padre>75</padre>
    <siz>0</siz>
    <negcur>00000000000000000000000000</negcur>
    <cen>1</cen>
    <img/>
    <audio/>
  </objeto>
</mapa>