<?xml version="1.0" encoding="utf-8"?><motor tipo="101" clase="ap" aprid="m101ap">
  <plataforma>
    <grado>2</grado>
    <titulo>Banco de contenidos</titulo>
    <volumen/>
    <nivel>2</nivel>
    <referencia/>
    <motor/>
    <lang>es_co</lang>
  </plataforma>
  <enunciado><![CDATA[Realiza la siguiente actividad. Cuando termines, haz clic en Enviar. Si es necesario, entrega las respuestas a mano o por {{cur}}e-mail{{normal}} a tu profesor para que pueda validarlas.]]></enunciado>
  <masinfo inicio="0"/>
  <calc><![CDATA[1]]></calc>
  <preguntas cantidad="59">
    <pregunta>
      <enunciado><![CDATA[El área bajo la curva de la función {{cur}}f{{normal}}({{cur}}x{{normal}}) es igual a:]]></enunciado>
      <explicacion><![CDATA[Las funciones compuestas son inversas.]]></explicacion>
      <nivel><![CDATA[2]]></nivel>
      <tipo><![CDATA[M]]></tipo>
      <imagen><![CDATA[MA_11_05_CO_REC250_IMG01n.png]]></imagen>
      <ampliacion><![CDATA[MA_11_05_CO_REC250_IMG01a.png]]></ampliacion>
      <texto/>
    </pregunta>
    <pregunta>
      <enunciado><![CDATA[¿Qué método de integración y sobre cuál función debe aplicarse para encontrar el área de un círculo de radio 1? ]]></enunciado>
      <explicacion/>
      <nivel><![CDATA[2]]></nivel>
      <tipo/>
      <imagen><![CDATA[MA_11_05_CO_REC250_IMG02n.png]]></imagen>
      <ampliacion><![CDATA[MA_11_05_CO_REC250_IMG02a.png]]></ampliacion>
      <texto/>
    </pregunta>
    <pregunta>
      <enunciado><![CDATA[¿Cuál es la primitiva de la función presentada en la gráfica?]]></enunciado>
      <explicacion><![CDATA[Las funciones con asíntotas pueden tener primitivas.]]></explicacion>
      <nivel><![CDATA[2]]></nivel>
      <tipo><![CDATA[M]]></tipo>
      <imagen><![CDATA[MA_11_05_CO_REC250_IMG03n.png]]></imagen>
      <ampliacion><![CDATA[MA_11_05_CO_REC250_IMG03a.png]]></ampliacion>
      <texto/>
    </pregunta>
    <pregunta>
      <enunciado><![CDATA[Aplica el método de Barrow para encontrar la integral de la función para la que el área está calculada por sumas de Riemann.]]></enunciado>
      <explicacion/>
      <nivel><![CDATA[2]]></nivel>
      <tipo><![CDATA[M]]></tipo>
      <imagen><![CDATA[MA_11_05_CO_REC250_IMG04n.png]]></imagen>
      <ampliacion><![CDATA[MA_11_05_CO_REC250_IMG04a.png]]></ampliacion>
      <texto/>
    </pregunta>
    <pregunta>
      <enunciado><![CDATA[¿De qué manera se interpreta el teorema fundamental del cálculo en las funciones de la imagen?]]></enunciado>
      <explicacion><![CDATA[El teorema fundamental del cálculo indica que, en condiciones óptimas de continuidad, la derivación e integración son operaciones inversas.]]></explicacion>
      <nivel><![CDATA[3]]></nivel>
      <tipo><![CDATA[M]]></tipo>
      <imagen><![CDATA[MA_11_05_CO_REC250_IMG05n.png]]></imagen>
      <ampliacion><![CDATA[MA_11_05_CO_REC250_IMG05a.png]]></ampliacion>
      <texto/>
    </pregunta>
    <pregunta>
      <enunciado><![CDATA[Indica la integral que se planteó para que la aplicación de la regla de Barrow obtenida fuera la de la imagen.]]></enunciado>
      <explicacion/>
      <nivel><![CDATA[1]]></nivel>
      <tipo/>
      <imagen><![CDATA[MA_11_05_CO_REC250_IMG06n.png]]></imagen>
      <ampliacion><![CDATA[MA_11_05_CO_REC250_IMG06a.png]]></ampliacion>
      <texto/>
    </pregunta>
    <pregunta>
      <enunciado><![CDATA[¿Cuál es el área entre las curvas {{cur}}f{{normal}}({{cur}}x{{normal}}) = {{cur}}x{{normal}}{{sup}}2{{normal}} y {{cur}}r{{normal}}({{cur}}x{{normal}}) = √ {{cur}}x{{normal}}?]]></enunciado>
      <explicacion/>
      <nivel><![CDATA[2]]></nivel>
      <tipo><![CDATA[M]]></tipo>
      <imagen><![CDATA[MA_11_05_CO_REC250_IMG07n.png]]></imagen>
      <ampliacion><![CDATA[MA_11_05_CO_REC250_IMG07a.png]]></ampliacion>
      <texto/>
    </pregunta>
    <pregunta>
      <enunciado><![CDATA[¿Qué problemas se pueden presentar en el cálculo de integrales de la función {{cur}}f{{normal}}({{cur}}x{{normal}}) = sec({{cur}}x{{normal}})?]]></enunciado>
      <explicacion><![CDATA[Algunos teoremas de integrabilidad no aplican en intervalos de discontinuidad o indefinición de funciones.]]></explicacion>
      <nivel><![CDATA[2]]></nivel>
      <tipo><![CDATA[M]]></tipo>
      <imagen><![CDATA[MA_11_05_CO_REC250_IMG08n.png]]></imagen>
      <ampliacion><![CDATA[MA_11_05_CO_REC250_IMG08a.png]]></ampliacion>
      <texto/>
    </pregunta>
    <pregunta>
      <enunciado><![CDATA[Realiza el procedimiento y encuentra el resultado de la integral.]]></enunciado>
      <explicacion/>
      <nivel><![CDATA[1]]></nivel>
      <tipo/>
      <imagen><![CDATA[MA_11_05_CO_REC250_IMG09n.png]]></imagen>
      <ampliacion><![CDATA[MA_11_05_CO_REC250_IMG09a.png]]></ampliacion>
      <texto/>
    </pregunta>
    <pregunta>
      <enunciado><![CDATA[Realiza el procedimiento y encuentra el resultado de la integral.]]></enunciado>
      <explicacion/>
      <nivel><![CDATA[1]]></nivel>
      <tipo><![CDATA[M]]></tipo>
      <imagen><![CDATA[MA_11_05_CO_REC250_IMG10n.png]]></imagen>
      <ampliacion><![CDATA[MA_11_05_CO_REC250_IMG10a.png]]></ampliacion>
      <texto/>
    </pregunta>
    <pregunta>
      <enunciado><![CDATA[Sean {{cur}}F{{normal}}({{cur}}x{{normal}}) y {{cur}}G{{normal}}({{cur}}x{{normal}}) dos antiderivadas de la función {{cur}}f{{normal}}({{cur}}x{{normal}}). ¿Qué relación hay entre las dos antiderivadas? Explica.]]></enunciado>
      <explicacion/>
      <nivel><![CDATA[1]]></nivel>
      <tipo/>
      <imagen/>
      <ampliacion/>
      <texto/>
    </pregunta>
    <pregunta>
      <enunciado><![CDATA[Dada la función {{cur}}f{{normal}}({{cur}}x{{normal}}) = 9{{cur}}x{{normal}}, halla una antiderivada {{cur}}F{{normal}}({{cur}}x{{normal}}) tal que {{cur}}F{{normal}}(1) = –2. ]]></enunciado>
      <explicacion/>
      <nivel><![CDATA[2]]></nivel>
      <tipo/>
      <imagen/>
      <ampliacion/>
      <texto/>
    </pregunta>
    <pregunta>
      <enunciado><![CDATA[Dada la función {{cur}}f{{normal}}({{cur}}x{{normal}}) = 58{{cur}}x{{normal}} – 6, halla su antiderivada, tal que {{cur}}F{{normal}}(0) = 3. ]]></enunciado>
      <explicacion/>
      <nivel><![CDATA[2]]></nivel>
      <tipo/>
      <imagen/>
      <ampliacion/>
      <texto/>
    </pregunta>
    <pregunta>
      <enunciado><![CDATA[Juan afirma que {{cur}}f{{normal}}({{cur}}x{{normal}}) = 35{{cur}}x{{normal}}² + 2 tiene una única antiderivada. ¿Es correcta la afirmación de Juan? Justifica tu respuesta. ]]></enunciado>
      <explicacion/>
      <nivel><![CDATA[2]]></nivel>
      <tipo/>
      <imagen/>
      <ampliacion/>
      <texto/>
    </pregunta>
    <pregunta>
      <enunciado><![CDATA[Identifica las relaciones entre las funciones, en términos de antiderivadas.]]></enunciado>
      <explicacion/>
      <nivel><![CDATA[3]]></nivel>
      <tipo/>
      <imagen/>
      <ampliacion/>
      <texto><![CDATA[∙ {{cur}}f{{normal}}({{cur}}x{{normal}}) = 2{{cur}}x{{normal}}{{sup}}5{{normal}} + 3{{cur}}x{{normal}}{{sup}}2{{normal}} + 4
∙ {{cur}}g{{normal}}({{cur}}x{{normal}}) = ln {{cur}}x{{normal}} 
∙ {{cur}}h{{normal}}({{cur}}x{{normal}}) = 10{{cur}}x{{normal}}{{sup}}4{{normal}} + 6{{cur}}x{{normal}}
∙ {{cur}}p{{normal}}({{cur}}x{{normal}}) = 1/{{cur}}x{{normal}} – 6
∙ {{cur}}r{{normal}}({{cur}}x{{normal}}) = {{cur}}x{{normal}} + 6
∙ {{cur}}r{{normal}}({{cur}}x{{normal}}) = 1/3 {{cur}}x{{normal}}{{sup}}6{{normal}} + {{cur}}x{{normal}}{{sup}}3{{normal}} + 4{{cur}}x{{normal}}]]></texto>
    </pregunta>
    <pregunta>
      <enunciado><![CDATA[Calcula la integral de cada función.]]></enunciado>
      <explicacion/>
      <nivel><![CDATA[3]]></nivel>
      <tipo/>
      <imagen><![CDATA[MA_11_05_CO_REC60_IMG01n.png]]></imagen>
      <ampliacion><![CDATA[MA_11_05_CO_REC60_IMG01a.png]]></ampliacion>
      <texto/>
    </pregunta>
    <pregunta>
      <enunciado><![CDATA[Un auto se mueve con velocidad constante de 50 m/s. ¿Cuál es la posición {{cur}}s{{normal}}({{cur}}t{{normal}}) para un tiempo {{cur}}t{{normal}}, si en {{cur}}t{{normal}} = 1 segundo, el auto se encontraba en {{cur}}s{{normal}} = 15 m? Explica.]]></enunciado>
      <explicacion/>
      <nivel><![CDATA[3]]></nivel>
      <tipo/>
      <imagen/>
      <ampliacion/>
      <texto/>
    </pregunta>
    <pregunta>
      <enunciado><![CDATA[Calcula la expresión de la función {{cur}}y{{normal}} = {{cur}}f{{normal}}({{cur}}x{{normal}}) si {{cur}}f{{normal}}(1) = –2.  ]]></enunciado>
      <explicacion/>
      <nivel><![CDATA[3]]></nivel>
      <tipo/>
      <imagen><![CDATA[MA_11_05_CO_REC60_IMG02n.png]]></imagen>
      <ampliacion><![CDATA[MA_11_05_CO_REC60_IMG02a.png]]></ampliacion>
      <texto/>
    </pregunta>
    <pregunta>
      <enunciado><![CDATA[¿Qué tipo de funciones son las antiderivadas de las funciones lineales {{cur}}f{{normal}}({{cur}}x{{normal}}) = {{cur}}ax{{normal}} + {{cur}}b{{normal}}? ¿Cuál será su expresión general? Explica.]]></enunciado>
      <explicacion/>
      <nivel><![CDATA[2]]></nivel>
      <tipo/>
      <imagen/>
      <ampliacion/>
      <texto/>
    </pregunta>
    <pregunta>
      <enunciado><![CDATA[Explica las condiciones que se deben cumplir para usar los métodos de integración por sustitución y por partes, para el cálculo de integrales. Apoya tus explicaciones con ejemplos. ]]></enunciado>
      <explicacion/>
      <nivel><![CDATA[2]]></nivel>
      <tipo/>
      <imagen/>
      <ampliacion/>
      <texto/>
    </pregunta>
    <pregunta>
      <enunciado><![CDATA[Si las integrales de las funciones {{cur}}f{{normal}}({{cur}}x{{normal}}) y {{cur}}g{{normal}}({{cur}}x{{normal}}) se calculan usando sustitución, ¿es posible usar sustitución para la integral de la función ({{cur}}f{{normal}} + {{cur}}g{{normal}})({{cur}}x{{normal}})? ¿Es posible usar sustitución para la función 2{{cur}}f{{normal}}({{cur}}x{{normal}})? Explica y muestra ejemplos.]]></enunciado>
      <explicacion/>
      <nivel><![CDATA[3]]></nivel>
      <tipo/>
      <imagen/>
      <ampliacion/>
      <texto/>
    </pregunta>
    <pregunta>
      <enunciado><![CDATA[¿Existen funciones que puedan solucionarse por el método de sustitución y el método por partes? Explica y muestra ejemplos. ]]></enunciado>
      <explicacion/>
      <nivel><![CDATA[2]]></nivel>
      <tipo/>
      <imagen/>
      <ampliacion/>
      <texto/>
    </pregunta>
    <pregunta>
      <enunciado><![CDATA[Calcula la integral. Muestra el procedimiento.]]></enunciado>
      <explicacion/>
      <nivel><![CDATA[2]]></nivel>
      <tipo/>
      <imagen><![CDATA[MA_11_05_CO_REC100_IMG01n.png]]></imagen>
      <ampliacion><![CDATA[MA_11_05_CO_REC100_IMG01a.png]]></ampliacion>
      <texto/>
    </pregunta>
    <pregunta>
      <enunciado><![CDATA[Calcula la integral. Muestra el procedimiento.]]></enunciado>
      <explicacion/>
      <nivel><![CDATA[2]]></nivel>
      <tipo/>
      <imagen><![CDATA[MA_11_05_CO_REC100_IMG02n.png]]></imagen>
      <ampliacion><![CDATA[MA_11_05_CO_REC100_IMG02a.png]]></ampliacion>
      <texto/>
    </pregunta>
    <pregunta>
      <enunciado><![CDATA[Resuelve el siguiente problema.]]></enunciado>
      <explicacion/>
      <nivel><![CDATA[3]]></nivel>
      <tipo/>
      <imagen/>
      <ampliacion/>
      <texto><![CDATA[Soluciona la siguiente integral por partes 
                    ∫ {{cur}}x{{normal}} cos ({{cur}}x{{normal}}) {{cur}}dx{{normal}}
usa los valores de {{cur}}u{{normal}} y {{cur}}dv{{normal}} que se muestran a continuación:

a. {{cur}}u {{normal}}= {{cur}}x{{normal}}, {{cur}}dv {{normal}}= cos ({{cur}}x{{normal}}) {{cur}}dx{{normal}}
b. {{cur}}u{{normal}} = cos ({{cur}}x{{normal}}), {{cur}}dv {{normal}}= {{cur}}x{{normal}} {{cur}}dx{{normal}} 
Indica qué relación hay entre las respuestas obtenidas.]]></texto>
    </pregunta>
    <pregunta>
      <enunciado><![CDATA[Usando la sustitución {{cur}}u{{normal}} = tan ({{cur}}x{{normal}}), calcula la ∫ tan³ ({{cur}}x{{normal}}) sec² ({{cur}}x{{normal}}) {{cur}}dx{{normal}}.]]></enunciado>
      <explicacion/>
      <nivel><![CDATA[3]]></nivel>
      <tipo><![CDATA[L]]></tipo>
      <imagen/>
      <ampliacion/>
      <texto><![CDATA[

]]></texto>
    </pregunta>
    <pregunta>
      <enunciado><![CDATA[Calcula la ∫ arcsen ({{cur}}x{{normal}}) {{cur}}dx{{normal}} aplicando el método de integración por partes.]]></enunciado>
      <explicacion/>
      <nivel><![CDATA[3]]></nivel>
      <tipo/>
      <imagen/>
      <ampliacion/>
      <texto/>
    </pregunta>
    <pregunta>
      <enunciado><![CDATA[Resuelve el siguiente problema. ]]></enunciado>
      <explicacion/>
      <nivel><![CDATA[3]]></nivel>
      <tipo/>
      <imagen/>
      <ampliacion/>
      <texto><![CDATA[1. Integra la función {{cur}}f{{normal}} ({{cur}}x{{normal}}) = sen{{sup}}2{{normal}} ({{cur}}x{{normal}}).
2. Usa el resultado anterior para calcular la integral de {{cur}}g{{normal}} ({{cur}}x{{normal}}) = sen{{sup}}3{{normal}} ({{cur}}x{{normal}}), usando integración por partes, donde {{cur}}u{{normal}} = sen ({{cur}}x{{normal}}).
3. Con base en el resultado, qué generalización podrías hacer para la integral de la función {{cur}}h{{normal}} ({{cur}}x{{normal}}) = sen{{sup}}n{{normal}} ({{cur}}x{{normal}})
 y {{cur}}g {{normal}}({{cur}}x{{normal}}) = cos ({{cur}}x{{normal}}) varias veces (cada una por separado). Analiza los resultados obtenidos y escribe una generalización. ]]></texto>
    </pregunta>
    <pregunta>
      <enunciado><![CDATA[Calcula la integral propuesta aplicando la sustitución{{cur}} u{{normal}} = sen ({{cur}}x{{normal}}). Describe el procedimiento realizado. ]]></enunciado>
      <explicacion/>
      <nivel><![CDATA[3]]></nivel>
      <tipo/>
      <imagen><![CDATA[MA_11_05_CO_REC100_IMG03n.png]]></imagen>
      <ampliacion><![CDATA[MA_11_05_CO_REC100_IMG03a.png]]></ampliacion>
      <texto/>
    </pregunta>
    <pregunta>
      <enunciado><![CDATA[El área bajo la curva de una función impar en un intervalo simétrico a su eje de antisimetría es:]]></enunciado>
      <explicacion/>
      <nivel><![CDATA[2]]></nivel>
      <tipo/>
      <imagen><![CDATA[MA_11_05_CO_REC140_IMG01n.png]]></imagen>
      <ampliacion><![CDATA[MA_11_05_CO_REC140_IMG01a.png]]></ampliacion>
      <texto/>
    </pregunta>
    <pregunta>
      <enunciado><![CDATA[La mejor aproximación al área bajo la curva en un intervalo en el que la función es cóncava hacia arriba es:]]></enunciado>
      <explicacion><![CDATA[Cuando la función es cóncava hacia arriba el sobrante es mayor con rectángulos superiores.]]></explicacion>
      <nivel><![CDATA[2]]></nivel>
      <tipo><![CDATA[M]]></tipo>
      <imagen><![CDATA[MA_11_05_CO_REC140_IMG02n.png]]></imagen>
      <ampliacion><![CDATA[MA_11_05_CO_REC140_IMG02a.png]]></ampliacion>
      <texto/>
    </pregunta>
    <pregunta>
      <enunciado><![CDATA[La mejor aproximación al área bajo la curva en un intervalo en el que la función es cóncava hacia abajo es:]]></enunciado>
      <explicacion><![CDATA[Cuando la función es cóncava hacia abajo el sobrante es mayor con rectángulos inferiores.]]></explicacion>
      <nivel><![CDATA[2]]></nivel>
      <tipo><![CDATA[M]]></tipo>
      <imagen><![CDATA[MA_11_05_CO_REC140_IMG03n.png]]></imagen>
      <ampliacion><![CDATA[MA_11_05_CO_REC140_IMG03a.png]]></ampliacion>
      <texto/>
    </pregunta>
    <pregunta>
      <enunciado><![CDATA[Entre la aproximación al área bajo la curva por rectángulos y la aproximación al área bajo la curva por trapecios, algunas diferencias son:]]></enunciado>
      <explicacion><![CDATA[El área bajo la curva se puede aproximar por rectángulos superiores o inferiores, o por trapecios. ]]></explicacion>
      <nivel><![CDATA[2]]></nivel>
      <tipo><![CDATA[M]]></tipo>
      <imagen><![CDATA[MA_11_05_CO_REC140_IMG04n.png]]></imagen>
      <ampliacion><![CDATA[MA_11_05_CO_REC140_IMG04a.png]]></ampliacion>
      <texto/>
    </pregunta>
    <pregunta>
      <enunciado><![CDATA[El área bajo la curva de una función continua en un intervalo abierto es:]]></enunciado>
      <explicacion><![CDATA[El área bajo la curva es la idea principal subyacente para la integral de Riemann.]]></explicacion>
      <nivel><![CDATA[1]]></nivel>
      <tipo><![CDATA[M]]></tipo>
      <imagen/>
      <ampliacion/>
      <texto><![CDATA[Puedes ver la idea de la integral de Riemann en http://www.geogebra.org/m/1509255]]></texto>
    </pregunta>
    <pregunta>
      <enunciado><![CDATA[En problemas de probabilidad para la distribución normal, el área bajo la curva de la distribución representa:]]></enunciado>
      <explicacion><![CDATA[El área bajo la curva de la campana de Gauss se usa para realizar el cálculo de probabilidades.]]></explicacion>
      <nivel><![CDATA[3]]></nivel>
      <tipo><![CDATA[M]]></tipo>
      <imagen/>
      <ampliacion/>
      <texto><![CDATA[El área bajo la curva de la campana de Gauss se usa para realizar el cálculo de probabilidades.]]></texto>
    </pregunta>
    <pregunta>
      <enunciado><![CDATA[En farmacocinética, el cálculo de la integral bajo la curva de concentración plasmática representa:]]></enunciado>
      <explicacion><![CDATA[Constituye una de las medidas de biodisponibilidad, relacionando las variaciones de la concentración plasmática de un fármaco en función del tiempo. ]]></explicacion>
      <nivel><![CDATA[3]]></nivel>
      <tipo><![CDATA[M]]></tipo>
      <imagen/>
      <ampliacion/>
      <texto><![CDATA[Expresa muy bien la cinética de absorción y cuantitativamente engloba los términos de velocidad de absorción y cantidad de fármaco que llega a la sangre.]]></texto>
    </pregunta>
    <pregunta>
      <enunciado><![CDATA[El área bajo la curva de la composición de funciones inversas es: ]]></enunciado>
      <explicacion><![CDATA[La composición de dos funciones {{cur}}f{{normal}} y {{cur}}g{{normal}}, inversas, en condiciones en que la composición esté definida, resulta en la función identidad {{cur}}y{{normal}} = {{cur}}f{{normal}}({{cur}}g{{normal}}({{cur}}x{{normal}})) = {{cur}}g({{cur}}f({{cur}}x)) = {{cur}}x.  ]]></explicacion>
      <nivel><![CDATA[2]]></nivel>
      <tipo><![CDATA[M]]></tipo>
      <imagen><![CDATA[MA_11_05_CO_REC140_IMG05n.png]]></imagen>
      <ampliacion><![CDATA[MA_11_05_CO_REC140_IMG05a.png]]></ampliacion>
      <texto/>
    </pregunta>
    <pregunta>
      <enunciado><![CDATA[Gabriel ha afirmado que el área bajo la curva de una función nunca puede ser cero, porque las áreas siempre son valores positivos. ¿Qué puedes decir respecto a la veracidad de lo propuesto por Gabriel?]]></enunciado>
      <explicacion><![CDATA[El área bajo la curva conserva los signos de los puntos asociados en el plano.]]></explicacion>
      <nivel><![CDATA[1]]></nivel>
      <tipo><![CDATA[M]]></tipo>
      <imagen/>
      <ampliacion/>
      <texto><![CDATA[Calcula la integral de una función impar, como {{cur}}f{{normal}}({{cur}}x{{normal}}) = tan ({{cur}}x{{normal}}).]]></texto>
    </pregunta>
    <pregunta>
      <enunciado><![CDATA[¿Qué problemas pueden aparecer para realizar el área bajo la curva de funciones en intervalos de discontinuidad o de saltos?]]></enunciado>
      <explicacion><![CDATA[El área bajo la curva está completamente definida para funciones continuas en intervalos abiertos.]]></explicacion>
      <nivel><![CDATA[2]]></nivel>
      <tipo><![CDATA[M]]></tipo>
      <imagen><![CDATA[MA_11_05_CO_REC140_IMG06n.png]]></imagen>
      <ampliacion><![CDATA[MA_11_05_CO_REC140_IMG06a.png]]></ampliacion>
      <texto/>
    </pregunta>
    <pregunta>
      <enunciado><![CDATA[Explica qué es la primitiva o antiderivada de una función y qué relación guardan entre ellas.]]></enunciado>
      <explicacion><![CDATA[La primitiva o antiderivada se requiere en el cálculo de integrales usando la regla de Barrow, en sus condiciones de aplicabilidad.]]></explicacion>
      <nivel><![CDATA[1]]></nivel>
      <tipo><![CDATA[M]]></tipo>
      <imagen><![CDATA[MA_11_05_CO_REC170_IMG01n.png]]></imagen>
      <ampliacion><![CDATA[MA_11_05_CO_REC170_IMG01a.png]]></ampliacion>
      <texto/>
    </pregunta>
    <pregunta>
      <enunciado><![CDATA[Un estudiante de grado 11 quiere explicar a un compañero de clase el teorema fundamental del cálculo; ¿cuál puede ser la explicación dada?]]></enunciado>
      <explicacion><![CDATA[El teorema fundamental del cálculo expresa la principal relación de inversión entre derivadas e integrales.]]></explicacion>
      <nivel><![CDATA[1]]></nivel>
      <tipo><![CDATA[M]]></tipo>
      <imagen><![CDATA[MA_11_05_CO_REC170_IMG02n.png]]></imagen>
      <ampliacion><![CDATA[MA_11_05_CO_REC170_IMG02a.png]]></ampliacion>
      <texto/>
    </pregunta>
    <pregunta>
      <enunciado><![CDATA[Para la aplicación de la regla de Barrow, además de que exista la primitiva de la función a integrar, ¿qué otras condiciones se requieren?]]></enunciado>
      <explicacion><![CDATA[No siempre puede realizarse el cálculo de la integral aplicando la regla de Barrow, aun cuando exista la función primitiva.]]></explicacion>
      <nivel><![CDATA[2]]></nivel>
      <tipo><![CDATA[M]]></tipo>
      <imagen/>
      <ampliacion/>
      <texto/>
    </pregunta>
    <pregunta>
      <enunciado><![CDATA[Si una función es la derivada de otra, ¿qué representa el área bajo la curva de dicha función?]]></enunciado>
      <explicacion><![CDATA[Aplicación del TFC.]]></explicacion>
      <nivel><![CDATA[2]]></nivel>
      <tipo><![CDATA[M]]></tipo>
      <imagen><![CDATA[MA_11_05_CO_REC170_IMG03n.png]]></imagen>
      <ampliacion><![CDATA[MA_11_05_CO_REC170_IMG03a.png]]></ampliacion>
      <texto/>
    </pregunta>
    <pregunta>
      <enunciado><![CDATA[Un estudiante afirma que para calcular la integral de una función periódica en varios períodos completos, puede hacerse alguna operación de repetición sobre el cálculo de la integral en un período. ¿La afirmación es verdadera? ¿Por qué?]]></enunciado>
      <explicacion/>
      <nivel><![CDATA[2]]></nivel>
      <tipo/>
      <imagen><![CDATA[MA_11_05_CO_REC170_IMG04n.png]]></imagen>
      <ampliacion><![CDATA[MA_11_05_CO_REC170_IMG04a.png]]></ampliacion>
      <texto/>
    </pregunta>
    <pregunta>
      <enunciado><![CDATA[La integral de una función par, ¿satisface alguna propiedad particular? ]]></enunciado>
      <explicacion><![CDATA[Alrededor del eje de simetría de las funciones pares se pueden simplificar algunos cálculos.]]></explicacion>
      <nivel><![CDATA[2]]></nivel>
      <tipo><![CDATA[M]]></tipo>
      <imagen><![CDATA[MA_11_05_CO_REC170_IMG05n.png]]></imagen>
      <ampliacion><![CDATA[MA_11_05_CO_REC170_IMG05a.png]]></ampliacion>
      <texto/>
    </pregunta>
    <pregunta>
      <enunciado><![CDATA[Describe una propiedad que satisface la integral de una función impar.]]></enunciado>
      <explicacion><![CDATA[Alrededor del eje de antisimetría de las funciones impares se pueden simplificar algunos cálculos.]]></explicacion>
      <nivel><![CDATA[2]]></nivel>
      <tipo><![CDATA[M]]></tipo>
      <imagen><![CDATA[MA_11_05_CO_REC170_IMG06n.png]]></imagen>
      <ampliacion><![CDATA[MA_11_05_CO_REC170_IMG06a.png]]></ampliacion>
      <texto/>
    </pregunta>
    <pregunta>
      <enunciado><![CDATA[¿Qué relación guardan el cálculo de la razón de cambio instantánea en la velocidad de una partícula con su aceleración y desplazamiento?]]></enunciado>
      <explicacion><![CDATA[Las funciones de desplazamiento, velocidad y aceleración son unas derivadas o integrales de primero o segundo orden de las otras.]]></explicacion>
      <nivel><![CDATA[3]]></nivel>
      <tipo><![CDATA[L]]></tipo>
      <imagen/>
      <ampliacion/>
      <texto/>
    </pregunta>
    <pregunta>
      <enunciado><![CDATA[Si se integra la velocidad de movimiento de una partícula entre dos tiempos determinados, ¿a qué corresponde el resultado respecto al movimiento de la partícula?]]></enunciado>
      <explicacion><![CDATA[Las funciones de desplazamiento, velocidad y aceleración son unas derivadas o integrales de primero o segundo orden de las otras.]]></explicacion>
      <nivel><![CDATA[3]]></nivel>
      <tipo><![CDATA[L]]></tipo>
      <imagen/>
      <ampliacion/>
      <texto/>
    </pregunta>
    <pregunta>
      <enunciado><![CDATA[Si se conoce la función de aceleración de una partícula en unos tiempos determinados, ¿qué cálculos deben realizarse para estimar su desplazamiento y velocidad en los mismos tiempos?]]></enunciado>
      <explicacion><![CDATA[Las funciones de desplazamiento, velocidad y aceleración son unas derivadas o integrales de primero o segundo orden de las otras.]]></explicacion>
      <nivel><![CDATA[3]]></nivel>
      <tipo><![CDATA[L]]></tipo>
      <imagen/>
      <ampliacion/>
      <texto/>
    </pregunta>
    <pregunta>
      <enunciado><![CDATA[El área de un círculo de radio {{cur}}r{{normal}} es{{cur}} A{{normal}} = π{{cur}}r{{normal}}{{sup}}2{{normal}}. ¿Qué función debe ser integrada para comprobar dicho cálculo usando integrales?]]></enunciado>
      <explicacion><![CDATA[Puede integrarse una función de la mitad de círculo y multiplicar por dos para encontrar el área del círculo.]]></explicacion>
      <nivel><![CDATA[1]]></nivel>
      <tipo><![CDATA[M]]></tipo>
      <imagen><![CDATA[MA_11_05_CO_REC200_IMG01n.png]]></imagen>
      <ampliacion><![CDATA[MA_11_05_CO_REC200_IMG01a.png]]></ampliacion>
      <texto/>
    </pregunta>
    <pregunta>
      <enunciado><![CDATA[¿Cuál es la primitiva de la función área {{cur}}A{{normal}} = π{{cur}}r{{normal}}{{sup}}2{{normal}} de un círculo?]]></enunciado>
      <explicacion><![CDATA[Se puede integrar y derivar la función área, tomando como variable independiente {{cur}}r{{normal}}.]]></explicacion>
      <nivel><![CDATA[2]]></nivel>
      <tipo><![CDATA[M]]></tipo>
      <imagen><![CDATA[MA_11_05_CO_REC200_IMG01n.png]]></imagen>
      <ampliacion><![CDATA[MA_11_05_CO_REC200_IMG01a.png]]></ampliacion>
      <texto/>
    </pregunta>
    <pregunta>
      <enunciado><![CDATA[¿Cuál es la primitiva de la función perímetro {{cur}}P{{normal}} = 2 π{{cur}}r{{normal}} de una circunferencia?]]></enunciado>
      <explicacion><![CDATA[Se puede integrar y derivar la función perímetro, tomando como variable independiente {{cur}}r{{normal}}.]]></explicacion>
      <nivel><![CDATA[2]]></nivel>
      <tipo><![CDATA[M]]></tipo>
      <imagen><![CDATA[MA_11_05_REC2000_IMG0n.png]]></imagen>
      <ampliacion><![CDATA[MA_11_05_REC2000_IMG0a.png]]></ampliacion>
      <texto/>
    </pregunta>
    <pregunta>
      <enunciado><![CDATA[¿Qué problema tiene expresar un círculo de la forma {{cur}}x{{normal}}{{sup}}2{{normal}} + {{cur}}y{{normal}}{{sup}}2{{normal}} = {{cur}}r{{normal}}{{sup}}2{{normal}} para hacer el cálculo del área del círculo por integración?]]></enunciado>
      <explicacion/>
      <nivel><![CDATA[2]]></nivel>
      <tipo/>
      <imagen><![CDATA[MA_11_05_CO_REC200_IMG03n.png]]></imagen>
      <ampliacion><![CDATA[MA_11_05_CO_REC200_IMG03a.png]]></ampliacion>
      <texto/>
    </pregunta>
    <pregunta>
      <enunciado><![CDATA[¿Es posible usar la integración para corroborar que el volumen de una esfera de radio {{cur}}r{{normal}} es {{cur}}V{{normal}} = 4/3 π{{cur}}r{{normal}}{{sup}}3{{normal}}? ¿Por qué?]]></enunciado>
      <explicacion><![CDATA[Se pueden usar integrales para encontrar las medidas de la superficie de un sólido.]]></explicacion>
      <nivel><![CDATA[3]]></nivel>
      <tipo><![CDATA[M]]></tipo>
      <imagen><![CDATA[MA_11_05_CO_REC200_IMG04n.png]]></imagen>
      <ampliacion><![CDATA[MA_11_05_CO_REC200_IMG04a.png]]></ampliacion>
      <texto/>
    </pregunta>
    <pregunta>
      <enunciado><![CDATA[El área de una elipse con longitudes de los ejes {{cur}}r{{normal}} y {{cur}}R{{normal}} para el eje menor y el eje mayor, respectivamente, es {{cur}}A{{normal}} = π {{cur}}r R{{normal}}. ¿Qué función ha de ser integrada para corroborar ese cálculo usando integrales?]]></enunciado>
      <explicacion><![CDATA[Puede integrarse una función de la mitad de la elipse y multiplicar por dos para encontrar el área de la elipse.]]></explicacion>
      <nivel><![CDATA[2]]></nivel>
      <tipo><![CDATA[M]]></tipo>
      <imagen><![CDATA[MA_11_05_CO_REC200_IMG05n.png]]></imagen>
      <ampliacion><![CDATA[MA_11_05_CO_REC200_IMG05a.png]]></ampliacion>
      <texto/>
    </pregunta>
    <pregunta>
      <enunciado><![CDATA[¿Cuál es la primitiva de la función área {{cur}}A{{normal}} = π {{cur}}r R{{normal}} del interior de una elipse?]]></enunciado>
      <explicacion/>
      <nivel><![CDATA[3]]></nivel>
      <tipo/>
      <imagen><![CDATA[MA_11_05_CO_REC200_IMG05n.png]]></imagen>
      <ampliacion><![CDATA[MA_11_05_CO_REC200_IMG05a.png]]></ampliacion>
      <texto/>
    </pregunta>
    <pregunta>
      <enunciado><![CDATA[¿Cuál es la primitiva de la función perímetro {{cur}}P{{normal}} = 2 π √({{cur}}r{{sup}}2{{normal}} + {{cur}}R{{sup}}2{{normal}})/2 de una elipse?]]></enunciado>
      <explicacion><![CDATA[Se puede integrar y derivar la función perímetro, tomando como variable independiente {{cur}}r{{normal}}.]]></explicacion>
      <nivel><![CDATA[3]]></nivel>
      <tipo><![CDATA[M]]></tipo>
      <imagen><![CDATA[MA_11_05_CO_REC200_IMG05n.png]]></imagen>
      <ampliacion><![CDATA[MA_11_05_CO_REC200_IMG05a.png]]></ampliacion>
      <texto/>
    </pregunta>
    <pregunta>
      <enunciado><![CDATA[¿Qué problema tiene expresar una elipse de la forma {{cur}}x{{normal}}{{sup}}2{{normal}}/{{cur}}r{{normal}}{{sup}}2{{normal}} + {{cur}}y{{normal}}{{sup}}2{{normal}}/{{cur}}R{{normal}}{{sup}}2{{normal}} = 1 para hacer el cálculo del área de la elipse por integración?]]></enunciado>
      <explicacion><![CDATA[No todas las expresiones matemáticas son funciones.]]></explicacion>
      <nivel><![CDATA[2]]></nivel>
      <tipo><![CDATA[M]]></tipo>
      <imagen><![CDATA[MA_11_05_CO_REC200_IMG07n.png]]></imagen>
      <ampliacion><![CDATA[MA_11_05_CO_REC200_IMG07a.png]]></ampliacion>
      <texto/>
    </pregunta>
    <pregunta>
      <enunciado><![CDATA[¿Es posible usar la integración para corroborar que el volumen de un elipsoide de ejes {{cur}}r{{normal}}, {{cur}}R{{normal}} y {{cur}}ϒ{{normal}} es {{cur}}V {{normal}}= 4/3 π {{cur}}rRϒ{{normal}}?]]></enunciado>
      <explicacion><![CDATA[Se pueden usar integrales para encontrar las medidas de la superficie de un sólido.]]></explicacion>
      <nivel><![CDATA[3]]></nivel>
      <tipo><![CDATA[M]]></tipo>
      <imagen><![CDATA[MA_11_05_CO_REC200_IMG08n.png]]></imagen>
      <ampliacion><![CDATA[MA_11_05_CO_REC200_IMG08a.png]]></ampliacion>
      <texto/>
    </pregunta>
  </preguntas>
</motor>