﻿<?xml version="1.0" encoding="UTF-8"?>
<motor tipo="7" clase="a" aprid="m7a">
  <plataforma>
    <grado><![CDATA[2]]></grado>
    <titulo>Practica la conversión de una fracción a número decimal</titulo>
    <area>0</area>
    <nivel>2</nivel>
    <referencia />
    <idreg><![CDATA[0]]></idreg>
    <motor><![CDATA[M7A]]></motor>
    <lang>es</lang>
  </plataforma>
  <enunciado><![CDATA[Calcula el área {{cur}}A{{normal}} de cada figura. Luego, exprésala como un número decimal.]]></enunciado>
  <masinfo inicio="0"><![CDATA[Si lo consideras necesario, verifica tus repuestas usando la calculadora.]]></masinfo>
  <sinaleatoriedad><![CDATA[0]]></sinaleatoriedad>
  <calc><![CDATA[1]]></calc>
  <respuestaunica><![CDATA[0]]></respuestaunica>
  <test cantidad="5">
    <cuestion>
      <enunciado><![CDATA[Ten en cuenta el valor de la base ({{cur}}a{{normal}}) y la altura ({{cur}}b{{normal}}). Luego, calcula el área del rectángulo multiplicando la medida de la base por la medida de la altura.
]]></enunciado>
      <imagen><![CDATA[MA_09_01_REC20_IMG_01n.png]]></imagen>
      <ampliacion><![CDATA[MA_09_01_REC20_IMG_01a.png]]></ampliacion>
      <respuestas>
        <respuesta ruta="MA_09_01_C0_REC02_1_F01.png" ampliacion="" correcta="1" />
        <respuesta ruta="MA_09_01_C0_REC02_1_F02.png" ampliacion="" correcta="0" />
        <respuesta ruta="MA_09_01_C0_REC02_1_F03.png" ampliacion="" correcta="0" />
        <respuesta ruta="MA_09_01_C0_REC02_1_F04.png" ampliacion="" correcta="0" />
      </respuestas>
    </cuestion>
    <cuestion>
      <enunciado><![CDATA[Ten en cuenta el valor del lado ({{cur}}a{{normal}}). Luego, calcula el área del cuadrado elevando al cuadrado la medida del lado.]]></enunciado>
      <imagen><![CDATA[MA_09_01_REC20_IMG_02n.png]]></imagen>
      <ampliacion><![CDATA[MA_09_01_REC20_IMG_02a.png]]></ampliacion>
      <respuestas>
        <respuesta ruta="MA_09_01_C0_REC02_1_F05.png" ampliacion="" correcta="1" />
        <respuesta ruta="MA_09_01_C0_REC02_1_F06.png" ampliacion="" correcta="0" />
        <respuesta ruta="MA_09_01_C0_REC02_1_F07.png" ampliacion="" correcta="0" />
        <respuesta ruta="MA_09_01_C0_REC02_1_F08.png" ampliacion="" correcta="0" />
      </respuestas>
    </cuestion>
    <cuestion>
      <enunciado><![CDATA[Ten en cuenta el valor de la base ({{cur}}a{{normal}}) y la altura ({{cur}}b{{normal}}). Luego, calcula el área del rectángulo multiplicando la medida de la base por la medida de la altura.

]]></enunciado>
      <imagen><![CDATA[MA_09_01_REC20_IMG_03n.png]]></imagen>
      <ampliacion><![CDATA[MA_09_01_REC20_IMG_03a.png]]></ampliacion>
      <respuestas>
        <respuesta ruta="MA_09_01_C0_REC02_1_F09.png" ampliacion="" correcta="1" />
        <respuesta ruta="MA_09_01_C0_REC02_1_F10.png" ampliacion="" correcta="0" />
        <respuesta ruta="MA_09_01_C0_REC02_1_F11.png" ampliacion="" correcta="0" />
        <respuesta ruta="MA_09_01_C0_REC02_1_F12.png" ampliacion="" correcta="0" />
      </respuestas>
    </cuestion>
    <cuestion>
      <enunciado><![CDATA[Ten en cuenta el valor de la base ({{cur}}a{{normal}}) y la altura ({{cur}}h{{normal}}). Luego, calcula el área del triángulo dividiendo entre 2 el producto entre las medidas de la base y la altura.
]]></enunciado>
      <imagen><![CDATA[MA_09_01_REC20_IMG_04n.png]]></imagen>
      <ampliacion><![CDATA[MA_09_01_REC20_IMG_04a.png]]></ampliacion>
      <respuestas>
        <respuesta ruta="MA_09_01_C0_REC02_1_F13.png" ampliacion="" correcta="1" />
        <respuesta ruta="MA_09_01_C0_REC02_1_F14.png" ampliacion="" correcta="0" />
        <respuesta ruta="MA_09_01_C0_REC02_1_F12.png" ampliacion="" correcta="0" />
        <respuesta ruta="MA_09_01_C0_REC02_1F16.png" ampliacion="" correcta="0" />
      </respuestas>
    </cuestion>
    <cuestion>
      <enunciado><![CDATA[Ten en cuenta el valor de la base ({{cur}}a{{normal}}) y la altura ({{cur}}h{{normal}}). Luego, calcula el área del triángulo dividiendo entre 2 el producto entre las medidas de la base y la altura.
]]></enunciado>
      <imagen><![CDATA[MA_09_01_REC20_IMG_05n.png]]></imagen>
      <ampliacion><![CDATA[MA_09_01_REC20_IMG_05a.png]]></ampliacion>
      <respuestas>
        <respuesta ruta="MA_09_01_C0_REC02_1_F17.png" ampliacion="" correcta="1" />
        <respuesta ruta="MA_09_01_C0_REC02_1_F18.png" ampliacion="" correcta="0" />
        <respuesta ruta="MA_09_01_C0_REC02_1_F19.png" ampliacion="" correcta="0" />
        <respuesta ruta="MA_09_01_C0_REC02_1_F20.png" ampliacion="" correcta="0" />
      </respuestas>
    </cuestion>
  </test>
  <temps>15</temps>
</motor>