﻿<?xml version="1.0" encoding="utf-8"?><motor tipo="101" clase="a" aprid="m101a">
  <plataforma>
    <grado>2</grado>
    <titulo>Refuerza tu aprendizaje: Los sucesos</titulo>
    <volumen/>
    <nivel><![CDATA[1]]></nivel>
    <referencia/>
    <motor/>
    <lang>es</lang>
  </plataforma>
  <enunciado><![CDATA[Realiza las siguientes actividades. Cuando termines, haz clic en Enviar. Si es necesario, entrega las respuestas a mano o envíalas por e-mail a tu profesor para que pueda validarlas.]]></enunciado>
  <masinfo inicio="0"/>
  <calc><![CDATA[0]]></calc>
  <preguntas cantidad="5">
    <pregunta>
      <enunciado><![CDATA[Escribe tres experimentos aleatorios diferentes en los que el espacio muestral de cada uno contenga el suceso: "obtener una pelota roja y una verde".]]></enunciado>
      <explicacion/>
      <nivel><![CDATA[2]]></nivel>
      <tipo/>
      <imagen/>
      <ampliacion/>
      <texto/>
    </pregunta>
    <pregunta>
      <enunciado><![CDATA[Si un experimento aleatorio consiste en extraer una bola de una bolsa que contiene las bolas que se muestran en la imagen, determina cuatro posibles eventos.]]></enunciado>
      <explicacion/>
      <nivel><![CDATA[2]]></nivel>
      <tipo/>
      <imagen><![CDATA[MA_07_14_REC190_IMG01n.png]]></imagen>
      <ampliacion><![CDATA[MA_07_14_REC190_IMG01a.png]]></ampliacion>
      <texto/>
    </pregunta>
    <pregunta>
      <enunciado><![CDATA["La suma de dos números enteros positivos es dos", ¿es un suceso probabilístico? Explica.]]></enunciado>
      <explicacion/>
      <nivel><![CDATA[2]]></nivel>
      <tipo/>
      <imagen/>
      <ampliacion/>
      <texto/>
    </pregunta>
    <pregunta>
      <enunciado><![CDATA[Si Carlos compra tres boletos de lotería con diferentes números, ¿qué representan en probabilidad cada uno de los números escogidos por Carlos? Explica.]]></enunciado>
      <explicacion/>
      <nivel><![CDATA[2]]></nivel>
      <tipo/>
      <imagen/>
      <ampliacion/>
      <texto/>
    </pregunta>
    <pregunta>
      <enunciado><![CDATA[Identifica si cada afirmación es verdadera o falsa. Explica.]]></enunciado>
      <explicacion/>
      <nivel><![CDATA[3]]></nivel>
      <tipo><![CDATA[M]]></tipo>
      <imagen/>
      <ampliacion/>
      <texto><![CDATA[- Un suceso puede ser un espacio muestral.- Hay sucesos que no pueden existir en un espacio muestral.- Un espacio muestral puede tener exactamente cinco sucesos.]]></texto>
    </pregunta>
  </preguntas>
</motor>