<?xml version="1.0" encoding="iso-8859-1"?>
<metadata xmlns="urn:InfoRecurso">
  <identificador>RES-0651F2B68426431EB67D5934C450DA4A</identificador>
  <loid>MA_07_14_CO_Recurso110</loid>
  <titulo>Refuerza tu aprendizaje: Las tablas de frecuencia</titulo>
  <descripcion>Actividades sobre Las tablas de frecuencia</descripcion>
  <relacionado>0</relacionado>
  <tiporecurso>Recurso sin ficha</tiporecurso>
  <tiempoestimado>60</tiempoestimado>
  <acciondidactica>Ejercitaci�n</acciondidactica>
  <competencia>Competencia matem�tica</competencia>
  <tipomedia pesado="false" matricula="">Actividad</tipomedia>
  <conceptos>
    <concepto>frecuencia absoluta</concepto>
    <concepto>frecuencia acumulada</concepto>
    <concepto>frecuencia relativa</concepto>
    <concepto>porcentaje</concepto>
    <concepto>tablas de frecuencia</concepto>
    <concepto>variables</concepto>
  </conceptos>
  <autonomico>0</autonomico>
</metadata>