﻿<?xml version="1.0" encoding="utf-8"?><engine copy="Editorial Planeta" version="1" aprid="f8">
<main title="Las gráficas estadísticas" bkColor="#FFFFFF" titleColor="#000000" theme="black" buttonsWidth="220" buttonsHeight="42" trans="">
<default>
<img path="" x="300" y="100" width="" height=""/>
</default><buttons>
<button title="&lt;font size=2&gt;Tabla de datos&lt;/font&gt;">
<img path="MA_07_14_REC120_IMG02.jpg" x="" y="" width="670" height="467" anim=""/>
</button>
<button title="&lt;font size=2&gt;Pictograma&lt;/font&gt;">
<img path="MA_07_14_REC120_IMG03.jpg" x="" y="" width="670" height="467" anim=""/>
</button>
<button title="&lt;font size=2&gt;Diagrama de barras&lt;/font&gt;">
<img path="MA_07_14_REC120_IMG04.jpg" x="" y="" width="670" height="467" anim=""/>
</button>
<button title="&lt;font size=2&gt;Polígono de frecuencia&lt;/font&gt;">
<img path="MA_07_14_REC120_IMG05.jpg" x="" y="" width="670" height="467" anim=""/>
</button>
<button title="&lt;font size=2&gt;Diagrama circular&lt;/font&gt;">
<img path="MA_07_14_REC120_IMG06.jpg" x="" y="" width="670" height="467" anim=""/>
</button>
</buttons>
</main>
<practica actividad="" boton="&lt;font size=2&gt;Conclusiones&lt;/font&gt;" boton2="">
<pantalla1><![CDATA[<p>Los histogramas permiten comparar de forma gr&aacute;fica, magnitudes estad&iacute;sticas o la variaci&oacute;n de estas en el tiempo.</p>

<p>Los diagramas de barras y pol&iacute;gonos de frecuencia muestran expl&iacute;citamente la frecuencia absoluta de cada valor. Estos resultan &uacute;tiles, particularmente, para ver el comportamiento de variables aleatorias en el tiempo.</p>

<p>Los diagramas circulares representan las frecuencias relativas de cada dato. Estos diagramas resultan &uacute;tiles si se quiere comparar las frecuencias particulares dentro de la totalidad de los datos.</p>

<p>En cualquiera de las gr&aacute;ficas estad&iacute;sticas para un conjunto de datos se representa la misma informaci&oacute;n, pero la forma en que se representa var&iacute;a en cada caso.</p>
]]></pantalla1>
</practica></engine>