﻿<?xml version="1.0" encoding="utf-8"?><motor tipo="5" clase="a" aprid="m5a"><plataforma><grado><![CDATA[2]]></grado><titulo>Identifica población, muestra y variables</titulo><area>0</area><nivel>2</nivel><referencia /><idreg><![CDATA[0]]></idreg><motor><![CDATA[M5A]]></motor><lang>es</lang></plataforma><enunciado><![CDATA[Determina la población, muestra o variable de acuerdo con la situación.]]></enunciado><masinfo inicio="0" /><sinaleatoriedad><![CDATA[0]]></sinaleatoriedad><calc><![CDATA[0]]></calc><respuestaunica><![CDATA[0]]></respuestaunica><test cantidad="6"><cuestion><enunciado><![CDATA[La secretaría de salud quiere saber cuántas personas mayores de edad fuman en la ciudad. Para ello decide hacer una encuesta a 1200 personas.]]></enunciado><explicacion /><imagen><![CDATA[MA_07_14_REC20_IMG01n.png]]></imagen><ampliacion><![CDATA[MA_07_14_REC20_IMG01a.png]]></ampliacion><respuestas><respuesta contestacion="Población: habitantes adultos; muestra: 1200 encuestados. " correcta="1" /><respuesta contestacion="Población: 1200 habitantes; muestra: fumadores." correcta="0" /><respuesta contestacion="Población: habitantes; muestra: fumadores." correcta="0" /><respuesta contestacion="Población: no hay; muestra:1200 habitantes. " correcta="0" /></respuestas></cuestion><cuestion><enunciado><![CDATA[En un estudio estadístico se obtuvo la información que se muestra en la imagen; determina la muestra y variable en este caso.]]></enunciado><explicacion /><imagen><![CDATA[MA_07_14_REC20_IMG02n.png]]></imagen><ampliacion><![CDATA[MA_07_14_REC20_IMG02a.png]]></ampliacion><respuestas><respuesta contestacion="Muestra: 182 personas; variable: estado civil." correcta="1" /><respuesta contestacion="Muestra: estado civil; variable: 182 personas." correcta="0" /><respuesta contestacion="Muestra: personas casadas; variable: estado civil." correcta="0" /><respuesta contestacion="Muestra: 182 personas; variable: soltero." correcta="0" /></respuestas></cuestion><cuestion><enunciado><![CDATA[Se quiere determinar qué talla es la más comprada por los clientes en una tienda de zapatos. Determina la población y variable.]]></enunciado><explicacion /><imagen><![CDATA[MA_07_14_REC20_IMG03n.png]]></imagen><ampliacion><![CDATA[MA_07_14_REC20_IMG03a.png]]></ampliacion><respuestas><respuesta contestacion="Población: zapatos vendidos; variable: talla." correcta="1" /><respuesta contestacion="Población: clientes; variable: talla." correcta="0" /><respuesta contestacion="Población: zapatos; variable: clientes." correcta="0" /><respuesta contestacion="Población: clientes; variable: no hay." correcta="0" /></respuestas></cuestion><cuestion><enunciado><![CDATA[Para estudiar las materias que más gustan a los estudiantes de un colegio se realiza una consulta a 850 estudiantes. Selecciona las relaciones correctas para este estudio.]]></enunciado><explicacion /><imagen><![CDATA[MA_07_14_REC20_IMG04n.png]]></imagen><ampliacion><![CDATA[MA_07_14_REC20_IMG04a.png]]></ampliacion><respuestas><respuesta contestacion="Muestra: 850 estudiantes; variable: materias predilectas." correcta="1" /><respuesta contestacion="Población: 850 estudiantes; muestra: no hay." correcta="0" /><respuesta contestacion="Muestra: materias; variable: 850 estudiantes." correcta="0" /><respuesta contestacion="Población: estudiantes del colegio; muestra: materias." correcta="0" /></respuestas></cuestion><cuestion><enunciado><![CDATA[En un almacén se obiene la información que se muestra en la tabla con relación a la forma de pago de sus clientes. Determina la muestra y variable.]]></enunciado><explicacion /><imagen><![CDATA[MA_07_14_REC20_IMG05n.png]]></imagen><ampliacion><![CDATA[MA_07_14_REC20_IMG05a.png]]></ampliacion><respuestas><respuesta contestacion="Muestra: 135 clientes, variable: forma de pago." correcta="1" /><respuesta contestacion="Muestra: no hay; variable: forma de pago." correcta="0" /><respuesta contestacion="Muestra: 135 clientes; variable: cheque." correcta="0" /><respuesta contestacion="Muestra: 135 clientes; variable: no hay." correcta="0" /></respuestas></cuestion><cuestion><enunciado><![CDATA[Las longitudes de las algas marinas se analizan a través de las siguientes mediciones en centímetros. Selecciona las relaciones correctas para este estudio.]]></enunciado><explicacion /><imagen><![CDATA[MA_07_14_REC20_IMG06n.png]]></imagen><ampliacion><![CDATA[MA_07_14_REC20_IMG06a.png]]></ampliacion><respuestas><respuesta contestacion="Población: algas marinas; variable: longitud." correcta="1" /><respuesta contestacion="Muestra: no hay; variable: nueve algas marinas." correcta="0" /><respuesta contestacion="Población: nueve algas marinas; muestra: algas marinas." correcta="0" /><respuesta contestacion="Muestra: nueve algas; variable: no hay." correcta="0" /></respuestas></cuestion></test></motor>