﻿<?xml version="1.0" encoding="utf-8"?><engine copy="Editorial Planeta" version="1" aprid="f10b">
<main mode="f10b" title="La terminología estadística">
<tf><![CDATA[<p><span style="font-size:18px"><span style="font-family:verdana,geneva,sans-serif"><strong>&iquest;Qu&eacute; es la estad&iacute;stica?</strong></span></span></p>

<p><span style="font-size:18px"><span style="font-family:verdana,geneva,sans-serif">La estad&iacute;stica es la ciencia que analiza e interpreta datos num&eacute;ricos a partir de la recolecci&oacute;n y clasificaci&oacute;n de estos. El an&aacute;lisis de datos estad&iacute;sticos es usado en medicina, ciencias sociales, econom&iacute;a, estudios de poblaciones, gen&eacute;tica, sicolog&iacute;a, entre otras disciplinas.</span></span></p>

<p><span style="font-size:18px"><span style="font-family:verdana,geneva,sans-serif">Los conceptos b&aacute;sicos de la estad&iacute;stica son: la poblaci&oacute;n, la muestra y las variables.</span></span></p>
]]></tf>
</main>
<presentation title="La población" title2="La población" buttons="false" bkclass="slideLexico">
	<definition>
		<title>La población</title>
		<def><![CDATA[<p><strong><span style="color:#FF8C00"><span style="font-size:20px">Comprende</span></span></strong></p>

<p><span style="font-size:18px"><span style="font-family:verdana,geneva,sans-serif">La <strong>poblaci&oacute;n</strong> es el conjunto de elementos que van a ser analizados estad&iacute;sticamente a partir de sus propiedades. La poblaci&oacute;n puede ser un conjunto de individuos, objetos o datos.</span></span></p>
]]></def>
	</definition>
	<definition>
		<title>Ejemplo</title>
		<def><![CDATA[<p><strong><span style="color:#FF8C00"><span style="font-size:20px">Comprende</span></span></strong></p>

<p><span style="font-size:18px"><span style="font-family:verdana,geneva,sans-serif">En cada uno de los siguientes estudios se identifica la poblaci&oacute;n correspondiente:</span></span></p>

<table border="1" cellpadding="1" cellspacing="1" style="height:167px; width:669px">
	<tbody>
		<tr>
			<td style="text-align:center"><span style="font-size:18px"><span style="font-family:verdana,geneva,sans-serif"><strong>Estudio</strong></span></span></td>
			<td style="text-align:center"><span style="font-size:18px"><span style="font-family:verdana,geneva,sans-serif"><strong>Poblaci&oacute;n</strong></span></span></td>
		</tr>
		<tr>
			<td><span style="font-size:18px"><span style="font-family:verdana,geneva,sans-serif">Los gustos musicales de estudiantes de matem&aacute;ticas de primer semestre de universidades bogotanas.</span></span></td>
			<td><span style="font-size:18px"><span style="font-family:verdana,geneva,sans-serif">Los estudiantes de primer semestre de matem&aacute;ticas en Bogot&aacute;.</span></span></td>
		</tr>
		<tr>
			<td><span style="font-size:18px"><span style="font-family:verdana,geneva,sans-serif">Determinar las causas que llevan a que un tel&eacute;fono celular de la empresa A tenga una falla t&eacute;cnica dentro de los seis primeros meses de uso.</span></span></td>
			<td><span style="font-size:18px"><span style="font-family:verdana,geneva,sans-serif">Tel&eacute;fonos de la empresa A que presenten fallas t&eacute;cnicas.</span></span></td>
		</tr>
	</tbody>
</table>
]]></def>
	</definition>
</presentation>
<presentation title="La muestra" title2="La muestra" buttons="false" bkclass="slideLexico">
	<definition>
		<title>La muestra</title>
		<def><![CDATA[<p style="text-align:justify"><span style="font-size:18px"><span style="font-family:verdana,geneva,sans-serif">Cuando la poblaci&oacute;n de un estudio estad&iacute;stico es muy grande, es &uacute;til tomar solo una parte de esta para realizar el an&aacute;lisis sobre la totalidad; esta parte (un subconjunto) de la poblaci&oacute;n que la representa es denominada <strong>muestra</strong>.</span></span></p>

<p style="text-align:justify"><span style="font-size:18px"><span style="font-family:verdana,geneva,sans-serif">La muestra debe representar a la poblaci&oacute;n, en general, la selecci&oacute;n de los elementos de la muestra se hace de forma aleatoria.</span></span></p>
]]></def>
	</definition>
	<definition>
		<title>Ejemplos</title>
		<def><![CDATA[<p><span style="font-size:18px"><span style="font-family:verdana,geneva,sans-serif">Para saber el n&uacute;mero promedio de&nbsp;veces que cada estudiante de un colegio asiste a control m&eacute;dico en el a&ntilde;o, se realiza una encuesta a 200 estudiantes de los 1000 que hacen parte de la instituci&oacute;n. En esta situaci&oacute;n, la&nbsp;<strong>poblaci&oacute;n&nbsp;</strong>corresponde a los 1000 estudiantes del colegio y la <strong>muestra&nbsp;</strong>a los 200 estudiantes seleccionados.</span></span></p>

<p><span style="font-size:18px"><span style="font-family:verdana,geneva,sans-serif"><strong>Nota:</strong> se debe observar que siempre la muestra es un subconjunto de la poblaci&oacute;n.</span></span></p>
]]></def>
	</definition>
</presentation>
<presentation title="Las variables estadísticas" title2="Las variables estadísticas" buttons="true" bkclass="slideInvestiga">
	<definition>
		<title>Las variables estadísticas</title>
		<def><![CDATA[<p><span style="font-size:18px"><span style="font-family:verdana,geneva,sans-serif">Una variable estad&iacute;stica es una caracter&iacute;stica de los individuos de una muestra, o de una poblaci&oacute;n, que va a ser analizada.</span></span></p>

<p><span style="font-size:18px"><span style="font-family:verdana,geneva,sans-serif">Dependiendo de su naturaleza, las variables&nbsp;pueden ser: cuantitativas o cualitativas.</span></span></p>
]]></def>
	</definition>
	<definition>
		<title>Cualitativas</title>
		<def><![CDATA[<p><span style="font-family:verdana,geneva,sans-serif"><span style="font-size:18px">Las <strong>variables cualitativas</strong> describen elementos de una muestra o poblaci&oacute;n a trav&eacute;s de&nbsp;atributos o caracter&iacute;sticas. </span></span></p>

<p><span style="font-family:verdana,geneva,sans-serif"><span style="font-size:18px">Algunos ejemplos de variables cualitativas son:</span></span></p>

<ul>
	<li><span style="font-family:verdana,geneva,sans-serif"><span style="font-size:18px">Etnia</span></span></li>
	<li><span style="font-family:verdana,geneva,sans-serif"><span style="font-size:18px">Preferencia musical</span></span></li>
	<li><span style="font-family:verdana,geneva,sans-serif"><span style="font-size:18px">Comida favorita</span></span></li>
	<li><span style="font-family:verdana,geneva,sans-serif"><span style="font-size:18px">Nacionalidad</span></span></li>
	<li><span style="font-family:verdana,geneva,sans-serif"><span style="font-size:18px">Marca de autom&oacute;vil</span></span></li>
	<li><span style="font-family:verdana,geneva,sans-serif"><span style="font-size:18px">Grupo sangu&iacute;neo</span></span></li>
</ul>
]]></def>
	</definition>
	<definition>
		<title>Cuantitativas</title>
		<def><![CDATA[<p><span style="font-size:18px"><span style="font-family:verdana,geneva,sans-serif">Las <strong>variables cuantitativas</strong> dan cuenta de caracter&iacute;sticas cuantificables num&eacute;ricamente; se clasifican en:</span></span></p>

<p><span style="font-size:18px"><span style="font-family:verdana,geneva,sans-serif"><strong>Cuantitativas discretas</strong>: cuando las cantidades que representan son n&uacute;meros enteros. Por&nbsp;ejemplo: </span></span></p>

<ul>
	<li><span style="font-size:18px"><span style="font-family:verdana,geneva,sans-serif">N&uacute;mero de hermanos</span></span></li>
	<li><span style="font-size:18px"><span style="font-family:verdana,geneva,sans-serif">N&uacute;mero de animales en una tienda de mascotas</span></span></li>
	<li><span style="font-size:18px"><span style="font-family:verdana,geneva,sans-serif">N&uacute;mero de productos vendidos en un mes</span></span></li>
</ul>

<p><span style="font-size:18px"><span style="font-family:verdana,geneva,sans-serif"><strong>Cuantitativas continuas</strong>: cuando las cantidades que representan <em>no</em> son n&uacute;meros enteros. Por ejemplo:</span></span></p>

<ul>
	<li><span style="font-size:18px"><span style="font-family:verdana,geneva,sans-serif">La edad</span></span></li>
	<li><span style="font-size:18px"><span style="font-family:verdana,geneva,sans-serif">Volumen de agua en un recipiente</span></span></li>
	<li><span style="font-size:18px"><span style="font-family:verdana,geneva,sans-serif">Temperatura</span></span></li>
	<li><span style="font-size:18px"><span style="font-family:verdana,geneva,sans-serif">Distancias</span></span></li>
</ul>
]]></def>
	</definition>
</presentation>
</engine>