﻿<?xml version="1.0" encoding="utf-8"?>
<motor tipo="10" clase="b" aprid="m10b">
  <plataforma>
    <grado><![CDATA[2]]></grado>
    <titulo>Determina igualdades entre expresiones numéricas</titulo>
    <area>0</area>
    <nivel>2</nivel>
    <referencia />
    <idreg><![CDATA[0]]></idreg>
    <motor><![CDATA[M10B]]></motor>
    <lang>es</lang>
  </plataforma>
  <enunciado><![CDATA[Ubica debajo de cada expresión numérica la expresión con la cual es posible formar una igualdad verdadera.]]></enunciado>
  <masinfo inicio="0"><![CDATA[Recuerda que la palabra "equivalencia" se refiere a una igualdad.]]></masinfo>
  <sinaleatoriedad><![CDATA[0]]></sinaleatoriedad>
  <calc><![CDATA[0]]></calc>
  <textoacategoria cantidad="3">
    <cuestion>
      <categoria><![CDATA[(–3){{sup}}3{{normal}} + (–2){{sup}}4{{normal}} + 19]]></categoria>
      <respuestas>
        <respuesta id="1" ruta="MA_07_04_CO_REC20_FORM001aa.jpg" />
        <respuesta id="2" ruta="MA_07_04_CO_REC20_FORM002a.jpg" />
        <respuesta id="3" ruta="MA_07_04_CO_REC20_FORM003a.jpg" />
      </respuestas>
    </cuestion>
    <cuestion>
      <categoria><![CDATA[(–4){{sup}}2{{normal}} + 2{{sup}}4{{normal}}]]></categoria>
      <respuestas>
        <respuesta id="1" ruta="MA_07_04_CO_REC20_FORM004.jpg" />
        <respuesta id="2" ruta="MA_07_04_CO_REC20_FORM005a.jpg" />
        <respuesta id="3" ruta="MA_07_04_CO_REC20_FORM006.jpg" />
      </respuestas>
    </cuestion>
    <cuestion>
      <categoria><![CDATA[11{{sup}}2{{normal}} – 6{{sup}}2{{normal}}]]></categoria>
      <respuestas>
        <respuesta id="1" ruta="MA_07_04_CO_REC20_FORM007a.jpg" />
        <respuesta id="2" ruta="MA_07_04_CO_REC20_FORM008a.jpg" />
        <respuesta id="3" ruta="MA_07_04_CO_REC20_FORM009a.jpg" />
      </respuestas>
    </cuestion>
  </textoacategoria>
</motor>