﻿<?xml version="1.0" encoding="utf-8"?><motor tipo="5" clase="a" aprid="M5a"><plataforma><grado><![CDATA[2]]></grado><titulo>Ejercita con un tangram de fracciones</titulo><volumen><![CDATA[3]]></volumen><nivel>2</nivel><referencia><![CDATA[mt_07_05_02]]></referencia><id_reg><![CDATA[403]]></id_reg><motor><![CDATA[M5a]]></motor><lang>es</lang></plataforma><enunciado><![CDATA[Tomando como referencia la imagen del tangram como unidad, determina qué fracción es cada una de las propuestas.]]></enunciado><masinfo inicio="0" /><sinaleatoriedad><![CDATA[0]]></sinaleatoriedad><calc><![CDATA[0]]></calc><respuestaunica><![CDATA[0]]></respuestaunica><test cantidad="6"><cuestion><enunciado><![CDATA[¿Qué fracción del total del tangram representa la parte numerada?]]></enunciado><explicacion /><imagen><![CDATA[_07_05_02_01.jpg]]></imagen><ampliacion /><respuestas><respuesta contestacion="1/4" correcta="1" /><respuesta contestacion="1/8" correcta="0" /><respuesta contestacion="1/2" correcta="0" /><respuesta contestacion="1/16" correcta="0" /></respuestas></cuestion><cuestion><enunciado><![CDATA[¿Qué fracción del total del tangram representa la parte numerada?]]></enunciado><explicacion /><imagen><![CDATA[_07_05_02_02.jpg]]></imagen><ampliacion /><respuestas><respuesta contestacion="1/2" correcta="0" /><respuesta contestacion="1/4" correcta="0" /><respuesta contestacion="1/8" correcta="1" /><respuesta contestacion="1/16" correcta="0" /></respuestas></cuestion><cuestion><enunciado><![CDATA[¿Qué fracción del total del tangram representa la parte numerada?]]></enunciado><explicacion /><imagen><![CDATA[_07_05_02_03.jpg]]></imagen><ampliacion /><respuestas><respuesta contestacion="1/8" correcta="1" /><respuesta contestacion="1/16" correcta="0" /><respuesta contestacion="1/32" correcta="0" /><respuesta contestacion="1/64" correcta="0" /></respuestas></cuestion><cuestion><enunciado><![CDATA[¿Qué fracción del total del tangram representa la parte numerada?]]></enunciado><explicacion /><imagen><![CDATA[_07_05_02_04.jpg]]></imagen><ampliacion /><respuestas><respuesta contestacion="1/16" correcta="0" /><respuesta contestacion="1/2" correcta="0" /><respuesta contestacion="1/4" correcta="0" /><respuesta contestacion="1/8" correcta="1" /></respuestas></cuestion><cuestion><enunciado><![CDATA[¿Qué fracción del total del tangram representa la parte numerada?]]></enunciado><explicacion /><imagen><![CDATA[_07_05_02_05.jpg]]></imagen><ampliacion /><respuestas><respuesta contestacion="1/8" correcta="0" /><respuesta contestacion="1/16" correcta="1" /><respuesta contestacion="1/32" correcta="0" /><respuesta contestacion="1/64" correcta="0" /></respuestas></cuestion><cuestion><enunciado><![CDATA[¿Qué fracción del total del tangram representa la parte numerada?]]></enunciado><explicacion /><imagen><![CDATA[_07_05_02_06.jpg]]></imagen><ampliacion /><respuestas><respuesta contestacion="1/2" correcta="0" /><respuesta contestacion="1/1" correcta="0" /><respuesta contestacion="1/4" correcta="1" /><respuesta contestacion="1/8" correcta="0" /></respuestas></cuestion></test></motor>