﻿<?xml version="1.0" encoding="utf-8"?>
<engine copy="Editorial Planeta" version="1" aprid="f10b">
  <main mode="f10b" title="Las propiedades de la multiplicación de números complejos">
    <tf><![CDATA[<p style="text-align:justify">&nbsp;</p>

<p style="text-align:justify">La multiplicaci&oacute;n de n&uacute;meros complejos cumple con algunas propiedades que puedes observar al momento de realizar las multiplicaciones.</p>

<p style="text-align:justify">En este in<span style="font-size:18px"><span style="font-family:verdana,geneva,sans-serif">teractivo exploraremos las propiedades de la multiplicaci&oacute;n a trav&eacute;s de ejemplos.</span></span></p>

<p style="text-align:justify"><span style="font-size:18px"><span style="font-family:verdana,geneva,sans-serif">&iquest;Cu&aacute;les propiedades aplicamos para resolver la siguiente operaci&oacute;n?</span></span></p>

<p style="text-align:center"><span style="font-size:18px"><span style="font-family:verdana,geneva,sans-serif"><span class="math-tex">\(6(7+\frac{1}{2}i)=\)</span></span></span></p>]]></tf>
  </main>
  <selection title="Propiedades de la multiplicación" title2="La multiplicación" bkclass="slideInvestiga">
    <definition>
      <title>Clausurativa</title>
      <def><![CDATA[<p>&nbsp;</p>

<p>Si <em>M</em>&nbsp;y <em>N&nbsp;</em>son dos n&uacute;meros complejos, se establece que al realizar el producto de&nbsp;<em>M</em>&nbsp;&middot; <em>N </em>se obtiene un n&uacute;mero complejo por resultado. Por tanto, la multiplicaci&oacute;n de complejos es clausurativa.</p>

<p style="text-align:justify">&nbsp;</p>]]></def>
    </definition>
    <definition>
      <title>Asociativa</title>
      <def><![CDATA[<p>&nbsp;</p>

<p><span style="font-size:18px"><span style="font-family:verdana,geneva,sans-serif">Si <em>M</em>, <em>N&nbsp;</em>y <em>P&nbsp;</em>son n&uacute;meros complejos, entonces se cumple que:</span></span></p>

<p><span style="font-size:18px"><span style="font-family:verdana,geneva,sans-serif">Al agrupar <em>M</em>&nbsp;&middot;&nbsp;<em>N y </em>luego multiplicar su resultado por<em> P</em>, el resultado obtenido es el mismo que si se agruparan <em>N</em>&nbsp;&middot; <em>P </em>y luego se multiplicara por<em> M.</em></span></span></p>]]></def>
    </definition>
    <definition>
      <title>Conmutativa</title>
      <def><![CDATA[<p>&nbsp;</p>

<p><span style="font-size:18px"><span style="font-family:verdana,geneva,sans-serif">Si <em>Z </em>y <em>M</em> son n&uacute;meros complejos, se tiene que el orden en que se efect&uacute;e la multiplicaci&oacute;n <em>Z&nbsp;&middot; M</em><em> o M</em>&nbsp;&middot; <em>Z, </em>no modifica el resultado que se obtiene, por ello se dice que la multiplicaci&oacute;n entre complejos es conmutativa</span></span><em>.</em></p>]]></def>
    </definition>
    <definition>
      <title>Elemento neutro</title>
      <def><![CDATA[<p>&nbsp;</p>

<p>&nbsp;</p>

<p style="text-align:justify"><span style="font-size:18px"><span style="font-family:verdana,geneva,sans-serif">El n&uacute;mero complejo 1 es el elemento neutro para el producto de n&uacute;meros complejos.</span></span></p>]]></def>
    </definition>
    <definition>
      <title>Inverso multiplicativo</title>
      <def><![CDATA[<p>&nbsp;</p>

<p>Si <em>M</em> es un n&uacute;mero complejo distinto de cero, se tiene que el inverso de <em>M</em> es otro n&uacute;mero complejo de la forma 1/<em>M</em>, tal que se cumple que:</p>

<p style="text-align:center"><em>M</em>&nbsp;<em>&middot; </em>1<em>/M</em> = 1</p>]]></def>
    </definition>
    <definition>
      <title>Distributiva</title>
      <def><![CDATA[<p>&nbsp;</p>

<p style="text-align:justify"><span style="font-size:18px"><span style="font-family:verdana,geneva,sans-serif">Si <em>Z</em>, <em>W</em> y <em>U</em> son n&uacute;meros complejos, se tienen las relaciones:</span></span></p>

<p style="text-align:center"><span style="font-size:18px"><span style="font-family:verdana,geneva,sans-serif"><em>Z &middot; </em>(<em>W </em>+<em> U</em>) =<em> Z &middot; W </em>+<em> Z &middot; U </em></span></span></p>

<p style="text-align:center"><span style="font-size:18px"><span style="font-family:verdana,geneva,sans-serif">(<em>Z </em>+<em> W</em>) &middot;<em> U </em>=<em> Z &middot; U </em>+<em> W &middot; U</em></span></span></p>]]></def>
    </definition>
  </selection>
  <selection title="Propiedades de la multiplicación" title2="Ejemplos" bkclass="slideComprension">
    <definition>
      <title>Clausurativa</title>
      <def><![CDATA[<p>&nbsp;</p>

<p><span style="font-size:18px"><span style="font-family:verdana,geneva,sans-serif">Observa el siguiente ejemplo:</span></span></p>

<p style="text-align:center"><span style="font-size:18px"><span style="font-family:verdana,geneva,sans-serif"><span class="math-tex">\((3+2i)^2=(3+2i)\cdot(3+2i)\)</span></span></span></p>

<p style="text-align:center"><span style="font-size:18px"><span style="font-family:verdana,geneva,sans-serif"><span class="math-tex">\(=9+6i+6i+4i^2\)</span></span></span></p>

<p style="text-align:center"><span style="font-size:18px"><span style="font-family:verdana,geneva,sans-serif"><span class="math-tex">\(=9+12i+4(-1)\)</span></span></span></p>

<p style="text-align:center"><span style="font-size:18px"><span style="font-family:verdana,geneva,sans-serif"><span class="math-tex">\(=5+12i\)</span></span></span></p>

<p style="text-align:justify"><span style="font-size:18px"><span style="font-family:verdana,geneva,sans-serif">De manera que al multiplicar un n&uacute;mero&nbsp;complejo por otro complejo, el resultado siempre ser&aacute; un nuevo n&uacute;mero complejo</span></span>.</p>]]></def>
    </definition>
    <definition>
      <title>Asociativa</title>
      <def><![CDATA[<p>&nbsp;</p>

<p><span style="font-size:18px"><span style="font-family:verdana,geneva,sans-serif">Observa el ejemplo:</span></span></p>

<p style="text-align:center"><span style="font-size:18px"><span style="font-family:verdana,geneva,sans-serif"><span class="math-tex">\((6+2i)\cdot[(3+5i)\cdot(3+2i)]=[(6+2i)\cdot(3+5i)]\cdot(3+2i)\)</span></span></span></p>

<p style="text-align:center"><span style="font-size:18px"><span style="font-family:verdana,geneva,sans-serif"><span class="math-tex">\((6+2i)\cdot(-1+21i)=(-48+124i)=(8+36i)\cdot(3+2i)\)</span></span></span></p>

<p style="text-align:justify"><span style="font-size:18px"><span style="font-family:verdana,geneva,sans-serif">Entonces, no es importante el orden en que se agrupen los complejos al mutiplicarlos, ya que el resultado ser&aacute; el mismo.</span></span></p>

<p style="text-align:center">&nbsp;</p>]]></def>
    </definition>
    <definition>
      <title>Conmutativa</title>
      <def><![CDATA[<p>&nbsp;</p>

<p><span style="font-size:19px"><span style="font-family:verdana,geneva,sans-serif">Se tiene la siguiente multiplicaci&oacute;n:</span></span></p>

<p style="text-align:center"><span class="math-tex">\(6\cdot(7+\frac12i)=(7+\frac12i)\cdot6\)</span></p>

<p style="text-align:center"><span class="math-tex">\(42+\frac62i=42+\frac62i\)</span></p>

<p style="text-align:center"><span class="math-tex">\(42+3i=42+3i\)</span></p>

<p style="text-align:justify"><span style="font-size:19px"><span style="font-family:verdana,geneva,sans-serif">Por tanto, podemos decir que sin importar el orden que se siga al realizar la multiplicaci&oacute;n el resultado se conserva, es decir,&nbsp;el orden de los factores no altera el producto.</span></span></p>]]></def>
    </definition>
    <definition>
      <title>Elemento neutro</title>
      <def><![CDATA[<p style="text-align:justify"><span style="font-size:18px"><span style="font-family:verdana,geneva,sans-serif">El n&uacute;mero complejo que representa el elemento neutro de la multiplicaci&oacute;n de complejos es &nbsp;<span class="math-tex">\(1+0i\)</span>.</span></span></p>

<p style="text-align:justify"><span style="font-size:18px"><span style="font-family:verdana,geneva,sans-serif">Por tanto:</span></span></p>

<p style="text-align:center"><span style="font-size:18px"><span style="font-family:verdana,geneva,sans-serif"><span class="math-tex">\((3+0,5i)\cdot(1+0i)= \)</span></span></span></p>

<p style="text-align:center"><span style="font-size:18px"><span style="font-family:verdana,geneva,sans-serif"><span class="math-tex">\(=3\cdot1+3\cdot0i+0,5\cdot1+0,5\cdot0i\)</span></span></span></p>

<p style="text-align:center"><span style="font-size:18px"><span style="font-family:verdana,geneva,sans-serif"><span class="math-tex">\(=3+0,5i\)</span></span></span></p>

<p style="text-align:justify"><span style="font-size:18px"><span style="font-family:verdana,geneva,sans-serif">Hemos obtenido el n&uacute;mero inicial, por ello el m&oacute;dulo de la multiplicaci&oacute;n de complejos es&nbsp;<span class="math-tex">\(1+0i\)</span>.</span></span></p>

<p>&nbsp;</p>]]></def>
    </definition>
    <definition>
      <title>Inverso multiplicativo</title>
      <def><![CDATA[<p>Para obtener el inverso multiplicativo de los complejos es necesario satisfacer que para <em>a, b, c </em>y<em> d</em> reales se cumple que:</p>

<p style="text-align:center"><span class="math-tex">\((a+bi)\cdot(c+di)=1+0i\)</span></p>

<p style="text-align:justify">De acuerdo con esto, el inverso multiplicativo es<span style="font-size:20px">&nbsp;<span class="math-tex">\(\frac{(a-bi)}{a^2+b^2}\)</span>&nbsp;para<em> a </em>y <em>b </em>distintos de cero.</span></p>

<p style="text-align:center"><span class="math-tex">\(\frac{(1,2+2i)}{1}\cdot\frac{(1,2-2i)}{(1,2)^2+(2i)^2}=\)</span></p>

<p style="text-align:center"><span class="math-tex">\(\frac{1,44+4}{1,44+4}=\frac{5,55}{5,55}=1+0i\)</span></p>

<p style="text-align:center">&nbsp;</p>

<p style="text-align:center">&nbsp;</p>]]></def>
    </definition>
    <definition>
      <title>Distributiva</title>
      <def><![CDATA[<p style="text-align:justify"><span style="font-size:18px"><span style="font-family:verdana,geneva,sans-serif">La distributiva nos permite actuar cuando tenemos un producto y una adici&oacute;n de manera simult&aacute;neas; observa el ejemplo:</span></span></p>

<p style="text-align:center"><span style="font-size:18px"><span style="font-family:verdana,geneva,sans-serif"><span class="math-tex">\((3,1-2i)\cdot((5+3i)+(1+4i))=\)</span></span></span></p>

<p style="text-align:center"><span style="font-size:18px"><span style="font-family:verdana,geneva,sans-serif"><span class="math-tex">\((3,1-2i)\cdot(5+3i)+(3,1-2i)\cdot(1+4i)=\)</span></span></span></p>

<p style="text-align:center"><span style="font-size:18px"><span style="font-family:verdana,geneva,sans-serif"><span class="math-tex">\((21,5-07i)+(11,1+10,4i)=\)</span></span></span></p>

<p style="text-align:center"><span style="font-size:18px"><span style="font-family:verdana,geneva,sans-serif"><span class="math-tex">\((21,5+11,1)+(-0,7i+10,4i)= \)</span></span></span></p>

<p style="text-align:center"><span style="font-size:18px"><span style="font-family:verdana,geneva,sans-serif"><span class="math-tex">\(32,6+9,7i\)</span></span></span></p>

<p style="text-align:justify"><span style="font-size:18px"><span style="font-family:verdana,geneva,sans-serif">En este caso la multiplicaci&oacute;n se distribuye respecto a la adici&oacute;n.</span></span></p>]]></def>
    </definition>
  </selection>
  <activity title2="Practica" visible="true" path="ma_09_03_corec220.zip">
  </activity>
</engine>