<?xml version='1.0' encoding='UTF-8'?><engine copy="Editorial Planeta" version="1" aprid="f13" title="Competencia entre fracciones" >
<section title="Presentación" path="" pathAmp="" image1Text="" zoom1="false" zoom2a="false" zoom2b="false" layout="2" >
<![CDATA[<p><strong><span style="font-size:20px"><span style="font-family:verdana,geneva,sans-serif">Las diferentes interpretaciones de las fracciones</span></span></strong></p>

<p><span style="font-size:20px"><span style="font-family:verdana,geneva,sans-serif">Los n&uacute;meros fraccionarios tienen diferentes interpretaciones, entre ellas est&aacute;n:</span></span></p>

<p><span style="font-size:20px"><span style="font-family:verdana,geneva,sans-serif">* <em>La fracci&oacute;n como parte - todo</em>, cuando se divide un todo en partes iguales y se toman algunas de esas partes.&nbsp;</span></span></p>

<p><span style="font-size:20px"><span style="font-family:verdana,geneva,sans-serif">* <em>La&nbsp;fracci&oacute;n como cociente</em>, puesto que la fracci&oacute;n tambi&eacute;n representa una divisi&oacute;n donde el numerador es el dividendo y el denominador el divisor.&nbsp;</span></span></p>

<p><span style="font-size:20px"><span style="font-family:verdana,geneva,sans-serif">* <em>La fracci&oacute;n como raz&oacute;n</em>, cuando se comparan dos cantidades.&nbsp;</span></span></p>

<p><span style="font-size:20px"><span style="font-family:verdana,geneva,sans-serif">* <em>La fracci&oacute;n como operador</em>, cuando se quiere hallar la parte de una cantidad que es proporcional a la fracci&oacute;n dada.&nbsp;</span></span></p>

<p>&nbsp;</p>

<p><span style="font-size:20px"><span style="font-family:verdana,geneva,sans-serif">&iquest;Crees que existen otras interpretaciones de las fracciones?&nbsp;</span></span></p>

<p><span style="font-size:20px"><span style="font-family:verdana,geneva,sans-serif">Investiga otras interpretaciones de la fracci&oacute;n.&nbsp;</span></span></p>
]]></section>
<section title="Actividad" path="" pathAmp="" image1Text="" zoom1="false" zoom2a="false" zoom2b="false" layout="2" >
<![CDATA[<p><span style="font-size:20px"><span style="font-family:verdana,geneva,sans-serif">Para desarrollar la actividad necesitan:</span></span></p>

<p><span style="font-size:20px"><span style="font-family:verdana,geneva,sans-serif">* Organizar grupos de trabajo de 4 integrantes.</span></span></p>

<p><span style="font-size:20px"><span style="font-family:verdana,geneva,sans-serif">* Cartulina, marcadores, colores, etc. (Materiales para exposici&oacute;n)</span></span></p>

<p><span style="font-size:20px"><span style="font-family:verdana,geneva,sans-serif">* Tabla de puntajes que se encuentra en &quot;<em>Reglas del juego</em>&quot; por grupo.</span></span></p>

<p><span style="font-size:20px"><span style="font-family:verdana,geneva,sans-serif">Actividad:</span></span></p>

<p><span style="font-size:20px"><span style="font-family:verdana,geneva,sans-serif">1. Seleccionen una interpretaci&oacute;n de la fracci&oacute;n: Como parte-todo, como cociente, como raz&oacute;n o como operador.&nbsp;</span></span></p>

<p><span style="font-size:20px"><span style="font-family:verdana,geneva,sans-serif">2. Seleccionen una fracci&oacute;n</span></span></p>

<p><span style="font-size:20px"><span style="font-family:verdana,geneva,sans-serif">3. Escriban una situaci&oacute;n problema donde se aplique la interpretaci&oacute;n seleccionada del punto 1,&nbsp;de la fracci&oacute;n seleccionada del punto 2. Tengan en cuenta que la situaci&oacute;n problema debe contener una pregunta para que sus compa&ntilde;eros la resuelvan.&nbsp;</span></span></p>

<p><span style="font-size:20px"><span style="font-family:verdana,geneva,sans-serif">4. Preparen la exposici&oacute;n de la situaci&oacute;n problema para socializarla con los dem&aacute;s grupos de trabajo.&nbsp;</span></span></p>
]]></section>
<section title="Pasos del juego" path="imagendummy_motorf.jpg" pathAmp="imagendummy_motorf.jpg" image1Text="" zoom1="true" zoom2a="false" zoom2b="false" layout="0" >
<![CDATA[<p><span style="font-size:20px"><span style="font-family:verdana,geneva,sans-serif">1. Cada grupo debe tener la tabla que se muestra en la imagen.&nbsp;</span></span></p>

<p><span style="font-size:20px"><span style="font-family:verdana,geneva,sans-serif">2. Los grupos de trabajo se enumeran para identificarse. </span></span></p>

<p><span style="font-size:20px"><span style="font-family:verdana,geneva,sans-serif">3. Cada grupo expone su trabajo.&nbsp;</span></span></p>

<p><span style="font-size:20px"><span style="font-family:verdana,geneva,sans-serif">4. Al terminar la exposici&oacute;n de cada grupo, se dan&nbsp;5 minutos para completar los datos de la tabla.&nbsp;</span></span></p>

<p><span style="font-size:20px"><span style="font-family:verdana,geneva,sans-serif">5. Al terminar las exposiciones, se socializan las respuestas correctas. Cada acierto obtiene el n&uacute;mero de puntos que indica la tabla.&nbsp;</span></span></p>

<p><span style="font-size:20px"><span style="font-family:verdana,geneva,sans-serif">6. El total se obtiene adicionando todos los puntajes obtenidos.&nbsp;</span></span></p>

<p><span style="font-size:20px"><span style="font-family:verdana,geneva,sans-serif">7. El grupo ganador debe proponer alguna penitencia grupal para sus compa&ntilde;eros.&nbsp;</span></span></p>
]]></section>
</engine>