﻿<?xml version="1.0" encoding="utf-8"?>
<motor tipo="6" clase="a" aprid="m6a">
  <plataforma>
    <grado><![CDATA[2]]></grado>
    <titulo>Criterio de la recta vertical</titulo>
    <area>0</area>
    <nivel>1</nivel>
    <referencia />
    <idreg><![CDATA[0]]></idreg>
    <motor><![CDATA[M6A]]></motor>
    <lang>es</lang>
  </plataforma>
  <enunciado><![CDATA[Aplica el criterio de la recta vertical para determinar si la curva corresponde a una función o no.]]></enunciado>
  <masinfo inicio="0" />
  <sinaleatoriedad><![CDATA[0]]></sinaleatoriedad>
  <calc><![CDATA[0]]></calc>
  <test cantidad="6">
    <cuestion correccionSinMayusculas="1" correccionSinPuntuacion="0" correccionSinPuntuacionFinal="0">
      <enunciado><![CDATA[Aplicando el criterio de la recta vertical, establece si la relación representada "es función" o "no es función". ]]></enunciado>
      <explicacion><![CDATA[(Escribe el texto en minúscula, sin cursivas y sin utilizar puntos ni comas)]]></explicacion>
      <unidades />
      <imagen><![CDATA[MA_09_04_REC30_IMG01n.png]]></imagen>
      <ampliacion><![CDATA[MA_09_04_REC30_IMG01a.png]]></ampliacion>
      <respuestas>
        <respuesta contestacion="no es función" mostrar="1" />
      </respuestas>
    </cuestion>
    <cuestion correccionSinMayusculas="1" correccionSinPuntuacion="0" correccionSinPuntuacionFinal="0">
      <enunciado><![CDATA[Aplicando el criterio de la recta vertical, establece si la relación representada "es función" o "no es función". ]]></enunciado>
      <explicacion><![CDATA[(Escribe el texto en minúscula, sin cursivas y sin utilizar puntos ni comas)]]></explicacion>
      <unidades />
      <imagen><![CDATA[MA_09_04_REC30_IMG02n.png]]></imagen>
      <ampliacion><![CDATA[MA_09_04_REC30_IMG02a.png]]></ampliacion>
      <respuestas>
        <respuesta contestacion="es función" mostrar="1" />
      </respuestas>
    </cuestion>
    <cuestion correccionSinMayusculas="1" correccionSinPuntuacion="0" correccionSinPuntuacionFinal="0">
      <enunciado><![CDATA[Aplicando el criterio de la recta vertical, establece si la relación representada "es función" o "no es función". ]]></enunciado>
      <explicacion><![CDATA[(Escribe el texto en minúscula, sin cursivas y sin utilizar puntos ni comas)]]></explicacion>
      <unidades />
      <imagen><![CDATA[MA_09_04_REC30_IMG03n.jpg]]></imagen>
      <ampliacion><![CDATA[MA_09_04_REC30_IMG03a.png]]></ampliacion>
      <respuestas>
        <respuesta contestacion="es función" mostrar="1" />
      </respuestas>
    </cuestion>
    <cuestion correccionSinMayusculas="1" correccionSinPuntuacion="0" correccionSinPuntuacionFinal="0">
      <enunciado><![CDATA[Aplicando el criterio de la recta vertical, establece si la relación representada "es función" o "no es función". ]]></enunciado>
      <explicacion><![CDATA[(Escribe el texto en minúscula, sin cursivas y sin utilizar puntos ni comas)]]></explicacion>
      <unidades />
      <imagen><![CDATA[MA_09_04_REC30_IMG04n.png]]></imagen>
      <ampliacion><![CDATA[MA_09_04_REC30_IMG04a.png]]></ampliacion>
      <respuestas>
        <respuesta contestacion="no es función" mostrar="1" />
      </respuestas>
    </cuestion>
    <cuestion correccionSinMayusculas="1" correccionSinPuntuacion="0" correccionSinPuntuacionFinal="0">
      <enunciado><![CDATA[Aplicando el criterio de la recta vertical, establece si la relación representada "es función" o "no es función". ]]></enunciado>
      <explicacion><![CDATA[(Escribe el texto en minúscula, sin cursivas y sin utilizar puntos ni comas)]]></explicacion>
      <unidades />
      <imagen><![CDATA[MA_09_04_REC30_IMG05n.png]]></imagen>
      <ampliacion><![CDATA[MA_09_04_REC30_IMG05a.png]]></ampliacion>
      <respuestas>
        <respuesta contestacion="no es función" mostrar="1" />
      </respuestas>
    </cuestion>
    <cuestion correccionSinMayusculas="0" correccionSinPuntuacion="0" correccionSinPuntuacionFinal="0">
      <enunciado><![CDATA[Aplicando el criterio de la recta vertical, establece si la relación representada "es función" o "no es función". ]]></enunciado>
      <explicacion><![CDATA[(Escribe el texto en minúscula, sin cursivas y sin utilizar puntos ni comas)]]></explicacion>
      <unidades />
      <imagen><![CDATA[MA_09_04_REC30_IMG06n.jpg]]></imagen>
      <ampliacion><![CDATA[MA_09_04_REC30_IMG06a.png]]></ampliacion>
      <respuestas>
        <respuesta contestacion="es función" mostrar="1" />
      </respuestas>
    </cuestion>
  </test>
</motor>