<?xml version='1.0' encoding='UTF-8'?><motor tipo="10" clase="b" aprid="m10b">
  <plataforma>
    <grado><![CDATA[2]]></grado>
    <titulo>Practica la relación de pertenencia y de no pertenencia</titulo>
    <area>0</area>
    <nivel>1</nivel>
    <referencia/>
    <idreg><![CDATA[0]]></idreg>
    <motor><![CDATA[M10B]]></motor>
    <lang>es</lang>
  </plataforma>
  <enunciado><![CDATA[Dado el conjunto A = {x/x es un múltiplo de 4 menor que 37}, arrastra los elementos al contenedor pertenece o no pertenece al conjunto A, según el caso.]]></enunciado>
  <masinfo inicio="0"/>
  <sinaleatoriedad><![CDATA[0]]></sinaleatoriedad>
  <calc><![CDATA[0]]></calc>
  <textoacategoria cantidad="2">
    <cuestion>
      <categoria><![CDATA[Pertenece al conjunto A]]></categoria>
      <respuestas>
        <respuesta id="1" ruta="ma_05_01_co_rec10_img01n.png"/>
        <respuesta id="2" ruta="ma_05_01_co_rec10_img02n.png"/>
        <respuesta id="3" ruta="ma_05_01_co_rec10_img03n.png"/>
      </respuestas>
    </cuestion>
    <cuestion>
      <categoria><![CDATA[No pertenece al conjuntoA]]></categoria>
      <respuestas>
        <respuesta id="1" ruta="ma_05_01_co_rec10_img04n.png"/>
        <respuesta id="2" ruta="ma_05_01_co_rec10_img05n.png"/>
        <respuesta id="3" ruta="ma_05_01_co_rec10_img06n.png"/>
      </respuestas>
    </cuestion>
  </textoacategoria>
  <temps>5</temps>
</motor>