﻿<?xml version="1.0" encoding="utf-8"?>
<motor tipo="10" clase="b" aprid="m10b">
  <plataforma>
    <grado><![CDATA[2]]></grado>
    <titulo>Pendiente de la recta</titulo>
    <area>0</area>
    <nivel>1</nivel>
    <referencia />
    <idreg><![CDATA[0]]></idreg>
    <motor><![CDATA[M10B]]></motor>
    <lang>es</lang>
  </plataforma>
  <enunciado><![CDATA[Arrastra cada ecuación de la recta al contenedor que le corresponda, teniendo en cuenta que la pendiente cumpla con la condición dada: {{cur}}m{{normal}} mayor que cero, {{cur}}m{{normal}} menor que cero o {{cur}}m{{normal}} igual a cero.]]></enunciado>
  <masinfo inicio="0"><![CDATA[Deberás determinar la pendiente de cada una de las ecuaciones de la recta, simplificando cada una de ellas y llevándolas a la forma {{cur}}y{{normal}} = {{cur}}mx{{normal}} + {{cur}}c.]]></masinfo>
  <sinaleatoriedad><![CDATA[0]]></sinaleatoriedad>
  <calc><![CDATA[0]]></calc>
  <textoacategoria cantidad="3">
    <cuestion>
      <categoria><![CDATA[{{cur}}m{{normal}} > 0]]></categoria>
      <respuestas>
        <respuesta id="1" ruta="MA_09_05_CO_REC20_IMG01.png" />
        <respuesta id="2" ruta="MA_09_05_CO_REC20_IMG03.png" />
        <respuesta id="3" ruta="b3.gif" />
      </respuestas>
    </cuestion>
    <cuestion>
      <categoria><![CDATA[{{cur}}m{{normal}} < 0 ]]></categoria>
      <respuestas>
        <respuesta id="1" ruta="MA_09_05_CO_REC20_IMG04.png" />
        <respuesta id="2" ruta="MA_09_05_CO_REC20_IMG05.png" />
        <respuesta id="3" ruta="MA_09_05_CO_REC20_IMG06.png" />
      </respuestas>
    </cuestion>
    <cuestion>
      <categoria><![CDATA[{{cur}}m{{normal}} = 0 ]]></categoria>
      <respuestas>
        <respuesta id="1" ruta="MA_09_05_CO_REC20_IMG07.png" />
        <respuesta id="2" ruta="MA_09_05_CO_REC20_IMG08.png" />
        <respuesta id="3" ruta="MA_09_05_CO_REC20_IMG09.png" />
      </respuestas>
    </cuestion>
  </textoacategoria>
  <temps>10</temps>
</motor>