﻿<?xml version="1.0" encoding="UTF-8"?>
<motor tipo="5" clase="a" aprid="m5a">
  <plataforma>
    <grado><![CDATA[2]]></grado>
    <titulo>Evaluación: Los números reales</titulo>
    <area>0</area>
    <nivel>1</nivel>
    <referencia />
    <idreg><![CDATA[0]]></idreg>
    <motor><![CDATA[M5A]]></motor>
    <lang>es</lang>
  </plataforma>
  <enunciado><![CDATA[Actividad para reforzar y practicar todo lo aprendido de los números reales]]></enunciado>
  <masinfo inicio="0" />
  <sinaleatoriedad><![CDATA[0]]></sinaleatoriedad>
  <calc><![CDATA[0]]></calc>
  <respuestaunica><![CDATA[0]]></respuestaunica>
  <test cantidad="6">
    <cuestion>
      <enunciado><![CDATA[El  resultado  de ¾+(-1/5)  es:]]></enunciado>
      <explicacion />
      <imagen><![CDATA[imagenDummy-MotorM.png]]></imagen>
      <ampliacion />
      <respuestas>
        <respuesta contestacion="0,6" correcta="0" />
        <respuesta contestacion="0,55" correcta="1" />
        <respuesta contestacion="0,95" correcta="0" />
        <respuesta contestacion="-0,95" correcta="0" />
      </respuestas>
    </cuestion>
    <cuestion>
      <enunciado><![CDATA[El área de  del  lote  mostrado en la  ilustración  en unidades  cuadradas es:]]></enunciado>
      <explicacion />
      <imagen><![CDATA[imagenDummy-MotorM.png]]></imagen>
      <ampliacion />
      <respuestas>
        <respuesta contestacion="-38,64" correcta="0" />
        <respuesta contestacion="38,64" correcta="1" />
        <respuesta contestacion="-34,46" correcta="0" />
        <respuesta contestacion="38, 67" correcta="0" />
      </respuestas>
    </cuestion>
    <cuestion>
      <enunciado><![CDATA[La expresión decimal  del  número  5/6  es]]></enunciado>
      <explicacion />
      <imagen><![CDATA[imagenDummy-MotorM.png]]></imagen>
      <ampliacion />
      <respuestas>
        <respuesta contestacion="0,83" correcta="0" />
        <respuesta contestacion="-0,83" correcta="0" />
        <respuesta contestacion="0,833..." correcta="1" />
        <respuesta contestacion="-0,833" correcta="0" />
      </respuestas>
    </cuestion>
    <cuestion>
      <enunciado><![CDATA[El resultado  de  elevar  a -4/5  a  la  quinta  potencia  es:]]></enunciado>
      <explicacion />
      <imagen><![CDATA[imagenDummy-MotorM.png]]></imagen>
      <ampliacion />
      <respuestas>
        <respuesta contestacion="0,32768" correcta="1" />
        <respuesta contestacion="-0,32768" correcta="0" />
        <respuesta contestacion="0,327" correcta="0" />
        <respuesta contestacion="-0,327" correcta="0" />
      </respuestas>
    </cuestion>
    <cuestion>
      <enunciado><![CDATA[El número  decimal  mayor  a 3,603  es]]></enunciado>
      <explicacion />
      <imagen><![CDATA[imagenDummy-MotorM.png]]></imagen>
      <ampliacion />
      <respuestas>
        <respuesta contestacion="3,6001" correcta="0" />
        <respuesta contestacion="3,6" correcta="0" />
        <respuesta contestacion="3,5432" correcta="0" />
        <respuesta contestacion="3,61" correcta="1" />
      </respuestas>
    </cuestion>
    <cuestion>
      <enunciado><![CDATA[De  la  siguiente  lista  selecciona  el número  mayor.]]></enunciado>
      <explicacion />
      <imagen><![CDATA[imagenDummy-MotorM.png]]></imagen>
      <ampliacion />
      <respuestas>
        <respuesta contestacion="-3,61" correcta="0" />
        <respuesta contestacion="-3,6001" correcta="0" />
        <respuesta contestacion="-3,6" correcta="0" />
        <respuesta contestacion="-3,54324" correcta="1" />
      </respuestas>
    </cuestion>
  </test>
  <temps>20</temps>
</motor>