﻿<?xml version="1.0" encoding="UTF-8"?><motor tipo="2" clase="a" aprid="M2a"><plataforma><grado><![CDATA[2]]></grado><titulo>¿Qué sabes de la grafica de una función cuadrática?</titulo><area>3</area><nivel><![CDATA[1]]></nivel><referencia><![CDATA[MT_10_07_12 ]]></referencia><idreg><![CDATA[3101]]></idreg><motor><![CDATA[M2A]]></motor><lang>es</lang></plataforma><enunciado><![CDATA[Completa el siguiente texto sobre la gráfica de una función cuadrática.]]></enunciado><masinfo inicio="0" /><calc>1</calc><sonido /><textoacategoria><cuestion><pregunta><![CDATA[Una función [*] es una función polinómica de [*] grado. Su gráfica es una [*].
El [*] de simetría de la parábola es la recta [*] que divide a ésta en dos partes iguales.
El [*] es el punto de corte de dicho eje con la parábola.
Los puntos de corte con el eje de las [*] se calculan igualando la función a 0 y resolviendo la [*] de segundo grado resultante.
El punto de corte con el eje de las [*] se halla calculando la [*] del 0.
]]></pregunta><respuestas><respuesta orden="1"><![CDATA[cuadrática]]></respuesta><respuesta orden="2"><![CDATA[segundo]]></respuesta><respuesta orden="3"><![CDATA[parábola]]></respuesta><respuesta orden="4"><![CDATA[eje]]></respuesta><respuesta orden="5"><![CDATA[vertical ]]></respuesta><respuesta orden="6"><![CDATA[vértice]]></respuesta><respuesta orden="7"><![CDATA[abscisas]]></respuesta><respuesta orden="8"><![CDATA[ecuación]]></respuesta><respuesta orden="9"><![CDATA[ordenadas]]></respuesta><respuesta orden="10"><![CDATA[imagen]]></respuesta></respuestas></cuestion></textoacategoria><textofalso cantidad="0" /></motor>