﻿<?xml version="1.0" encoding="UTF-8"?>
<?xml-stylesheet href="cuadernoestudio/dtd/libro.xslt" type="text/xsl"?>
<!--Arbortext, Inc., 1988-2015, v.4002-->
<!DOCTYPE libro SYSTEM "cuadernoestudio/dtd/libro.dtd">
<libro id="MA_09_07_CO">
<libroTitulo>Las funciones exponencial y logarítmica</libroTitulo>
<seccion1 id="S1_MA_09_07_CO_4B85C61E266548A2988F254F69A25297">
<seccion1Titulo>La función exponencial</seccion1Titulo>
<seccion1Texto>
<p>El cultivo es un método fundamental para el estudio de los microorganismos
en medicina y veterinaria, que consiste en preparar un medio óptimo
para favorecer su  crecimiento.  </p>
<p>Supongamos que hay un millón de microorganismos por centímetro
cúbico; sabiendo que son capaces de duplicar su número cada 20 minutos,
¿cuántos habrá al cabo de un período de 20 minutos? ¿y al cabo de
dos y cuatro períodos? Para calcular estos valores, usamos <negrita
>funciones exponenciales</negrita>.</p>
<imagen src="MA_09_07_CO_IMG10_small.jpg">
<p>Cultivo de bacterias en una placa de Petri. Para calcular el crecimiento
de una población de estos microorganismos se usan <negrita>funciones
exponenciales.</negrita></p>
</imagen>
<p>Para empezar preparamos una tabla en la que recogemos los valores
que tenemos:</p>
<table cellpadding="5" cellspacing="0"><caption>El crecimiento de
un cultivo de bacterias</caption><colgroup><col/><col/><col/><col/><col/>
</colgroup>
<tbody>
<tr>
<td><negritacursiva>x</negritacursiva> (en períodos de 20 min)</td>
<td>1</td>
<td>2</td>
<td>3</td>
<td>4</td>
</tr>
<tr>
<td><negritacursiva>y</negritacursiva> (en millones de bacterias por
cm<superindice>3</superindice>)</td>
<td>2</td>
<td>4</td>
<td>8</td>
<td>16</td>
</tr>
</tbody>
</table>
<p>Observamos que, al pasar de un período al siguiente, el número
de bacterias se multiplica por dos, de manera que los valores que
encontramos forman una progresión geométrica de razón 2.</p>
<recuerda><recuerdaTexto>
<p>Una <negrita>progresión geométrica</negrita> es una secuencia de
elementos en la que cada uno se obtiene <negrita>multiplicando</negrita
> el anterior por una constante, denominada <negrita>razón</negrita
> de la progresión.</p>
</recuerdaTexto></recuerda>
<p>La fórmula general que expresa este tipo de crecimiento es: </p>
<p centrado="si"><cursiva>y</cursiva> = 2<cursiva><superindice>x</superindice
></cursiva> </p>
<p>En este tipo de función, a pequeñas variaciones de la variable
independiente x le corresponden grandes variaciones de la variable
dependiente y. Este tipo de función recibe el nombre de<negrita> función
exponencial</negrita>.</p>
<p>La <negrita>funcion exponencial</negrita> son de la forma <cursiva
>f</cursiva>(<cursiva>x</cursiva>) = <cursiva>a<superindice>x</superindice
></cursiva>, siendo <cursiva>a</cursiva>  un número real positivo
diferente de cero que recibe el nombre de <negrita>base</negrita>, <cursiva
>x</cursiva>  es la variable y pertenece a los números reales.</p>
<p>Algunos ejemplos de funciones exponenciales son: </p>
<p><cursiva>f</cursiva>(<cursiva>x</cursiva>) = 5<cursiva>x</cursiva
> </p>
<p><cursiva>f</cursiva>(<cursiva>x</cursiva>) = 3<cursiva>x</cursiva
></p>
<formula src="MA_09_07_01.gif"></formula>
<imagen src="MA_09_07_CO_IMG01_small.png">
<p>La función exponencial modela  el crecimiento de una población
en un tiempo determinado.</p>
</imagen>
<p>La función exponencial es utilizada en muchos campos del desarrollo
humano como la física, la química, la medicina, la economía, entre
otros. A continuación se presentan algunos ejemplos donde la ecuación
exponencial es   aplicada.    </p>
<p><negrita>En la física</negrita>: la ley del enfriamiento de un
cuerpo está determinada  por la siguiente función:  </p>
<p centrado="si"><cursiva>T</cursiva>(<cursiva>t</cursiva>) = <cursiva
>T<subindice>m</subindice></cursiva> + (<cursiva>T<subindice>0</subindice
></cursiva> – <cursiva>T<subindice>m</subindice></cursiva>)<cursiva
>e</cursiva><cursiva><superindice>–rt</superindice></cursiva>  </p>
<p>Donde <cursiva>T</cursiva>(<cursiva>t</cursiva>)  es la temperatura
al cabo de un tiempo <cursiva>t</cursiva>, <cursiva>T<subindice>0</subindice
></cursiva>  es la temperatura inicial del cuerpo, <cursiva>T<subindice
>m</subindice></cursiva>  es la temperatura ambiente donde se introduce
el cuerpo, <cursiva>k</cursiva> es una constante de enfriamiento que
tiene cada cuerpo, <cursiva>e</cursiva> ≈ 2,7182818… y <cursiva>t</cursiva
> es el tiempo transcurrido. </p>
<p><negrita>En la química</negrita>: para calcular la desintegración
radioactiva de algún cuerpo se utiliza la siguiente función:  </p>
<p centrado="si"><cursiva>C</cursiva>(<cursiva>t</cursiva>) = <cursiva
>C<subindice>0</subindice></cursiva> · <cursiva>e<superindice>–kt</superindice
></cursiva>  </p>
<p>Donde <cursiva>C</cursiva>(<cursiva>t</cursiva>) la cantidad del
elemento radioactivo medido en gramos, <cursiva>C<subindice>0</subindice
></cursiva>  es la cantidad del elemento radiactivo medido en gramos
que el cuerpo debe tener en ese momento, <cursiva>k</cursiva> es una
constante que se asigna a cada elemento radioactivo y <cursiva>t</cursiva
> es el tiempo trascurrido.</p>
<p><negrita>En la economía</negrita>: Para calcular el interés compuesto
se utiliza la siguiente función: </p>
<p centrado="si"><cursiva>C<subindice>f</subindice></cursiva> = <cursiva
>C<subindice>0</subindice></cursiva>(1 + <cursiva>i</cursiva>)<cursiva
><superindice>n</superindice></cursiva>  </p>
<p>Donde <cursiva>C<subindice>f</subindice></cursiva>  representa
el capital final, <cursiva>C<subindice>0</subindice></cursiva>  el
capital inicial, <cursiva>i</cursiva> la tasa de interés anual y <cursiva
>n</cursiva> el número de años. </p>
<profundiza>
<enlace
destino="/LoIdRedirect.aspx?LoId=MA_09_07_CO_Recurso010&amp;IdRecurso=RES-C252325E958841E48AB9B4F849216E25"
>La función exponencial y sus características</enlace>
</profundiza><practica>
<enlace
destino="/LoIdRedirect.aspx?LoId=MA_09_07_CO_Recurso020&amp;IdRecurso=RES-40887802851A4210B01AAA9E05B7C745"
>Reconoce la notación algebraica de una función exponencial</enlace>
</practica><seccion2
id="S2_MA_09_07_CO_DF0B4F7617D341CE87AF5164FC0FCB43">
<seccion2Titulo>La representación gráfica de las funciones exponenciales</seccion2Titulo>
<seccion2Texto>
<p>El método que a continuación se describe permite representar mediante
una gráfica en el plano cartesiano las <negrita>funciones exponenciales</negrita
>:</p>
<p><negrita>Primer paso</negrita>: crear una tabla de dos filas, en
una de ellas se escriben algunos valores de <cursiva>x</cursiva>,
se recomienda que los valores de <cursiva>x</cursiva> sean cercanos
a 0, estos valores deben ser algunos positivos y otros negativos,
en la otra columna se deben consignar los valores <cursiva>y</cursiva
> o <cursiva>f</cursiva>(<cursiva>x</cursiva>) que toma la función
al ser remplazada por los valores que se escogieron de <cursiva>x</cursiva
>,  recuerda que también se debe tomar a <cursiva>x</cursiva> = 0.</p>
<p><negrita>Segundo paso</negrita>: se ubican en el plano cartesiano
 las parejas ordenadas (<cursiva>x, y</cursiva>)  que se presentan
en la tabla anterior, posteriormente  se unen con un trazo suave y
curvo.</p>
<p>Por ejemplo, grafiquemos la función <cursiva>f</cursiva>(<cursiva
>x</cursiva>) = 2<cursiva><superindice>x</superindice></cursiva>.</p>
<p>Primer paso:</p>
<table cellpadding="5" cellspacing="0"><caption>Tabla de valores para
la función <cursiva>y</cursiva> = 2<cursiva><superindice>x</superindice
></cursiva></caption><colgroup align="center"><col/><col/><col/><col/>
<col/><col/><col/><col/><col/><col/></colgroup>
<tbody>
<tr>
<td><negritacursiva>x</negritacursiva></td>
<td>0</td>
<td>1</td>
<td>–1</td>
<td>2</td>
<td>–2</td>
<td>3</td>
<td>–3</td>
<td>4</td>
<td>–4</td>
</tr>
<tr>
<td><negrita><cursiva>f</cursiva>(<cursiva>x</cursiva>)</negrita></td>
<td>1</td>
<td>2</td>
<td>0,5</td>
<td>4</td>
<td>0,25</td>
<td>8</td>
<td>0,125</td>
<td>16</td>
<td>0,0625</td>
</tr>
</tbody>
</table>
<p>Segundo paso: </p>
<imagen src="MA_09_07_CO_IMG01_small.png">
<p>Representación gráfica de la función <cursiva>f</cursiva>(<cursiva
>x</cursiva>) = 2<superindice>x</superindice></p>
</imagen>
<p>La gráfica de la función exponencial <cursiva>f</cursiva>(<cursiva
>x</cursiva>) = <cursiva>a<superindice>x</superindice></cursiva> es
una curva que presenta las siguientes características.</p>
<p><negrita>Si el valor de <cursiva>a</cursiva> es mayor que 1</negrita
>. En este caso se cumple que: </p>
<listaSinNumerar>
<listaElemento>La función <cursiva>f</cursiva>(<cursiva>x</cursiva
>) es creciente.</listaElemento>
<listaElemento>Cuando <cursiva>x</cursiva> disminuye, el valor de <cursiva
>f</cursiva>(<cursiva>x</cursiva>) tiende a cero.</listaElemento>
<listaElemento>Cuando el valor de a aumenta, <cursiva>f</cursiva>(<cursiva
>x</cursiva>) crece más rápidamente.</listaElemento>
</listaSinNumerar>
<p><negrita>El valor de <cursiva>a</cursiva> es mayor que 0 y menor
que 1</negrita>. En este caso se cumple que:</p>
<listaSinNumerar>
<listaElemento>La función <cursiva>f</cursiva>(<cursiva>x</cursiva
>) es decreciente.</listaElemento>
<listaElemento>Cuando <cursiva>x</cursiva> aumenta, el valor de <cursiva
>f</cursiva>(<cursiva>x</cursiva>) tiende a cero.</listaElemento>
<listaElemento>Cuando el valor de a disminuye, <cursiva>f</cursiva
>(<cursiva>x</cursiva>) decrece más rápidamente.</listaElemento>
</listaSinNumerar>
</seccion2Texto></seccion2><seccion2
id="S2_MA_09_07_CO_DF0B4F7617D341CE87AF5164FC0F4433"><?Pub Dtl?>
<seccion2Titulo>Las características de las funciones exponenciales</seccion2Titulo>
<seccion2Texto>
<p>Para deducir algunas de las características principales de las
funciones exponenciales, analizaremos los siguientes gráficos:</p>
<imagen src="MA_09_07_CO_IMG11_small.png">
<p>Gráficos de varias funciones exponenciales con diferente base.</p>
</imagen>
<destacado><destacadoTitulo>Características función exponencial </destacadoTitulo>
<destacadoTexto>
<listaSinNumerar>
<listaElemento>El dominio de <cursiva>f</cursiva> es el conjunto de
los números reales ℝ.</listaElemento>
<listaElemento>El rango de <cursiva>f</cursiva> es el conjunto de
los números reales positivos ℝ+.</listaElemento>
<listaElemento>La función <cursiva>f</cursiva> es continua en ℝ.</listaElemento>
<listaElemento>La gráfica de la función siempre pasa por el punto
(0,1), esto se debe a que <cursiva>a</cursiva><superindice>0</superindice
> = 1.</listaElemento>
<listaElemento>No tiene puntos de intersección con el eje <cursiva
>X</cursiva>. Este eje es asíntota de la función.</listaElemento>
<listaElemento>Si 0 &lt; <cursiva>a</cursiva> &lt; 1 la función es
decreciente.</listaElemento>
<listaElemento>Si <cursiva>a</cursiva> > 1 la función es creciente.</listaElemento>
</listaSinNumerar>
</destacadoTexto></destacado>
<p>Las funciones exponenciales de bases inversas son simétricas respecto
al eje. En general, <cursiva>y</cursiva> = <cursiva>a<superindice
>x</superindice></cursiva> es simética a <cursiva>y</cursiva> = (1/<cursiva
>a</cursiva>)<cursiva><superindice>x</superindice></cursiva> = <cursiva
>a</cursiva><superindice>–<cursiva>x</cursiva></superindice> respecto
al eje Y.</p>
<recuerda><recuerdaTexto>
<p>Una <negrita>asíntota</negrita> es una línea curva que se acerca
de forma continua e indefinida a una recta. La distancia entre la
recta y la asíntota tiende a ser cero, por lo que se acercan sin contactar
hasta el infinito.</p>
</recuerdaTexto></recuerda>
<p>Veamos en los siguientes gráficos qué sucede si multiplicamos,
sumamos o restamos una constante a la función exponencial:</p>
<imagen src="MA_09_07_CO_IMG12_small.png">
<p>Modificación del gráfico de una <negrita>función exponencial</negrita
> al multiplicar, sumar o restar una constante. </p>
</imagen>
<listaSinNumerar>
<listaElemento>Si <negrita>multiplicamos</negrita> la función exponencial
por una constante <cursiva>k</cursiva>, el punto de corte con el eje
Y pasa a ser (0, <cursiva>k</cursiva>). La forma de la función es <cursiva
>y</cursiva> = <cursiva>ka<superindice>x</superindice></cursiva>.</listaElemento>
<listaElemento>Si <negrita>sumamos</negrita> una constante <cursiva
>n</cursiva>, el gráfico se desplaza hacia arriba <cursiva>n</cursiva
> unidades y la asíntota horizontal pasa a ser <cursiva>y</cursiva
> = <cursiva>n</cursiva>. La forma de la función es <cursiva>y</cursiva
> = <cursiva>a<superindice>x</superindice></cursiva> +<cursiva> n</cursiva
>.</listaElemento>
<listaElemento>Si <negrita>restamos</negrita> una constante <cursiva
>n</cursiva>, el gráfico se desplaza hacia abajo <cursiva>n</cursiva
> unidades y la asíntota horizontal pasa a ser <cursiva>y</cursiva
> = −<cursiva>n</cursiva>. La forma de la función es <cursiva>y</cursiva
> = <cursiva>a<superindice>x</superindice></cursiva> − <cursiva>n</cursiva
>.</listaElemento>
</listaSinNumerar>
<practica>
<enlace
destino="/LoIdRedirect.aspx?LoId=MA_09_07_CO_Recurso030&amp;IdRecurso=RES-384E0EB9AC6B4E1091EFA13E4D030947"
>Identifica características de las gráficas de funciones exponenciales</enlace>
</practica><profundiza>
<enlace
destino="/LoIdRedirect.aspx?LoId=MA_09_07_CO_Recurso040&amp;IdRecurso=RES-B156D57A52CA4FBB86E069900B15890F"
>Desplaza en el plano funciones exponenciales</enlace>
</profundiza><practica>
<enlace
destino="/LoIdRedirect.aspx?LoId=MA_09_07_CO_Recurso050&amp;IdRecurso=RES-347B80C08F3F4A48824BC1B6E5063070"
>Relaciona la función exponencial con su gráfica</enlace>
</practica></seccion2Texto></seccion2><seccion2
id="S2_MA_09_07_CO_DF0B4F7617D341CE87AF5164FC0F5544">
<seccion2Titulo>Consolidación</seccion2Titulo>
<seccion2Texto>
<p>Actividades para consolidar lo que has aprendido en esta sección. </p>
<practica>
<enlace
destino="/LoIdRedirect.aspx?LoId=MA_09_07_CO_Recurso060&amp;IdRecurso=RES-B057A02E9CEA45879700E7C22CDF41A6"
>Refuerza tu aprendizaje: La función exponencial</enlace>
</practica></seccion2Texto></seccion2></seccion1Texto></seccion1>
<seccion1 id="S1_MA_09_07_CO_703391549D754185B36924E074C26262">
<seccion1Titulo>La función logarítmica</seccion1Titulo>
<seccion1Texto>
<p>La <negrita>función logarítmica</negrita> es la función inversa
de la <negrita>función exponencial</negrita>, es decir dada la función
exponencial definida como <cursiva>y</cursiva> = <cursiva>a<superindice
>x</superindice></cursiva> existe su función inversa conocida como
la <negrita>función logarítmica</negrita>. Para hallar la función
inversa de una función exponencial <cursiva>y</cursiva> = <cursiva
>a<superindice>x</superindice></cursiva>,  se  intercambian las  variables <cursiva
>y</cursiva> por <cursiva>x</cursiva> y <cursiva>x</cursiva> por <cursiva
>y</cursiva>, y se despeja <cursiva>y</cursiva> es decir:   </p>
<p><cursiva>y</cursiva> = <cursiva>a<superindice>x</superindice></cursiva
> → <cursiva>x</cursiva> = <cursiva>a<superindice>y</superindice></cursiva
> → <cursiva>y</cursiva> = log<cursiva><subindice>a</subindice> x</cursiva
>.  </p>
<p>La función <cursiva>f</cursiva>(<cursiva>x</cursiva>) = log<cursiva
><subindice>a</subindice> x</cursiva>, <cursiva>a</cursiva> > 0 y <cursiva
>a</cursiva> ≠ 1, se lee función  logaritmo en base <cursiva>a</cursiva
>  de <cursiva>x</cursiva>, y busca un exponente <cursiva>y</cursiva
> al que se debe elevar la base <cursiva>a</cursiva> para obtener
la potencia <cursiva>x</cursiva>.</p>
<destacado><destacadoTitulo>La función logarítmica</destacadoTitulo>
<destacadoTexto>
<p>Llamamos <negrita>función logarítmica</negrita> de base <cursiva
>a</cursiva> (donde a un número real positivo distinto de 1) a la
función inversa de la exponencial de la misma base. Su expresión algebraica
es de la forma: </p>
<p centrado="si"><cursiva>y</cursiva> = log<cursiva><subindice>a</subindice
></cursiva> <cursiva>x</cursiva> </p>
<p>Además, 1 ≠ <cursiva>a</cursiva> > 0.</p>
</destacadoTexto></destacado>
<p>Algunos ejemplos de la función logarítmica son: </p>
<p><cursiva>f</cursiva>(<cursiva>x</cursiva>) = log<subindice>2</subindice
><cursiva>x</cursiva> </p>
<p><cursiva>f</cursiva>(<cursiva>x</cursiva>) = log<subindice>3</subindice
><cursiva>x</cursiva>   </p>
<p><cursiva>f</cursiva>(<cursiva>x</cursiva>) = log<subindice>½</subindice
><cursiva>x</cursiva>   </p>
<p>Existen dos logaritmos que son especiales debido a que son los
más utilizados:  </p>
<p><negrita>Logaritmo en base 10</negrita>: el logaritmo en base 10
que se denota como log <cursiva>x</cursiva>, la gran  mayorías de
calculadoras científicas poseen una tecla que lo calcula. </p>
<p><negrita>El logaritmo en base <cursiva>e</cursiva></negrita>: se
conoce como el logaritmo natural y se escribe    <cursiva>ln x</cursiva
>, también existe una tecla en la mayoría de las calculadoras científicas
que lo calcula.</p>
<recuerda><recuerdaTexto>
<p>El número <cursiva>e</cursiva> es un numero irracional trascendente
 conocido como el número de Euler o constante de Napier  este número
irracional es uno de los más importantes ya que es uno de los más
utilizados en el cálculo y es la base del logaritmo natural, una de
sus aproximaciones es   </p>
<p centrado="si"><cursiva>e</cursiva> ≈ 2,71828182845…</p>
</recuerdaTexto></recuerda><practica>
<enlace
destino="/LoIdRedirect.aspx?LoId=MA_09_07_CO_Recurso160&amp;IdRecurso=RES-6CEFDB9AC1B541A391E1B899551FC3F7"
>Practica el cálculo de logaritmos</enlace>
</practica>
<p>Las funciones logarítmicas son utilizadas en muchos campos, por
ejemplo:</p>
<p><negrita>En la geología</negrita>: la siguiente función es utilizada
para medir la magnitud de los terremotos: </p>
<p><cursiva>M</cursiva> = <cursiva>log A</cursiva> + 3<cursiva>log</cursiva
> (8·∆<cursiva>t</cursiva>) – 2,92</p>
<p>Donde <cursiva>M</cursiva>, es la magnitud del terremoto, y ∆<cursiva
>t</cursiva>  la diferencia en segundos entre el inicio de la onda
primaria al inicio de las ondas secundarias, es decir la diferencia
en tiempo cuando comienza el temblor y cuando ocurre la honda de 
mayor amplitud. </p>
<imagen src="MA_09_07_CO_IMG03_small.jpg">
<p>Las funciones logarítmicas son usadas para medir la magnitud de
los temblores por medio de la escala de Richter. </p>
</imagen>
<p><negrita>En la arqueología</negrita>: para calcular la antigüedad
de algún objeto se utiliza la prueba de carbono 14 utilizando la siguiente
función:</p>
<formula alineacion="centrada" src="MA_09_07_47.gif"></formula>
<p>Donde <cursiva>t</cursiva> es la antigüedad aproximada del objeto, <cursiva
>N<subindice>f</subindice></cursiva>  el carbono final que tiene el
objeto, <cursiva>N</cursiva><subindice>0</subindice>  la cantidad
de carbono original del objeto y <cursiva>T</cursiva><subindice>½</subindice
> el periodo de desintegración del carbono 14.  </p>
<p><negrita>En la química:</negrita> para medir la acidez de un líquido
(pH) se utiliza la siguiente función: </p>
<p centrado="si"><cursiva>pH</cursiva> = –<cursiva>log</cursiva> (<cursiva
>H</cursiva><superindice>+</superindice>) </p>
<p>Donde pH es la acidez de la sustancia y <cursiva>H</cursiva><superindice
>+</superindice> la cantidad de iones de hidrógeno de la sustancia. </p>
<profundiza>
<enlace
destino="/LoIdRedirect.aspx?LoId=MA_09_07_CO_Recurso140&amp;IdRecurso=RES-7F5F100AFC5C48DCA9EB87C0692DA55C"
>La función logarítmica</enlace>
</profundiza><practica>
<enlace
destino="/LoIdRedirect.aspx?LoId=MA_09_07_CO_Recurso150&amp;IdRecurso=RES-EC485A775F0D475B84396AC6FBE4B22E"
>Clasifica las funciones logarítmicas y exponenciales</enlace>
</practica><seccion2
id="S2_MA_09_07_CO_703391549D754185B36924E074C24433"><?Pub Dtl?>
<seccion2Titulo>Representación gráfica de las funciones logarítmicas</seccion2Titulo>
<seccion2Texto>
<p>Existen varios métodos para representar de forma gráfica de las <negrita
>funciones logarítmicas</negrita>, uno de los más sencillos  será
descrito a continuación:  </p>
<p><negrita>Paso 1:</negrita> expresar la función <cursiva>y</cursiva
> = log<cursiva><subindice>a</subindice> x</cursiva>  como  <cursiva
>x</cursiva> = <cursiva>a<superindice>y</superindice></cursiva> esto
se puede realizar porque son expresiones equivalentes.  </p>
<p><negrita>Paso 2:</negrita> dar algunos valores a <cursiva>y</cursiva
> en la expresión <cursiva>x</cursiva> = <cursiva>a<superindice>y</superindice
></cursiva>,  y determinar los valores de <cursiva>x</cursiva>, para
consignarlos en una tabla; ten en cuenta que con estos puntos se deberá
esbozar la gráfica.</p>
<p><negrita>Paso 3:</negrita> unir los puntos con una curva suave.</p>
<p>Por ejemplo,</p>
<p>grafiquemos la función: <cursiva>y</cursiva> = log<subindice>2</subindice
> <cursiva>x</cursiva>  </p>
<p><negrita>Paso 1: </negrita><cursiva>y</cursiva> = log<subindice
>2</subindice> <cursiva>x</cursiva> entonces <cursiva>x</cursiva> =
2<cursiva><superindice>y</superindice></cursiva>  .</p>
<p>En la imagen se observan los pasos 2 y 3.</p>
<imagen src="MA_09_07_CO_IMG04_small.png">
<p>Gráfica de la función logarítmica <cursiva>f</cursiva>(<cursiva
>x</cursiva>)= log<subindice>2</subindice> <cursiva>x</cursiva></p>
</imagen>
<p>La gráfica de la función logarítmica <cursiva>f</cursiva>(<cursiva
>x</cursiva>) = Log<cursiva><subindice>a</subindice></cursiva> <cursiva
>x</cursiva> es una curva, que se puede analizar teniendo en cuenta
dos casos.</p>
<p>1. <negrita>El valor de <cursiva>a</cursiva> es mayor que 1</negrita
>. En este caso se cumple que: </p>
<listaSinNumerar>
<listaElemento>La función <cursiva>f</cursiva>(<cursiva>x</cursiva
>) es creciente.</listaElemento>
<listaElemento>Cuando <cursiva>x</cursiva> disminuye, el valor de <cursiva
>f</cursiva>(<cursiva>x</cursiva>) tiende a infinito negativo.</listaElemento>
<listaElemento>Cuando el valor de a disminuye, <cursiva>f</cursiva
>(<cursiva>x</cursiva>) crece más rápidamente, si <cursiva>x</cursiva
> > 1.</listaElemento>
</listaSinNumerar>
<p>2. <negrita>El valor de a es mayor que 0 y menor que 1</negrita
>. En este caso se cumple que: </p>
<listaSinNumerar>
<listaElemento>La función <cursiva>f</cursiva>(<cursiva>x</cursiva
>) es decreciente.</listaElemento>
<listaElemento>Cuando <cursiva>x</cursiva> disminuye, el valor de <cursiva
>f</cursiva>(<cursiva>x</cursiva>) tiende a infinito positivo.</listaElemento>
<listaElemento>Cuando el valor de <cursiva>a</cursiva> aumenta, la
función <cursiva>f</cursiva>(<cursiva>x</cursiva>) decrece más rápidamente,
si <cursiva>x</cursiva> > 1.</listaElemento>
</listaSinNumerar>
<profundiza>
<enlace
destino="/LoIdRedirect.aspx?LoId=MA_09_07_CO_Recurso180&amp;IdRecurso=RES-2139889CEC5F4A87B5E04999D322BCAD"
>Las gráficas de las funciones logarítmicas</enlace>
</profundiza><practica>
<enlace
destino="/LoIdRedirect.aspx?LoId=MA_09_07_CO_Recurso190&amp;IdRecurso=RES-78ADED22955045BAA47A0D8DA815A3FC"
>Relaciona cada gráfica con la ecuación de su función logarítmica</enlace>
</practica></seccion2Texto></seccion2><seccion2
id="S2_MA_09_07_CO_703391549D754185B36924E074C25544"><?Pub Dtl?>
<seccion2Titulo>Características de la función logarítmica</seccion2Titulo>
<seccion2Texto>
<p>Para deducir algunas de las características principales de las
funciones logarítmicas, observaremos los gráficos de las siguientes
funciones, que difieren en le valor de la base:</p>
<imagen src="MA_09_07_CO_IMG13_small.png"></imagen>
<destacado><destacadoTitulo>Las características de la función logarítmica</destacadoTitulo>
<destacadoTexto>
<listaSinNumerar>
<listaElemento>El dominio de <cursiva>f</cursiva> es el conjunto de
los números reales positivos ℝ+.</listaElemento>
<listaElemento>El rango de <cursiva>f</cursiva> es el conjunto de
los números reales ℝ.</listaElemento>
<listaElemento>La función logarítmica <cursiva>f</cursiva> es continua
en ℝ<superindice>+</superindice>.</listaElemento>
<listaElemento>La función logarítmica <cursiva>f</cursiva> pasan por
el punto (1, 0), esto se debe a que log<subindice><cursiva>a</cursiva
></subindice> 1 = 0.</listaElemento>
<listaElemento>Interseca el eje X en el punto (<cursiva>a</cursiva
>, 1)</listaElemento>
<listaElemento>El eje Y es asíntota de la función logaritmo.</listaElemento>
<listaElemento>Si 0 &lt; <cursiva>a</cursiva> &lt; 1 gráfica de la
función es decreciente.</listaElemento>
<listaElemento>Si <cursiva>a</cursiva> > 1 gráfica de la función es
creciente.</listaElemento>
</listaSinNumerar>
</destacadoTexto></destacado><practica>
<enlace
destino="/LoIdRedirect.aspx?LoId=MA_09_07_CO_Recurso170&amp;IdRecurso=RES-953B50AC9D4D4DC09E90E0FC28951F3A"
>Identifica características de funciones logarítmicas</enlace>
<enlace
destino="/LoIdRedirect.aspx?LoId=MA_09_07_CO_Recurso200&amp;IdRecurso=RES-A3B3BEE9968748EAB21C8F875E997743"
>Analiza las características de las funciones logarítmicas</enlace>
</practica>
<listaSinNumerar>
<listaElemento>Las funciones logarítmicas de <negrita>bases inversas</negrita
> son <negrita>simétricas</negrita> respecto al eje X. En general, <cursiva
>y</cursiva> = log<cursiva><subindice>a</subindice>x</cursiva> es
simétrica a y = log<subindice>1/<cursiva>a</cursiva></subindice> <cursiva
>x</cursiva> respecto al eje X.</listaElemento>
</listaSinNumerar>
<p>Veamos en las siguientes gráficas qué sucede si multiplicamos,
sumamos o restamos una constante a la función logarítmica:</p>
<imagen src="MA_09_07_CO_IMG14_small.png">
<p>Modificación de la gráfica logarítmica al <negrita>multiplicar</negrita
>, <negrita>sumar</negrita> o <negrita>restar</negrita> una <negrita
>constante</negrita>.</p>
</imagen>
<listaSinNumerar>
<listaElemento>Si <negrita>multiplicamos</negrita> por una constante <cursiva
>k</cursiva> > 0, cambia la rapidez con que la función logarítmica
crece o decrece. La función tiene la forma <cursiva>y</cursiva> = <cursiva
>k</cursiva> · log<cursiva><subindice>a</subindice> x</cursiva>.</listaElemento>
<listaElemento>Si <negrita>sumamos</negrita> una constante <cursiva
>n</cursiva>, la gráfica se desplaza hacia arriba <cursiva>n</cursiva
> unidades y el punto de corte con el eje de abscisas se desplaza
hacia la izquierda. La función tiene la forma <cursiva>y</cursiva
> = log<cursiva><subindice>a</subindice></cursiva> (<cursiva>x</cursiva
>) + <cursiva>n</cursiva>.</listaElemento>
<listaElemento>Si <negrita>restamos</negrita> una constante n, la
gráfica se desplaza hacia abajo n unidades y el punto de corte con
el eje de abscisas se desplaza hacia la derecha. La función tiene
la forma <cursiva>y</cursiva> = log<cursiva><subindice>a</subindice
></cursiva> (<cursiva>x</cursiva>) − <cursiva>n</cursiva>.</listaElemento>
</listaSinNumerar>
</seccion2Texto></seccion2><seccion2
id="S2_MA_09_07_CO_703391549D754185B36924E074C26655">
<seccion2Titulo>Las propiedades de los logaritmos</seccion2Titulo>
<seccion2Texto>
<p>La logaritmación es una operación entre dos números reales, definida
como: </p>
<p centrado="si">log<cursiva><subindice>a</subindice> x</cursiva> = <cursiva
>y</cursiva>  </p>
<p>Esta operación cumple algunas propiedades algebraicas, que se relacionan
directamente con las propiedades de la potenciación. </p>
<p>Para todo <cursiva>a</cursiva> ∈  ℝ<superindice>+</superindice
>, <cursiva>b</cursiva>, <cursiva>c</cursiva> ∈  ℝ, se cumplen las
siguientes propiedades:</p>
<p><negrita>El logaritmo de un producto</negrita> es igual a la suma
de los logaritmos de los factores.</p>
<formula alineacion="centrada" src="MA_09_07_48.gif"></formula>
<p>Por ejemplo,</p>
<p centrado="si">log<subindice>2</subindice> (4 · 2) = log<subindice
>2</subindice>4 + log<subindice>2</subindice>2 </p>
<p centrado="si">log<subindice>2</subindice> (8) = 2 + 1 = 3</p>
<p><negrita>El logaritmo de un cociente</negrita> (división) es igual
a la diferencia entre logaritmo del dividendo por el logaritmo del
divisor.</p>
<formula alineacion="centrada" src="MA_09_07_24.gif"></formula>
<p>Por ejemplo,</p>
<formula alineacion="centrada" src="MA_09_07_25.gif"></formula>
<p><negrita>El logaritmo de una potencia</negrita> es igual al producto
del exponente multiplicado por logaritmo de la base</p>
<formula alineacion="centrada" src="MA_09_07_50.gif"></formula>
<p>Por ejemplo, </p>
<p centrado="si">log<subindice>4</subindice> (16<superindice>2</superindice
>) = 2 · log<subindice>4</subindice> 16 </p>
<p centrado="si">log<subindice>4</subindice> 64 = 2 · 2 = 4</p>
<p><negrita>El logaritmo de una raíz</negrita> es igual al logaritmo
del radical dividido entre índice de la raíz.</p>
<formula alineacion="centrada" src="MA_09_07_27.gif"></formula>
<p>Por ejemplo,</p>
<formula alineacion="centrada" src="MA_09_07_28.gif"></formula>
<p>•	El <negrita>logaritmo de 1</negrita> en cualquier base siempre
es 0:</p>
<formula alineacion="centrada" src="MA_09_07_51.gif"></formula>
<p>•	El <negrita>logaritmo de la base</negrita> siempre es 1:</p>
<formula alineacion="centrada" src="MA_09_07_52.gif"></formula>
<p><negrita>El cambio de base de logaritmos</negrita></p>
<p>Con las calculadoras electrónicas solo se pueden calcular logaritmos
con dos bases:</p>
<listaSinNumerar>
<listaElemento>La base 10, de los logaritmos decimales, que escribimos
log.</listaElemento>
<listaElemento>La base <cursiva>e</cursiva>, de los logaritmos neperianos
o naturales, que escribimos ln.</listaElemento>
</listaSinNumerar>
<p>Por ello, si queremos utilizar una calculadora para hallar logaritmos
de cualquier otra base, debemos recurrir a la fórmula de cambio de
base:</p>
<formula alineacion="centrada" src="MA_09_07_53.gif"></formula>
<p>Por ejemplo, para calcular un logaritmo de base 3, cambiaremos
a logaritmos de base 10. De este modo, podremos calcular:</p>
<formula alineacion="centrada" src="MA_09_07_54.gif"></formula>
<p><negrita>¡Atención!</negrita> En los logaritmos de base 10, la
base no se suele escribir.</p>
<practica>
<enlace
destino="/LoIdRedirect.aspx?LoId=MA_09_07_CO_Recurso210&amp;IdRecurso=RES-2036C97A7DCC4681840AFC5D4FD14730"
>Reconoce las propiedades de las funciones logarítmicas </enlace>
<enlace
destino="/LoIdRedirect.aspx?LoId=MA_09_07_CO_Recurso220&amp;IdRecurso=RES-048421042BDA4DA69E37C81D50F5FDFC"
>Aplica las propiedades de los logaritmos</enlace>
</practica></seccion2Texto></seccion2><seccion2
id="S2_MA_09_07_CO_703391549D754185B36924E074C27766">
<seccion2Titulo>Consolidación</seccion2Titulo>
<seccion2Texto>
<p>Actividades para consolidar lo que has aprendido en esta sección.</p>
<practica>
<enlace
destino="/LoIdRedirect.aspx?LoId=MA_09_07_CO_Recurso230&amp;IdRecurso=RES-23C872EC29574BBE91469C241BB15A58"
>Refuerza tu aprendizaje: La función logarítmica</enlace>
</practica></seccion2Texto></seccion2></seccion1Texto></seccion1>
<seccion1 id="S1_MA_09_07_CO_9D5D7A25E6A245DFB8953109E77E9946">
<seccion1Titulo>Ecuaciones logarítmicas y exponenciales</seccion1Titulo>
<seccion1Texto>
<p>Las ecuaciones que tienen la incógnita en el exponente reciben
el nombre de <negrita>ecuaciones exponenciales </negrita>y las ecuaciones
en las cuales la incógnita se encuentra afectada por un logaritmo
reciben el nombre de <negrita>ecuaciones logarítmicas</negrita>. </p>
<seccion2 id="S2_MA_09_07_CO_9D5D7A25E6A245DFB8953109E77E4466">
<seccion2Titulo>Ecuaciones exponenciales</seccion2Titulo>
<seccion2Texto>
<p>Resolver una ecuación exponencial significa encontrar el valor
de la incógnita para que se cumpla la igualdad. El procedimiento para
resolver ecuaciones exponenciales cambia de acuerdo con la ecuación
que se presenta, sin embargo siempre es necesario aplicar las propiedades
de la potenciación  partiendo de la relación:</p>
<p centrado="si">Si <cursiva>a<superindice>x</superindice></cursiva
> = <cursiva>a<superindice>y</superindice></cursiva>, entonces <cursiva
>x</cursiva> = <cursiva>y</cursiva>.</p>
<p>Por ejemplo,</p>
<listaNumerada>
<listaElemento>Resuelva la siguiente ecuación:<p centrado="si">5<superindice
><cursiva>x</cursiva> + 3</superindice> = 3125</p><p>En este caso
se puede  escribir los dos lados de la ecuación como potencias de
la misma base:</p><p>5<superindice><cursiva>x</cursiva> + 3</superindice
> = 3125 → 5<superindice><cursiva>x</cursiva> + 3</superindice> =
55 </p><p>Se igualan las dos expresiones que se encuentran en los
exponentes, esto se puede realizar gracias a la propiedad que dice:
Si <cursiva>a<superindice>x</superindice></cursiva> = <cursiva>a<superindice
>y</superindice></cursiva>, entonces <cursiva>x</cursiva> = <cursiva
>y</cursiva>, así </p><p>5<superindice><cursiva>x</cursiva> + 3</superindice
> = 5<superindice>5</superindice> </p><p><cursiva>x</cursiva> + 3
= 5 </p><p><cursiva>x</cursiva> = 5 – 3 </p><p><cursiva>x</cursiva
> = 2 </p><p>Se remplaza a <cursiva>x</cursiva> por 2 en la ecuación
original para comprobar si es solución: </p><p>5<superindice><cursiva
>x</cursiva> + 3</superindice> = 3125 → 5<superindice>2 + 3</superindice
> = 3125</p><p>Por lo tanto, <cursiva>x</cursiva> = 2 es solución
de la ecuación exponencial.</p></listaElemento>
<listaElemento>Resuelva la siguiente ecuación:<p>2<superindice><cursiva
>x</cursiva> + 3</superindice> + 2<cursiva><superindice>x</superindice
></cursiva> + 2<superindice><cursiva>x</cursiva> + 1</superindice
> = 88  </p><p>En este caso se puede sacar factor común 2<superindice
><cursiva>x</cursiva></superindice> al lado izquierdo de la ecuación.</p
><p>2<superindice><cursiva>x</cursiva> + 3</superindice> + 2<superindice
><cursiva>x</cursiva></superindice> + 2<superindice><cursiva>x</cursiva
> + 1</superindice> = 88 </p><p>2<cursiva><superindice>x</superindice
></cursiva> · (2<superindice>3</superindice> + 1 + 2<superindice>1</superindice
>) = 88</p><p>Se desarrollan las operaciones indicadas al lado izquierdo
de la ecuación:  	</p><p>2<superindice><cursiva>x</cursiva></superindice
>(2<superindice>3</superindice> + 1 + 2<superindice>1</superindice
>) = 88 </p><p>2<superindice><cursiva>x</cursiva></superindice>(8
+ 1 + 2) = 88 </p><p>2<superindice><cursiva>x</cursiva></superindice
> · 11 = 88</p><p>Se despeja a 2<cursiva><superindice>x</superindice
></cursiva>:</p><formula alineacion="centrada" src="MA_09_07_33.gif">
</formula><p>Se aplica la propiedad: Si<cursiva> a<superindice>x</superindice
></cursiva> = <cursiva>a<superindice>y</superindice></cursiva>, entonces <cursiva
>x</cursiva> = <cursiva>y</cursiva> </p><p>2<superindice><cursiva
>x</cursiva></superindice> = 8 </p><p>2<cursiva>x</cursiva> = 2<superindice
>3</superindice></p><p><cursiva>x</cursiva> = 3 </p><p>Se remplaza
a <cursiva>x</cursiva> por 3 en la ecuación original para comprobar
 la solución: </p><p>2<superindice><cursiva>x</cursiva> + 3</superindice
> + 2<cursiva><superindice>x</superindice></cursiva> + 2<superindice
><cursiva>x</cursiva> + 1</superindice> = 88 </p><p>23 + 3 + 23 +
23 + 1 = 88  </p><p>Resolviendo </p><p>2<superindice>6</superindice
> + 2<superindice>3</superindice> + 2<superindice>4</superindice> 
= 88 </p><p>64 + 8 + 16 = 88</p><p>De esta forma, <cursiva>x</cursiva
> = 3 satisface la ecuación.</p></listaElemento>
<listaElemento>Resuelva la siguiente ecuación:  <p>4<superindice><cursiva
>x</cursiva> – 1</superindice> = 21 </p><p>En este caso se saca logaritmo
en base 10 a los dos lados de la igualdad: </p><p>4<superindice><cursiva
>x</cursiva> – 1</superindice> = 21 </p><p>log<subindice>10</subindice
> (4<superindice><cursiva>x</cursiva> – 1</superindice>) = log<subindice
>10</subindice> 21 </p><p>Se utiliza la propiedad log<cursiva><subindice
>a</subindice></cursiva> (<cursiva>b<superindice>c</superindice></cursiva
>) = <cursiva>c</cursiva> · log<cursiva><subindice>a</subindice></cursiva
> <cursiva>b</cursiva> al lado izquierdo de la igualdad:      </p
><p>log<subindice>10</subindice> (4<superindice><cursiva>x</cursiva
> – 1</superindice>)  = log<subindice>10</subindice> 21 </p><p>(<cursiva
>x</cursiva> – 1) · log<subindice>10</subindice> 4 = log<subindice
>10</subindice> 21 </p><p>Se despeja <cursiva>x</cursiva> de la ecuación:</p
><formula alineacion="centrada" src="MA_09_07_34.gif"></formula><p
>Se calcula el valor aproximado de <cursiva>x</cursiva>:</p><formula
alineacion="centrada" src="MA_09_07_35.gif"></formula><p>Se remplaza
el valor aproximado de <cursiva>x</cursiva> ≈ 3,196161 en la ecuación
original para comprobar si es solución: </p><p>4<superindice><cursiva
>x</cursiva> – 1</superindice> = 21 </p><p>4<superindice>3,196961
– 1</superindice> = 21 </p><p>4<superindice>2,196961</superindice
> = 21 </p><p>Cuando se reemplaza <cursiva>x</cursiva> ≈ 3,196161
se obtiene un valor muy cercano a 21, por tal razón se satisface la
ecuación.</p></listaElemento>
</listaNumerada>
<destacado><destacadoTitulo>Propiedades del logaritmo  natural (ln <cursiva
>x</cursiva>)</destacadoTitulo><destacadoTexto>
<p>Estas son las propiedades del logaritmo natural </p>
<listaSinNumerar>
<listaElemento>ln 1 = 0 </listaElemento>
<listaElemento>ln <cursiva>e</cursiva> = 1</listaElemento>
<listaElemento>ln <cursiva>e<superindice>n</superindice></cursiva
> = <cursiva>n</cursiva></listaElemento>
<listaElemento>ln (<cursiva>xy</cursiva>) = ln <cursiva>x</cursiva
> + ln <cursiva>y</cursiva></listaElemento>
<listaElemento>ln (<cursiva>x/y</cursiva>) = ln <cursiva>x</cursiva
> – ln <cursiva>y</cursiva></listaElemento>
<listaElemento>ln <cursiva>x<superindice>n</superindice></cursiva
> = <cursiva>n</cursiva>·ln <cursiva>x</cursiva> </listaElemento>
</listaSinNumerar>
</destacadoTexto></destacado><practica>
<enlace
destino="/LoIdRedirect.aspx?LoId=MA_09_07_CO_Recurso280&amp;IdRecurso=RES-31601119D9E549D29B1D03C022483B68"
>Resuelve ecuaciones exponenciales</enlace>
</practica></seccion2Texto></seccion2><seccion2
id="S2_MA_09_07_CO_9D5D7A25E6A245DFB8953109E77E5577">
<seccion2Titulo>Ecuaciones logarítmicas </seccion2Titulo>
<seccion2Texto>
<p>Las ecuaciones cuyas incógnitas intervienen en un logaritmo se
denominan ecuaciones logarítmicas. Para resolverlas se desarrollan
los siguientes pasos:</p>
<listaNumerada>
<listaElemento>Se aplican las propiedades de logaritmo para despejar
el término que contiene la variable.</listaElemento>
<listaElemento>Se expresa la ecuación de forma exponencial.</listaElemento>
<listaElemento>Se resuelve la ecuación despejando la variable.</listaElemento>
</listaNumerada>
<p>Por ejemplo,</p>
<listaNumerada>
<listaElemento>Resolvamos la siguiente ecuación:<p>log<subindice>5</subindice
> (<cursiva>x</cursiva> + 15) + log<subindice>5</subindice> (<cursiva
>x</cursiva> – 5) = log<subindice>5</subindice> (10<cursiva>x</cursiva
> + 25) </p><p>• Se aplica la propiedad  log<cursiva><subindice>a</subindice
></cursiva> (<cursiva>b · c</cursiva>) = log<cursiva><subindice>a</subindice
></cursiva> <cursiva>b</cursiva> + log<cursiva><subindice>a</subindice
></cursiva> <cursiva>c</cursiva> al lado izquierdo de la igualdad: </p
><p>log<subindice>5</subindice> (x + 15) + log<subindice>5</subindice
> (x – 5) = log<subindice>5</subindice> (10x + 25)</p><p>log<subindice
>5</subindice> ((<cursiva>x</cursiva> + 15)(<cursiva>x</cursiva> –
5)) = log<subindice>5</subindice> (10<cursiva>x</cursiva> + 25) </p
><p>• Se desarrollan las operaciones indicadas al lado izquierdo de
la igualdad:</p><p>log<subindice>5</subindice> (<cursiva>x</cursiva
><superindice>2</superindice> + 10<cursiva>x</cursiva> – 75) = log<subindice
>5</subindice> (10<cursiva>x</cursiva> + 25) </p><p>• Se expresa en
forma exponencial los logaritmos teniendo en cuenta la propiedad log<subindice
><cursiva>a</cursiva></subindice> (<cursiva>b</cursiva>) = log<cursiva
><subindice>a</subindice></cursiva> (<cursiva>c</cursiva>) → <cursiva
>b</cursiva> = <cursiva>c</cursiva>.   </p><p>log<subindice>5</subindice
> (<cursiva>x</cursiva><superindice>2</superindice> + 10<cursiva>x</cursiva
> – 75) = log<subindice>5</subindice> (10<cursiva>x</cursiva> + 25)
→ <cursiva>x</cursiva><superindice>2</superindice> + 10<cursiva>x</cursiva
> – 75 = 10<cursiva>x</cursiva> + 25  </p><p>• Se encuentra el valor
de <cursiva>x</cursiva>: </p><p><cursiva>x</cursiva><superindice>2</superindice
> + 10<cursiva>x</cursiva> – 75 = 10<cursiva>x</cursiva> + 25 → <cursiva
>x</cursiva><superindice>2</superindice> = 100 → <cursiva>x</cursiva
> = 10 o <cursiva>x</cursiva> = –10 </p><p>• Se remplaza <cursiva
>x</cursiva> = 10 y <cursiva>x</cursiva> = –10 en la ecuación original
para comprobar si son solución:</p><p>Cuando <cursiva>x</cursiva> =
10: </p><p>log<subindice>5</subindice> (<cursiva>x</cursiva> + 15)
+ log<subindice>5</subindice> (<cursiva>x</cursiva> – 5) = log<subindice
>5</subindice> (10<cursiva>x</cursiva> + 25)  </p><p>log<subindice
>5</subindice> (10 + 15) + log<subindice>5</subindice> (10 – 5) =
log<subindice>5</subindice>((10 · 10) + 25)  </p><p>log<subindice
>5</subindice> (25) + log<subindice>5</subindice> (5) = log<subindice
>5</subindice> (100 + 25)   </p><p>log<subindice>5</subindice> (25)
+ log<subindice>5</subindice> (5) = log<subindice>5</subindice> (125)</p
><p>2 + 1 = 3</p><p>3 = 3</p><p><cursiva>x</cursiva> = 10 si es solución
de la ecuación.</p><p>Asimismo, cuando x = –10 </p><p>log<subindice
>5</subindice> (<cursiva>x</cursiva> + 15) + log<subindice>5</subindice
> (<cursiva>x</cursiva> – 5) = log<subindice>5</subindice> (10<cursiva
>x</cursiva> + 25) </p><p>log<subindice>5</subindice> (–10 + 15) +
log<subindice>5</subindice> (–10 – 5) = log<subindice>5</subindice
> ((–10 · 10) + 25) </p><p>log<subindice>5</subindice> (5) + log<subindice
>5</subindice> (–15) = log<subindice>5</subindice> (–100 + 25)   </p
><p>log<subindice>5</subindice>(5) + log<subindice>5</subindice>(–15)
= log<subindice>5</subindice>(75)  </p><p><cursiva>x</cursiva> = –10
no es solución debido a que genera logaritmos negativos y los logaritmos
negativos no están definidos.</p></listaElemento>
<listaElemento>Resuelva la siguiente ecuación: <formula
alineacion="centrada" src="MA_09_07_36.gif"></formula><p>Se aplican
las propiedades del logaritmo, así</p><formula alineacion="centrada"
src="MA_09_07_37.gif"></formula><p>Se sustrae a los dos lados de la
igualdad log<subindice>2</subindice> <cursiva>x</cursiva>,  se desarrolla
al lado derecho log<subindice>2</subindice>2 y las operaciones indicadas
que se puedan realizar:</p><p>3log<subindice>2</subindice> <cursiva
>x</cursiva> = 11 + log<subindice>2</subindice> <cursiva>x</cursiva
> – log<subindice>2</subindice> 2 → 3log<subindice>2</subindice> <cursiva
>x</cursiva> – log<subindice>2</subindice> <cursiva>x</cursiva> =
11 + log<subindice>2</subindice> <cursiva>x</cursiva> – log<subindice
>2</subindice> 2 – log<subindice>2</subindice> <cursiva>x</cursiva
>  </p><p>De esta manera, se obtiene </p><p>2log<subindice>2</subindice
> <cursiva>x</cursiva> = 11 – log<subindice>22</subindice> → 2log<subindice
>2</subindice> <cursiva>x</cursiva> = 11 – 1 → 2log<subindice>2</subindice
> <cursiva>x</cursiva> = 10. </p><p>Se despeja log<subindice>2</subindice
> <cursiva>x</cursiva>:</p><formula alineacion="centrada"
src="MA_09_07_38.gif"></formula><p>Teniendo en cuanta que 2<superindice
>5</superindice> = 32, se tiene que </p><p>log<subindice>2</subindice
> <cursiva>x</cursiva> = 5 → <cursiva>x</cursiva> = 32 </p><p>Se remplaza
a <cursiva>x</cursiva> por 32 en la ecuación original para comprobar
la solución:</p><formula alineacion="centrada" src="MA_09_07_39.gif">
</formula><p>Por lo tanto, <cursiva>x</cursiva> = 32 si es solución
de la ecuación.</p></listaElemento>
</listaNumerada>
<practica>
<enlace
destino="/LoIdRedirect.aspx?LoId=MA_09_07_CO_Recurso270&amp;IdRecurso=RES-DC3D16203DB1476CAB01797A0300D919"
>Resuelve ecuaciones logarítmicas</enlace>
</practica></seccion2Texto></seccion2><seccion2
id="S2_MA_09_07_CO_9D5D7A25E6A245DFB8953109E77E6688">
<seccion2Titulo>Consolidación</seccion2Titulo>
<seccion2Texto>
<p>Actividades para consolidar lo que has aprendido en esta sección.</p>
<practica>
<enlace
destino="/LoIdRedirect.aspx?LoId=MA_09_07_CO_Recurso290&amp;IdRecurso=RES-24D5D84509AE4D08906AB2EF8A63FAF1"
>Refuerza tu aprendizaje: ecuaciones logarítmicas y exponenciales</enlace>
</practica></seccion2Texto></seccion2></seccion1Texto></seccion1>
<seccion1 id="S1_MA_09_07_CO_C6563677E4C94768962B56B20C1D5490">
<seccion1Titulo>Aplicaciones  de la función exponencial </seccion1Titulo>
<seccion1Texto>
<p>Las aplicaciones de la función exponencial se clasifican según
se trate de una situación en la que se produzca un <negrita>crecimiento
exponencial </negrita>o bien se produzca la situación contraria, es
decir, una disminución o <negrita>decrecimiento exponencial</negrita
>. En cualquiera de estos procesos, se aplica la fórmula: </p>
<p centrado="si"><cursiva>y</cursiva> = <cursiva>k</cursiva> · <cursiva
>a<superindice>t</superindice></cursiva> </p>
<p>Donde cada variable corresponde:</p>
<listaSinNumerar>
<listaElemento>La variable <cursiva>a</cursiva> es la base de la función
exponencial, distinta de 1 y positiva. Indica el factor por el que
se multiplica la unidad de tiempo:<p>-	Si <cursiva>a</cursiva> > 1,
se trata de un <negrita>crecimiento</negrita> exponencial. </p><p
>-	Si <cursiva>a</cursiva> &lt; 1, se trata de un <negrita>decrecimiento</negrita
> exponencial.</p></listaElemento>
<listaElemento>La variable <cursiva>t</cursiva> corresponde al tiempo
transcurrido.</listaElemento>
<listaElemento>La variable <cursiva>k</cursiva> es el valor inicial
de la función (para <cursiva>t</cursiva> = 0).</listaElemento>
</listaSinNumerar>
<seccion2 id="S2_MA_09_07_CO_C6563677E4C94768962B56B20C1D5500">
<seccion2Titulo>El crecimiento exponencial</seccion2Titulo>
<seccion2Texto>
<p>Podemos observar situaciones de <negrita>crecimiento exponencial</negrita
> en la evolución de algunas magnitudes económicas y en el ritmo de
crecimiento de una población de seres vivos, entre otros fenómenos. </p>
<imagen src="MA_09_07_CO_IMG05_small.png">
<p>Representación gráfica de un crecimiento exponencial por medio
de un diagrama de barras  </p>
</imagen>
<profundiza>
<enlace
destino="/LoIdRedirect.aspx?LoId=MA_09_07_CO_Recurso070&amp;IdRecurso=RES-6E0134BD64FB4F19A1CE67FEE9C25C78"
> El crecimiento exponencial</enlace>
</profundiza><practica>
<enlace
destino="/LoIdRedirect.aspx?LoId=MA_09_07_CO_Recurso080&amp;IdRecurso=RES-02C5FB2EC8E24BF6B05B267079BB2703"
>Identifica cuándo una función exponencial crece o decrece</enlace>
</practica><seccion3
id="S3_MA_09_07_CO_C6563677E4C94768962B56B20C1D1166">
<seccion3Titulo>Interés  compuesto</seccion3Titulo>
<seccion3Texto>
<p>El <negrita>interés</negrita> económicamente hablando es un índice
que se utiliza para calcular la rentabilidad de una inversión o el
costo de un crédito, el <negrita>interés compuesto</negrita>  se puede
definir como la acumulación de intereses que se genera por un capital
inicial o un préstamo en un periodo determinado de tiempo, además
dichos intereses generados en el periodo determinado  no se retiran
si no que se siguen invirtiendo y se añaden al capital inicial o al
préstamo  para seguirlos capitalizando o descapitalizando  periódicamente.</p>
<destacado><destacadoTitulo>El interés compuesto </destacadoTitulo>
<destacadoTexto>
<p>El interés compuesto se define mediante la función  </p>
<p centrado="si"><cursiva>C<subindice>n</subindice></cursiva> = <cursiva
>C</cursiva><subindice>0</subindice>(1 + <cursiva>i</cursiva>)<cursiva
><superindice>n</superindice></cursiva> </p>
<p>Donde <cursiva>Cn</cursiva> es el capital final, <cursiva>C</cursiva
><subindice>0</subindice> el capital inicial, <cursiva>i</cursiva
> la tasa de interés, y <cursiva>n</cursiva> el tiempo que tarda la
inversión o el préstamo.</p>
</destacadoTexto></destacado>
<p>A continuación se presenta la construcción de la fórmula: </p>
<p>Sean </p>
<p>Capital inicial = <cursiva>C</cursiva>. </p>
<p>Tiempo en años que dura la inversión = <cursiva>n</cursiva> </p>
<p>Tasa de interés durante un año = <cursiva>i</cursiva> (porcentaje
del interés en decimales, es decir que el  2%  se representa como
 0,02) </p>
<p>El interés producido por el capital <cursiva>C</cursiva> en el
primer año está dado por:   </p>
<p><cursiva>I</cursiva><subindice>1</subindice> = <cursiva>C</cursiva
> · <cursiva>i</cursiva> </p>
<p>El capital pasado el primer año se definiría como:</p>
<p><cursiva>C</cursiva><subindice>1</subindice> = <cursiva>C</cursiva
> + <cursiva>C</cursiva> · <cursiva>i</cursiva> → <cursiva>C</cursiva
><subindice>1</subindice> = <cursiva>C</cursiva>(1 + <cursiva>i</cursiva
>) </p>
<p>Después de dos años  el capital <cursiva>C</cursiva><subindice
>1</subindice> produce un interés que está determinado por: </p>
<p><cursiva>I</cursiva><subindice>2</subindice> = <cursiva>C</cursiva
>(1 + <cursiva>i</cursiva>) · <cursiva>i</cursiva> → <cursiva>I</cursiva
><subindice>2</subindice> = <cursiva>C</cursiva>(<cursiva>i</cursiva
> + <cursiva>i</cursiva><superindice>2</superindice>) </p>
<p>El capital pasado dos años se define como: </p>
<p><cursiva>C</cursiva><subindice>2</subindice> = <cursiva>C</cursiva
><subindice>1</subindice> + <cursiva>I</cursiva><subindice>2</subindice
> → <cursiva>C</cursiva><subindice>2</subindice> = <cursiva>C</cursiva
>(1 + <cursiva>i</cursiva>) + <cursiva>C</cursiva>(<cursiva>i</cursiva
> + <cursiva>i</cursiva><superindice>2</superindice>) → <cursiva>C</cursiva
><subindice>2</subindice> = <cursiva>C</cursiva>(1 + <cursiva>i</cursiva
> + <cursiva>i</cursiva> + <cursiva>i</cursiva><superindice>2</superindice
>) → <cursiva>C</cursiva><subindice>2</subindice> = <cursiva>C</cursiva
>(1 + 2<cursiva>i</cursiva> + <cursiva>i</cursiva><superindice>2</superindice
>)  </p>
<p>Se obtiene, <cursiva>C</cursiva><subindice>2</subindice> = <cursiva
>C</cursiva>(1+ <cursiva>i</cursiva>)<superindice>2</superindice>  </p>
<p>Generalizando este proceso se puede llegar a averiguar el capital
final en <cursiva>n</cursiva> años mediante la formula </p>
<p centrado="si"><cursiva>C</cursiva><subindice>n</subindice> = <cursiva
>C</cursiva>(1 + <cursiva>i</cursiva>)<superindice><cursiva>n</cursiva
></superindice>.</p>
<p>El interés ganado se deduce de restarle al capital final, el capital
inicial es decir, el interés se define como: </p>
<p><cursiva>I</cursiva> = <cursiva>C<subindice>n</subindice></cursiva
>  – <cursiva>C</cursiva> → <cursiva>I</cursiva> = <cursiva>C</cursiva
>(1 + <cursiva>i</cursiva>)<cursiva><superindice>n</superindice></cursiva
> – <cursiva>C</cursiva> → <cursiva>I</cursiva> = <cursiva>C</cursiva
>[(1 + <cursiva>i</cursiva>)<superindice>2</superindice> – 1] </p>
<p>A continuación se presentan algunos ejemplos donde se utiliza el
interés compuesto:</p>
<listaNumerada>
<listaElemento>Pedro invertirá $ 250 000 pesos durante 5 años a un
interés del 3 % anual, al pasar los 5 años cuánto dinero recibirá
en total:<p>Se establecen los datos que se tiene:</p><p><cursiva>C</cursiva
> = 250 000</p><p><cursiva>n</cursiva> = 5</p><p><cursiva>i</cursiva
> = 0,03</p><p><cursiva>C<subindice>n</subindice></cursiva> = ?</p
><p>Se remplazan los valores conocidos en la fórmula <cursiva>C<subindice
>n</subindice></cursiva> = <cursiva>C</cursiva>(1 + <cursiva>i</cursiva
>)<cursiva><superindice>n</superindice></cursiva>:</p><p><cursiva
>C</cursiva><subindice>5</subindice> = 250 000 · (1 + 0,03)<superindice
>5</superindice> = 250 000 · (1,03)<superindice>5</superindice> =
250 000 · 1,15927407443 = 289 818</p><p>Por lo tanto, <cursiva>C</cursiva
><subindice>5</subindice> = 289 818. Es decir que el dinero que se
recibe al cabo de los 5 años es $ 289 818 pesos.</p></listaElemento>
<listaElemento>Se solicitó un préstamo al banco $ 255 000 000 de pesos
a una tasa de interés compuesto del 5 % anual  a 25 años ¿Cuánto dinero
en total se termina pagando al cabo de los 25 años?  <p>Se establecen
los datos que se tienen:</p><p><cursiva>C</cursiva> = 255 000 000</p
><p><cursiva>n</cursiva> = 25</p><p><cursiva>i</cursiva> = 0,05</p
><p>Se remplazan los valores en la fórmula <cursiva>C<subindice>n</subindice
></cursiva> = <cursiva>C</cursiva>(1 + <cursiva>i</cursiva>)<cursiva
><superindice>n</superindice></cursiva></p><p><cursiva>C<subindice
>n</subindice></cursiva> = <cursiva>C</cursiva> · (1 + <cursiva>i</cursiva
>)<cursiva><superindice>n</superindice></cursiva> </p><p><cursiva
>C</cursiva><subindice>25</subindice> = 255 000 000 · (1 + 0,05)<superindice
>25</superindice> = 255 000 000·(1,05)<superindice>25</superindice
>   </p><p>Aproximando, se tiene que </p><p><cursiva>C</cursiva><subindice
>25</subindice> ≈ 255 000 000·3,38 = 861 900 000 </p><p><cursiva>C</cursiva
><subindice>25</subindice> ≈ 861 900 000, el dinero que se paga por
el préstamo al cabo de los 25 años es de 861 900 000.</p></listaElemento>
<listaElemento>Se invierten $ 12 450 000 pesos en una entidad financiera
durante 2 años a un interés del 23 % anual ¿Cuál es el interés obtenido?
 <p>Se establecen los datos que se tiene:</p><p><cursiva>C</cursiva
> = 12 450 000</p><p><cursiva>n</cursiva> = 2</p><p><cursiva>i</cursiva
> = 0,23</p><p>Se remplazan en la fórmula <cursiva>C<subindice>n</subindice
></cursiva> = <cursiva>C</cursiva>(1 + <cursiva>i</cursiva>)<superindice
><cursiva>n</cursiva></superindice> </p><p><cursiva>C</cursiva><subindice
>2</subindice> = 12 450 000 · (1 + 0,23)<superindice>2</superindice
>  = 12 450 000(1,23)<superindice>2</superindice> = 12 450 000(1,23)<superindice
>2</superindice>   </p><p>Aproximando, </p><p><cursiva>C</cursiva
><subindice>2</subindice> = 12 450 000 · 1,5129  →<cursiva> C</cursiva
><subindice>2</subindice> ≈ 18 835 605. </p><p>Para saber cuál es
el interés se resta el capital final, menos el capital inicial, así</p
><p><cursiva>I</cursiva> = <cursiva>C<subindice>n</subindice></cursiva
> – <cursiva>C</cursiva> → <cursiva>I</cursiva> = 18 835 605 – 12
450 000 = 6 385 605      </p><p>El dinero que se gana cuando pasen
 los 2 años es de 6385605.</p></listaElemento>
</listaNumerada>
<practica>
<enlace
destino="/LoIdRedirect.aspx?LoId=MA_09_07_CO_Recurso100&amp;IdRecurso=RES-4501CDA5DFDF42D6A7A26E52EC3F4913"
>Calcula el interés compuesto</enlace>
</practica>
<p>Como se puede observar  una de las aplicaciones de la función exponencial
en la economía es el cálculo de intereses, en la siguiente sección
se mostrara otra aplicación de las funciones exponenciales que es
utilizada en la biología  y en las ciencias sociales más específicamente
en la demografía.</p>
</seccion3Texto></seccion3><seccion3
id="S3_MA_09_07_CO_C6563677E4C94768962B56B20C1D2277">
<seccion3Titulo>Crecimiento de poblaciones </seccion3Titulo>
<seccion3Texto>
<p>Otra aplicación de las funciones exponenciales se da en el cálculo
del  <negrita>crecimiento de población</negrita> en un tiempo determinado,
estas poblaciones pueden ser humanas, animales o vegetales. </p>
<p>Existen varias modelos de <negrita>crecimiento poblacional</negrita
> en este apartado el trabajo se centrará en el <negrita>crecimiento
exponencial</negrita>. </p>
<p>El <negrita>crecimiento exponencial</negrita> se presenta cuando
los recursos con que cuenta la población para su desarrollo son abundantes,
el modelo matemático que describe este crecimiento se genera por 
la variación de la población <cursiva>N</cursiva> con respecto a la
variación del tiempo <cursiva>t</cursiva>. </p>
<p>La siguiente función exponencial es utilizada para calcular el
crecimiento de las poblaciones: </p>
<p centrado="si"><cursiva>N</cursiva>(<cursiva>t</cursiva>) = <cursiva
>N</cursiva><subindice>0</subindice> · <cursiva>e<superindice>kt</superindice
></cursiva> </p>
<p>Donde <cursiva>N</cursiva>(<cursiva>t</cursiva>) es la población
en un tiempo determinado, <cursiva>N</cursiva><subindice>0</subindice
>  es la población inicial,    <cursiva>e</cursiva> ≈ 2,71828, el
número de Euler, <cursiva>t</cursiva> es el tiempo y <cursiva>k</cursiva
>  es una constante conocida como la tasa de crecimiento. </p>
<p>Por ejemplo,</p>
<listaNumerada>
<listaElemento>En el año 1998 en el pueblo de Socorro Santander habían
13 520 habitantes, en el año 2015 la cantidad de habitantes es de
25 125, ¿Cuál es la tasa de crecimiento?<p>Se establecen los datos
que tiene el problema  </p><p><cursiva>N</cursiva>(<cursiva>t</cursiva
>) = 25 125 </p><p><cursiva>N</cursiva><subindice>0</subindice> =
13 520 </p><p><cursiva>t</cursiva> = 17 </p><p><cursiva>k</cursiva
> = ?   </p><p>Se remplaza en la función <cursiva>N</cursiva>(<cursiva
>t</cursiva>) = <cursiva>N</cursiva><subindice>0</subindice> · <cursiva
>e<superindice>kt</superindice></cursiva>      </p><p>25 125 = 13
520 · <cursiva>e</cursiva><superindice><cursiva>k</cursiva> · 17</superindice
>  </p><p>Se despeja <cursiva>k</cursiva> que es la tasa de crecimiento:</p
><formula alineacion="centrada" src="MA_09_07_40.gif"></formula><p
>Se concluye que la tasa de crecimiento que se dio entre los años
1998 y 2015 es de 0,03.</p></listaElemento>
<listaElemento>Se quiere calcular cual será la población de truchas
que habrá  en un lago en 3 años, si al inicio del primer año se encuentran
324 truchas, una característica del lago es que hay abundancia de
comida y su tasa de crecimiento se calcula que será 0,3.<p>Se identifican
los datos del problema  </p><p><cursiva>N</cursiva>(<cursiva>t</cursiva
>) = ? </p><p><cursiva>N</cursiva><subindice>0</subindice> = 324 </p
><p><cursiva>t</cursiva> = 3 </p><p><cursiva>k</cursiva> = 0,3   </p
><p>Se remplaza en la función <cursiva>N</cursiva>(<cursiva>t</cursiva
>) = <cursiva>N</cursiva><subindice>0</subindice> · <cursiva>e<superindice
>kt</superindice></cursiva>      </p><p><cursiva>N</cursiva>(<cursiva
>t</cursiva>) = 324 · <cursiva>e</cursiva><superindice>0,3(3)</superindice
> → <cursiva>N</cursiva>(<cursiva>t</cursiva>) = 324<cursiva>e</cursiva
><superindice>0,9</superindice>       </p><p>Aproximando,</p><p><cursiva
>N</cursiva>(<subindice>t</subindice>) ≈ 324(2,4596) → <cursiva>N</cursiva
>(<subindice>t</subindice>) ≈ 796</p><p>Se concluye que en tres años
aproximadamente la población de truchas en el lago será de 796.</p
></listaElemento>
<listaElemento>En el bosque de las amazonas se encuentran unos 3456
hongos de la clase chopo, esta clase de hongo tiene una tasa de crecimiento
del 0,5 ¿en cuántos años se tendrá una población de 123 452 hongos?<p
>Se establecen los datos del problema: </p><p><cursiva>N</cursiva
>(<cursiva>t</cursiva>) = 123452 </p><p><cursiva>N</cursiva><subindice
>0</subindice> = 3456 </p><p><cursiva>t</cursiva> = ? </p><p><cursiva
>k</cursiva> = 0,5 </p><p>Se remplaza en la función:  </p><p><cursiva
>N</cursiva>(<cursiva>t</cursiva>) = <cursiva>N</cursiva><subindice
>0</subindice> · <cursiva>e<superindice>kt</superindice></cursiva
> → 123 452 = 3456<cursiva>e</cursiva><superindice>0,5<cursiva>t</cursiva
></superindice>  </p><p>Se despeja <cursiva>t</cursiva> en la ecuación:</p
><formula alineacion="centrada" src="MA_09_07_41.gif"></formula><p
>Debe pasar un poco más de 7 años para conseguir una población de
123 452 hongos.</p></listaElemento>
</listaNumerada>
</seccion3Texto></seccion3></seccion2Texto></seccion2><seccion2
id="S2_MA_09_07_CO_C6563677E4C94768962B56B20C1D6611">
<seccion2Titulo>Decrecimiento exponencial </seccion2Titulo>
<seccion2Texto>
<p>El <negrita>decrecimiento exponencial</negrita> se puede interpretar
 como la disminución de una magnitud y que depende del aumento de
una magnitud <cursiva>x</cursiva>,  la relación que se establece es
de la forma <cursiva>y</cursiva> = <cursiva>pa<superindice>x</superindice
></cursiva>,  donde <cursiva>p</cursiva> es un número real mayor a
0, <cursiva>a</cursiva> es una constante menor que uno y mayor a cero,
una característica fundamental es que el decrecimiento de la magnitud
y es muy acelerado.</p>
<imagen src="MA_09_07_CO_IMG06_small.jpg">
<p>Decrecimiento exponencial representado con un diagrama de barras </p>
</imagen>
<p>El <negrita>decrecimiento exponencial</negrita> es utilizado para
modelar situaciones en diferentes  campos del conocimiento y del desarrollo
humano como lo son la  biología, la física, la   economía, la estadística
entre otros, un ejemplo de la aplicación del decrecimiento exponencial
se ve en el siguiente ejemplo:</p>
<listaSinNumerar>
<listaElemento>En Colombia se calcula que hay unas 163 854 tortugas
carranchinas, pero su población viene descendiendo a la mitad cada
año, ¿en cuántos años se calcula que esta especie se extinga si no
se hace nada por preservarlas?  </listaElemento>
</listaSinNumerar>
<p>La función  que modela esta situación es:</p>
<formula alineacion="centrada" src="MA_09_07_42.gif"></formula>
<p>Donde <cursiva>y</cursiva> es la cantidad de tortugas  al paso
de los años, <cursiva>x</cursiva> representa los años que pasan, para
solucionar el problema se remplaza en la función a <cursiva>y</cursiva
> = 1 y se despeja <cursiva>x</cursiva>, es decir en cuantos años
quedará solo una tortuga.</p>
<formula alineacion="centrada" src="MA_09_07_43.gif"></formula>
<p>Es decir que <cursiva>x</cursiva> ≈ 14,04, es decir cuando pase
un poco mas de 14 años, se extinguirán las tortugas carranchinas.
 </p>
<profundiza>
<enlace
destino="/LoIdRedirect.aspx?LoId=MA_09_07_CO_Recurso090&amp;IdRecurso=RES-7A5F285B354D49A09E93203CD5B1A604"
>El crecimiento y el decrecimiento exponencial</enlace>
</profundiza></seccion2Texto></seccion2><seccion2
id="S2_MA_09_07_CO_C6563677E4C94768962B56B20C1D8833">
<seccion2Titulo>Consolidación</seccion2Titulo>
<seccion2Texto>
<p>Actividades para consolidar lo que has aprendido en esta sección. </p>
<practica>
<enlace
destino="/LoIdRedirect.aspx?LoId=MA_09_07_CO_Recurso130&amp;IdRecurso=RES-E187AF6667584E8CA02E18D66D2ACE2B"
>Refuerza tu aprendizaje: Aplicaciones de la función exponencial</enlace>
</practica></seccion2Texto></seccion2></seccion1Texto></seccion1>
<seccion1 id="S1_MA_09_07_CO_C5CA12F657BD4E5495B243C6F4C37D88">
<seccion1Titulo>Aplicaciones de la función logarítmica </seccion1Titulo>
<seccion1Texto>
<p>Las <negrita>funciones logarítmicas</negrita> son utilizadas en
diferentes campos del conocimiento humano, en esta sección se mostrarán
algunas aplicaciones de esta función en los campos de la geología
y en la química. </p>
<p>En <negrita>la geología</negrita> los sismólogos utilizan la escala
de Richter para medir la intensidad de un temblor, para medir dicha
intensidad se utiliza una escala logarítmica de base 10 que mide la
energía liberada cuando se produce el movimiento sísmico.  </p>
<p>Las vibraciones que genera el temblor  marcan una amplitud o una
intensidad  las cuales  quedan registradas en el sismógrafo cuya medida
es una escala logarítmica que va de 1 a 9, el paso de un escalón menor
a uno mayor significa una intensidad 10 veces mayor a la anterior,
 es decir que un sismo de magnitud 4 es 10 veces mayor que un sismo
de magnitud 3 y 100 veces mayor a un sismo de magnitud 2. </p>
<p>Los sismógrafos clasifican los temblores  según la escala de Richter
como:</p>
<table cellpadding="5" cellspacing="0"><colgroup align="center"><col/>
<col/></colgroup>
<tbody>
<tr>
<td><negrita>Escala</negrita></td>
<td><negrita>Significado</negrita></td>
</tr>
<tr>
<td>Menos de 4</td>
<td>Insignificante</td>
</tr>
<tr>
<td>4 a 4,9</td>
<td>Ligero </td>
</tr>
<tr>
<td>5 a 5,9</td>
<td>Dañino</td>
</tr>
<tr>
<td>6 a 6,9</td>
<td>Destructivo</td>
</tr>
<tr>
<td>7 a 7,9</td>
<td>Muy destructivo</td>
</tr>
<tr>
<td>8 a 8,9 </td>
<td>Desastroso</td>
</tr>
</tbody>
</table>
<p>La escala de Richter permite asignarles a las vibraciones registradas
en el sismógrafo una medida <cursiva>M</cursiva>  que permite categorizar
el terremoto, la función que describe la medida <cursiva>M</cursiva
> es la siguiente: </p>
<p centrado="si"><cursiva>M</cursiva> = log<subindice>10</subindice
><cursiva>A</cursiva> + 3log<subindice>10 </subindice>(8∆<cursiva
>t</cursiva>) – 2,92</p>
<p>Donde <cursiva>M</cursiva>, la magnitud del terremoto, <cursiva
>A</cursiva> la medida de la mayor amplitud del terremoto que registra
el sismógrafo, ∆<cursiva>t</cursiva>  la diferencia entre el inicio
de la honda <cursiva>p</cursiva> onda primaria y la onda <cursiva
>s</cursiva> la secundaria, en otras palabras el tiempo que pasa cuando
comienza el terremoto y se presenta un cambio muy brusco en las hondas
 que registra el sismógrafo.</p>
<imagen src="MA_09_07_CO_IMG08_small.jpg">
<p>En la imagen se ve las hondas registradas por un sismógrafo también
se ve el inicio de las hondas  <cursiva>s</cursiva> y el inicio de
las hondas <cursiva>p</cursiva> y el tiempo que trascurre entre ellas
definida como ∆<cursiva>t</cursiva>, también se puede observar la
máxima amplitud de honda  descrita con la letra  <cursiva>A</cursiva
></p>
</imagen>
<p>Por ejemplo:</p>
<listaNumerada>
<listaElemento>Calcular la magnitud de un temblor en el cual la amplitud
máxima fue de 24 mm, la diferencia entre el inicio de la honda <cursiva
>p</cursiva> y la honda <cursiva>s</cursiva> fue de 23 segundos. Se
remplazan los valores en la ecuación de Richter y se desarrollan los
cálculos:<p><cursiva>M</cursiva> = log<subindice>10</subindice> <cursiva
>A</cursiva> + 3log<subindice>10</subindice> (8 · ∆<cursiva>t</cursiva
>) – 2,92</p><p><cursiva>M</cursiva> = log<subindice>10</subindice
> 24 + 3log<subindice>10</subindice> (8 · 23) – 2,92       </p><p
><cursiva>M</cursiva> ≈ 1,3802 + 3log<subindice>10</subindice> 184
– 2,92</p><p><cursiva>M</cursiva> ≈ 1,3802 + 3 · 2,2648 – 2,92</p
><p><cursiva>M</cursiva> ≈ 1,3802 + 6,7944 – 2,92</p><p><cursiva>M</cursiva
> ≈ 5,2.  </p><p>La magnitud del temblor fue de 5,2 en la escala de
Richter y está catalogado como dañino. </p></listaElemento>
</listaNumerada>
<p>En la <negrita>química</negrita> una de las aplicaciones de la
función logarítmica se presenta   cuando se requiere calcular el pH
que tiene una sustancia, es decir la acidez o la alcalinidad que posee,
estas dependen de la cantidad  de iones de hidrogeno (<cursiva>H</cursiva
><superindice>+</superindice>) que posee la sustancia, entre más iones
(<cursiva>H</cursiva><superindice>+</superindice>) la sustancia es
más acida y entre menos iones (<cursiva>H</cursiva><superindice>+</superindice
>)  la sustancia es más alcalina o básica.  </p>
<p>La escala que mide la acidez de las sustancias (pH) está dividida
desde 0  a 14 siendo 0 el ácido máximo  y 14 lo más alcalino o básico,
el nivel 7 determina una sustancia neutra ni acida, ni alcalina, los
valores menores a 7 son ácidos y los valores mayores a  7 son los
alcalinos.</p>
<imagen src="MA_09_07_CO_IMG09_small.jpg">
<p>Escala de pH y algunos productos categorizados según su acidez. </p>
</imagen>
<p>La ecuación que permite encontrar estos valores de la escala  es
la siguiente:</p>
<p><cursiva>pH</cursiva> = –log<subindice>10</subindice>(<cursiva
>H</cursiva><superindice>+</superindice>)  </p>
<p>Donde pH es la acides de la sustancia y <cursiva>H</cursiva><superindice
>+</superindice>  la cantidad de iones de hidrogeno que la sustancia
posee en moles. </p>
<p>Ejemplo:</p>
<listaNumerada>
<listaElemento>Calculemos el pH de una concentración de ácido nítrico
si se determina que  (<cursiva>H</cursiva><superindice>+</superindice
>)  = 0,02 m.<p>Se remplaza el valor en la ecuación de pH y se desarrolla:
 </p><p>pH = –log<subindice>10</subindice> 0,02</p><p> pH = 1,6</p
><p>El pH de la sustancia es de 1,6 se puede categorizar según la
escala pH como   acido.</p></listaElemento>
<listaElemento>Hallemos el pH de una disolución de 0,0000000006 moles
de NaOH.<p>Se remplaza el valor en la ecuación de pH y se desarrolla:
 </p><p>pH = –log<subindice>10</subindice> 0,0000000006 </p><p>pH
= 8,2 </p><p>El pH de la sustancia es de 8,2 se puede categorizar
según la escala ph como alcalina o básica. </p></listaElemento>
</listaNumerada>
<profundiza>
<enlace
destino="/LoIdRedirect.aspx?LoId=MA_09_07_CO_Recurso240&amp;IdRecurso=RES-5602B8632F0148E194116A00FA1F7797"
>Aplicaciones de la funciones logarítmicas</enlace>
</profundiza><practica>
<enlace
destino="/LoIdRedirect.aspx?LoId=MA_09_07_CO_Recurso250&amp;IdRecurso=RES-6B32164BEE5C46BD8D88D3089F00C870"
>Aplica la función logaritmo para resolver situaciones</enlace>
</practica><seccion2
id="S2_MA_09_07_CO_C5CA12F657BD4E5495B243C6F4C38877">
<seccion2Titulo>Consolidación </seccion2Titulo>
<seccion2Texto>
<p>Actividades para consolidar lo que has aprendido en esta sección.</p>
<practica>
<enlace
destino="/LoIdRedirect.aspx?LoId=MA_09_07_CO_Recurso260&amp;IdRecurso=RES-F5EE8E3C372B407E898A8FCE007C3197"
>Refuerza tu aprendizaje: Aplicaciones de la función logarítmica</enlace>
</practica></seccion2Texto></seccion2></seccion1Texto></seccion1>
<seccion1 id="S1_MA_09_07_CO_421448BBADDA406194EA0EE30B4D5A4D"><?Pub Dtl?>
<seccion1Titulo>Competencias</seccion1Titulo>
<seccion1Texto>
<p>Pon a prueba tus capacidades y aplica lo aprendido con estos recursos.</p>
<practica>
<enlace
destino="/LoIdRedirect.aspx?LoId=MA_09_07_CO_Recurso300&amp;IdRecurso=RES-B024803246724F01861CE295058C22B7"
>Competencias: reconoce las gráficas de las funciones exponenciales
y logarítmicas</enlace>
<enlace
destino="/LoIdRedirect.aspx?LoId=MA_09_07_CO_Recurso310&amp;IdRecurso=RES-A5EDF1FE335E4CF98915E43C5EA6D865"
>Competencias: cálculo del pH de una sustancia</enlace>
</practica></seccion1Texto></seccion1><masinformacion
id="MI_MA_09_07_CO_2B7B70C1735D4CCB8F05398099165964"><mapaconceptual>
<enlace
destino="/LoIdRedirect.aspx?LoId=MA_09_07_CO_Recurso330&amp;IdRecurso=RES-8254575D4627475C89F07795DF1EA960"
>Mapa Conceptual</enlace></mapaconceptual><autoevaluate><enlace
destino="/LoIdRedirect.aspx?LoId=MA_09_07_CO_Recurso340&amp;IdRecurso=RES-B5306539E9994E92A1877E96592D0F0C"
>Evaluación</enlace></autoevaluate><enlacesreferencia>
<enlace
destino="http://www.fra.utn.edu.ar/catedras/sunmat/Lec_Int_logaritmos.pdf"
>Muestra que son las funciones exponenciales y logarítmicas de forma
teórica. </enlace>
<enlace
destino="http://www.analyzemath.com/spanish/Graphing/GraphExponentialFunction.html"
>Explica cómo se grafican las funciones  exponenciales por medio de
ejemplos. </enlace>
<enlace
destino="http://www.analyzemath.com/spanish/Graphing/GraphLogarithmicFunction.html"
>Explica cómo graficar las funciones logarítmicas por medio de ejemplos.</enlace>
</enlacesreferencia></masinformacion></libro>
