﻿<?xml version="1.0" encoding="utf-8"?>
<motor tipo="5" clase="a" aprid="m5a">
  <plataforma>
    <grado><![CDATA[2]]></grado>
    <titulo>Traduce expresiones al lenguaje algebraico</titulo>
    <area>0</area>
    <nivel>3</nivel>
    <referencia />
    <idreg><![CDATA[0]]></idreg>
    <motor><![CDATA[M5A]]></motor>
    <lang>es</lang>
  </plataforma>
  <enunciado><![CDATA[En cada caso encuentra la expresión algebraica que corresponde al enunciado o viceversa.]]></enunciado>
  <masinfo inicio="0" />
  <sinaleatoriedad><![CDATA[0]]></sinaleatoriedad>
  <calc><![CDATA[0]]></calc>
  <respuestaunica><![CDATA[0]]></respuestaunica>
  <test cantidad="5">
    <cuestion>
      <enunciado><![CDATA[El doble de un número aumentado en cuatro.]]></enunciado>
      <explicacion />
      <imagen><![CDATA[MA_08_02_CO_REC30_IMG01n.png]]></imagen>
      <ampliacion><![CDATA[MA_08_02_CO_REC30_IMG01a.png]]></ampliacion>
      <respuestas>
        <respuesta contestacion="2({{cur}}x{{normal}} + 4)" correcta="0" />
        <respuesta contestacion="2{{cur}}x{{normal}} + 4" correcta="1" />
        <respuesta contestacion="{{cur}}x{{normal}}{{sup}}2{{normal}} + 4" correcta="0" />
        <respuesta contestacion="({{cur}}x{{normal}} + 4){{sup}}2{{normal}}" correcta="0" />
      </respuestas>
    </cuestion>
    <cuestion>
      <enunciado><![CDATA[La suma de los cuadrados de las longitudes de los lados de un triángulo rectángulo, es igual al cuadrado de la longitud de la hipotenusa.]]></enunciado>
      <explicacion />
      <imagen><![CDATA[MA_08_02_CO_REC30_IMG02n.png]]></imagen>
      <ampliacion><![CDATA[MA_08_02_CO_REC30_IMG02a.png]]></ampliacion>
      <respuestas>
        <respuesta contestacion="({{cur}}a{{normal}} + {{cur}}b{{normal}}){{sup}}2 {{normal}} = {{cur}}c{{normal}}" correcta="0" />
        <respuesta contestacion="{{cur}}a{{normal}}{{sup}}2{{normal}} + {{cur}}b{{normal}}{{sup}}2{{normal}} = {{cur}}c{{normal}}{{sup}}2{{normal}}" correcta="1" />
        <respuesta contestacion="4({{cur}}a + b{{normal}}) = 4{{cur}}c{{normal}}" correcta="0" />
        <respuesta contestacion="{{cur}}a{{normal}}{{sup}}2{{normal}} + {{cur}}b{{normal}}{{sup}}2{{normal}} = {{cur}}c{{normal}}" correcta="0" />
      </respuestas>
    </cuestion>
    <cuestion>
      <enunciado><![CDATA[La medida del perímetro de la figura es la suma de las longitudes de todos sus lados.]]></enunciado>
      <explicacion />
      <imagen><![CDATA[MA_08_02_CO_REC30_IMG03n.png]]></imagen>
      <ampliacion><![CDATA[MA_08_02_CO_REC30_IMG03a.png]]></ampliacion>
      <respuestas>
        <respuesta contestacion="3{{cur}}a{{normal}} + 4{{cur}}b{{normal}} + {{cur}}x{{normal}} + {{cur}}m{{normal}} + {{cur}}y{{normal}} + 2{{cur}}z{{normal}}" correcta="1" />
        <respuesta contestacion="3{{cur}}a{{normal}} + 4{{cur}}b{{normal}} + {{cur}}x{{normal}} – {{cur}}m{{normal}} – {{cur}}y{{normal}} + 2{{cur}}z{{normal}}" correcta="0" />
        <respuesta contestacion="{{cur}}a + b + x + m + y + z{{normal}}" correcta="0" />
        <respuesta contestacion="7{{cur}}ab + x + m{{normal}} + 2{{cur}}zy{{normal}}" correcta="0" />
      </respuestas>
    </cuestion>
    <cuestion>
      <enunciado><![CDATA[Selecciona la frase que corresponde a la siguiente expresión algebraica.]]></enunciado>
      <explicacion />
      <imagen><![CDATA[MA_08_02_CO_REC30_IMG04n.png]]></imagen>
      <ampliacion><![CDATA[MA_08_02_CO_REC30_IMG04a.png]]></ampliacion>
      <respuestas>
        <respuesta contestacion="La raíz cúbica de dos números." correcta="0" />
        <respuesta contestacion="Raíz cúbica del doble de un número más el triple de otro." correcta="1" />
        <respuesta contestacion="El doble de un número más el triple de otro número." correcta="0" />
        <respuesta contestacion="Raíz cuadrada del doble de un número más el triple de otro." correcta="0" />
      </respuestas>
    </cuestion>
    <cuestion>
      <enunciado><![CDATA[¿Cómo se expresa en palabras la siguiente expresión algebraica?]]></enunciado>
      <explicacion />
      <imagen><![CDATA[MA_08_02_CO_REC30_IMG05n.png]]></imagen>
      <ampliacion><![CDATA[MA_08_02_CO_REC30_IMG05a.png]]></ampliacion>
      <respuestas>
        <respuesta contestacion="El doble un número más la mitad de otro número." correcta="0" />
        <respuesta contestacion="El doble de un número y su mitad." correcta="0" />
        <respuesta contestacion="Un número dividido en dos más el doble de otro número." correcta="0" />
        <respuesta contestacion="La mitad de un número más el doble del mismo número." correcta="1" />
      </respuestas>
    </cuestion>
  </test>
</motor>