﻿<?xml version="1.0" encoding="utf-8"?><motor tipo="4" clase="a" aprid="m4a">
  <plataforma>
    <grado><![CDATA[2]]></grado>
    <titulo>Resuelve situaciones problema que involucran rectas</titulo>
    <area>0</area>
    <nivel>1</nivel>
    <referencia/>
    <idreg><![CDATA[0]]></idreg>
    <motor><![CDATA[M4A]]></motor>
    <lang>es_co</lang>
  </plataforma>
  <enunciado><![CDATA[Lee con atención cada situación y selecciona la respuesta correcta. ]]></enunciado>
  <masinfo inicio="0"/>
  <sinaleatoriedad><![CDATA[1]]></sinaleatoriedad>
  <calc><![CDATA[1]]></calc>
  <respuestaunica><![CDATA[1]]></respuestaunica>
  <test cantidad="10">
    <cuestion>
      <enunciado><![CDATA[Sea {{cur}}ABCD{{normal}} un paralelogramo cuyas coordenadas conocidas son: {{cur}}A{{normal}} (–2, 0); {{cur}}B{{normal}} (–6, 2) y {{cur}}C{{normal}} (1, 3). El vértice {{cur}}D{{normal}} es:]]></enunciado>
      <explicacion/>
      <imagen/>
      <ampliacion/>
      <respuestas>
        <respuesta contestacion="{{cur}}D{{normal}}(5, 1)" correcta="1"/>
        <respuesta contestacion="{{cur}}D{{normal}}(–5, 1)" correcta="0"/>
        <respuesta contestacion="{{cur}}D{{normal}}(5, –1)" correcta="0"/>
        <respuesta contestacion="{{cur}}D{{normal}}(–5, –1)" correcta="0"/>
      </respuestas>
    </cuestion>
    <cuestion>
      <enunciado><![CDATA[El triángulo de coordenadas {{cur}}A{{normal}}(–4, 4), {{cur}}B{{normal}}(–4, –14) y {{cur}}C{{normal}}(–14, 4) es un triángulo:]]></enunciado>
      <explicacion/>
      <imagen/>
      <ampliacion/>
      <respuestas>
        <respuesta contestacion="Rectángulo" correcta="1"/>
        <respuesta contestacion="Acutángulo" correcta="0"/>
        <respuesta contestacion="Equilátero" correcta="0"/>
        <respuesta contestacion="Isósceles" correcta="0"/>
      </respuestas>
    </cuestion>
    <cuestion>
      <enunciado><![CDATA[Las rectas {{cur}}x{{normal}} – 2{{cur}}y{{normal}} + 1 = 0 y 3{{cur}}x{{normal}} – 6{{cur}}y{{normal}} – 6 = 0 son:]]></enunciado>
      <explicacion/>
      <imagen/>
      <ampliacion/>
      <respuestas>
        <respuesta contestacion="Paralelas" correcta="1"/>
        <respuesta contestacion="Coincidentes" correcta="0"/>
        <respuesta contestacion="Perpendiculares" correcta="0"/>
        <respuesta contestacion="Secantes" correcta="0"/>
      </respuestas>
    </cuestion>
    <cuestion>
      <enunciado><![CDATA[A nivel del mar el agua hierve a 100°C que equivale a 212°F (Fahrenheit) y se congela a 32°F que equivale a 0°C. La ecuación que transforma {{cur}}x{{normal}} °F a centígrados es:]]></enunciado>
      <explicacion/>
      <imagen/>
      <ampliacion/>
      <respuestas>
        <respuesta contestacion="{{cur}}y{{normal}} = 1,8{{cur}}x{{normal}} + 32" correcta="0"/>
        <respuesta contestacion="{{cur}}y{{normal}} = 1,8{{cur}}x{{normal}} – 32 " correcta="0"/>
        <respuesta contestacion="{{cur}}y{{normal}} = 0,5{{cur}}x{{normal}} + 17,7" correcta="0"/>
        <respuesta contestacion=" {{cur}}y{{normal}} = 0,5{{cur}}x{{normal}} – 17,7" correcta="1"/>
      </respuestas>
    </cuestion>
    <cuestion>
      <enunciado><![CDATA[El kilo de café desde enero aumenta a razón de 0,5 dólares por mes. Si el precio en enero era de 3,2 dólares, la ecuación que modela el precio {{cur}}t{{normal}} meses después de enero:]]></enunciado>
      <explicacion/>
      <imagen/>
      <ampliacion/>
      <respuestas>
        <respuesta contestacion="{{cur}}P{{normal}} = 0,5{{cur}}t{{normal}} + 3,2" correcta="1"/>
        <respuesta contestacion="{{cur}}P{{normal}} = 0,5{{cur}}t{{normal}} – 3,2" correcta="0"/>
        <respuesta contestacion="{{cur}}P{{normal}} = 3,2{{cur}}t{{normal}} + 0,5" correcta="0"/>
        <respuesta contestacion="{{cur}}P{{normal}} = 3,2{{cur}}t{{normal}} – 0,5" correcta="0"/>
      </respuestas>
    </cuestion>
    <cuestion>
      <enunciado><![CDATA[El equipo A tiene tres balones y compra dos por cada jugador inscrito. El equipo B tiene un balón y compra tres por cada jugador inscrito. Ambos tienen igual número de balones]]></enunciado>
      <explicacion/>
      <imagen/>
      <ampliacion/>
      <respuestas>
        <respuesta contestacion="si tienen dos jugadores." correcta="1"/>
        <respuesta contestacion="si tienen tres jugadores." correcta="0"/>
        <respuesta contestacion="si tienen siete jugadores." correcta="0"/>
        <respuesta contestacion="si tienen nueve jugadores." correcta="0"/>
      </respuestas>
    </cuestion>
    <cuestion>
      <enunciado><![CDATA[Las rectas {{cur}}y{{normal}} = 3,5{{cur}}x{{normal}} + 8 y {{cur}}y{{normal}} = 7{{cur}}x{{normal}} + 64 son]]></enunciado>
      <explicacion/>
      <imagen/>
      <ampliacion/>
      <respuestas>
        <respuesta contestacion="secantes" correcta="1"/>
        <respuesta contestacion="paralelas" correcta="0"/>
        <respuesta contestacion="perpendiculares" correcta="0"/>
        <respuesta contestacion="coincidentes" correcta="0"/>
      </respuestas>
    </cuestion>
    <cuestion>
      <enunciado><![CDATA[Las rectas {{cur}}y{{normal}} = 2{{cur}}x{{normal}} + 13 y {{cur}}y{{normal}} = –0,5{{cur}}x{{normal}} + 0,5 son:]]></enunciado>
      <explicacion/>
      <imagen/>
      <ampliacion/>
      <respuestas>
        <respuesta contestacion="perpendiculares" correcta="1"/>
        <respuesta contestacion="secantes" correcta="0"/>
        <respuesta contestacion="paralelas" correcta="0"/>
        <respuesta contestacion="coincidentes" correcta="0"/>
      </respuestas>
    </cuestion>
    <cuestion>
      <enunciado><![CDATA[Una recta coincidente con 6{{cur}}x{{normal}} – 9{{cur}}y{{normal}} + 12 = 0 está definida por]]></enunciado>
      <explicacion/>
      <imagen/>
      <ampliacion/>
      <respuestas>
        <respuesta contestacion="2{{cur}}x{{normal}} – 3{{cur}}y{{normal}} + 4 = 0" correcta="1"/>
        <respuesta contestacion="6{{cur}}x{{normal}} + 9{{cur}}y{{normal}} + 12 = 0" correcta="0"/>
        <respuesta contestacion="6{{cur}}x{{normal}} + 9{{cur}}y{{normal}} – 12 = 0" correcta="0"/>
        <respuesta contestacion="2{{cur}}x{{normal}} + 3{{cur}}y{{normal}} – 4 = 0" correcta="0"/>
      </respuestas>
    </cuestion>
    <cuestion>
      <enunciado><![CDATA[La ecuación de la recta que pasa por (–5, 3) y que es paralela a 4{{cur}}x{{normal}} + {{cur}}y{{normal}} – 2 = 0 es]]></enunciado>
      <explicacion/>
      <imagen/>
      <ampliacion/>
      <respuestas>
        <respuesta contestacion="4{{cur}}x{{normal}} + {{cur}}y{{normal}} + 17 = 0" correcta="1"/>
        <respuesta contestacion="4{{cur}}x{{normal}} – {{cur}}y{{normal}} – 2 = 0" correcta="0"/>
        <respuesta contestacion="4{{cur}}x{{normal}} – {{cur}}y{{normal}} – 17 = 0" correcta="0"/>
        <respuesta contestacion="–4{{cur}}x{{normal}} + {{cur}}y{{normal}} + 2 = 0" correcta="0"/>
      </respuestas>
    </cuestion>
  </test>
</motor>