<?xml version='1.0' encoding='UTF-8'?><engine copy="Editorial Planeta" version="1" aprid="f10">
<main mode="f10" title="Los números relativos">
<tf><![CDATA[<p><span style="font-size:16px;"><span style="font-family:verdana,geneva,sans-serif;">Los n&uacute;meros relativos se caracterizan por:</span></span></p>

<ul>
	<li><span style="font-size:16px;"><span style="font-family:verdana,geneva,sans-serif;">Tener un punto de referencia que se identifica con el n&uacute;mero cero.</span></span></li>
	<li><span style="font-size:16px;"><span style="font-family:verdana,geneva,sans-serif;">Ser cantidades que representan ganancias, altitud, aumento, ingresos y similares, que se escriben precedidas del signo &ldquo; + &rdquo;.</span></span></li>
	<li><span style="font-size:16px;"><span style="font-family:verdana,geneva,sans-serif;">Ser cantidades que corresponden a p&eacute;rdidas, disminuci&oacute;n, profundidad, deuda, entre otras, que se escriben precedidas del signo &ldquo;&nbsp;&ndash; &rdquo;.</span></span></li>
</ul>

<p><span style="font-size:16px;"><span style="font-family:verdana,geneva,sans-serif;">Un ejemplo del uso de estos n&uacute;meros se observa en algunos extractos de cuenta bancaria; el dinero que ingresa a la cuenta va precedido del signo + y el que se retira con signo &ndash;.</span></span></p>

<p></p>]]></tf>
</main>
<understanding title="¿cuáles situaciones se representan con números relativos?" title2="Comprensión" buttons="false" visible="true" >
	<definition>
		<title>Identificación</title>
		<def><![CDATA[<ol>
	<li><span style="font-size:16px;"><span style="font-family:verdana,geneva,sans-serif;">Da clic en la flecha de avanzar y revisa cada una de las frases y situaciones a las que te conduce.</span></span></li>
</ol>

<ol>
	<li value="2"><span style="font-size:16px;"><span style="font-family:verdana,geneva,sans-serif;">Luego, identifica aquellas que se pueden representar con n&uacute;meros relativos y explica el porqu&eacute; de tus respuestas, indicando aquellas cantidades que se presentar&iacute;an con signo +, el punto de referencia y las que estar&iacute;an precedidas del signo ?.</span></span></li>
</ol>]]></def>
	</definition>
	<definition>
		<title>Eventos cotidianos</title>
		<def><![CDATA[<p></p>

<ul>
	<li><span style="font-size:16px;"><span style="font-family:verdana,geneva,sans-serif;">A las 4:00 p.m. llegaron 35 hu&eacute;spedes al hotel y salieron 12.</span></span></li>
</ul>

<ul>
	<li><span style="font-size:16px;"><span style="font-family:verdana,geneva,sans-serif;">Hay 200 cabezas de ganado en la hacienda.</span></span></li>
</ul>

<ul>
	<li><span style="font-size:16px;"><span style="font-family:verdana,geneva,sans-serif;">El vuelo se retras&oacute; dos horas respecto a la hora de partida inicial.</span></span></li>
</ul>

<ul>
	<li><span style="font-size:16px;"><span style="font-family:verdana,geneva,sans-serif;">La temperatura se mantuvo toda la tarde 5 &deg;C arriba de la temperatura del mediod&iacute;a, pero a las 7:00 p.m. disminuy&oacute; 8 &deg;C.</span></span></li>
</ul>]]></def>
	</definition>
	<definition>
		<title>Hechos históricos</title>
		<def><![CDATA[<p><span style="font-size:16px;"><span style="font-family:verdana,geneva,sans-serif;">45 a&ntilde;os antes del a&ntilde;o de la muerte de Jorge Eliecer Gait&aacute;n tuvo lugar la separaci&oacute;n de Panam&aacute; de Colombia y 5 a&ntilde;os despu&eacute;s, el general Gustavo Rojas Pinilla tom&oacute; el poder de Colombia a trav&eacute;s de un golpe de estado, pactado con sectores de los partidos pol&iacute;ticos tradicionales, que exist&iacute;an para entonces en Colombia, para poner fin a la violencia bipartidista.</span></span></p>
<span style="font-size:16px;"><span style="font-family:verdana,geneva,sans-serif;">En Colombia, a mediados del siglo XVIII, los jesuitas solicitaron permiso al gobierno colonial para traer una imprenta con el fin de elaborar novenarios y hojas sueltas con contenidos religiosos. En 1769 un impresor en Cartagena vende la imprenta a un espa&ntilde;ol, quien funda una empresa con prop&oacute;sitos de tipo cultural que fueron significativos en el Nuevo Reino de Granada. Para 1777, lLa imprenta Real se funda, teniendo grandes dificultades en su manejo para en a&ntilde;os posteriores elaborar los primeros peri&oacute;dicos y libros colombianos.</span></span>]]></def>
	</definition>
</understanding>
<definitions title="" title2="" visible="false" >
</definitions>
<reaserch title="Uso de números relativos" title2="Investiga" buttons="false" visible="true" >
	<definition>
		<title>frases</title>
		<def><![CDATA[<p><span style="font-size:18px;"><span style="font-family:verdana,geneva,sans-serif;">La siguientes frases expresan un cambio o variaci&oacute;n. Escribe un n&uacute;mero que las represente a cada una de ellas.</span></span></p>

<ul>
	<li><span style="font-size:18px;"><span style="font-family:verdana,geneva,sans-serif;">La ciudad amaneci&oacute; con una temperatura e 5 grado bajo cero.</span></span></li>
	<li><span style="font-size:18px;"><span style="font-family:verdana,geneva,sans-serif;">Bogot&aacute; tiene una altitud de 3600 metros sobre el nivel del mar</span></span></li>
	<li><span style="font-size:18px;"><span style="font-family:verdana,geneva,sans-serif;">En el &uacute;ltimo estracto de la cuenta bancaria dice que tengo una deuda de $25.400.</span></span></li>
</ul>

<p></p>]]></def>
	</definition>
</reaserch>
<activity title2="Actividad" visible="true" path="ma_07_01_co_recurso220_m5a.zip">
</activity></engine>