<?xml version='1.0' encoding='UTF-8'?><mapa aprid="mapa">
  <copyright>(c) Editorial Planeta</copyright>
  <version>1.0</version>
  <botonMapaConceptual>mostrar</botonMapaConceptual>
  <botonMapaMudo>ocultar</botonMapaMudo>
  <botonMudo>0</botonMudo>
  <objeto>
    <ref>00</ref>
    <texto>La potenciación y la radicación de números reales</texto>
    <hijos>10</hijos>
    <padre/>
    <siz>0</siz>
    <negcur>0000000000000000000000000000000000000000000000000</negcur>
    <cen>1</cen>
    <img/>
    <audio/>
  </objeto>
  <objeto>
    <ref>10</ref>
    <texto/>
    <hijos>22,21,20</hijos>
    <padre>00</padre>
    <siz>14</siz>
    <negcur/>
    <cen>1</cen>
    <img/>
    <audio/>
  </objeto>
  <objeto>
    <ref>20</ref>
    <texto>Radicación</texto>
    <hijos>33,32,31,30</hijos>
    <padre>10</padre>
    <siz>0</siz>
    <negcur>0000000000</negcur>
    <cen>1</cen>
    <img/>
    <audio/>
  </objeto>
  <objeto>
    <ref>21</ref>
    <texto>Notación científica</texto>
    <hijos>34</hijos>
    <padre>10</padre>
    <siz>0</siz>
    <negcur>0000000000000000000</negcur>
    <cen>1</cen>
    <img/>
    <audio/>
  </objeto>
  <objeto>
    <ref>22</ref>
    <texto>Potenciación</texto>
    <hijos>37,36,35</hijos>
    <padre>10</padre>
    <siz>0</siz>
    <negcur>000000000000</negcur>
    <cen>1</cen>
    <img/>
    <audio/>
  </objeto>
  <objeto>
    <ref>30</ref>
    <texto>se establece</texto>
    <hijos>40</hijos>
    <padre>20</padre>
    <siz>14</siz>
    <negcur>0000000000000</negcur>
    <cen>1</cen>
    <img/>
    <audio/>
  </objeto>
  <objeto>
    <ref>40</ref>
    <texto>racionalización</texto>
    <hijos>50</hijos>
    <padre>30</padre>
    <siz>0</siz>
    <negcur>000000000000000</negcur>
    <cen>1</cen>
    <img/>
    <audio/>
  </objeto>
  <objeto>
    <ref>31</ref>
    <texto>se definen</texto>
    <hijos>41</hijos>
    <padre>20</padre>
    <siz>14</siz>
    <negcur>00000000000</negcur>
    <cen>1</cen>
    <img/>
    <audio/>
  </objeto>
  <objeto>
    <ref>41</ref>
    <texto>operaciones</texto>
    <hijos>51</hijos>
    <padre>31</padre>
    <siz>0</siz>
    <negcur>00000000000</negcur>
    <cen>1</cen>
    <img/>
    <audio/>
  </objeto>
  <objeto>
    <ref>32</ref>
    <texto>tiene</texto>
    <hijos>42</hijos>
    <padre>20</padre>
    <siz>14</siz>
    <negcur>00000</negcur>
    <cen>1</cen>
    <img/>
    <audio/>
  </objeto>
  <objeto>
    <ref>42</ref>
    <texto>elementos</texto>
    <hijos>52</hijos>
    <padre>32</padre>
    <siz>0</siz>
    <negcur>000000000</negcur>
    <cen>1</cen>
    <img/>
    <audio/>
  </objeto>
  <objeto>
    <ref>33</ref>
    <texto>se define</texto>
    <hijos>43</hijos>
    <padre>20</padre>
    <siz>14</siz>
    <negcur>000000000</negcur>
    <cen>1</cen>
    <img/>
    <audio/>
  </objeto>
  <objeto>
    <ref>43</ref>
    <texto>operación
inversa a la
potenciación</texto>
    <hijos>53</hijos>
    <padre>33</padre>
    <siz>0</siz>
    <negcur>00000000000000000000000000000000000</negcur>
    <cen>1</cen>
    <img/>
    <audio/>
  </objeto>
  <objeto>
    <ref>50</ref>
    <texto>es</texto>
    <hijos>60</hijos>
    <padre>40</padre>
    <siz>14</siz>
    <negcur>00</negcur>
    <cen>1</cen>
    <img/>
    <audio/>
  </objeto>
  <objeto>
    <ref>60</ref>
    <texto>proceso para
eliminar radicales
de los
denominadores</texto>
    <hijos>70</hijos>
    <padre>50</padre>
    <siz>0</siz>
    <negcur>0000000000000000000000000000000000000000000000000000</negcur>
    <cen>1</cen>
    <img/>
    <audio/>
  </objeto>
  <objeto>
    <ref>51</ref>
    <texto>son</texto>
    <hijos>61</hijos>
    <padre>41</padre>
    <siz>14</siz>
    <negcur>000</negcur>
    <cen>1</cen>
    <img/>
    <audio/>
  </objeto>
  <objeto>
    <ref>61</ref>
    <texto>- adición y 
  sustracción
- multiplicación
- división
- potenciación
- radicación</texto>
    <hijos>71</hijos>
    <padre>51</padre>
    <siz>0</siz>
    <negcur>0000000000000000000000000000000000000000000000000000000000000000000000000000000000</negcur>
    <cen>0</cen>
    <img/>
    <audio/>
  </objeto>
  <objeto>
    <ref>71</ref>
    <texto>se expresa</texto>
    <hijos>81</hijos>
    <padre>61</padre>
    <siz>14</siz>
    <negcur>0000000000</negcur>
    <cen>1</cen>
    <img/>
    <audio/>
  </objeto>
  <objeto>
    <ref>81</ref>
    <texto/>
    <hijos/>
    <padre>71</padre>
    <siz>0</siz>
    <negcur/>
    <cen>1</cen>
    <img>MA_09_02_CO_010.gif</img>
    <audio/>
  </objeto>
  <objeto>
    <ref>52</ref>
    <texto>son</texto>
    <hijos>62</hijos>
    <padre>42</padre>
    <siz>14</siz>
    <negcur>000</negcur>
    <cen>1</cen>
    <img/>
    <audio/>
  </objeto>
  <objeto>
    <ref>62</ref>
    <texto>- índice
- radical
- radicando</texto>
    <hijos/>
    <padre>52</padre>
    <siz>0</siz>
    <negcur>000000000000000000000000000000</negcur>
    <cen>0</cen>
    <img/>
    <audio/>
  </objeto>
  <objeto>
    <ref>34</ref>
    <texto>se define</texto>
    <hijos>44</hijos>
    <padre>21</padre>
    <siz>14</siz>
    <negcur>000000000</negcur>
    <cen>1</cen>
    <img/>
    <audio/>
  </objeto>
  <objeto>
    <ref>44</ref>
    <texto>notación
exponencial 
abreviada</texto>
    <hijos>54</hijos>
    <padre>34</padre>
    <siz>0</siz>
    <negcur>0000000000000000000000000000000</negcur>
    <cen>1</cen>
    <img/>
    <audio/>
  </objeto>
  <objeto>
    <ref>35</ref>
    <texto>se definen</texto>
    <hijos>45</hijos>
    <padre>22</padre>
    <siz>14</siz>
    <negcur>00000000000</negcur>
    <cen>1</cen>
    <img/>
    <audio/>
  </objeto>
  <objeto>
    <ref>45</ref>
    <texto>operaciones</texto>
    <hijos>55</hijos>
    <padre>35</padre>
    <siz>0</siz>
    <negcur>00000000000</negcur>
    <cen>1</cen>
    <img/>
    <audio/>
  </objeto>
  <objeto>
    <ref>36</ref>
    <texto>tiene</texto>
    <hijos>46</hijos>
    <padre>22</padre>
    <siz>14</siz>
    <negcur>00000</negcur>
    <cen>1</cen>
    <img/>
    <audio/>
  </objeto>
  <objeto>
    <ref>46</ref>
    <texto>elementos</texto>
    <hijos>56</hijos>
    <padre>36</padre>
    <siz>0</siz>
    <negcur>000000000</negcur>
    <cen>1</cen>
    <img/>
    <audio/>
  </objeto>
  <objeto>
    <ref>37</ref>
    <texto>se define</texto>
    <hijos>47</hijos>
    <padre>22</padre>
    <siz>14</siz>
    <negcur>000000000</negcur>
    <cen>1</cen>
    <img/>
    <audio/>
  </objeto>
  <objeto>
    <ref>47</ref>
    <texto>producto
abreviado de
factores iguales</texto>
    <hijos>57</hijos>
    <padre>37</padre>
    <siz>0</siz>
    <negcur>00000000000000000000000000000000000000</negcur>
    <cen>1</cen>
    <img/>
    <audio/>
  </objeto>
  <objeto>
    <ref>55</ref>
    <texto>son</texto>
    <hijos>65</hijos>
    <padre>45</padre>
    <siz>14</siz>
    <negcur>000</negcur>
    <cen>1</cen>
    <img/>
    <audio/>
  </objeto>
  <objeto>
    <ref>65</ref>
    <texto>- multiplicación
- división
- potenciación</texto>
    <hijos/>
    <padre>55</padre>
    <siz>0</siz>
    <negcur>000000000000000000000000000000000000000000</negcur>
    <cen>0</cen>
    <img/>
    <audio/>
  </objeto>
  <objeto>
    <ref>56</ref>
    <texto>son</texto>
    <hijos>67,66</hijos>
    <padre>46</padre>
    <siz>14</siz>
    <negcur>000</negcur>
    <cen>1</cen>
    <img/>
    <audio/>
  </objeto>
  <objeto>
    <ref>66</ref>
    <texto>exponente</texto>
    <hijos>73</hijos>
    <padre>56</padre>
    <siz>0</siz>
    <negcur>000000000</negcur>
    <cen>1</cen>
    <img/>
    <audio/>
  </objeto>
  <objeto>
    <ref>67</ref>
    <texto>base</texto>
    <hijos>74</hijos>
    <padre>56</padre>
    <siz>0</siz>
    <negcur>0000</negcur>
    <cen>1</cen>
    <img/>
    <audio/>
  </objeto>
  <objeto>
    <ref>73</ref>
    <texto>puede ser</texto>
    <hijos>84,83</hijos>
    <padre>66</padre>
    <siz>14</siz>
    <negcur>000000000</negcur>
    <cen>1</cen>
    <img/>
    <audio/>
  </objeto>
  <objeto>
    <ref>83</ref>
    <texto>fracción</texto>
    <hijos>90</hijos>
    <padre>73</padre>
    <siz>0</siz>
    <negcur>00000000</negcur>
    <cen>1</cen>
    <img/>
    <audio/>
  </objeto>
  <objeto>
    <ref>84</ref>
    <texto>número
entero</texto>
    <hijos>91</hijos>
    <padre>73</padre>
    <siz>0</siz>
    <negcur>0000000000000</negcur>
    <cen>1</cen>
    <img/>
    <audio/>
  </objeto>
  <objeto>
    <ref>74</ref>
    <texto>puede ser</texto>
    <hijos>86,85</hijos>
    <padre>67</padre>
    <siz>14</siz>
    <negcur>000000000</negcur>
    <cen>1</cen>
    <img/>
    <audio/>
  </objeto>
  <objeto>
    <ref>85</ref>
    <texto>fracción</texto>
    <hijos>92</hijos>
    <padre>74</padre>
    <siz>0</siz>
    <negcur>00000000</negcur>
    <cen>1</cen>
    <img/>
    <audio/>
  </objeto>
  <objeto>
    <ref>86</ref>
    <texto>número
entero</texto>
    <hijos>93</hijos>
    <padre>74</padre>
    <siz>0</siz>
    <negcur>0000000000000</negcur>
    <cen>1</cen>
    <img/>
    <audio/>
  </objeto>
  <objeto>
    <ref>70</ref>
    <texto>se expresa</texto>
    <hijos>80</hijos>
    <padre>60</padre>
    <siz>0</siz>
    <negcur>0000000000</negcur>
    <cen>1</cen>
    <img/>
    <audio/>
  </objeto>
  <objeto>
    <ref>80</ref>
    <texto/>
    <hijos/>
    <padre>70</padre>
    <siz>0</siz>
    <negcur/>
    <cen>1</cen>
    <img>ma_09_02_co_mc_f07.png</img>
    <audio/>
  </objeto>
  <objeto>
    <ref>53</ref>
    <texto>se expresa</texto>
    <hijos>63</hijos>
    <padre>43</padre>
    <siz>0</siz>
    <negcur>00000000000</negcur>
    <cen>1</cen>
    <img/>
    <audio/>
  </objeto>
  <objeto>
    <ref>63</ref>
    <texto/>
    <hijos/>
    <padre>53</padre>
    <siz>0</siz>
    <negcur/>
    <cen>1</cen>
    <img>ma_09_02_co_mc_f03.png</img>
    <audio/>
  </objeto>
  <objeto>
    <ref>54</ref>
    <texto>tal que</texto>
    <hijos>64</hijos>
    <padre>44</padre>
    <siz>0</siz>
    <negcur>00000000</negcur>
    <cen>1</cen>
    <img/>
    <audio/>
  </objeto>
  <objeto>
    <ref>64</ref>
    <texto/>
    <hijos/>
    <padre>54</padre>
    <siz>0</siz>
    <negcur/>
    <cen>1</cen>
    <img>ma_09_02_co_mc_f02.png</img>
    <audio/>
  </objeto>
  <objeto>
    <ref>90</ref>
    <texto>es igual</texto>
    <hijos>a0</hijos>
    <padre>83</padre>
    <siz>0</siz>
    <negcur>000000000</negcur>
    <cen>1</cen>
    <img/>
    <audio/>
  </objeto>
  <objeto>
    <ref>a0</ref>
    <texto/>
    <hijos/>
    <padre>90</padre>
    <siz>0</siz>
    <negcur/>
    <cen>1</cen>
    <img>ma_09_02_co_mc_f06.png</img>
    <audio/>
  </objeto>
  <objeto>
    <ref>91</ref>
    <texto>propiedades</texto>
    <hijos>a1</hijos>
    <padre>84</padre>
    <siz>0</siz>
    <negcur>00000000000</negcur>
    <cen>1</cen>
    <img/>
    <audio/>
  </objeto>
  <objeto>
    <ref>a1</ref>
    <texto>- Exponente positivo
- Exponente igual a cero
- Exponente negativo</texto>
    <hijos/>
    <padre>91</padre>
    <siz>0</siz>
    <negcur>0000000000000000000000000000000000000000000000000000000000000000000</negcur>
    <cen>0</cen>
    <img/>
    <audio/>
  </objeto>
  <objeto>
    <ref>92</ref>
    <texto>se expresa</texto>
    <hijos>a2</hijos>
    <padre>85</padre>
    <siz>0</siz>
    <negcur>00000000000</negcur>
    <cen>1</cen>
    <img/>
    <audio/>
  </objeto>
  <objeto>
    <ref>a2</ref>
    <texto/>
    <hijos/>
    <padre>92</padre>
    <siz>0</siz>
    <negcur/>
    <cen>1</cen>
    <img>ma_09_02_co_mc_f06.png</img>
    <audio/>
  </objeto>
  <objeto>
    <ref>93</ref>
    <texto>se expresa</texto>
    <hijos>a3</hijos>
    <padre>86</padre>
    <siz>0</siz>
    <negcur>00000000000</negcur>
    <cen>1</cen>
    <img/>
    <audio/>
  </objeto>
  <objeto>
    <ref>a3</ref>
    <texto/>
    <hijos/>
    <padre>93</padre>
    <siz>0</siz>
    <negcur/>
    <cen>1</cen>
    <img>ma_09_02_co_mc_f04.png</img>
    <audio/>
  </objeto>
  <objeto>
    <ref>57</ref>
    <texto>se expresa</texto>
    <hijos>68</hijos>
    <padre>47</padre>
    <siz>0</siz>
    <negcur>00000000000</negcur>
    <cen>1</cen>
    <img/>
    <audio/>
  </objeto>
  <objeto>
    <ref>68</ref>
    <texto/>
    <hijos/>
    <padre>57</padre>
    <siz>0</siz>
    <negcur/>
    <cen>1</cen>
    <img>ma_09_02_co_mc_f01.png</img>
    <audio/>
  </objeto>
</mapa>