﻿<?xml version="1.0" encoding="utf-8"?><motor tipo="5" clase="a" aprid="m5a">
  <plataforma>
    <grado><![CDATA[2]]></grado>
    <titulo>Identifica una ecuación</titulo>
    <area>0</area>
    <nivel>3</nivel>
    <referencia/>
    <idreg><![CDATA[0]]></idreg>
    <motor><![CDATA[M5A]]></motor>
    <lang>es</lang>
  </plataforma>
  <enunciado><![CDATA[En cada caso, identifica la ecuación correspondiente al enunciado.]]></enunciado>
  <masinfo inicio="0"/>
  <sinaleatoriedad><![CDATA[0]]></sinaleatoriedad>
  <calc><![CDATA[0]]></calc>
  <respuestaunica><![CDATA[0]]></respuestaunica>
  <test cantidad="10">
    <cuestion>
      <enunciado><![CDATA[La ecuación del enunciado "la suma de dos números diferentes es igual a 20", es:]]></enunciado>
      <explicacion/>
      <imagen><![CDATA[MA_08_06_REC40_IMG01n.png]]></imagen>
      <ampliacion><![CDATA[MA_08_06_REC40_IMG01a.png]]></ampliacion>
      <respuestas>
        <respuesta contestacion="{{cur}}x{{normal}} + {{cur}}y{{normal}} = 20 " correcta="1"/>
        <respuesta contestacion="{{cur}}x ∕ y{{normal}} = 20" correcta="0"/>
        <respuesta contestacion="{{cur}}xy{{normal}} = 20" correcta="0"/>
        <respuesta contestacion="{{cur}}x{{normal}} + 20 = {{cur}}y{{normal}}" correcta="0"/>
      </respuestas>
    </cuestion>
    <cuestion>
      <enunciado><![CDATA[La ecuación para representar el triple de un número es:]]></enunciado>
      <explicacion/>
      <imagen><![CDATA[MA_08_06_REC40_IMG02n.png]]></imagen>
      <ampliacion><![CDATA[MA_08_06_REC40_IMG02a.png]]></ampliacion>
      <respuestas>
        <respuesta contestacion="{{cur}}x{{normal}} + 3" correcta="0"/>
        <respuesta contestacion="{{cur}}x{{normal}}³" correcta="0"/>
        <respuesta contestacion="{{cur}}x{{normal}} – 3 " correcta="0"/>
        <respuesta contestacion="3{{cur}}x{{normal}}" correcta="1"/>
      </respuestas>
    </cuestion>
    <cuestion>
      <enunciado><![CDATA[La ecuación para representar el cuadrado de la adición de dos números es:]]></enunciado>
      <explicacion/>
      <imagen><![CDATA[MA_08_06_REC40_IMG03n.png]]></imagen>
      <ampliacion><![CDATA[MA_08_06_REC40_IMG03a.png]]></ampliacion>
      <respuestas>
        <respuesta contestacion="2({{cur}}x{{normal}} + {{cur}}y{{normal}})" correcta="0"/>
        <respuesta contestacion="{{cur}}x{{normal}}² + {{cur}}y{{normal}}²" correcta="0"/>
        <respuesta contestacion="({{cur}}x{{normal}} + {{cur}}y{{normal}})² " correcta="1"/>
        <respuesta contestacion="({{cur}}x{{normal}} + {{cur}}y{{normal}})⁴" correcta="0"/>
      </respuestas>
    </cuestion>
    <cuestion>
      <enunciado><![CDATA[La ecuación del enunciado "determinar tres números consecutivos que suman 12", es:]]></enunciado>
      <explicacion/>
      <imagen><![CDATA[MA_08_06_REC40_IMG04n.png]]></imagen>
      <ampliacion><![CDATA[MA_08_06_REC40_IMG04a.png]]></ampliacion>
      <respuestas>
        <respuesta contestacion="{{cur}}x{{normal}} + ({{cur}}x{{normal}} + 1) + ({{cur}}x{{normal}} + 2) = 12 " correcta="1"/>
        <respuesta contestacion="{{cur}}x{{normal}} + 2{{cur}}x{{normal}} + 3{{cur}}x{{normal}} = 12" correcta="0"/>
        <respuesta contestacion="{{cur}}x{{normal}} + {{cur}}x{{normal}} + {{cur}}x{{normal}} = 12" correcta="0"/>
        <respuesta contestacion="12 + 3{{cur}}x{{normal}}" correcta="0"/>
      </respuestas>
    </cuestion>
    <cuestion>
      <enunciado><![CDATA[La ecuación del enunciado "un número y su quinta parte suman 18", es:]]></enunciado>
      <explicacion/>
      <imagen><![CDATA[MA_08_06_REC40_IMG05n.png]]></imagen>
      <ampliacion><![CDATA[MA_08_06_REC40_IMG05a.png]]></ampliacion>
      <respuestas>
        <respuesta contestacion="5{{cur}}x{{normal}} + 18" correcta="0"/>
        <respuesta contestacion="{{cur}}x{{normal}} + 5 = 18" correcta="0"/>
        <respuesta contestacion="{{cur}}x{{normal}} + 5{{cur}}x{{normal}} = 18" correcta="0"/>
        <respuesta contestacion="{{cur}}x{{normal}} + {{cur}}x{{normal}}/5 = 18 " correcta="1"/>
      </respuestas>
    </cuestion>
    <cuestion>
      <enunciado><![CDATA[La ecuación para representar "la tercera parte de la diferencia de dos números", es:]]></enunciado>
      <explicacion/>
      <imagen><![CDATA[MA_08_06_REC40_IMG06n.png]]></imagen>
      <ampliacion><![CDATA[MA_08_06_REC40_IMG06a.png]]></ampliacion>
      <respuestas>
        <respuesta contestacion="({{cur}}x{{normal}} – {{cur}}y{{normal}})/3 " correcta="1"/>
        <respuesta contestacion="({{cur}}x{{normal}}/3) – ({{cur}}y{{normal}}/3)" correcta="0"/>
        <respuesta contestacion="({{cur}}x{{normal}} + {{cur}}y{{normal}})/3 " correcta="0"/>
        <respuesta contestacion="({{cur}}x{{normal}}/3) + ({{cur}}y{{normal}}/3)" correcta="0"/>
      </respuestas>
    </cuestion>
    <cuestion>
      <enunciado><![CDATA[La ecuación para representar "el triple del cuadrado de un número", es:]]></enunciado>
      <explicacion/>
      <imagen><![CDATA[MA_08_06_REC40_IMG07n.png]]></imagen>
      <ampliacion><![CDATA[MA_08_06_REC40_IMG07a.png]]></ampliacion>
      <respuestas>
        <respuesta contestacion="3(2{{cur}}x{{normal}})" correcta="0"/>
        <respuesta contestacion="3({{cur}}x{{normal}}²)" correcta="1"/>
        <respuesta contestacion="3({{cur}}x{{normal}}⁴)" correcta="0"/>
        <respuesta contestacion="3({{cur}}x{{normal}} + 2) " correcta="0"/>
      </respuestas>
    </cuestion>
    <cuestion>
      <enunciado><![CDATA[La ecuación del enunciado "tres números pares consecutivos suman 24", es:]]></enunciado>
      <explicacion/>
      <imagen><![CDATA[MA_08_06_REC40_IMG08n.png]]></imagen>
      <ampliacion><![CDATA[MA_08_06_REC40_IMG08a.png]]></ampliacion>
      <respuestas>
        <respuesta contestacion="{{cur}}x{{normal}} + ({{cur}}x{{normal}} + 2) + ({{cur}}x{{normal}} + 3) = 24" correcta="0"/>
        <respuesta contestacion="{{cur}}x{{normal}} + 2{{cur}}x{{normal}} + 3{{cur}}x{{normal}} = 24" correcta="0"/>
        <respuesta contestacion="{{cur}}x{{normal}} + 2{{cur}}x{{normal}} + 4{{cur}}x{{normal}} = 24" correcta="0"/>
        <respuesta contestacion="{{cur}}x{{normal}} + ({{cur}}x{{normal}} + 1) + ({{cur}}x{{normal}} + 2) = 24 " correcta="1"/>
      </respuestas>
    </cuestion>
    <cuestion>
      <enunciado><![CDATA[Una ecuación equivalente a 3{{cur}}x{{normal}} + 4 = 10 es: ]]></enunciado>
      <explicacion/>
      <imagen><![CDATA[MA_08_06_REC40_IMG10n.png]]></imagen>
      <ampliacion><![CDATA[MA_08_06_REC40_IMG09a.png]]></ampliacion>
      <respuestas>
        <respuesta contestacion="3{{cur}}x{{normal}} + 4 = 5" correcta="0"/>
        <respuesta contestacion="6{{cur}}x{{normal}} + 8 = 20 " correcta="1"/>
        <respuesta contestacion="3{{cur}}x{{normal}} + 5 = 10" correcta="0"/>
        <respuesta contestacion="10{{cur}}x{{normal}} + 3 = 4" correcta="0"/>
      </respuestas>
    </cuestion>
    <cuestion>
      <enunciado><![CDATA[Una ecuación equivalente a 10 + 4{{cur}}x{{normal}} = 6 es:  ]]></enunciado>
      <explicacion/>
      <imagen><![CDATA[MA_08_06_REC40_IMG10a.png]]></imagen>
      <ampliacion><![CDATA[MA_08_06_REC40_IMG10a.png]]></ampliacion>
      <respuestas>
        <respuesta contestacion="10{{cur}}x{{normal}} + 4 = 6" correcta="0"/>
        <respuesta contestacion="12{{cur}}x{{normal}} + 30 = 6" correcta="0"/>
        <respuesta contestacion="4{{cur}}x{{normal}} = 6" correcta="0"/>
        <respuesta contestacion="12{{cur}}x{{normal}} + 30 = 18 " correcta="1"/>
      </respuestas>
    </cuestion>
  </test>
</motor>