﻿<?xml version="1.0" encoding="utf-8"?>
<motor tipo="1" clase="a" aprid="m1a">
  <plataforma>
    <grado><![CDATA[2]]></grado>
    <titulo>Factoriza sumas y diferencias de cubos</titulo>
    <area>0</area>
    <nivel>1</nivel>
    <referencia />
    <idreg><![CDATA[0]]></idreg>
    <motor><![CDATA[M1A]]></motor>
    <lang>es</lang>
  </plataforma>
  <enunciado><![CDATA[Relaciona cada expresión con su equivalente.]]></enunciado>
  <masinfo inicio="0" />
  <sinaleatoriedad><![CDATA[0]]></sinaleatoriedad>
  <calc><![CDATA[0]]></calc>
  <textoatexto cantidad="7">
    <cuestion>
      <pregunta><![CDATA[1 - 64{{cur}}a{{sup}}6{{normal}}]]></pregunta>
      <respuesta><![CDATA[(1 - 4{{cur}}a{{sup}}2{{normal}})∙(1 + 4{{cur}}a{{sup}}2{{normal}} + 16{{sup}}4{{normal}})]]></respuesta>
    </cuestion>
    <cuestion>
      <pregunta><![CDATA[{{cur}}b{{sup}}6{{cur}}c{{sup}}3{{normal}} + 8{{cur}}p{{sup}}12{{normal}}]]></pregunta>
      <respuesta><![CDATA[({{cur}}b{{sup}}2{{cur}}c{{normal}} + 2{{cur}}p{{sup}}4{{normal}})∙({{cur}}b{{sup}}4{{cur}}c{{sup}}2{{normal}} - 2{{cur}}b{{sup}}2{{cur}}cp{{sup}}4{{normal}} + 4{{cur}}p{{sup}}8{{normal}})]]></respuesta>
    </cuestion>
    <cuestion>
      <pregunta><![CDATA[{{cur}}b{{sup}}3{{normal}} - √2{{cur}}p{{sup}}3{{normal}}]]></pregunta>
      <respuesta><![CDATA[({{cur}}b{{sup}}{{normal}} - 2{{sup}}1/6{{cur}}p{{normal}})({{cur}}b{{sup}}2{{normal}} + 2{{sup}}1/6{{cur}}bp + 2{{sup}}1/3{{cur}}p{{sup}}2{{normal}})]]></respuesta>
    </cuestion>
    <cuestion>
      <pregunta><![CDATA[{{cur}}a{{sup}}18{{normal}} - 1000]]></pregunta>
      <respuesta><![CDATA[({{cur}}a{{sup}}6{{normal}} - 10)∙({{cur}}a{{sup}}12{{normal}} + 10{{cur}}a{{sup}}6{{normal}} + 100)]]></respuesta>
    </cuestion>
    <cuestion>
      <pregunta><![CDATA[27{{cur}}b{{sup}}42{{normal}} - 729{{cur}}p{{sup}}3{{normal}}]]></pregunta>
      <respuesta><![CDATA[(3{{cur}}b{{sup}}14{{normal}} - 9{{cur}}p{{sup}}{{normal}})(9{{cur}}b{{sup}}28{{normal}} + 27{{cur}}b{{sup}}14{{cur}}p{{normal}} + 81{{cur}}p{{sup}}2{{normal}})]]></respuesta>
    </cuestion>
    <cuestion>
      <pregunta><![CDATA[2{{cur}}b{{sup}}30{{normal}} + 216]]></pregunta>
      <respuesta><![CDATA[(∛2{{cur}}b{{sup}}10{{normal}} + 6)∙(2{{sup}}2/3{{cur}}b{{sup}}20{{normal}} - 6∛2{{cur}}b{{sup}}10{{normal}} + 36)]]></respuesta>
    </cuestion>
    <cuestion>
      <pregunta><![CDATA[64{{cur}}a{{sup}}9{{normal}} + 512]]></pregunta>
      <respuesta><![CDATA[(16{{cur}}a{{sup}}6{{normal}} - 32{{cur}}a{{sup}}3{{normal}} + 64)∙(4{{cur}}a{{sup}}3{{normal}} + 8)]]></respuesta>
    </cuestion>
  </textoatexto>
  <textofalso cantidad="0" />
</motor>