﻿<?xml version="1.0" encoding="UTF-8"?>
<?xml-stylesheet href="cuadernoestudio/dtd/libro.xslt" type="text/xsl"?>
<!--Arbortext, Inc., 1988-2015, v.4002-->
<!DOCTYPE libro SYSTEM "cuadernoestudio/dtd/libro.dtd">
<libro id="MA_06_01_CO">
<libroTitulo>Lógica y conjuntos</libroTitulo>
<seccion1 id="S1_MA_06_01_CO_E732DE3488A44C409878501DF81C2145">
<seccion1Titulo>La lógica matemática</seccion1Titulo>
<seccion1Texto>
<p>En la vida cotidiana se presentan situaciones que llevan a hacer
razonamientos lógicos. Por ejemplo, cuando en la mañana se observa
que el día está gris, es posible imaginarse que el día estará frío
y probablemente lloverá; este razonamiento ayudará a determinar la
ropa que se usará ese día.   </p>
<p>Si nos levantamos algo indispuestos, con malestar en el cuerpo,
con un poco de dolor de cabeza y estornudamos con mucha frecuencia,
seguramente, nuestro razonamiento lógico nos llevará a afirmar que
tenemos un resfriado.   </p>
<p>Ahora bien, si alguien nos preguntara por qué salimos abrigados
o por qué sabemos que tenemos un resfriado, la respuesta muchas veces
es simplemente “por lógica”.   </p>
<p>La <cursiva>lógica</cursiva> es muy importante en nuestra vida
cotidiana, ya que nos permite hacer deducciones, resolver situaciones
y hasta tomar decisiones. Está relacionada con el <negrita>razonamiento
lógico</negrita>: una reflexión simple que establece las reglas para
determinar si los razonamientos realizados frente a cierto hecho son
o no son válidos.</p>
<seccion2 id="S2_MA_06_01_CO_7D8F33FCBA1B439781292DD3D1848A88">
<seccion2Titulo>Proposiciones</seccion2Titulo>
<seccion2Texto>
<p>Para iniciar el estudio de la lógica, es necesario definir algunos
conceptos.</p>
<destacado><destacadoTitulo>Proposición lógica</destacadoTitulo>
<destacadoTexto>
<p>Una <negrita>proposición</negrita> es una afirmación de la cual
se puede determinar si es verdadera o falsa.</p>
</destacadoTexto></destacado>
<p>Las siguientes expresiones son proposiciones:</p>
<imagen src="MA_06_01_CO_IMG01small.jpg">
<p>Ejemplos de proposiciones.</p>
</imagen>
<p>La primera afirmación presentada es verdadera y la segunda es falsa
 </p>
<p>Expresiones como ¡Hola!, ¿A qué hora sales?, no son proposiciones.</p>
<p>En general, las exclamaciones, las preguntas y las expresiones
de orden, no se consideran proposiciones, puesto que no es posible
determinar si son falsas o verdaderas. </p>
<destacado><destacadoTitulo>Valor de verdad</destacadoTitulo>
<destacadoTexto>
<p>Afirmar que una proposición es verdadera o falsa es asignar un <negrita
>valor de verdad</negrita>. Usualmente se utiliza la letra <negrita
>V</negrita> para indicar que la proposición es verdadera, o la letra <negrita
>F</negrita> si esta es falsa. </p>
</destacadoTexto></destacado>
<p>En el lenguaje matemático las proposiciones se representan con
las letras minúsculas <cursiva>p, q, r, s, t</cursiva>,... Por ejemplo: </p>
<p><cursiva>p</cursiva>: Rafael Pombo escribió el cuento Simón el
bobito. (V) </p>
<p><cursiva>q</cursiva>: El mes de diciembre tiene 28 días. (F) </p>
<p><cursiva>t</cursiva>: La medida de un ángulo recto es 90°. (V)</p>
<seccion3 id="S3_MA_06_01_CO_7D8F33FCBA1B439781292DD3D1841199">
<seccion3Titulo>Proposiciones simples</seccion3Titulo>
<seccion3Texto>
<p>Una <negrita>proposición simple</negrita> es un enunciado que se
compone de una única oración o frase.  </p>
<p>A continuación se estudiarán algunas generalidades de las proposiciones
simples.</p>
<profundiza>
<enlace
destino="/LoIdRedirect.aspx?LoId=MA_06_01_CO_Recurso010&amp;IdRecurso=RES-10C03C4A7B4541A4963F62D0B938ACD6"
>Estudio de las proposiciones simples </enlace>
</profundiza><practica>
<enlace
destino="/LoIdRedirect.aspx?LoId=MA_06_01_CO_Recurso020&amp;IdRecurso=RES-84A86DF133D4401F95941AFCE02C8B81"
>Identificando proposiciones</enlace>
<enlace
destino="/LoIdRedirect.aspx?LoId=MA_06_01_CO_Recurso030&amp;IdRecurso=RES-983AA3E0C3E04B0EA210FF7597B4B330"
>Proposiciones abiertas y cerradas</enlace>
</practica></seccion3Texto></seccion3><seccion3
id="S3_MA_06_01_CO_B1EB39CE132B4B7782CE17A859BC3E9C">
<seccion3Titulo>Negación de las proposiciones simples</seccion3Titulo>
<seccion3Texto>
<p>Negar una proposición consiste en cambiar su valor de verdad. Es
decir, si una proposición es verdadera, su negación es una proposición
falsa; y si una proposición es falsa, su negación es una proposición
verdadera.  </p>
<p>La negación de una proposición simple se puede obtener anteponiendo
a la frase palabras como “no es cierto que” o “no es verdad que” o
simplemente anteponiendo la palabra “no”. </p>
<p>Por ejemplo, si se define la proposición <cursiva>q</cursiva> como: </p>
<p><cursiva>q</cursiva>: El mes de diciembre tiene solo 28 días; en
este caso el valor de verdad es falso. Su negación sería: <negrita
>no es cierto que</negrita> el mes de diciembre tiene solo 28 días.
Así esta proposición se convierte en verdadera.   </p>
<p>Para notar la negación de una proposición se usa el símbolo ¬ antes
del nombre de la proposición. Por tanto, si <cursiva>q</cursiva> es
una proposición simple, su negación se escribe ¬<cursiva>q</cursiva
> y se lee “negación de <cursiva>q</cursiva>” o “no <cursiva>q</cursiva
>”. </p>
<practica>
<enlace
destino="/LoIdRedirect.aspx?LoId=MA_06_01_CO_Recurso040&amp;IdRecurso=RES-CBD28DC3FA1B448CAAE8E0CA0FBA268C"
>Identificación de proposiciones simples y su negación </enlace>
</practica></seccion3Texto></seccion3></seccion2Texto></seccion2>
<seccion2 id="S2_MA_06_01_CO_9A83D8785EA84E98A92005BCB88EC8BC">
<seccion2Titulo>Proposiciones compuestas</seccion2Titulo>
<seccion2Texto>
<p>Las proposiciones en las que se identifica un conector para unir
dos proposiciones simples se denominan p<negrita>roposiciones compuestas</negrita
>.</p>
<p>En las proposiciones compuestas se utilizan los conectores: “y”,
“o”, “entonces”, “si y sólo si”.  </p>
<p>Por ejemplo, de las proposiciones simples: </p>
<p centrado="si"><cursiva>t</cursiva>: Los cuadriláteros son polígonos
de cuatro lados.</p>
<p centrado="si"><cursiva>s</cursiva>: Los cuadriláteros tienen dos
diagonales. l</p>
<p>Se construye la proposición compuesta:</p>
<p centrado="si">Los cuadriláteros son polígonos de cuatro lados y
los cuadriláteros tienen dos diagonales.</p>
<p>En este caso, el conector que se utiliza es “y”.</p>
<p>A continuación se presenta un estudio detallado de las proposiciones
compuestas y los conectores lógicos.</p>
<profundiza>
<enlace
destino="/LoIdRedirect.aspx?LoId=MA_06_01_CO_Recurso050&amp;IdRecurso=RES-6DCAC634DE854A4982B839B7E91EEB80"
>Las proposiciones y sus conectores lógicos</enlace>
</profundiza><practica>
<enlace
destino="/LoIdRedirect.aspx?LoId=MA_06_01_CO_Recurso060&amp;IdRecurso=RES-7637A9777EB24F3F9E72A4C752C3A16E"
>Reconoce conectores en una proposición </enlace>
</practica><seccion3
id="S3_MA_06_01_CO_79BE16AD26BD49F3A4007FC4DF083B2D">
<seccion3Titulo>Valor de verdad de una proposición compuesta</seccion3Titulo>
<seccion3Texto>
<p>A las proposiciones compuestas, al igual que las proposiciones
simples, se les pueden asignar valores de verdad, estos dependerán
de los respectivos valores de verdad de cada una de las proposiciones
simples que la conforman.</p>
<profundiza>
<enlace
destino="/LoIdRedirect.aspx?LoId=MA_06_01_CO_Recurso070&amp;IdRecurso=RES-31D60BE3B73243A4A47A79B198953B81"
>Valor de verdad para proposiciones compuestas</enlace>
</profundiza><practica>
<enlace
destino="/LoIdRedirect.aspx?LoId=MA_06_01_CO_Recurso080&amp;IdRecurso=RES-9BF09DAFA0C84B158B4C2404725BE863"
>Proposiciones compuestas</enlace>
</practica><recuerda><recuerdaTexto>
<p>Para determinar el valor de verdad de una proposición compuesta
se pueden usar las tablas de verdad.</p>
</recuerdaTexto></recuerda>
<table border="1" cellspacing="0">
<tbody>
<tr>
<td><cursiva>p</cursiva></td>
<td><cursiva>q</cursiva></td>
<td><cursiva>p ⋀ q</cursiva></td>
<td><cursiva>p ⋁ q</cursiva></td>
<td><cursiva>p ⇒ q</cursiva></td>
<td><cursiva>p ⇔ q</cursiva></td>
</tr>
<tr>
<td>V</td>
<td>V</td>
<td>V</td>
<td>V</td>
<td>V</td>
<td>V</td>
</tr>
<tr>
<td>V</td>
<td>F</td>
<td>V</td>
<td>F</td>
<td>F</td>
<td>F</td>
</tr>
<tr>
<td>F</td>
<td>V</td>
<td>V</td>
<td>F</td>
<td>V</td>
<td>F</td>
</tr>
<tr>
<td>F</td>
<td>F</td>
<td>F</td>
<td>V</td>
<td>V</td>
<td>V</td>
</tr>
</tbody>
</table>
<profundiza>
<enlace
destino="/LoIdRedirect.aspx?LoId=MA_06_01_CO_Recurso90&amp;IdRecurso=RES-0FDE8C31381844DF901D7B1245D4E710
">Las proposiciones en juegos de lógica</enlace>
<enlace
destino="/LoIdRedirect.aspx?LoId=MA_06_01_CO_Recurso100&amp;IdRecurso=RES-66C8D7B1CB184C7BBCD2554166F2730A"
>La literatura y las proposiciones</enlace>
</profundiza></seccion3Texto></seccion3></seccion2Texto></seccion2>
<seccion2 id="S2_MA_06_01_CO_32DD556303C54CF98FAC97AEE6E3BEB3">
<seccion2Titulo>Los cuantificadores</seccion2Titulo>
<seccion2Texto>
<p>Los cuantificadores son palabras que se anteponen a una proposición
abierta con el fin de crear una nueva proposición; en esta se indica
si todos, o al menos uno de los elementos de un conjunto satisfacen
dicha proposición. </p>
<destacado><destacadoTitulo>Los cuantificadores</destacadoTitulo>
<destacadoTexto>
<p>Se identifican como <negrita>cuantificadores</negrita> a las expresiones: <negrita
>para todo, todos, cualquier, existe, uno, algún y algunos</negrita
>.</p>
</destacadoTexto></destacado>
<p>Los cuantificadores se clasifican en dos grupos: los universales
y los existenciales.</p>
<listaSinNumerar>
<listaElemento><negrita>Los cuantificadores universales</negrita>:
se utilizan para referirse a todos los elementos de un conjunto y
se identifican con las palabras “todo”, “para todo” o “cualquiera”.
Se simboliza con el signo ∀.   </listaElemento>
<listaElemento><negrita>Los cuantificadores existenciales </negrita
>hacen referencia a las expresiones: “existe uno”, “existen algunos”
o “algún”. Para simbolizar un cuantificador existencial se utiliza
el siguiente símbolo Ǝ.</listaElemento>
</listaSinNumerar>
<p>Veamos algunos ejemplos de proposiciones con cuantificadores y
su respectivo valor de verdad:</p>
<listaSinNumerar>
<listaElemento>Todos los seres humanos necesitan agua para sobrevivir.
(V) </listaElemento>
<listaElemento>Algunos números de la tabla del 8 terminan en 5. (F) </listaElemento>
<listaElemento>Hay un número natural menor que 1. (V) </listaElemento>
<listaElemento>Existe una especie de osos en vía de extinción. (V)</listaElemento>
</listaSinNumerar>
<imagen src="MA_06_01_CO_IMG02small.jpg">
<p>Se define la proposición <cursiva>r</cursiva>: Algunos jugadores
de baloncesto son de estatura alta. Esta proposición es verdadera. </p>
<p>La palabra “algunos” es un cuantificador existencial.</p>
</imagen>
<destacado><destacadoTitulo>Negación de cuantificadores</destacadoTitulo>
<destacadoTexto>
<p>Para negar proposiciones cuantificadas se debe cambiar el cuantificador.
 </p>
<p>Si el cuantificador es universal se cambia por uno existencial
y si es existencial por uno universal.</p>
</destacadoTexto></destacado>
<p>Por ejemplo, al negar la proposición <cursiva>p</cursiva>: <negrita
>Todas</negrita> las gallinas tienen plumas rojas, se debe cambiar
el cuantificador <negrita>Todas</negrita> por el cuantificador <negrita
>Algunas</negrita> </p>
<p>La negación sería:</p>
<p> ¬<cursiva>p</cursiva>: <negrita>Algunas</negrita> gallinas tienen
plumas rojas. (V)</p>
<practica>
<enlace
destino="/LoIdRedirect.aspx?LoId=MA_06_01_CO_Recurso110&amp;IdRecurso=RES-10FB62C85D374CAEA9DFD11FD3E305A9"
>Usos de los cuantificadores</enlace>
</practica></seccion2Texto></seccion2><seccion2
id="S2_MA_06_01_CO_FB1FECF7E03343BA9C9E933C432AE36A">
<seccion2Titulo>Consolidación</seccion2Titulo>
<seccion2Texto><practica>
<enlace
destino="/LoIdRedirect.aspx?LoId=MA_06_01_CO_Recurso120&amp;IdRecurso=RES-459EE83481F24856BCAF2AC812B67FF4"
>Analizando la solución a una situación problema</enlace>
<enlace
destino="/LoIdRedirect.aspx?LoId=MA_06_01_CO_Recurso130&amp;IdRecurso=RES-00A3CD61F3B244F0BC302C804198EEF1"
>Refuerza tu aprendizaje: determina el valor de verdad de proposiciones</enlace>
</practica></seccion2Texto></seccion2></seccion1Texto></seccion1>
<seccion1 id="S1_MA_06_01_CO_711D8C4B8FE04B21932B8C50AAA33D36">
<seccion1Titulo>Conjuntos</seccion1Titulo>
<seccion1Texto>
<p>Cada persona tiene una idea intuitiva de qué es un conjunto y reconoce
conjuntos en su entorno; por ejemplo, el conjunto de mascotas del
barrio, el conjunto de vajillas del restaurante, el conjunto de jugadores
de fútbol del colegio, entre otros, etc.</p>
<seccion2 id="S2_MA_06_01_CO_B39C0361CE384293847A0C6CD4DA905F">
<seccion2Titulo>Noción de conjunto</seccion2Titulo>
<seccion2Texto>
<p>Una colección de objetos de la misma naturaleza, es decir, con
una o más características comunes, recibe el nombre de <negrita>conjunto</negrita
>. </p>
<p>Los miembros de un conjunto son llamados <negrita>elementos</negrita
> y se representan con números o letras minúsculas. Los conjuntos
se nombran con letras mayúsculas y sus elementos se pueden encerrar
entre llaves, separándolos con comas.  </p>
<p>Son ejemplos de conjuntos:</p>
<listaSinNumerar>
<listaElemento><cursiva>B</cursiva> = {números impares menores que
10} </listaElemento>
<listaElemento><cursiva>B</cursiva> = {2, 4, 6, 8}</listaElemento>
</listaSinNumerar>
<p>Para indicar que un elemento pertenece a un conjunto se utiliza
el signo ∈ que se lee “pertenece a”, así para escribir que 7 pertenece
al conjunto <cursiva>B</cursiva> se escribe 7 ∈ <cursiva>B</cursiva
>. Si un elemento no pertenece al conjunto se utiliza el signo ∉ que
se lee “no pertenece”. De esa manera se escribe que 5 ∉ <cursiva>B</cursiva
>.</p>
<seccion3 id="S3_MA_06_01_CO_F5ED5F4DDA5E4B7A8A688110C2E5C7AD">
<seccion3Titulo>Determinación de conjuntos</seccion3Titulo>
<seccion3Texto>
<p>Para identificar los elementos de un conjunto es necesario determinarlo
de tal manera que sea fácil reconocer si un elemento pertenece o no
pertenece a ese conjunto. Para determinar conjuntos se utilizan dos
maneras: por extensión y por comprensión.</p>
<profundiza>
<enlace
destino="/LoIdRedirect.aspx?LoId=MA_06_01_CO_Recurso140&amp;IdRecurso=RES-60390C1D1F8F407EA4A9FFB274675F66
">Determina y clasifica conjuntos</enlace>
</profundiza></seccion3Texto></seccion3><seccion3
id="S3_MA_06_01_CO_51536D9E956640B698BD9A60DFB3368B">
<seccion3Titulo>Clasificación de conjuntos</seccion3Titulo>
<seccion3Texto>
<p>Los conjuntos se pueden representar gráficamente con diagramas
como el que se observa a continuación </p>
<imagen src="MA_06_01_CO_IMG03small.jpg">
<p><cursiva>M</cursiva> es el conjunto de los números primos menores
que 25.</p>
</imagen>
<p>Estos diagramas se conocen como <negrita>diagramas de Venn</negrita
>, en honor al matemático que usó esta forma para presentar los conjuntos.</p>
<imagen src="MA_06_01_CO_IMG04small.jpg">
<p><cursiva>John Venn</cursiva> </p>
<p>Matemático que formalizó el uso de los diagramas como círculos
u óvalos para representar gráficamente los conjuntos.</p>
</imagen>
<practica>
<enlace
destino="/LoIdRedirect.aspx?LoId=MA_06_01_CO_Recurso150&amp;IdRecurso=RES-2D6158B69DC04C9990C67CD398F17832"
>Trabaja en conceptos de conjuntos</enlace>
</practica></seccion3Texto></seccion3><seccion3
id="S3_MA_06_01_CO_DB9F77DC552945D7BB77525E59D12DE1">
<seccion3Titulo>Relaciones entre conjuntos</seccion3Titulo>
<seccion3Texto>
<p>Dados dos conjuntos <cursiva>A</cursiva> y <cursiva>B</cursiva
> se pueden definir las siguientes relaciones:</p>
<listaSinNumerar>
<listaElemento><cursiva>A</cursiva> puede estar contenido en <cursiva
>B</cursiva>. </listaElemento>
<listaElemento><cursiva>A</cursiva> puede ser igual a <cursiva>B</cursiva
>. </listaElemento>
<listaElemento><cursiva>A</cursiva> y <cursiva>B</cursiva> pueden
tener elementos comunes. Se dice que <cursiva>A</cursiva> y <cursiva
>B</cursiva> son intersecantes. </listaElemento>
<listaElemento><cursiva>A</cursiva> y <cursiva>B</cursiva> pueden
no tener elementos comunes. Se dice que <cursiva>A</cursiva> y <cursiva
>B</cursiva> son disjuntos.</listaElemento>
</listaSinNumerar>
<profundiza>
<enlace
destino="/LoIdRedirect.aspx?LoId=MA_06_01_CO_Recurso160&amp;IdRecurso=RES-EC452952DD314B669CBE7147E6F95E51"
>Reconoce las relaciones entre dos conjuntos</enlace>
</profundiza></seccion3Texto></seccion3></seccion2Texto></seccion2>
</seccion1Texto></seccion1><seccion1
id="S1_MA_06_01_CO_711D8C4B8FE04B21932B8C50AAA36633">
<seccion1Titulo>Consolidación</seccion1Titulo>
<seccion1Texto>
<p>Con estas actividades podrás practicar lo aprendido en relación
con el concepto de conjunto. </p>
<practica>
<enlace
destino="/LoIdRedirect.aspx?LoId=MA_06_01_CO_Recurso170&amp;IdRecurso=RES-F6AAFAAC02894AB5B17358735CCDE648"
>Identifica relaciones entre conjuntos</enlace>
<enlace
destino="/LoIdRedirect.aspx?LoId=MA_06_01_CO_Recurso180&amp;IdRecurso=RES-B9CDA8CC297A44FEB78818010892E916"
>Conceptos sobre conjuntos</enlace>
<enlace
destino="/LoIdRedirect.aspx?LoId=MA_06_01_CO_Recurso190&amp;IdRecurso=RES-BFDBB08CC5CB4321BAB9859007370488"
>Analizando la solución a una situación problema</enlace>
</practica></seccion1Texto></seccion1><seccion1
id="S1_MA_06_01_CO_DE69077922334B09920A1ABF6B669CBF">
<seccion1Titulo>Operaciones entre conjuntos</seccion1Titulo>
<seccion1Texto>
<p>Dados dos conjuntos es posible definir las siguientes operaciones
entre ellos:</p>
<p centrado="si">Unión		Intersección		Complemento		Diferencia</p>
<p>El resultado de cada operación determina un nuevo conjunto con
unas características específicas.  </p>
<p>A continuación se explicarán cada una de las operaciones entre
conjuntos.</p>
<seccion2 id="S2_MA_06_01_CO_B39C0361CE384293847A0C6CD4DA0011">
<seccion2Titulo>Unión entre conjuntos</seccion2Titulo>
<seccion2Texto>
<p>La unión entre dos o más conjuntos es un nuevo conjunto formado
por los elementos que pertenecen a cada conjunto, incluso los elementos
que tengan en común. </p>
<p>Se representa por <cursiva>A</cursiva> U <cursiva>B</cursiva> y
por comprensión se determina así:</p>
<p centrado="si"><cursiva>A</cursiva> ⋃  <cursiva>B</cursiva> = {<cursiva
>x</cursiva>/<cursiva>x</cursiva> ∈ <cursiva>A</cursiva> v <cursiva
>x</cursiva> ∈ <cursiva>B</cursiva>}  </p>
<p>Por ejemplo, si <cursiva>A</cursiva> = {1, 2, 3, 4} y <cursiva
>B</cursiva> = {3, 4, 5, 6, 7, 8}, se tiene que: </p>
<p centrado="si"><cursiva>A</cursiva> ⋃ <cursiva>B</cursiva> = {1,
2, 3, 4, 5, 6, 7, 8}  </p>
<p>Nótese que los números 3 y 4 pertenecen a los dos conjuntos, pero
en la unión se escriben solo una vez.</p>
</seccion2Texto></seccion2><seccion2
id="S2_MA_06_01_CO_B4CC7C999BE641EB88FF835A876D5324">
<seccion2Titulo>Intersección entre conjuntos</seccion2Titulo>
<seccion2Texto>
<p>La intersección entre dos conjuntos es un nuevo conjunto formado
por los elementos comunes entre ellos.</p>
<p>Se representa por <cursiva>A</cursiva> ∩ <cursiva>B</cursiva> y
por comprensión se determina así:</p>
<p centrado="si"><cursiva>A</cursiva> ∩ <cursiva>B</cursiva> = {x/x
∈ <cursiva>A</cursiva> ⋀ <cursiva>x</cursiva> ∈ <cursiva>B</cursiva
> }  </p>
<p>Por ejemplo, si <cursiva>A</cursiva> = {3, 6, 9, 12, 15} y <cursiva
>B</cursiva> = {6, 12, 18, 24} se tiene que: </p>
<p centrado="si"><cursiva>A</cursiva> ∩ <cursiva>B</cursiva> = {6,
12}</p>
<profundiza>
<enlace
destino="/LoIdRedirect.aspx?LoId=MA_06_01_CO_Recurso200&amp;IdRecurso=RES-FC76F5B25D734675890F2E0BE276AEE8
">Representación gráfica de la unión y la intersección entre conjuntos</enlace>
</profundiza><practica>
<enlace
destino="/LoIdRedirect.aspx?LoId=MA_06_01_CO_Recurso210&amp;IdRecurso=RES-0536A91EA24F4D37A0F4D161A5A158E1"
>Practica la unión entre conjuntos</enlace>
</practica><practica>
<enlace
destino="/LoIdRedirect.aspx?LoId=MA_06_01_CO_Recurso220&amp;IdRecurso=RES-8CB8B50356DC4B4B8B68864B1A40DC5B"
>Practica la intersección entre conjuntos</enlace>
</practica></seccion2Texto></seccion2><seccion2
id="S2_MA_06_01_CO_9FE1022F5D774BE4A6AF54E441E9CC55">
<seccion2Titulo>Complemento de un conjunto</seccion2Titulo>
<seccion2Texto>
<p>El complemento de un conjunto está formado por los elementos que
le faltan a dicho conjunto para ser el universal o referencial <cursiva
>U</cursiva>.  </p>
<p>Se representa por <cursiva>A<superindice>c</superindice></cursiva
> y por comprensión se determina así:</p>
<p centrado="si"> <cursiva>A<superindice>c</superindice></cursiva
> = {<cursiva>x</cursiva>/<cursiva>x</cursiva> ∈ <cursiva>A</cursiva
> ⋀ <cursiva>x</cursiva> ∉ <cursiva>U</cursiva> }  </p>
<p>Por ejemplo, si <cursiva>A</cursiva> = {números pares dígitos}
y <cursiva>U</cursiva> = {números pares menores que 50} se tiene que: </p>
<p centrado="si"><cursiva>A<superindice>c</superindice></cursiva> =
{10, 12, 14, 16, 18, 20, …, 48}</p>
<practica>
<enlace
destino="/LoIdRedirect.aspx?LoId=MA_06_01_CO_Recurso230&amp;IdRecurso=RES-5A2DA183229943DAB53CF9EF9B6B541E"
>Halla el complemento de un conjunto</enlace>
</practica></seccion2Texto></seccion2><seccion2
id="S2_MA_06_01_CO_008F59F00B2C402F9759F6FB0A6943B2">
<seccion2Titulo>Diferencia entre conjuntos</seccion2Titulo>
<seccion2Texto>
<p>Dados los conjuntos <cursiva>A</cursiva> y <cursiva>B</cursiva
>, la diferencia entre <cursiva>A</cursiva> y <cursiva>B</cursiva
> es el conjunto formado por los elementos de <cursiva>A</cursiva
> que no están en <cursiva>B</cursiva>.  </p>
<p>Se representa <cursiva>A</cursiva> – <cursiva>B</cursiva> y por
compresión se determina por:</p>
<p centrado="si"><cursiva>A</cursiva> – <cursiva>B</cursiva> = {<cursiva
>x</cursiva>/<cursiva>x</cursiva> ∈ <cursiva>A</cursiva> ⋀ <cursiva
>x</cursiva> ∉ <cursiva>B</cursiva> }</p>
<p>Por ejemplo, si <cursiva>A</cursiva> = {<cursiva>x</cursiva>/<cursiva
>x</cursiva> es un número impar menor que 10} y <cursiva>B</cursiva
> = {1, 2, 3, 4, 5, 6} se tiene que: </p>
<p centrado="si"> <cursiva>A</cursiva> - <cursiva>B</cursiva> = {4,
6}</p>
<practica>
<enlace
destino="/LoIdRedirect.aspx?LoId=MA_06_01_CO_Recurso240&amp;IdRecurso=RES-08DB197DE23A474FB34CF6023B43C824"
>Determina la diferencia entre conjuntos</enlace>
</practica><profundiza>
<enlace
destino="/LoIdRedirect.aspx?LoId=MA_06_01_CO_Recurso250&amp;IdRecurso=RES-4F25A9599C634E9B9E5342366CE76DD0"
>Analiza gráficamente el complemento y la diferencia entre conjuntos</enlace>
</profundiza></seccion2Texto></seccion2><seccion2
id="S2_MA_06_01_CO_B39C0361CE384293847A0C6CD4DA1122">
<seccion2Titulo>Consolidación</seccion2Titulo>
<seccion2Texto>
<p>Practica los conceptos sobre conjuntos resolviendo las siguientes
actividades</p>
<practica>
<enlace
destino="/LoIdRedirect.aspx?LoId=MA_06_01_CO_Recurso260&amp;IdRecurso=RES-A62F06791FF54B728BD3668881083AD1"
>Practica las relaciones entre conjuntos</enlace>
<enlace
destino="/LoIdRedirect.aspx?LoId=MA_06_01_CO_Recurso270&amp;IdRecurso=RES-CCC9EFE97DDB4FCB887382E32D303FAD"
>Practica las operaciones entre conjuntos</enlace>
</practica><profundiza>
<enlace
destino="/LoIdRedirect.aspx?LoId=MA_06_01_CO_Recurso280&amp;IdRecurso=RES-C81D365FD86047A9BAC9315A8A57F822"
>Analiza gráficamente el complemento y la diferencia entre conjuntos</enlace>
</profundiza></seccion2Texto></seccion2></seccion1Texto></seccion1>
<seccion1 id="S1_MA_06_01_CO_AB0650EECBBD4E889C6E896BB3A5EEB3">
<seccion1Titulo>Ejercitación y competencias </seccion1Titulo>
<seccion1Texto><profundiza>
<enlace
destino="/LoIdRedirect.aspx?LoId=MA_06_01_CO_Recurso290&amp;IdRecurso=RES-4009EBB625CE40638B212319F0419429"
>Los conjuntos en contextos cotidianos</enlace>
</profundiza></seccion1Texto></seccion1><masinformacion
id="MI_MA_06_01_CO_E1C76A42625741C5B6D40A948CF8DE68"><mapaconceptual>
<enlace
destino="/LoIdRedirect.aspx?LoId=MA_06_01_CO_Recurso310&amp;IdRecurso=RES-F1C5D64A2512404784BD17302D7D7671"
>Mapa Conceptual</enlace></mapaconceptual><autoevaluate><enlace
destino="/LoIdRedirect.aspx?LoId=MA_06_01_CO_Recurso320&amp;IdRecurso=RES-06D1CA5AD0DB461890D064150760ED85"
>Evaluación</enlace></autoevaluate><enlacesreferencia>
<enlace
destino="http://wolframalpha0.blogspot.com/2014/01/como-hacer-diagramas-de-venn-online.html"
>Página en la que encontrarás cómo hacer diagramas de Venn online.</enlace>
<enlace
destino="http://escuela2punto0.educarex.es/Humanidades/Etica_Filosofia_Ciudadania/Aprende_logica/logica/03tablasvdad/generadorfrset.html"
>Web en la que puedes generar diversas tablas de verdad y comprobar
sus resultados </enlace>
<enlace
destino="http://es.wikibooks.org/wiki/Ejercicios_Propuestos_de_Conectivos_L%C3%B3gicos_y_Tablas_de_Verdad"
>Web en la que puedes practicar ejercicios sobre conectivos lógicos
y tablas de verdad</enlace>
<enlace
destino="http://arquimedes.matem.unam.mx/lite/2013/1.1_Un100/_Un_100_DiagramasDeVenn/index.html"
>Web que muestra diversos ejemplos de operaciones entre conjuntos. </enlace>
</enlacesreferencia></masinformacion></libro>
