<?xml version='1.0' encoding='UTF-8'?><engine copy="Editorial Planeta" version="1" aprid="f13" title="Construye triángulos" >
<section title="Equilatero" path="imagendummy_motorm.png" pathAmp="imagendummy_motorm.png" image1Text="&lt;p&gt;&lt;span style=&quot;font-family:verdana,geneva,sans-serif&quot;&gt;Construcci&amp;oacute;n de un tri&amp;aacute;ngulo equilatero.&lt;/span&gt;&lt;/p&gt; " zoom1="true" zoom2a="false" zoom2b="false" layout="0" >
<![CDATA[<p style="text-align:center"><span style="font-size:18px"><span style="font-family:verdana,geneva,sans-serif"><strong>Construcci&oacute;n de un tri&aacute;ngulo equilatero</strong></span></span></p>

<p><span style="font-size:18px"><span style="font-family:verdana,geneva,sans-serif"><span style="color:rgb(51, 51, 51)">Sigue los siguientes pasos para construir un tri&aacute;ngulo equil&aacute;tero con regla y comp&aacute;s cuyo lado <em>ab </em>= 3.</span></span></span></p>

<p><span style="font-size:18px"><span style="font-family:verdana,geneva,sans-serif"><span style="color:rgb(51, 51, 51)">1. Trazas la recta desde el punto <em>A </em>hasta el punto <em>B, AB </em>= 3 unidades.</span></span></span></p>

<p><span style="font-size:18px"><span style="font-family:verdana,geneva,sans-serif"><span style="color:rgb(51, 51, 51)">2. Trazas&nbsp;la circunferencia <em>C</em><sub>1</sub>&nbsp;con centro en <em>A</em> y radio (<em>AB</em>).</span></span></span></p>

<p><span style="font-size:18px"><span style="font-family:verdana,geneva,sans-serif"><span style="color:rgb(51, 51, 51)">3. Trazas una circunferencia <em>C</em><sub>2</sub> con centro en&nbsp;<em>B</em> y radio (<em>BA</em>).</span></span></span></p>

<p><span style="font-size:18px"><span style="font-family:verdana,geneva,sans-serif"><span style="color:rgb(51, 51, 51)">4. Hallas el punto&nbsp;<em>I</em> de intersecci&oacute;n entre la circunferencia <em>C</em><sub>1</sub> y <em>C</em><sub>2</sub>.</span></span></span></p>

<p><span style="font-size:18px"><span style="font-family:verdana,geneva,sans-serif"><span style="color:rgb(51, 51, 51)">5. Traza la recta <em>AI.</em> </span></span></span></p>

<p><span style="font-size:18px"><span style="font-family:verdana,geneva,sans-serif"><span style="color:rgb(51, 51, 51)">6. Traza la recta <em>BI.</em></span></span></span></p>

<p><span style="font-size:18px"><span style="font-family:verdana,geneva,sans-serif"><span style="color:rgb(51, 51, 51)">7. Obtienes el pol&iacute;gono <em>ABI</em>, el cual es un tri&aacute;ngulo equil&aacute;tero.</span></span></span></p>
]]></section>
<section title="Isósceles " path="imagendummy_motorm.png" pathAmp="imagendummy_motorm.png" image1Text="&lt;p&gt;&lt;span style=&quot;font-family:verdana,geneva,sans-serif&quot;&gt;Construcci&amp;oacute;n de un tri&amp;aacute;ngulo is&amp;oacute;sceles.&lt;/span&gt;&lt;/p&gt; " zoom1="true" zoom2a="false" zoom2b="false" layout="0" >
<![CDATA[<p style="text-align:center"><span style="font-size:18px"><span style="font-family:verdana,geneva,sans-serif"><strong>Contrucci&oacute;n de un tri&aacute;ngulo Is&oacute;sceles </strong></span></span></p>

<p><span style="font-size:18px"><span style="font-family:verdana,geneva,sans-serif">Ahora vamos a realizar la construcci&oacute;n de un tri&aacute;ngulo is&oacute;sceles con regla y comp&aacute;s.</span></span></p>

<p><span style="font-size:18px"><span style="font-family:verdana,geneva,sans-serif">Dados dos segmentos <em>AB </em>= 5 y <em>CD </em>= 4, construir un tri&aacute;ngulo is&oacute;sceles en la recta <em>EF</em>.</span></span></p>

<p><span style="font-size:18px"><span style="font-family:verdana,geneva,sans-serif">1. Traza la circunferencia <em>C</em><sub>1</sub> con centro en <em>A</em> y radio <em>AB</em>.</span></span></p>

<p><span style="font-size:18px"><span style="font-family:verdana,geneva,sans-serif">2. Construye una circunferencia <em>C</em><sub>2</sub>&nbsp;con centro en <em>E</em> y radio <em>AB</em>.</span></span></p>

<p><span style="font-size:18px"><span style="font-family:verdana,geneva,sans-serif">3. Halla el punto&nbsp;<em>H</em>&nbsp;de intersecci&oacute;n entre <em>C</em><sub>2</sub> y la recta <em>EF</em>. (El segmento <em>EH</em>&nbsp; ser&aacute; la base de nuestro tri&aacute;ngulo is&oacute;sceles.</span></span></p>

<p><span style="font-size:18px"><span style="font-family:verdana,geneva,sans-serif">4. Construye una&nbsp;circunferencia <em>C</em><sub>3</sub>&nbsp;con centro en&nbsp;<em>H</em> y radio <em>CD</em>.</span></span></p>

<p><span style="font-size:18px"><span style="font-family:verdana,geneva,sans-serif">5. Construye una circunferencia <em>C</em><sub>4</sub> con centro en <em>E</em> y radio <em>CD</em>.</span></span></p>

<p><span style="font-size:18px"><span style="font-family:verdana,geneva,sans-serif">6. Halla el punto de intersecci&oacute;n <em>I</em>, entre la circunferencia <em>C</em><sub>3</sub> y <em>C</em><sub>4</sub>.</span></span></p>

<p><span style="font-size:18px"><span style="font-family:verdana,geneva,sans-serif">7. Traza el segmento <em>EI</em> y <em>HI</em>. Como <em>EI </em>= <em>HI</em> obtenemos un tri&aacute;ngulo is&oacute;sceles.</span></span></p>
]]></section>
<section title="Tu reto" path="imagendummy_motorm.png" pathAmp="imagendummy_motorm.png" image1Text="&lt;p&gt;&lt;span style=&quot;font-family:verdana,geneva,sans-serif&quot;&gt;Construcci&amp;oacute;n de un tri&amp;aacute;ngulo escaleno.&lt;/span&gt;&lt;/p&gt; " zoom1="true" zoom2a="false" zoom2b="false" layout="0" >
<![CDATA[
<p style="text-align: center;"><span style="font-size:18px"><span style="font-family:verdana,geneva,sans-serif"><strong>Tu reto: el tri&aacute;ngulo escaleno</strong></span></span></p>

<p><span style="font-size:18px"><span style="font-family:verdana,geneva,sans-serif">Teniendo en cuenta la construcci&oacute;n del tri&aacute;ngulo equil&aacute;tero, el tri&aacute;ngulo is&oacute;sceles y la imagen de la construcci&oacute;n del tri&aacute;ngulo escaleno que se te presenta en esta pesta&ntilde;a, en una diapositiva de PowerPoint escribe la construcci&oacute;n para&nbsp;un tri&aacute;ngulo escaleno cuyos lados sean.</span></span></p>

<p><span style="font-size:18px"><span style="font-family:verdana,geneva,sans-serif"><em>AB</em> = 2</span></span></p>

<p><span style="font-size:18px"><span style="font-family:verdana,geneva,sans-serif"><em>CD </em>= 3</span></span></p>

<p><span style="font-size:18px"><span style="font-family:verdana,geneva,sans-serif"><em>EF</em> = 4</span></span></p>
]]></section>
<section title="Reto creativo" path="imagendummy_motorm.png" pathAmp="imagendummy_motorm.png" image1Text="" zoom1="true" zoom2a="false" zoom2b="false" layout="1" >
<![CDATA[
<p style="text-align: center;"><span style="font-size:18px"><span style="font-family:verdana,geneva,sans-serif"><strong>Reto creativo: Composici&oacute;n de imagenes con los tres tipos de tri&aacute;ngulos</strong></span></span></p>

<p><span style="font-size:18px"><span style="font-family:verdana,geneva,sans-serif"><span style="color:rgb(51, 51, 51)">En una hoja cuadriculada y teniendo como base la imagen de la izquierda conocida como la cometa tri&aacute;ngulada, construye una composici&oacute;n de figuras en las que se encuentre la construcci&oacute;n de un tri&aacute;ngulo (equil&aacute;tero, is&oacute;sceles y escaleno). </span></span></span></p>
]]></section>
</engine>