﻿<?xml version="1.0" encoding="utf-8"?>
<motor tipo="102" clase="ab" aprid="m102ab">
  <plataforma>
    <grado><![CDATA[1]]></grado>
    <titulo>La recta real y el axioma de completitud</titulo>
    <volumen><![CDATA[1]]></volumen>
    <nivel><![CDATA[1]]></nivel>
    <referencia><![CDATA[EX_PLANTILLA_M102AB]]></referencia>
    <motor><![CDATA[M102ab]]></motor>
    <lang>es</lang>
  </plataforma>
  <enunciado><![CDATA[Desarrolla este proyecto relacionado con el axioma de completitud, con la orientación de tu profesor o profesora. ]]></enunciado>
  <masinfo inicio="0" />
  <textoupload><![CDATA[Lee atentamente la información presentada y plantea las preguntas que consideres necesarias para dominar el tema.]]></textoupload>
  <adjunto><![CDATA[Principal.html]]></adjunto>
  <url />
  <amano><![CDATA[0]]></amano>
  <temps>15</temps>
</motor>