<?xml version='1.0' encoding='UTF-8'?><engine copy="Editorial Planeta" version="1" aprid="f13" title="Proyecto: los números reales en la toma de decisiones" >
<section title="Presentación" path="imagendummy_motorf.jpg" pathAmp="" image1Text="" zoom1="false" zoom2a="false" zoom2b="false" layout="0" >
<![CDATA[<p style="text-align: justify;"><span style="font-family:verdana,geneva,sans-serif"><span style="font-size:18px">Los n&uacute;meros reales hacen parte de todo lo que nos rodea,&nbsp;diversas situaciones que suceden cotidianamante&nbsp;son descritas mediante n&uacute;meros reales.</span></span></p>

<p style="text-align: justify;">En particular queremos que notes como los n&uacute;meros reales brindan informaci&oacute;n importante que nos permiten tomar una u otra desici&oacute;n, en este caso, en relaci&oacute;n al cuidado de nuestro planeta.</p>

<p style="text-align: justify;">El objetivo de esta pr&aacute;ctica es que recolectes bastante informaci&oacute;n sobre los cambios clim&aacute;ticos que han venido sucediendo en nuestro planeta, para que luego tengas la iniciativa de generar una campa&ntilde;a ecologica que concientice a los&nbsp;compa&ntilde;eros de la necesidad que tenemos de cambiar algunos de nuestros h&aacute;bitos que hacen da&ntilde;o al planeta.</p>

<p style="text-align: justify;">Para realizar la campa&ntilde;a ecol&oacute;gica es necesario que consultes sobre los siguientes aspectos:</p>

<ol>
	<li style="text-align: justify;">&iquest;Cu&aacute;l es la influencia de los seres humanos en el cambio del clima?</li>
	<li style="text-align: justify;">&iquest;Cu&aacute;les son los tipos de contaminaci&oacute;n m&aacute;s preocupantes en tu ciudad?</li>
	<li style="text-align: justify;">&iquest;Cu&aacute;les campa&ntilde;as o iniciativas se han dado desde tu colegio para el cuidado del medio ambiente?</li>
</ol>

<p style="text-align: justify;">&nbsp;</p>
]]></section>
<section title="Tarea" path="imagendummy_motorf.jpg" pathAmp="" image1Text="" zoom1="false" zoom2a="false" zoom2b="false" layout="1" >
<![CDATA[<p style="text-align: justify;"><span style="font-family:verdana,geneva,sans-serif"><span style="font-size:18px">En diferentes medios se ha venido informando que una de las mayores preocupaciones que debemos tener como habitantes del planeta tierra es el deshielo que ha venido sufriendo los glaciares en los &uacute;ltimos 15 a&ntilde;os.</span></span></p>

<p style="text-align: justify;"><span style="font-family:verdana,geneva,sans-serif"><span style="font-size:18px">Se sabe que desde el a&ntilde;o 1978 la superficie del hielo &Aacute;rtico ha disminuido su &aacute;rea un 9% por d&eacute;cada, este es un valor preocupante, pero necesitamos tener infomaci&oacute;n con valores mucho m&aacute;s exactos para generar una campa&ntilde;a que relamente muestre las dimensiones del&nbsp;problema en el que nos encontramos y as&iacute;&nbsp;se motive a&nbsp;tener una cultura ambiental que le haga bien al planeta y por tanto a todos los que lo habitamos.</span></span></p>

<p style="text-align: justify;">Para generar un campa&ntilde;a es necesario que averigues valores num&eacute;ricos que se tengan en relaci&oacute;n a los siguientes aspectos:</p>

<ul>
	<li style="text-align: justify;">En las &uacute;ltimas tres d&eacute;cadas &iquest;cu&aacute;nto ha sido el incremento de la temperatura promedio en la ciudad m&aacute;s poblada de Alaska?</li>
	<li style="text-align: justify;">&iquest;Cu&aacute;les son las cantidades de contaminaci&oacute;n que genera el uso de pl&aacute;stico (bolsas, pitillos, botellas, etc)?</li>
	<li style="text-align: justify;">En tu ciudad &iquest;c&oacute;mo han cambiado los niveles de dioxido de carbono en el aire en los &uacute;ltimos 10 a&ntilde;os?</li>
	<li style="text-align: justify;">&iquest;Qu&eacute; implicaciones ha tenido sobre los r&iacute;os de tu pa&iacute;s el uso de la mineria en distintas regiones del pa&iacute;s?</li>
</ul>

<p style="text-align: justify;">Con esta&nbsp;infomaci&oacute;n puedes elaborar una presentaci&oacute;n que genere una mayor conciencia ambiental.</p>

<p>&nbsp;</p>

<p>&nbsp;</p>
]]></section>
</engine>