﻿<?xml version="1.0" encoding="UTF-8"?>
<XMLDatos aprid="F">
  <f1_01><![CDATA[La unión y la intersección de sucesos.<br/>
  Definición y ejemplos.]]></f1_01>
  <f1_02><![CDATA[La unión de sucesos]]></f1_02>
  <f1_03><![CDATA[Ejemplo de unión
  de sucesos]]></f1_03>
  <f1_04><![CDATA[La intersección
  de sucesos]]></f1_04>
  <f1_05><![CDATA[Ejemplo de intersección de sucesos]]></f1_05>
  <f2_01><![CDATA[La unión de sucesos]]></f2_01>
  <f3_01><![CDATA[Si tenemos <b>dos sucesos</b>, <b><i>A</i></b> y <b><i>B</i></b>, su <b>unión</b> se representa como
  <b><i>A</i></b> U <b><i>B</i></b>  y da lugar a otro suceso formado por todos los elementos de <i>A</i> y todos los de <i>B</i>.]]></f3_01>
  <f4_01><![CDATA[Dos <b>sucesos</b> son <b>incompatibles</b> si <b>no</b> pueden <b>suceder simultáneamente</b>.]]></f4_01>
  <f4_02><![CDATA[Si conocemos la probabilidad del suceso <i>A</i> y la probabilidad del suceso <i>B</i> y los dos son incompatibles, <b>la probabilidad del suceso <i>A</i></b> U <b><i>B</i></b>, será la <b>suma de las dos</b>.]]></f4_02>
  <f4_03><![CDATA[p(<i>A</i> U <i>B</i>) = p(<i>A</i>) + p(<i>B</i>)]]></f4_03>
  <f5_01><![CDATA[El ejemplo anterior se refiere a dos conjuntos que no tienen ningún elemento en común. En el caso de que los hubiera, habría que restarlos del total, como se indica a continuación:]]></f5_01>
  <f5_02><![CDATA[<i>p</i>(<i>A</i> U <i>B</i>) = <i>p</i>(<i>A</i>) + <i>p</i>(<i>B</i>) – <i>p</i>(<i>A</i> n <i>B</i>)]]></f5_02>
  <f6_01><![CDATA[Además, según la <b>Ley de De Morgan</b>, el suceso contrario de <i>A</i> U <i>B</i> sería la intersección del contrario de <i>A</i> y del contrario de <i>B</i>.]]></f6_01>
  <f6_02><![CDATA[(<i>A</i> U <i>B</i>) = <i>A</i> n <i>B</i>]]></f6_02>
  <f7_01><![CDATA[<b>Augustus De Morgan</b><br/>
(Madurai, India, 27 de junio de 1806 - Londres, Gran Bretaña, 18 de marzo de 1871). Matemático inglés, educado en el Trinity College de Cambridge, fue docente en el Colegio Universitario de Londres y el primer presidente de la Sociedad de Matemáticas de Londres. Se interesó especialmente por el estudio de la lógica, a la que aportó las leyes que llevan su nombre. Se resumen así:
<ul><li>
La negación de la conjunción (unión) es equivalente a la disyunción
(intersección) de las negaciones:<br/><br/>

<center>¬(<i>A</i> U   <i>B</i>) <=> (¬<i>A</i>) n   (¬<i>B</i>)</center>

</li><li>La negación de la disyunción (intersección) es equivalente a la conjunción
(unión) de las negaciones:<br/><br/>

<center>¬(<i>A</i> n   <i>B</i>) <=> (¬<i>A</i>) U   (¬<i>B</i>)</center></li></ul>]]></f7_01>
  <f8_01><![CDATA[Ejemplo de unión de sucesos]]></f8_01>
  <f9_01><![CDATA[Vamos a hacer un experimento de probabilidad que consiste en lanzar un dado. El espacio muestral sería:
  <br /><br /><br /><br /><br />
  <center><i>E</i> = {1, 2, 3, 4, 5, 6}</center>]]></f9_01>
  <f10_01><![CDATA[Ahora podemos contemplar los sucesos <i>A</i> y <i>B</i>. El <b>suceso <i>A</i></b> es que salga un número par y el <b>suceso <i>B</i></b> que salga un número mayor que 4.]]></f10_01>
  <f10_02><![CDATA[<i>A</i> = {2, 4, 6}
  <br/><br/>
  <i>B</i> = {5, 6}]]></f10_02>
  <f11_01><![CDATA[Ahora, si queremos hacer la unión de los dos conjuntos, tendremos que <i>A</i> U <i>B</i> está formado por los resultados: 2, 4, 5 y 6.]]></f11_01>
  <f11_02><![CDATA[<i>A</i> U <i>B</i> = {2, 4, 5, 6}]]></f11_02>
  <f11_03><![CDATA[PRACTICA]]></f11_03>
  <f12_01><![CDATA[Hacemos un experimento que consiste en tirar dos dados y sumar su puntuación. Definimos el suceso <i>A</i> como que el resultado total sea impar y el suceso <i>B</i> que sea menor que 5. Determina el espacio muestral <i>E</i>, los sucesos <i>A</i> y <i>B</i> y la unión de estos sucesos.]]></f12_01>
  <f12_02><![CDATA[SOLUCIÓN]]></f12_02>
  <f13_01><![CDATA[Primero vamos a determinar cuál es el espacio muestral. En este caso sería:<br/>
  
  <center><i>E</i> = {2, 3, 4, 5, 6, 7, 8, 9, 10, 11, 12}.</center><br/>
  
  Ahora, el suceso <i>A</i> es: <i>A</i> = {3, 5, 7, 9, 11}, y el <i>B</i> es: <i>B</i> = {2, 3, 4}.<br/><br/>
  
  La unión de ambos es el conjunto formado por todos los elementos que pertenecen al suceso <i>A</i> y al suceso <i>B</i>:<br/><br/>
  
  <center><i>A</i> U <i>B</i> = <b class="naranja">{2, 3, 4, 5, 7, 9, 11}</center></b>]]></f13_01>
  <f14_01><![CDATA[La intersección de sucesos]]></f14_01>
  <f15_01><![CDATA[Si tenemos dos sucesos <i>A</i> y <i>B</i>, la intersección de estos sucesos, es un suceso diferente que se representa como<br/> <i>A</i> n <i>B</i> y en su gráfico se destaca el suceso formado por los elementos que pertenecen a la vez al suceso <i>A</i> y al <i>B</i>.]]></f15_01>
  <f16_01><![CDATA[Si se conoce la probabilidad del suceso <i>A</i> y la probabilidad del suceso <i>B</i> y los dos <b>sucesos</b> son <b>incompatibles</b>, entonces la <b>probabilidad del suceso intersección</b> será<br/> <b><i>p</i>(Ø) = 0</b>, ya que no es posible que sucedan <i>A</i> y <i>B</i> a la vez.]]></f16_01>
  <f16_01bq><![CDATA[Si se conoce la probabilidad del suceso <i>A</i> y la probabilidad del suceso <i>B</i> y los dos <b>sucesos</b> son <b>incompatibles</b>, entonces la <b>probabilidad del suceso intersección</b> será <b><i>p</i>(Ø) = 0</b>, ya que no es posible que sucedan <i>A</i> y <i>B</i> a la vez.]]></f16_01bq>
  <f16_02><![CDATA[<i>A</i> incompatible con <i>B</i>  <=>  <i>p</i>(<i>A</i> n <i>B</i>) = 0]]></f16_02>
  <f17_01><![CDATA[Por ejemplo, si el suceso elemental <i>A</i> es sacar un 1 en un dado y el suceso <i>B</i> es sacar un 6, la intersección de los dos sucesos es el conjunto vacío. Así, la probabilidad de que sucedan los dos a la vez es 0.]]></f17_01>
  <f17_02><![CDATA[<i>p</i>(<i>A</i> n <i>B</i>) = 0]]></f17_02>
  <f18_01><![CDATA[Los <b>sucesos elementales</b> son <b>siempre incompatibles</b>. Si los dos <b>sucesos</b> pueden producirse a la vez, no son incompatibles, están <b>compuestos</b> por <b>más de un suceso elemental</b>, hay una fórmula similar a la de la unión, pero intercambiando sumandos.]]></f18_01>
  <f18_02><![CDATA[<i>p</i>(<i>A</i> n <i>B</i>) = <i>p</i>(<i>A</i>) + <i>p</i>(<i>B</i>) – <i>p</i>(<i>A</i> U <i>B</i>)]]></f18_02>
  <f19_01><![CDATA[En la intersección de sucesos, también se aplica la Ley de De Morgan; en este caso, el suceso contrario a la intersección de dos sucesos <i>A</i> y <i>B</i>, es igual que la unión del suceso contrario de <i>A</i> y del suceso contrario a <i>B</i>:]]></f19_01>
  <f19_02><![CDATA[<i>A</i> n  <i>B</i>&nbsp;&nbsp;= <i>A</i> U&nbsp;&nbsp;<i>B</i>]]></f19_02>
  <f19_03><![CDATA[<i>A</i> U <i>B</i>&nbsp;&nbsp;= <i>A</i> n&nbsp;&nbsp;<i>B</i></i>]]></f19_03>
  <f19_02bq><![CDATA[<i>A</i> n  <i>B</i>&nbsp;&nbsp;&nbsp;= &nbsp;&nbsp;<i>A</i>&nbsp; U&nbsp;&nbsp;&nbsp;&nbsp;<i>B</i>]]></f19_02bq>
  <f19_03bq><![CDATA[<i>A</i> U <i>B</i>&nbsp;&nbsp;&nbsp;= &nbsp;&nbsp;<i>A</i> &nbsp;n&nbsp;&nbsp;&nbsp;&nbsp;<i>B</i></i>]]></f19_03bq>
  <f20_01><![CDATA[Ejemplo de intersección de sucesos]]></f20_01>
  <f21_01><![CDATA[Si se lanza un dado, el espacio muestral es:
  <br/><br/>
  <i>E</i> = {1, 2, 3, 4, 5, 6}]]></f21_01>
  <f22_01><![CDATA[Ahora podemos tener los sucesos <i>A</i> y <i>B</i>. El <b>suceso <i>A</i></b> será que salga par y el <b>suceso <i>B</i></b> será que salga mayor que 4.]]></f22_01>
  <f22_02><![CDATA[<i>A</i> = {2, 4, 6}
  <br/><br/>
  <i>B</i> = {5, 6}]]></f22_02>
  <f23_01><![CDATA[Ahora, si queremos hacer la intersección de los dos conjuntos, la intersección de <i>A</i> y <i>B</i> está formada por el resultado 6, ya que es el único valor que se encuentra en los dos sucesos.]]></f23_01>
  <f23_02><![CDATA[<i>A</i> n <i>B</i> = {6}]]></f23_02>
  <f24_01><![CDATA[Hacemos un experimento que consiste en tirar dos dados y sumar su puntuación. Definimos el suceso <i>A</i> como que el resultado total sea impar y el suceso <i>B</i> que sea menor <br/>que 5.
  <br/>Determina el espacio muestral <i>E</i>, los sucesos <i>A</i> y <i>B</i> y su intersección.]]></f24_01>
  <f25_01><![CDATA[<ul><li>Primero se determina cuál es el espacio muestral:
  <br/><br/>
  <center>En este caso, <i>E</i> = {2, 3, 4, 5, 6, 7, 8, 9, 10, 11, 12}.</center>
  <br/>
  </li><li>Luego, los sucesos  <i>A</i> y <i>B</i> :
  <br/><br/>
  <center><i>A</i> = {3, 5, 7, 9, 11} y <i>B</i> = {2, 3, 4}.</center>
  <br/>
  </li><li>Para terminar, la intersección contiene los elementos que pertenecen a la vez al suceso <i>A</i> y al suceso <i>B</i>, por lo que en este caso habría un solo resultado posible:
  <br/><br/>
  <center><i>A</i> n <i>B</i> = {<b class="naranja">3</b>}.</center></li></ul>]]></f25_01>
</XMLDatos>