﻿<?xml version="1.0" encoding="UTF-8"?><motor tipo="5" clase="a" aprid="M5a"><plataforma><grado><![CDATA[2]]></grado><titulo>Evaluación</titulo><area>3</area><nivel>2</nivel><referencia><![CDATA[MT_10_12_10]]></referencia><idreg><![CDATA[211]]></idreg><motor><![CDATA[M5A]]></motor><lang>es</lang></plataforma><enunciado><![CDATA[Evalúa tus conocimientos sobre el tema.]]></enunciado><masinfo inicio="0" /><sinaleatoriedad><![CDATA[0]]></sinaleatoriedad><calc>1</calc><respuestaunica><![CDATA[0]]></respuestaunica><test cantidad="10"><cuestion><enunciado><![CDATA[Si la probabilidad de que un coche sea de color rojo es de 0,2, ¿cuál es la probabilidad de que un coche sea de otro color?]]></enunciado><explicacion /><imagen><![CDATA[MT_10_12_06_01.jpg]]></imagen><ampliacion /><respuestas><respuesta contestacion="0,4" correcta="0" /><respuesta contestacion="0,2" correcta="0" /><respuesta contestacion="0,5" correcta="0" /><respuesta contestacion="0,8" correcta="1" /><respuesta contestacion="1" correcta="0" /></respuestas></cuestion><cuestion><enunciado><![CDATA[¿El resultado de un partido entre el Futbol Club Barcelona y el Osasuna se puede considerar un experimento aleatorio? ]]></enunciado><explicacion /><imagen><![CDATA[MT_10_12_06_02.jpg]]></imagen><ampliacion /><respuestas><respuesta contestacion="Depende de los jugadores que salgan a jugar." correcta="0" /><respuesta contestacion="Sí." correcta="0" /><respuesta contestacion="No, porque no depende solo del azar." correcta="1" /><respuesta contestacion="Depende del día en que se juegue." correcta="0" /></respuestas></cuestion><cuestion><enunciado><![CDATA[La ley de Laplace trata de {{cur}}N{{normal}} sucesos elementales. ¿Cómo deben ser estos sucesos para que se cumpla dicha ley?]]></enunciado><explicacion /><imagen><![CDATA[MT_10_12_06_03.jpg]]></imagen><ampliacion /><respuestas><respuesta contestacion="Con distinta probabilidad." correcta="0" /><respuesta contestacion="Equiprobables." correcta="1" /><respuesta contestacion="Contrarios." correcta="0" /><respuesta contestacion="Compuestos." correcta="0" /></respuestas></cuestion><cuestion><enunciado><![CDATA[Si la probabilidad de un suceso {{cur}}A{{normal}} es 0,2, la de un suceso {{cur}}B{{normal}} es 0,6 y la probabilidad de su intersección es 0,1, ¿cuál es la probabilidad de que suceda {{cur}}A{{normal}} o {{cur}}B{{normal}}?]]></enunciado><explicacion /><imagen><![CDATA[MT_10_12_10_04.jpg]]></imagen><ampliacion /><respuestas><respuesta contestacion="0,2" correcta="0" /><respuesta contestacion="0,7" correcta="1" /><respuesta contestacion="0,8" correcta="0" /><respuesta contestacion="0,6" correcta="0" /><respuesta contestacion="1" correcta="0" /></respuestas></cuestion><cuestion><enunciado><![CDATA[Si una baraja de cartas americana tiene 52 cartas, ¿cuál es la probabilidad de sacar un 4 o un 5?]]></enunciado><explicacion /><imagen><![CDATA[MT_10_12_10_05.jpg]]></imagen><ampliacion /><respuestas><respuesta contestacion="0,154" correcta="1" /><respuesta contestacion="0,123" correcta="0" /><respuesta contestacion="0,243" correcta="0" /><respuesta contestacion="0,312" correcta="0" /><respuesta contestacion="0,127" correcta="0" /></respuestas></cuestion><cuestion><enunciado><![CDATA[Si se tiran dos dados de forma consecutiva, ¿cuál es la probabilidad de que salga un 3 en el primer dado y un 5 en el segundo?]]></enunciado><explicacion /><imagen><![CDATA[MT_10_12_10_06.jpg]]></imagen><ampliacion /><respuestas><respuesta contestacion="0,032" correcta="0" /><respuesta contestacion="0,022" correcta="0" /><respuesta contestacion="0,028" correcta="1" /><respuesta contestacion="0,444" correcta="0" /><respuesta contestacion="0,5" correcta="0" /></respuestas></cuestion><cuestion><enunciado><![CDATA[Si la probabilidad de que una persona escogida al azar en un grupo sea mujer es de 0,6, ¿cuál es la probabilidad de que sea hombre?]]></enunciado><explicacion /><imagen><![CDATA[MT_10_12_10_07.jpg]]></imagen><ampliacion /><respuestas><respuesta contestacion="0,2" correcta="0" /><respuesta contestacion="0,4" correcta="1" /><respuesta contestacion="0,6" correcta="0" /><respuesta contestacion="1" correcta="0" /><respuesta contestacion="0,3" correcta="0" /></respuestas></cuestion><cuestion><enunciado><![CDATA[Si jugamos a la ruleta, el suceso "que salga 5" es un suceso...]]></enunciado><explicacion /><imagen><![CDATA[MT_10_12_10_08.jpg]]></imagen><ampliacion /><respuestas><respuesta contestacion="... compuesto." correcta="0" /><respuesta contestacion="... imposible." correcta="0" /><respuesta contestacion="... elemental." correcta="1" /><respuesta contestacion="... seguro." correcta="0" /></respuestas></cuestion><cuestion><enunciado><![CDATA[¿Cuál es la probabilidad de que al lanzar una moneda al aire tres veces seguidas salga cara las tres veces?]]></enunciado><explicacion /><imagen><![CDATA[MT_10_12_10_09.jpg]]></imagen><ampliacion /><respuestas><respuesta contestacion="0,25" correcta="0" /><respuesta contestacion="0,125" correcta="1" /><respuesta contestacion="0,5" correcta="0" /><respuesta contestacion="0,75" correcta="0" /><respuesta contestacion="0,1" correcta="0" /></respuestas></cuestion><cuestion><enunciado><![CDATA[¿Puede considerarse el resultado de la lotería un experimento aleatorio?]]></enunciado><explicacion /><imagen><![CDATA[MT_10_12_10_10.jpg]]></imagen><ampliacion /><respuestas><respuesta contestacion="Depende del día en que se celebre el sorteo." correcta="0" /><respuesta contestacion="Sí." correcta="1" /><respuesta contestacion="No ." correcta="0" /><respuesta contestacion="Depende del tipo de lotería." correcta="0" /></respuestas></cuestion></test></motor>