﻿<?xml version="1.0" encoding="utf-8"?><motor tipo="7" clase="a" aprid="M7a">
  <plataforma>
    <grado><![CDATA[2]]></grado>
    <titulo>Identifica las imágenes que se generan por simetría de reflexión</titulo>
    <volumen><![CDATA[3]]></volumen>
    <nivel><![CDATA[1]]></nivel>
    <referencia><![CDATA[mt_3c_21_09]]></referencia>
    <id_reg><![CDATA[36]]></id_reg>
    <motor><![CDATA[M7a]]></motor>
    <lang>es</lang>
  </plataforma>
  <enunciado><![CDATA[¿Cuál es la imagen generada por simetría de reflexión?]]></enunciado>
  <masinfo inicio="0"/>
  <sinaleatoriedad><![CDATA[0]]></sinaleatoriedad>
  <calc><![CDATA[0]]></calc>
  <respuestaunica><![CDATA[0]]></respuestaunica>
  <test cantidad="6">
    <cuestion>
      <enunciado><![CDATA[Selecciona la imagen simétrica correspondiente a la reflexión de la figura original.]]></enunciado>
      <imagen><![CDATA[_3c_21_09-01.jpg]]></imagen>
      <ampliacion/>
      <respuestas>
        <respuesta ruta="3c_21_09-01a.jpg" ampliacion="" correcta="1"/>
        <respuesta ruta="3c_21_09-01b.jpg" ampliacion="" correcta="0"/>
        <respuesta ruta="3c_21_09-01c.jpg" ampliacion="" correcta="0"/>
        <respuesta ruta="3c_21_09-01d.jpg" ampliacion="" correcta="0"/>
      </respuestas>
    </cuestion>
    <cuestion>
      <enunciado><![CDATA[Selecciona la imagen simétrica correspondiente a la reflexión de la figura original.]]></enunciado>
      <imagen><![CDATA[_3c_21_09-02.jpg]]></imagen>
      <ampliacion/>
      <respuestas>
        <respuesta ruta="3c_21_09-02a.jpg" ampliacion="" correcta="1"/>
        <respuesta ruta="3c_21_09-02b.jpg" ampliacion="" correcta="0"/>
        <respuesta ruta="3c_21_09-02d.jpg" ampliacion="" correcta="0"/>
        <respuesta ruta="3c_21_09-02c.jpg" ampliacion="" correcta="0"/>
      </respuestas>
    </cuestion>
    <cuestion>
      <enunciado><![CDATA[Selecciona la imagen simétrica correspondiente a la reflexión de la figura original.]]></enunciado>
      <imagen><![CDATA[_3c_21_09-03.jpg]]></imagen>
      <ampliacion/>
      <respuestas>
        <respuesta ruta="3c_21_09-03a.jpg" ampliacion="" correcta="1"/>
        <respuesta ruta="3c_21_09-03b.jpg" ampliacion="" correcta="0"/>
        <respuesta ruta="3c_21_09-03c.jpg" ampliacion="" correcta="0"/>
        <respuesta ruta="1_09-03adjpg.jpg" ampliacion="" correcta="0"/>
      </respuestas>
    </cuestion>
    <cuestion>
      <enunciado><![CDATA[Selecciona la imagen simétrica correspondiente a la reflexión de la figura original.]]></enunciado>
      <imagen><![CDATA[_3c_21_09-04.jpg]]></imagen>
      <ampliacion/>
      <respuestas>
        <respuesta ruta="3c_21_09-04a.jpg" ampliacion="" correcta="1"/>
        <respuesta ruta="3c_21_09-04b.jpg" ampliacion="" correcta="0"/>
        <respuesta ruta="3c_21_09-04c.jpg" ampliacion="" correcta="0"/>
        <respuesta ruta="3c_21_09-04d.jpg" ampliacion="" correcta="0"/>
      </respuestas>
    </cuestion>
    <cuestion>
      <enunciado><![CDATA[Selecciona la imagen simétrica correspondiente a la reflexión de la figura original.]]></enunciado>
      <imagen><![CDATA[_3c_21_09-05.jpg]]></imagen>
      <ampliacion/>
      <respuestas>
        <respuesta ruta="3c_21_09-05a.jpg" ampliacion="" correcta="1"/>
        <respuesta ruta="3c_21_09-05b.jpg" ampliacion="" correcta="0"/>
        <respuesta ruta="3c_21_09-05d.jpg" ampliacion="" correcta="0"/>
        <respuesta ruta="3c_21_09-02d.jpg" ampliacion="" correcta="0"/>
      </respuestas>
    </cuestion>
    <cuestion>
      <enunciado><![CDATA[Selecciona la imagen simétrica correspondiente a la reflexión de la figura original.]]></enunciado>
      <imagen><![CDATA[_3c_21_09-06.jpg]]></imagen>
      <ampliacion/>
      <respuestas>
        <respuesta ruta="3c_21_09-06a.jpg" ampliacion="" correcta="1"/>
        <respuesta ruta="3c_21_09-06b.jpg" ampliacion="" correcta="0"/>
        <respuesta ruta="3c_21_09-06c.jpg" ampliacion="" correcta="0"/>
        <respuesta ruta="3c_21_09-06d.jpg" ampliacion="" correcta="0"/>
      </respuestas>
    </cuestion>
  </test>
</motor>