﻿<?xml version="1.0" encoding="utf-8"?><motor tipo="101" clase="a" aprid="m101a"><plataforma><grado>2</grado><titulo>Refuerza tu aprendizaje: La reflexión de figuras en el plano</titulo><volumen /><nivel>3</nivel><referencia /><motor /><lang>es</lang></plataforma><enunciado><![CDATA[Realiza la siguiente actividad. Cuando termines haz clic en Enviar. Si es necesario, entrega las respuestas en mano o por email a tu profesor para que pueda validarlas.]]></enunciado><masinfo inicio="0" /><calc><![CDATA[0]]></calc><preguntas cantidad="10"><pregunta><enunciado><![CDATA[¿Cuál es el eje de reflexión del cocodrilo?]]></enunciado><explicacion><![CDATA[El eje de reflexión es x = 4.]]></explicacion><nivel><![CDATA[1]]></nivel><tipo /><imagen><![CDATA[MA_06_12_REC250_IMG01n.png]]></imagen><ampliacion><![CDATA[MA_06_12_REC250_IMG01a.png]]></ampliacion><texto /></pregunta><pregunta><enunciado><![CDATA[Dibuja el reflejo de la figura cuando el eje de reflexión es y = 0.]]></enunciado><explicacion /><nivel><![CDATA[1]]></nivel><tipo /><imagen><![CDATA[MA_06_12_REC250_IMG02n.png]]></imagen><ampliacion><![CDATA[MA_06_12_REC250_IMG02a.png]]></ampliacion><texto /></pregunta><pregunta><enunciado><![CDATA[Dibuja el reflejo de la figura cuando el eje de reflexión es x=1 y ubica las coordenadas de A, B y C. ]]></enunciado><explicacion /><nivel><![CDATA[2]]></nivel><tipo /><imagen><![CDATA[MA_06_12_REC250_IMG03n.png]]></imagen><ampliacion><![CDATA[MA_06_12_REC250_IMG03a.png]]></ampliacion><texto /></pregunta><pregunta><enunciado><![CDATA[Ubica el reflejo de las coordenadas A, B, C y D sabiendo que el eje de reflexión es x=-1.]]></enunciado><explicacion /><nivel><![CDATA[2]]></nivel><tipo /><imagen><![CDATA[MA_06_12_REC250_IMG04n.png]]></imagen><ampliacion><![CDATA[MA_06_12_REC250_IMG04a.png]]></ampliacion><texto /></pregunta><pregunta><enunciado><![CDATA[Ubica el reflejo de las coordenadas A y B sabiendo que el eje de reflexión es y =-2.]]></enunciado><explicacion /><nivel><![CDATA[2]]></nivel><tipo /><imagen><![CDATA[MA_06_12_REC250_IMG05n.png]]></imagen><ampliacion><![CDATA[MA_06_12_REC250_IMG05a.png]]></ampliacion><texto /></pregunta><pregunta><enunciado><![CDATA[Dibuja el reflejo de la siguiente figura, sabiendo que el eje de reflexión es y =-1.]]></enunciado><explicacion /><nivel><![CDATA[2]]></nivel><tipo /><imagen><![CDATA[MA_06_12_REC250_IMG06n.png]]></imagen><ampliacion><![CDATA[MA_06_12_REC250_IMG06a.png]]></ampliacion><texto /></pregunta><pregunta><enunciado><![CDATA[Dibuja el reflejo de la siguiente figura y escribe sus coordenadas, sabiendo que el eje de reflexión es x =2.]]></enunciado><explicacion /><nivel><![CDATA[3]]></nivel><tipo /><imagen><![CDATA[MA_06_12_REC250_IMG07n.png]]></imagen><ampliacion><![CDATA[MA_06_12_REC250_IMG07a.png]]></ampliacion><texto /></pregunta><pregunta><enunciado><![CDATA[Dibuja el reflejo de la siguiente figura y escribe sus coordenadas, sabiendo que el eje de reflexión es x =0.]]></enunciado><explicacion /><nivel><![CDATA[2]]></nivel><tipo /><imagen><![CDATA[MA_06_12_REC250_IMG08n.png]]></imagen><ampliacion><![CDATA[MA_06_12_REC250_IMG08a.png]]></ampliacion><texto /></pregunta><pregunta><enunciado><![CDATA[A continuación se presenta la reflexión ABC de un triángulo ¿Cuáles son las coordenadas del triángulo original?]]></enunciado><explicacion /><nivel><![CDATA[2]]></nivel><tipo /><imagen><![CDATA[MA_06_12_REC250_IMG09n.png]]></imagen><ampliacion><![CDATA[MA_06_12_REC250_IMG09a.png]]></ampliacion><texto /></pregunta><pregunta><enunciado><![CDATA[Dibuja la luna al reflejarse sobre y=-3.]]></enunciado><explicacion /><nivel><![CDATA[1]]></nivel><tipo /><imagen><![CDATA[MA_06_12_REC250_IMG10n.png]]></imagen><ampliacion><![CDATA[MA_06_12_REC250_IMG10a.png]]></ampliacion><texto /></pregunta></preguntas></motor>