﻿<?xml version="1.0" encoding="utf-8"?><engine copy="Editorial Planeta" version="1" aprid="f1">
<css><![CDATA[.defaultCSSBox2 {
	background: #000000;
}
.defaultCSSBox3 {
	background: #ffffff;
}
.color1 {
	background: #00905C;
}]]></css>
<pantallas>
<pantalla id="pantalla_5">
<event id='onPrepare' language='DO'><![CDATA[]]></event>
<event id='onShown' language='DO'><![CDATA[]]></event>
<components>
<component _type='_compSlider' id='diaporama_12' x='0' y='0' width='950' height='608' alpha='1' visible='1' enabled='1' transMode='1' />
<component _type='_compSliderNav' id='slidernav_11' x='45' y='526' width='162' height='37' alpha='1' visible='1' enabled='1' sliderId='diaporama_12' showHome='1' whiteButtons='0' mode='1' />
</components>
<animaciones>
</animaciones>
<slider id="diaporama_12">
<pantalla id="pantalla_14">
<event id='onPrepare' language='DO'><![CDATA[]]></event>
<event id='onShown' language='DO'><![CDATA[]]></event>
<components>
<component _type='_compImage' id='image_19' x='0' y='0' width='0' height='0' alpha='1' visible='1' enabled='1' cssClass='' adjustMode='1' alignMode='0' image='data/imagenes/image_1.jpg' />
<component _type='_compRichText' id='texto_26' x='6' y='50' width='938' height='128' alpha='1' visible='1' enabled='1' scrollable='1' >
<content><![CDATA[<p style="text-align:center"><span style="font-size:60px"><span style="font-family:georgia,serif">Simetría</span></span></p>
]]></content>
</component>
</components>
<animaciones>
</animaciones>
</pantalla>
<pantalla id="pantalla_16">
<event id='onPrepare' language='DO'><![CDATA[]]></event>
<event id='onShown' language='DO'><![CDATA[]]></event>
<components>
<component _type='_compImage' id='image_24' x='0' y='0' width='0' height='0' alpha='1' visible='1' enabled='1' cssClass='' adjustMode='1' alignMode='0' image='data/imagenes/image_27.jpg' />
<component _type='_compRichText' id='texto_25' x='49' y='201' width='337' height='258' alpha='1' visible='1' enabled='1' scrollable='1' >
<content><![CDATA[<p style="text-align: center;"><span style="font-size:28px"><span style="font-family:verdana,geneva,sans-serif">La <strong>simetr&iacute;a </strong>es un rasgo caracter&iacute;stico de las formas geom&eacute;tricas y de los objetos.</span></span></p>
]]></content>
</component>
</components>
<animaciones>
</animaciones>
</pantalla>
<pantalla id="pantalla_20">
<event id='onPrepare' language='DO'><![CDATA[]]></event>
<event id='onShown' language='DO'><![CDATA[]]></event>
<components>
<component _type='_compImage' id='image_24' x='0' y='0' width='0' height='0' alpha='1' visible='1' enabled='1' cssClass='' adjustMode='1' alignMode='0' image='data/imagenes/image_27.jpg' />
<component _type='_compRichText' id='texto_25' x='46' y='169' width='335' height='322' alpha='1' visible='1' enabled='1' scrollable='1' >
<content><![CDATA[<p style="text-align:center"><span style="font-size:28px"><span style="font-family:verdana,geneva,sans-serif">La simetr&iacute;a es la disposici&oacute;n <strong>equilibrada </strong>de partes de una <strong>figura </strong>en <strong>lados opuestos de un punto, l&iacute;nea, o plano</strong>.</span></span></p>
]]></content>
</component>
<component _type='_compImage' id='image_25' x='643' y='47' width='59' height='534' alpha='1' visible='1' enabled='1' cssClass='' adjustMode='4' alignMode='0' image='data/imagenes/1.png' />
</components>
<animaciones>
<anim id='Entrada'><![CDATA[{"image_25":[],"image_25.x":[{"time":0,"value":643,"easing":"Linear.EaseNone"}],"image_25.y":[{"time":0,"value":47,"easing":"Linear.EaseNone"}],"image_25.width":[{"time":0,"value":59,"easing":"Linear.EaseNone"}],"image_25.height":[{"time":0,"value":534,"easing":"Linear.EaseNone"}],"image_25.alpha":[{"time":0,"value":0,"easing":"Linear.EaseNone"},{"time":0.97,"value":1,"easing":"Linear.EaseNone"}]}]]></anim>
</animaciones>
</pantalla>
<pantalla id="pantalla_27">
<event id='onPrepare' language='DO'><![CDATA[]]></event>
<event id='onShown' language='DO'><![CDATA[]]></event>
<components>
<component _type='_compImage' id='image_24' x='0' y='0' width='0' height='0' alpha='1' visible='1' enabled='1' cssClass='' adjustMode='1' alignMode='0' image='data/imagenes/image_27.jpg' />
<component _type='_compImage' id='image_25' x='643' y='47' width='59' height='534' alpha='1' visible='1' enabled='1' cssClass='' adjustMode='4' alignMode='0' image='data/imagenes/1.png' />
<component _type='_compImage' id='image_32' x='421' y='86' width='230' height='459' alpha='1' visible='1' enabled='1' cssClass='' adjustMode='3' alignMode='0' image='data/imagenes/2.png' />
<component _type='_compImage' id='image_33' x='647' y='86' width='230' height='459' alpha='1' visible='1' enabled='1' cssClass='' adjustMode='3' alignMode='0' image='data/imagenes/3.png' />
<component _type='_compRichText' id='texto_34' x='46' y='209' width='335' height='254' alpha='1' visible='1' enabled='1' scrollable='1' >
<content><![CDATA[<p style="text-align:center"><span style="font-size:28px"><span style="font-family:verdana,geneva,sans-serif">En este caso, se trata de los lados opuestos de <strong>una l&iacute;nea</strong> llamada <strong>eje de simetr&iacute;a</strong>.</span></span></p>
]]></content>
</component>
</components>
<animaciones>
<anim id='Entrada'><![CDATA[{"image_32":[],"image_32.x":[{"time":0,"value":421,"easing":"Linear.EaseNone"}],"image_32.y":[{"time":0,"value":86,"easing":"Linear.EaseNone"}],"image_32.width":[{"time":0,"value":230,"easing":"Linear.EaseNone"}],"image_32.height":[{"time":0,"value":459,"easing":"Linear.EaseNone"}],"image_32.alpha":[{"time":0,"value":0,"easing":"Linear.EaseNone"},{"time":0.995,"value":1,"easing":"Linear.EaseNone"}],"image_33":[],"image_33.x":[{"time":0,"value":647,"easing":"Linear.EaseNone"}],"image_33.y":[{"time":0,"value":86,"easing":"Linear.EaseNone"}],"image_33.width":[{"time":0,"value":230,"easing":"Linear.EaseNone"}],"image_33.height":[{"time":0,"value":459,"easing":"Linear.EaseNone"}],"image_33.alpha":[{"time":0,"value":0,"easing":"Linear.EaseNone"},{"time":1.005,"value":0,"easing":"Linear.EaseNone"},{"time":2.065,"value":1,"easing":"Linear.EaseNone"}]}]]></anim>
</animaciones>
</pantalla>
<pantalla id="pantalla_35">
<event id='onPrepare' language='DO'><![CDATA[]]></event>
<event id='onShown' language='DO'><![CDATA[]]></event>
<components>
<component _type='_compImage' id='image_25' x='643' y='47' width='59' height='534' alpha='1' visible='1' enabled='1' cssClass='' adjustMode='4' alignMode='0' image='data/imagenes/1.png' />
<component _type='_compImage' id='image_32' x='421' y='86' width='230' height='459' alpha='1' visible='1' enabled='1' cssClass='' adjustMode='3' alignMode='0' image='data/imagenes/2.png' />
<component _type='_compImage' id='image_33' x='644' y='86' width='230' height='459' alpha='1' visible='1' enabled='1' cssClass='' adjustMode='3' alignMode='0' image='data/imagenes/3.png' />
<component _type='_compImage' id='image_40' x='644' y='86' width='230' height='459' alpha='1' visible='1' enabled='1' cssClass='' adjustMode='3' alignMode='0' image='data/imagenes/3.png' />
<component _type='_compRichText' id='texto_41' x='46' y='196' width='335' height='291' alpha='1' visible='1' enabled='1' scrollable='1' >
<content><![CDATA[<p style="text-align:center"><span style="font-size:28px"><span style="font-family:verdana,geneva,sans-serif"><strong>Cada </strong>una de las <strong>partes </strong>de la figura <strong>se corresponde con la otra</strong>. Cuando esto ocurre se dice que la <strong>figura </strong>es <strong>sim&eacute;trica</strong>.</span></span></p>
]]></content>
</component>
</components>
<animaciones>
<anim id='Entrada'><![CDATA[{"image_32":[],"image_32.x":[{"time":0,"value":421,"easing":"Linear.EaseNone"},{"time":0.975,"value":650,"easing":"Linear.EaseNone"},{"time":3.57,"value":650,"easing":"Linear.EaseNone"},{"time":4.49,"value":421,"easing":"Linear.EaseNone"}],"image_32.y":[{"time":0,"value":86,"easing":"Linear.EaseNone"}],"image_32.width":[{"time":0,"value":230,"easing":"Linear.EaseNone"},{"time":0.98,"value":1,"easing":"Linear.EaseNone"},{"time":3.57,"value":1,"easing":"Linear.EaseNone"},{"time":4.476521739130435,"value":230,"easing":"Linear.EaseNone"}],"image_32.height":[{"time":0,"value":459,"easing":"Linear.EaseNone"}],"image_32.alpha":[{"time":0,"value":1,"easing":"Linear.EaseNone"}],"image_40":[],"image_40.x":[{"time":0,"value":644,"easing":"Linear.EaseNone"}],"image_40.y":[{"time":0,"value":86,"easing":"Linear.EaseNone"}],"image_40.width":[{"time":0,"value":230,"easing":"Linear.EaseNone"},{"time":1.005,"value":1,"easing":"Linear.EaseNone"},{"time":1.865,"value":230,"easing":"Linear.EaseNone"},{"time":2.385,"value":230,"easing":"Linear.EaseNone"},{"time":3.575,"value":1,"easing":"Linear.EaseNone"}],"image_40.height":[{"time":0,"value":459,"easing":"Linear.EaseNone"}],"image_40.alpha":[{"time":0,"value":0,"easing":"Linear.EaseNone"},{"time":0.955,"value":0,"easing":"Linear.EaseNone"},{"time":1,"value":1,"easing":"Linear.EaseNone"},{"time":3.55,"value":1,"easing":"Linear.EaseNone"},{"time":3.575,"value":0,"easing":"Linear.EaseNone"}]}]]></anim>
</animaciones>
</pantalla>
<pantalla id="pantalla_42">
<event id='onPrepare' language='DO'><![CDATA[]]></event>
<event id='onShown' language='DO'><![CDATA[]]></event>
<components>
<component _type='_compImage' id='image_24' x='0' y='0' width='0' height='0' alpha='1' visible='1' enabled='1' cssClass='' adjustMode='1' alignMode='0' image='data/imagenes/image_50.jpg' />
<component _type='_compRichText' id='texto_25' x='110' y='88' width='427' height='258' alpha='1' visible='1' enabled='1' scrollable='1' >
<content><![CDATA[<p style="text-align:center"><span style="font-size:28px"><span style="font-family:verdana,geneva,sans-serif">Cuando hablamos de <strong>simetr&iacute;a</strong>, hablamos de una <strong>correspondencia de forma y tama&ntilde;o </strong>de los <strong>objetos</strong>...</span></span></p>
]]></content>
</component>
</components>
<animaciones>
</animaciones>
</pantalla>
<pantalla id="pantalla_46">
<event id='onPrepare' language='DO'><![CDATA[]]></event>
<event id='onShown' language='DO'><![CDATA[]]></event>
<components>
<component _type='_compImage' id='image_24' x='0' y='0' width='0' height='0' alpha='1' visible='1' enabled='1' cssClass='' adjustMode='1' alignMode='0' image='data/imagenes/image_54.jpg' />
<component _type='_compRichText' id='texto_25' x='48' y='32' width='854' height='121' alpha='1' visible='1' enabled='1' scrollable='1' >
<content><![CDATA[<p style="text-align:center"><span style="font-size:28px"><span style="font-family:verdana,geneva,sans-serif">&hellip; <strong>o de</strong> dos <strong>partes </strong>de los objetos.</span></span></p>
]]></content>
</component>
</components>
<animaciones>
</animaciones>
</pantalla>
<pantalla id="pantalla_50">
<event id='onPrepare' language='DO'><![CDATA[]]></event>
<event id='onShown' language='DO'><![CDATA[]]></event>
<components>
<component _type='_compImage' id='image_24' x='0' y='0' width='0' height='0' alpha='1' visible='1' enabled='1' cssClass='' adjustMode='1' alignMode='0' image='data/imagenes/image_58.jpg' />
<component _type='_compImage' id='image_32' x='624' y='32' width='121' height='210' alpha='1' visible='1' enabled='1' cssClass='' adjustMode='4' alignMode='0' image='data/imagenes/4.png' />
<component _type='_compImage' id='image_55' x='630' y='372' width='121' height='195' alpha='1' visible='1' enabled='1' cssClass='' adjustMode='4' alignMode='0' image='data/imagenes/4.png' />
<component _type='_compImage' id='image_56' x='790' y='32' width='121' height='210' alpha='1' visible='1' enabled='1' cssClass='' adjustMode='4' alignMode='0' image='data/imagenes/4.png' />
<component _type='_compImage' id='image_57' x='797' y='372' width='121' height='195' alpha='1' visible='1' enabled='1' cssClass='' adjustMode='4' alignMode='0' image='data/imagenes/4.png' />
<component _type='_compRichText' id='texto_58' x='85' y='230' width='422' height='187' alpha='1' visible='1' enabled='1' scrollable='1' >
<content><![CDATA[<p style="text-align:center"><span style="font-size:28px"><span style="font-family:verdana,geneva,sans-serif">Podemos encontrar simetr&iacute;a en diferentes elementos a nuestro alrededor. </span></span></p>
]]></content>
</component>
</components>
<animaciones>
<anim id='Entrada'><![CDATA[{"image_32":[],"image_32.x":[{"time":0,"value":624,"easing":"Linear.EaseNone"}],"image_32.y":[{"time":0,"value":32,"easing":"Linear.EaseNone"}],"image_32.width":[{"time":0,"value":121,"easing":"Linear.EaseNone"}],"image_32.height":[{"time":0,"value":210,"easing":"Linear.EaseNone"}],"image_32.alpha":[{"time":0,"value":0,"easing":"Linear.EaseNone"},{"time":0.985,"value":1,"easing":"Linear.EaseNone"}],"image_55":[],"image_55.x":[{"time":0,"value":630,"easing":"Linear.EaseNone"}],"image_55.y":[{"time":0,"value":372,"easing":"Linear.EaseNone"}],"image_55.width":[{"time":0,"value":121,"easing":"Linear.EaseNone"}],"image_55.height":[{"time":0,"value":195,"easing":"Linear.EaseNone"}],"image_55.alpha":[{"time":0,"value":0,"easing":"Linear.EaseNone"},{"time":0.995,"value":1,"easing":"Linear.EaseNone"}],"image_56":[],"image_56.x":[{"time":0,"value":625,"easing":"Linear.EaseNone"},{"time":0.995,"value":625,"easing":"Linear.EaseNone"},{"time":1.985,"value":790,"easing":"Linear.EaseNone"}],"image_56.y":[{"time":0,"value":32,"easing":"Linear.EaseNone"}],"image_56.width":[{"time":0,"value":121,"easing":"Linear.EaseNone"}],"image_56.height":[{"time":0,"value":210,"easing":"Linear.EaseNone"}],"image_56.alpha":[{"time":0,"value":0,"easing":"Linear.EaseNone"},{"time":0.99,"value":0,"easing":"Linear.EaseNone"},{"time":1.445,"value":1,"easing":"Linear.EaseNone"}],"image_57":[],"image_57.x":[{"time":0,"value":625,"easing":"Linear.EaseNone"},{"time":0.9933962264150943,"value":625,"easing":"Linear.EaseNone"},{"time":1.9867924528301886,"value":797,"easing":"Linear.EaseNone"}],"image_57.y":[{"time":0,"value":372,"easing":"Linear.EaseNone"}],"image_57.width":[{"time":0,"value":121,"easing":"Linear.EaseNone"}],"image_57.height":[{"time":0,"value":195,"easing":"Linear.EaseNone"}],"image_57.alpha":[{"time":0,"value":0,"easing":"Linear.EaseNone"},{"time":0.9984905660377358,"value":0,"easing":"Linear.EaseNone"},{"time":1.4569811320754715,"value":1,"easing":"Linear.EaseNone"},{"time":1.99,"value":1,"easing":"Linear.EaseNone"}]}]]></anim>
</animaciones>
</pantalla>
<pantalla id="pantalla_59">
<event id='onPrepare' language='DO'><![CDATA[]]></event>
<event id='onShown' language='DO'><![CDATA[]]></event>
<components>
<component _type='_compImage' id='image_65' x='0' y='0' width='0' height='0' alpha='1' visible='1' enabled='1' cssClass='' adjustMode='1' alignMode='0' image='data/imagenes/image_65.jpg' />
<component _type='_compCSSBox' id='fondo_63' x='169' y='55' width='309' height='500' alpha='0.5' visible='1' enabled='1' cssClass='color1' />
<component _type='_compCSSBox' id='fondo_64' x='473' y='55' width='309' height='500' alpha='0.5' visible='1' enabled='1' cssClass='color1' />
<component _type='_compImage' id='image_25' x='471' y='37' width='13' height='534' alpha='1' visible='1' enabled='1' cssClass='' adjustMode='4' alignMode='0' image='data/imagenes/1.png' />
</components>
<animaciones>
<anim id='Entrada'><![CDATA[{"fondo_63":[],"fondo_63.x":[{"time":0,"value":169,"easing":"Linear.EaseNone"}],"fondo_63.y":[{"time":0,"value":65,"easing":"Linear.EaseNone"}],"fondo_63.width":[{"time":0,"value":309,"easing":"Linear.EaseNone"}],"fondo_63.height":[{"time":0,"value":500,"easing":"Linear.EaseNone"}],"fondo_63.alpha":[{"time":0,"value":0,"easing":"Linear.EaseNone"},{"time":1,"value":0,"easing":"Linear.EaseNone"},{"time":1.985,"value":0.5,"easing":"Linear.EaseNone"}],"fondo_64":[],"fondo_64.x":[{"time":0,"value":473,"easing":"Linear.EaseNone"}],"fondo_64.y":[{"time":0,"value":65,"easing":"Linear.EaseNone"}],"fondo_64.width":[{"time":0,"value":309,"easing":"Linear.EaseNone"}],"fondo_64.height":[{"time":0,"value":500,"easing":"Linear.EaseNone"}],"fondo_64.alpha":[{"time":0,"value":0,"easing":"Linear.EaseNone"},{"time":1.985,"value":0,"easing":"Linear.EaseNone"},{"time":3.05,"value":0.5,"easing":"Linear.EaseNone"}],"image_25":[],"image_25.x":[{"time":0,"value":471,"easing":"Linear.EaseNone"}],"image_25.y":[{"time":0,"value":47,"easing":"Linear.EaseNone"}],"image_25.width":[{"time":0,"value":13,"easing":"Linear.EaseNone"}],"image_25.height":[{"time":0,"value":534,"easing":"Linear.EaseNone"}],"image_25.alpha":[{"time":0,"value":0,"easing":"Linear.EaseNone"},{"time":0.995,"value":1,"easing":"Linear.EaseNone"}]}]]></anim>
</animaciones>
</pantalla>
<pantalla id="pantalla_67">
<event id='onPrepare' language='DO'><![CDATA[]]></event>
<event id='onShown' language='DO'><![CDATA[]]></event>
<components>
<component _type='_compImage' id='image_65' x='0' y='0' width='0' height='0' alpha='1' visible='1' enabled='1' cssClass='' adjustMode='1' alignMode='0' image='data/imagenes/image_71.jpg' />
<component _type='_compCSSBox' id='fondo_63' x='169' y='55' width='309' height='500' alpha='0.5' visible='1' enabled='1' cssClass='color1' />
<component _type='_compCSSBox' id='fondo_64' x='473' y='55' width='309' height='500' alpha='0.5' visible='1' enabled='1' cssClass='color1' />
<component _type='_compImage' id='image_25' x='471' y='37' width='13' height='534' alpha='1' visible='1' enabled='1' cssClass='' adjustMode='4' alignMode='0' image='data/imagenes/1.png' />
</components>
<animaciones>
<anim id='Entrada'><![CDATA[{"fondo_63":[],"fondo_63.x":[{"time":0,"value":169,"easing":"Linear.EaseNone"}],"fondo_63.y":[{"time":0,"value":55,"easing":"Linear.EaseNone"}],"fondo_63.width":[{"time":0,"value":309,"easing":"Linear.EaseNone"}],"fondo_63.height":[{"time":0,"value":500,"easing":"Linear.EaseNone"}],"fondo_63.alpha":[{"time":0,"value":0,"easing":"Linear.EaseNone"},{"time":1.01,"value":0,"easing":"Linear.EaseNone"},{"time":1.985,"value":0.5,"easing":"Linear.EaseNone"}],"fondo_64":[],"fondo_64.x":[{"time":0,"value":473,"easing":"Linear.EaseNone"}],"fondo_64.y":[{"time":0,"value":55,"easing":"Linear.EaseNone"}],"fondo_64.width":[{"time":0,"value":309,"easing":"Linear.EaseNone"}],"fondo_64.height":[{"time":0,"value":500,"easing":"Linear.EaseNone"}],"fondo_64.alpha":[{"time":0,"value":0,"easing":"Linear.EaseNone"},{"time":1.985,"value":0,"easing":"Linear.EaseNone"},{"time":2.995,"value":0.5,"easing":"Linear.EaseNone"}],"image_25":[],"image_25.x":[{"time":0,"value":471,"easing":"Linear.EaseNone"}],"image_25.y":[{"time":0,"value":37,"easing":"Linear.EaseNone"}],"image_25.width":[{"time":0,"value":13,"easing":"Linear.EaseNone"}],"image_25.height":[{"time":0,"value":534,"easing":"Linear.EaseNone"}],"image_25.alpha":[{"time":0,"value":0,"easing":"Linear.EaseNone"},{"time":1.015,"value":1,"easing":"Linear.EaseNone"}]}]]></anim>
</animaciones>
</pantalla>
<pantalla id="pantalla_72">
<event id='onPrepare' language='DO'><![CDATA[]]></event>
<event id='onShown' language='DO'><![CDATA[]]></event>
<components>
<component _type='_compImage' id='image_65' x='0' y='0' width='0' height='0' alpha='1' visible='1' enabled='1' cssClass='' adjustMode='1' alignMode='0' image='data/imagenes/image_74.jpg' />
<component _type='_compCSSBox' id='fondo_63' x='169' y='88' width='309' height='435' alpha='0.5' visible='1' enabled='1' cssClass='color1' />
<component _type='_compCSSBox' id='fondo_64' x='473' y='88' width='309' height='435' alpha='0.5' visible='1' enabled='1' cssClass='color1' />
<component _type='_compImage' id='image_25' x='471' y='74' width='13' height='469' alpha='1' visible='1' enabled='1' cssClass='' adjustMode='4' alignMode='0' image='data/imagenes/1.png' />
<component _type='_compRichText' id='texto_25' x='48' y='7' width='854' height='90' alpha='1' visible='1' enabled='1' scrollable='1' >
<content><![CDATA[<p style="text-align:center"><span style="font-size:28px"><span style="font-family:verdana,geneva,sans-serif">En expresiones art&iacute;sticas...</span></span></p>
]]></content>
</component>
</components>
<animaciones>
<anim id='Entrada'><![CDATA[{"fondo_63":[],"fondo_63.x":[{"time":0,"value":169,"easing":"Linear.EaseNone"}],"fondo_63.y":[{"time":0,"value":88,"easing":"Linear.EaseNone"}],"fondo_63.width":[{"time":0,"value":309,"easing":"Linear.EaseNone"}],"fondo_63.height":[{"time":0,"value":435,"easing":"Linear.EaseNone"}],"fondo_63.alpha":[{"time":0,"value":0,"easing":"Linear.EaseNone"},{"time":1.015,"value":0,"easing":"Linear.EaseNone"},{"time":1.98,"value":0.5,"easing":"Linear.EaseNone"}],"fondo_64":[],"fondo_64.x":[{"time":0,"value":473,"easing":"Linear.EaseNone"}],"fondo_64.y":[{"time":0,"value":88,"easing":"Linear.EaseNone"}],"fondo_64.width":[{"time":0,"value":309,"easing":"Linear.EaseNone"}],"fondo_64.height":[{"time":0,"value":435,"easing":"Linear.EaseNone"}],"fondo_64.alpha":[{"time":0,"value":0,"easing":"Linear.EaseNone"},{"time":1.985,"value":0,"easing":"Linear.EaseNone"},{"time":2.99,"value":0.5,"easing":"Linear.EaseNone"}],"image_25":[],"image_25.x":[{"time":0,"value":471,"easing":"Linear.EaseNone"}],"image_25.y":[{"time":0,"value":74,"easing":"Linear.EaseNone"}],"image_25.width":[{"time":0,"value":13,"easing":"Linear.EaseNone"}],"image_25.height":[{"time":0,"value":469,"easing":"Linear.EaseNone"}],"image_25.alpha":[{"time":0,"value":0,"easing":"Linear.EaseNone"},{"time":1.015,"value":1,"easing":"Linear.EaseNone"}]}]]></anim>
</animaciones>
</pantalla>
<pantalla id="pantalla_76">
<event id='onPrepare' language='DO'><![CDATA[]]></event>
<event id='onShown' language='DO'><![CDATA[]]></event>
<components>
<component _type='_compImage' id='image_65' x='0' y='0' width='0' height='0' alpha='1' visible='1' enabled='1' cssClass='' adjustMode='1' alignMode='0' image='data/imagenes/image_78.jpg' />
<component _type='_compCSSBox' id='fondo_63' x='169' y='88' width='309' height='435' alpha='0.5' visible='1' enabled='1' cssClass='color1' />
<component _type='_compCSSBox' id='fondo_64' x='473' y='88' width='309' height='435' alpha='0.5' visible='1' enabled='1' cssClass='color1' />
<component _type='_compImage' id='image_25' x='471' y='74' width='13' height='469' alpha='1' visible='1' enabled='1' cssClass='' adjustMode='4' alignMode='0' image='data/imagenes/1.png' />
<component _type='_compRichText' id='texto_25' x='48' y='7' width='854' height='90' alpha='1' visible='1' enabled='1' scrollable='1' >
<content><![CDATA[<p style="text-align:center"><span style="font-size:28px"><span style="font-family:verdana,geneva,sans-serif">... en la naturaleza...</span></span></p>
]]></content>
</component>
</components>
<animaciones>
<anim id='Entrada'><![CDATA[{"fondo_63":[],"fondo_63.x":[{"time":0,"value":169,"easing":"Linear.EaseNone"}],"fondo_63.y":[{"time":0,"value":88,"easing":"Linear.EaseNone"}],"fondo_63.width":[{"time":0,"value":309,"easing":"Linear.EaseNone"}],"fondo_63.height":[{"time":0,"value":435,"easing":"Linear.EaseNone"}],"fondo_63.alpha":[{"time":0,"value":0,"easing":"Linear.EaseNone"},{"time":0.995,"value":0,"easing":"Linear.EaseNone"},{"time":1.99,"value":0.5,"easing":"Linear.EaseNone"}],"fondo_64":[],"fondo_64.x":[{"time":0,"value":473,"easing":"Linear.EaseNone"}],"fondo_64.y":[{"time":0,"value":88,"easing":"Linear.EaseNone"}],"fondo_64.width":[{"time":0,"value":309,"easing":"Linear.EaseNone"}],"fondo_64.height":[{"time":0,"value":435,"easing":"Linear.EaseNone"}],"fondo_64.alpha":[{"time":0,"value":0,"easing":"Linear.EaseNone"},{"time":1.99,"value":0,"easing":"Linear.EaseNone"},{"time":3.005,"value":0.5,"easing":"Linear.EaseNone"}],"image_25":[],"image_25.x":[{"time":0,"value":471,"easing":"Linear.EaseNone"}],"image_25.y":[{"time":0,"value":74,"easing":"Linear.EaseNone"}],"image_25.width":[{"time":0,"value":13,"easing":"Linear.EaseNone"}],"image_25.height":[{"time":0,"value":469,"easing":"Linear.EaseNone"}],"image_25.alpha":[{"time":0,"value":0,"easing":"Linear.EaseNone"},{"time":1,"value":1,"easing":"Linear.EaseNone"}]}]]></anim>
</animaciones>
</pantalla>
<pantalla id="pantalla_80">
<event id='onPrepare' language='DO'><![CDATA[]]></event>
<event id='onShown' language='DO'><![CDATA[]]></event>
<components>
<component _type='_compImage' id='image_65' x='0' y='0' width='0' height='0' alpha='1' visible='1' enabled='1' cssClass='' adjustMode='1' alignMode='0' image='data/imagenes/image_82.jpg' />
<component _type='_compCSSBox' id='fondo_63' x='169' y='88' width='309' height='435' alpha='0.5' visible='1' enabled='1' cssClass='color1' />
<component _type='_compCSSBox' id='fondo_64' x='473' y='88' width='309' height='435' alpha='0.5' visible='1' enabled='1' cssClass='color1' />
<component _type='_compImage' id='image_25' x='471' y='74' width='13' height='469' alpha='1' visible='1' enabled='1' cssClass='' adjustMode='4' alignMode='0' image='data/imagenes/1.png' />
</components>
<animaciones>
<anim id='Entrada'><![CDATA[{"fondo_63":[],"fondo_63.x":[{"time":0,"value":169,"easing":"Linear.EaseNone"}],"fondo_63.y":[{"time":0,"value":88,"easing":"Linear.EaseNone"}],"fondo_63.width":[{"time":0,"value":309,"easing":"Linear.EaseNone"}],"fondo_63.height":[{"time":0,"value":435,"easing":"Linear.EaseNone"}],"fondo_63.alpha":[{"time":0,"value":0,"easing":"Linear.EaseNone"},{"time":0.995,"value":0,"easing":"Linear.EaseNone"},{"time":1.995,"value":0.5,"easing":"Linear.EaseNone"}],"fondo_64":[],"fondo_64.x":[{"time":0,"value":473,"easing":"Linear.EaseNone"}],"fondo_64.y":[{"time":0,"value":88,"easing":"Linear.EaseNone"}],"fondo_64.width":[{"time":0,"value":309,"easing":"Linear.EaseNone"}],"fondo_64.height":[{"time":0,"value":435,"easing":"Linear.EaseNone"}],"fondo_64.alpha":[{"time":0,"value":0,"easing":"Linear.EaseNone"},{"time":2,"value":0,"easing":"Linear.EaseNone"},{"time":3.015,"value":0.5,"easing":"Linear.EaseNone"}],"image_25":[],"image_25.x":[{"time":0,"value":471,"easing":"Linear.EaseNone"}],"image_25.y":[{"time":0,"value":74,"easing":"Linear.EaseNone"}],"image_25.width":[{"time":0,"value":13,"easing":"Linear.EaseNone"}],"image_25.height":[{"time":0,"value":469,"easing":"Linear.EaseNone"}],"image_25.alpha":[{"time":0,"value":0,"easing":"Linear.EaseNone"},{"time":0.99,"value":1,"easing":"Linear.EaseNone"}]}]]></anim>
</animaciones>
</pantalla>
<pantalla id="pantalla_84">
<event id='onPrepare' language='DO'><![CDATA[]]></event>
<event id='onShown' language='DO'><![CDATA[]]></event>
<components>
<component _type='_compImage' id='image_65' x='7' y='0' width='0' height='0' alpha='1' visible='1' enabled='1' cssClass='' adjustMode='1' alignMode='0' image='data/imagenes/image_85.jpg' />
<component _type='_compCSSBox' id='fondo_63' x='169' y='88' width='309' height='435' alpha='0.5' visible='1' enabled='1' cssClass='color1' />
<component _type='_compCSSBox' id='fondo_64' x='473' y='88' width='309' height='435' alpha='0.5' visible='1' enabled='1' cssClass='color1' />
<component _type='_compImage' id='image_25' x='471' y='74' width='13' height='469' alpha='1' visible='1' enabled='1' cssClass='' adjustMode='4' alignMode='0' image='data/imagenes/1.png' />
</components>
<animaciones>
<anim id='Entrada'><![CDATA[{"fondo_63":[],"fondo_63.x":[{"time":0,"value":169,"easing":"Linear.EaseNone"}],"fondo_63.y":[{"time":0,"value":88,"easing":"Linear.EaseNone"}],"fondo_63.width":[{"time":0,"value":309,"easing":"Linear.EaseNone"}],"fondo_63.height":[{"time":0,"value":435,"easing":"Linear.EaseNone"}],"fondo_63.alpha":[{"time":0,"value":0,"easing":"Linear.EaseNone"},{"time":1.005,"value":0,"easing":"Linear.EaseNone"},{"time":1.99,"value":0.5,"easing":"Linear.EaseNone"}],"fondo_64":[],"fondo_64.x":[{"time":0,"value":473,"easing":"Linear.EaseNone"}],"fondo_64.y":[{"time":0,"value":88,"easing":"Linear.EaseNone"}],"fondo_64.width":[{"time":0,"value":309,"easing":"Linear.EaseNone"}],"fondo_64.height":[{"time":0,"value":435,"easing":"Linear.EaseNone"}],"fondo_64.alpha":[{"time":0,"value":0,"easing":"Linear.EaseNone"},{"time":1.995,"value":0,"easing":"Linear.EaseNone"},{"time":3.005,"value":0.5,"easing":"Linear.EaseNone"}],"image_25":[],"image_25.x":[{"time":0,"value":471,"easing":"Linear.EaseNone"}],"image_25.y":[{"time":0,"value":74,"easing":"Linear.EaseNone"}],"image_25.width":[{"time":0,"value":13,"easing":"Linear.EaseNone"}],"image_25.height":[{"time":0,"value":469,"easing":"Linear.EaseNone"}],"image_25.alpha":[{"time":0,"value":0,"easing":"Linear.EaseNone"},{"time":1,"value":1,"easing":"Linear.EaseNone"}]}]]></anim>
</animaciones>
</pantalla>
<pantalla id="pantalla_88">
<event id='onPrepare' language='DO'><![CDATA[]]></event>
<event id='onShown' language='DO'><![CDATA[]]></event>
<components>
<component _type='_compImage' id='image_65' x='13' y='0' width='0' height='0' alpha='1' visible='1' enabled='1' cssClass='' adjustMode='1' alignMode='0' image='data/imagenes/image_88.jpg' />
<component _type='_compCSSBox' id='fondo_63' x='169' y='88' width='309' height='435' alpha='0.5' visible='1' enabled='1' cssClass='color1' />
<component _type='_compCSSBox' id='fondo_64' x='473' y='88' width='309' height='435' alpha='0.5' visible='1' enabled='1' cssClass='color1' />
<component _type='_compImage' id='image_25' x='471' y='74' width='13' height='469' alpha='1' visible='1' enabled='1' cssClass='' adjustMode='4' alignMode='0' image='data/imagenes/1.png' />
</components>
<animaciones>
<anim id='Entrada'><![CDATA[{"fondo_63":[],"fondo_63.x":[{"time":0,"value":169,"easing":"Linear.EaseNone"}],"fondo_63.y":[{"time":0,"value":88,"easing":"Linear.EaseNone"}],"fondo_63.width":[{"time":0,"value":309,"easing":"Linear.EaseNone"}],"fondo_63.height":[{"time":0,"value":435,"easing":"Linear.EaseNone"}],"fondo_63.alpha":[{"time":0,"value":0,"easing":"Linear.EaseNone"},{"time":0.99,"value":0,"easing":"Linear.EaseNone"},{"time":1.995,"value":0.5,"easing":"Linear.EaseNone"}],"fondo_64":[],"fondo_64.x":[{"time":0,"value":473,"easing":"Linear.EaseNone"}],"fondo_64.y":[{"time":0,"value":88,"easing":"Linear.EaseNone"}],"fondo_64.width":[{"time":0,"value":309,"easing":"Linear.EaseNone"}],"fondo_64.height":[{"time":0,"value":435,"easing":"Linear.EaseNone"}],"fondo_64.alpha":[{"time":0,"value":0,"easing":"Linear.EaseNone"},{"time":2,"value":0,"easing":"Linear.EaseNone"},{"time":2.98,"value":0.5,"easing":"Linear.EaseNone"}],"image_25":[],"image_25.x":[{"time":0,"value":471,"easing":"Linear.EaseNone"}],"image_25.y":[{"time":0,"value":74,"easing":"Linear.EaseNone"}],"image_25.width":[{"time":0,"value":13,"easing":"Linear.EaseNone"}],"image_25.height":[{"time":0,"value":469,"easing":"Linear.EaseNone"}],"image_25.alpha":[{"time":0,"value":0,"easing":"Linear.EaseNone"},{"time":0.995,"value":1,"easing":"Linear.EaseNone"}]}]]></anim>
</animaciones>
</pantalla>
<pantalla id="pantalla_92">
<event id='onPrepare' language='DO'><![CDATA[]]></event>
<event id='onShown' language='DO'><![CDATA[]]></event>
<components>
<component _type='_compImage' id='image_65' x='0' y='0' width='0' height='0' alpha='1' visible='1' enabled='1' cssClass='' adjustMode='1' alignMode='0' image='data/imagenes/image_91.jpg' />
<component _type='_compImage' id='image_25' x='238' y='103' width='468' height='479' alpha='1' visible='1' enabled='1' cssClass='' adjustMode='4' alignMode='0' image='data/imagenes/5.png' />
</components>
<animaciones>
<anim id='Entrada'><![CDATA[{"image_25":[],"image_25.x":[{"time":0,"value":238,"easing":"Linear.EaseNone"}],"image_25.y":[{"time":0,"value":103,"easing":"Linear.EaseNone"}],"image_25.width":[{"time":0,"value":468,"easing":"Linear.EaseNone"}],"image_25.height":[{"time":0,"value":479,"easing":"Linear.EaseNone"}],"image_25.alpha":[{"time":0,"value":0,"easing":"Linear.EaseNone"},{"time":1.005,"value":1,"easing":"Linear.EaseNone"}]}]]></anim>
</animaciones>
</pantalla>
<pantalla id="pantalla_97">
<event id='onPrepare' language='DO'><![CDATA[]]></event>
<event id='onShown' language='DO'><![CDATA[]]></event>
<components>
<component _type='_compImage' id='image_65' x='0' y='0' width='0' height='0' alpha='1' visible='1' enabled='1' cssClass='' adjustMode='1' alignMode='0' image='data/imagenes/image_96.jpg' />
<component _type='_compRichText' id='texto_25' x='32' y='61' width='885' height='116' alpha='1' visible='1' enabled='1' scrollable='1' >
<content><![CDATA[<p style="text-align:center"><span style="font-size:38px"><span style="font-family:verdana,geneva,sans-serif">... o cuando nos miramos al espejo.</span></span></p>
]]></content>
</component>
</components>
<animaciones>
</animaciones>
</pantalla>
</slider>
</pantalla>
</pantallas>
<popups>
</popups>
</engine>