﻿<?xml version="1.0" encoding="utf-8"?>
<motor tipo="3" clase="a" aprid="m3a">
  <plataforma>
    <grado><![CDATA[2]]></grado>
    <titulo>Resuelve multiplicaciones y divisiones entre medidas de ángulos</titulo>
    <area>0</area>
    <nivel>3</nivel>
    <referencia />
    <idreg><![CDATA[0]]></idreg>
    <motor><![CDATA[M3A]]></motor>
    <lang>es</lang>
  </plataforma>
  <enunciado><![CDATA[Asocia a cada imagen el valor del ángulo que falta y la expresión de multiplicación o división que corresponde.]]></enunciado>
  <masinfo inicio="0" />
  <sinaleatoriedad><![CDATA[0]]></sinaleatoriedad>
  <calc><![CDATA[0]]></calc>
  <sonidoaimagen cantidad="6">
    <cuestion>
      <imagen etiqueta="a = 30°"><![CDATA[MA_06_10_CO_REC190_IMG01.png]]></imagen>
      <respuestas>
        <respuesta etiqueta="3 x a = ß" />
        <respuesta etiqueta="ß = 90°" />
      </respuestas>
    </cuestion>
    <cuestion>
      <imagen etiqueta="ß = 40°"><![CDATA[MA_06_10_CO_REC190_IMG02.png]]></imagen>
      <respuestas>
        <respuesta etiqueta="a = 10°" />
        <respuesta etiqueta=" ß : 4 = a " />
      </respuestas>
    </cuestion>
    <cuestion>
      <imagen etiqueta=" ß = 360°"><![CDATA[MA_06_10_CO_REC190_IMG03.png]]></imagen>
      <respuestas>
        <respuesta etiqueta="ß : 6 = a " />
        <respuesta etiqueta=" a = 60°" />
      </respuestas>
    </cuestion>
    <cuestion>
      <imagen etiqueta="a = 15°"><![CDATA[MA_06_10_CO_REC190_IMG04.png]]></imagen>
      <respuestas>
        <respuesta etiqueta="ß = 75°" />
        <respuesta etiqueta="5 x a = ß" />
      </respuestas>
    </cuestion>
    <cuestion>
      <imagen etiqueta="d = 90°"><![CDATA[MA_06_10_CO_REC190_IMG05.png]]></imagen>
      <respuestas>
        <respuesta etiqueta="d : 2 = a" />
        <respuesta etiqueta=" a = 45°" />
      </respuestas>
    </cuestion>
    <cuestion>
      <imagen etiqueta=" a = 45°"><![CDATA[imagenDummy.jpg]]></imagen>
      <respuestas>
        <respuesta etiqueta="d = 225°" />
        <respuesta etiqueta="5 x a = d" />
      </respuestas>
    </cuestion>
  </sonidoaimagen>
</motor>