<?xml version='1.0' encoding='UTF-8'?><motor tipo="5" clase="a" aprid="m5a">
  <plataforma>
    <grado><![CDATA[2]]></grado>
    <titulo>Propiedades de la multiplicación de números complejos</titulo>
    <area>0</area>
    <nivel>1</nivel>
    <referencia/>
    <idreg><![CDATA[0]]></idreg>
    <motor><![CDATA[M5A]]></motor>
    <lang>es</lang>
  </plataforma>
  <enunciado><![CDATA[Resuelve lo que se propone en cada ejercicio.]]></enunciado>
  <masinfo inicio="0"/>
  <sinaleatoriedad><![CDATA[0]]></sinaleatoriedad>
  <calc><![CDATA[0]]></calc>
  <respuestaunica><![CDATA[0]]></respuestaunica>
  <test cantidad="5">
    <cuestion>
      <enunciado><![CDATA[¿Cuál es el inverso multiplicativo del número complejo? Amplía la imagen para ver las opciones de respuesta.]]></enunciado>
      <explicacion><![CDATA[Se aplica la propiedad del inverso multiplicativo de un número complejo.]]></explicacion>
      <imagen><![CDATA[ma_09_03_co_rec220_img01n.png]]></imagen>
      <ampliacion><![CDATA[ma_09_03_co_rec220_img01a.png]]></ampliacion>
      <respuestas>
        <respuesta contestacion="Opción a)" correcta="1"/>
        <respuesta contestacion="Opción b)" correcta="0"/>
        <respuesta contestacion="Opción c)" correcta="0"/>
        <respuesta contestacion="Opción d)" correcta="0"/>
      </respuestas>
    </cuestion>
    <cuestion>
      <enunciado><![CDATA[¿Cuál es el conjunto numérico al que pertenece el resultado de la operación?]]></enunciado>
      <explicacion><![CDATA[La propiedad clausurativa establece que el producto de dos números complejos es igual a otro número complejo.]]></explicacion>
      <imagen><![CDATA[ma_09_03_co_rec220_img02n.png]]></imagen>
      <ampliacion><![CDATA[ma_09_03_co_rec220_img02a.png]]></ampliacion>
      <respuestas>
        <respuesta contestacion="Los complejos" correcta="1"/>
        <respuesta contestacion="Los reales" correcta="0"/>
        <respuesta contestacion="Los enteros" correcta="0"/>
        <respuesta contestacion="Los irracionales" correcta="0"/>
      </respuestas>
    </cuestion>
    <cuestion>
      <enunciado><![CDATA[¿Por cuál número complejo se debe multiplicar el numerador y el denominador de la fracción para resolverla? Amplía la imagen para ver las opciones de respuesta.]]></enunciado>
      <explicacion><![CDATA[Para resolver la división se multiplica el numerador y el denominador de la fracción por el conjugado del número complejo del denominador.]]></explicacion>
      <imagen><![CDATA[ma_09_03_co_rec220_img03n.png]]></imagen>
      <ampliacion><![CDATA[ma_09_03_co_rec220_img01a.png]]></ampliacion>
      <respuestas>
        <respuesta contestacion="Por el de la opción a)" correcta="0"/>
        <respuesta contestacion="Por el de la opción b)" correcta="0"/>
        <respuesta contestacion="Por el de la opción c)" correcta="0"/>
        <respuesta contestacion="Por el de la opción d)" correcta="1"/>
      </respuestas>
    </cuestion>
    <cuestion>
      <enunciado><![CDATA[Calcula la potencia de {{cur}}i{{normal}} indicada.]]></enunciado>
      <explicacion><![CDATA[{{cur}}i⁴ = {{cur}}i{{normal}}² ∙ {{cur}}i{{normal}}² = 1.]]></explicacion>
      <imagen><![CDATA[ma_09_03_co_rec220_img04n.png]]></imagen>
      <ampliacion><![CDATA[ma_09_03_co_rec220_img04a.png]]></ampliacion>
      <respuestas>
        <respuesta contestacion="1" correcta="1"/>
        <respuesta contestacion="-1" correcta="0"/>
        <respuesta contestacion="{{cur}}i{{normal}}" correcta="0"/>
        <respuesta contestacion="{{cur}}-i{{normal}}" correcta="0"/>
      </respuestas>
    </cuestion>
    <cuestion>
      <enunciado><![CDATA[¿Cuál propiedad de la multiplicación de números complejos se ejemplifica?]]></enunciado>
      <explicacion><![CDATA[La propiedad del elemento neutro en los números complejos.]]></explicacion>
      <imagen><![CDATA[ma_09_03_co_rec220_img05n.png]]></imagen>
      <ampliacion><![CDATA[ma_09_03_co_rec220_img05a.png]]></ampliacion>
      <respuestas>
        <respuesta contestacion="La del elemento neutro" correcta="1"/>
        <respuesta contestacion="La asociativa" correcta="0"/>
        <respuesta contestacion="La conmutativa" correcta="0"/>
        <respuesta contestacion="La distributiva" correcta="0"/>
      </respuestas>
    </cuestion>
  </test>
  <temps>10</temps>
</motor>