﻿<?xml version="1.0" encoding="utf-8"?><engine copy="Editorial Planeta" version="1" aprid="f6"><main layout="7">
<title>Las operaciones aditivas entre polinomios</title>
<footer>Selecciona una imagen</footer>
</main>
<sections>
<section i="0" star="false" hasSubsections="false">
<menuImage path="REC110_IMG02.jpg" border="1">
<title><![CDATA[Adición]]></title>
</menuImage>
<pages>
<page i="0" visible="true" color="">
<title>Adición de monomios</title>
<description><![CDATA[<p><span style="font-size:20px;"><span style="font-family:verdana,geneva,sans-serif;"><small>Si dos o m&aacute;s monomios tienen la misma parte literal, es decir, son semejantes, se halla la suma o diferencia de los coeficientes y se deja la misma parte literal.</small></span></span></p>

<h3></h3>

<h3><span style="font-size:20px;"><span style="font-family:verdana,geneva,sans-serif;"><strong>Ejemplo</strong></span></span></h3>

<h3></h3>

<ul>
	<li style="text-align: left;"><span style="font-size:20px;"><span style="font-family:verdana,geneva,sans-serif;"><small>Adicionar 150<em>x</em><sup>4</sup><em>y</em><sup>5</sup> con 130<em>x</em><sup>4</sup><em>y</em><sup>5</sup>.</small></span></span></li>
</ul>

<p style="text-align: left; margin-left: 40px;"><span style="font-size:20px;"><span style="font-family:verdana,geneva,sans-serif;"><small><strong>1. </strong>Se aplica la propiedad distributiva:</small></span></span></p>

<p></p>

<p></p>

<p style="margin-left: 40px;"><span style="font-size:20px;"><span style="font-family:verdana,geneva,sans-serif;"><small>150<em>x</em><sup>4</sup><em>y</em><sup>5</sup> + 130<em>x</em><sup>4</sup><em>y</em><sup>5</sup> = (150 + 130) <em>x</em><sup>4</sup><em>y</em><sup>5</sup><em>&nbsp;</em><strong><em>&nbsp;</em></strong></small></span></span></p>

<p style="margin-left: 40px;"></p>

<p style="margin-left: 40px;"><span style="font-size:20px;"><span style="font-family:verdana,geneva,sans-serif;"><small><strong>2.</strong> Se realiza la adici&oacute;n de los coeficientes</small></span></span></p>

<p style="margin-left: 40px;"><span style="font-family: verdana, geneva, sans-serif; font-size: 16.6667px;">150</span><em style="font-family: verdana, geneva, sans-serif; font-size: 16.6667px;">x</em><sup style="font-family: verdana, geneva, sans-serif;">4</sup><em style="font-family: verdana, geneva, sans-serif; font-size: 16.6667px;">y</em><sup style="font-family: verdana, geneva, sans-serif;">5</sup><span style="font-family: verdana, geneva, sans-serif; font-size: 16.6667px;">&nbsp;+ 130</span><em style="font-family: verdana, geneva, sans-serif; font-size: 16.6667px;">x</em><sup style="font-family: verdana, geneva, sans-serif;">4</sup><em style="font-family: verdana, geneva, sans-serif; font-size: 16.6667px;">y</em><sup style="font-family: verdana, geneva, sans-serif;">5</sup><span style="font-family: verdana, geneva, sans-serif; font-size: 16.6667px;">&nbsp;</span><span style="font-size:20px;"><span style="font-family:verdana,geneva,sans-serif;"><small><strong><em>&nbsp;</em></strong><em>= </em>280<em>x</em><sup>4</sup><em>y</em><sup>5</sup><strong><em>&nbsp;&nbsp;</em></strong></small></span></span></p>

<p></p>

<p></p>
]]></description>
<images>
<image path="REC110_IMG05.jpg" border = "0" pathbig="MA_08_02_REC110_IMG04.jpg">
<title><![CDATA[]]></title>
</image>
</images>
</page>
<page i="0" visible="true" color="">
<title>Adición de polinomios</title>
<description><![CDATA[<p><span style="font-size:20px;"><small><span style="font-family:verdana,geneva,sans-serif;">Para adicionar dos o m&aacute;s polinomios se deben tener en cuenta las siguientes reglas:</span></small></span></p>

<p></p>

<ul>
	<li>
	<p><span style="font-size:20px;"><small><span style="font-family:verdana,geneva,sans-serif;">Aplicar las propiedades asociativa y conmutativa de la adici&oacute;n para agrupar t&eacute;rminos semejantes.</span></small></span></p>
	</li>
</ul>

<p></p>

<ul>
	<li>
	<p><span style="font-size:20px;"><small><span style="font-family:verdana,geneva,sans-serif;">Adicionar los coeficientes de cada uno de los t&eacute;rminos semejantes.</span></small></span></p>
	</li>
</ul>

<h3></h3>

<h3></h3>

<h3><span style="font-size:20px;"><span style="font-family:verdana,geneva,sans-serif;"><strong>Ejemplo</strong></span></span></h3>

<p></p>

<p><span style="font-size:20px;"><span style="font-family:verdana,geneva,sans-serif;"><small>9<em>m &ndash;&nbsp;</em>17<em>n + </em>5<em>p + </em>13<em>n + </em>11<em>p &ndash; </em>6</small></span></span></p>

<p><span style="font-size:20px;"><span style="font-family:verdana,geneva,sans-serif;"><small><em>9m</em> &ndash; <span style="color:#FF0000;">17<em>n</em></span> + <span style="color:#FF0000;">13<em>n</em></span> +&nbsp;<span style="color:#006400;">5<em>p</em></span> + <span style="color:#006400;">11<em>p</em></span> &ndash; <span style="color:#0000FF;">6</span>&nbsp; &nbsp;Propiedad Conmutativa</small></span></span></p>

<p><span style="font-size:20px;"><span style="font-family:verdana,geneva,sans-serif;"><small>9<em>m</em> + (<span style="color:#FF0000;">&ndash; 17</span> + <span style="color:#FF0000;">13</span>)<em><span style="color:#FF0000;">n</span></em> +(<span style="color:#008000;">5</span> + <span style="color:#006400;">11</span>)<em><span style="color:#006400;">p</span></em> &ndash; <span style="color:#0000CD;">6</span> Propiedad Asociativa</small></span></span></p>

<p><span style="font-size:20px;"><span style="font-family:verdana,geneva,sans-serif;"><small>9<em>m</em> &ndash; <span style="color:#FF0000;">4<em>n</em></span> + <span style="color:#008000;">16<em>p</em></span> - <span style="color:#0000FF;">6</span></small></span></span></p>

<p><span style="font-size:20px;"><span style="font-family:verdana,geneva,sans-serif;"><small>En la imagen ampliada se observa un ejemplo resuelto.</small></span></span></p>
]]></description>
<images>
<image path="REC110_IMG06.jpg" border = "0" pathbig="MA_08_02_REC110_IMG07.jpg">
<title><![CDATA[]]></title>
</image>
</images>
</page>
<page i="0" visible="true" color="">
<title>Practica</title>
<description><![CDATA[<p><span style="font-size:20px;"><span style="font-family:verdana,geneva,sans-serif;">En la imagen se muestra un parque con unas medidas indicadas.</span></span></p>

<p><span style="font-size:20px;"><span style="font-family:verdana,geneva,sans-serif;">Halla el per&iacute;metro de este parque.</span></span></p>
]]></description>
<images>
<image path="MA_08_02_REC-110_IMG08n.jpg" border = "0" pathbig="MA_08_02_REC110_IMG09a.jpg">
<title><![CDATA[]]></title>
</image>
</images>
</page>
</pages>
</section><section i="0" star="false" hasSubsections="false">
<menuImage path="MA_08_02_REC110_IMG03.jpg" border="1">
<title><![CDATA[Sustracción]]></title>
</menuImage>
<pages>
<page i="0" visible="true" color="">
<title>Sustracción de monomios</title>
<description><![CDATA[<p><span style="font-size:20px;"><span style="font-family:verdana,geneva,sans-serif;">Si dos o m&aacute;s monomios tienen la misma parte literal, es decir, son semejantes, se halla la diferencia de los coeficientes y se deja la misma parte literal.</span></span></p>

<h3></h3>

<p><small><span style="font-size:20px;"><span style="font-family:verdana,geneva,sans-serif;">Ejemplo</span></span></small></p>

<p></p>

<ul>
	<li><small><span style="font-size:20px;"><span style="font-family:verdana,geneva,sans-serif;">De 150<em>x</em><sup>4</sup><em>y</em><sup>5</sup>&nbsp;sustraer&nbsp;130<em>x</em><sup>4</sup><em>y<sup>5</sup></em></span></span></small></li>
</ul>

<p></p>

<p><small><span style="font-size:20px;"><span style="font-family:verdana,geneva,sans-serif;">150<em>x</em><sup>4</sup><em>y</em><sup>5</sup> &ndash; 130<em>x</em><sup>4</sup><em>y</em><sup>5</sup> =&nbsp;<em>(</em>150&nbsp;&ndash; 130)<em>x</em><sup>4</sup><em>y</em><sup>5</sup>&nbsp;&nbsp;&nbsp;&nbsp;&nbsp;&nbsp;&nbsp;&nbsp;&nbsp;&nbsp;&nbsp;&nbsp;&nbsp;&nbsp; </span></span></small></p>

<p><small><span style="font-size:20px;"><span style="font-family:verdana,geneva,sans-serif;"><strong><em>&nbsp; &nbsp; &nbsp; &nbsp; &nbsp; &nbsp; &nbsp; &nbsp; &nbsp; &nbsp; &nbsp; &nbsp; &nbsp; </em></strong><em>&nbsp; &nbsp;= </em>20<em>x</em><sup>4</sup><em>y</em><sup>5</sup>&nbsp; </span></span></small></p>

<p></p>

<p><small><span style="font-size:20px;"><span style="font-family:verdana,geneva,sans-serif;">Recuerda que un monomio opuesto es una expresi&oacute;n semejante pero con diferente signo.</span></span></small></p>

<p><span style="font-family:verdana,geneva,sans-serif;">En la imagen ampliada se muestra una aplicaci&oacute;n de la sustracci&oacute;n.</span></p>
]]></description>
<images>
<image path="REC110_IMG10.jpg" border = "0" pathbig="MA_08_02_REC110_IMG10.jpg">
<title><![CDATA[]]></title>
</image>
</images>
</page>
<page i="0" visible="true" color="">
<title>Sustracción de polinomios</title>
<description><![CDATA[<p><big><span style="font-size:20px;"><span style="font-family:verdana,geneva,sans-serif;">Para sustraer dos polinomios, se sustrae el polinomio minuendo con el polinomio <strong>opuesto</strong> del sustraendo.</span></span></big></p>

<p></p>

<p><big><span style="font-size:20px;"><span style="font-family:verdana,geneva,sans-serif;">Se recuerda que el signo menos antes de un par&eacute;ntesis implica cambiar todos los signos de los t&eacute;rminos que est&aacute;n dentro del par&eacute;ntesis porque est&aacute; indicando que se debe trabajar con el opuesto.</span></span></big></p>

<h3></h3>

<h3><big><span style="font-size:20px;"><span style="font-family:verdana,geneva,sans-serif;"><strong>Ejemplo:</strong></span></span></big></h3>

<p></p>

<p><big><span style="font-size:20px;"><span style="font-family:verdana,geneva,sans-serif;">(3<em>x</em><sup>2</sup> + 2<em>x</em> &ndash; 4) </span></span><span style="font-family: verdana, geneva, sans-serif; font-size: 16.6667px;">&ndash;</span><span style="font-size:20px;"><span style="font-family:verdana,geneva,sans-serif;"><strong> </strong>(<em>x</em><sup>2</sup> &ndash; 3)</span></span></big></p>

<p><span style="font-family: verdana, geneva, sans-serif; font-size: 20px;"><strong>1.</strong> Se halla el opuesto del sustraendo:</span></p>

<p><big><span style="font-size:20px;"><span style="font-family:verdana,geneva,sans-serif;">3<em>x</em><sup>2</sup> + 2<em>x</em> </span></span><span style="font-family: verdana, geneva, sans-serif; font-size: 16.6667px;">&ndash;</span><span style="font-size:20px;"><span style="font-family:verdana,geneva,sans-serif;"> 4<strong> </strong></span></span><span style="color:#FF0000;"><strong><span style="font-family: verdana, geneva, sans-serif; font-size: 16.6667px;">&ndash;</span></strong></span><span style="font-size:20px;"><span style="font-family:verdana,geneva,sans-serif;"><strong><span style="color:#FF0000;"> <em>x</em><sup>2</sup></span> <span style="color:#FF0000;">+ 3</span>&nbsp;</strong></span></span></big></p>

<p><big><span style="font-size:20px;"><span style="font-family:verdana,geneva,sans-serif;"><strong>2. &nbsp;</strong>Se aplica la propiedad&nbsp;</span></span></big><span style="font-family: verdana, geneva, sans-serif; font-size: 20px;">conmutativa:&nbsp;</span></p>

<p></p>

<p><big><span style="font-size:20px;"><span style="font-family:verdana,geneva,sans-serif;">3<em>x</em><sup>2</sup> </span></span><span style="color:#FF0000;"><span style="font-family: verdana, geneva, sans-serif; font-size: 16.6667px;">&ndash;</span></span><span style="font-size:20px;"><span style="font-family:verdana,geneva,sans-serif;"><strong><span style="color:#FF0000;"> <em>x</em></span><sup><span style="color:#FF0000;">2</span> </sup></strong>+ 2<em>x</em> </span></span><span style="font-family: verdana, geneva, sans-serif; font-size: 16.6667px;">&ndash;</span><span style="font-size:20px;"><span style="font-family:verdana,geneva,sans-serif;"> 4<strong> <span style="color:#FF0000;">+ 3</span> &nbsp; &nbsp;</strong></span></span></big></p>

<p><big><span style="font-size:20px;"><span style="font-family:verdana,geneva,sans-serif;"><strong>3.</strong> Se reducen t</span></span></big><span style="font-family: verdana, geneva, sans-serif; font-size: 20px; text-align: justify;">&eacute;rminos semejantes:</span></p>

<p style="text-align: justify;"></p>

<p style="text-align: justify;"><big><span style="font-size:20px;"><span style="font-family:verdana,geneva,sans-serif;">2<em>x</em><sup>2</sup> + 2<em>x</em> &ndash; 1<strong> &nbsp; &nbsp; &nbsp; &nbsp; &nbsp; &nbsp; &nbsp; &nbsp;</strong></span></span></big></p>

<p style="text-align: justify;"><small><span style="font-size:20px;"><span style="font-family: verdana, geneva, sans-serif; text-align: justify;">En la imagen ampliada se muestra una aplicaci&oacute;n de la sustracci&oacute;n de polinomios.</span></span></small></p>
]]></description>
<images>
<image path="MA_08_02_REC110_IMG13n.jpg" border = "0" pathbig="MA_08_02_REC110_IMG13a.jpg">
<title><![CDATA[Representación gráfica de la sustracción de polinomios]]></title>
</image>
</images>
</page>
<page i="0" visible="true" color="">
<title>Practica</title>
<description><![CDATA[<p><span style="font-size:22px;"><span style="font-family:verdana,geneva,sans-serif;">Al iniciar el mes Andrea llen&oacute;&nbsp;el tanque de gasolina de su carro cuyos galones se representan como:</span></span></p>

<p style="text-align: center;"><span style="font-size:22px;"><span style="font-family:verdana,geneva,sans-serif;">12<em>x</em> +7</span></span></p>

<p><span style="font-size:22px;"><span style="font-family:verdana,geneva,sans-serif;">En una semana, Andrea gast&oacute;&nbsp;4<em>x</em> + 6 galones, y el fin de semana pasado gasto 5<em>x</em> + 4. </span></span></p>

<p><span style="font-size:22px;"><span style="font-family:verdana,geneva,sans-serif;">Determina&nbsp;el polinomio que representa los&nbsp;galones de gasolina que tiene el carro de Andrea para iniciar la otra semana.</span></span></p>
]]></description>
<images>
<image path="MA_08_02_REC_110_IMG14n.jpg" border = "0" pathbig="MA_08_02_REC_110_IMG14a.jpg">
<title><![CDATA[]]></title>
</image>
</images>
</page>
</pages>
</section></sections>
</engine>