﻿<?xml version="1.0" encoding="utf-8"?>
<engine copy="Editorial Planeta" version="1" aprid="f6">
  <main layout="7">
    <title>Las operaciones aditivas entre polinomios</title>
    <footer>Selecciona una imagen</footer>
  </main>
  <sections>
    <section i="0" star="false" hasSubsections="false">
      <menuImage path="REC110_IMG02.jpg" border="1">
        <title><![CDATA[Adición]]></title>
      </menuImage>
      <pages>
        <page i="0" visible="true" color="">
          <title>Adición de monomios</title>
          <description><![CDATA[<p style="text-align: justify;"><small>Si dos o m&aacute;s monomios tienen la misma parte literal, es decir, son semejantes, se halla la suma o diferencia de los coeficientes y se deja la misma parte literal.</small></p>

<h3 style="text-align: justify;"></h3>

<h3 style="text-align: justify;"><strong>Ejemplo</strong></h3>

<h3 style="text-align: justify;"></h3>

<ul>
	<li style="text-align: justify;">
	<p><small>Adicionar 150<em>x<sup>4</sup>y<sup>5</sup></em> con 130<em>x<sup>4</sup>y<sup>5</sup></em> se tiene:</small></p>
	</li>
</ul>

<p></p>

<p></p>

<p><small><strong>150<em>x<sup>4</sup>y<sup>5</sup></em> + 130<em>x<sup>4</sup>y<sup>5</sup></em> = (150 + 130) <em>x<sup>4</sup>y<sup>5</sup>&nbsp; </em></strong><strong><em>&rarr;</em></strong>&nbsp; <em>Propiedad distributiva</em></small></p>

<p><small><strong><em>&nbsp; &nbsp; &nbsp; &nbsp; &nbsp; &nbsp; &nbsp; &nbsp; &nbsp; &nbsp; &nbsp; &nbsp; &nbsp; &nbsp; &nbsp; &nbsp; = 1</em></strong><strong>80<em>x<sup>4</sup>y<sup>5</sup>&nbsp; </em></strong><strong><em>&rarr;</em></strong>&nbsp; <em>Se realiza la adici&oacute;n de los coeficientes </em></small></p>

<p></p>

<p></p>

<p><small>&nbsp; &nbsp; &nbsp; &nbsp; &nbsp; &nbsp; &nbsp;</small></p>

<p>&nbsp; &nbsp; &nbsp; &nbsp; &nbsp; &nbsp; &nbsp; &nbsp; &nbsp; &nbsp; &nbsp; &nbsp; &nbsp; &nbsp; &nbsp; &nbsp; &nbsp; &nbsp;</p>
]]></description>
          <images>
            <image path="REC110_IMG05.jpg" border="0" pathbig="MA_08_02_REC110_IMG04.jpg">
              <title><![CDATA[]]></title>
            </image>
          </images>
        </page>
        <page i="0" visible="true" color="">
          <title>Adición de polinomios</title>
          <description><![CDATA[<p style="text-align: justify;"><small><span style="font-family:verdana,geneva,sans-serif;">Para adicionar dos o m&aacute;s polinomios se debe&nbsp;tener en cuenta las siguientes reglas:</span></small></p>

<p style="text-align: justify;"></p>

<ul>
	<li>
	<p style="text-align: justify;"><small><span style="font-family:verdana,geneva,sans-serif;">Aplicar las propiedades asociativa y conmutativa de la adici&oacute;n para agrupar t&eacute;rminos semejantes.</span></small></p>
	</li>
</ul>

<p style="text-align: justify;"></p>

<ul>
	<li>
	<p style="text-align: justify;"><small><span style="font-family:verdana,geneva,sans-serif;">Adicionar los coeficientes de cada uno de los t&eacute;rminos semejantes.</span></small></p>
	</li>
</ul>

<h3></h3>

<h3></h3>

<h3><strong>Ejemplo</strong></h3>

<p></p>

<p><small><em>9m - 17n + 5p + 13n + 11p &ndash; 6</em></small></p>

<p><small><strong>9<em>m</em></strong> &ndash; <span style="color:#FF0000;"><strong>17<em>n</em></strong></span> + <span style="color:#FF0000;"><strong>13<em>n</em></strong></span> +&nbsp;<span style="color:#006400;"><strong>5<em>p</em></strong></span> + <span style="color:#006400;"><strong>11<em>p</em></strong></span> &ndash; <strong><span style="color:#0000FF;">6</span>&nbsp; &nbsp;Propiedad Conmutativa</strong></small></p>

<p><small><strong>9<em>m</em></strong> + (<span style="color:#FF0000;">&ndash; <strong>17</strong></span> + <strong><span style="color:#FF0000;">13</span>)<em><span style="color:#FF0000;">n</span></em></strong> +(<span style="color:#008000;"><strong>5</strong></span> + <strong><span style="color:#006400;">11</span>)<em><span style="color:#006400;">p</span></em></strong> &ndash; <strong><span style="color:#0000CD;">6</span> Propiedad Asociativa</strong></small></p>
<small><strong>9<em>m</em> &ndash; <span style="color:#FF0000;">4<em>n</em></span> + <span style="color:#008000;">16<em>p</em></span> - <span style="color:#0000FF;">6</span></strong></small>]]></description>
          <images>
            <image path="REC110_IMG06.jpg" border="0" pathbig="MA_08_02_REC110_IMG07.jpg">
              <title><![CDATA[]]></title>
            </image>
          </images>
        </page>
        <page i="0" visible="true" color="">
          <title>Situación </title>
          <description><![CDATA[<p style="text-align: justify;">Bucaramanga, se considera la ciudad de los parques m&aacute;s bonitos de Colombia. En la imagen se muestra un paque con unas medidas indicadas.</p>

<p style="text-align: justify;">Halla el per&iacute;metro de este parque.</p>
]]></description>
          <images>
            <image path="MA_08_02_REC-110_IMG08n.jpg" border="0" pathbig="MA_08_02_REC-110_IMG08a.jpg">
              <title><![CDATA[]]></title>
            </image>
          </images>
        </page>
      </pages>
    </section>
    <section i="0" star="false" hasSubsections="false">
      <menuImage path="MA_08_02_REC110_IMG03.jpg" border="1">
        <title><![CDATA[Sustracción]]></title>
      </menuImage>
      <pages>
        <page i="0" visible="true" color="">
          <title>Sustracción de monomios</title>
          <description><![CDATA[<p style="text-align: justify;"><small>Si dos o m&aacute;s monomios tienen la misma parte literal, es decir, son semejantes, se halla la diferencia de los coeficientes y se deja la misma parte literal.</small></p>

<h3 style="text-align: justify;"></h3>

<h3 style="text-align: justify;"><strong>Ejemplo</strong></h3>

<p></p>

<ul>
	<li><small><strong>De</strong> 150<em>x<sup>4</sup>y<sup>5</sup></em> <strong>restar</strong> 130<em>x<sup>4</sup>y<sup>5</sup></em></small></li>
</ul>

<p></p>

<p><small>150<em>x<sup>4</sup>y<sup>5</sup></em> &ndash; 130<em>x<sup>4</sup>y<sup>5</sup></em> = 150<em> x<sup>4</sup>y<sup>5</sup></em> <strong>+</strong> (- 130<em>x<sup>4</sup>y<sup>5</sup>)</em></small></p>

<p><small><em>&nbsp; &nbsp; &nbsp; &nbsp; &nbsp; &nbsp; &nbsp; &nbsp; &nbsp; &nbsp; &nbsp; &nbsp; &nbsp; &nbsp; &nbsp;= (</em>150 &nbsp;<strong>+</strong> (- 130))<em>x<sup>4</sup>y<sup>5</sup>&nbsp;&nbsp;&nbsp;&nbsp;&nbsp;&nbsp;&nbsp;&nbsp;&nbsp;&nbsp;&nbsp;&nbsp;&nbsp;&nbsp; </em></small></p>

<p><small><strong><em>&nbsp; &nbsp; &nbsp; &nbsp; &nbsp; &nbsp; &nbsp; &nbsp; &nbsp; &nbsp; &nbsp; &nbsp; &nbsp; &nbsp; &nbsp;&nbsp;= 2</em></strong><strong>0<em>x<sup>4</sup>y<sup>5</sup>&nbsp; </em></strong></small></p>

<p></p>

<p style="text-align: justify;"><small><em>Recuerda que un monomio opuesto es una expresi&oacute;n semejante pero con diferente signo.</em></small></p>
]]></description>
          <images>
            <image path="REC110_IMG10.jpg" border="0" pathbig="MA_08_02_REC110_IMG10.jpg">
              <title><![CDATA[]]></title>
            </image>
          </images>
        </page>
        <page i="0" visible="true" color="">
          <title>Sustracción de polinomios</title>
          <description><![CDATA[<p style="text-align: justify;"><small>Para sustraer dos polinomios, se sustrae el polinomio minuendo con el polinomio <strong>opuesto</strong> del sustraendo.</small></p>

<p style="text-align: justify;"></p>

<p style="text-align: justify;"><small>Se recuerda que el signo menos antes de un par&eacute;ntesis implica cambiar todos los signos de los t&eacute;rminos que est&aacute;n dentro del par&eacute;ntesis porque est&aacute; indicando que se debe trabajar con el opuesto.</small></p>

<h3 style="text-align: justify;"></h3>

<h3 style="text-align: justify;"><strong>Ejemplo:</strong></h3>

<p style="text-align: justify;"></p>

<p style="text-align: justify;"><small>(3<em>x</em><sup>2</sup> + 2<em>x</em> - 4) <strong>- </strong>(<em>x</em><sup>2</sup> &ndash; 3)</small></p>

<p style="text-align: justify;"><small>3<em>x</em><sup>2</sup> + 2<em>x</em> &ndash; 4<strong> <span style="color:#FF0000;">- <em>x</em><sup>2</sup></span> <span style="color:#FF0000;">+ 3</span>&nbsp; &nbsp; &nbsp;</strong><em>Se halla el opuesto del sustraendo</em></small></p>

<p style="text-align: justify;"></p>

<p style="text-align: justify;"><small>3<em>x</em><sup>2</sup> <strong><span style="color:#FF0000;">- <em>x</em></span><sup><span style="color:#FF0000;">2</span> </sup></strong>+ 2<em>x</em> &ndash; 4<strong> <span style="color:#FF0000;">+ 3</span> &nbsp; &nbsp;</strong><em>Propiedad conmutativa</em></small></p>

<p style="text-align: justify;"></p>

<p style="text-align: justify;"><small><strong>2<em>x</em><sup>2</sup> + 2<em>x</em> &ndash; 1 &nbsp; &nbsp; &nbsp; &nbsp; &nbsp; &nbsp; &nbsp; &nbsp;</strong><em>Reducci&oacute;n T&eacute;rminos semejantes</em></small></p>
]]></description>
          <images>
            <image path="MA_08_02_REC_110_IMG12n.jpg" border="0" pathbig="MA_08_02_REC_110_IMG12a.jpg">
              <title><![CDATA[Representación gráfica de la sustracción de polinomios]]></title>
            </image>
          </images>
        </page>
        <page i="0" visible="true" color="">
          <title>Situación</title>
          <description><![CDATA[<p style="text-align: justify;"><small>Al iniciar el mes Andrea lleno el tanque de gasolina de su carro cuyos galones se representan como:</small></p>

<p style="text-align: center;"><small>12<em>x</em> +7</small></p>

<p style="text-align: justify;"><small>En una semana, Andrea gasto 4<em>x</em> + 6 galones, y el fin de semana gasto 5<em>x</em> + 4. </small></p>

<p style="text-align: justify;"><small>Determina&nbsp;el polinomio que representa los&nbsp;galones de gasolina que tiene el carro de Andrea para iniciar la otra semana.</small></p>
]]></description>
          <images>
            <image path="MA_08_02_REC_110_IMG14n.jpg" border="0" pathbig="MA_08_02_REC_110_IMG14a.jpg">
              <title><![CDATA[]]></title>
            </image>
          </images>
        </page>
      </pages>
    </section>
  </sections>
</engine>