﻿<?xml version="1.0" encoding="utf-8"?><motor tipo="101" clase="a" aprid="m101a"><plataforma><grado>2</grado><titulo>Refuerza tu aprendizaje: Los límites indeterminados de funciones</titulo><volumen /><nivel>3</nivel><referencia /><motor /><lang>es</lang></plataforma><enunciado><![CDATA[Realiza la siguiente actividad. Cuando termines, haz clic en Enviar. Si es necesario, entrega las respuestas a mano o por e-mail a tu profesor para que pueda validarlas.]]></enunciado><masinfo inicio="0" /><calc><![CDATA[0]]></calc><preguntas cantidad="7"><pregunta><enunciado><![CDATA[Escribe el tipo de indeterminaciones y, en cada caso, muestra ejemplos que ilustren tu descripción.]]></enunciado><explicacion /><nivel><![CDATA[1]]></nivel><tipo /><imagen /><ampliacion /><texto /></pregunta><pregunta><enunciado><![CDATA[Si {{cur}}p{{normal}}({{cur}}x{{normal}}) = {{cur}}x{{normal}}{{sup}}2{{normal}} + 2{{cur}}x{{normal}} – 3, {{cur}}q{{normal}}({{cur}}x{{normal}}) = {{cur}}x{{normal}}{{sup}}3{{normal}} + 7{{cur}}x{{normal}}{{sup}}2{{normal}} + 14{{cur}}x{{normal}} + 9, se definen:∙ {{cur}}f{{normal}}({{cur}}x{{normal}}) = {{cur}}p{{normal}}({{cur}}x{{normal}})/{{cur}}q{{normal}}({{cur}}x{{normal}})∙ {{cur}}g{{normal}}({{cur}}x{{normal}}) = {{cur}}q{{normal}}({{cur}}x{{normal}})/{{cur}}p{{normal}}({{cur}}x{{normal}})]]></enunciado><explicacion /><nivel><![CDATA[2]]></nivel><tipo /><imagen /><ampliacion /><texto><![CDATA[1. En qué puntos está indeterminada la función {{cur}}f{{normal}}({{cur}}x{{normal}}).2. Qué tipo de indeterminación se presenta. Explica.3. Responde las dos anteriores preguntas para la función {{cur}}g{{normal}}({{cur}}x{{normal}}).]]></texto></pregunta><pregunta><enunciado><![CDATA[¿El límite que se muestra es una indeterminación? Explica.]]></enunciado><explicacion /><nivel><![CDATA[1]]></nivel><tipo /><imagen><![CDATA[MA_11_03_REC200_IMG01_n.png]]></imagen><ampliacion><![CDATA[MA_11_03_REC200_IMG01_a.png]]></ampliacion><texto /></pregunta><pregunta><enunciado><![CDATA[Calcula el límite de la expresión. ]]></enunciado><explicacion /><nivel><![CDATA[1]]></nivel><tipo /><imagen><![CDATA[MA_11_03_REC200_IMG02_n.png]]></imagen><ampliacion><![CDATA[MA_11_03_REC200_IMG02_a.png]]></ampliacion><texto /></pregunta><pregunta><enunciado><![CDATA[Establece las asíntotas horizontales y verticales de la siguiente función:]]></enunciado><explicacion><![CDATA[Emplear fórmulas para hallar las asíntotas.]]></explicacion><nivel><![CDATA[2]]></nivel><tipo><![CDATA[M]]></tipo><imagen><![CDATA[MA_11_03_REC200_IMG03n.png]]></imagen><ampliacion><![CDATA[MA_11_03_REC200_IMG03a.png]]></ampliacion><texto /></pregunta><pregunta><enunciado><![CDATA[Teniendo en cuenta los posibles valores de {{cur}}v{{normal}}, ¿para qué valores existe el límite? ¿A cuánto equivale el límite? ¿Cuándo se presentan indeterminaciones?]]></enunciado><explicacion /><nivel><![CDATA[2]]></nivel><tipo /><imagen><![CDATA[MA_11_03_REC200_IMG04_n.png]]></imagen><ampliacion><![CDATA[MA_11_03_REC200_IMG04_a.png]]></ampliacion><texto /></pregunta><pregunta><enunciado><![CDATA[Muestra tres funciones con al menos dos tipos de indeterminaciones. En cada caso explica las indeterminaciones analítica y gráficamente.]]></enunciado><explicacion /><nivel><![CDATA[2]]></nivel><tipo /><imagen /><ampliacion /><texto /></pregunta></preguntas></motor>