﻿<?xml version="1.0" encoding="utf-8"?><motor tipo="10" clase="a" aprid="m10a"><plataforma><grado><![CDATA[1]]></grado><titulo>Practica límites de funciones racionales</titulo><area>0</area><nivel>2</nivel><referencia /><idreg><![CDATA[0]]></idreg><motor><![CDATA[M10A]]></motor><lang>es</lang></plataforma><enunciado><![CDATA[Relaciona cada característica con la función que la cumple.]]></enunciado><masinfo inicio="1"><![CDATA[En este interactivo se tienen las siguientes convenciones:∙ A: "asíntota en"∙ LI: "límite al infinito es"∙ L3: "límite cuando {{cur}}x{{normal}} tiende a 3"∙ L3D: "límite cuando {{cur}}x{{normal}} tiende a 3 por la derecha"∙ L3I: "límite cuando {{cur}}x{{normal}} tiende a 3 por la izquierda"]]></masinfo><sinaleatoriedad><![CDATA[1]]></sinaleatoriedad><calc><![CDATA[0]]></calc><textoacategoria cantidad="3"><cuestion><categoria><![CDATA[(2{{cur}}x{{normal}}{{sup}}3{{normal}} – 1)/({{cur}}x{{normal}}{{sup}}2{{normal}} – 5{{cur}}x{{normal}} + 6)]]></categoria><respuestas><respuesta id="1"><![CDATA[A: {{cur}}x{{normal}} = 3 y {{cur}}x{{normal}} = 2]]></respuesta><respuesta id="2"><![CDATA[LI: 2]]></respuesta><respuesta id="3"><![CDATA[L1D: 1/2]]></respuesta><respuesta id="4"><![CDATA[L3: ∞]]></respuesta></respuestas><sonido /></cuestion><cuestion><categoria><![CDATA[{{cur}}x{{normal}}/({{cur}}x{{normal}} – 3)]]></categoria><respuestas><respuesta id="1"><![CDATA[A: {{cur}}x{{normal}} = 3]]></respuesta><respuesta id="2"><![CDATA[LI: 1]]></respuesta><respuesta id="3"><![CDATA[L3: no existe.]]></respuesta><respuesta id="4"><![CDATA[L3I: –∞]]></respuesta></respuestas><sonido /></cuestion><cuestion><categoria><![CDATA[({{cur}}x{{normal}} - 3)/({{cur}}x{{normal}}{{sup}}2{{normal}} + {{cur}}x{{normal}} – 6)]]></categoria><respuestas><respuesta id="1"><![CDATA[A: {{cur}}x{{normal}} = –3 y {{cur}}x{{normal}} = 2]]></respuesta><respuesta id="2"><![CDATA[LI: 0]]></respuesta><respuesta id="3"><![CDATA[L-3D: ∞]]></respuesta><respuesta id="4"><![CDATA[L2D: –∞]]></respuesta></respuestas><sonido /></cuestion></textoacategoria></motor>