﻿<?xml version="1.0" encoding="utf-8"?><engine copy="Editorial Planeta" version="1" aprid="f6"><main layout="3">
<title>La clasificación de funciones</title>
<footer>Selecciona una de las funciones </footer>
</main>
<sections>
<section i="0" star="false" hasSubsections="false">
<menuImage path="MA_10_01_CO_REC220_IMG01.jpg" border="1">
<title><![CDATA[Lineal ]]></title>
</menuImage>
<pages>
<page i="0" visible="true" color="">
<title>Función lineal</title>
<description><![CDATA[<p><span style="font-size:20px;"><span style="font-family:verdana,geneva,sans-serif;">Las funciones lineales permiten modelar situaciones como la que se presenta</span></span><span style="font-family: verdana, geneva, sans-serif; font-size: 20px;">&nbsp;a continuaci&oacute;n</span><span style="font-size:20px;"><span style="font-family:verdana,geneva,sans-serif;">:</span></span></p>

<p></p>

<p><strong><span style="font-size:20px;"><span style="font-family:verdana,geneva,sans-serif;">El costo de inscripci&oacute;n a los servicios recreativos de una caja de compensaci&oacute;n familiar es $ 120&nbsp;000 y con ello se tiene una tarifa especial con descuento para cada d&iacute;a de recreaci&oacute;n de $ 5000.</span></span></strong></p>

<p></p>

<p><span style="font-size:20px;"><span style="font-family:verdana,geneva,sans-serif;">En este caso el monto total que se debe pagar tiene una constante a cancelar que corresponde al valor de la inscripci&oacute;n y un precio por d&iacute;a recreativo, que depende del n&uacute;mero de d&iacute;as que se vayan a disfrutar, por lo tanto, la funci&oacute;n que representa la situaci&oacute;n es:</span></span></p>

<p style="text-align: center;"><span style="font-size:20px;"><span style="font-family:verdana,geneva,sans-serif;"><em>f</em>(<em>x</em>) = 120 000 + 5000<em>x</em></span></span></p>

<p></p>

<p><span style="font-size:20px;"><span style="font-family:verdana,geneva,sans-serif;">Esta y otras tantas situaciones como el costo de producci&oacute;n de una f&aacute;brica, recorrido de un autom&oacute;vil a una velocidad constante, cantidad de dinero acumulado en un banco mensualmente, etc., permiten ser modeladas por medio de una funci&oacute;n lineal.&nbsp;</span></span></p>
]]></description>
<images>
<image path="MA_10_01_CO_REC220_IMG06_FICHA.jpg" border = "0" pathbig="MA_10_01_CO_REC220_IMG06_FICHA.jpg">
<title></title>
</image>
</images>
</page>
<page i="0" visible="true" color="">
<title>Función lineal</title>
<description><![CDATA[<p><span style="font-size:20px;"><span style="font-family:verdana,geneva,sans-serif;">Funciones como por ejemplo:</span></span></p>

<p style="text-align: center;"><span style="font-size:20px;"><span style="font-family:verdana,geneva,sans-serif;"><em>f</em>(<em>x</em>) = 3<em>x</em> &ndash; 8</span></span></p>

<p style="text-align: center;"><img src="http://latex.codecogs.com/png.latex?%5Cdpi%7B120%7D%20%5Cfn_jvn%20g%28x%29%20%3D%20-5x%20&amp;plus;%20%5Cfrac%7B1%7D%7B2%7D" /></p>

<p style="text-align: center;"><img src="http://latex.codecogs.com/png.latex?%5Cdpi%7B120%7D%20%5Cfn_jvn%20t%28x%29%20%3D%20%5Cfrac%7B3%7D%7B4%7Dx%20-%20%5Cfrac%7B2%7D%7B3%7D" /></p>

<div></div>

<p><span style="font-family: verdana, geneva, sans-serif; font-size: 20px;">son funciones lineales que pertenecen al grupo de funciones polin&oacute;micas de primer grado.</span></p>

<p><span style="font-size:20px;"><span style="font-family:verdana,geneva,sans-serif;">En este caso, las funciones <em>f</em>(<em>x</em>), <em>g</em>(<em>x</em>) y <em>t</em>(<em>x</em>) son de la forma<strong><em> </em></strong></span></span><em><span style="font-family: verdana, geneva, sans-serif; font-size: 20px;">f</span></em><span style="font-family: verdana, geneva, sans-serif; font-size: 20px;">(</span><em><span style="font-family: verdana, geneva, sans-serif; font-size: 20px;">x</span></em><span style="font-family: verdana, geneva, sans-serif; font-size: 20px;">)</span><em><span style="font-family: verdana, geneva, sans-serif; font-size: 20px;"> = mx + b</span></em><span style="font-size:20px;"><span style="font-family:verdana,geneva,sans-serif;">, donde <em>x</em> es la variable, <em>m</em> y <em>b</em> son constantes que cumplen condiciones particulares.</span></span></p>

<p><span style="font-size:20px;"><span style="font-family:verdana,geneva,sans-serif;">El nombre dado a la funci&oacute;n depende del valor asignado a <em>b</em>, en este caso:</span></span></p>

<ul>
	<li><span style="font-size:20px;"><span style="font-family:verdana,geneva,sans-serif;">Si <em>b = 0</em> se denomina funci&oacute;n lineal.</span></span></li>
	<li><span style="font-size:20px;"><span style="font-family:verdana,geneva,sans-serif;">Si <em>b &ne; 0</em> se denomina funci&oacute;n af&iacute;n.</span></span></li>
</ul>

<p><span style="font-size:20px;"><span style="font-family:verdana,geneva,sans-serif;">En especial,&nbsp;<em>m</em> es la pendiente de la recta e indica la inclinaci&oacute;n de esta. El comportamiento de la recta depende de su valor, es decir:</span></span></p>

<p></p>

<ul>
	<li><span style="font-size:20px;"><span style="font-family:verdana,geneva,sans-serif;">Si <em>m &gt; 0,</em> entonces la recta es creciente.</span></span></li>
	<li><span style="font-size:20px;"><span style="font-family:verdana,geneva,sans-serif;">Si <em>m &lt; 0,</em> entonces la recta es decreciente.&nbsp;</span></span></li>
</ul>
]]></description>
<images>
<image path="MA_10_01_CO_REC220_IMG07n.jpg" border = "0" pathbig="MA_10_01_CO_REC220_IMG07a.jpg">
<title></title>
</image>
</images>
</page>
<page i="0" visible="true" color="">
<title>Función lineal</title>
<description><![CDATA[<p><span style="font-size:20px;"><span style="font-family:verdana,geneva,sans-serif;">Entre dos funciones lineales diferentes se pueden presentar tres situaciones:</span></span></p>

<ul>
	<li><span style="font-size:20px;"><span style="font-family:verdana,geneva,sans-serif;">Las rectas son paralelas.</span></span></li>
	<li><span style="font-size:20px;"><span style="font-family:verdana,geneva,sans-serif;">Las rectas son perpendiculares.</span></span></li>
	<li><span style="font-size:20px;"><span style="font-family:verdana,geneva,sans-serif;">Las rectas son secantes.</span></span></li>
</ul>

<p></p>

<p></p>

<p></p>

<p><span style="font-size:20px;"><span style="font-family:verdana,geneva,sans-serif;">Las funciones lineales que se presentan en la imagen (roja&nbsp;y azul)</span></span></p>

<p style="text-align: center;"><span style="font-size:20px;"><span style="font-family:verdana,geneva,sans-serif;"><em>y</em> = 3<em>x</em> + 2 &nbsp;y <em>y </em>= 3<em>x</em> &ndash; 4</span></span></p>

<p><span style="font-size:20px;"><span style="font-family:verdana,geneva,sans-serif;">son </span></span><span style="font-family: verdana, geneva, sans-serif; font-size: 20px;">paralelas, pues tienen la misma pendiente.</span></p>

<p><span style="font-size:20px;"><span style="font-family:verdana,geneva,sans-serif;">Por lo tanto, si se tienen dos rectas <em>l</em><sub>1</sub> y <em>l</em><sub>2</sub></span></span><sub><span style="font-family: verdana, geneva, sans-serif; font-size: 20px;">&nbsp;</span></sub><span style="font-size:20px;"><span style="font-family:verdana,geneva,sans-serif;">y cada una tiene,&nbsp;en forma respectiva,&nbsp;las pendientes <em>m</em><sub>1</sub> y <em>m</em><sub>2</sub>,&nbsp;</span></span><span style="font-family: verdana, geneva, sans-serif; font-size: 20px;">se</span><span style="font-size:20px;"><span style="font-family:verdana,geneva,sans-serif;"> puede afirmar que las dos rectas son paralelas si </span></span></p>

<p style="text-align: center;"><span style="font-size:20px;"><span style="font-family:verdana,geneva,sans-serif;"><em>m</em><sub>1</sub> = <em>m</em><sub>2</sub></span></span></p>

<p><span style="font-size:20px;"><span style="font-family:verdana,geneva,sans-serif;">Las funciones: &nbsp;</span></span></p>

<p style="text-align: center;"><span style="font-size:20px;"><span style="font-family:verdana,geneva,sans-serif;"><em>y</em><sub>1</sub> = 3<em>x</em> + 2 </span></span></p>

<p style="text-align: center;"><img src="http://latex.codecogs.com/png.latex?%5Cdpi%7B120%7D%20%5Cfn_jvn%20y_%7B2%7D%20%3D%20-%5Cfrac%7B1%7D%7B3%7Dx%20&amp;plus;1" /></p>

<p><span style="font-size:20px;"><span style="font-family:verdana,geneva,sans-serif;">son perpendiculares (en colores rojo y verde), pues el producto de sus pendientes es igual a &ndash;1.&nbsp;Por lo tanto, si se tienen dos rectas<em> l</em><sub>1</sub> y <em>l</em><sub>2</sub> y cada una tiene&nbsp;respectivamente&nbsp;las pendientes <em>m</em><sub>1</sub> y <em>m</em><sub>2</sub>,&nbsp;</span></span><span style="font-size:20px;"><span style="font-family:verdana,geneva,sans-serif;">se puede afirmar que las dos rectas son perpendiculares si </span></span></p>

<p style="text-align: center;"><span style="font-size:20px;"><span style="font-family:verdana,geneva,sans-serif;"><em>m</em><sub>1&nbsp;&sdot;</sub> <em>m</em><sub>2</sub> = &ndash;1</span></span></p>

<p></p>

<p></p>

<p><span style="font-size:20px;"><span style="font-family:verdana,geneva,sans-serif;">Las funciones que se presentan en la imagen 2</span></span></p>

<p style="text-align: center;"><span style="font-size:20px;"><span style="font-family:verdana,geneva,sans-serif;"><em>y</em><sub>1</sub> = 3<em>x</em> + 2 &nbsp; &nbsp;y &nbsp; &nbsp;<em>y</em><sub>2</sub> = 2<em>x</em> + 3</span></span></p>

<p><span style="font-size:20px;"><span style="font-family:verdana,geneva,sans-serif;">son rectas secantes, pues se intersecan en un punto, aunque en este caso, no son perpendiculares.&nbsp;El punto de intersecci&oacute;n de las rectas es (1, 5).&nbsp;</span></span></p>
]]></description>
<images>
<image path="MA_10_01_CO_REC220_IMG08n.jpg" border = "0" pathbig="MA_10_01_CO_REC220_IMG08a.jpg">
<title></title>
</image>
</images>
</page>
</pages>
</section><section i="0" star="false" hasSubsections="false">
<menuImage path="MA_10_01_CO_REC220_IMG02.jpg" border="1">
<title><![CDATA[Cuadrática]]></title>
</menuImage>
<pages>
<page i="0" visible="true" color="">
<title>Función cuadrática</title>
<description><![CDATA[<p><span style="font-size:20px;"><span style="font-family:verdana,geneva,sans-serif;">Lee cuidadosamente la siguiente situaci&oacute;n:</span></span></p>

<p></p>

<p><span style="font-family:verdana,geneva,sans-serif;"><span style="font-size:20px;"><strong>En un experimento Marcos lanz&oacute; un proyectil al aire. Para determinar la distancia recorrida por el elemento transcurridos t segundos, se plantea la ecuaci&oacute;n:</strong>&nbsp;&nbsp;</span></span></p>

<p style="text-align: center;"><span style="font-family:verdana,geneva,sans-serif;"><span style="font-size:20px;"><em>d</em>(<em>t</em>) = &ndash;15<em>t</em><sup>2</sup> + 80<em>t</em>&nbsp; &nbsp;&nbsp;&nbsp; &nbsp; &nbsp; &nbsp; &nbsp; &nbsp; &nbsp; &nbsp; &nbsp; &nbsp;&nbsp;</span></span></p>

<p><span style="font-family:verdana,geneva,sans-serif;"><span style="font-size:20px;">La gr&aacute;fica que describe esta situaci&oacute;n se modela a trav&eacute;s de una par&aacute;bola que corresponde a la gr&aacute;fica de la funci&oacute;n cuadr&aacute;tica.</span></span></p>

<p></p>

<p><span style="font-size:20px;"><span style="font-family:verdana,geneva,sans-serif;">Situaciones como la trayectoria de una pelota que ha sido lanzada al aire,&nbsp;la forma que toma una cuerda suspendida en el aire mientras un malabarista hace equilibrio sobre ella, el lanzamiento de un proyectil disparado, situaciones de costo, &aacute;reas, el salto de una pulga, entre otras, permiten ser modeladas con una funci&oacute;n cuadr&aacute;tica.&nbsp;</span></span></p>
]]></description>
<images>
<image path="MA_10_01_CO_REC220_IMG09n.jpg" border = "0" pathbig="MA_10_01_CO_REC220_IMG09a.jpg">
<title></title>
</image>
</images>
</page>
<page i="0" visible="true" color="">
<title>Función cuadrática</title>
<description><![CDATA[<p><span style="font-size:20px;"><span style="font-family:verdana,geneva,sans-serif;">Funciones como por ejemplo:</span></span></p>

<p style="text-align: center;"><span style="font-size:20px;"><span style="font-family:verdana,geneva,sans-serif;"><em>g</em>(<em>x</em>) = &ndash;<em>x</em><sup>2</sup> + 3<em>x</em> &ndash; 2</span></span></p>

<p style="text-align: center;"><span style="font-size:20px;"><span style="font-family:verdana,geneva,sans-serif;"><em>f</em>(<em>x</em>) = <em>x</em><sup>2</sup> &ndash; <em>x</em></span></span></p>

<p style="text-align: center;"><span style="font-size:20px;"><span style="font-family:verdana,geneva,sans-serif;"><em>t</em>(<em>x</em>) = 3<em>x</em><sup>2</sup> + <em>x</em> + 8</span></span></p>

<p></p>

<p><span style="font-size:20px;"><span style="font-family:verdana,geneva,sans-serif;">​<span style="font-size:20px;"><span style="font-family:verdana,geneva,sans-serif;">son funciones cuadr&aacute;ticas que pertenecen al grupo de las funciones polin&oacute;micas de segundo grado.</span></span></span></span></p>

<p><span style="font-size:20px;"><span style="font-family:verdana,geneva,sans-serif;">En este caso las funciones <em>g</em>(<em>x</em>), <em>f</em>(<em>x</em>) y <em>t</em>(<em>x</em>) son de la forma <em>f</em>(<em>x</em>)<em> = ax</em>&sup2;<em> + bx + c</em>, donde <em>x</em> es la variable que se encuentra elevada al cuadrado, y donde <em>a, b</em> y <em>c</em> son constantes diferentes de cero.</span></span></p>

<p></p>

<p><span style="font-size:20px;"><span style="font-family:verdana,geneva,sans-serif;">Las funciones cuadr&aacute;ticas representan una par&aacute;bola que dependen del valor asignado al coeficiente&nbsp;<em>a</em> para determinar si abren hacia arriba o abajo; es decir:</span></span></p>

<ul>
	<li><span style="font-size:20px;"><span style="font-family:verdana,geneva,sans-serif;">Si <em>a &lt; 0,</em> entonces la par&aacute;bola abre hacia abajo.</span></span></li>
	<li><span style="font-size:20px;"><span style="font-family:verdana,geneva,sans-serif;">Si <em>a &gt; 0,</em> entonces la par&aacute;bola abre hacia arriba.</span></span></li>
</ul>

<p></p>

<p><span style="font-family: verdana, geneva, sans-serif;"><span style="font-size: 20px;">Observando las par&aacute;bolas que se muestran en la gr&aacute;fica, la funci&oacute;n &nbsp;</span><em style="font-size: 20px;">f</em><span style="font-size: 20px;">(</span><em style="font-size: 20px;">x</em><span style="font-size: 20px;">) = &ndash;<em>x</em><sup>2</sup></span><em><span style="font-size: 16.6667px;">,</span></em><span style="font-size: 20px;">&nbsp;abre hacia abajo, pues en este caso </span><em style="font-size: 20px;">a</em><span style="font-size: 20px;"> = </span></span><span style="font-family: verdana, geneva, sans-serif; font-size: 20px;">&ndash;</span><span style="font-size:20px;"><span style="font-family:verdana,geneva,sans-serif;">1; por otro lado, la gr&aacute;fica de&nbsp;la par&aacute;bola <em>g</em>(<em>x</em>) = 2<em>x</em><sup>2</sup>&nbsp;abre hacia arriba ya que el valor asignado es <em>a</em> = 2.&nbsp;</span></span></p>
]]></description>
<images>
<image path="MA_10_01_CO_REC220_IMG10n.jpg" border = "0" pathbig="MA_10_01_CO_REC220_IMG10a.jpg">
<title></title>
</image>
</images>
</page>
<page i="0" visible="true" color="">
<title>Función cuadrática</title>
<description><![CDATA[<p><span style="font-size:20px;"><span style="font-family:verdana,geneva,sans-serif;">Al trazar la curva de una funci&oacute;n cuadr&aacute;tica se puede&nbsp;obtener la coordenada de su v&eacute;rtice dependiendo de los valores asignados a las constantes, de la siguiente forma:</span></span></p>

<p style="text-align: center;"><span style="font-size:20px;"><span style="font-family:verdana,geneva,sans-serif;"><img src="http://latex.codecogs.com/png.latex?%5Cdpi%7B120%7D%20%5Cfn_jvn%20x%20%3D%20-%5Cfrac%7Bb%7D%7B2a%7D" /></span></span></p>

<p style="text-align: center;"><span style="font-size:20px;"><span style="font-family:verdana,geneva,sans-serif;"><img src="http://latex.codecogs.com/png.latex?%5Cdpi%7B120%7D%20%5Cfn_jvn%20y%20%3D%20f%5Cleft%20%28%20-%5Cfrac%7Bb%7D%7B2a%7D%20%5Cright%20%29" /></span></span></p>

<div></div>

<p><span style="font-size:20px;"><span style="font-family:verdana,geneva,sans-serif;">De la gr&aacute;fica de la funci&oacute;n&nbsp;<em>f</em>(<em>x</em>)&nbsp;<em>= x</em>&sup2;<em> &ndash; </em>4<em>x + </em>2 se deduce que:<i> a</i>&nbsp;= 1 y <em>b</em> = &ndash;4.</span></span></p>

<p></p>

<p style="text-align: center;"></p>

<p><span style="font-size:20px;"><span style="font-family:verdana,geneva,sans-serif;">Por lo tanto, los valores para la coordenada <em>x</em> de su v&eacute;rtice son, respectivamente:</span></span></p>

<p style="text-align: center;"><span style="font-size:20px;"><span style="font-family:verdana,geneva,sans-serif;"><img src="http://latex.codecogs.com/png.latex?%5Cdpi%7B120%7D%20%5Cfn_jvn%20x%20%3D%20-%5Cfrac%7Bb%7D%7B2a%7D" style="cursor: default; color: rgb(51, 51, 51); font-family: Verdana, Arial, sans-serif; font-size: 18px; text-align: center; background-color: rgb(255, 255, 255);" /></span></span></p>

<p style="text-align: center;"><span style="font-size:20px;"><span style="font-family:verdana,geneva,sans-serif;"><img src="http://latex.codecogs.com/png.latex?%5Cdpi%7B120%7D%20%5Cfn_jvn%20x%20%3D%20-%5Cfrac%7B-4%7D%7B2%281%29%7D" /></span></span></p>

<div></div>

<p style="text-align: center;"><span style="font-size:20px;"><span style="font-family:verdana,geneva,sans-serif;">&nbsp;&nbsp;<img src="http://latex.codecogs.com/png.latex?%5Cdpi%7B120%7D%20%5Cfn_jvn%20x%20%3D%20%5Cfrac%7B4%7D%7B2%7D%20%3D%202" /></span></span></p>

<p><span style="font-size:20px;"><span style="font-family:verdana,geneva,sans-serif;">Para la coordenada&nbsp;<em>y</em> se tendr&iacute;a:</span></span></p>

<p style="text-align: center;"><span style="font-size:20px;"><span style="font-family:verdana,geneva,sans-serif;"><img src="http://latex.codecogs.com/png.latex?%5Cdpi%7B120%7D%20%5Cfn_jvn%20y%20%3D%20f%5Cleft%20%28%20-%5Cfrac%7Bb%7D%7B2a%7D%20%5Cright%20%29" style="cursor: default; color: rgb(51, 51, 51); font-family: Verdana, Arial, sans-serif; font-size: 18px; text-align: center; background-color: rgb(255, 255, 255);" /></span></span></p>

<p style="text-align: center;"><span style="font-size:20px;"><span style="font-family:verdana,geneva,sans-serif;"><em>y</em> = <em>f</em>(2) = (2)2 &ndash; 4(2) + 2</span></span></p>

<p style="text-align: center;"><span style="font-size:20px;"><span style="font-family:verdana,geneva,sans-serif;"><em>y</em> = <em>f</em>(2) = 4 <span style="text-align: center;">&ndash;</span> 8 + 2</span></span></p>

<p style="text-align: center;"><span style="font-size:20px;"><span style="font-family:verdana,geneva,sans-serif;"><em>y</em> = <em>f</em>(2) = <span style="text-align: center;">&ndash;</span>2&nbsp; &nbsp; &nbsp; &nbsp; &nbsp;&nbsp;</span></span></p>

<div></div>

<div>
<div></div>

<p></p>
</div>

<p><span style="font-size:20px;"><span style="font-family:verdana,geneva,sans-serif;">Se tiene entonces que las coordenada del v&eacute;rtice son (2, &ndash;2).</span></span></p>
]]></description>
<images>
<image path="MA_10_01_CO_REC220_IMG11n.jpg" border = "0" pathbig="MA_10_01_CO_REC220_IMG11a.jpg">
<title></title>
</image>
</images>
</page>
</pages>
</section><section i="0" star="false" hasSubsections="false">
<menuImage path="MA_10_01_CO_REC220_IMG03.jpg" border="1">
<title><![CDATA[Exponencial]]></title>
</menuImage>
<pages>
<page i="0" visible="true" color="">
<title>Función exponencial</title>
<description><![CDATA[<p><span style="font-size:20px;"><span style="font-family:verdana,geneva,sans-serif;">Las funciones exponenciales permiten solucionar situaciones como la que a continuaci&oacute;n se presenta:</span></span></p>

<p></p>

<p><strong><span style="font-size:20px;"><span style="font-family:verdana,geneva,sans-serif;">Una poblaci&oacute;n de 200 bacterias experimenta un crecimiento exponencial que aumenta de acuerdo con la f&oacute;rmula</span></span></strong></p>

<p style="text-align: center;"><strong><span style="font-size:20px;"><span style="font-family:verdana,geneva,sans-serif;"><em>n</em>(<em>t</em>) = <em>n</em><sub>0</sub><em>e<sup>rt</sup></em></span></span></strong></p>

<p><strong><span style="font-size:20px;"><span style="font-family:verdana,geneva,sans-serif;">donde <em>r</em> corresponde a la tasa de crecimiento y <em>t</em> al tiempo que transcurre.</span></span></strong></p>

<p><strong><span style="font-size:20px;"><span style="font-family:verdana,geneva,sans-serif;">Si se tiene una tasa relativa de crecimiento de&nbsp;30 %, &iquest;cu&aacute;l es el conteo de bacterias despu&eacute;s de 5 horas?</span></span></strong></p>

<p></p>

<p><span style="font-size:20px;"><span style="font-family:verdana,geneva,sans-serif;">En este caso el conteo de bater&iacute;as va aumentando a medida que el n&uacute;mero de horas avanza&nbsp;presentando un crecimiento exponencial.</span></span></p>

<p></p>

<p><span style="font-size:20px;"><span style="font-family:verdana,geneva,sans-serif;">Esta y otras tantas situaciones como la inversi&oacute;n a una tasa de inter&eacute;s compuesto durante determinado tiempo, el n&uacute;mero de bacterias de un cultivo, el crecimiento de una poblaci&oacute;n, la exposici&oacute;n a sustancias radiactivas, etc., permiten ser modeladas con una funci&oacute;n exponencial.</span></span>&nbsp;</p>
]]></description>
<images>
<image path="MA_10_01_CO_REC220_IMG12n.jpg" border = "0" pathbig="MA_10_01_CO_REC220_IMG12a.jpg">
<title></title>
</image>
</images>
</page>
<page i="0" visible="true" color="">
<title>Función exponencial</title>
<description><![CDATA[<p><span style="font-size:20px;"><span style="font-family:verdana,geneva,sans-serif;">Funciones como por ejemplo:</span></span></p>

<p style="text-align: center;"><span style="font-size:20px;"><span style="font-family:verdana,geneva,sans-serif;"><em>f</em>(<em>x</em>) = &ndash;3<sup><em>x</em></sup></span></span></p>

<p style="text-align: center;"><span style="font-size:20px;"><span style="font-family:verdana,geneva,sans-serif;"><em>g</em>(<em>x</em>) = <em>e<sup>x</sup></em></span></span></p>

<p style="text-align: center;"><span style="font-size:20px;"><span style="font-family:verdana,geneva,sans-serif;"><em>t</em>(<em>x</em>) = 2<sup><em>x</em></sup> + 3</span></span></p>

<p style="text-align: center;"><span style="font-size:20px;"><span style="font-family:verdana,geneva,sans-serif;"><em>m</em>(<em>x</em>) = 8<em>e</em><sup>2<em>x</em></sup></span></span></p>

<p><span style="font-size:20px;"><span style="font-family:verdana,geneva,sans-serif;">son funciones exponenciales que pertenecen al grupo de funciones trascendentes.</span></span></p>

<p></p>

<p><span style="font-size:20px;"><span style="font-family:verdana,geneva,sans-serif;">En este caso las funciones son de la forma <em>f</em>(<em>x</em>)<em> = a<sup>x</sup></em>, donde <em>x</em> es la variable, <em>a</em> es una constante diferente de 1.</span></span></p>

<p></p>

<p><span style="font-size:20px;"><span style="font-family:verdana,geneva,sans-serif;">Como caso particular </span></span><span style="font-family: verdana, geneva, sans-serif; font-size: 20px;">se tiene&nbsp;</span><span style="font-size:20px;"><span style="font-family:verdana,geneva,sans-serif;">la forma que toma la gr&aacute;fica de la funci&oacute;n exponencial:</span></span></p>

<ul>
	<li><span style="font-size:20px;"><span style="font-family:verdana,geneva,sans-serif;">Si <em>a &gt; </em>1 la gr&aacute;fica es creciente.</span></span></li>
	<li><span style="font-size:20px;"><span style="font-family:verdana,geneva,sans-serif;">Si <em>0 &lt; a &lt; </em>1 la gr&aacute;fica es decreciente.</span></span></li>
</ul>

<p></p>

<p><span style="font-size:20px;"><span style="font-family:verdana,geneva,sans-serif;">Cualquier n&uacute;mero positivo puede tomarse como base para trabajar la funci&oacute;n exponencial, pero en particular se puede trabajar el n&uacute;mero <em>e</em> definido como el valor al que tiende la expresi&oacute;n <span class="math-tex">\( (1 + {1 \over n})^n \)</span>cada vez que se dan valores a <em>n</em> m&aacute;s grandes. Al trabajar la funci&oacute;n exponencial con base <em>e</em>,&nbsp;esta </span></span><span style="font-family: verdana, geneva, sans-serif; font-size: 20px;">se conoce&nbsp;</span><span style="font-size:20px;"><span style="font-family:verdana,geneva,sans-serif;">como funci&oacute;n exponencial natural.&nbsp;</span></span></p>
]]></description>
<images>
<image path="MA_10_01_CO_REC220_IMG13_FICHA.jpg" border = "0" pathbig="MA_10_01_CO_REC220_IMG13a.jpg">
<title></title>
</image>
</images>
</page>
</pages>
</section><section i="0" star="false" hasSubsections="false">
<menuImage path="MA_10_01_CO_REC220_IMG04.jpg" border="1">
<title><![CDATA[Logarítmica]]></title>
</menuImage>
<pages>
<page i="0" visible="true" color="">
<title>Función logarítmica</title>
<description><![CDATA[<p><span style="font-size:20px;"><span style="font-family:verdana,geneva,sans-serif;">Las funciones logar&iacute;tmicas permiten solucionar situaciones como la que a continuaci&oacute;n se presenta:</span></span></p>

<p></p>

<p><strong><span style="font-size:20px;"><span style="font-family:verdana,geneva,sans-serif;">En 1880 un terremoto&nbsp;present&oacute; una magnitud de 5,4 en la escala de Richter; un a&ntilde;o despu&eacute;s se produjo,&nbsp;en la misma ciudad, un terremoto de magnitud 7,2. &iquest;Cu&aacute;ntas veces m&aacute;s fuerte fue el segundo terremoto que el primero?</span></span></strong></p>

<p></p>

<p><span style="font-size:20px;"><span style="font-family:verdana,geneva,sans-serif;">Para esta situaci&oacute;n se tiene la magnitud de un terremoto a partir de la ecuaci&oacute;n:</span></span></p>

<p></p>

<p align="center"><span class="math-tex">\(M = log{I \over S} \)</span></p>

<p><span style="font-size:20px;"><span style="font-family:verdana,geneva,sans-serif;">donde <em>I</em><strong><em> </em></strong>corresponde a la intensidad y <em>S</em> a la intensidad de un terremoto est&aacute;ndar. Dicha ecuaci&oacute;n fue planteada por Charles Richter, ge&oacute;logo a quien se debe la escala utilizada actualmente.</span></span></p>

<p></p>
<span style="font-size:20px;"><span style="font-family:verdana,geneva,sans-serif;">Esta y otras tantas situaciones como la concentraci&oacute;n de iones en una muestra, la inversi&oacute;n a una tasa de inter&eacute;s compuesto durante determinado tiempo, la lectura del pH en una muestra, la intensidad del sonido, etc., permiten ser modeladas mediante una funci&oacute;n logar&iacute;tmica.&nbsp;</span></span>]]></description>
<images>
<image path="MA_10_01_CO_REC220_IMG14n.jpg" border = "0" pathbig="MA_10_01_CO_REC220_IMG14a.jpg">
<title></title>
</image>
</images>
</page>
<page i="0" visible="true" color="">
<title>Función logarítmica</title>
<description><![CDATA[<p><span style="font-size:20px;"><span style="font-family:verdana,geneva,sans-serif;">Funciones como por ejemplo:</span></span></p>

<p style="text-align: center;"><span style="font-size:20px;"><span style="font-family:verdana,geneva,sans-serif;"><em>f</em>(<em>x</em>) = log<em>x</em></span></span></p>

<p style="text-align: center;"><span style="font-size:20px;"><span style="font-family:verdana,geneva,sans-serif;"><em>g</em>(<em>x</em>) = log<sub>2</sub><em>x</em></span></span></p>

<p style="text-align: center;"><span style="font-size:20px;"><span style="font-family:verdana,geneva,sans-serif;"><em>t</em>(<em>x</em>) = log<sub>2</sub>(<em>x</em> + 4)</span></span></p>

<p style="text-align: center;"><span style="font-size:20px;"><span style="font-family:verdana,geneva,sans-serif;"><em>m</em>(<em>x</em>) = 2 + log<em>x</em></span></span></p>

<p><span style="font-size:20px;"><span style="font-family:verdana,geneva,sans-serif;">son funciones logar&iacute;tmicas que pertenecen al grupo de funciones trascendentes.</span></span></p>

<p></p>

<p></p>

<p><span style="font-size:20px;"><span style="font-family:verdana,geneva,sans-serif;">En este caso las funciones <em>f</em>(<em>x</em>), <em>g</em>(<em>x</em>), <em>t</em>(<em>x</em>) y <em>m</em>(<em>x</em>),&nbsp;son de la forma <em>f</em>(<em>x</em>)<em> = log<sub>a</sub> x</em>, donde <em>x</em> es la variable y&nbsp;<em>a</em> es una constante diferente de 1.</span></span></p>

<p></p>

<p><span style="font-size:20px;"><span style="font-family:verdana,geneva,sans-serif;">Se tiene como caso particular la relaci&oacute;n entre notaci&oacute;n exponencial y logar&iacute;tmica de la siguiente forma:</span></span></p>

<p style="text-align: center;"><span style="font-size:20px;"><span style="font-family:verdana,geneva,sans-serif;"><em>a<sup>y</sup></em> = <em>x</em> </span></span><span style="color: rgb(0, 0, 0); font-family: Verdana; line-height: 23.4px;">&harr;</span><span style="font-size:20px;"><span style="font-family:verdana,geneva,sans-serif;">&nbsp;log<em><sub>a</sub>x</em> = <em>y</em></span></span></p>

<p><span style="font-size:20px;"><span style="font-family:verdana,geneva,sans-serif;">Por lo tanto, se puede decir que en la notaci&oacute;n logar&iacute;tmica se busca conocer el exponente al cual se debe elevar <em>a</em> para obtener <em>x</em>.&nbsp;</span></span></p>
]]></description>
<images>
<image path="MA_10_01_CO_REC220_IMG15n.jpg" border = "0" pathbig="MA_10_01_CO_REC220_IMG15a.jpg">
<title></title>
</image>
</images>
</page>
</pages>
</section><section i="0" star="false" hasSubsections="false">
<menuImage path="MA_10_01_CO_REC220_IMG05.jpg" border="1">
<title><![CDATA[Cúbica]]></title>
</menuImage>
<pages>
<page i="0" visible="true" color="">
<title>Función cúbica</title>
<description><![CDATA[<p><span style="font-size:20px;"><span style="font-family:verdana,geneva,sans-serif;">Las funciones c&uacute;bicas permiten modelar situaciones como la que a continuaci&oacute;n se presenta:</span></span></p>

<p><strong><span style="font-size:20px;"><span style="font-family:verdana,geneva,sans-serif;">En una f&aacute;brica se tienen l&aacute;minas de 20 cm de largo por 10 cm de ancho y se desea hacer&nbsp;con ellas cajas rectangulares, por lo que se recortar&aacute;n cuadrados iguales de lado x en cada esquina para doblar los lados.</span></span></strong></p>

<p></p>

<p><span style="font-size:20px;"><span style="font-family:verdana,geneva,sans-serif;">En este caso la expresi&oacute;n que representa el volumen de la caja en funci&oacute;n del lado <em>x</em> corresponde a una funci&oacute;n cubica:</span></span></p>

<p style="text-align: center;"><span style="font-size:20px;"><span style="font-family:verdana,geneva,sans-serif;"><em>f</em>(<em>x</em>) = 4<em>x</em><sup>3</sup> &ndash; 60<em>x</em><sup>2</sup> + 200<em>x</em></span></span></p>

<p></p>

<p><span style="font-size:20px;"><span style="font-family:verdana,geneva,sans-serif;">Esta y otras tantas situaciones como la relaci&oacute;n de vol&uacute;menes, crecimiento de una persona, la intensidad de los vientos y su tiempo de duraci&oacute;n y, en particular, situaciones del campo de la f&iacute;sica, permiten ser modeladas con una funci&oacute;n c&uacute;bica.&nbsp;</span></span></p>
]]></description>
<images>
<image path="MA_10_01_CO_REC220_IMG16_FICHA.jpg" border = "0" pathbig="MA_10_01_CO_REC220_IMG16_FICHA_big.jpg">
<title></title>
</image>
</images>
</page>
<page i="0" visible="true" color="">
<title>Función cúbica</title>
<description><![CDATA[<p><span style="font-size:20px;"><span style="font-family:verdana,geneva,sans-serif;">Funciones como por ejemplo:</span></span></p>

<p style="text-align: center;"><span style="font-size:20px;"><span style="font-family:verdana,geneva,sans-serif;"><em>f</em>(<em>x</em>) = <em>x</em><sup>3</sup></span></span></p>

<p style="text-align: center;"><span style="font-size:20px;"><span style="font-family:verdana,geneva,sans-serif;"><em>g</em>(<em>x</em>) = 5<em>x</em><sup>3</sup> + 1</span></span></p>

<p style="text-align: center;"><span style="font-size:20px;"><span style="font-family:verdana,geneva,sans-serif;"><em>t</em>(<em>x</em>) = &ndash;<em>x</em><sup>3</sup> &ndash; 2</span></span></p>

<p></p>

<p><span style="font-size:20px;"><span style="font-family:verdana,geneva,sans-serif;">son funciones c&uacute;bicas que pertenecen al grupo de funciones polin&oacute;micas de tercer grado.</span></span></p>

<p></p>

<p><span style="font-size:20px;"><span style="font-family:verdana,geneva,sans-serif;">En este caso las funciones <em>f</em>(<em>x</em>), <em>g</em>(x) y <em>t</em>(<em>x</em>), son de la forma <em>f</em>(<em>x</em>)<em> = ax</em><sup>3</sup><em><sup>&nbsp;</sup>+ bx</em><sup>2</sup><em><sup>&nbsp;</sup>+ cx + d</em>, donde <em>x</em> es la variable, <em>a, b, c</em> y<em> d</em> son constantes.</span></span></p>

<p></p>

<p><span style="font-size:20px;"><span style="font-family:verdana,geneva,sans-serif;">La funci&oacute;n c&uacute;bica se puede obtener a partir de la tabulaci&oacute;n de datos.&nbsp;</span></span></p>
]]></description>
<images>
<image path="MA_10_01_CO_REC220_IMG17n.jpg" border = "0" pathbig="MA_10_01_CO_REC220_IMG17a.jpg">
<title></title>
</image>
</images>
</page>
</pages>
</section></sections>
</engine>