﻿<?xml version="1.0" encoding="utf-8"?>
<engine copy="Editorial Planeta" version="1" aprid="f13" title="Solución de problemas aditivos">
  <section title="Situaciones problemas" path="" pathAmp="" image1Text="" zoom1="false" zoom2a="false" zoom2b="false" layout="2"><![CDATA[<p><span style="font-size:20px">La soluci&oacute;n de problemas es una de las aplicaciones m&aacute;s importantes de las matem&aacute;ticas. Existen diversas estrategias&nbsp;para solucionar un problema,&nbsp;tales estrategias dependen de las habilidades para interpretar, analizar y aplicar los conceptos matem&aacute;ticos.</span></p>

<p><span style="font-size:20px">&nbsp;A continuaci&oacute;n se presenta una estrategia para&nbsp;solucionar tipos de problemas aditivos. </span></p>

<p><span style="font-size:20px">No es necesario que utilices siempre las mismas estrategias, pero guiate por los 4 pasos propuestos&nbsp;para poder solucionar la situaci&oacute;n final.</span></p>
]]></section>
  <section title="Situaciones aditivas" path="MA_06_03_CO_REC30_IMG01n.jpg" pathAmp="MA_06_03_CO_REC30_IMG01a.jpg" image1Text="" zoom1="true" zoom2a="false" zoom2b="false" layout="1"><![CDATA[<p><span style="font-size:20px">Lee el siguiente problema:</span></p>

<p><span style="font-size:20px">Despu&eacute;s de clases, dos amigas&nbsp;cuentan el dinero que les sobr&oacute; de las onces para comprar algo de comer.</span></p>

<p><span style="font-size:20px">Camila tiene $2 550&nbsp;y Valentina tiene $5 750. Valentina observa&nbsp;que hay&nbsp; un puesto de comidas r&aacute;pidas y que all&iacute;, un combo&nbsp;de hamburguesa cuesta&nbsp;$4&nbsp;300. </span></p>

<p><span style="font-size:20px">&iquest;Cu&aacute;nto dinero&nbsp;m&aacute;s&nbsp;deber&iacute;an&nbsp;tener para&nbsp;comprar dos combos?</span></p>

<p>&nbsp;</p>
]]></section>
  <section title="Comprende" path="MA_06_03_CO_REC30_IMG02n.jpg" pathAmp="MA_06_03_CO_REC30_IMG02a.jpg" image1Text="" zoom1="true" zoom2a="false" zoom2b="false" layout="0"><![CDATA[<p><span style="font-size:20px">Primero, hay que entender el problema.</span></p>

<ul>
	<li><span style="font-size:20px">Se puede ver que es un problema aditivo, es decir de suma o de resta.</span></li>
	<li><span style="font-size:20px">Se tienen&nbsp;ciertas cantidades y hay que&nbsp;sumarlas y compararlas con otra para determinar un valor final.</span></li>
</ul>

<p><span style="font-size:20px">Al&nbsp;organizar los datos se tiene que:</span></p>

<ul>
	<li><span style="font-size:20px">Dinero de Valentina &nbsp; &nbsp; &nbsp; &nbsp; &nbsp; &nbsp; &nbsp; $2 550</span></li>
	<li><span style="font-size:20px">Dinero de Camila &nbsp; &nbsp; &nbsp; &nbsp; &nbsp; &nbsp; &nbsp; &nbsp; &nbsp;$5 750</span></li>
	<li><span style="font-size:20px">Dinero necesario &nbsp; &nbsp; &nbsp; &nbsp; &nbsp; &nbsp; &nbsp; &nbsp; &nbsp;&nbsp;$4 300 por un combo</span></li>
</ul>

<p>&nbsp;</p>
]]></section>
  <section title="Idea un plan" path="MA_06_03_CO_REC30_IMG03n.jpg" pathAmp="MA_06_03_CO_REC30_IMG03a.jpg" image1Text="" zoom1="true" zoom2a="false" zoom2b="false" layout="0"><![CDATA[<p><span style="font-size:20px">El plan que utilizaremos es la parte esencial de la soluci&oacute;n del problema, podemos utilizar distintos instrumentos para esto, como: </span></p>

<ul>
	<li><span style="font-size:20px">verificar los datos con calculadora</span></li>
	<li><span style="font-size:20px">postular supuestos y comprobarlos</span></li>
	<li><span style="font-size:20px">identificar las operaciones necesarias, entre otros.</span></li>
</ul>

<p><span style="font-size:20px">En este caso podemos identificar que la soluci&oacute;n estar&aacute; dada entre la comparaci&oacute;n de: la suma del dinero de ambas compa&ntilde;eras y el dinero necesario para comprar los dos combos.</span></p>

<p style="text-align: center;"><span style="font-size:20px"><strong>Dinero total</strong> = Dinero Valentina + Dinero Camila</span></p>

<p style="text-align: center;"><span style="font-size:20px"><strong>Dinero necesario</strong> = 2 veces el valor de cada combo</span></p>

<p style="text-align: center;"><span style="font-size:20px"><strong>Dinero que falta</strong> = Dinero Necesario - Dinero Total</span></p>
]]></section>
  <section title="Ejecuta el plan " path="MA_06_03_CO_REC30_IMG04n.jpg" pathAmp="MA_06_03_CO_REC30_IMG04a.jpg" image1Text="" zoom1="true" zoom2a="false" zoom2b="false" layout="0"><![CDATA[<p><span style="font-size:20px"><strong>Ejecutar el plan</strong> es un proceso relativamente sencillo, si el plan&nbsp;est&aacute; bien estructurado;&nbsp;la mayor dificultad que podemos tener en este paso es cometer errores al operar as&iacute; que&nbsp;recuerda verificar varias veces las operaciones.</span></p>

<p><span style="font-size:20px">Para este caso tendr&iacute;amos que:</span></p>

<ul>
	<li><span style="font-size:20px">Dinero total: &nbsp; &nbsp; &nbsp; &nbsp; &nbsp; &nbsp; 2 550 + 5 750 = 8 300</span></li>
	<li><span style="font-size:20px">Dinero necesario: &nbsp; &nbsp; &nbsp;4 300 x 2 = 8 600</span></li>
	<li><span style="font-size:20px">Dinero que falta: &nbsp; &nbsp; &nbsp;&nbsp;8 600 - 8&nbsp;300 =&nbsp;300</span></li>
</ul>
]]></section>
  <section title="Contextualiza" path="MA_06_03_CO_REC30_IMG05n.jpg" pathAmp="MA_06_03_CO_REC30_IMG05a.jpg" image1Text="" zoom1="true" zoom2a="false" zoom2b="false" layout="0"><![CDATA[<p><span style="font-size:20px">Despu&eacute;s de realizar&nbsp;las operaciones&nbsp;se obtiene una cantidad (n&uacute;mero) como resultado, pero esta no nos dice nada a menos que <strong>contextualicemos</strong> la respuesta en la situaci&oacute;n y verifiquemos que hay una relaci&oacute;n entre los valores.</span></p>

<p><span style="font-size:20px">Finalmente, el 300 que obtuvimos es en realidad el dinero que faltaba.</span></p>

<p><span style="font-size:20px">Debemos verificar si tiene sentido que les falte $300 a las ni&ntilde;as. </span></p>

<p><span style="font-size:20px">Adem&aacute;s en esta fase podemos preguntarnos si siempre le faltar&aacute;, y que condiciones deber&iacute;an darse para que esto pase, entre otras cosas.</span></p>
]]></section>
  <section title="A trabajar..." path="MA_06_03_CO_REC30_IMG06n.jpg" pathAmp="MA_06_03_CO_REC30_IMG06a.jpg" image1Text="" zoom1="true" zoom2a="false" zoom2b="false" layout="0"><![CDATA[<p><span style="font-size:20px">Ahora que ya sabes como resolver problemas, intenta aplicar estos pasos con las siguientes situaciones:</span></p>

<p><span style="font-size:20px">1.&nbsp;Para que n&uacute;mero se cumple que :</span></p>

<p><span style="font-size:20px">&nbsp; &nbsp; &nbsp; &nbsp; 54 +__ -32 = 54 + 23</span></p>

<p>&nbsp;</p>

<p><span style="font-size:20px">2.&nbsp;Jorge fue a comprar 2&nbsp;bolsas de leche que cuestan $2 500 cada una, 5 huevos por un valor de $1 500 y una libra&nbsp;de harina que cuesta $2 000. Si &eacute;l pag&oacute; con un&nbsp;billete de $20 000,&nbsp;&iquest;cu&aacute;nto dinero le devuelven?</span></p>
]]></section>
</engine>