﻿<?xml version="1.0" encoding="utf-8"?>
<motor tipo="6" clase="a" aprid="m6a">
  <plataforma>
    <grado><![CDATA[2]]></grado>
    <titulo>Identifica errores en las expresiones de potenciación</titulo>
    <area>0</area>
    <nivel>2</nivel>
    <referencia />
    <idreg><![CDATA[0]]></idreg>
    <motor><![CDATA[M6A]]></motor>
    <lang>es</lang>
  </plataforma>
  <enunciado><![CDATA[Efectúa correctamente las operaciones y escribe la respuesta.]]></enunciado>
  <masinfo inicio="0"><![CDATA[Ten en cuenta que ni el procedimiento ni las respuestas de algunas operaciones están correctas. Corrígelas y escribe las respuestas 100, 500, 2000, 1100, -100, 10, 1, 800 donde corresponden.]]></masinfo>
  <sinaleatoriedad><![CDATA[0]]></sinaleatoriedad>
  <calc><![CDATA[0]]></calc>
  <test cantidad="10">
    <cuestion correccionSinMayusculas="1" correccionSinPuntuacion="0" correccionSinPuntuacionFinal="0">
      <enunciado><![CDATA[Escribe la respuesta correcta.]]></enunciado>
      <explicacion><![CDATA[10{{sup}}2{{normal}} = 10 × 10 = 100]]></explicacion>
      <unidades />
      <imagen><![CDATA[MA_09_02_CO_REC40_F01n.png]]></imagen>
      <ampliacion><![CDATA[MA_09_02_CO_REC40_F01a.png]]></ampliacion>
      <respuestas>
        <respuesta contestacion="100" mostrar="1" />
      </respuestas>
    </cuestion>
    <cuestion correccionSinMayusculas="1" correccionSinPuntuacion="0" correccionSinPuntuacionFinal="0">
      <enunciado><![CDATA[Escribe la respuesta correcta.]]></enunciado>
      <explicacion><![CDATA[10{{sup}}2{{normal}} = 100]]></explicacion>
      <unidades />
      <imagen><![CDATA[MA_09_02_CO_REC40_F02n.png]]></imagen>
      <ampliacion><![CDATA[MA_09_02_CO_REC40_F02a.png]]></ampliacion>
      <respuestas>
        <respuesta contestacion="10" mostrar="1" />
      </respuestas>
    </cuestion>
    <cuestion correccionSinMayusculas="1" correccionSinPuntuacion="0" correccionSinPuntuacionFinal="0">
      <enunciado><![CDATA[Escribe la respuesta correcta.]]></enunciado>
      <explicacion><![CDATA[Todo número elevado al exponente 0 es igual a 1. ]]></explicacion>
      <unidades />
      <imagen><![CDATA[MA_09_02_CO_REC40_F03n.png]]></imagen>
      <ampliacion><![CDATA[MA_09_02_CO_REC40_F03a.png]]></ampliacion>
      <respuestas>
        <respuesta contestacion="1" mostrar="1" />
      </respuestas>
    </cuestion>
    <cuestion correccionSinMayusculas="1" correccionSinPuntuacion="0" correccionSinPuntuacionFinal="0">
      <enunciado><![CDATA[Escribe la respuesta correcta.]]></enunciado>
      <explicacion><![CDATA[-(10){{sup}}2{{normal}} = - (10 × 10) = -100]]></explicacion>
      <unidades />
      <imagen><![CDATA[MA_09_02_CO_REC40_F04n.png]]></imagen>
      <ampliacion><![CDATA[MA_09_02_CO_REC40_F04a.png]]></ampliacion>
      <respuestas>
        <respuesta contestacion="-100" mostrar="1" />
      </respuestas>
    </cuestion>
    <cuestion correccionSinMayusculas="1" correccionSinPuntuacion="0" correccionSinPuntuacionFinal="0">
      <enunciado><![CDATA[Escribe la respuesta correcta.]]></enunciado>
      <explicacion><![CDATA[(-10){{sup}}2{{normal}} = (-10) × (-10) = 100]]></explicacion>
      <unidades />
      <imagen><![CDATA[MA_09_02_CO_REC40_F05n.png]]></imagen>
      <ampliacion><![CDATA[MA_09_02_CO_REC40_F05a.png]]></ampliacion>
      <respuestas>
        <respuesta contestacion="100" mostrar="1" />
      </respuestas>
    </cuestion>
    <cuestion correccionSinMayusculas="1" correccionSinPuntuacion="0" correccionSinPuntuacionFinal="0">
      <enunciado><![CDATA[Escribe la respuesta correcta.]]></enunciado>
      <explicacion><![CDATA[10{{sup}}2{{normal}} + 10{{sup}}3{{normal}} = 100 + 1000 = 1100]]></explicacion>
      <unidades />
      <imagen><![CDATA[MA_09_02_CO_REC40_F06n.png]]></imagen>
      <ampliacion><![CDATA[MA_09_02_CO_REC40_F06a.png]]></ampliacion>
      <respuestas>
        <respuesta contestacion="1100" mostrar="1" />
        <respuesta contestacion="1.100" mostrar="0" />
        <respuesta contestacion="1 100" mostrar="0" />
      </respuestas>
    </cuestion>
    <cuestion correccionSinMayusculas="1" correccionSinPuntuacion="0" correccionSinPuntuacionFinal="0">
      <enunciado><![CDATA[Escribe la respuesta correcta.]]></enunciado>
      <explicacion><![CDATA[10{{sup}}3{{normal}}/10 = 10{{sup}}2{{normal}} = 100]]></explicacion>
      <unidades />
      <imagen><![CDATA[MA_09_02_CO_REC40_F07n.png]]></imagen>
      <ampliacion><![CDATA[MA_09_02_CO_REC40_F07a.png]]></ampliacion>
      <respuestas>
        <respuesta contestacion="100" mostrar="1" />
      </respuestas>
    </cuestion>
    <cuestion correccionSinMayusculas="1" correccionSinPuntuacion="0" correccionSinPuntuacionFinal="0">
      <enunciado><![CDATA[Escribe la respuesta correcta.]]></enunciado>
      <explicacion><![CDATA[8 × 10{{sup}}2{{normal}} = 8 × 100 = 800]]></explicacion>
      <unidades />
      <imagen><![CDATA[MA_09_02_CO_REC40_F08n.png]]></imagen>
      <ampliacion><![CDATA[MA_09_02_CO_REC40_F08a.png]]></ampliacion>
      <respuestas>
        <respuesta contestacion="800" mostrar="0" />
      </respuestas>
    </cuestion>
    <cuestion correccionSinMayusculas="1" correccionSinPuntuacion="0" correccionSinPuntuacionFinal="0">
      <enunciado><![CDATA[Escribe la respuesta correcta.]]></enunciado>
      <explicacion><![CDATA[2 × 10{{sup}}3{{normal}} = 2 × 1000 = 2000]]></explicacion>
      <unidades />
      <imagen><![CDATA[MA_09_02_CO_REC40_F09n.png]]></imagen>
      <ampliacion><![CDATA[MA_09_02_CO_REC40_F09a.png]]></ampliacion>
      <respuestas>
        <respuesta contestacion="2000" mostrar="1" />
        <respuesta contestacion="2 000" mostrar="0" />
        <respuesta contestacion="2.000" mostrar="0" />
      </respuestas>
    </cuestion>
    <cuestion correccionSinMayusculas="1" correccionSinPuntuacion="0" correccionSinPuntuacionFinal="0">
      <enunciado><![CDATA[Escribe la respuesta correcta.]]></enunciado>
      <explicacion><![CDATA[½ x 10{{sup}}3{{normal}} = 0,5 × 1000 = 500]]></explicacion>
      <unidades />
      <imagen><![CDATA[MA_09_02_CO_REC40_F10n_a.png]]></imagen>
      <ampliacion><![CDATA[MA_09_02_CO_REC40_F10a_a.png]]></ampliacion>
      <respuestas>
        <respuesta contestacion="500" mostrar="0" />
      </respuestas>
    </cuestion>
  </test>
  <temps>10</temps>
</motor>