﻿<?xml version="1.0" encoding="UTF-8"?><motor tipo="9" clase="b" aprid="M9b"><plataforma><grado><![CDATA[1]]></grado><titulo>Practica la representación de puntos en el plano</titulo><area>3</area><nivel>2</nivel><referencia><![CDATA[MT_3C_25_12]]></referencia><idreg><![CDATA[1047]]></idreg><motor><![CDATA[M9B]]></motor><lang>es</lang></plataforma><enunciado><![CDATA[Indica las coordenadas de los siguientes puntos del plano cartesiano.]]></enunciado><masinfo inicio="0" /><calc>1</calc><imagen><![CDATA[MT_3C_25_12.jpg]]></imagen><ampliacion><![CDATA[MT_3C_25_12_500.jpg]]></ampliacion><sonido /><textoatexto cantidad="6"><cuestion><pregunta>1</pregunta><respuesta><![CDATA[(–4, 1)]]></respuesta></cuestion><cuestion><pregunta>2</pregunta><respuesta><![CDATA[(–3, –2)]]></respuesta></cuestion><cuestion><pregunta>3</pregunta><respuesta><![CDATA[(3, –3)]]></respuesta></cuestion><cuestion><pregunta>4</pregunta><respuesta><![CDATA[(1,1)]]></respuesta></cuestion><cuestion><pregunta>5</pregunta><respuesta><![CDATA[(–5, –3)]]></respuesta></cuestion><cuestion><pregunta>6</pregunta><respuesta><![CDATA[(–6, 3)]]></respuesta></cuestion></textoatexto></motor>