﻿<?xml version="1.0" encoding="UTF-8"?><engine copy="Editorial Planeta" version="1" aprid="f1"><css><![CDATA[.defaultCSSBox2 {
	background: #000000;
}
.defaultCSSBox3 {
	background: #ffffff;
}
.popupbox {
	-webkit-border-radius: 10px;
    -moz-border-radius: 10px;
    border-radius: 10px;
    border:2px solid #000000;
    background-color:#FFFFFF;
}
.tabla01 {
  border-collapse: collapse;
}

.tabla01 td {
  border: 2px solid black;
  padding: 2px;
  text-align: center;
  font-family:verdana,geneva,sans-serif
}]]></css><pantallas><pantalla id="pantalla_5"><event id="onPrepare" language="DO"><![CDATA[]]></event><event id="onShown" language="DO"><![CDATA[]]></event><components><component _type="_compAnimatedGIF" id="animgif_34" x="91" y="118" width="212" height="182" alpha="1" visible="1" enabled="1" cssClass="" adjustMode="4" alignMode="0" image="data/imagenes/clip0198p.gif" anim="data/imagenes/clip0198.gif" autoplay="1" /><component _type="_compRoundButton" id="roundbutton_44" x="107" y="295" width="191" height="43" alpha="1" visible="1" enabled="1" cssClass="roundTextButton" group="-1"><content><![CDATA[Tetraedro

  
 ]]></content><event id="onClick" language="DO"><![CDATA[uiobject_set(rootSlider,"current",1)]]></event></component><component _type="_compRichText" id="texto_126" x="78" y="53" width="794" height="105" alpha="1" visible="1" enabled="1" scrollable="1"><content><![CDATA[<p style="text-align:center"><span style="font-size:30px"><span style="font-family:georgia,serif"> Tipos de poliedros regulares
  </span></span></p>
]]></content></component><component _type="_compAnimatedGIF" id="animgif_13" x="91" y="348" width="212" height="182" alpha="1" visible="1" enabled="1" cssClass="" adjustMode="4" alignMode="0" image="data/imagenes/clip0200p.gif" anim="data/imagenes/clip0200.gif" autoplay="1" /><component _type="_compAnimatedGIF" id="animgif_14" x="651" y="118" width="212" height="182" alpha="1" visible="1" enabled="1" cssClass="" adjustMode="4" alignMode="0" image="data/imagenes/clip0199p.gif" anim="data/imagenes/clip0199.gif" autoplay="1" /><component _type="_compRoundButton" id="roundbutton_15" x="667" y="295" width="191" height="43" alpha="1" visible="1" enabled="1" cssClass="roundTextButton" group="-1"><content><![CDATA[Hexaedro


  
 ]]></content><event id="onClick" language="DO"><![CDATA[uiobject_set(rootSlider,"current",2)]]></event></component><component _type="_compAnimatedGIF" id="animgif_16" x="651" y="348" width="212" height="182" alpha="1" visible="1" enabled="1" cssClass="" adjustMode="4" alignMode="0" image="data/imagenes/clip0201p.gif" anim="data/imagenes/clip0201.gif" autoplay="1" /><component _type="_compRoundButton" id="roundbutton_17" x="667" y="535" width="191" height="43" alpha="1" visible="1" enabled="1" cssClass="roundTextButton" group="-1"><content><![CDATA[Dodecaedro

  
 ]]></content><event id="onClick" language="DO"><![CDATA[uiobject_set(rootSlider,"current",4)]]></event></component><component _type="_compRoundButton" id="roundbutton_12" x="107" y="535" width="191" height="43" alpha="1" visible="1" enabled="1" cssClass="roundTextButton" group="-1"><content><![CDATA[Octaedro

  
 ]]></content><event id="onClick" language="DO"><![CDATA[uiobject_set(rootSlider,"current",3)]]></event></component><component _type="_compAnimatedGIF" id="animgif_191" x="376" y="230" width="212" height="182" alpha="1" visible="1" enabled="1" cssClass="" adjustMode="4" alignMode="0" image="data/imagenes/clip0259p.jpg" anim="data/imagenes/clip0259.gif" autoplay="1" /><component _type="_compRoundButton" id="roundbutton_192" x="392" y="417" width="191" height="43" alpha="1" visible="1" enabled="1" cssClass="roundTextButton" group="-1"><content><![CDATA[Icosaedro
  

  
 ]]></content><event id="onClick" language="DO"><![CDATA[uiobject_set(rootSlider,"current",5)]]></event></component></components><animaciones></animaciones></pantalla><pantalla id="pantalla_18"><event id="onPrepare" language="DO"><![CDATA[]]></event><event id="onShown" language="DO"><![CDATA[]]></event><components><component _type="_compSlider" id="diaporama_77" x="0" y="0" width="950" height="608" alpha="1" visible="1" enabled="1" transMode="1" /><component _type="_compSliderNav" id="slidernav_122" x="45" y="526" width="162" height="37" alpha="1" visible="1" enabled="1" sliderId="diaporama_77" showHome="1" whiteButtons="0" mode="1" /><component _type="_compIconButton" id="iconbutton_34" x="46" y="526" width="37" height="37" alpha="1" visible="1" enabled="1" cssClass="iconHomeButton" group="-1"><event id="onClick" language="DO"><![CDATA[uiobject_set(rootSlider,"current",0)]]></event></component></components><animaciones></animaciones><slider id="diaporama_77"><pantalla id="pantalla_23"><event id="onPrepare" language="DO"><![CDATA[]]></event><event id="onShown" language="DO"><![CDATA[]]></event><components><component _type="_compRichText" id="texto_126" x="101" y="57" width="747" height="84" alpha="1" visible="1" enabled="1" scrollable="1"><content><![CDATA[<p style="text-align:center"><span style="font-size:23px"><span style="font-family:verdana,geneva,sans-serif">El tetraedro
 </span></span></p>
]]></content></component><component _type="_compAnimatedGIF" id="animgif_34" x="275" y="157" width="399" height="373" alpha="1" visible="1" enabled="1" cssClass="" adjustMode="4" alignMode="0" image="data/imagenes/clip0198p.gif" anim="data/imagenes/clip0198.gif" autoplay="1" /></components><animaciones></animaciones></pantalla><pantalla id="pantalla_27"><event id="onPrepare" language="DO"><![CDATA[]]></event><event id="onShown" language="DO"><![CDATA[]]></event><components><component _type="_compRichText" id="texto_47" x="106" y="132" width="352" height="365" alpha="1" visible="1" enabled="1" scrollable="1"><content><![CDATA[<p><span style="font-size:20px"><span style="font-family:verdana,geneva,sans-serif">El tetraedro es un poliedro de cuatro caras; es regular ya que todas sus caras y sus &aacute;ngulos son iguales. Tambi&eacute;n se puede decir que forma una pir&aacute;mide de base triangular. Tiene seis aristas y cuatro v&eacute;rtices.<!--</span--></span></span></p>
]]></content></component><component _type="_compAnimatedGIF" id="animgif_34" x="522" y="140" width="352" height="364" alpha="1" visible="1" enabled="1" cssClass="" adjustMode="4" alignMode="0" image="data/imagenes/clip0198p.gif" anim="data/imagenes/clip0198.gif" autoplay="1" /></components><animaciones></animaciones></pantalla></slider></pantalla><pantalla id="pantalla_31"><event id="onPrepare" language="DO"><![CDATA[]]></event><event id="onShown" language="DO"><![CDATA[]]></event><components><component _type="_compSlider" id="diaporama_77" x="0" y="0" width="950" height="608" alpha="1" visible="1" enabled="1" transMode="1" /><component _type="_compSliderNav" id="slidernav_122" x="45" y="526" width="162" height="37" alpha="1" visible="1" enabled="1" sliderId="diaporama_77" showHome="1" whiteButtons="0" mode="1" /><component _type="_compIconButton" id="iconbutton_34" x="46" y="526" width="37" height="37" alpha="1" visible="1" enabled="1" cssClass="iconHomeButton" group="-1"><event id="onClick" language="DO"><![CDATA[uiobject_set(rootSlider,"current",0)]]></event></component></components><animaciones></animaciones><slider id="diaporama_77"><pantalla id="pantalla_36"><event id="onPrepare" language="DO"><![CDATA[]]></event><event id="onShown" language="DO"><![CDATA[]]></event><components><component _type="_compRichText" id="texto_126" x="101" y="57" width="747" height="84" alpha="1" visible="1" enabled="1" scrollable="1"><content><![CDATA[<p style="text-align:center"><span style="font-size:23px"><span style="font-family:verdana,geneva,sans-serif">El hexaedro
  </span></span></p>
]]></content></component><component _type="_compAnimatedGIF" id="animgif_14" x="307" y="149" width="335" height="347" alpha="1" visible="1" enabled="1" cssClass="" adjustMode="4" alignMode="0" image="data/imagenes/clip0199p.gif" anim="data/imagenes/clip0199.gif" autoplay="1" /></components><animaciones></animaciones></pantalla><pantalla id="pantalla_40"><event id="onPrepare" language="DO"><![CDATA[]]></event><event id="onShown" language="DO"><![CDATA[]]></event><components><component _type="_compRichText" id="texto_47" x="106" y="132" width="352" height="365" alpha="1" visible="1" enabled="1" scrollable="1"><content><![CDATA[<p><span style="font-size:20px"><span style="font-family:verdana,geneva,sans-serif">Este es un poliedro regular de seis caras o cubo, que es regular porque tiene todas las caras y los &aacute;ngulos iguales. Tiene doce aristas y ocho v&eacute;rtices.</span></span></p>
]]></content></component><component _type="_compRoundButton" id="roundbutton_44" x="725" y="523" width="180" height="40" alpha="1" visible="1" enabled="1" cssClass="roundTextButton" group="-1"><content><![CDATA[PRACTICA]]></content><event id="onClick" language="DO"><![CDATA[popup_open("pantalla_44")]]></event></component><component _type="_compAnimatedGIF" id="animgif_14" x="538" y="125" width="333" height="324" alpha="1" visible="1" enabled="1" cssClass="" adjustMode="4" alignMode="0" image="data/imagenes/clip0199p.gif" anim="data/imagenes/clip0199.gif" autoplay="1" /></components><animaciones></animaciones></pantalla></slider></pantalla><pantalla id="pantalla_53"><event id="onPrepare" language="DO"><![CDATA[]]></event><event id="onShown" language="DO"><![CDATA[]]></event><components><component _type="_compSlider" id="diaporama_77" x="0" y="0" width="950" height="608" alpha="1" visible="1" enabled="1" transMode="1" /><component _type="_compSliderNav" id="slidernav_122" x="45" y="526" width="162" height="37" alpha="1" visible="1" enabled="1" sliderId="diaporama_77" showHome="1" whiteButtons="0" mode="1" /><component _type="_compIconButton" id="iconbutton_34" x="46" y="526" width="37" height="37" alpha="1" visible="1" enabled="1" cssClass="iconHomeButton" group="-1"><event id="onClick" language="DO"><![CDATA[uiobject_set(rootSlider,"current",0)]]></event></component></components><animaciones></animaciones><slider id="diaporama_77"><pantalla id="pantalla_58"><event id="onPrepare" language="DO"><![CDATA[]]></event><event id="onShown" language="DO"><![CDATA[]]></event><components><component _type="_compRichText" id="texto_126" x="101" y="57" width="747" height="84" alpha="1" visible="1" enabled="1" scrollable="1"><content><![CDATA[<p style="text-align:center"><span style="font-size:23px"><span style="font-family:verdana,geneva,sans-serif">El octaedro
  </span></span></p>
]]></content></component><component _type="_compAnimatedGIF" id="animgif_13" x="319" y="159" width="312" height="400" alpha="1" visible="1" enabled="1" cssClass="" adjustMode="4" alignMode="0" image="data/imagenes/clip0200p.gif" anim="data/imagenes/clip0200.gif" autoplay="1" /></components><animaciones></animaciones></pantalla><pantalla id="pantalla_62"><event id="onPrepare" language="DO"><![CDATA[]]></event><event id="onShown" language="DO"><![CDATA[]]></event><components><component _type="_compRichText" id="texto_47" x="106" y="132" width="348" height="365" alpha="1" visible="1" enabled="1" scrollable="1"><content><![CDATA[<p><span style="font-size:20px"><span style="font-family:verdana,geneva,sans-serif">Este es un poliedro de ocho caras y es regular, ya que sus &aacute;ngulos y sus caras son todas iguales. Tambi&eacute;n se podr&iacute;a definir como formado por dos pir&aacute;mides unidas por la base. Tiene doce aristas y seis v&eacute;rtices.</span></span></p>
]]></content></component><component _type="_compAnimatedGIF" id="animgif_13" x="543" y="119" width="327" height="298" alpha="1" visible="1" enabled="1" cssClass="" adjustMode="4" alignMode="0" image="data/imagenes/clip0200p.gif" anim="data/imagenes/clip0200.gif" autoplay="1" /></components><animaciones></animaciones></pantalla><pantalla id="pantalla_66"><event id="onPrepare" language="DO"><![CDATA[]]></event><event id="onShown" language="DO"><![CDATA[]]></event><components><component _type="_compRichText" id="texto_47" x="106" y="132" width="372" height="382" alpha="1" visible="1" enabled="1" scrollable="1"><content><![CDATA[<p><span style="font-size:20px"><span style="font-family:verdana,geneva,sans-serif">En esta figura podemos ver el desarrollo de un octaedro. Si contamos las caras, comprobamos que tiene las ocho caras formadas por tri&aacute;ngulos equil&aacute;teros. Recuerda que los tri&aacute;ngulos equil&aacute;teros son aquellos que tienen los lados y los &aacute;ngulos iguales.<br />
Si recort&aacute;ramos esta silueta en un papel y la dobl&aacute;ramos por las aristas, podr&iacute;amos montar un octaedro.</span></span></p>
]]></content></component><component _type="_compImage" id="image_15" x="508" y="142" width="362" height="382" alpha="1" visible="1" enabled="1" cssClass="" adjustMode="4" alignMode="0" image="data/imagenes/clip0202p.gif" /><component _type="_compRoundButton" id="roundbutton_44" x="725" y="523" width="180" height="40" alpha="1" visible="1" enabled="1" cssClass="roundTextButton" group="-1"><content><![CDATA[PRACTICA]]></content><event id="onClick" language="DO"><![CDATA[popup_open("pantalla_70")]]></event></component></components><animaciones></animaciones></pantalla></slider></pantalla><pantalla id="pantalla_78"><event id="onPrepare" language="DO"><![CDATA[]]></event><event id="onShown" language="DO"><![CDATA[]]></event><components><component _type="_compSlider" id="diaporama_77" x="0" y="0" width="950" height="608" alpha="1" visible="1" enabled="1" transMode="1" /><component _type="_compSliderNav" id="slidernav_122" x="45" y="526" width="162" height="37" alpha="1" visible="1" enabled="1" sliderId="diaporama_77" showHome="1" whiteButtons="0" mode="1" /><component _type="_compIconButton" id="iconbutton_34" x="46" y="526" width="37" height="37" alpha="1" visible="1" enabled="1" cssClass="iconHomeButton" group="-1"><event id="onClick" language="DO"><![CDATA[uiobject_set(rootSlider,"current",0)]]></event></component></components><animaciones></animaciones><slider id="diaporama_77"><pantalla id="pantalla_83"><event id="onPrepare" language="DO"><![CDATA[]]></event><event id="onShown" language="DO"><![CDATA[]]></event><components><component _type="_compRichText" id="texto_126" x="101" y="57" width="747" height="84" alpha="1" visible="1" enabled="1" scrollable="1"><content><![CDATA[<p style="text-align:center"><span style="font-size:23px"><span style="font-family:verdana,geneva,sans-serif">El dodecaedro
 </span></span></p>
]]></content></component><component _type="_compAnimatedGIF" id="animgif_16" x="312" y="163" width="325" height="335" alpha="1" visible="1" enabled="1" cssClass="" adjustMode="4" alignMode="0" image="data/imagenes/clip0201p.gif" anim="data/imagenes/clip0201.gif" autoplay="1" /></components><animaciones></animaciones></pantalla><pantalla id="pantalla_87"><event id="onPrepare" language="DO"><![CDATA[]]></event><event id="onShown" language="DO"><![CDATA[]]></event><components><component _type="_compRichText" id="texto_47" x="106" y="132" width="348" height="365" alpha="1" visible="1" enabled="1" scrollable="1"><content><![CDATA[<p><span style="font-size:20px"><span style="font-family:verdana,geneva,sans-serif">Este es un poliedro regular de 12 caras. Es regular porque tiene todas las caras iguales. Tiene 30 aristas y 20 vértices.
 </span></span></p>
]]></content></component><component _type="_compAnimatedGIF" id="animgif_16" x="528" y="144" width="316" height="311" alpha="1" visible="1" enabled="1" cssClass="" adjustMode="4" alignMode="0" image="data/imagenes/clip0201p.gif" anim="data/imagenes/clip0201.gif" autoplay="1" /></components><animaciones></animaciones></pantalla><pantalla id="pantalla_91"><event id="onPrepare" language="DO"><![CDATA[]]></event><event id="onShown" language="DO"><![CDATA[]]></event><components><component _type="_compRichText" id="texto_47" x="106" y="132" width="348" height="365" alpha="1" visible="1" enabled="1" scrollable="1"><content><![CDATA[<p><span style="font-size:20px"><span style="font-family:verdana,geneva,sans-serif">Relacionado con el dodecaedro, existe un poliedro que se llama dodecaedro r&oacute;mbico. Este poliedro tiene 12 caras en forma de rombo, tambi&eacute;n se puede llamar <strong>rombododecaedro</strong>.</span></span></p>
]]></content></component><component _type="_compAnimatedGIF" id="animgif_16" x="562" y="162" width="277" height="335" alpha="1" visible="1" enabled="1" cssClass="" adjustMode="4" alignMode="0" image="data/imagenes/clip0203p.gif" anim="data/imagenes/clip0203.gif" autoplay="1" /></components><animaciones></animaciones></pantalla><pantalla id="pantalla_95"><event id="onPrepare" language="DO"><![CDATA[]]></event><event id="onShown" language="DO"><![CDATA[]]></event><components><component _type="_compRichText" id="texto_47" x="106" y="132" width="348" height="365" alpha="1" visible="1" enabled="1" scrollable="1"><content><![CDATA[<p><span style="font-size:20px"><span style="font-family:verdana,geneva,sans-serif">Aqu&iacute; podemos ver el desarrollo de un dodecaedro, con sus 12 caras formadas por 12 pent&aacute;gonos. Puedes probar, como en el ejemplo anterior, a construir un dodecaedro dibuj&aacute;ndolo en una cartulina a partir de esta silueta y, despu&eacute;s, recort&aacute;ndola y peg&aacute;ndola.<!--</span--></span></span></p>
]]></content></component><component _type="_compImage" id="image_15" x="510" y="159" width="341" height="382" alpha="1" visible="1" enabled="1" cssClass="" adjustMode="4" alignMode="0" image="data/imagenes/image_672_copia.jpg" /></components><animaciones></animaciones></pantalla></slider></pantalla><pantalla id="pantalla_193"><event id="onPrepare" language="DO"><![CDATA[]]></event><event id="onShown" language="DO"><![CDATA[]]></event><components><component _type="_compSlider" id="diaporama_77" x="0" y="0" width="950" height="608" alpha="1" visible="1" enabled="1" transMode="1" /><component _type="_compSliderNav" id="slidernav_122" x="45" y="526" width="162" height="37" alpha="1" visible="1" enabled="1" sliderId="diaporama_77" showHome="1" whiteButtons="0" mode="1" /><component _type="_compIconButton" id="iconbutton_34" x="46" y="526" width="37" height="37" alpha="1" visible="1" enabled="1" cssClass="iconHomeButton" group="-1"><event id="onClick" language="DO"><![CDATA[uiobject_set(rootSlider,"current",0)]]></event></component></components><animaciones></animaciones><slider id="diaporama_77"><pantalla id="pantalla_198"><event id="onPrepare" language="DO"><![CDATA[]]></event><event id="onShown" language="DO"><![CDATA[]]></event><components><component _type="_compAnimatedGIF" id="animgif_16" x="312" y="163" width="325" height="335" alpha="1" visible="1" enabled="1" cssClass="" adjustMode="4" alignMode="0" image="data/imagenes/clip0259p.jpg" anim="data/imagenes/clip0259.gif" autoplay="1" /><component _type="_compRichText" id="texto_126" x="101" y="57" width="747" height="84" alpha="1" visible="1" enabled="1" scrollable="1"><content><![CDATA[<p style="text-align:center"><span style="font-size:23px"><span style="font-family:verdana,geneva,sans-serif">El icosaedro
  </span></span></p>
]]></content></component></components><animaciones></animaciones></pantalla><pantalla id="pantalla_202"><event id="onPrepare" language="DO"><![CDATA[]]></event><event id="onShown" language="DO"><![CDATA[]]></event><components><component _type="_compRichText" id="texto_47" x="106" y="132" width="391" height="365" alpha="1" visible="1" enabled="1" scrollable="1"><content><![CDATA[<p><span style="font-size:20px"><span style="font-family:verdana,geneva,sans-serif">Este es un poliedro regular con 20 caras que son triángulos equiláteros. 
Es regular porque tiene todas las caras y los ángulos iguales.
Tiene 30 aristas y 12 vértices.

</span></span></p>
]]></content></component><component _type="_compAnimatedGIF" id="animgif_16" x="528" y="144" width="316" height="311" alpha="1" visible="1" enabled="1" cssClass="" adjustMode="4" alignMode="0" image="data/imagenes/clip0259p.jpg" anim="data/imagenes/clip0259.gif" autoplay="1" /></components><animaciones></animaciones></pantalla><pantalla id="pantalla_206"><event id="onPrepare" language="DO"><![CDATA[]]></event><event id="onShown" language="DO"><![CDATA[]]></event><components><component _type="_compRichText" id="texto_47" x="106" y="132" width="371" height="365" alpha="1" visible="1" enabled="1" scrollable="1"><content><![CDATA[<p><span style="font-size:20px"><span style="font-family:verdana,geneva,sans-serif">Este es el desarrollo del icosaedro. Puedes comprobar que, efectivamente, tiene 20 caras, que son triángulos equiláteros.</span></span></p>
]]></content></component><component _type="_compImage" id="image_15" x="494" y="190" width="376" height="382" alpha="1" visible="1" enabled="1" cssClass="" adjustMode="4" alignMode="0" image="data/imagenes/img1.jpg" /></components><animaciones></animaciones></pantalla></slider></pantalla></pantallas><popups><pantalla id="pantalla_44"><event id="onPrepare" language="DO"><![CDATA[]]></event><event id="onShown" language="DO"><![CDATA[]]></event><components><component _type="_compCSSBox" id="fondo_270" x="-3" y="82" width="862" height="608" alpha="1" visible="1" enabled="1" cssClass="defaultCSSBox3" /><component _type="_compCSSBox" id="fondo_56" x="88" y="0" width="862" height="608" alpha="1" visible="1" enabled="1" cssClass="defaultCSSBox3" /><component _type="_compRichText" id="texto_42" x="107" y="37" width="712" height="188" alpha="1" visible="1" enabled="1" scrollable="1"><content><![CDATA[<p><span style="font-size:18px"><span style="font-family:verdana,geneva,sans-serif">F&iacute;jate en el cubo de Rubik. Se trata de un poliedro regular de seis caras, un hexaedro o un cubo, si bien est&aacute; compuesto de cubos o hexaedros m&aacute;s peque&ntilde;os. Cada uno de estos cubos peque&ntilde;os en realidad no es un cubo perfecto ya que dentro tiene un mecanismo para que giren las piezas. &iquest;Cu&aacute;ntos hay, si contamos los que se ven desde fuera?</span></span></p>
]]></content></component><component _type="_compIconButton" id="iconbutton_40" x="868" y="45" width="37" height="37" alpha="1" visible="1" enabled="1" cssClass="iconCloseButton" group="-1"><event id="onClick" language="DO"><![CDATA[popup_close()]]></event></component><component _type="_compImage" id="image_15" x="301" y="204" width="348" height="379" alpha="1" visible="1" enabled="1" cssClass="" adjustMode="4" alignMode="0" image="data/imagenes/image_675_copia.jpg" /><component _type="_compRoundButton" id="roundbutton_44" x="725" y="523" width="180" height="40" alpha="1" visible="1" enabled="1" cssClass="roundTextButton" group="-1"><content><![CDATA[SOLUCIÓN]]></content><event id="onClick" language="DO"><![CDATA[popup_open("pantalla_49")]]></event></component></components><animaciones></animaciones></pantalla><pantalla id="pantalla_49"><event id="onPrepare" language="DO"><![CDATA[]]></event><event id="onShown" language="DO"><![CDATA[]]></event><components><component _type="_compCSSBox" id="fondo_271" x="-1" y="88" width="863" height="608" alpha="1" visible="1" enabled="1" cssClass="defaultCSSBox3" /><component _type="_compCSSBox" id="fondo_56" x="87" y="0" width="863" height="608" alpha="1" visible="1" enabled="1" cssClass="defaultCSSBox3" /><component _type="_compIconButton" id="iconbutton_40" x="868" y="45" width="37" height="37" alpha="1" visible="1" enabled="1" cssClass="iconCloseButton" group="-1"><event id="onClick" language="DO"><![CDATA[do (
       popup_close(),
       popup_close()
   )]]></event></component><component _type="_compIconButton" id="iconbutton_180" x="111" y="526" width="37" height="37" alpha="1" visible="1" enabled="1" cssClass="iconPrevButton" group="-1"><event id="onClick" language="DO"><![CDATA[popup_close()]]></event></component><component _type="_compRichText" id="texto_42" x="107" y="37" width="728" height="188" alpha="1" visible="1" enabled="1" scrollable="1"><content><![CDATA[<p><span style="font-size:20px"><span style="font-family:verdana,geneva,sans-serif">El cubo de Rubik est&aacute; compuesto de <span style="color:#ff6600"><strong>26</strong></span> cubos o hexaedros m&aacute;s peque&ntilde;os. </span></span></p>
]]></content></component><component _type="_compImage" id="image_15" x="301" y="204" width="348" height="379" alpha="1" visible="1" enabled="1" cssClass="" adjustMode="4" alignMode="0" image="data/imagenes/image_675_copia.jpg" /></components><animaciones></animaciones></pantalla><pantalla id="pantalla_70"><event id="onPrepare" language="DO"><![CDATA[]]></event><event id="onShown" language="DO"><![CDATA[]]></event><components><component _type="_compCSSBox" id="fondo_272" x="-1" y="83" width="864" height="608" alpha="1" visible="1" enabled="1" cssClass="defaultCSSBox3" /><component _type="_compCSSBox" id="fondo_56" x="86" y="0" width="864" height="608" alpha="1" visible="1" enabled="1" cssClass="defaultCSSBox3" /><component _type="_compIconButton" id="iconbutton_40" x="868" y="45" width="37" height="37" alpha="1" visible="1" enabled="1" cssClass="iconCloseButton" group="-1"><event id="onClick" language="DO"><![CDATA[popup_close()]]></event></component><component _type="_compRichText" id="texto_42" x="107" y="77" width="728" height="188" alpha="1" visible="1" enabled="1" scrollable="1"><content><![CDATA[<p><span style="font-size:20px"><span style="font-family:verdana,geneva,sans-serif">¿Cuántas aristas tiene un octaedro?
</span></span></p>
]]></content></component><component _type="_compRoundButton" id="roundbutton_44" x="725" y="523" width="180" height="40" alpha="1" visible="1" enabled="1" cssClass="roundTextButton" group="-1"><content><![CDATA[SOLUCIÓN]]></content><event id="onClick" language="DO"><![CDATA[popup_open("pantalla_74")]]></event></component><component _type="_compImage" id="image_15" x="244" y="168" width="461" height="382" alpha="1" visible="1" enabled="1" cssClass="" adjustMode="4" alignMode="0" image="data/imagenes/clip0202p.gif" /></components><animaciones></animaciones></pantalla><pantalla id="pantalla_74"><event id="onPrepare" language="DO"><![CDATA[]]></event><event id="onShown" language="DO"><![CDATA[]]></event><components><component _type="_compCSSBox" id="fondo_273" x="1" y="83" width="950" height="608" alpha="1" visible="1" enabled="1" cssClass="defaultCSSBox3" /><component _type="_compCSSBox" id="fondo_56" x="87" y="1" width="950" height="608" alpha="1" visible="1" enabled="1" cssClass="defaultCSSBox3" /><component _type="_compRichText" id="texto_42" x="107" y="77" width="728" height="188" alpha="1" visible="1" enabled="1" scrollable="1"><content><![CDATA[<p><span style="font-size:20px"><span style="font-family:verdana,geneva,sans-serif">Este octaedro est&aacute; compuesto por 8 tri&aacute;ngulos rect&aacute;ngulos, por lo que tiene 8 x 3 = <span style="color:#ff6600"><strong>24</strong></span> aristas. </span></span></p>
]]></content></component><component _type="_compAnimatedGIF" id="animgif_13" x="244" y="168" width="461" height="382" alpha="1" visible="1" enabled="1" cssClass="" adjustMode="4" alignMode="0" image="data/imagenes/clip0202p.gif" anim="data/imagenes/clip0202.gif" autoplay="1" /><component _type="_compIconButton" id="iconbutton_40" x="868" y="45" width="37" height="37" alpha="1" visible="1" enabled="1" cssClass="iconCloseButton" group="-1"><event id="onClick" language="DO"><![CDATA[do (
       popup_close(),
       popup_close()
   )]]></event></component><component _type="_compIconButton" id="iconbutton_180" x="111" y="526" width="37" height="37" alpha="1" visible="1" enabled="1" cssClass="iconPrevButton" group="-1"><event id="onClick" language="DO"><![CDATA[popup_close()]]></event></component></components><animaciones></animaciones></pantalla></popups></engine>