<?xml version='1.0' encoding='UTF-8'?><motor tipo="5" clase="a" aprid="m5a">
  <plataforma>
    <grado><![CDATA[2]]></grado>
    <titulo>Calcula la medida de los ángulos de un triángulo</titulo>
    <area>0</area>
    <nivel>1</nivel>
    <referencia/>
    <idreg><![CDATA[0]]></idreg>
    <motor><![CDATA[M5A]]></motor>
    <lang>es</lang>
  </plataforma>
  <enunciado><![CDATA[Relaciona el valor de los ángulos externos que se mencionan en cada imagen con los triángulos que aparecen en la imagen. Ten en cuenta las medidas de los ángulos dados.]]></enunciado>
  <masinfo inicio="0"/>
  <sinaleatoriedad><![CDATA[0]]></sinaleatoriedad>
  <calc><![CDATA[0]]></calc>
  <respuestaunica><![CDATA[0]]></respuestaunica>
  <test cantidad="6">
    <cuestion>
      <enunciado><![CDATA[∡{{cur}}CAE{{normal}} y ∡{{cur}}FCA{{normal}}]]></enunciado>
      <explicacion/>
      <imagen><![CDATA[ma_08_09_co_rec40_img01n.png]]></imagen>
      <ampliacion><![CDATA[ma_08_09_co_rec40_img01a.png]]></ampliacion>
      <respuestas>
        <respuesta contestacion="70,43°" correcta="1"/>
        <respuesta contestacion="151,45°" correcta="0"/>
        <respuesta contestacion="175,2°" correcta="0"/>
        <respuesta contestacion="68°" correcta="0"/>
        <respuesta contestacion="45,32°" correcta="0"/>
      </respuestas>
    </cuestion>
    <cuestion>
      <enunciado><![CDATA[∡{{cur}}BAC{{normal}} y ∡{{cur}}ACB{{normal}} ]]></enunciado>
      <explicacion/>
      <imagen><![CDATA[ma_08_09_co_rec40_img02n.png]]></imagen>
      <ampliacion><![CDATA[ma_08_09_co_rec40_img02a.png]]></ampliacion>
      <respuestas>
        <respuesta contestacion="270°" correcta="1"/>
        <respuesta contestacion="315°" correcta="1"/>
        <respuesta contestacion="48°" correcta="0"/>
        <respuesta contestacion="360°" correcta="0"/>
        <respuesta contestacion="120°" correcta="0"/>
      </respuestas>
    </cuestion>
    <cuestion>
      <enunciado><![CDATA[∡{{cur}}DBA{{normal}} y ∡{{cur}}ACE{{normal}}]]></enunciado>
      <explicacion/>
      <imagen><![CDATA[ma_08_09_co_rec40_img03n.png]]></imagen>
      <ampliacion><![CDATA[ma_08_09_co_rec40_img03a.png]]></ampliacion>
      <respuestas>
        <respuesta contestacion="120°" correcta="1"/>
        <respuesta contestacion="250°" correcta="0"/>
        <respuesta contestacion="320°" correcta="0"/>
        <respuesta contestacion="80°" correcta="0"/>
        <respuesta contestacion="100°" correcta="0"/>
      </respuestas>
    </cuestion>
    <cuestion>
      <enunciado><![CDATA[∡{{cur}}FBD{{normal}} y ∡{{cur}}BDE{{normal}}]]></enunciado>
      <explicacion/>
      <imagen><![CDATA[ma_08_09_co_rec40_img04n.png]]></imagen>
      <ampliacion><![CDATA[ma_08_09_co_rec40_img04a.png]]></ampliacion>
      <respuestas>
        <respuesta contestacion="140,65°" correcta="1"/>
        <respuesta contestacion="78,7°" correcta="1"/>
        <respuesta contestacion="125,32°" correcta="0"/>
        <respuesta contestacion="60,3°" correcta="0"/>
        <respuesta contestacion="98°" correcta="0"/>
      </respuestas>
    </cuestion>
    <cuestion>
      <enunciado><![CDATA[∡{{cur}}CAE{{normal}} y ∡{{cur}}ABF{{normal}}]]></enunciado>
      <explicacion/>
      <imagen><![CDATA[ma_08_09_co_rec40_img05n.png]]></imagen>
      <ampliacion><![CDATA[ma_08_09_co_rec40_img05a.png]]></ampliacion>
      <respuestas>
        <respuesta contestacion="113,2°" correcta="1"/>
        <respuesta contestacion="111,8°" correcta="1"/>
        <respuesta contestacion="162,3°" correcta="0"/>
        <respuesta contestacion="145,5°" correcta="0"/>
        <respuesta contestacion="221,2°" correcta="0"/>
      </respuestas>
    </cuestion>
    <cuestion>
      <enunciado><![CDATA[∡{{cur}}EBC{{normal}} y ∡{{cur}}CAF{{normal}}]]></enunciado>
      <explicacion/>
      <imagen><![CDATA[ma_08_09_co_rec40_img06n.png]]></imagen>
      <ampliacion><![CDATA[ma_08_09_co_rec40_img06a.png]]></ampliacion>
      <respuestas>
        <respuesta contestacion="64,19º" correcta="1"/>
        <respuesta contestacion="144,89º" correcta="1"/>
        <respuesta contestacion="75,32°" correcta="0"/>
        <respuesta contestacion="168,12°" correcta="0"/>
        <respuesta contestacion="62,3°" correcta="0"/>
      </respuestas>
    </cuestion>
  </test>
</motor>