﻿<?xml version="1.0" encoding="UTF-8"?>
<XMLDatos aprid="F">
  <titulo>Las operaciones combinadas</titulo>
  <tit1><![CDATA[Hay una <b>jerarquía para resolver operaciones combinadas</b> con números naturales.]]></tit1>
  <tit2><![CDATA[Por ejemplo:]]></tit2>
  <tit3><![CDATA[<span class="naranja">¡Recuerda!</span>]]></tit3>
  <tit4><![CDATA[]]></tit4>
  <tit5><![CDATA[]]></tit5>
  <tit6><![CDATA[]]></tit6>
  <tit7><![CDATA[]]></tit7>
  <tit8><![CDATA[]]></tit8>
  <tit9><![CDATA[]]></tit9>
  <tit10><![CDATA[]]></tit10>
  <tit11><![CDATA[]]></tit11>
  <tit12><![CDATA[]]></tit12>
  <tit13><![CDATA[]]></tit13>
  <tit14><![CDATA[]]></tit14>
  <tit15><![CDATA[]]></tit15>
  <tit16><![CDATA[]]></tit16>
  <tit17><![CDATA[]]></tit17>
  <tit18><![CDATA[]]></tit18>
  <tit19><![CDATA[]]></tit19>
  <tit20><![CDATA[]]></tit20>
  <text1><![CDATA[<ul><li>Empezar de izquierda a derecha.
</li><li>Resolver primero los paréntesis y los corchetes.
</li><li>Luego, las multiplicaciones y divisiones.
</li><li>Por último, las sumas y las restas.</li></ul>]]></text1>
  <text2><![CDATA[Un granjero tiene 15 gallinas que ponen 2 huevos cada día. Pero todos los días se rompen 8. <b>¿Cuántos huevos venderá al mes?</b>
<br/><br/>
Si los pone en grupos de 2 cubetas de media docena, <b>¿cuántas cubetas llenará?</b>
<br/><br/>
Si por cada docena le pagan $6500, <b>¿cuánto ganará?</b>]]></text2>
  <text3><![CDATA[[(15 · 2) - 8 ] · 30 ÷ (2 · 6) · 6500 =]]></text3>
  <text4><![CDATA[Primero: <b class="lila">De izquierda a derecha</b><br/>
Segundo: <b class="verde">( )</b>,<b class="verde">[ ]</b><br/>
Tercero: <b class="rojo_1">·</b> y <b class="rojo_1">÷</b><br/>
Cuarto: <b class="azul">+</b> y <b class="azul">-</b>]]></text4>
  <text5><![CDATA[15     ·      2    -    8    ·    30    ÷   2 · 6   ·   6500]]></text5>
  <text6><![CDATA[[(<span class="rojo_1">15 · 2</span>) - 8 ] · 30 ÷ (2 · 6) · 6500 =]]></text6>
  <text7><![CDATA[Primero, hay que calcular los huevos que ponen las gallinas al mes 
y restar los que se rompen. ]]></text7>
  <text8><![CDATA[(<span class="rojo_1">30 - 8</span>) · 30 ÷(<span class="rojo_1">2 · 6</span>) · 6500 =]]></text8>
  <text9><![CDATA[30      -      8     ·     30    ÷    2 · 6   ·   6500]]></text9>
  <text10><![CDATA[22     ·     30]]></text10>
  <text11><![CDATA[¿Cuántos huevos vende al mes?]]></text11>
  <text12><![CDATA[<span class="rojo_1">22 · 30</span> = <span class="rojo_1">660</span>]]></text12>
  <text13><![CDATA[660      ÷    12]]></text13>
  <text14><![CDATA[Si tiene 660 huevos al mes y los debe poner en cubetas en las que caben 12, ¿cuántas cubetas llenará?]]></text14>
  <text15><![CDATA[<span class="rojo_1">660 ÷ 12</span> = <span class="rojo_1">55</span>]]></text15>
  <text16><![CDATA[55              ·             2]]></text16>
  <text17><![CDATA[Si llena 55 cubetas de una docena y por cada una le pagan $6500,
 ¿cuánto le pagan?]]></text17>
  <text18><![CDATA[<span class="rojo_1">55 · $6500</span> =]]></text18>
  <text19><![CDATA[Le pagan <b class="naranja" style="font-size:35px">$357 500</b>]]></text19>
  <text20><![CDATA[]]></text20>
  <btnpractica><![CDATA[PRACTICA]]></btnpractica>
  <btnsolucion><![CDATA[SOLUCIÓN]]></btnsolucion>
</XMLDatos>