﻿<?xml version="1.0" encoding="UTF-8"?>
<engine copy="Editorial Planeta" version="1" aprid="f8">
  <main title="La adición de números naturales  sus propiedades" bkColor="#FFFFFF" titleColor="#000000" theme="black" buttonsWidth="220" buttonsHeight="42" trans="">
    <default>
      <img path="imagenDummy.jpg" x="300" y="100" width="" height="" />
    </default>
    <buttons>
      <button title="Propiedad conmutativa">
        <img path="imagenDummy.jpg" x="" y="" width="" height="" anim="" />
      </button>
      <button title="Propiedad asociativa">
        <img path="imagenDummy.jpg" x="" y="" width="" height="" anim="" />
      </button>
      <button title="Caminata: midiendo longitudes">
        <img path="imagenDummy.jpg" x="" y="" width="" height="" anim="" />
      </button>
      <button title="Propiedad del elemento neutro">
        <img path="imagenDummy.jpg" x="" y="" width="" height="" anim="" />
      </button>
    </buttons>
  </main>
  <practica actividad="" boton="PRACTICA " boton2="">
    <pantalla1><![CDATA[<ul>
	<li style="text-align:justify">S&iacute; A=5, B=6, verificar que&nbsp;las siguientes igualdades son correctas.</li>
</ul>

<p style="text-align:justify">&nbsp; &nbsp; &nbsp; A+B&nbsp;= B+A</p>

<p style="text-align:justify">&nbsp; &nbsp; &nbsp; A+2B&nbsp;= 2B+A</p>

<p style="text-align:justify">&nbsp; &nbsp; &nbsp;&iquest;A qu&eacute; propiedad hace referencia esta verificaci&oacute;n?</p>

<p style="text-align:justify">&nbsp;</p>

<ul>
	<li style="text-align:justify">Asocia de maneras diferentes y comprueba que el resultado es el mismo.</li>
</ul>

<p style="text-align:justify">&nbsp; &nbsp; &nbsp; 12356 + 6536 + 53247</p>

<p style="text-align:justify">&nbsp;</p>

<ul>
	<li style="text-align:justify">Luisa tiene $238567 ahorrados en enero. S&iacute;&nbsp;cada mes ahorra una cantidad diferente, &iquest;cu&aacute;nto dinero tendr&aacute; ahorrado en el mes de abril?</li>
</ul>

<p style="text-align:justify">&nbsp; &nbsp; &nbsp; Representa como una adici&oacute;n la anterior situaci&oacute;n</p>
]]></pantalla1>
  </practica>
</engine>