﻿<?xml version="1.0" encoding="utf-8"?><motor tipo="5" clase="a" aprid="m5a"><plataforma><grado><![CDATA[2]]></grado><titulo>Determina el área y el volumen de pirámides</titulo><area>0</area><nivel>2</nivel><referencia /><idreg><![CDATA[0]]></idreg><motor><![CDATA[M5A]]></motor><lang>es</lang></plataforma><enunciado><![CDATA[Resuelve los siguientes ejercicios y situaciones sobre pirámides.]]></enunciado><masinfo inicio="0"><![CDATA[No olvides la clasificación de las pirámides de acuerdo con la forma de su base.]]></masinfo><sinaleatoriedad><![CDATA[0]]></sinaleatoriedad><calc><![CDATA[0]]></calc><respuestaunica><![CDATA[0]]></respuestaunica><test cantidad="9"><cuestion><enunciado><![CDATA[¿Qué clase de pirámide es y cuál es el volumen si su base es cuadrada? ]]></enunciado><explicacion /><imagen><![CDATA[MA_08_10_REC130_IMG01n.png]]></imagen><ampliacion><![CDATA[MA_08_10_REC130_IMG01a.png]]></ampliacion><respuestas><respuesta contestacion="Es una pirámide triangular y tiene 298,6 cm{{sup}}2{{normal}} de volumen." correcta="0" /><respuesta contestacion="Es una pirámide triangular y tiene 298,6 cm{{sup}}3{{normal}} de volumen." correcta="0" /><respuesta contestacion="Es una pirámide cuadrangular y tiene 298,6 cm{{sup}}2{{normal}} de volumen." correcta="0" /><respuesta contestacion="Es una pirámide cuadrangular y tiene 298,6 cm{{sup}}3{{normal}} de volumen. " correcta="1" /></respuestas></cuestion><cuestion><enunciado><![CDATA[¿Cuál es el área lateral de la pirámide si su base es cuadrada?  ]]></enunciado><explicacion /><imagen><![CDATA[MA_08_10_REC130_IMG02n.png]]></imagen><ampliacion><![CDATA[MA_08_10_REC130_IMG02a.png]]></ampliacion><respuestas><respuesta contestacion="336 cm{{sup}}2{{normal}} " correcta="0" /><respuesta contestacion="272 cm" correcta="0" /><respuesta contestacion="272 cm{{sup}}2{{normal}} " correcta="1" /><respuesta contestacion="272 cm{{sup}}3{{normal}} " correcta="0" /></respuestas></cuestion><cuestion><enunciado><![CDATA[¿Cuál es el área total de la pirámide si su base es cuadrada?  ]]></enunciado><explicacion /><imagen><![CDATA[MA_08_10_REC130_IMG03n.png]]></imagen><ampliacion><![CDATA[MA_08_10_REC130_IMG03a.png]]></ampliacion><respuestas><respuesta contestacion="336 cm{{sup}}2{{normal}}  " correcta="1" /><respuesta contestacion="336 cm" correcta="0" /><respuesta contestacion="272 cm{{sup}}2{{normal}}  " correcta="0" /><respuesta contestacion="336 cm{{sup}}3{{normal}}  " correcta="0" /></respuestas></cuestion><cuestion><enunciado><![CDATA[¿A qué tipo de pirámide corresponde el plano?]]></enunciado><explicacion /><imagen><![CDATA[MA_08_10_REC130_IMG04n.png]]></imagen><ampliacion><![CDATA[MA_08_10_REC130_IMG04a.png]]></ampliacion><respuestas><respuesta contestacion="Pirámide cuadrangular." correcta="0" /><respuesta contestacion="Bipirámide" correcta="0" /><respuesta contestacion="Pirámide triangular." correcta="1" /><respuesta contestacion="Pirámide pentagonal." correcta="0" /></respuestas></cuestion><cuestion><enunciado><![CDATA[¿Qué clase de pirámide es la que se muestra en la imagen?]]></enunciado><explicacion /><imagen><![CDATA[MA_08_10_REC130_IMG06n.png]]></imagen><ampliacion><![CDATA[MA_08_10_REC130_IMG06a.png]]></ampliacion><respuestas><respuesta contestacion="Pirámide triangular. " correcta="1" /><respuesta contestacion="Pirámide cuadrangular." correcta="0" /><respuesta contestacion="Pirámide irregular." correcta="0" /><respuesta contestacion="Pirámide oblicua." correcta="0" /></respuestas></cuestion><cuestion><enunciado><![CDATA[¿Cómo clasificarías la Pirámide de Guiza ubicada en Egipto?]]></enunciado><explicacion /><imagen><![CDATA[MA_08_10_REC130_IMG07n.png]]></imagen><ampliacion><![CDATA[MA_08_10_REC130_IMG07a.png]]></ampliacion><respuestas><respuesta contestacion="Como una pirámide triangular." correcta="0" /><respuesta contestacion="Como una pirámide pentagonal." correcta="0" /><respuesta contestacion="Como una pirámide cuadrangular. " correcta="1" /><respuesta contestacion="Como una bipirámide cuadrangular." correcta="0" /></respuestas></cuestion><cuestion><enunciado><![CDATA[¿Cuál es el volumen de la Pirámide de Guiza si la longitud de su base es 230,3 m y su altura es de 146,6 m?]]></enunciado><explicacion /><imagen><![CDATA[MA_08_10_REC130_IMG08n.png]]></imagen><ampliacion><![CDATA[MA_08_10_REC130_IMG08a.png]]></ampliacion><respuestas><respuesta contestacion="2591,8 m{{sup}}3{{normal}}   " correcta="1" /><respuesta contestacion="2591,8 m{{sup}}2{{normal}}   " correcta="0" /><respuesta contestacion="1649,8 m{{sup}}3{{normal}}  " correcta="0" /><respuesta contestacion="1649,8 m{{sup}}2{{normal}}  " correcta="0" /></respuestas></cuestion><cuestion><enunciado><![CDATA[¿Cuál es el volumen de la pirámide CESTIA si la longitud de la base cuadrada es de 29,6 m y la altura de 37 m?]]></enunciado><explicacion /><imagen><![CDATA[MA_08_10_REC130_IMG09n.png]]></imagen><ampliacion><![CDATA[MA_08_10_REC130_IMG09a.png]]></ampliacion><respuestas><respuesta contestacion="10 805,9 m{{sup}}2{{normal}}  " correcta="0" /><respuesta contestacion="10 805,9 m{{sup}}3{{normal}}  " correcta="1" /><respuesta contestacion="13 507,4 m{{sup}}3{{normal}} " correcta="0" /><respuesta contestacion="13 507,4 m{{sup}}2{{normal}} " correcta="0" /></respuestas></cuestion><cuestion><enunciado><![CDATA[¿Qué clase de pirámide es la pirámide CESTIA ubicada en Roma?]]></enunciado><explicacion /><imagen><![CDATA[MA_08_10_REC130_IMG10n.png]]></imagen><ampliacion><![CDATA[MA_08_10_REC130_IMG10a.png]]></ampliacion><respuestas><respuesta contestacion="Bipirámide." correcta="0" /><respuesta contestacion="Pirámide pentagonal." correcta="0" /><respuesta contestacion="Pirámide triangular." correcta="0" /><respuesta contestacion="Pirámide cuadrangular. " correcta="1" /></respuestas></cuestion></test></motor>