﻿<?xml version="1.0" encoding="utf-8"?><motor tipo="101" clase="a" aprid="M101a">
  <plataforma>
    <grado><![CDATA[2]]></grado>
    <titulo>Refuerza tu aprendizaje: Los poliedros</titulo>
    <area>3</area>
    <nivel>2</nivel>
    <referencia><![CDATA[MT_09_08]]></referencia>
    <idreg><![CDATA[4695 ]]></idreg>
    <motor><![CDATA[M101A]]></motor>
    <lang>es</lang>
  </plataforma>
  <enunciado><![CDATA[Realiza la siguiente actividad. Cuando termines, haz clic en Enviar. Si es necesario, entrega las respuestas en mano o por e-mail a tu profesor para que pueda validarlas.]]></enunciado>
  <masinfo inicio="0"/>
  <calc><![CDATA[0]]></calc>
  <preguntas cantidad="10">
    <pregunta>
      <enunciado><![CDATA[Describe una situación de la vida cotidiana en la cual se usen los poliedros.]]></enunciado>
      <explicacion/>
      <nivel><![CDATA[1]]></nivel>
      <tipo/>
      <imagen/>
      <ampliacion/>
      <texto/>
    </pregunta>
    <pregunta>
      <enunciado><![CDATA[Elige un poliedro e indica el número de caras, aristas y vértices que tiene.]]></enunciado>
      <explicacion/>
      <nivel><![CDATA[2]]></nivel>
      <tipo/>
      <imagen/>
      <ampliacion/>
      <texto/>
    </pregunta>
    <pregunta>
      <enunciado><![CDATA[De los siguientes cuerpos geométricos, identifica cuáles son poliedros y cuáles no. Justifica tu respuesta.]]></enunciado>
      <explicacion/>
      <nivel><![CDATA[2]]></nivel>
      <tipo/>
      <imagen><![CDATA[MA_08_10_REC50_IMG01n.png]]></imagen>
      <ampliacion><![CDATA[MA_08_10_REC50_IMG01a.png]]></ampliacion>
      <texto/>
    </pregunta>
    <pregunta>
      <enunciado><![CDATA[De los siguientes cuerpos geométricos, identifica cuáles son poliedros y cuáles no. Justifica tu respuesta.]]></enunciado>
      <explicacion/>
      <nivel><![CDATA[2]]></nivel>
      <tipo/>
      <imagen><![CDATA[MA_08_10_REC50_IMG02n.png]]></imagen>
      <ampliacion><![CDATA[MA_08_10_REC50_IMG02a.png]]></ampliacion>
      <texto/>
    </pregunta>
    <pregunta>
      <enunciado><![CDATA[Identifica y construye el poliedro que se puede construir con la siguiente figura.]]></enunciado>
      <explicacion/>
      <nivel><![CDATA[2]]></nivel>
      <tipo/>
      <imagen><![CDATA[MA_08_10_REC50_IMG03n.png]]></imagen>
      <ampliacion><![CDATA[MA_08_10_REC50_IMG03a.png]]></ampliacion>
      <texto/>
    </pregunta>
    <pregunta>
      <enunciado><![CDATA[Identifica y construye el poliedro que se puede construir con la siguiente figura.]]></enunciado>
      <explicacion/>
      <nivel><![CDATA[2]]></nivel>
      <tipo/>
      <imagen><![CDATA[MA_08_10_REC50_IMG04n.png]]></imagen>
      <ampliacion><![CDATA[MA_08_10_REC50_IMG04a.png]]></ampliacion>
      <texto/>
    </pregunta>
    <pregunta>
      <enunciado><![CDATA[Identifica qué tipo de poliedro es el de la imagen y cuál es su principal característica.]]></enunciado>
      <explicacion><![CDATA[Tronco de pirámide regular y sus bases son cuadrados.]]></explicacion>
      <nivel><![CDATA[2]]></nivel>
      <tipo/>
      <imagen><![CDATA[MA_08_10_REC50_IMG05n.png]]></imagen>
      <ampliacion><![CDATA[MA_08_10_REC50_IMG05a.png]]></ampliacion>
      <texto/>
    </pregunta>
    <pregunta>
      <enunciado><![CDATA[Identifica qué tipo de poliedro es el de la imagen y cuál es su principal característica.]]></enunciado>
      <explicacion><![CDATA[Paralelepípedo. Sus caras son paralelogramos.]]></explicacion>
      <nivel><![CDATA[2]]></nivel>
      <tipo/>
      <imagen><![CDATA[MA_08_10_REC50_IMG06n.png]]></imagen>
      <ampliacion><![CDATA[MA_08_10_REC50_IMG06a.png]]></ampliacion>
      <texto/>
    </pregunta>
    <pregunta>
      <enunciado><![CDATA[Identifica qué tipo de poliedro es el de la imagen y cuál es su principal característica.]]></enunciado>
      <explicacion><![CDATA[Pirámide pentagonal. Su base es un pentágono.]]></explicacion>
      <nivel><![CDATA[2]]></nivel>
      <tipo/>
      <imagen><![CDATA[MA_08_10_REC50_IMG07n.png]]></imagen>
      <ampliacion><![CDATA[MA_08_10_REC50_IMG07a.png]]></ampliacion>
      <texto/>
    </pregunta>
    <pregunta>
      <enunciado><![CDATA[Identifica qué tipo de poliedro es el de la imagen y cuál es su principal característica.]]></enunciado>
      <explicacion><![CDATA[Prisma pentagonal recto. Su base es un pentágono.]]></explicacion>
      <nivel><![CDATA[2]]></nivel>
      <tipo/>
      <imagen><![CDATA[MA_08_10_REC50_IMG08n.png]]></imagen>
      <ampliacion><![CDATA[MA_08_10_REC50_IMG08a.png]]></ampliacion>
      <texto/>
    </pregunta>
  </preguntas>
</motor>