﻿<?xml version="1.0" encoding="utf-8"?><motor tipo="3" clase="a" aprid="M3a">
  <plataforma>
    <grado><![CDATA[2]]></grado>
    <titulo>Practica la relación de Euler</titulo>
    <area>3</area>
    <nivel>2</nivel>
    <referencia><![CDATA[MT_09_08_13]]></referencia>
    <idreg><![CDATA[3085]]></idreg>
    <motor><![CDATA[M3A]]></motor>
    <lang>es</lang>
  </plataforma>
  <enunciado><![CDATA[Arrastra a cada imagen con la relación de Euler correspondiente. ]]></enunciado>
  <masinfo inicio="0"><![CDATA[Recuerda: la relación de Euler es {{cur}}C{{normal}} + {{cur}}V{{normal}} = {{cur}}A{{normal}} + 2]]></masinfo>
  <sinaleatoriedad><![CDATA[0]]></sinaleatoriedad>
  <calc><![CDATA[1]]></calc>
  <sonidoaimagen cantidad="4">
    <cuestion>
      <imagen etiqueta=""><![CDATA[MT_09_08_13_P1_116.jpg]]></imagen>
      <respuestas>
        <respuesta etiqueta="5 + 5 = 8 + 2"/>
      </respuestas>
    </cuestion>
    <cuestion>
      <imagen etiqueta=""><![CDATA[MT_09_08_13_P2_116.jpg]]></imagen>
      <respuestas>
        <respuesta etiqueta="8 + 12 = 18 + 2"/>
      </respuestas>
    </cuestion>
    <cuestion>
      <imagen etiqueta=""><![CDATA[MT_09_08_13_P3_116.jpg]]></imagen>
      <respuestas>
        <respuesta etiqueta="12 + 20 = 30 + 2"/>
      </respuestas>
    </cuestion>
    <cuestion>
      <imagen etiqueta=""><![CDATA[MT_09_08_13_P4_116.jpg]]></imagen>
      <respuestas>
        <respuesta etiqueta="10 + 16 = 24 + 2"/>
      </respuestas>
    </cuestion>
  </sonidoaimagen>
</motor>