﻿<?xml version="1.0" encoding="utf-8"?><motor tipo="1" clase="a" aprid="m1a">
  <plataforma>
    <grado><![CDATA[2]]></grado>
    <titulo>Factoriza monomios</titulo>
    <area>0</area>
    <nivel>1</nivel>
    <referencia/>
    <idreg><![CDATA[0]]></idreg>
    <motor><![CDATA[M1A]]></motor>
    <lang>es</lang>
  </plataforma>
  <enunciado><![CDATA[Relaciona cada monomio con su respectiva descomposición.]]></enunciado>
  <masinfo inicio="0"/>
  <sinaleatoriedad><![CDATA[0]]></sinaleatoriedad>
  <calc><![CDATA[0]]></calc>
  <textoatexto cantidad="8">
    <cuestion>
      <pregunta><![CDATA[72{{cur}}x{{normal}}{{sup}}3{{normal}}{{cur}}y{{normal}}{{sup}}2{{normal}}]]></pregunta>
      <respuesta><![CDATA[2{{normal}}{{sup}}3{{normal}} ⋅ 3{{normal}}{{sup}}2{{normal}} ⋅ {{cur}}x ⋅ {{cur}}x ⋅ {{cur}}x ⋅ {{cur}}y ⋅ {{cur}}y]]></respuesta>
    </cuestion>
    <cuestion>
      <pregunta><![CDATA[108{{cur}}x{{normal}}{{sup}}2{{normal}}{{cur}}y{{normal}}{{sup}}3{{normal}}]]></pregunta>
      <respuesta><![CDATA[2{{normal}}{{sup}}2{{normal}} ⋅ 3{{normal}}{{sup}}3{{normal}} ⋅ {{cur}}x ⋅ x ⋅ y ⋅ y ⋅ y]]></respuesta>
    </cuestion>
    <cuestion>
      <pregunta><![CDATA[121{{cur}}x{{normal}}{{sup}}2{{normal}}{{cur}}y{{normal}}{{sup}}3{{normal}}]]></pregunta>
      <respuesta><![CDATA[11{{sup}}2{{normal}} ⋅ {{cur}}x ⋅ x ⋅ y ⋅ y ⋅ y]]></respuesta>
    </cuestion>
    <cuestion>
      <pregunta><![CDATA[138{{cur}}x{{normal}}{{sup}}2{{normal}}{{cur}}z{{normal}}{{sup}}3{{normal}}]]></pregunta>
      <respuesta><![CDATA[2⋅ 3 ⋅ 23 ⋅ {{cur}}x ⋅ x ⋅ z ⋅ z ⋅ z]]></respuesta>
    </cuestion>
    <cuestion>
      <pregunta><![CDATA[198{{cur}}y{{normal}}{{sup}}3{{normal}}{{cur}}z{{normal}} ]]></pregunta>
      <respuesta><![CDATA[2 ⋅ 3{{normal}}{{sup}}2{{normal}} ⋅ 11 ⋅ {{cur}}y ⋅ y ⋅ y ⋅ z ]]></respuesta>
    </cuestion>
    <cuestion>
      <pregunta><![CDATA[120{{cur}}x{{normal}}{{sup}}3{{normal}}{{cur}}y{{normal}}{{sup}}2{{normal}}]]></pregunta>
      <respuesta><![CDATA[2{{normal}}{{sup}}3{{normal}} ⋅ 3 ⋅ 5 ⋅{{cur}}x ⋅ x ⋅ x ⋅ y ⋅ y ]]></respuesta>
    </cuestion>
    <cuestion>
      <pregunta><![CDATA[200{{cur}}n{{normal}}{{cur}}m{{normal}}{{sup}}2{{normal}}{{cur}}p{{normal}}{{sup}}2{{normal}}]]></pregunta>
      <respuesta><![CDATA[2{{sup}}3{{normal}} ⋅ 5{{normal}}{{sup}}2{{normal}} ⋅ {{cur}}n ⋅ m ⋅ m ⋅ p ⋅ p]]></respuesta>
    </cuestion>
    <cuestion>
      <pregunta><![CDATA[200{{cur}}n{{normal}}{{sup}}2{{normal}}{{cur}}m{{normal}}{{sup}}2{{normal}}{{cur}}p{{normal}}{{sup}}2{{normal}}]]></pregunta>
      <respuesta><![CDATA[2{{normal}}{{sup}}3{{normal}} ⋅ 5{{normal}}{{sup}}2{{normal}} ⋅{{cur}}n ⋅ n ⋅ m ⋅ m ⋅ p ⋅ p ]]></respuesta>
    </cuestion>
  </textoatexto>
  <textofalso cantidad="0"/>
</motor>