﻿<?xml version="1.0" encoding="utf-8"?><motor tipo="5" clase="a" aprid="M5a">
  <plataforma>
    <grado><![CDATA[2]]></grado>
    <titulo>Extrae el factor común</titulo>
    <volumen><![CDATA[3]]></volumen>
    <nivel><![CDATA[2]]></nivel>
    <referencia><![CDATA[mt_08_03_10]]></referencia>
    <id_reg><![CDATA[390]]></id_reg>
    <motor><![CDATA[M5a]]></motor>
    <lang>es</lang>
  </plataforma>
  <enunciado><![CDATA[Observa con atención el polinomio, factoriza y selecciona la respuesta correcta.]]></enunciado>
  <masinfo inicio="0"/>
  <sinaleatoriedad><![CDATA[0]]></sinaleatoriedad>
  <calc><![CDATA[0]]></calc>
  <respuestaunica><![CDATA[0]]></respuestaunica>
  <test cantidad="5">
    <cuestion>
      <enunciado><![CDATA[Selecciona la factorización del polinomio dado.]]></enunciado>
      <explicacion/>
      <imagen><![CDATA[MA_08_04_CO_REC100_IMG01n.png]]></imagen>
      <ampliacion><![CDATA[MA_08_04_CO_REC100_IMG01a.png]]></ampliacion>
      <respuestas>
        <respuesta contestacion="({{cur}}x{{normal}} + 1) · (2 + {{cur}}y{{normal}})" correcta="0"/>
        <respuesta contestacion="({{cur}}x{{normal}} – 1) · (2 + {{cur}}y{{normal}})" correcta="1"/>
        <respuesta contestacion="–({{cur}}x{{normal}} – 1) · (2 + {{cur}}y{{normal}})" correcta="0"/>
      </respuestas>
    </cuestion>
    <cuestion>
      <enunciado><![CDATA[Selecciona la factorización del polinomio dado.]]></enunciado>
      <explicacion/>
      <imagen><![CDATA[MA_08_04_CO_REC100_IMG02n.png]]></imagen>
      <ampliacion><![CDATA[MA_08_04_CO_REC100_IMG02a.png]]></ampliacion>
      <respuestas>
        <respuesta contestacion="({{cur}}n{{normal}} + 2) · ({{cur}}a{{normal}} + 1)" correcta="1"/>
        <respuesta contestacion="({{cur}}n{{normal}} + 2) · ({{cur}}a{{normal}} – 1)" correcta="0"/>
        <respuesta contestacion="({{cur}}n{{normal}} – 2) · ({{cur}}a{{normal}} + 1)" correcta="0"/>
      </respuestas>
    </cuestion>
    <cuestion>
      <enunciado><![CDATA[Selecciona la factorización del polinomio dado.]]></enunciado>
      <explicacion/>
      <imagen><![CDATA[MA_08_04_CO_REC100_IMG03n.png]]></imagen>
      <ampliacion><![CDATA[MA_08_04_CO_REC100_IMG03a.png]]></ampliacion>
      <respuestas>
        <respuesta contestacion="(3{{cur}}x{{normal}}² + 1) · ({{cur}}x{{normal}} – 3{{cur}}a{{normal}})" correcta="0"/>
        <respuesta contestacion="(3{{cur}}x{{normal}}² – 1) · ({{cur}}x{{normal}} – 3{{cur}}a{{normal}})" correcta="1"/>
        <respuesta contestacion="(3{{cur}}x{{normal}}² – 1) · ({{cur}}x{{normal}} + 3{{cur}}a{{normal}})" correcta="0"/>
      </respuestas>
    </cuestion>
    <cuestion>
      <enunciado><![CDATA[Selecciona la factorización del polinomio dado.]]></enunciado>
      <explicacion/>
      <imagen><![CDATA[MA_08_04_CO_REC100_IMG04n.png]]></imagen>
      <ampliacion><![CDATA[MA_08_04_CO_REC100_IMG04a.png]]></ampliacion>
      <respuestas>
        <respuesta contestacion="(–{{cur}}a{{normal}}² + 1) · (4{{cur}}a{{normal}} – 1)" correcta="0"/>
        <respuesta contestacion="({{cur}}a{{normal}}² + 1) · (4{{cur}}a{{normal}} + 1)" correcta="0"/>
        <respuesta contestacion="({{cur}}a{{normal}}² + 1) · (4{{cur}}a{{normal}} – 1)" correcta="1"/>
      </respuestas>
    </cuestion>
    <cuestion>
      <enunciado><![CDATA[Selecciona la factorización del polinomio dado.]]></enunciado>
      <explicacion/>
      <imagen><![CDATA[MA_08_04_CO_REC100_IMG05n.png]]></imagen>
      <ampliacion><![CDATA[MA_08_04_CO_REC100_IMG05a.png]]></ampliacion>
      <respuestas>
        <respuesta contestacion="({{cur}}a{{normal}} – {{cur}}b{{normal}}) · ({{cur}}m{{normal}} + {{cur}}n{{normal}})" correcta="1"/>
        <respuesta contestacion="({{cur}}a{{normal}} + {{cur}}b{{normal}}) · ({{cur}}m{{normal}} + {{cur}}n{{normal}})" correcta="0"/>
        <respuesta contestacion="–({{cur}}a{{normal}} – {{cur}}b{{normal}}) · ({{cur}}m{{normal}} + {{cur}}n{{normal}})" correcta="0"/>
      </respuestas>
    </cuestion>
  </test>
</motor>