﻿<?xml version="1.0" encoding="utf-8"?><motor tipo="7" clase="a" aprid="m7a">
  <plataforma>
    <grado><![CDATA[2]]></grado>
    <titulo>Factoriza sumas y diferencias de potencias iguales</titulo>
    <area>0</area>
    <nivel>1</nivel>
    <referencia/>
    <idreg><![CDATA[0]]></idreg>
    <motor><![CDATA[M7A]]></motor>
    <lang>es</lang>
  </plataforma>
  <enunciado><![CDATA[Usa las propiedades de las sumas y diferencias de potencias iguales según corresponda.]]></enunciado>
  <masinfo inicio="0"/>
  <sinaleatoriedad><![CDATA[0]]></sinaleatoriedad>
  <calc><![CDATA[0]]></calc>
  <respuestaunica><![CDATA[0]]></respuestaunica>
  <test cantidad="6">
    <cuestion>
      <enunciado><![CDATA[¿Cuál es la suma o diferencia de potencias iguales que corresponde a la factorización inidicada?]]></enunciado>
      <imagen><![CDATA[MA_08_04_REC170_IMG01_n.png]]></imagen>
      <ampliacion><![CDATA[MA_08_04_REC170_IMG01_a.png]]></ampliacion>
      <respuestas>
        <respuesta ruta="MA_08_04_REC170_IMG_02.png" ampliacion="" correcta="1"/>
        <respuesta ruta="MA_08_04_REC170_IMG_03.png" ampliacion="" correcta="0"/>
        <respuesta ruta="MA_08_04_REC170_IMG_04.png" ampliacion="" correcta="0"/>
      </respuestas>
    </cuestion>
    <cuestion>
      <enunciado><![CDATA[¿Cuál es la suma o diferencia de potencias iguales que corresponde a la factorización inidicada?]]></enunciado>
      <imagen><![CDATA[MA_08_04_REC170_IMG05_n.png]]></imagen>
      <ampliacion><![CDATA[MA_08_04_REC170_IMG05_a.png]]></ampliacion>
      <respuestas>
        <respuesta ruta="MA_08_04_REC170_IMG_06.png" ampliacion="" correcta="1"/>
        <respuesta ruta="MA_08_04_REC170_IMG_07.png" ampliacion="" correcta="0"/>
        <respuesta ruta="MA_08_04_REC170_IMG_08.png" ampliacion="" correcta="0"/>
      </respuestas>
    </cuestion>
    <cuestion>
      <enunciado><![CDATA[¿Cuál es la suma o diferencia de potencias iguales que corresponde a la factorización inidicada?]]></enunciado>
      <imagen><![CDATA[MA_08_04_REC170_IMG09_n.png]]></imagen>
      <ampliacion><![CDATA[MA_08_04_REC170_IMG09_a.png]]></ampliacion>
      <respuestas>
        <respuesta ruta="MA_08_04_REC170_IMG_11.png" ampliacion="" correcta="0"/>
        <respuesta ruta="MA_08_04_REC170_IMG_12.png" ampliacion="" correcta="0"/>
        <respuesta ruta="MA_08_04_REC170_IMG_10.png" ampliacion="" correcta="1"/>
      </respuestas>
    </cuestion>
    <cuestion>
      <enunciado><![CDATA[¿Cuál es la suma o diferencia de potencias iguales que corresponde a la factorización inidicada?]]></enunciado>
      <imagen><![CDATA[MA_08_04_REC170_IMG13_n.png]]></imagen>
      <ampliacion><![CDATA[MA_08_04_REC170_IMG13_a.png]]></ampliacion>
      <respuestas>
        <respuesta ruta="MA_08_04_REC170_IMG_15.png" ampliacion="" correcta="0"/>
        <respuesta ruta="MA_08_04_REC170_IMG_16.png" ampliacion="" correcta="0"/>
        <respuesta ruta="MA_08_04_REC170_IMG_14.png" ampliacion="" correcta="1"/>
      </respuestas>
    </cuestion>
    <cuestion>
      <enunciado><![CDATA[¿Cuál es la suma o diferencia de potencias iguales que corresponde a la factorización inidicada?]]></enunciado>
      <imagen><![CDATA[MA_08_04_REC170_IMG17_n.png]]></imagen>
      <ampliacion><![CDATA[MA_08_04_REC170_IMG17_a.png]]></ampliacion>
      <respuestas>
        <respuesta ruta="MA_08_04_REC170_IMG_18.png" ampliacion="" correcta="1"/>
        <respuesta ruta="MA_08_04_REC170_IMG_19.png" ampliacion="" correcta="0"/>
        <respuesta ruta="MA_08_04_REC170_IMG_07.png" ampliacion="" correcta="0"/>
      </respuestas>
    </cuestion>
    <cuestion>
      <enunciado><![CDATA[¿Cuál es la suma o diferencia de potencias iguales que corresponde a la factorización inidicada?]]></enunciado>
      <imagen><![CDATA[MA_08_04_REC170_IMG20_n.png]]></imagen>
      <ampliacion><![CDATA[MA_08_04_REC170_IMG20_a.png]]></ampliacion>
      <respuestas>
        <respuesta ruta="MA_08_04_REC170_IMG_21.png" ampliacion="" correcta="1"/>
        <respuesta ruta="MA_08_04_REC170_IMG_22.png" ampliacion="" correcta="0"/>
        <respuesta ruta="MA_08_04_REC170_IMG_03.png" ampliacion="" correcta="0"/>
      </respuestas>
    </cuestion>
  </test>
</motor>