﻿<?xml version="1.0" encoding="UTF-8"?>
<?xml-stylesheet href="cuadernoestudio/dtd/libro.xslt" type="text/xsl"?>
<!--Arbortext, Inc., 1988-2015, v.4002-->
<!DOCTYPE libro SYSTEM "cuadernoestudio/dtd/libro.dtd">
<?Pub Inc?>
<libro id="MA_08_03_CO">
<libroTitulo>Identidades notables</libroTitulo>
<seccion1 id="S1_MA_08_03_CO_6E3A4B5FB6544ACF866E33362C73CADA">
<seccion1Titulo>Los productos notables</seccion1Titulo>
<seccion1Texto>
<p>Un producto notable es una multiplicación entre dos expresiones
algebraicas de la cual se obtiene su resultado por simple inspección,
es decir, sin realizar todo el proceso de la multiplicación.</p>
<p>En este tema se van a estudiar algunos de los productos notables
de uso más frecuente para el cálculo y la trigonometría. </p>
<imagen src="MA_08_03_CO_IMG01_small.jpg">
<p>Los productos notables nos permiten representar y calcular áreas
en forma general.</p>
</imagen>
<seccion2 id="S2_MA_08_03_CO_9FCD6B06FD3F4EF1A3D366A7DF8FA4B3">
<seccion2Titulo>El cuadrado de un binomio</seccion2Titulo>
<seccion2Texto>
<p>Para calcular el cuadrado de un binomio se deben tener en cuenta
dos casos. Si es el cuadrado de una suma de términos (<cursiva>a</cursiva
> + <cursiva>b</cursiva>)<superindice>2</superindice> o si es una
diferencia (<cursiva>a</cursiva> – <cursiva>b</cursiva>)<superindice
>2</superindice>.  </p>
<p>El <negrita>cuadrado de la suma de dos términos</negrita> (<cursiva
>a</cursiva> + <cursiva>b</cursiva>)<superindice>2</superindice> es
el producto del binomio (<cursiva>a</cursiva> + <cursiva>b</cursiva
>) por sí mismo, es decir:  </p>
<p centrado="si">(<cursiva>a</cursiva> + <cursiva>b</cursiva>) (<cursiva
>a</cursiva> + <cursiva>b</cursiva>)</p>
<p>Realizando la multiplicación de los dos binomios se obtiene:  </p>
<p centrado="si">(<cursiva>a</cursiva> + <cursiva>b</cursiva>) (<cursiva
>a</cursiva> + <cursiva>b</cursiva>) = <cursiva>a</cursiva><superindice
>2</superindice> + <cursiva>ab</cursiva> + <cursiva>ba</cursiva> + <cursiva
>b</cursiva><superindice>2</superindice></p>
<p centrado="si">= <cursiva>a</cursiva><superindice>2</superindice
> + 2<cursiva>ab</cursiva> + <cursiva>b</cursiva><superindice>2</superindice
></p>
<p>Por tanto: </p>
<p centrado="si">(<cursiva>a</cursiva> + <cursiva>b</cursiva>)<superindice
>2</superindice> = <cursiva>a</cursiva><superindice>2</superindice
> + 2<cursiva>ab</cursiva> + <cursiva>b</cursiva><superindice>2</superindice
></p>
<p>Por ejemplo:</p>
<p centrado="si">(3<cursiva>x</cursiva> + <cursiva>y</cursiva>)<superindice
>2</superindice> = (3<cursiva>x</cursiva>)<superindice>2</superindice
> + 2 (3<cursiva>x</cursiva>) (<cursiva>y</cursiva>) + <cursiva>y</cursiva
><superindice>2</superindice></p>
<p centrado="si">= 9<cursiva>x</cursiva><superindice>2</superindice
> + 6<cursiva>xy</cursiva> + <cursiva>y</cursiva><superindice>2</superindice
></p>
<p>En este otro ejemplo:</p>
<p centrado="si">(3<cursiva>x</cursiva> + 4)<superindice>2</superindice
> = (3<cursiva>x</cursiva>)<superindice>2</superindice> + 2(3<cursiva
>x</cursiva>)(4) + 4<superindice>2</superindice> = 9<cursiva>x</cursiva
><superindice>2</superindice> +24<cursiva>x</cursiva> +16</p>
<destacado><destacadoTitulo>Cuadrado de un binomio</destacadoTitulo>
<destacadoTexto>
<p>El cuadrado de la suma de un binomio es igual al cuadrado del primer
término más dos veces el producto del primero por el segundo término
más el cuadrado del segundo término.  </p>
<p centrado="si">(<cursiva>a</cursiva> + <cursiva>b</cursiva>)<superindice
>2</superindice> = <cursiva>a</cursiva><superindice>2</superindice
> + 2<cursiva>ab</cursiva> + <cursiva>b</cursiva><superindice>2</superindice
> </p>
</destacadoTexto></destacado>
<p>Geométricamente el cuadrado de un binomio representa un cuadrado
en el que la longitud de cada uno de sus lados es <cursiva>a</cursiva
>+<cursiva>b</cursiva>; imagina que es un rompecabezas y que dispones
de cuatro fichas para armar un cuadrado como se observa en la imagen.</p>
<imagen src="MA_08_03_CO_IMG02_small.jpg">
<p>Interpretación geométrica del cuadrado de la suma de dos términos.
El área del cuadrado azul es la suma del área de dos cuadrados menores
y dos rectángulos de igual área.  </p>
</imagen>
<profundiza>
<enlace
destino="/LoIdRedirect.aspx?LoId=MA_08_03_CO_Recurso010&amp;IdRecurso=RES-73F6A25ECD5E4033876530434E1AAA7A"
>Deducción geométrica de las igualdades notables</enlace>
</profundiza>
<p>El <negrita>cuadrado de la diferencia de dos términos </negrita
>(<cursiva>a</cursiva> – <cursiva>b</cursiva>)<superindice>2</superindice
> es el producto del binomio (<cursiva>a</cursiva> – <cursiva>b</cursiva
>) por sí mismo, es decir:</p>
<p centrado="si"> (<cursiva>a</cursiva> – <cursiva>b</cursiva>) ∙
(<cursiva>a</cursiva> – <cursiva>b</cursiva>)  </p>
<p>Al realizar el producto se obtiene:  </p>
<p centrado="si">(<cursiva>a</cursiva> – <cursiva>b</cursiva>) ∙ (<cursiva
>a</cursiva> –<cursiva> b</cursiva>) = <cursiva>a</cursiva><superindice
>2</superindice> – <cursiva>ab</cursiva> – <cursiva>ba</cursiva> + <cursiva
>b</cursiva><superindice>2</superindice></p>
<p centrado="si">= <cursiva>a</cursiva><superindice>2</superindice
> – 2<cursiva>ab</cursiva> + <cursiva>b</cursiva><superindice>2</superindice
></p>
<p>Por tanto:  </p>
<p centrado="si">(<cursiva>a</cursiva> –<cursiva> b</cursiva>)<superindice
>2</superindice> = <cursiva>a</cursiva><superindice>2</superindice
> – 2<cursiva>ab</cursiva> + <cursiva>b</cursiva><superindice>2</superindice
></p>
<p>Por ejemplo: </p>
<p centrado="si"> (<cursiva>x</cursiva>  – 4)<superindice>2</superindice
> = (<cursiva>x</cursiva>)<superindice>2</superindice> – 2(<cursiva
>x</cursiva>) (4) + (4)<superindice>2</superindice></p>
<p centrado="si">= <cursiva>x</cursiva><superindice>2</superindice
> – 8<cursiva>x </cursiva>+ 16</p>
<p centrado="si"> (5<cursiva>x</cursiva> – 2<cursiva>y</cursiva>)<superindice
>2 </superindice>= (5<cursiva>x</cursiva>)<superindice>2</superindice
> – 2(5<cursiva>x</cursiva>)(2<cursiva>y</cursiva>) + (2<cursiva>y</cursiva
>)<superindice>2</superindice></p>
<p centrado="si">= 25<cursiva>x</cursiva><superindice>2</superindice
> – 20<cursiva>xy</cursiva> + 4<cursiva>y</cursiva><superindice>2</superindice
></p>
<p>En este otro ejemplo: </p>
<formula alineacion="centrada" src="MA_08_03001.gif"></formula>
<formula alineacion="centrada" src="MA_08_03002.gif"></formula>
<destacado><destacadoTitulo>Cuadrado de un binomio</destacadoTitulo>
<destacadoTexto>
<p>El cuadrado de la diferencia de dos términos es el cuadrado del
primer término menos dos veces el producto del primer factor por el
segundo factor más el cuadrado del segundo término.</p>
</destacadoTexto></destacado>
<p>Geométricamente el cuadrado de la diferencia de dos términos representa
un cuadrado en el que la longitud de cada uno de sus lados es <cursiva
>a</cursiva> – <cursiva>b</cursiva>, como se observa en la siguiente
imagen.</p>
<imagen src="MA_08_03_CO_IMG03_small.jpg">
<p>Interpretación geométrica del cuadrado de un binomio de la forma <cursiva
>a</cursiva> – <cursiva>b</cursiva>. </p>
</imagen>
<practica>
<enlace
destino="/LoIdRedirect.aspx?LoId=MA_08_03_CO_Recurso030&amp;IdRecurso=RES-DD2D2E0709134279A598DB486D6199C1"
>Practica el cuadrado de un binomio</enlace>
<enlace
destino="/LoIdRedirect.aspx?LoId=MA_08_03_CO_Recurso060&amp;IdRecurso=RES-7E6C4ED7D1F24535907B005BEBB4C5FA"
>Aplica el cuadrado de un binomio en la solución de problemas</enlace>
</practica></seccion2Texto></seccion2><seccion2
id="S2_MA_08_03_CO_98CDB7FF9D724A5090705E4DDCBC115A">
<seccion2Titulo>Producto de la suma por la diferencia</seccion2Titulo>
<seccion2Texto>
<p>La suma por la diferencia de dos términos representa geométricamente
el área de un rectángulo cuyos lados son (<cursiva>a</cursiva> + <cursiva
>b</cursiva>) y (<cursiva>a</cursiva> – <cursiva>b</cursiva>).</p>
<imagen src="MA_08_03_CO_IMG04_small.jpg">
<p>Interpretación geométrica del producto (<cursiva>a</cursiva> + <cursiva
>b</cursiva>) ∙ (<cursiva>a</cursiva> – <cursiva>b</cursiva>).   </p>
</imagen>
<p>Geométricamente el producto de la forma (<cursiva>a</cursiva> + <cursiva
>b</cursiva>) ∙ (<cursiva>a</cursiva> – <cursiva>b</cursiva>) se asocia
al área de un rectángulo de dimensiones (a + b) y (a – b), como se
observa en la figura de la izquierda. Por otra parte, en la figura
de la derecha se observa que al área del cuadrado de lado <cursiva
>a</cursiva> se sustrae el área del cuadrado de lado <cursiva>b</cursiva
>, obteniendo un área igual a la anterior. Es decir, las áreas son
iguales.  </p>
<p>Realizando la multiplicación de los dos binomios se obtiene:</p>
<p>Se aplica la propiedad distributiva:</p>
<p centrado="si">(<cursiva>a</cursiva> +<cursiva> b</cursiva>)(<cursiva
>a</cursiva> – <cursiva>b</cursiva>) = <cursiva>a</cursiva>(<cursiva
>a</cursiva> – <cursiva>b</cursiva>) + <cursiva>b</cursiva>(<cursiva
>a</cursiva> – <cursiva>b</cursiva>) </p>
<p>Se aplica la propiedad distributiva:</p>
<p centrado="si">= <cursiva>a</cursiva><superindice>2</superindice
> – <cursiva>ab</cursiva> + <cursiva>ba</cursiva> – <cursiva>b</cursiva
><superindice>2</superindice></p>
<p>Se reducen términos semejantes:</p>
<p centrado="si">= <cursiva>a</cursiva><superindice>2</superindice
> –<cursiva> b</cursiva><superindice>2</superindice></p>
<p>Por tanto:</p>
<p centrado="si">(<cursiva>a</cursiva> + <cursiva>b</cursiva>)(<cursiva
>a</cursiva> – <cursiva>b</cursiva>) = <cursiva>a</cursiva><superindice
>2</superindice> – <cursiva>b</cursiva><superindice>2</superindice
></p>
<destacado><destacadoTitulo>Producto de la suma por la diferencia</destacadoTitulo>
<destacadoTexto>
<p>El producto de la suma por la diferencia de dos términos es el
cuadrado del primer término menos el cuadrado del segundo término.</p>
</destacadoTexto></destacado>
<p>Por ejemplo:</p>
<p centrado="si"> (3<cursiva>x</cursiva> + 5<cursiva>y</cursiva>)
∙ (3<cursiva>x</cursiva> – 5<cursiva>y</cursiva>) = 9<cursiva>x</cursiva
><superindice>2</superindice> – 25<cursiva>y</cursiva><superindice
>2</superindice></p>
<formula alineacion="centrada" src="MA_08_03003.gif"></formula>
<practica>
<enlace
destino="/LoIdRedirect.aspx?LoId=MA_08_03_CO_Recurso070&amp;IdRecurso=RES-B0A7BE161DF9453D805703AF7D78FF0C"
>Identifica la representación geométrica del producto de la forma
(<cursiva>a</cursiva> + <cursiva>b</cursiva>)(<cursiva>a</cursiva
> – <cursiva>b</cursiva>)</enlace>
<enlace
destino="/LoIdRedirect.aspx?LoId=MA_08_03_CO_Recurso080&amp;IdRecurso=RES-083D0D5C2091486B96B0EA2BA0254586"
>Practica el producto de la suma por la diferencia</enlace>
<enlace
destino="/LoIdRedirect.aspx?LoId=MA_08_03_CO_Recurso090&amp;IdRecurso=RES-7AD4F944EB9A4A4DBCED7E6935FA08BE"
>Aplica la suma por la diferencia en la solución de problemas</enlace>
</practica></seccion2Texto></seccion2><seccion2
id="S2_MA_08_03_CO_BFD65F4A60AC45F69E22DC31748D7BFC"><?Pub Dtl?>
<seccion2Titulo>El cuadrado de un trinomio</seccion2Titulo>
<seccion2Texto>
<p>El cuadrado de un trinomio (<cursiva>a + b + c</cursiva>)  es el
producto del trinomio por sí mismo, es decir:</p>
<p centrado="si">(<cursiva>a + b + c</cursiva>) (<cursiva>a + b +
c</cursiva>)</p>
<p>Realizando la multiplicación de los dos trinomios se obtiene:</p>
<p centrado="si">(<cursiva>a + b + c</cursiva>) ∙ (<cursiva>a + b
+ c</cursiva>) = <cursiva>a</cursiva><superindice>2</superindice> + <cursiva
>ab + ac + ba + b</cursiva><superindice>2</superindice> + <cursiva
>bc + ca + cb + c</cursiva><superindice>2</superindice></p>
<p centrado="si">= <cursiva>a</cursiva><superindice>2</superindice
> + <cursiva>b</cursiva><superindice>2 </superindice>+ <cursiva>c</cursiva
><superindice>2</superindice> + 2<cursiva>ab</cursiva> + 2<cursiva
>bc </cursiva>+ 2<cursiva>ac</cursiva></p>
<p> Por tanto: </p>
<p centrado="si">(<cursiva>a + b + c</cursiva>)<superindice>2</superindice
> = <cursiva>a</cursiva><superindice>2</superindice> + <cursiva>b</cursiva
><superindice>2 </superindice>+<cursiva> c</cursiva><superindice>2</superindice
> + 2<cursiva>ab</cursiva> + 2<cursiva>bc </cursiva>+ 2<cursiva>ac</cursiva
>  </p>
<p>Por ejemplo: </p>
<p centrado="si">(3<cursiva>x + y</cursiva> + 5<cursiva>z</cursiva
>)<superindice>2</superindice> = (3<cursiva>x</cursiva>)<superindice
>2</superindice> + <cursiva>y</cursiva><superindice>2</superindice
> + (5<cursiva>z</cursiva>)<superindice>2</superindice> + 2(3<cursiva
>x</cursiva>)<superindice>2</superindice>(<cursiva>y</cursiva>) +
2(<cursiva>y</cursiva>)(5<cursiva>z</cursiva>) + 2(3<cursiva>x</cursiva
>)(5<cursiva>z</cursiva>)</p>
<p centrado="si">= 9<cursiva>x</cursiva><superindice>2</superindice
> + <cursiva>y</cursiva><superindice>2</superindice> + 25<cursiva
>z</cursiva><superindice>2</superindice> + 6<cursiva>xy</cursiva> +
10<cursiva>zy</cursiva> + 30<cursiva>xz</cursiva>  </p>
<p>Otro ejemplo es: </p>
<p centrado="si">	(2<cursiva>x</cursiva><superindice>2</superindice
> + 4<cursiva>x</cursiva> + 5)<superindice>2</superindice> = (2<cursiva
>x</cursiva><superindice>2</superindice>)<superindice>2</superindice
> + (4<cursiva>x</cursiva>)<superindice>2</superindice> + (5)<superindice
>2</superindice> + 2(2<cursiva>x</cursiva><superindice>2</superindice
>)(4<cursiva>x</cursiva>) + 2(4<cursiva>x</cursiva>)(5) + 2(2<cursiva
>x</cursiva><superindice>2</superindice>)(5)</p>
<p centrado="si">= 4<cursiva>x</cursiva><superindice>4</superindice
> + 16<cursiva>x</cursiva><superindice>2</superindice> + 25 + 16<cursiva
>x</cursiva><superindice>3</superindice> + 40<cursiva>x</cursiva> +
20<cursiva>x</cursiva><superindice>2</superindice></p>
<p centrado="si">= 4<cursiva>x</cursiva><superindice>4</superindice
> + 16<cursiva>x</cursiva><superindice>3</superindice> + 36<cursiva
>x</cursiva><superindice>2</superindice> + 40<cursiva>x</cursiva> +
25</p>
<p>Geométricamente representa un cuadrado en el que la longitud de
cada uno de sus lados es <cursiva>a</cursiva> + <cursiva>b</cursiva
> + <cursiva>c</cursiva>.</p>
<imagen src="MA_08_03_CO_IMG05_small.jpg">
<p>Interpretación geométrica del cuadrado de un trinomio. El área
del cuadrado del trinomio es la suma de las áreas de tres cuadrados
menores y seis rectángulos.</p>
</imagen>
<destacado><destacadoTitulo>Cuadrado de un trinomio</destacadoTitulo>
<destacadoTexto>
<p>El cuadrado de un trinomio es el cuadrado del primer término, más
el cuadrado del segundo, más el cuadrado del tercero, más dos veces
el producto del primer término por el segundo, más dos veces el producto
del segundo término por el tercero, más dos veces el producto del
primer término por el tercero.</p>
</destacadoTexto></destacado><profundiza>
<enlace
destino="/LoIdRedirect.aspx?LoId=MA_08_03_CO_Recurso100&amp;IdRecurso=RES-97434BB73F1540D4983440E844B8B6F9"
>Cuadrado de un trinomio</enlace>
</profundiza><practica>
<enlace
destino="/LoIdRedirect.aspx?LoId=MA_08_03_CO_Recurso110&amp;IdRecurso=RES-1C7A093C6FD241EB987D44878CB79999"
>Practica el cuadrado de un trinomio (<cursiva>a</cursiva> + <cursiva
>b</cursiva> + <cursiva>c</cursiva>)</enlace>
</practica></seccion2Texto></seccion2><seccion2
id="S2_MA_08_03_CO_A40CA72D7191495D8F278F31DC776941"><?Pub Dtl?>
<seccion2Titulo>El producto de dos binomios con un término común</seccion2Titulo>
<seccion2Texto>
<p>Al realizar la multiplicación de (<cursiva>x</cursiva> + <cursiva
>a</cursiva>) ∙ (<cursiva>x</cursiva> + <cursiva>b</cursiva>) se obtiene: </p>
<p centrado="si"> <cursiva>(x + a</cursiva>) (<cursiva>x + b</cursiva
>) = <cursiva>x</cursiva><superindice>2</superindice> + <cursiva>xb
+ ax + ab</cursiva></p>
<p centrado="si">= <cursiva>x</cursiva><superindice>2</superindice
> + (<cursiva>a + b</cursiva>)<cursiva>x + ab</cursiva></p>
<p>Por tanto: </p>
<p centrado="si">(<cursiva>x + a</cursiva>)(<cursiva>x + b</cursiva
>) =  <cursiva>x</cursiva><superindice>2</superindice> + (<cursiva
>a + b</cursiva>)<cursiva>x + ab</cursiva></p>
<p>Por ejemplo:</p>
<p centrado="si"> (<cursiva>x</cursiva> + 3)(<cursiva>x</cursiva> +
5) =  <cursiva>x</cursiva><superindice>2</superindice> + (5 + 3)<cursiva
>x</cursiva> + 5 ∙ 3</p>
<p centrado="si">= <cursiva>x</cursiva><superindice>2</superindice
> + 8<cursiva>x</cursiva> + 15</p>
<p>En este otro ejemplo:</p>
<p centrado="si"> (<cursiva>x + 2</cursiva><cursiva>y</cursiva>)(<cursiva
>x</cursiva> + 6<cursiva>y</cursiva>) = <cursiva>x</cursiva><superindice
>2</superindice> + (2<cursiva>y</cursiva> + 6<cursiva>y</cursiva>)<cursiva
>x</cursiva> + 2<cursiva>y</cursiva> ∙ 6<cursiva>y</cursiva></p>
<p centrado="si">= <cursiva>x</cursiva><superindice>2</superindice
> + 8<cursiva>xy</cursiva> + 12<cursiva>y</cursiva><superindice>2</superindice
></p>
<imagen src="MA_08_03_CO_IMG06_small.jpg">
<p>Interpretación geométrica del producto de dos binomios con un término
común.</p>
</imagen>
<destacado><destacadoTitulo>El producto de dos binomio con termino
común</destacadoTitulo><destacadoTexto>
<p>El producto de dos binomios con un término común es el cuadrado
del primer término, más el producto de la suma de los dos segundos
términos por el primer término, más el producto de los segundos términos. </p>
</destacadoTexto></destacado><practica>
<enlace
destino="/LoIdRedirect.aspx?LoId=MA_08_03_CO_Recurso120&amp;IdRecurso=RES-2784DB4C6400400B8C122793F49A7364"
>Practica el producto de la forma (<cursiva>x</cursiva> + <cursiva
>a</cursiva>)(<cursiva>x + b</cursiva>)</enlace>
</practica></seccion2Texto></seccion2><seccion2
id="S2_MA_08_03_CO_9AEAEE4CC3B54A4699638803C8EB06A8">
<seccion2Titulo>El cubo de un binomio</seccion2Titulo>
<seccion2Texto>
<p>El cubo del binomio (<cursiva>x + a</cursiva>) es el producto de
(<cursiva>x + a</cursiva>) por sí mismo tres veces, es decir: </p>
<p centrado="si">(<cursiva>a + b</cursiva>)<superindice>3</superindice
> = (<cursiva>a + b</cursiva>) ∙ (<cursiva>a + b</cursiva>) ∙ (<cursiva
>a + b</cursiva>)</p>
<p centrado="si">= (<cursiva>a + b</cursiva>) (<cursiva>a</cursiva
><superindice>2 </superindice>+ 2<cursiva>ab</cursiva> + <cursiva
>b</cursiva><superindice>2</superindice>)</p>
<p centrado="si">= <cursiva>a</cursiva><superindice>3</superindice
> + 2<cursiva>a</cursiva><superindice>2</superindice><cursiva>b +
ab</cursiva><superindice>2</superindice> + <cursiva>a</cursiva><superindice
>2</superindice><cursiva>b</cursiva>  + 2<cursiva>ab</cursiva><superindice
>2</superindice> + <cursiva>b</cursiva><superindice>3</superindice
></p>
<p centrado="si">= <cursiva>a</cursiva><superindice>3</superindice
> + 3<cursiva>a</cursiva><superindice>2</superindice><cursiva>b</cursiva
> + 3<cursiva>ab</cursiva><superindice>2</superindice> + <cursiva
>b</cursiva><superindice>3</superindice></p>
<p>Por tanto:</p>
<p centrado="si">(<cursiva>a + b</cursiva>)<superindice>3</superindice
>  = <cursiva>a</cursiva><superindice>3</superindice> + 3<cursiva
>a</cursiva><superindice>2</superindice><cursiva>b</cursiva> + 3<cursiva
>ab</cursiva><superindice>2</superindice> + <cursiva>b</cursiva><superindice
>3</superindice></p>
<p>Por ejemplo:</p>
<p centrado="si"> (2<cursiva>x</cursiva> + 5<cursiva>y</cursiva>)<superindice
>3</superindice> = (2<cursiva>x</cursiva>)<superindice>3</superindice
> + 3(2<cursiva>x</cursiva>)2(5<cursiva>y</cursiva>) + 3(2<cursiva
>x</cursiva>)(5<cursiva>y</cursiva>)<superindice>2</superindice> +
(5<cursiva>y</cursiva>)<superindice>3</superindice></p>
<p centrado="si">= 8<cursiva>x</cursiva><superindice>3</superindice
> + 60<cursiva>x</cursiva><superindice>2</superindice><cursiva>y</cursiva
> + 150<cursiva>xy</cursiva><subindice>2</subindice> + 125<cursiva
>y</cursiva><superindice>3</superindice></p>
<p>En este otro ejemplo:</p>
<p centrado="si">(4<cursiva>x</cursiva> + 3<cursiva>y</cursiva>)<superindice
>3</superindice> = (4<cursiva>x</cursiva>)3 + 3(4<cursiva>x</cursiva
>)<superindice>2</superindice>(3<cursiva>y</cursiva>) + 3(4<cursiva
>x</cursiva>)(3<cursiva>y</cursiva>)<superindice>2</superindice> +
(3<cursiva>y</cursiva>)<superindice>3</superindice></p>
<p centrado="si">= 64<cursiva>x</cursiva><superindice>3</superindice
> + 144<cursiva>x</cursiva><superindice>2</superindice><cursiva>y </cursiva
>+ 108<cursiva>xy</cursiva><superindice>2</superindice> + 27<cursiva
>y</cursiva><superindice>3</superindice></p>
<p>Geométricamente, representa un cubo de arista (<cursiva>a + b</cursiva
>).</p>
<imagen src="MA_08_03_CO_IMG07_small.jpg">
<p>Interpretación geométrica del cubo de la suma de dos términos.</p>
</imagen>
<p>Para el caso del binomio (<cursiva>a – b</cursiva>) se aplica tanto
para la suma de dos términos como para la diferencia; el cubo del
binomio (<cursiva>a – b</cursiva>) es el producto de (<cursiva>a –
b</cursiva>) por sí mismo tres veces, es decir:</p>
<p centrado="si"> (<cursiva>a – b</cursiva>)<superindice>3</superindice
> = (<cursiva>a – b</cursiva>) ∙ (<cursiva>a – b</cursiva>) ∙ (<cursiva
>a – b</cursiva>)</p>
<p centrado="si">= (<cursiva>a – b</cursiva>) (<cursiva>a</cursiva
><superindice>2</superindice> – 2<cursiva>ab</cursiva> + <cursiva
>b</cursiva><superindice>2</superindice>)</p>
<p centrado="si"> = <cursiva>a</cursiva><superindice>3</superindice
> – 2<cursiva>a</cursiva><superindice>2</superindice><cursiva>b</cursiva
> + <cursiva>ab</cursiva><superindice>2</superindice> – <cursiva>a</cursiva
><superindice>2</superindice><cursiva>b</cursiva> + 2<cursiva>ab</cursiva
><superindice>2</superindice> – <cursiva>b</cursiva><superindice>3</superindice
></p>
<p centrado="si">= <cursiva>a</cursiva><superindice>3</superindice
> – 3<cursiva>a</cursiva><superindice>2</superindice><cursiva>b</cursiva
> + 3<cursiva>ab</cursiva><superindice>2</superindice> – <cursiva
>b</cursiva><superindice>3</superindice></p>
<p>Por tanto:</p>
<p centrado="si"> (<cursiva>a – b</cursiva>)<superindice>3</superindice
> = <cursiva>a</cursiva><superindice>3</superindice> – 3<cursiva>a</cursiva
><superindice>2</superindice><cursiva>b</cursiva> + 3<cursiva>ab</cursiva
><superindice>2</superindice> – <cursiva>b</cursiva><superindice>3</superindice
></p>
<p>Por ejemplo:</p>
<p centrado="si">(4<cursiva>x</cursiva> – 3<cursiva>y</cursiva>)<superindice
>3</superindice> = (4<cursiva>x</cursiva>)<superindice>3</superindice
> – 3(4<cursiva>x</cursiva>)<superindice>2</superindice>(3<cursiva
>y</cursiva>) + 3(4<cursiva>x</cursiva>)(3<cursiva>y</cursiva>)<superindice
>2</superindice> – (3<cursiva>y</cursiva>)<superindice>3</superindice
></p>
<p centrado="si">= 64<cursiva>x</cursiva><superindice>3</superindice
> – 144<cursiva>x</cursiva><superindice>2</superindice><cursiva>y</cursiva
> + 108<cursiva>xy</cursiva><superindice>2</superindice> – 27<cursiva
>y</cursiva><superindice>3</superindice> </p>
<p>En este otro ejemplo: </p>
<p centrado="si">(2<cursiva>x</cursiva> – 3<cursiva>y</cursiva>)<superindice
>3</superindice> = (2<cursiva>x</cursiva>)<superindice>3</superindice
> – 3(2<cursiva>x</cursiva>)<superindice>2</superindice>(3<cursiva
>y</cursiva>) + 3(2<cursiva>x</cursiva>)(3<cursiva>y</cursiva>)<superindice
>2</superindice> – (3<cursiva>y</cursiva>)<superindice>3</superindice
> </p>
<p centrado="si">= 8<cursiva>x</cursiva><superindice>3</superindice
> – 36<cursiva>x</cursiva><superindice>2</superindice><cursiva>y </cursiva
>+ 54<cursiva>xy</cursiva><superindice>2</superindice> – 27<cursiva
>y</cursiva><superindice>3</superindice></p>
<imagen src="MA_08_03_CO_IMG08_small.jpg">
<p>Interpretación geométrica del cubo de un binomio de la forma (<cursiva
>a</cursiva> – <cursiva>b</cursiva>).</p>
</imagen>
<profundiza>
<enlace
destino="/LoIdRedirect.aspx?LoId=MA_08_03_CO_Recurso140&amp;IdRecurso=RES-CDA3AC4CA8A14D68A509BD4ABE8AA187"
>Cubo de un binomio</enlace>
</profundiza><practica>
<enlace
destino="/LoIdRedirect.aspx?LoId=MA_08_03_CO_Recurso160&amp;IdRecurso=RES-43316A14C0F8408BB40AA358AE613FF9"
>Identifica el desarrollo del cubo de un binomio</enlace>
</practica></seccion2Texto></seccion2><seccion2
id="S2_MA_08_03_CO_344B36BEE0C044BE84BCF96598262AFD"><?Pub Dtl?>
<seccion2Titulo>Consolidación</seccion2Titulo>
<seccion2Texto>
<p>Actividades para consolidar lo que has aprendido en esta sección.</p>
<practica>
<enlace
destino="/LoIdRedirect.aspx?LoId=MA_08_03_CO_Recurso170&amp;IdRecurso=RES-39A02F31817647C189EB993EEFEA8C13"
>Refuerza tu aprendizaje: Las identidades notables</enlace>
</practica></seccion2Texto></seccion2></seccion1Texto></seccion1>
<seccion1 id="S1_MA_08_03_CO_25097CD165814FBD8E2FF1227A8FEA24">
<seccion1Titulo>El triángulo de Pascal</seccion1Titulo>
<seccion1Texto>
<p>El triángulo de Pascal es una secuencia numérica en forma de triángulo.
Se denomina de Pascal en honor a Blaise Pascal, matemático y físico
francés del siglo XVII. Su aplicación se observa en el álgebra para
el desarrollo de binomios de la forma (<cursiva>a</cursiva> ± <cursiva
>b</cursiva>)<superindice>n</superindice>, siendo <cursiva>n</cursiva
> un número natural.</p>
<profundiza>
<enlace
destino="/LoIdRedirect.aspx?LoId=MA_08_03_CO_Recurso190&amp;IdRecurso=RES-46A96A79AE344DC7BC61BFD1E50B9136"
>El triángulo de Pascal</enlace>
</profundiza>
<imagen src="MA_08_03_CO_IMG09_small.jpg">
<p>Lista de las potencias del binomio (<cursiva>a + b</cursiva>) y
los coeficientes de los términos de cada potencia.</p>
</imagen>
<seccion2 id="S2_MA_08_03_CO_A4531E3475F54EC6A734D7CFE6C8F8ED">
<seccion2Titulo>El binomio de Newton</seccion2Titulo>
<seccion2Texto>
<p>El binomio de Newton es la generalización de un binomio elevado
a cualquier potencia, (<cursiva>a ± b</cursiva>)<superindice>n</superindice
>, siendo <cursiva>n</cursiva> un número natural. Hasta ahora revisamos
el cuadrado de un binomio y el cubo de un binomio, ¿pero qué sucede
cuando el exponente del binomio es mayor que tres?</p>
<p>En este caso se hace uso del triángulo de Pascal, para obtener
el desarrollo polinomial de cualquier binomio elevado a cualquier
potencia entera positiva. Teniendo en cuenta que:</p>
<listaSinNumerar>
<listaElemento>Cada fila del triángulo es el número del exponente.</listaElemento>
<listaElemento>Los números en cada fila del triángulo son los coeficientes
del desarrollo polinomial del binomio.</listaElemento>
<listaElemento>En el desarrollo del binomio los exponentes de <cursiva
>a</cursiva> van disminuyendo, de uno en uno, de <cursiva>n</cursiva
> a cero; y los exponentes de <cursiva>b</cursiva> van aumentando,
de uno en uno, de cero a <cursiva>n</cursiva>, de manera que la suma
de los exponentes de <cursiva>a</cursiva> y de <cursiva>b</cursiva
>, en cada término, es igual a <cursiva>n</cursiva>. </listaElemento>
</listaSinNumerar>
<p>Por ejemplo:  </p>
<p centrado="si"> (<cursiva>a + b</cursiva>)<superindice>3</superindice
> = <cursiva>a</cursiva><superindice>3</superindice> + 3<cursiva>a</cursiva
><superindice>2</superindice><cursiva>b</cursiva> + 3<cursiva>ab</cursiva
><superindice>2</superindice> + <cursiva>b</cursiva><superindice>3</superindice
></p>
<p>Los coeficientes son 1, 3, 3, 1; el exponente del binomio es 3,
y estos coeficientes se corresponden con los términos de la fila tres
del triángulo de Pascal.  </p>
<p>¿Cómo queda el desarrollo de (<cursiva>a + b</cursiva>)<superindice
>4</superindice>?  </p>
<p>Los términos de la fila número cuatro en el triángulo de Pascal
son: 1, 4, 6, 4, 1, por tanto:</p>
<p centrado="si">(<cursiva>a + b</cursiva>)<superindice>4</superindice
> = <cursiva>a</cursiva><superindice>4</superindice> + 4<cursiva>a</cursiva
><superindice>3</superindice><cursiva>b</cursiva> + 6<cursiva>a</cursiva
><superindice>2</superindice><cursiva>b</cursiva><superindice>2</superindice
> + 4<cursiva>ab</cursiva><superindice>3</superindice> + <cursiva
>b</cursiva><superindice>4</superindice></p>
<p>Observa cómo el exponente de <cursiva>a</cursiva> comienza en 4
y va disminuyendo, de uno en uno, hasta llegar a cero, y el de <cursiva
>b</cursiva> va aumentando desde cero, de uno en uno, hasta llegar
a cuatro: </p>
<p centrado="si"><cursiva>a</cursiva><superindice>4</superindice> = <cursiva
>a</cursiva><superindice>4</superindice><cursiva>b</cursiva><superindice
>0</superindice> y <cursiva>b</cursiva><superindice>4</superindice
> = <cursiva>a</cursiva><superindice>0</superindice><cursiva>b</cursiva
><superindice>4</superindice></p>
<table border="1" cellspacing="0"><caption>Desarrollo del binomio
de Newton desde <cursiva>n</cursiva> = 0 hasta <cursiva>n</cursiva
> = 8</caption><colgroup align="center"><col/></colgroup>
<tbody>
<tr>
<td>(<cursiva>a + b</cursiva>)<subindice>0</subindice> = 1</td>
</tr>
<tr>
<td>(<cursiva>a + b</cursiva>)<superindice>1</superindice> = <cursiva
>a + b</cursiva></td>
</tr>
<tr>
<td>(<cursiva>a + b</cursiva>)<superindice>2</superindice> = <cursiva
>a</cursiva><superindice>2</superindice> + 2<cursiva>ab</cursiva> + <cursiva
>b</cursiva><superindice>2</superindice></td>
</tr>
<tr>
<td>(<cursiva>a + b</cursiva>)<superindice>3</superindice> = <cursiva
>a</cursiva><superindice>3</superindice> + 3<cursiva>a</cursiva><superindice
>2</superindice><cursiva>b</cursiva> + 3<cursiva>ab</cursiva><superindice
>2</superindice> + <cursiva>b</cursiva><superindice>3</superindice
></td>
</tr>
<tr>
<td>(<cursiva>a + b</cursiva>)<superindice>4</superindice> = <cursiva
>a</cursiva><superindice>4</superindice> + 4<cursiva>a</cursiva><superindice
>3</superindice><cursiva>b</cursiva> + 6<cursiva>a</cursiva><superindice
>2</superindice><cursiva>b</cursiva><superindice>2</superindice> +
4<cursiva>a</cursiva><cursiva>b</cursiva><superindice>3</superindice
> + <cursiva>b</cursiva><superindice>4</superindice></td>
</tr>
<tr>
<td>(<cursiva>a + b</cursiva>)<superindice>5</superindice> = <cursiva
>a</cursiva><superindice>5</superindice> + 5<cursiva>a</cursiva><superindice
>4</superindice><cursiva>b</cursiva> + 10<cursiva>a</cursiva><superindice
>3</superindice><cursiva>b</cursiva><superindice>2</superindice> +
10<cursiva>a</cursiva><superindice>2</superindice><cursiva>b</cursiva
><superindice>3</superindice> + 5<cursiva>ab</cursiva><superindice
>4</superindice> + <cursiva>b</cursiva><superindice>5</superindice
></td>
</tr>
<tr>
<td>(<cursiva>a + b</cursiva>)<superindice>6</superindice> = <cursiva
>a</cursiva><superindice>6</superindice> + 6<cursiva>a</cursiva><superindice
>5</superindice><cursiva>b</cursiva> + 15<cursiva>a</cursiva><superindice
>4</superindice><cursiva>b</cursiva><superindice>2</superindice> +
20<cursiva>a</cursiva><superindice>3</superindice><cursiva>b</cursiva
><superindice>3</superindice> + 15<cursiva>a</cursiva><superindice
>2</superindice><cursiva>b</cursiva><superindice>4</superindice> +
6<cursiva>ab</cursiva><superindice>5</superindice> + <cursiva>b</cursiva
><superindice>6</superindice></td>
</tr>
<tr>
<td>(<cursiva>a + b</cursiva>)<superindice>7</superindice> =<cursiva
> a</cursiva><superindice>7</superindice> + 7<cursiva>a</cursiva><superindice
>6</superindice><cursiva>b</cursiva> + 21<cursiva>a</cursiva><superindice
>5</superindice><cursiva>b</cursiva><superindice>2 </superindice>+
35<cursiva>a</cursiva><superindice>4</superindice><cursiva>b</cursiva
><superindice>3</superindice> + 35<cursiva>a</cursiva><superindice
>3</superindice><cursiva>b</cursiva><superindice>4</superindice> +
21<cursiva>a</cursiva><superindice>2</superindice><cursiva>b</cursiva
><superindice>5</superindice> + 7<cursiva>ab</cursiva><superindice
>6</superindice> +<cursiva> b</cursiva><superindice>7</superindice
></td>
</tr>
<tr>
<td>(<cursiva>a + b</cursiva>)<superindice>8</superindice> = <cursiva
>a</cursiva><superindice>8</superindice> + 8<cursiva>a</cursiva><superindice
>7</superindice><cursiva>b</cursiva> + 28<cursiva>a</cursiva><superindice
>6</superindice><cursiva>b</cursiva><superindice>2</superindice> +
56<cursiva>a</cursiva><superindice>5</superindice><cursiva>b</cursiva
><superindice>3</superindice> + 70<cursiva>a</cursiva><superindice
>4</superindice><cursiva>b</cursiva><superindice>4</superindice> +
56<cursiva>a</cursiva><superindice>3</superindice><cursiva>b</cursiva
><superindice>5</superindice> + 28<cursiva>a</cursiva><superindice
>2</superindice><cursiva>b</cursiva><superindice>6</superindice> +
7<cursiva>ab</cursiva><superindice>7</superindice> + <cursiva>b</cursiva
><superindice>8</superindice></td>
</tr>
</tbody>
</table>
<p>Así por ejemplo (2<cursiva>x</cursiva> + 3<cursiva>y</cursiva>)<superindice
>6</superindice>es igual a:</p>
<p centrado="si">(2<cursiva>x</cursiva> + 3<cursiva>y</cursiva>)<superindice
>6</superindice> = (2<cursiva>x</cursiva>)<superindice>6</superindice
> + 6(2<cursiva>x</cursiva>)<superindice>5</superindice>∙(3<cursiva
>y</cursiva>) + 15(2<cursiva>x</cursiva>)<superindice>4</superindice
>∙(3<cursiva>y</cursiva>)<superindice>2</superindice> + 20(2<cursiva
>x</cursiva>)<superindice>3</superindice>∙(3<cursiva>y</cursiva>)<superindice
>3</superindice> + 15(2<cursiva>x</cursiva>)<superindice>2</superindice
>∙(3<cursiva>y</cursiva>)<superindice>4</superindice> + 6(2<cursiva
>x</cursiva>)∙(3<cursiva>y</cursiva>)<superindice>5</superindice> +
(3<cursiva>y</cursiva>)<superindice>6</superindice></p>
<p centrado="si">= 64<cursiva>x</cursiva><superindice>6</superindice
> + 576<cursiva>x</cursiva><superindice>5</superindice><cursiva>y</cursiva
> + 2160<cursiva>x</cursiva><superindice>4</superindice><cursiva>y</cursiva
><superindice>2</superindice> + 4320<cursiva>x</cursiva><superindice
>3</superindice><cursiva>y</cursiva><superindice>3</superindice> +
4860<cursiva>x</cursiva><superindice>2</superindice><cursiva>y</cursiva
><superindice>4</superindice> + 2916<cursiva>xy</cursiva><superindice
>5</superindice> + 729<cursiva>y</cursiva><superindice>6</superindice
></p>
<p>Para el caso de (<cursiva>a – b</cursiva>)<superindice>n</superindice
> lo único que se debe tener en cuenta es que los signos + y – se
alternan en el desarrollo del polinomio.</p>
<table border="1" cellspacing="0"><caption>Desarrollo del binomio
de Newton desde <cursiva>n</cursiva> = 0 hasta<cursiva> n</cursiva
> =  5</caption><colgroup align="center"><col/></colgroup>
<tbody>
<tr>
<td>(<cursiva>a – b</cursiva>)<superindice>0</superindice> = 1</td>
</tr>
<tr>
<td>(<cursiva>a – b</cursiva>)<superindice>1</superindice> = <cursiva
>a – b</cursiva></td>
</tr>
<tr>
<td>(<cursiva>a – b</cursiva>)<superindice>2</superindice> = <cursiva
>a</cursiva><superindice>2</superindice> – 2<cursiva>ab</cursiva> +<cursiva
> b</cursiva><superindice>2</superindice></td>
</tr>
<tr>
<td>(<cursiva>a – b</cursiva>)<superindice>3</superindice> =<cursiva
> a</cursiva><superindice>3</superindice> – 3<cursiva>a</cursiva><superindice
>2</superindice><cursiva>b</cursiva> + 3<cursiva>ab</cursiva><superindice
>2</superindice> – <cursiva>b</cursiva><superindice>3</superindice
></td>
</tr>
<tr>
<td>(<cursiva>a – b</cursiva>)<superindice>4</superindice> = <cursiva
>a</cursiva><superindice>4</superindice> – 4<cursiva>a</cursiva><superindice
>3</superindice><cursiva>b</cursiva> + 6<cursiva>a</cursiva><superindice
>2</superindice><cursiva>b</cursiva><superindice>2</superindice> –
4<cursiva>ab</cursiva><superindice>3</superindice> – <cursiva>b</cursiva
><superindice>4</superindice></td>
</tr>
<tr>
<td>(<cursiva>a – b</cursiva>)<superindice>5</superindice> = <cursiva
>a</cursiva><superindice>5</superindice> – 5<cursiva>a</cursiva><superindice
>4</superindice><cursiva>b</cursiva> + 10<cursiva>a</cursiva><superindice
>3</superindice><cursiva>b</cursiva><superindice>2</superindice> –
10<cursiva>a</cursiva><superindice>2</superindice><cursiva>b</cursiva
><superindice>3 </superindice>+ 5<cursiva>ab</cursiva><superindice
>4</superindice> –<cursiva> b</cursiva><superindice>5</superindice
></td>
</tr>
</tbody>
</table>
<p>Por ejemplo:</p>
<p centrado="si">(2<cursiva>x</cursiva> – 5)<superindice>4</superindice
> = (2<cursiva>x</cursiva>)<superindice>4</superindice> – 4(2<cursiva
>x</cursiva>)<superindice>3</superindice>(5) + 6(2<cursiva>x</cursiva
>)<superindice>2</superindice>(5)<superindice>2</superindice> – 4(2<cursiva
>x</cursiva>)(5)<superindice>3</superindice> + (5)<superindice>4</superindice
> </p>
<p centrado="si">= 16<cursiva>x</cursiva><superindice>4</superindice
> – 160<cursiva>x</cursiva><superindice>3</superindice> + 600<cursiva
>x</cursiva><superindice>2</superindice> – 1000<cursiva>x</cursiva
> + 625</p>
<profundiza>
<enlace
destino="/LoIdRedirect.aspx?LoId=MA_08_03_CO_Recurso200&amp;IdRecurso=RES-A47A684A5DF84C0B928ED2FD27043C92"
>El binomio de Newton</enlace>
</profundiza><practica>
<enlace
destino="/LoIdRedirect.aspx?LoId=MA_08_03_CO_Recurso330&amp;IdRecurso=RES-4F6B18C6506A487987DAF1687229DCAA"
>Practica el binomio de Newton</enlace>
</practica></seccion2Texto></seccion2><seccion2
id="S2_MA_08_03_CO_A4531E3475F54EC6A734D7CFE6C83388">
<seccion2Titulo>Consolidación</seccion2Titulo>
<seccion2Texto>
<p>Actividades para consolidar lo que has aprendido en esta sección.</p>
<practica>
<enlace
destino="/LoIdRedirect.aspx?LoId=MA_08_03_CO_Recurso220&amp;IdRecurso=RES-CD05DECE8688414B915C6F8BEB6CDD53"
>Refuerza tu aprendizaje: El binomio de Newton</enlace>
</practica></seccion2Texto></seccion2></seccion1Texto></seccion1>
<seccion1 id="S1_MA_08_03_CO_DC4EA737754C41DD8B32285846FD731D"><?Pub Dtl?>
<seccion1Titulo>Los cocientes notables</seccion1Titulo>
<seccion1Texto>
<p>Para determinar los cocientes notables se pueden seguir diferentes
procedimientos.  </p>
<p>Uno es el geométrico, que consiste en hallar la expresión que simboliza
a uno de los lados cuando se conocen las expresiones que representan
el área y el otro lado de la figura.</p>
<imagen src="MA_08_03_CO_IMG10_small.jpg">
<p>Procedimiento geométrico en el que el área sombreada es <cursiva
>a</cursiva><superindice>2</superindice> – <cursiva>b</cursiva><superindice
>2</superindice>; esta área es el resultado de efectuar (<cursiva
>a + b</cursiva>) (<cursiva>a – b</cursiva>), por tanto, al dividir
el área entre uno de los dos lados se obtiene el otro.</p>
</imagen>
<p>Los cocientes también se pueden encontrar si se factorizan los
numeradores y se simplifica:</p>
<formula alineacion="centrada" src="MA_08_03004.gif"></formula>
<formula alineacion="centrada" src="MA_08_03005.gif"></formula>
<p>Otra forma de encontrar los cocientes es efectuar las divisiones.</p>
<imagen src="MA_08_03_CO_IMG11_small.jpg">
<p>Divisiones que permiten obtener los cocientes notables.</p>
</imagen>
<p>Un cociente notable es una división entre polinomios de la cual
se puede obtener su resultado por simple inspección, sin necesidad
de realizar todo el procedimiento o aplicar la división sintética.
Para explicar cómo calcular un cociente notable se estudiarán cuatro
casos.</p>
<profundiza>
<enlace
destino="/LoIdRedirect.aspx?LoId=MA_08_03_CO_Recurso230&amp;IdRecurso=RES-4DEF7F39BA02480CA8D3C71D535C7AE9"
>Cocientes notables</enlace>
</profundiza><practica>
<enlace
destino="/LoIdRedirect.aspx?LoId=MA_08_03_CO_Recurso240&amp;IdRecurso=RES-563C756B02C74DBA87B9E92B5A57C89D"
>Halla cocientes notables</enlace>
</practica><profundiza>
<enlace
destino="/LoIdRedirect.aspx?LoId=MA_08_03_CO_Recurso250&amp;IdRecurso=RES-2F97F3475BDF4DE1B9453AEAFC81F1A7"
>Cocientes notables especiales</enlace>
</profundiza><seccion2
id="S2_MA_08_03_CO_A4531E3475F54EC6A734D7CFE6C84499"><?Pub Dtl?>
<seccion2Titulo>Consolidación</seccion2Titulo>
<seccion2Texto>
<p>Actividades para consolidar lo que has aprendido en esta sección.</p>
<practica>
<enlace
destino="/LoIdRedirect.aspx?LoId=MA_08_03_CO_Recurso260&amp;IdRecurso=RES-FA1D5DA4A5164383A74EC06C77F1C9FD"
>Refuerza tu aprendizaje: Los cocientes notables</enlace>
</practica></seccion2Texto></seccion2></seccion1Texto></seccion1>
<seccion1 id="S1_MA_08_03_CO_300EAC42472846D6BBCC06C66D2915DB">
<seccion1Titulo>Competencias</seccion1Titulo>
<seccion1Texto><practica>
<enlace
destino="/LoIdRedirect.aspx?LoId=MA_08_03_CO_Recurso280&amp;IdRecurso=RES-B3585505945D452EB3CAF05873BDCC36"
>Competencias: aplica los productos notables</enlace><?Pub Caret -1?>
</practica></seccion1Texto></seccion1><masinformacion
id="MI_MA_08_03_CO_597FD1B4EC794181A960ED72A97E2193"><mapaconceptual>
<enlace
destino="/LoIdRedirect.aspx?LoId=MA_08_03_CO_Recurso320&amp;IdRecurso=RES-F308B7B4D3694D03BC59F002F0FC8173"
>Mapa Conceptual</enlace></mapaconceptual><autoevaluate><enlace
destino="/LoIdRedirect.aspx?LoId=MA_08_03_CO_Recurso210&amp;IdRecurso=RES-78DE74AA31974D388AA42D72DCB8DF97"
>Evaluación: Identidades notables</enlace></autoevaluate>
<enlacesreferencia>
<enlace
destino="https://sites.google.com/a/ut.edu.co/usoftmath/polinomios"
>Página en la que encontrarás un software para trabajar con polinomios</enlace>
<enlace
destino="http://www.disfrutalasmatematicas.com/algebra/polinomios.html"
>Web en la que puedes saber más de los polinomios</enlace>
<enlace destino="http://www.ematematicas.net/polinomios.php">Web en
la que puedes practicar las operaciones con polinomios</enlace>
</enlacesreferencia></masinformacion></libro>
