﻿<?xml version="1.0" encoding="UTF-8"?>
<?xml-stylesheet href="cuadernoestudio/dtd/libro.xslt" type="text/xsl"?>
<!--Arbortext, Inc., 1988-2015, v.4002-->
<!DOCTYPE libro SYSTEM "cuadernoestudio/dtd/libro.dtd" [
<!ENTITY irra "𝕀">
]>
<?Pub Inc?>
<libro id="MA_09_01_CO">
<libroTitulo>Los números reales</libroTitulo>
<seccion1 id="S1_MA_09_01_CO_9C6D6DE1240948389A950ECD93CEB32C">
<seccion1Titulo>Los conjuntos numéricos</seccion1Titulo>
<seccion1Texto>
<p>Los <negrita>conjuntos numéricos</negrita> son agrupaciones o colecciones
de números que cumplen propiedades similares. </p>
<recuerda><recuerdaTexto>
<p>Los conjuntos numéricos surgen de la necesidad que tenía el hombre
de representar y dar sentido a algunas situaciones y fenómenos que
se le presentaban en su vida cotidiana y en el desarrollo de las diferentes
ciencias. </p>
</recuerdaTexto></recuerda>
<imagen ampliable="no" src="MA_09_01_CO_IMG01.jpg">
<p>Hacia 1700 a. C., en la antigua Mesopotamia, los signos numerales
se grababan sobre una tablilla de arcilla húmeda, con un punzón. Esta
escritura fue llamada <cursiva>cuneiforme</cursiva> porque los signos
estaban compuestos por trazos simples semejantes a cuñas.</p>
</imagen>
<p>Dentro de estos conjuntos se definen <negrita>operaciones</negrita
> y <negrita>relaciones</negrita>. Dos ejemplos de conjuntos numéricos
son el de los números racionales, el conjunto de los irracionales
y el conjunto de los números reales.</p>
<seccion2 id="S2_MA_09_01_CO_5CC02B4467DD405D92399A0676786DDF">
<seccion2Titulo>Los números racionales</seccion2Titulo>
<seccion2Texto>
<p>El conjunto de los<negrita> números racionales</negrita> se define
como el conjunto de todos los números de la forma <cursiva>a</cursiva
>/<cursiva>b</cursiva> con  <cursiva>a</cursiva> y <cursiva>b</cursiva
> números enteros, <cursiva>b</cursiva> ≠ 0, y máximo común divisor
entre <cursiva>a</cursiva> y <cursiva>b</cursiva> igual <cursiva>a</cursiva
> 1. Este conjunto se denota con la letra ℚ.</p>
<formula alineacion="centrada" src="MA_09_01_A.gif"></formula>
<p>El símbolo <cursiva>a</cursiva>/<cursiva>b</cursiva> se utiliza
con frecuencia en lugar de <cursiva>a</cursiva> ÷ <cursiva>b</cursiva
> y se define como el cociente entre <cursiva>a</cursiva> y <cursiva
>b</cursiva> o la fracción de <cursiva>a</cursiva> sobre <cursiva
>b</cursiva>. </p>
<formula alineacion="centrada" src="MA_09_01_B.gif"></formula>
<destacado><destacadoTitulo>Formas de representar un número racional </destacadoTitulo>
<destacadoTexto>
<p>Un número racional se puede expresar en forma de fracción o de
número decimal.</p>
<p>Los siguientes números racionales están expresados en forma de
fracción. </p>
<formula alineacion="centrada" src="MA_09_01_C.gif"></formula>
<p>Para expresar una fracción como un número decimal se divide el
numerador entre el denominador. Por ejemplo, </p>
<formula alineacion="centrada" src="MA_09_01_D.gif"></formula>
<p>Por lo tanto,</p>
<formula alineacion="centrada" src="MA_09_01_E.gif"></formula>
<p>donde -4 es la parte entera y <negrita>0,75 </negrita>la parte
decimal. </p>
</destacadoTexto></destacado><recuerda><recuerdaTexto>
<p>Los  números racionales se pueden representar de infinitas formas
porque una fracción <negrita>siempre se puede amplificar</negrita
> tantas veces como se quiera, mientras que se puede simplificar solo
en algunas ocasiones. Por ejemplo, la fracción 10/3 no se puede simplificar
pero sí se puede amplificar todas las veces que se quiera. Observa:
 </p>
<formula alineacion="centrada" src="MA_09_01_F.gif"></formula>
<p>La expresión decimal de un número racional es única, por ejemplo,
0,2 siempre será 0,2. </p>
</recuerdaTexto></recuerda>
<p>Un número racional en su expresión decimal puede ser <negrita>decimal
finito</negrita> y  <negrita>decimal infinito periódico</negrita>.
Los decimales finitos son aquellos cuya parte decimal es finita, por
ejemplo, 0,0003 y 123,5666; en los decimales infinitos periódicos
su parte decimal es infinita con decimales que se repiten cumpliendo
una secuencia o un periodo.   </p>
<p>Para indicar que los números decimales son infinitos y periódicos
se coloca una línea sobre el periodo o la parte decimal que se repite.
Por ejemplo:  </p>
<formula alineacion="centrada" src="MA_09_01_Ga.gif"></formula>
<formula alineacion="centrada" src="MA_09_01_Gc.gif"></formula>
<p>Cuando el periodo de un número decimal inicia inmediatamente después
de la coma se dice que es <negrita>periódico puro</negrita>, y cuando
el periodo no inicia inmediatamente después de la coma, se denomina <negrita
>periódico mixto</negrita>. Por ejemplo,</p>
<p centrado="si"><negrita>Número decimal periódico puro</negrita></p>
<formula alineacion="centrada" src="MA_09_01_001.gif"></formula>
<p centrado="si"><negrita>Número decimal periódico mixto</negrita
></p>
<formula alineacion="centrada" src="MA_09_01_002.gif"></formula>
<destacado><destacadoTitulo>Fracción generatriz de un número decimal</destacadoTitulo>
<destacadoTexto>
<p>Un número decimal periódico puro o periódico mixto se puede expresar
como una fracción llamada  <negrita>fracción generatriz</negrita>,
la cual tiene como máximo común divisor entre el numerador y el denominador
a 1.</p>
</destacadoTexto></destacado>
<p>La <negrita>fracción generatriz</negrita> que representa un <negrita
>número decimal puro </negrita>es la fracción cuyo numerador es igual
al número decimal sin la coma menos la parte entera, y por denominador,
un número formado por <negrita>tantos nueves </negrita>como cifras
decimales tenga el número decimal. Por ejemplo,</p>
<formula alineacion="centrada" src="MA_09_01_J.gif"></formula>
<p>Por lo tanto,</p>
<formula alineacion="centrada" src="MA_09_01_K.gif"></formula>
<p>Cuando el <negrita>número decimal</negrita> es <negrita>periódico
mixto</negrita> la <negrita>fracción generatriz</negrita> que lo representa
es la fracción cuyo numerador es igual al número decimal sin la coma
menos la parte entera seguida de las cifras decimales no periódicas,
y por denominador, un número formado por <negrita>tantos nueves</negrita
> como cifras tenga el periodo, y <negrita>tantos ceros</negrita> como
cifras tenga la parte decimal no periódica. Por ejemplo,</p>
<formula alineacion="centrada" src="MA_09_01_L.gif"></formula>
<p>Luego, </p>
<formula alineacion="centrada" src="MA_09_01_M.gif"></formula>
<profundiza>
<enlace
destino="/LoIdRedirect.aspx?LoId=MA_09_01_CO_Recurso260&amp;IdRecurso=RES-6C58CDB7B9424EC087903B83FF289BAA"
>Los números racionales como fracciones y como decimales</enlace>
</profundiza><practica>
<enlace
destino="/LoIdRedirect.aspx?LoId=MA_09_01_CO_Recurso020&amp;IdRecurso=RES-A222622F98B0478F826627D866A43293
">Practica la conversión de una fracción a número decimal</enlace>
<enlace
destino="/LoIdRedirect.aspx?LoId=MA_09_01_CO_Recurso030&amp;IdRecurso=RES-A2A92402091549539073544179CDFA55
">Practica la conversión de un número decimal a fracción</enlace>
<enlace
destino="/LoIdRedirect.aspx?LoId=MA_09_01_CO_Recurso040&amp;IdRecurso=RES-F7A746E7105F4AE5B0EBC56BE75B740D
">Resuelve situaciones que involucran números racionales</enlace>
</practica></seccion2Texto></seccion2><seccion2
id="S2_MA_09_01_CO_624B26C4D1B24538B6D45BF84430EE89">
<seccion2Titulo>El conjunto de los números irracionales</seccion2Titulo>
<seccion2Texto>
<p>Los <negrita>números irracionales</negrita> son aquellos números
que no se pueden expresar en forma de fracción. </p>
<p>El conjunto de los números irracionales se nota con la letra.</p>
<formula alineacion="centrada" src="MA_09_01_60.gif"></formula>
<p> La expresión decimal de un número irracional es infinita no periódica.
Algunos ejemplos de números irracionales son:</p>
<formula alineacion="centrada" src="MA_09_01_003.gif"></formula>
<imagen ampliable="no" src="MA_09_01_CO_IMG04.jpg">
<p>El valor de la constante π, llamada pi, es un número irracional
porque corresponde a un decimal infinito no periódico: π ≈ 3,1415926535897932….</p>
</imagen>
<profundiza>
<enlace
destino="/LoIdRedirect.aspx?LoId=MA_09_01_CO_Recurso050&amp;IdRecurso=RES-C2E164C4320946E88680C98E850B62CB"
>Una noción de número irracional</enlace>
</profundiza><seccion3
id="S3_MA_09_01_CO_624B26C4D1B24538B6D45BF844305599">
<seccion3Titulo>La representación de los números irracionales</seccion3Titulo>
<seccion3Texto>
<p>¿Cómo se representan los números irracionales?   </p>
<p>Las raíces de valor irracional se pueden representar <negrita>sobre
la recta numérica</negrita> utilizando el <negrita>teorema de Pitágoras</negrita
>. Para representar en la recta real la raíz cuadrada de un número,
hay que seguir estos pasos. </p>
<p>Por ejemplo, representaremos el número irracional</p>
<formula alineacion="centrada" src="MA_09_01_004.gif"></formula>
<p>1.	Descomponemos el número como suma de dos cuadrados: </p>
<p centrado="si"><cursiva>a</cursiva> = <cursiva>x</cursiva><superindice
>2</superindice> + <cursiva>y</cursiva><superindice>2</superindice
> </p>
<p centrado="si">5 = 2<superindice>2</superindice> + 1<superindice
>2</superindice></p>
<p>2.	Dibujamos un triángulo rectángulo de lados <cursiva>x</cursiva
> e <cursiva>y</cursiva>. La hipotenusa de este triángulo es:  </p>
<formula alineacion="centrada" src="MA_09_01_005.gif"></formula>
<p>Entonces</p>
<formula alineacion="centrada" src="MA_09_01_006.gif"></formula>
<formula alineacion="centrada" src="MA_09_01_007.gif"></formula>
<p>3.	Trazamos un arco de circunferencia de centro 0 y de radio la
raíz de <cursiva>a</cursiva>. El punto de corte con la recta es la
representación que buscamos:</p>
<imagen src="MA_09_01_CO_IMG13_small.jpg">
<p>Observa cómo se representa en la recta numérica la √5.</p>
</imagen>
<recuerda><recuerdaTexto>
<p>Los números <negrita>irracionales</negrita> son:</p><?Pub Caret 12?>
<listaSinNumerar>
<listaElemento>Números decimales con un número ilimitado de cifras
decimales no periódicas, como el número π y el número áureo ϕ. </listaElemento>
<listaElemento>Números decimales que no se pueden expresar como fracción
de números enteros.</listaElemento>
</listaSinNumerar>
</recuerdaTexto></recuerda></seccion3Texto></seccion3></seccion2Texto>
</seccion2><seccion2
id="S2_MA_09_01_CO_0456D0BDE4CD45EA9613431F41327A8D">
<seccion2Titulo>Los números reales</seccion2Titulo>
<seccion2Texto>
<p>El conjunto de los<negrita> números reales</negrita> se puede definir
como la unión del <negrita>conjunto de los números racionales</negrita
> con el <negrita>conjunto de los números irracionales</negrita>.
El conjunto de los números reales se nota con la letra ℝ.</p>
<formula alineacion="centrada" src="MA_09_01_031a.gif"></formula>
<p>En general, las letras minúsculas <cursiva>a</cursiva>, <cursiva
>b</cursiva>, <cursiva>c</cursiva>, <cursiva>x</cursiva>, <cursiva
>y</cursiva>,… representan números reales arbitrarios. </p>
<imagen ampliable="no" src="MA_09_01_CO_IMG05.jpg">
<p>El conjunto de los <negrita>números reales</negrita> contiene el
conjunto de los números <negrita>racionales</negrita> y el conjunto
de los números <negrita>irracionales</negrita></p>
</imagen>
<destacado><destacadoTitulo>Los números reales  </destacadoTitulo>
<destacadoTexto>
<p>Teniendo en cuenta que el conjunto de los  <negrita>números reales</negrita
> se define como  la unión entre el conjunto de los <negrita>números
racionales</negrita> con el conjunto de los<negrita> números irracionales</negrita
>, es posible establecer las siguientes equivalencias:</p>
<formula alineacion="centrada" src="MA_09_01_29a.gif"></formula>
<formula alineacion="centrada" src="MA_09_01_30a.gif"></formula>
<formula alineacion="centrada" src="MA_09_01_31a.gif"></formula>
</destacadoTexto></destacado><profundiza>
<enlace
destino="/LoIdRedirect.aspx?LoId=MA_09_01_CO_Recurso070&amp;IdRecurso=RES-B2DD18CCEBE24BFAAFC368FB4C6226C6
">El conjunto de los números reales</enlace>
<enlace
destino="/LoIdRedirect.aspx?LoId=MA_09_01_CO_Recurso080&amp;IdRecurso=RES-B21F8BF60F664910A11C03CDAF56E438"
>Practica con los números reales y sus subconjuntos</enlace>
</profundiza><practica>
<enlace
destino="/LoIdRedirect.aspx?LoId=MA_09_01_CO_Recurso270&amp;IdRecurso=RES-04B4A1772A204E9C803D94823CF6F338
">Clasifica números reales</enlace>
<enlace
destino="/LoIdRedirect.aspx?LoId=MA_09_01_CO_Recurso090&amp;IdRecurso=RES-4BEE5D205FD9441982EB3A10836B8EDB
">¿Qué sabes de los números reales?</enlace>
</practica><seccion3
id="S3_MA_09_01_CO_52C2BA6C5CE2460480D4E79D33A5D177">
<seccion3Titulo>Las aproximaciones de un número real</seccion3Titulo>
<seccion3Texto>
<p>En el <negrita>conjunto de los números reales</negrita> existen
tres formas de expresión de los números decimales.   </p>
<table align="center" border="1" cellspacing="0"
style="overflow: hidden !important;">
<tbody>
<tr>
<td align="center"><negrita>Número decimal</negrita></td>
<td align="center"><negrita>Ejemplos</negrita></td>
</tr>
<tr>
<td>Decimal finito</td>
<td align="center">2,<negrita>0</negrita> ;     3,<negrita>2</negrita
>;     0,<negrita>002</negrita></td>
</tr>
<tr>
<td>Decimal infinito periódico</td>
<td>–24,<negrita>5555555...</negrita></td>
</tr>
<tr>
<td>Decimal infinito no periódico</td>
<td> 2,<negrita>12345...</negrita>; 1,<negrita>23456784...</negrita
>;  3,<negrita>142537…</negrita></td>
</tr>
</tbody>
</table>
<p>Cuando el número real es un decimal finito se facilita efectuar
cálculos siempre y cuando la parte decimal no tenga muchos dígitos.
Cuando se requiere trabajar con números decimales infinitos periódicos
y no periódicos se presentan cálculos muy extensos debido a los decimales
infinitos. En este caso se deben efectuar aproximaciones; pero, ¿qué
es aproximar un número real?  </p>
<p> Aproximar un número real se define como tomar solo una parte de
los decimales cuando son muchos o infinitos,  ya que no es posible
trabajar con todos los decimales. A continuación se presentan dos
métodos para aproximar un número real. </p>
<listaSinNumerar>
<listaElemento> <negrita>Aproximación por truncamiento:</negrita> consiste
en eliminar cierta cantidad de cifras decimales posteriores a un orden
posicional dado, de un número decimal infinito periódico o infinito
no periódico. Por ejemplo:</listaElemento>
</listaSinNumerar>
<formula alineacion="centrada" src="MA_09_01_P.gif"></formula>
<p>La anterior expresión se lee raíz cuadrada de 2 es aproximadamente
igual a 1,41421356237309…</p>
<p>Aproximando 1,41421356237309… por truncamiento hasta cinco cifras
decimales se obtiene 1,<negrita>41421</negrita>; y por truncamiento
hasta tres cifras, 1,<negrita>414</negrita>. </p>
<listaSinNumerar>
<listaElemento><negrita>Aproximación por redondeo:</negrita> consiste
en suprimir las cifras decimales posteriores a un orden posicional
dado, de un número decimal infinito periódico o infinito no periódico,
teniendo en cuenta estos criterios:</listaElemento>
</listaSinNumerar>
<p>Si la primera cifra eliminada es mayor o igual que 5, se suma una
unidad a la cifra anterior. Por ejemplo, si 1,41421356237309… se aproxima
por redondeo hasta seis cifras se obtiene: 1,414214.</p>
<p>Si la primera cifra eliminada es menor que 5, la cifra anterior
se deja igual. Por ejemplo, al aproximar 1,41421356237309… por redondeo
hasta tres cifras se obtiene: 1,414 .</p>
<recuerda><recuerdaTexto>
<p><negrita>Aproximar</negrita> un número a ciertas cifras decimales
consiste en encontrar un número con las cifras pedidas que esté muy
próximo al número dado:</p>
<listaSinNumerar>
<listaElemento><negrita>Aproximar por truncamiento</negrita> consiste
en eliminar las cifras decimales posteriores al orden de las cifras
pedidas. </listaElemento>
<listaElemento><negrita>Aproximar por redondeo </negrita>consiste
en realizar la mejor de las aproximaciones; es decir, aquella con
la que se cometen menos errores con el orden de las cifras pedidas.</listaElemento>
</listaSinNumerar>
</recuerdaTexto></recuerda>
<p>Al hacer una aproximación siempre se comete un error, por lo que
es necesario saber hasta qué punto la aproximación es válida, por
lo que hay que verificar qué error se ha producido. Hay dos tipos
de errores: el error absoluto y el error relativo.</p>
<listaSinNumerar>
<listaElemento>El error <negrita>absoluto</negrita> es la diferencia
positiva entre el valor exacto y el valor aproximado. Se representa: <p
><cursiva>E</cursiva><subindice>a</subindice> = |<cursiva>V</cursiva
><subindice>exacto</subindice> ‒ <cursiva>V</cursiva><subindice>aproximado</subindice
> | </p> </listaElemento>
<listaElemento>El error <negrita>relativo</negrita> es el cociente
del error absoluto y el valor exacto. Se representa: <p><cursiva>E<subindice
>r</subindice></cursiva> = | (<cursiva>E</cursiva><subindice>a</subindice
>/<cursiva>V</cursiva><subindice>exacto</subindice> |</p></listaElemento>
</listaSinNumerar>
<p>Por ejemplo:</p>
<listaSinNumerar>
<listaElemento><negrita>Valor exacto</negrita> = 2,931. </listaElemento>
<listaElemento><negrita>Valor aproximado</negrita> = 2,9. </listaElemento>
<listaElemento><negrita>Error absoluto</negrita> = |2,931 – 2,9| =
0,031. </listaElemento>
<listaElemento><negrita>Error relativo</negrita> = 0,031 ÷ 2,931 ≃
0,010.</listaElemento>
</listaSinNumerar>
<profundiza>
<enlace
destino="/LoIdRedirect.aspx?LoId=MA_09_01_CO_Recurso100&amp;IdRecurso=RES-C69449850E064222A686CD0F159016B1
">Aproximación, error absoluto y error relativo</enlace>
</profundiza><practica>
<enlace
destino="/LoIdRedirect.aspx?LoId=MA_09_01_CO_Recurso110&amp;IdRecurso=RES-DF02736A50E249D9B7DA6EEE61F0BC70"
>Calcula el error absoluto y el error relativo </enlace>
</practica></seccion3Texto></seccion3></seccion2Texto></seccion2>
<seccion2 id="S2_MA_09_01_CO_2B9630FA7C8B47C08E07EB5346D7F549">
<seccion2Titulo>Consolidación</seccion2Titulo>
<seccion2Texto>
<p>Actividades para consolidar lo aprendido en esta sección.</p>
<practica>
<enlace
destino="/LoIdRedirect.aspx?LoId=MA_09_01_CO_Recurso280&amp;IdRecurso=RES-E547C60DECDB4E9594DD603DA11CADB0
">Refuerza tu aprendizaje: Los conjuntos numéricos</enlace>
</practica></seccion2Texto></seccion2></seccion1Texto></seccion1>
<seccion1 id="S1_MA_09_01_CO_9C6D6DE1240948389A950ECD93CEC43D">
<seccion1Titulo>La recta real</seccion1Titulo>
<seccion1Texto>
<p>De acuerdo con el axioma de completitud de los números reales se
puede establecer una correspondencia entre cada punto de la recta
con cada número real, es decir, que a cada punto de la recta le corresponde
un único número real y a cada número real le corresponde un único
punto de la recta.  </p>
<p>Para ubicar un número real en la recta numérica se escoge un punto
arbitrario en la recta, el cual se denominará “origen” y se definirá
como cero. Luego se escoge una unidad de medida <cursiva>u</cursiva
> = 1 que será la utilizada para medir. El lado derecho del 0 será
el lado positivo y el lado izquierdo del 0 será el negativo. En la
recta numérica se puede evidenciar que entre dos números reales se
encuentran infinitos números reales, y entre ellos hay infinitos números
racionales e infinitos irracionales.</p>
<destacado><destacadoTitulo>Otra forma de representar la recta real </destacadoTitulo>
<destacadoTexto>
<p>Otra forma en la cual se puede representar la recta real es  por
medio del intervalo (-∞,∞),  el cual indica que los números reales
van desde menos infinito hasta más infinito.</p>
</destacadoTexto></destacado>
<p>Para representar conjuntos numéricos en la recta real se utilizan <negrita
>intervalos</negrita>.</p>
<destacado><destacadoTitulo>Intervalos</destacadoTitulo><destacadoTexto>
<p>Un <negrita>intervalo</negrita> es un conjunto de <negrita>números
reales</negrita> que se emplea para designar un segmento o una semirrecta
en la <negrita>recta real</negrita>.  </p>
<p>Los intervalos están <negrita>determinados</negrita> por <negrita
>dos números</negrita> que se llaman <negrita>extremos</negrita>.
En un intervalo se encuentran todos los números comprendidos entre
ambos extremos y pueden estar incluidos los extremos.</p>
</destacadoTexto></destacado>
<p>Los intervalos pueden ser de distintos tipos:</p>
<listaSinNumerar>
<listaElemento>Los <negrita>acotados</negrita>: se representan por
un <negrita>segmento</negrita>; a su vez, pueden ser <negrita>cerrados</negrita
> o <negrita>abiertos</negrita>.  </listaElemento>
<listaElemento>Los <negrita>no acotados</negrita>: se representan
por una <negrita>semirrecta</negrita>.  </listaElemento>
<listaElemento>Los <negrita>semiabiertos</negrita>: ya sea por la
derecha o por la izquierda. </listaElemento>
</listaSinNumerar>
<seccion2 id="S2_MA_09_01_CO_84586692CE7B4DC9A6A3AF3B13153E30">
<seccion2Titulo>Los intervalos acotados cerrados</seccion2Titulo>
<seccion2Texto>
<p>Un <negrita>intervalo cerrado</negrita>, [<cursiva>a, b</cursiva
>], es el conjunto de todos los números reales comprendidos entre <cursiva
>a</cursiva> y <cursiva>b</cursiva>, incluyendo los valores de <cursiva
>a</cursiva> y <cursiva>b</cursiva>. </p>
<imagen ampliable="no" src="MA_09_01_CO_IMG06.jpg">
<p>Representación del intervalo [<cursiva>a</cursiva>,<cursiva>b</cursiva
>]  en notación de conjuntos y en la recta real.</p>
</imagen>
</seccion2Texto></seccion2><seccion2
id="S2_MA_09_01_CO_84586692CE7B4DC9A6A3AF3B13153300">
<seccion2Titulo>Los intervalos acotados abiertos</seccion2Titulo>
<seccion2Texto>
<p>Un <negrita>intervalo abierto</negrita>, (<cursiva>a, b</cursiva
>), es el conjunto de todos los números reales comprendidos entre <cursiva
>a</cursiva> y <cursiva>b</cursiva>, excluyendo en este caso los valores
de <cursiva>a</cursiva> y <cursiva>b</cursiva>. </p>
<imagen ampliable="no" src="MA_09_01_CO_IMG07.jpg">
<p>Observa la representación en conjuntos y en la recta real del 
intervalo <cursiva>(a,b)</cursiva>.</p>
</imagen>
<p>Un caso particular de un intervalo abierto es toda la <negrita
>recta real</negrita> que se nota como el intervalo (–∞, +∞). Otros
ejemplos de este tipo de intervalos son:  </p>
<p>La semirrecta (<cursiva>a</cursiva>, +∞) es el conjunto de todos
los números reales mayores que <cursiva>a</cursiva>.</p>
<imagen ampliable="no" src="MA_09_01_CO_IMG09.jpg">
<p>Observa la representación en conjuntos y en la recta  real del
 intervalo  (<cursiva>a</cursiva>, –∞).  </p>
</imagen>
<p>La semirrecta (–∞, <cursiva>b</cursiva>) es el conjunto de todos
los números reales menores que <cursiva>b</cursiva>.</p>
<imagen ampliable="no" src="MA_09_01_CO_IMG14_small.jpg">
<p>Observa la representación cómo se representa la semirrecta (–∞, <cursiva
>b</cursiva>) de los númerosa reales menores que <cursiva>b</cursiva
>.</p>
</imagen>
</seccion2Texto></seccion2><seccion2
id="S2_MA_09_01_CO_84586692CE7B4DC9A6A3AF3B13154411">
<seccion2Titulo>Los intervalos semiabiertos</seccion2Titulo>
<seccion2Texto>
<p>Los intervalos semiabiertos pueden estar abiertos por la derecha
o por la izquierda:</p>
<listaSinNumerar>
<listaElemento>Un intervalo <negrita>semiabierto por la derecha </negrita
>se denota como intervalo <negrita>[<cursiva>a, b</cursiva>)</negrita
>, es el conjunto de todos los números reales comprendidos entre <cursiva
>a</cursiva> y <cursiva>b</cursiva> incluyendo el valor de <cursiva
>a</cursiva> pero no el de <cursiva>b</cursiva>. </listaElemento>
</listaSinNumerar>
<imagen ampliable="no" src="MA_09_01_CO_IMG15_small.jpg">
<p>Observa la representación en conjuntos y en la recta real del intervalo
 [a,b) </p>
</imagen>
<listaSinNumerar>
<listaElemento>Un intervalo <negrita>semiabierto</negrita> por la
izquierda, <negrita>(a, b]</negrita>, es el conjunto de todos los
números reales comprendidos entre <cursiva>a</cursiva> y <cursiva
>b</cursiva>, excluyendo el valor de <cursiva>a</cursiva>.</listaElemento>
</listaSinNumerar>
<imagen ampliable="no" src="MA_09_01_CO_IMG16_small.jpg">
<p>Fíjate cómo se representa el intervalo semiabierto por la izquierda <negrita
>(a, b]</negrita>, que no incluye <cursiva>a</cursiva>.</p>
</imagen>
<p>Como <negrita>caso particular</negrita>, podemos encontrar que
el <negrita>extremo abierto sea</negrita>el ‒∞ o bien el +∞. Por ejemplo:</p>
<listaSinNumerar>
<listaElemento>La semirrecta [<cursiva>a</cursiva>, +∞) es el conjunto
de todos los números reales mayores o iguales que <cursiva>a</cursiva
>.</listaElemento>
</listaSinNumerar>
<imagen ampliable="no" src="MA_09_01_CO_IMG17_small.jpg">
<p>Observa cómo se representa la semirrecta [<cursiva>a</cursiva>,
+∞) de los números reales mayores o iguales que <cursiva>a</cursiva
>.</p>
</imagen>
<listaSinNumerar>
<listaElemento>La semirrecta (–∞, <cursiva>b</cursiva>] es el conjunto
de todos los números reales menores o iguales que <cursiva>b</cursiva
>.</listaElemento>
</listaSinNumerar>
<imagen ampliable="no" src="MA_09_01_CO_IMG18_small.jpg">
<p>Fíjate cómo se representa la semirrecta (–∞, <cursiva>b</cursiva
>]  de los números reales menores o iguales que <cursiva>b</cursiva
>.</p>
</imagen>
<profundiza>
<enlace
destino="/LoIdRedirect.aspx?LoId=MA_09_01_CO_Recurso130&amp;IdRecurso=RES-2B5A88F66968493E8525EECACC5B0993"
>Intervalos </enlace>
</profundiza><practica>
<enlace
destino="/LoIdRedirect.aspx?LoId=MA_09_01_CO_Recurso140&amp;IdRecurso=RES-2CAFE8CAD80E4108AF0483A1F50F71D0
">Practica la representación de intervalos</enlace>
</practica></seccion2Texto></seccion2><seccion2
id="S2_MA_09_01_CO_84586692CE7B4DC9A6A3AF3B13154F41">
<seccion2Titulo>Consolidación</seccion2Titulo>
<seccion2Texto>
<p>Actividades para consolidar lo que has aprendido en esta sección. </p>
<practica>
<enlace
destino="/LoIdRedirect.aspx?LoId=MA_09_01_CO_Recurso310&amp;IdRecurso=RES-4C04D9A2F95D454DB06D92119B1A2DFF
">Refuerza tu aprendizaje: Los intervalos</enlace>
</practica></seccion2Texto></seccion2></seccion1Texto></seccion1>
<seccion1 id="S1_MA_09_01_CO_93A8E365070141EDADCB38268606FB36">
<seccion1Titulo>Las operaciones con números reales</seccion1Titulo>
<seccion1Texto>
<p>Las operaciones que se pueden realizar con los números reales (racionales
e irracionales) son las siguientes: adición, sustracción, multiplicación,
división, potenciación, radicación y logaritmación.  </p>
<p>Para efectuar operaciones con números reales, hay que saber cómo
se procede en cada una de ellas y, además, qué jerarquía se debe seguir.
El resultado de la operación entre números reales es un número real
que puede ser natural, entero, racional o irracional. </p>
<p>Muchas veces es necesario dejar el resultado indicado como se muestra
en el siguiente ejemplo:</p>
<formula alineacion="centrada" src="MA_09_01_008.gif"></formula>
<p>En estos casos no existe ningún símbolo para indicar el resultado
de estas operaciones a no ser que se solicite expresar el resultado
aproximado en decimales.</p>
<imagen ampliable="no" src="MA_09_01_CO_IMG11.jpg">
<p>Observa cómo a dos elementos del conjunto de los números reales
operados mediante la adición y la división se les asigna otro elemento
del conjunto de los números reales.</p>
</imagen>
<seccion2 id="S2_MA_09_01_CO_C6C9E392D0874DD39D4BB231380446C3">
<seccion2Titulo>La adición y la sustracción de números reales</seccion2Titulo>
<seccion2Texto>
<p>Para definir estas operaciones en el conjunto de los números reales
se tiene en cuenta que se mantienen los algoritmos y las propiedades
que ya conocemos. Por tal razón, se concluye que la adición en el
conjunto de los números reales cumple las mismas propiedades que en
el conjunto de los números racionales.</p>
<seccion3 id="S3_MA_09_01_CO_C6C9E392D0874DD39D4BB23138046633">
<seccion3Titulo>Las propiedades de la adición</seccion3Titulo>
<seccion3Texto>
<p>Las propiedades de la adición de los números reales son las siguientes:</p>
<listaSinNumerar>
<listaElemento>La <negrita>propiedad clausurativa</negrita>: la suma
de dos números reales siempre es un número real.</listaElemento>
</listaSinNumerar>
<listaSinNumerar>
<listaElemento>La <negrita>propiedad conmutativa</negrita>: la suma
de dos números reales no cambia si se intercambia el orden de los
sumandos.</listaElemento>
</listaSinNumerar>
<p><cursiva>a</cursiva> + <cursiva>b</cursiva> = <cursiva>b</cursiva
> + <cursiva>a</cursiva> </p>
<p>Por ejemplo: </p>
<p>3 + 4 = 4 + 3</p>
<formula alineacion="izquierda" src="MA_09_01_009.gif"></formula>
<listaSinNumerar>
<listaElemento>La<negrita> propiedad asociativa</negrita>: la suma
de tres a más números reales no se altera si los sumandos se agrupan
de diferentes maneras.<p>(<cursiva>a</cursiva> + <cursiva>b</cursiva
>) + <cursiva>c</cursiva> = <cursiva>a</cursiva> + (<cursiva>b</cursiva
> + <cursiva>c</cursiva>) </p><p>Por ejemplo: </p><p>(3 + 4) + 2 =
3 + (4 + 2)</p></listaElemento>
</listaSinNumerar>
<formula alineacion="izquierda" src="MA_09_01_010.gif"></formula>
<listaSinNumerar>
<listaElemento>La <negrita>propiedad modulativa o del elemento neutro</negrita
>: el cero es el elemento neutro o <negrita>módulo</negrita> de la
adición de números reales, porque todo número sumado con cero da el
mismo número.<p><cursiva>a</cursiva> + 0 = <cursiva>a</cursiva> </p
><p>Por ejemplo: </p><p>3 + 0 = 3</p></listaElemento>
</listaSinNumerar>
<listaSinNumerar>
<listaElemento>La <negrita>propiedad invertiva o del elemento opuesto</negrita
>: todo número real sumado con su opuesto da como resultado cero.<p
>Es decir, para todo número real <cursiva>a</cursiva>, existe – <cursiva
>a</cursiva>, talque <cursiva>a</cursiva> + (– <cursiva>a</cursiva
>) = 0 </p><p>Por ejemplo:</p><formula alineacion="izquierda"
src="MA_09_01_011.gif"></formula></listaElemento>
</listaSinNumerar>
<p>La sustracción de números reales se define como la adición del
minuendo con el opuesto del sustraendo. </p>
<p>Si <cursiva>a</cursiva> y <cursiva>b</cursiva> son dos números
reales entonces <cursiva>a</cursiva> – <cursiva>b</cursiva> = <cursiva
>a</cursiva> + (–<cursiva>b</cursiva>). </p>
<p>Los siguientes ejemplos muestran algunas adiciones y sustracciones
entre números reales.</p>
<formula alineacion="izquierda" src="MA_09_01_012a.gif"></formula>
<formula alineacion="izquierda" src="MA_09_01_012b.gif"></formula>
<formula alineacion="izquierda" src="MA_09_01_012c.gif"></formula>
<recuerda><recuerdaTexto>
<p>Algunas operaciones entre números reales dan como resultado números
 exactos, aproximados, y otros quedan indicados; todo depende de la
representación o del tipo de números que se estén operando. </p>
</recuerdaTexto></recuerda></seccion3Texto></seccion3></seccion2Texto>
</seccion2><seccion2
id="S2_MA_09_01_CO_9B097ED03A1947339D85AE4FA91F7565">
<seccion2Titulo>La multiplicación y la división de números reales</seccion2Titulo>
<seccion2Texto>
<p>La multiplicación y la división son operaciones de estructura multiplicativa
y se considera que una es la operación inversa de la otra, siempre
y cuando ambos factores sean diferentes de cero.</p>
<formula alineacion="izquierda" src="MA_09_01_013a.gif"></formula>
<formula alineacion="izquierda" src="MA_09_01_013b.gif"></formula>
<formula alineacion="izquierda" src="MA_09_01_014.gif"></formula>
<seccion3 id="S3_MA_09_01_CO_9B097ED03A1947339D85AE4FA91F8676">
<seccion3Titulo>Las propiedades de la multiplicación</seccion3Titulo>
<seccion3Texto>
<p>Las propiedades de la multiplicación de los números reales son
las siguientes:</p>
<listaSinNumerar>
<listaElemento>La <negrita>propiedad conmutativa</negrita>: el producto
de dos números reales no se altera si se cambia el orden de los factores.<p
><cursiva>a</cursiva> · <cursiva>b</cursiva> = <cursiva>b</cursiva
> · <cursiva>a</cursiva> </p><p>Por ejemplo:</p><formula
alineacion="izquierda" src="MA_09_01_015.gif"></formula> </listaElemento>
</listaSinNumerar>
<listaSinNumerar>
<listaElemento>La <negrita>propiedad asociativa</negrita>: tres o
más números reales se pueden agrupar de diferente forma y el resultado
no cambia. Es decir, que si <cursiva>a, b</cursiva> y <cursiva>c</cursiva
> son números reales cualesquiera, se cumple que:<p>(<cursiva>a ·
b</cursiva>) · <cursiva>c</cursiva> = <cursiva>a</cursiva> · (<cursiva
>b · c</cursiva>) </p><p>Por ejemplo:</p><formula alineacion="izquierda"
src="MA_09_01_016.gif"></formula></listaElemento>
</listaSinNumerar>
<listaSinNumerar>
<listaElemento>La <negrita>propiedad modulativa o elemento neutro</negrita
>: el número <negrita>1</negrita> es el elemento neutro o módulo de
la multiplicación, porque todo número real (distinto de cero) multiplicado
por uno da el mismo número.<p><cursiva>a</cursiva> · 1 = <cursiva
>a</cursiva></p><p>Por ejemplo:  </p><p>–7 · 1 = –7</p></listaElemento>
</listaSinNumerar>
<listaSinNumerar>
<listaElemento>La propiedad invertiva o del <negrita>elemento inverso</negrita
>: un número real es inverso del otro si al multiplicarlos se obtiene
como resultado uno.<formula alineacion="izquierda"
src="MA_09_01_017.gif"></formula><p>Por ejemplo:</p><formula
alineacion="izquierda" src="MA_09_01_018.gif"></formula></listaElemento>
</listaSinNumerar>
<listaSinNumerar>
<listaElemento>La <negrita>propiedad distributiva</negrita>: esta
propiedad combina la multiplicación con la adición en los reales.
Se caracteriza por que convierte una multiplicación en una adición.<p
><cursiva>a</cursiva> · (<cursiva>b</cursiva> + <cursiva>c</cursiva
>) = <cursiva>a · b</cursiva> + <cursiva>a · c</cursiva> </p><p>Por
ejemplo:</p><formula alineacion="izquierda" src="MA_09_01_019a.gif">
</formula><formula alineacion="izquierda" src="MA_09_01_019b.gif">
</formula><formula alineacion="izquierda" src="MA_09_01_019c.gif">
</formula></listaElemento>
</listaSinNumerar>
<p>La división de dos números reales <cursiva>a</cursiva> y <cursiva
>b</cursiva>, se define como la multiplicación de <cursiva>a</cursiva
> por el inverso multiplicativo de <cursiva>b</cursiva>.</p>
<formula alineacion="centrada" src="MA_09_01_020.gif"></formula>
<p>Para dividir dos números racionales en forma de fracción, se multiplica
la primera fracción por el inverso multiplicativo de la segunda.</p>
<formula alineacion="centrada" src="MA_09_01_021.gif"></formula>
<p>Por ejemplo:</p>
<formula alineacion="centrada" src="MA_09_01_022.gif"></formula>
<practica>
<enlace
destino="/LoIdRedirect.aspx?LoId=MA_09_01_CO_Recurso180&amp;IdRecurso=RES-F3A75160C8404B75AB29EABFEA812CD4
">Practica las propiedades de la adición de números reales</enlace>
<enlace
destino="/LoIdRedirect.aspx?LoId=MA_09_01_CO_Recurso190&amp;IdRecurso=RES-1319D52AF1F1418AB79C876A93CAF6A6
">¿Qué propiedad de la multiplicación de números reales se aplica?</enlace>
<enlace
destino="/LoIdRedirect.aspx?LoId=MA_09_01_CO_Recurso170&amp;IdRecurso=RES-83FE82A8D08A406B9F8EB2382BE3EB18
">Practica las operaciones con números reales</enlace>
</practica>
<imagen ampliable="no" src="MA_09_01_CO_IMG12.jpg">
<p>Las propiedades de los números reales se aplican en situaciones
relacionadas con tasas de crecimiento, longitud, velocidad, temperatura,
entre otras.</p>
</imagen>
<practica>
<enlace
destino="/LoIdRedirect.aspx?LoId=MA_09_01_CO_Recurso200&amp;IdRecurso=RES-2CD78951B7C44F5FB23000F25950CFA3
">Practica las propiedades de la adición y la multiplicación de números
reales</enlace>
</practica></seccion3Texto></seccion3></seccion2Texto></seccion2>
<seccion2 id="S2_MA_09_01_CO_CB19402AD8574DA1A620BD811CD96C28">
<seccion2Titulo>Consolidación</seccion2Titulo>
<seccion2Texto>
<p>Actividades para consolidar lo que has aprendido en esta sección.</p>
<practica>
<enlace
destino="/LoIdRedirect.aspx?LoId=MA_09_01_CO_Recurso210&amp;IdRecurso=RES-9CA2FFB90C4E429AA3E17CD220E448E3
">Refuerza tu aprendizaje: Las operaciones con números reales</enlace>
</practica></seccion2Texto></seccion2></seccion1Texto></seccion1>
<seccion1 id="S1_MA_09_01_CO_12D9D4475486469F81ECD62909CDEF11">
<seccion1Titulo>Competencias</seccion1Titulo>
<seccion1Texto>
<p>Pon a prueba tus capacidades y aplica lo aprendido con este recurso.</p>
<practica>
<enlace
destino="/LoIdRedirect.aspx?LoId=MA_09_01_CO_Recurso350&amp;IdRecurso=RES-A6026C62327842B3B64F78F7FFD0B8C2
">Competencias: estudio del número áureo</enlace>
</practica><profundiza>
<enlace
destino="/LoIdRedirect.aspx?LoId=MA_09_01_CO_Recurso360&amp;IdRecurso=RES-85C6CCA0769247BCAE931BDE0F7BDBFC"
>Competencias: estudio de los decimales del número pi</enlace>
</profundiza></seccion1Texto></seccion1><masinformacion
id="MI_MA_09_01_CO_79A5F1B58FAA469DA7C331FAC5A61C61"><?Pub Dtl?>
<mapaconceptual><enlace
destino="/LoIdRedirect.aspx?LoId=MA_09_01_CORecurso230&amp;IdRecurso=RES-B9B549AF45F84ADCBABEAADCF8BFE7B3"
>Mapa Conceptual</enlace></mapaconceptual><autoevaluate><enlace
destino="/LoIdRedirect.aspx?LoId=MA_09_01_CO_Recurso240&amp;IdRecurso=RES-FCF28EEEC02A444DB57C34C365FB3E3F"
>Evaluación</enlace></autoevaluate><enlacesreferencia>
<enlace destino="http://es.wikipedia.org/wiki/N%C3%BAmero_real">Números
reales 	</enlace>
<enlace
destino="http://www.amolasmates.es/cuarto_eso/apuntes/Reales_intervalos.pdf"
>Números reales e intervalos</enlace>
<enlace
destino="http://e-ducativa.catedu.es/44700165/aula/archivos/repositorio/1750/1973/html/2_el_conjunto_de_los_nmeros_reales.html"
>El conjunto de los números reales </enlace>
</enlacesreferencia></masinformacion></libro>
