<?xml version='1.0' encoding='UTF-8'?><mapa aprid="mapa">
  <copyright>(c) Editorial Planeta</copyright>
  <version>1.0</version>
  <botonMapaConceptual>mostrar</botonMapaConceptual>
  <botonMapaMudo>ocultar</botonMapaMudo>
  <botonMudo>0</botonMudo>
  <objeto>
    <ref>00</ref>
    <texto>Las funciones</texto>
    <hijos>12,11,10</hijos>
    <padre/>
    <siz>0</siz>
    <negcur>0000000000000</negcur>
    <cen>1</cen>
    <img/>
    <audio/>
  </objeto>
  <objeto>
    <ref>10</ref>
    <texto>se clasifican en</texto>
    <hijos>25,24,23,20</hijos>
    <padre>00</padre>
    <siz>14</siz>
    <negcur>0000000000000000</negcur>
    <cen>1</cen>
    <img/>
    <audio/>
  </objeto>
  <objeto>
    <ref>20</ref>
    <texto>Especiales</texto>
    <hijos>30</hijos>
    <padre>10</padre>
    <siz>0</siz>
    <negcur>0000000000</negcur>
    <cen>1</cen>
    <img/>
    <audio/>
  </objeto>
  <objeto>
    <ref>11</ref>
    <texto>se reconocen</texto>
    <hijos>21</hijos>
    <padre>00</padre>
    <siz>0</siz>
    <negcur>000000000000</negcur>
    <cen>1</cen>
    <img/>
    <audio/>
  </objeto>
  <objeto>
    <ref>21</ref>
    <texto>Propiedades
globales</texto>
    <hijos>34</hijos>
    <padre>11</padre>
    <siz>0</siz>
    <negcur>00000000000000000000</negcur>
    <cen>1</cen>
    <img/>
    <audio/>
  </objeto>
  <objeto>
    <ref>12</ref>
    <texto>corresponden a</texto>
    <hijos>22</hijos>
    <padre>00</padre>
    <siz>0</siz>
    <negcur>00000000000000</negcur>
    <cen>1</cen>
    <img/>
    <audio/>
  </objeto>
  <objeto>
    <ref>22</ref>
    <texto>Las relaciones
que se establecen
entre dos
conjuntos</texto>
    <hijos>36,35</hijos>
    <padre>12</padre>
    <siz>0</siz>
    <negcur>0000000000000000000000000000000000000000000000000000</negcur>
    <cen>1</cen>
    <img/>
    <audio/>
  </objeto>
  <objeto>
    <ref>23</ref>
    <texto>Trascendentes</texto>
    <hijos>31</hijos>
    <padre>10</padre>
    <siz>0</siz>
    <negcur>0000000000000</negcur>
    <cen>1</cen>
    <img/>
    <audio/>
  </objeto>
  <objeto>
    <ref>24</ref>
    <texto>Racionales</texto>
    <hijos>32</hijos>
    <padre>10</padre>
    <siz>0</siz>
    <negcur>0000000000</negcur>
    <cen>1</cen>
    <img/>
    <audio/>
  </objeto>
  <objeto>
    <ref>25</ref>
    <texto>Polinómicas</texto>
    <hijos>33</hijos>
    <padre>10</padre>
    <siz>0</siz>
    <negcur>00000000000</negcur>
    <cen>1</cen>
    <img/>
    <audio/>
  </objeto>
  <objeto>
    <ref>30</ref>
    <texto>las principales
son</texto>
    <hijos>40</hijos>
    <padre>20</padre>
    <siz>0</siz>
    <negcur>0000000000000000000</negcur>
    <cen>1</cen>
    <img/>
    <audio/>
  </objeto>
  <objeto>
    <ref>40</ref>
    <texto>• función
  valor absoluto
• funciones
  a trozos
• función
  parte entera</texto>
    <hijos/>
    <padre>30</padre>
    <siz>0</siz>
    <negcur>00000000000000000000000000000000000000000000000000000000000000000000000000</negcur>
    <cen>0</cen>
    <img/>
    <audio/>
  </objeto>
  <objeto>
    <ref>31</ref>
    <texto>se clasifican en</texto>
    <hijos>41</hijos>
    <padre>23</padre>
    <siz>0</siz>
    <negcur>0000000000000000</negcur>
    <cen>1</cen>
    <img/>
    <audio/>
  </objeto>
  <objeto>
    <ref>41</ref>
    <texto>• funciones
  exponenciales
• funciones
  logarítmicas
• funciones
  trigonométricas</texto>
    <hijos/>
    <padre>31</padre>
    <siz>0</siz>
    <negcur>000000000000000000000000000000000000000000000000000000000000000000000000000000000000</negcur>
    <cen>0</cen>
    <img/>
    <audio/>
  </objeto>
  <objeto>
    <ref>32</ref>
    <texto>son de la forma</texto>
    <hijos>42</hijos>
    <padre>24</padre>
    <siz>0</siz>
    <negcur>000000000000000</negcur>
    <cen>1</cen>
    <img/>
    <audio/>
  </objeto>
  <objeto>
    <ref>42</ref>
    <texto>𝑓(𝑥)=  (𝑃(𝑥))/(𝑄(𝑥))</texto>
    <hijos>50</hijos>
    <padre>32</padre>
    <siz>0</siz>
    <negcur>00000000000000000000000000</negcur>
    <cen>1</cen>
    <img/>
    <audio/>
  </objeto>
  <objeto>
    <ref>50</ref>
    <texto>tales que</texto>
    <hijos>60</hijos>
    <padre>42</padre>
    <siz>0</siz>
    <negcur>0000000000</negcur>
    <cen>1</cen>
    <img/>
    <audio/>
  </objeto>
  <objeto>
    <ref>60</ref>
    <texto>su dominio son los
reales diferentes a
aquellos en los que
Q(x) = 0</texto>
    <hijos>70</hijos>
    <padre>50</padre>
    <siz>0</siz>
    <negcur>00000000000000000000000000000000000000000000000000000000000101000000</negcur>
    <cen>1</cen>
    <img/>
    <audio/>
  </objeto>
  <objeto>
    <ref>70</ref>
    <texto>se reconocen
porque</texto>
    <hijos>80</hijos>
    <padre>60</padre>
    <siz>0</siz>
    <negcur>00000000000000000000</negcur>
    <cen>1</cen>
    <img/>
    <audio/>
  </objeto>
  <objeto>
    <ref>80</ref>
    <texto>su gráfica
determina
asíntotas
que pueden ser
verticales u
horizontales</texto>
    <hijos/>
    <padre>70</padre>
    <siz>0</siz>
    <negcur>000000000000000000000000000000000000000000000000000000000000000000000000</negcur>
    <cen>1</cen>
    <img/>
    <audio/>
  </objeto>
  <objeto>
    <ref>33</ref>
    <texto>son</texto>
    <hijos>43</hijos>
    <padre>25</padre>
    <siz>0</siz>
    <negcur>000</negcur>
    <cen>1</cen>
    <img/>
    <audio/>
  </objeto>
  <objeto>
    <ref>43</ref>
    <texto>aquellas funciones
que tienen la forma:
f(x) = anxn + an-1xn-1 + ...
+ a1x + ao</texto>
    <hijos>51</hijos>
    <padre>33</padre>
    <siz>0</siz>
    <negcur>00000000000000000000000000000000000000001010000000000000000000000000000000000000</negcur>
    <cen>1</cen>
    <img/>
    <audio/>
  </objeto>
  <objeto>
    <ref>51</ref>
    <texto>algunas son</texto>
    <hijos>61</hijos>
    <padre>43</padre>
    <siz>0</siz>
    <negcur>000000000000</negcur>
    <cen>1</cen>
    <img/>
    <audio/>
  </objeto>
  <objeto>
    <ref>61</ref>
    <texto>• la función constante
• la función afín
• la función cuadrática
• la función polinómica</texto>
    <hijos/>
    <padre>51</padre>
    <siz>0</siz>
    <negcur>00000000000000000000000000000000000000000000000000000000000000000000000000000000000000000</negcur>
    <cen>0</cen>
    <img/>
    <audio/>
  </objeto>
  <objeto>
    <ref>34</ref>
    <texto>como</texto>
    <hijos>46,45,44</hijos>
    <padre>21</padre>
    <siz>0</siz>
    <negcur>0000</negcur>
    <cen>1</cen>
    <img/>
    <audio/>
  </objeto>
  <objeto>
    <ref>44</ref>
    <texto>crecimiento</texto>
    <hijos>52</hijos>
    <padre>34</padre>
    <siz>0</siz>
    <negcur>00000000000</negcur>
    <cen>1</cen>
    <img/>
    <audio/>
  </objeto>
  <objeto>
    <ref>45</ref>
    <texto>simetría</texto>
    <hijos>53</hijos>
    <padre>34</padre>
    <siz>0</siz>
    <negcur>00000000</negcur>
    <cen>1</cen>
    <img/>
    <audio/>
  </objeto>
  <objeto>
    <ref>46</ref>
    <texto>continuidad</texto>
    <hijos>54</hijos>
    <padre>34</padre>
    <siz>0</siz>
    <negcur>00000000000</negcur>
    <cen>1</cen>
    <img/>
    <audio/>
  </objeto>
  <objeto>
    <ref>52</ref>
    <texto>puede ser</texto>
    <hijos>64,63,62</hijos>
    <padre>44</padre>
    <siz>0</siz>
    <negcur>0000000000</negcur>
    <cen>1</cen>
    <img/>
    <audio/>
  </objeto>
  <objeto>
    <ref>62</ref>
    <texto>constante si:</texto>
    <hijos/>
    <padre>52</padre>
    <siz>0</siz>
    <negcur>00000000000000</negcur>
    <cen>1</cen>
    <img>imagen3.png</img>
    <audio/>
  </objeto>
  <objeto>
    <ref>63</ref>
    <texto>decreciente si:</texto>
    <hijos/>
    <padre>52</padre>
    <siz>0</siz>
    <negcur>0000000000000000</negcur>
    <cen>1</cen>
    <img>imagen2.png</img>
    <audio/>
  </objeto>
  <objeto>
    <ref>64</ref>
    <texto>creciente si:</texto>
    <hijos/>
    <padre>52</padre>
    <siz>0</siz>
    <negcur>00000000000000</negcur>
    <cen>1</cen>
    <img>imagen1.png</img>
    <audio/>
  </objeto>
  <objeto>
    <ref>53</ref>
    <texto>se determina</texto>
    <hijos>65</hijos>
    <padre>45</padre>
    <siz>0</siz>
    <negcur>0000000000000</negcur>
    <cen>1</cen>
    <img/>
    <audio/>
  </objeto>
  <objeto>
    <ref>65</ref>
    <texto>• par si 
   f(–x) = f(x)

• impar si 
   f(–x) = –f(x)</texto>
    <hijos/>
    <padre>53</padre>
    <siz>0</siz>
    <negcur>0000000000000100100001010000000000000000001001000001010</negcur>
    <cen>0</cen>
    <img/>
    <audio/>
  </objeto>
  <objeto>
    <ref>54</ref>
    <texto>si</texto>
    <hijos>66</hijos>
    <padre>46</padre>
    <siz>0</siz>
    <negcur>00</negcur>
    <cen>1</cen>
    <img/>
    <audio/>
  </objeto>
  <objeto>
    <ref>66</ref>
    <texto>su
representación
gráfica
no presenta
interrupciones</texto>
    <hijos/>
    <padre>54</padre>
    <siz>0</siz>
    <negcur>00000000000000000000000000000000000000000000000000000</negcur>
    <cen>1</cen>
    <img/>
    <audio/>
  </objeto>
  <objeto>
    <ref>35</ref>
    <texto>se representan</texto>
    <hijos>47</hijos>
    <padre>22</padre>
    <siz>0</siz>
    <negcur>000000000000000</negcur>
    <cen>1</cen>
    <img/>
    <audio/>
  </objeto>
  <objeto>
    <ref>47</ref>
    <texto>a través de
fórmulas,
gráficas y
tablas de
valores</texto>
    <hijos/>
    <padre>35</padre>
    <siz>0</siz>
    <negcur>000000000000000000000000000000000000000000000000000</negcur>
    <cen>1</cen>
    <img/>
    <audio/>
  </objeto>
  <objeto>
    <ref>36</ref>
    <texto>que cumplen</texto>
    <hijos>48</hijos>
    <padre>22</padre>
    <siz>0</siz>
    <negcur>000000000000</negcur>
    <cen>1</cen>
    <img/>
    <audio/>
  </objeto>
  <objeto>
    <ref>48</ref>
    <texto>a cada elemento
del primer conjunto
le corresponde
uno y solo uno
en el segundo
conjunto</texto>
    <hijos>55</hijos>
    <padre>36</padre>
    <siz>0</siz>
    <negcur>00000000000000000000000000000000000000000000000000000000000000000000000000000000000000000</negcur>
    <cen>1</cen>
    <img/>
    <audio/>
  </objeto>
  <objeto>
    <ref>55</ref>
    <texto>se identifica</texto>
    <hijos>6A,69,68,67</hijos>
    <padre>48</padre>
    <siz>0</siz>
    <negcur>00000000000000</negcur>
    <cen>1</cen>
    <img/>
    <audio/>
  </objeto>
  <objeto>
    <ref>67</ref>
    <texto>el rango o
codominio</texto>
    <hijos>71</hijos>
    <padre>55</padre>
    <siz>0</siz>
    <negcur>000000000000000000000</negcur>
    <cen>1</cen>
    <img/>
    <audio/>
  </objeto>
  <objeto>
    <ref>68</ref>
    <texto>el dominio</texto>
    <hijos>72</hijos>
    <padre>55</padre>
    <siz>0</siz>
    <negcur>00000000000</negcur>
    <cen>1</cen>
    <img/>
    <audio/>
  </objeto>
  <objeto>
    <ref>69</ref>
    <texto>la variable
dependiente
f(x) = y</texto>
    <hijos>73</hijos>
    <padre>55</padre>
    <siz>0</siz>
    <negcur>000000000000000000000000101000010</negcur>
    <cen>1</cen>
    <img/>
    <audio/>
  </objeto>
  <objeto>
    <ref>6A</ref>
    <texto>la variable
independiente
(x)</texto>
    <hijos>74</hijos>
    <padre>55</padre>
    <siz>0</siz>
    <negcur>000000000000000000000000000100</negcur>
    <cen>1</cen>
    <img/>
    <audio/>
  </objeto>
  <objeto>
    <ref>71</ref>
    <texto>es</texto>
    <hijos>81</hijos>
    <padre>67</padre>
    <siz>0</siz>
    <negcur>00</negcur>
    <cen>1</cen>
    <img/>
    <audio/>
  </objeto>
  <objeto>
    <ref>81</ref>
    <texto>El conjunto
de valores
de la
variable
dependiente</texto>
    <hijos>90</hijos>
    <padre>71</padre>
    <siz>0</siz>
    <negcur>00000000000000000000000000000000000000000000000000</negcur>
    <cen>1</cen>
    <img/>
    <audio/>
  </objeto>
  <objeto>
    <ref>90</ref>
    <texto>se simboliza</texto>
    <hijos>a0</hijos>
    <padre>81</padre>
    <siz>0</siz>
    <negcur>0000000000000</negcur>
    <cen>1</cen>
    <img/>
    <audio/>
  </objeto>
  <objeto>
    <ref>a0</ref>
    <texto>Ran f</texto>
    <hijos/>
    <padre>90</padre>
    <siz>0</siz>
    <negcur>000010</negcur>
    <cen>1</cen>
    <img/>
    <audio/>
  </objeto>
  <objeto>
    <ref>72</ref>
    <texto>se define
como</texto>
    <hijos>82</hijos>
    <padre>68</padre>
    <siz>0</siz>
    <negcur>000000000000000</negcur>
    <cen>1</cen>
    <img/>
    <audio/>
  </objeto>
  <objeto>
    <ref>82</ref>
    <texto>el conjunto
de valores
que puede tomar
la variable
independiente</texto>
    <hijos>91</hijos>
    <padre>72</padre>
    <siz>0</siz>
    <negcur>00000000000000000000000000000000000000000000000000000000000000000</negcur>
    <cen>1</cen>
    <img/>
    <audio/>
  </objeto>
  <objeto>
    <ref>73</ref>
    <texto>es</texto>
    <hijos>83</hijos>
    <padre>69</padre>
    <siz>0</siz>
    <negcur>00</negcur>
    <cen>1</cen>
    <img/>
    <audio/>
  </objeto>
  <objeto>
    <ref>83</ref>
    <texto>elementos
del segundo
conjunto,
cuyo valor
se determina
a partir de
la variable
independiente</texto>
    <hijos/>
    <padre>73</padre>
    <siz>0</siz>
    <negcur>0000000000000000000000000000000000000000000000000000000000000000000000000000000000000000000000</negcur>
    <cen>1</cen>
    <img/>
    <audio/>
  </objeto>
  <objeto>
    <ref>91</ref>
    <texto>se simboliza</texto>
    <hijos>a1</hijos>
    <padre>82</padre>
    <siz>0</siz>
    <negcur>0000000000000</negcur>
    <cen>1</cen>
    <img/>
    <audio/>
  </objeto>
  <objeto>
    <ref>a1</ref>
    <texto>Dom f</texto>
    <hijos/>
    <padre>91</padre>
    <siz>0</siz>
    <negcur>000010</negcur>
    <cen>1</cen>
    <img/>
    <audio/>
  </objeto>
  <objeto>
    <ref>74</ref>
    <texto>significa</texto>
    <hijos>84</hijos>
    <padre>6A</padre>
    <siz>0</siz>
    <negcur>0000000000</negcur>
    <cen>1</cen>
    <img/>
    <audio/>
  </objeto>
  <objeto>
    <ref>84</ref>
    <texto>elementos
del primer
conjunto
que pueden
variar de valor
libremente</texto>
    <hijos/>
    <padre>74</padre>
    <siz>0</siz>
    <negcur>00000000000000000000000000000000000000000000000000000000000000000000</negcur>
    <cen>1</cen>
    <img/>
    <audio/>
  </objeto>
</mapa>