﻿<?xml version="1.0" encoding="utf-8"?>
<motor tipo="101" clase="a" aprid="m101a">
  <plataforma>
    <grado>2</grado>
    <titulo>Refuerza tu aprendizaje: Los divisores de un número</titulo>
    <volumen />
    <nivel><![CDATA[1]]></nivel>
    <referencia />
    <motor />
    <lang>es</lang>
  </plataforma>
  <enunciado><![CDATA[Realiza la siguiente actividad. Cuando termines, haz clic en Enviar. Si es necesario, entrega las respuestas en la mano o por e-mail a tu profesor para que pueda validarlas.]]></enunciado>
  <masinfo inicio="0" />
  <calc><![CDATA[1]]></calc>
  <preguntas cantidad="10">
    <pregunta>
      <enunciado><![CDATA[Escribe qué significa que un número sea divisor de otro.]]></enunciado>
      <explicacion />
      <nivel><![CDATA[1]]></nivel>
      <tipo />
      <imagen><![CDATA[MA_06_04_CO_REC120_IMG01n.png]]></imagen>
      <ampliacion />
      <texto />
    </pregunta>
    <pregunta>
      <enunciado><![CDATA[La siguiente tabla muestra los números del 1 al 28. Resalta con color rojo, los divisores de 28 menores que él.]]></enunciado>
      <explicacion />
      <nivel><![CDATA[1]]></nivel>
      <tipo />
      <imagen><![CDATA[MA_06_04_CO_REC120_IMG02n.png]]></imagen>
      <ampliacion><![CDATA[MA_06_04_CO_REC120_IMG02a.png]]></ampliacion>
      <texto />
    </pregunta>
    <pregunta>
      <enunciado><![CDATA[Escribe todos los divisores del número 18.]]></enunciado>
      <explicacion />
      <nivel><![CDATA[1]]></nivel>
      <tipo />
      <imagen><![CDATA[MA_06_04_CO_REC120_IMG03n.png]]></imagen>
      <ampliacion />
      <texto />
    </pregunta>
    <pregunta>
      <enunciado><![CDATA[Escribe todos los divisores de 24 e indica cuál es el mayor divisor, menor que él.]]></enunciado>
      <explicacion />
      <nivel><![CDATA[2]]></nivel>
      <tipo />
      <imagen><![CDATA[MA_06_04_CO_REC120_IMG04n.png]]></imagen>
      <ampliacion />
      <texto />
    </pregunta>
    <pregunta>
      <enunciado><![CDATA[Escribe todos los divisores de 30 e indica cuál es el mayor divisor, menor que él.]]></enunciado>
      <explicacion />
      <nivel><![CDATA[2]]></nivel>
      <tipo />
      <imagen><![CDATA[MA_06_04_CO_REC120_IMG05n.png]]></imagen>
      <ampliacion />
      <texto />
    </pregunta>
    <pregunta>
      <enunciado><![CDATA[Completa la siguiente tabla:]]></enunciado>
      <explicacion />
      <nivel><![CDATA[2]]></nivel>
      <tipo />
      <imagen><![CDATA[MA_06_04_CO_REC120_IMG06n.png]]></imagen>
      <ampliacion><![CDATA[MA_06_04_CO_REC120_IMG06a.png]]></ampliacion>
      <texto />
    </pregunta>
    <pregunta>
      <enunciado><![CDATA[Encuentra todos los divisores de 80 y resalta con color azul los números que, a la vez, son divisores de 20. ¿Cuál es el mayor número que lograste resaltar con azul?]]></enunciado>
      <explicacion />
      <nivel><![CDATA[2]]></nivel>
      <tipo />
      <imagen><![CDATA[MA_06_04_CO_REC120_IMG07n.png]]></imagen>
      <ampliacion />
      <texto />
    </pregunta>
    <pregunta>
      <enunciado><![CDATA[Encuentra todos los divisores de 60 y resalta con color azul los números que, a la vez, son divisores de 50. ¿Cuál es el mayor número que lograste resaltar con azul?]]></enunciado>
      <explicacion />
      <nivel><![CDATA[2]]></nivel>
      <tipo />
      <imagen><![CDATA[MA_06_04_CO_REC120_IMG08n.png]]></imagen>
      <ampliacion />
      <texto />
    </pregunta>
    <pregunta>
      <enunciado><![CDATA[Sabiendo que 6 x 40 = 240, busca por lo menos seis divisores de 240.]]></enunciado>
      <explicacion />
      <nivel><![CDATA[3]]></nivel>
      <tipo />
      <imagen><![CDATA[MA_06_04_CO_REC120_IMG09n.png]]></imagen>
      <ampliacion />
      <texto />
    </pregunta>
    <pregunta>
      <enunciado><![CDATA[Sabiendo que 5 x 2 x 6 = 60, busca cinco divisores de 60.]]></enunciado>
      <explicacion />
      <nivel><![CDATA[3]]></nivel>
      <tipo />
      <imagen><![CDATA[MA_06_04_CO_REC120_IMG10n.png]]></imagen>
      <ampliacion />
      <texto />
    </pregunta>
  </preguntas>
</motor>