﻿<?xml version="1.0" encoding="utf-8"?><motor tipo="101" clase="a" aprid="m101a">
  <plataforma>
    <grado>2</grado>
    <titulo>Refuerza tu aprendizaje: Las propiedades de una función</titulo>
    <volumen/>
    <nivel><![CDATA[1]]></nivel>
    <referencia/>
    <motor/>
    <lang>es</lang>
  </plataforma>
  <enunciado><![CDATA[Lee cuidadosamente cada una de las situaciones que se proponen y soluciónalas. Si es nencesario, entrega a mano los procedimientos o envíalos por correo a tu docente.]]></enunciado>
  <masinfo inicio="0"/>
  <calc><![CDATA[0]]></calc>
  <preguntas cantidad="6">
    <pregunta>
      <enunciado><![CDATA[Determina el valor de verdad de las siguientes afirmaciones. ]]></enunciado>
      <explicacion/>
      <nivel><![CDATA[2]]></nivel>
      <tipo/>
      <imagen/>
      <ampliacion/>
      <texto><![CDATA[– Todas las funciones biyectivas son inyectivas.  – Todas las funciones inyectivas son biyectivas.              – La función {{cur}}s{{normal}}: {{cur}}P{{normal}} → {{cur}}T{{normal}} es una función sobreyectiva si el rango de la función {{cur}}s{{normal}} es igual al conjunto {{cur}}T{{normal}}. - La función {{cur}}f{{normal}}: {{cur}}H{{normal}} →  {{cur}}N{{normal}} es una función inyectiva si para los elementos {{cur}}x{{normal}} y {{cur}}z{{normal}} del conjunto {{cur}}H{{normal}} se tiene que {{cur}}f{{normal}}({{cur}}x{{normal}}) = 3 y {{cur}}f{{normal}}({{cur}}z{{normal}}) = 3.]]></texto>
    </pregunta>
    <pregunta>
      <enunciado><![CDATA[De las funciones que a continuación se presentan, indica cuáles son inyectivas, sobreyectivas o biyectivas. Justifica tu respuesta.]]></enunciado>
      <explicacion/>
      <nivel><![CDATA[2]]></nivel>
      <tipo/>
      <imagen/>
      <ampliacion/>
      <texto><![CDATA[– {{cur}}f{{normal}}({{cur}}x{{normal}}) = {{cur}}x{{normal}}                      – {{cur}}f{{normal}}({{cur}}x{{normal}}) = 2{{cur}}x{{normal}}{{sup}}2{{normal}}– {{cur}}f{{normal}}({{cur}}x{{normal}}) = {{cur}}x{{normal}}{{sup}}3{{normal}} + 1                – {{cur}}f{{normal}}({{cur}}x{{normal}}) = √({{cur}}x{{normal}}{{sup}}2{{normal}} +1)]]></texto>
    </pregunta>
    <pregunta>
      <enunciado><![CDATA[De las funciones que se muestran en la imagen, indica cuáles son inyectivas. ]]></enunciado>
      <explicacion/>
      <nivel><![CDATA[2]]></nivel>
      <tipo/>
      <imagen/>
      <ampliacion/>
      <texto/>
    </pregunta>
    <pregunta>
      <enunciado><![CDATA[De las relaciones que se muestran en la imagen, indica cuáles corresponden a una función inyectiva, sobreyectiva o biyectiva. ]]></enunciado>
      <explicacion/>
      <nivel><![CDATA[2]]></nivel>
      <tipo/>
      <imagen/>
      <ampliacion/>
      <texto/>
    </pregunta>
    <pregunta>
      <enunciado><![CDATA[Construye, en cada caso, una gráfica de una función que cumpla:– Es inyectiva pero no biyectiva. – Es sobreyectiva pero no inyectiva. ]]></enunciado>
      <explicacion/>
      <nivel><![CDATA[3]]></nivel>
      <tipo/>
      <imagen/>
      <ampliacion/>
      <texto/>
    </pregunta>
    <pregunta>
      <enunciado><![CDATA[Analiza cada relación y determina si es una función inyectiva, sobreyectiva o biyectiva. ]]></enunciado>
      <explicacion/>
      <nivel><![CDATA[3]]></nivel>
      <tipo/>
      <imagen/>
      <ampliacion/>
      <texto><![CDATA[a) Si {{cur}}H{{normal}} = {2, 4, 6, 8, 10}, {{cur}}P{{normal}} = {3, 5, 7, 9, 11} y{{cur}}f{{normal}}: {{cur}}H{{normal}} → {{cur}}P{{normal}} tal que{{cur}}f{{normal}} = {(2, 3), (4, 5), (6, 7), (8, 9), (10, 11)}.b) {{cur}}A{{normal}} = {0, 1, 2, 3, 4, 5}, {{cur}}B{{normal}} = {2, 3, 4, 5, 6}. Se define {{cur}}g{{normal}}: {{cur}}A{{normal}} → {{cur}}B{{normal}}, tal que {{cur}}g{{normal}} = {(0, 2), (1, 3), (2, 6), (3, 5), (4, 4), (5, 5)}.]]></texto>
    </pregunta>
  </preguntas>
  <temps></temps>
</motor>