<?xml version='1.0' encoding='UTF-8'?><motor tipo="101" clase="a">
  <plataforma>
    <grado>2</grado>
    <titulo>Refuerza tu aprendizaje: orden en el conjunto de los números enteros</titulo>
    <volumen/>
    <nivel><![CDATA[1]]></nivel>
    <referencia/>
    <motor/>
    <lang>es</lang>
  </plataforma>
  <enunciado><![CDATA[Realiza lo que se indica a continuación y haz clic en enviar cuando termines. Si es necesario guarda y envía por correo electrónico a tu profesor.]]></enunciado>
  <masinfo inicio="0"/>
  <calc><![CDATA[0]]></calc>
  <preguntas cantidad="2">
    <pregunta>
      <enunciado><![CDATA[Ordena en forma vertical de menor a mayor los siguientes registros de temperatura: 22 ºC, ºC, 0 ºC, 11 ºC, 34 ºC, ºC. Luego, escribe frente a cada registro una ciudad del mundo cuya temperatura promedio durante el día sea esa.]]></enunciado>
      <explicacion/>
      <nivel><![CDATA[2]]></nivel>
      <tipo/>
      <imagen/>
      <ampliacion/>
      <texto/>
    </pregunta>
    <pregunta>
      <enunciado><![CDATA[Elabora un texto explicativo donde describas el proceso que se debe realizar para reconocer cuándo un número negativo es mayor que otro del mismo tipo. El texto debe tener ejemplos.]]></enunciado>
      <explicacion/>
      <nivel><![CDATA[2]]></nivel>
      <tipo/>
      <imagen/>
      <ampliacion/>
      <texto/>
    </pregunta>
  </preguntas>
  <temps>15</temps>
</motor>