﻿<?xml version="1.0" encoding="utf-8"?><motor tipo="102" clase="ab" aprid="m102ab">
  <plataforma>
    <grado><![CDATA[2]]></grado>
    <titulo>¿Cuál es la relación entre el Teorema de Rolle y el de Lagrange?</titulo>
    <volumen><![CDATA[1]]></volumen>
    <nivel><![CDATA[1]]></nivel>
    <referencia><![CDATA[EX_PLANTILLA_M102AB]]></referencia>
    <motor><![CDATA[M102ab]]></motor>
    <lang>es_co</lang>
  </plataforma>
  <enunciado><![CDATA[Realiza la siguiente actividad. Cuando termines envíala para que pueda ser evaluada.]]></enunciado>
  <masinfo inicio="0"/>
  <textoupload/>
  <adjunto><![CDATA[Principal.html]]></adjunto>
  <url/>
  <amano><![CDATA[0]]></amano>
  <temps>20</temps>
</motor>