﻿<?xml version="1.0" encoding="utf-8"?>
<motor tipo="7" clase="a" aprid="m7a">
  <plataforma>
    <grado><![CDATA[2]]></grado>
    <titulo>La adición y la sustracción con números racionales</titulo>
    <area>0</area>
    <nivel>1</nivel>
    <referencia />
    <idreg><![CDATA[0]]></idreg>
    <motor><![CDATA[M7A]]></motor>
    <lang>es</lang>
  </plataforma>
  <enunciado><![CDATA[Resuelve cada adición y selecciona la respuesta correcta.]]></enunciado>
  <masinfo inicio="0" />
  <sinaleatoriedad><![CDATA[1]]></sinaleatoriedad>
  <calc><![CDATA[0]]></calc>
  <respuestaunica><![CDATA[1]]></respuestaunica>
  <test cantidad="4">
    <cuestion>
      <enunciado><![CDATA[El resultado de la siguiente expresión es:]]></enunciado>
      <imagen><![CDATA[MA_08_01_CO_REC140_F1n.png]]></imagen>
      <ampliacion><![CDATA[MA_08_01_CO_REC140_F1a.png]]></ampliacion>
      <respuestas>
        <respuesta ruta="MA_08_01_CO_REC140_F2.png" ampliacion="" correcta="0" />
        <respuesta ruta="MA_08_01_CO_REC140_F3.png" ampliacion="" correcta="1" />
        <respuesta ruta="MA_08_01_CO_REC140_F4.png" ampliacion="" correcta="0" />
        <respuesta ruta="MA_08_01_CO_REC140_F5.png" ampliacion="" correcta="0" />
      </respuestas>
    </cuestion>
    <cuestion>
      <enunciado><![CDATA[El resultado de la siguiente expresión es:]]></enunciado>
      <imagen><![CDATA[MA_08_01_CO_REC140_F6n.png]]></imagen>
      <ampliacion><![CDATA[MA_08_01_CO_REC140_F6a.png]]></ampliacion>
      <respuestas>
        <respuesta ruta="MA_08_01_CO_REC140_F7.png" ampliacion="" correcta="1" />
        <respuesta ruta="MA_08_01_CO_REC140_F8.png" ampliacion="" correcta="0" />
        <respuesta ruta="MA_08_01_CO_REC140_F9.png" ampliacion="" correcta="0" />
        <respuesta ruta="MA_08_01_CO_REC140_F10.png" ampliacion="" correcta="0" />
      </respuestas>
    </cuestion>
    <cuestion>
      <enunciado><![CDATA[El resultado de la siguiente expresión es:]]></enunciado>
      <imagen><![CDATA[MA_08_01_CO_REC140_F11n.png]]></imagen>
      <ampliacion><![CDATA[MA_08_01_CO_REC140_F11a.png]]></ampliacion>
      <respuestas>
        <respuesta ruta="MA_08_01_CO_REC140_F12.png" ampliacion="" correcta="0" />
        <respuesta ruta="MA_08_01_CO_REC140_F13.png" ampliacion="" correcta="0" />
        <respuesta ruta="MA_08_01_CO_REC140_F14.png" ampliacion="" correcta="1" />
        <respuesta ruta="MA_08_01_CO_REC140_F15.png" ampliacion="" correcta="0" />
      </respuestas>
    </cuestion>
    <cuestion>
      <enunciado><![CDATA[El resultado de la siguiente expresión es:]]></enunciado>
      <imagen><![CDATA[MA_08_01_CO_REC140_F16n.png]]></imagen>
      <ampliacion><![CDATA[MA_08_01_CO_REC140_F16a.png]]></ampliacion>
      <respuestas>
        <respuesta ruta="MA_08_01_CO_REC140_F17.png" ampliacion="" correcta="1" />
        <respuesta ruta="MA_08_01_CO_REC140_F18.png" ampliacion="" correcta="0" />
        <respuesta ruta="MA_08_01_CO_REC140_F19.png" ampliacion="" correcta="0" />
        <respuesta ruta="MA_08_01_CO_REC140_F20.png" ampliacion="" correcta="0" />
      </respuestas>
    </cuestion>
  </test>
  <temps>
  </temps>
</motor>