﻿<?xml version="1.0" encoding="UTF-8"?>
<motor tipo="7" clase="a" aprid="m7a">
  <plataforma>
    <grado><![CDATA[2]]></grado>
    <titulo>La adición y sustracción con números racionales</titulo>
    <area>0</area>
    <nivel>1</nivel>
    <referencia />
    <idreg><![CDATA[0]]></idreg>
    <motor><![CDATA[M7A]]></motor>
    <lang>es</lang>
  </plataforma>
  <enunciado><![CDATA[Resuelve cada adición y selecciona la respuesta correcta.]]></enunciado>
  <masinfo inicio="0" />
  <sinaleatoriedad><![CDATA[1]]></sinaleatoriedad>
  <calc><![CDATA[0]]></calc>
  <respuestaunica><![CDATA[1]]></respuestaunica>
  <test cantidad="4">
    <cuestion>
      <enunciado><![CDATA[El resultado de la siguiente expresión es:]]></enunciado>
      <imagen><![CDATA[ma_08_01_170.gif]]></imagen>
      <ampliacion />
      <respuestas>
        <respuesta ruta="ma_08_01_171.gif" ampliacion="" correcta="0" />
        <respuesta ruta="ma_08_01_173.gif" ampliacion="" correcta="1" />
        <respuesta ruta="ma_08_01_174.gif" ampliacion="" correcta="0" />
        <respuesta ruta="ma_08_01_175.gif" ampliacion="" correcta="0" />
      </respuestas>
    </cuestion>
    <cuestion>
      <enunciado><![CDATA[El resultado de la siguiente expresión es:]]></enunciado>
      <imagen><![CDATA[ma_08_01_176.gif]]></imagen>
      <ampliacion />
      <respuestas>
        <respuesta ruta="ma_08_01_178.gif" ampliacion="" correcta="1" />
        <respuesta ruta="ma_08_01_179.gif" ampliacion="" correcta="0" />
        <respuesta ruta="ma_08_01_180.gif" ampliacion="" correcta="0" />
        <respuesta ruta="ma_08_01_181.gif" ampliacion="" correcta="0" />
      </respuestas>
    </cuestion>
    <cuestion>
      <enunciado><![CDATA[El resultado de la siguiente expresión es:]]></enunciado>
      <imagen><![CDATA[ma_08_01_182.gif]]></imagen>
      <ampliacion />
      <respuestas>
        <respuesta ruta="ma_08_01_183.gif" ampliacion="" correcta="0" />
        <respuesta ruta="ma_08_01_184.gif" ampliacion="" correcta="0" />
        <respuesta ruta="ma_08_01_185.gif" ampliacion="" correcta="1" />
        <respuesta ruta="ma_08_01_187.gif" ampliacion="" correcta="0" />
      </respuestas>
    </cuestion>
    <cuestion>
      <enunciado><![CDATA[El resultado de la siguiente expresión es:]]></enunciado>
      <imagen><![CDATA[ma_08_01_188.gif]]></imagen>
      <ampliacion />
      <respuestas>
        <respuesta ruta="ma_08_01_190.gif" ampliacion="" correcta="1" />
        <respuesta ruta="ma_08_01_192.gif" ampliacion="" correcta="1" />
        <respuesta ruta="ma_08_01_193.gif" ampliacion="" correcta="0" />
        <respuesta ruta="ma_08_01_194.gif" ampliacion="" correcta="0" />
      </respuestas>
    </cuestion>
  </test>
  <temps>60</temps>
</motor>