﻿<?xml version="1.0" encoding="UTF-8"?><!--Arbortext, Inc., 1988-2013, v.4002--><motor tipo="101" clase="a" aprid="M101a"><plataforma><grado><![CDATA[2]]></grado><titulo>Refuerza tu aprendizaje: Las variables estadísticas</titulo><area>3</area><nivel>2</nivel><referencia><![CDATA[MT_07-15]]></referencia><idreg><![CDATA[4819]]></idreg><motor><![CDATA[M101A]]></motor><lang>es</lang></plataforma><enunciado><![CDATA[Realiza la siguiente actividad. Cuando termines haz clic en Enviar. Si es necesario, entrega las respuestas en mano o por email a tu profesor para que pueda validarlas.]]></enunciado><masinfo inicio="0" /><calc>1</calc><preguntas cantidad="1"><pregunta><enunciado><![CDATA[Pregunta a diez personas cuántos hermanos tienen y el color de sus ojos. Rellena una tabla con los resultados. ¿Cómo son las variables? ]]></enunciado><explicacion /><nivel><![CDATA[1]]></nivel><tipo /><imagen /><ampliacion /></pregunta></preguntas></motor>