﻿<?xml version="1.0" encoding="UTF-8"?><!--Arbortext, Inc., 1988-2013, v.4002--><motor tipo="101" clase="ap" aprid="M101ap"><plataforma><grado><![CDATA[2]]></grado><titulo>Banco de actividades: Probabilidad y estadística</titulo><area>3</area><nivel>2</nivel><referencia><![CDATA[MT_07-15]]></referencia><idreg><![CDATA[4819]]></idreg><motor><![CDATA[M101AP]]></motor><lang>es</lang></plataforma><enunciado><![CDATA[Realiza la siguiente actividad. Cuando termines haz clic en Enviar. Si es necesario, entrega las respuestas en mano o por email a tu profesor para que pueda validarlas.]]></enunciado><masinfo inicio="0" /><calc>1</calc><preguntas cantidad="20"><pregunta><enunciado><![CDATA[Pregunta a diez personas cuántos hermanos tienen y el color de sus ojos. Rellena una tabla con los resultados. ¿Cómo son las variables? ]]></enunciado><explicacion /><nivel><![CDATA[1]]></nivel><tipo /><imagen /><ampliacion /></pregunta><pregunta><enunciado><![CDATA[En una hoja aparte, realiza un diagrama de sectores sobre el color del pelo de tus compañeros de clase. Explica el procedimiento paso a paso. ]]></enunciado><explicacion /><nivel><![CDATA[2]]></nivel><tipo /><imagen /><ampliacion /></pregunta><pregunta><enunciado><![CDATA[Realiza una encuesta sobre los deportes extraescolares que realizan tus compañeros de clase y dibuja un diagrama de sectores, en una hoja aparte. ]]></enunciado><explicacion /><nivel><![CDATA[2]]></nivel><tipo /><imagen /><ampliacion /></pregunta><pregunta><enunciado><![CDATA[Pregunta a tus compañeros de clase las notas que han obtenido en el último examen de matemáticas y calcula la media aritmética. ¿Cómo lo has hecho?]]></enunciado><explicacion /><nivel><![CDATA[2]]></nivel><tipo /><imagen /><ampliacion /></pregunta><pregunta><enunciado><![CDATA[Pregunta a tus compañeros de clase las notas que han obtenido en el último examen de Lengua y calcula la mediana y la moda de los datos obtenidos. Describe el procedimiento paso a paso. ]]></enunciado><explicacion /><nivel><![CDATA[2]]></nivel><tipo /><imagen /><ampliacion /></pregunta><pregunta><enunciado><![CDATA[Realizamos un experimento consistente en lanzar tres monedas y observar el número de caras obtenido. Los resultados se muestran en la tabla de la imagen. Calcula las frecuencias absolutas, las frecuencias relativas y el porcentaje de cada resultado y explica el procedimiento paso a paso.]]></enunciado><explicacion><![CDATA[SOLUCIÓN: frecuencias absolutas (para 0, 1, 2 y 3 caras respectivamente): 9 - 41 - 39 - 11. 
Frecuencias relativas (para 0, 1, 2 y 3 caras respectivamente): 0,09 - 0,41 - 0,39 - 0,11.
Porcentajes (para 0, 1, 2 y 3 caras respectivamente): 9% -  41% - 38% - 11%.
]]></explicacion><nivel><![CDATA[2]]></nivel><tipo /><imagen><![CDATA[Ex_MT_07_15_T1_img1_small.jpg]]></imagen><ampliacion><![CDATA[Ex_MT_07_15_T1_img1_zoom.jpg]]></ampliacion></pregunta><pregunta><enunciado><![CDATA[Describe un experimento aleatorio, realízalo 50 veces y obtén las frecuencias absolutas y relativas de los resultados. ]]></enunciado><explicacion /><nivel><![CDATA[2]]></nivel><tipo /><imagen /><ampliacion /></pregunta><pregunta><enunciado><![CDATA[Describe un experimento aleatorio, realízalo 50 veces y obtén las medidas de centralización de los datos obtenidos. ]]></enunciado><explicacion /><nivel><![CDATA[2]]></nivel><tipo /><imagen /><ampliacion /></pregunta><pregunta><enunciado><![CDATA[Observa el siguiente diagrama de barras y obtén la tabla de frecuencias y las medidas de centralización. ]]></enunciado><explicacion><![CDATA[SOLUCIÓN: la media es 1,068, aproximadamente; la mediana es 1 y la moda, 0.]]></explicacion><nivel><![CDATA[3]]></nivel><tipo /><imagen><![CDATA[Ex_MT_07_15_T1_img2_small.jpg]]></imagen><ampliacion><![CDATA[Ex_MT_07_15_T1_img2_zoom.jpg]]></ampliacion></pregunta><pregunta><enunciado><![CDATA[Tenemos una lista de personas nacidas entre los años 2000 y 2005, ambos incluidos. El experimento consiste en escoger un nombre al azar y leer el año de su nacimiento. Califica los sucesos que se muestran en la tabla según su probabilidad. Razona las respuestas. ]]></enunciado><explicacion><![CDATA[SOLUCIÓN: 2003 poco probable, 1998 imposible, 2002-2005 muy probable.]]></explicacion><nivel><![CDATA[2]]></nivel><tipo /><imagen><![CDATA[Ex_MT_07_15_T1_img3_small.jpg]]></imagen><ampliacion><![CDATA[Ex_MT_07_15_T1_img3_zoom.jpg]]></ampliacion></pregunta><pregunta><enunciado><![CDATA[Escribe todos los sucesos posibles del siguiente experimento: en una caja tenemos cinco bolas, tres de ellas son rojas y dos azules. El experimento consiste en sacar una bola y observar su color. Califica los siguientes sucesos según su probabilidad: 
a) Sacar bola roja.        b) Sacar bola roja o azul.        c) Sacar bola verde.
]]></enunciado><explicacion><![CDATA[SOLUCIÓN: a) Muy probable.     b) Seguro.     c) Imposible.]]></explicacion><nivel><![CDATA[2]]></nivel><tipo /><imagen /><ampliacion /></pregunta><pregunta><enunciado><![CDATA[Calcula la probabilidad de sacar una bola roja de una bolsa en la que hay 2 bolas rojas, 3 verdes y 2 azules. Explica el procedimiento paso a paso.]]></enunciado><explicacion><![CDATA[SOLUCIÓN: P(A)= 2/7]]></explicacion><nivel><![CDATA[2]]></nivel><tipo /><imagen /><ampliacion /></pregunta><pregunta><enunciado><![CDATA[Di la probabilidad de que salgan dos caras si lanzamos dos monedas al aire. Justifica tu respuesta.]]></enunciado><explicacion><![CDATA[SOLUCIÓN: {{cur}}P(A){{normal}} = 1/4]]></explicacion><nivel><![CDATA[2]]></nivel><tipo /><imagen /><ampliacion /></pregunta><pregunta><enunciado><![CDATA[Determina el espacio muestral del experimento consistente en lanzar un dado al aire. ]]></enunciado><explicacion><![CDATA[SOLUCIÓN: {1,2,3,4,5,6}]]></explicacion><nivel><![CDATA[1]]></nivel><tipo /><imagen /><ampliacion /></pregunta><pregunta><enunciado><![CDATA[Pon dos ejemplos de experimentos aleatorios y dos ejemplos de experimentos deterministas. ]]></enunciado><explicacion /><nivel><![CDATA[2]]></nivel><tipo /><imagen /><ampliacion /></pregunta><pregunta><enunciado><![CDATA[Di la probabilidad de que salga un número par si lanzamos un dado al aire y observamos el resultado. Justifica tu respuesta.]]></enunciado><explicacion><![CDATA[SOLUCIÓN: {{cur}}P(A){{normal}} = 1/2]]></explicacion><nivel><![CDATA[2]]></nivel><tipo /><imagen /><ampliacion /></pregunta><pregunta><enunciado><![CDATA[Realiza el experimento de lanzar un dado cien veces y rellena la tabla de frecuencias obtenidas. ]]></enunciado><explicacion /><nivel><![CDATA[2]]></nivel><tipo /><imagen /><ampliacion /></pregunta><pregunta><enunciado><![CDATA[Observa el siguiente diagrama de sectores que se ha obtenido a partir de una muestra de 500 personas y obtén las frecuencias absolutas y relativas correspondientes. Explica el procedimiento paso a paso. ]]></enunciado><explicacion><![CDATA[SOLUCIÓN: Frecuencias absolutas (para castaño, negro, pelirrojo y rubio, respectivamente): 75 - 295 - 20 - 110. 
Frecuencias relativas (para castaño, negro, pelirrojo y rubio, respectivamente): 0,15 - 0,59 - 0,04 - 0,22.]]></explicacion><nivel><![CDATA[2]]></nivel><tipo /><imagen><![CDATA[Ex_MT_07_15_T1_img4_small.jpg]]></imagen><ampliacion><![CDATA[Ex_MT_07_15_T1_img4_zoom.jpg]]></ampliacion></pregunta><pregunta><enunciado><![CDATA[Copia en una hoja aparte la tabla estadística que nos ha proporcionado un dentista y complétala. ]]></enunciado><explicacion><![CDATA[SOLCUIÓN:
Número de caries:  0	     1	     2	     3	    4
         {{cur}}f{{normal}}{{sub}}i{{normal}}			     25	     2	    35	    15	    5
         {{cur}}h{{normal}}{{sub}}i{{normal}}		         0,25	    0,2	   0,35	   0,15	  0,05
]]></explicacion><nivel><![CDATA[3]]></nivel><tipo /><imagen><![CDATA[Ex_MT_07_15_T1_img5_small.jpg]]></imagen><ampliacion><![CDATA[Ex_MT_07_15_T1_img5_zoom.jpg]]></ampliacion></pregunta><pregunta><enunciado><![CDATA[Calcula la probabilidad de que dos personas no elijan el mismo número si escogen uno cualquiera del 0 al 9. Explica cómo lo has calculado. ]]></enunciado><explicacion><![CDATA[SOLUCIÓN: 9/10]]></explicacion><nivel><![CDATA[3]]></nivel><tipo /><imagen /><ampliacion /></pregunta></preguntas></motor>