﻿<?xml version="1.0" encoding="UTF-8"?><motor tipo="1" clase="a" aprid="M1a"><enunciado>Relaciona cada serie con la moda, la media o la mediana que le corresponde.</enunciado><textoatexto cantidad="8"><cuestion correccionSinMayusculas="0" correccionSinPuntuacion="0" correccionSinPuntuacionFinal="0"><pregunta>21, 18, 15, 26, 25</pregunta><respuesta>Mediana  = 21.</respuesta></cuestion><cuestion correccionSinMayusculas="0" correccionSinPuntuacion="0" correccionSinPuntuacionFinal="0"><pregunta>21, 18, 15, 21, 25</pregunta><respuesta>Moda  = 21.</respuesta></cuestion><cuestion correccionSinMayusculas="0" correccionSinPuntuacion="0" correccionSinPuntuacionFinal="0"><pregunta>21, 18, 15, 26, 25, 26</pregunta><respuesta>Mediana  = 23.</respuesta></cuestion><cuestion correccionSinMayusculas="0" correccionSinPuntuacion="0" correccionSinPuntuacionFinal="0"><pregunta>9, 16, 26, 34, 20</pregunta><respuesta>Media  = 21.</respuesta></cuestion><cuestion correccionSinMayusculas="0" correccionSinPuntuacion="0" correccionSinPuntuacionFinal="0"><pregunta>4, 1, 2, 3, 1, 2, 3, 1, 4</pregunta><respuesta>Moda  = 1.</respuesta></cuestion><cuestion correccionSinMayusculas="0" correccionSinPuntuacion="0" correccionSinPuntuacionFinal="0"><pregunta>4, 2, 1, 2, 3, 1, 2, 3, 4</pregunta><respuesta>Moda  =  2.</respuesta></cuestion><cuestion correccionSinMayusculas="0" correccionSinPuntuacion="0" correccionSinPuntuacionFinal="0"><pregunta>21, 13, 15, 26, 25</pregunta><respuesta>Media = 20.</respuesta></cuestion><cuestion correccionSinMayusculas="0" correccionSinPuntuacion="0" correccionSinPuntuacionFinal="0"><pregunta>21, 18 , 25 , 26 ,25</pregunta><respuesta>Media  =  23.</respuesta></cuestion></textoatexto><textofalso cantidad="0"></textofalso><plataforma><grado><![CDATA[2]]></grado><titulo>Calcula la moda, la media y la mediana</titulo><volumen><![CDATA[3]]></volumen><nivel><![CDATA[2]]></nivel><referencia><![CDATA[mt_07_15_06]]></referencia><id_reg><![CDATA[249]]></id_reg><motor><![CDATA[M1a]]></motor><lang>es</lang></plataforma></motor>