﻿<?xml version="1.0" encoding="UTF-8"?>
<?xml-stylesheet href="cuadernoestudio/dtd/libro.xslt" type="text/xsl"?>
<!--Arbortext, Inc., 1988-2015, v.4002-->
<!DOCTYPE libro SYSTEM "cuadernoestudio/dtd/libro.dtd">
<libro id="MA_06_04_CO">
<libroTitulo>Teoría de numeros</libroTitulo>
<seccion1 id="S1_MA_06_04_CO_692044FDACAD44B9911E8B2F98E0BE88">
<seccion1Titulo>Los múltiplos</seccion1Titulo>
<seccion1Texto>
<p>En cursos anteriores se aprendieron las tablas de multiplicar y
se vio la importancia de usarlas y de aprenderlas en muchas situaciones,
no solo de matemáticas, sino de la vida cotidiana; el concepto de
tabla de multiplicar tiene una estrecha relación con el concepto de
múltiplo.</p>
<seccion2 id="S2_MA_06_04_CO_74945AD40FEF4318B829C49157340330">
<seccion2Titulo>Los múltiplos de un número</seccion2Titulo>
<seccion2Texto>
<p>Un número es <negrita>múltiplo</negrita> de otro si está en la
tabla de multiplicar de dicho número. Por ejemplo, 15 es múltiplo
de 3 pues 3 × 5 = 15. En forma similar, se puede afirmar que 15 es
múltiplo de 5.  En forma general, los múltiplos de un número <cursiva
>t</cursiva> son los números que resultan de multiplicar a <cursiva
>t</cursiva> por todos los números naturales y el cero.</p>
<imagen src="MA_06_04_CO_IMG01_small.jpg">
<p>Multiplicando por un número natural.</p>
</imagen>
<p>El conjunto de múltiplos de un número se representa con la letra <cursiva
>M</cursiva>. Así, los múltiplos de 7 son el conjunto <cursiva>M</cursiva
><subindice>7</subindice>, que se muestra a continuación. </p>
<p centrado="si"><cursiva>M</cursiva><subindice>7</subindice> =  {0,
7, 14, 21, 28, 35, 42,…}</p>
<p>Es importante anotar que los tres puntos antes del corchete de
cierre, indican que el conjunto tiene infinito número de elementos.</p>
</seccion2Texto></seccion2><seccion2
id="S2_MA_06_04_CO_2828F5559EB140948E6EE6634D1F0413">
<seccion2Titulo>Las propiedades de los múltiplos</seccion2Titulo>
<seccion2Texto>
<p>El conjunto de múltiplos de un número cumple varias propiedades
que son importantes de reconocer y utilizar.</p>
<profundiza>
<enlace
destino="/LoIdRedirect.aspx?LoId=MA_06_04_CO_Recurso010&amp;IdRecurso=RES-FB445E2C6E874AA0A07CB47BEA99C258"
>Las propiedades de los múltiplos</enlace>
</profundiza><practica>
<enlace
destino="/LoIdRedirect.aspx?LoId=MA_06_04_CO_Recurso020&amp;IdRecurso=RES-8B4468FB926641B38FB5A04F4010A2EF"
>Encuentra los múltiplos de un número</enlace>
<enlace
destino="/LoIdRedirect.aspx?LoId=MA_06_04_CO_Recurso030&amp;IdRecurso=RES-99F3FD64056240A6823A28B8CE87ED4C"
>Descubre si es o no un múltiplo</enlace>
</practica></seccion2Texto></seccion2><seccion2
id="S2_MA_06_04_CO_055C854A1AE14F88B627F7006A9569C9">
<seccion2Titulo>Consolidación</seccion2Titulo>
<seccion2Texto>
<p>Actividades para afianzar lo que has aprendido en esta sección.</p>
<practica>
<enlace
destino="/LoIdRedirect.aspx?LoId=MA_06_04_CO_Recurso040&amp;IdRecurso=RES-3B6EBFA6D4DB4701AC7EE84AACC4BC25"
>Refuerza tu aprendizaje: Los múltiplos de un número</enlace>
</practica></seccion2Texto></seccion2></seccion1Texto></seccion1>
<seccion1 id="S1_MA_06_04_CO_D3CFC88DBD434C0BB84065A24A288F89">
<seccion1Titulo>Los divisores</seccion1Titulo>
<seccion1Texto>
<p>Dividir siempre ha sido una actividad propia de los seres humanos:
dividimos para repartir. </p>
<p>En algunos contextos estas divisiones o repartos resultan ser exactas;
por ejemplo, si un grupo de 20 estudiantes debe formar grupos de a
4 para organizar una exposición.</p>
<p>Ya sabes que no siempre los repartos son exactos, ni se pueden
hacer en grupos de igual número de elementos, pero en matemáticas
este concepto de reparto exacto da origen al concepto de <negrita
>divisor</negrita>.</p>
<p>Cuando se habla de divisores es importante tener en cuenta el algoritmo
de la división y sus términos.</p>
<imagen ampliable="no" src="MA_06_04_CO_IMG02_small.jpg">
<p>9 es divisor de 45, pero también 5 es divisor de 45.</p>
</imagen>
<destacado><destacadoTitulo></destacadoTitulo><destacadoTexto>
<p>Un número es <negrita>divisor</negrita> de otro si lo divide exactamente;
es decir, si el residuo en la división es 0.</p>
</destacadoTexto></destacado><profundiza>
<enlace
destino="/LoIdRedirect.aspx?LoId=MA_06_04_CO_Recurso050&amp;IdRecurso=RES-214CF32F6EE64C0AA1CCD584FDC28B0A"
>Los múltiplos, los divisores y los números primos</enlace>
<enlace
destino="/LoIdRedirect.aspx?LoId=MA_06_04_CO_Recurso060&amp;IdRecurso=RES-C059EB3A9C9244D18F3D554F4456A0FA"
>¿Por qué un número es divisor de otro?</enlace>
</profundiza><seccion2
id="S2_MA_06_04_CO_BED69DB5AC464B64808CE02DEEF871E8">
<seccion2Titulo>Los divisores de un número</seccion2Titulo>
<seccion2Texto>
<p>El conjunto de divisores de un número se representa con la letra <cursiva
>D</cursiva>. Así, los divisores de 15 son los elementos del conjunto <cursiva
>D</cursiva><subindice>15</subindice>, que se muestra a continuación.</p>
<p centrado="si"><cursiva>D</cursiva><subindice>15</subindice> = {1,
3, 5}</p>
<p>Para hallar los divisores de un número es necesario resolver divisiones
en las que el residuo es 0.</p>
<p>Por ejemplo, 36 divido 4 es 9 y el residuo es 0. Entonces, se dice
que 4 y 9 son divisores de 36.</p>
<practica>
<enlace
destino="/LoIdRedirect.aspx?LoId=MA_06_04_CO_Recurso070&amp;IdRecurso=RES-BB4C92DA88B04C4C9AD43D3AC1931232"
>Los divisores de un número</enlace>
<enlace
destino="/LoIdRedirect.aspx?LoId=MA_06_04_CO_Recurso080&amp;IdRecurso=RES-2122A20C70D2469CAB390F9B510104D4"
>Relaciona un número con sus divisores</enlace>
</practica></seccion2Texto></seccion2><seccion2
id="S2_MA_06_04_CO_DB6C36A6FC494AF8BC2CE6F6A7AFA178">
<seccion2Titulo>Las propiedades de los divisores</seccion2Titulo>
<seccion2Texto>
<p>Al igual que el conjunto de múltiplos, el conjunto de los divisores
de un número cumple las siguientes propiedades.</p>
<listaSinNumerar>
<listaElemento>Todo número es divisor de sí mismo.</listaElemento>
<listaElemento>El número 1 es divisor de todo número.</listaElemento>
<listaElemento>El conjunto de divisores de un número es finito.</listaElemento>
</listaSinNumerar>
<practica>
<enlace
destino="/LoIdRedirect.aspx?LoId=MA_06_04_CO_Recurso090&amp;IdRecurso=RES-DF7053367D9541E1AFE0EEF3B44896FB"
>¿Es múltiplo o es divisor?</enlace>
<enlace
destino="/LoIdRedirect.aspx?LoId=MA_06_04_CO_Recurso100&amp;IdRecurso=RES-58DFF58E376C4675A4C330DC265CD4E8"
>Crucigrama con divisores</enlace>
<enlace
destino="/LoIdRedirect.aspx?LoId=MA_06_04_CO_Recurso110&amp;IdRecurso=RES-DAF17A5D43494F1E908B9E07A041C7BD"
>Resuelve problemas de múltiplos y divisores</enlace>
</practica></seccion2Texto></seccion2><seccion2
id="S2_MA_06_04_CO_DB6C36A6FC494AF8BC2CE6F6A7AF4478">
<seccion2Titulo>Consolidación </seccion2Titulo>
<seccion2Texto>
<p>Actividades para afianzar lo que has aprendido en esta sección.</p>
<practica>
<enlace
destino="/LoIdRedirect.aspx?LoId=MA_06_04_CO_Recurso120&amp;IdRecurso=RES-1A844BBF8A1B41188EED7923500EF0E0"
>Refuerza tu aprendizaje: Los divisores de un número</enlace>
</practica></seccion2Texto></seccion2></seccion1Texto></seccion1>
<seccion1 id="S1_MA_06_04_CO_90A00C243AF84486A36FC03DD3CEC2D7">
<seccion1Titulo>Los criterios de divisibilidad</seccion1Titulo>
<seccion1Texto>
<p>Los criterios de divisibilidad son reglas prácticas que permiten
determinar los divisores de un número.</p>
<p>Los más conocidos son los criterios de: 2, 3, 4, 5, 6 y 9.</p>
<practica>
<enlace
destino="/LoIdRedirect.aspx?LoId=MA_06_04_CO_Recurso130&amp;IdRecurso=RES-4B0858971F3D410A8BAAB81C42BC476B"
>Los criterios de divisibilidad</enlace>
<enlace
destino="/LoIdRedirect.aspx?LoId=MA_06_04_CO_Recurso140&amp;IdRecurso=RES-9DC326C69A04490B88F8B05297112BE1"
>Relaciona criterios de divisibilidad</enlace>
<enlace
destino="/LoIdRedirect.aspx?LoId=MA_06_04_CO_Recurso150&amp;IdRecurso=RES-3EB847FF995E467BB5D3211753AA629B"
>Descubre la cifra que falta</enlace>
<enlace
destino="/LoIdRedirect.aspx?LoId=MA_06_04_CO_Recurso160&amp;IdRecurso=RES-E97E579B8F8C4021BC418C48E90D52F9"
>Resuelve problemas de aplicación de los criterios de divisibilidad</enlace>
</practica><seccion2
id="S2_MA_06_04_CO_90A00C243AF84486A36FC03DD3CE2277">
<seccion2Titulo>Consolidación</seccion2Titulo>
<seccion2Texto>
<p>Actividades para afianzar lo que has aprendido en esta sección.</p>
<practica>
<enlace
destino="/LoIdRedirect.aspx?LoId=MA_06_04_CO_Recurso170&amp;IdRecurso=RES-852CAEEF2E7C43599749E1FFC1DF9F2E"
>Refuerza tu aprendizaje: Criterios de divisibilidad</enlace>
</practica></seccion2Texto></seccion2></seccion1Texto></seccion1>
<seccion1 id="S1_MA_06_04_CO_FF5D81073C444EDC975FC84CFED0949C">
<seccion1Titulo>Los números primos y los números compuestos</seccion1Titulo>
<seccion1Texto>
<p>Teniendo en cuenta los criterios de divisibilidad es posible clasificar
los números en dos categorías: <negrita>primos</negrita> y <negrita
>compuestos</negrita>.</p>
<p>Por ejemplo, 5 es un número primo y 6 es un número compuesto.</p>
<imagen src="MA_06_04_CO_IMG03_small.jpg">
<p>Conjunto de divisores de 5 y conjunto de divisores de 6.</p>
</imagen>
<seccion2 id="S2_MA_06_04_CO_8B8938A60E6A4C67AEAB4662AFEF570F">
<seccion2Titulo>Los números primos</seccion2Titulo>
<seccion2Texto>
<p>Se dice que un número natural es primo, si tiene exactamente dos
divisores: el 1 y el mismo número.</p>
<imagen src="MA_06_04_CO_IMG04_small.jpg">
<p>El número 1 y el número 0 no son primos.</p>
</imagen>
<p>Por ejemplo, los siguientes números son primos:</p>
<p centrado="si">23, 11, 31, 7</p>
<p>Fácilmente se puede verificar que cada uno de estos números solo
tiene dos divisores.</p>
</seccion2Texto></seccion2><seccion2
id="S2_MA_06_04_CO_CB70609B9CF44A92AC3BABF74ED3C662">
<seccion2Titulo>La criba de Eratóstenes</seccion2Titulo>
<seccion2Texto>
<p>La Criba de Eratóstenes, es un método para identificar números
primos. Fue ideado por el genio matemático de la antigua Grecia Eratóstenes,
quien vivió 200 años antes de Jesucristo. Eratóstenes ideó una tabla
con los números primos que hay entre 1 y 100. </p>
<profundiza>
<enlace
destino="/LoIdRedirect.aspx?LoId=MA_06_04_CO_Recurso180&amp;IdRecurso=RES-A9A1B3BEA4A64C7EA7065611A1B0496E"
>Construcción de la criba de Eratóstenes</enlace>
</profundiza></seccion2Texto></seccion2><seccion2
id="S2_MA_06_04_CO_CB70609B9CF44A92AC3BABF74ED36622">
<seccion2Titulo>Los números compuestos</seccion2Titulo>
<seccion2Texto>
<p>Un número es compuesto si tiene más de dos divisores. Por ejemplo,
24 y 28 son números compuestos, pues: </p>
<p centrado="si"><cursiva>D</cursiva><subindice>24</subindice> = {1,
2, 3, 4, 6, 8, 12, 24}</p>
<p centrado="si"><cursiva>D</cursiva><subindice>28</subindice> = {1,
2, 4, 7, 14, 28}</p>
<practica>
<enlace
destino="/LoIdRedirect.aspx?LoId=MA_06_04_CO_Recurso190&amp;IdRecurso=RES-4F050933FB684962BF470706F6C176AD"
>Clasifica números primos y compuestos</enlace>
<enlace
destino="/LoIdRedirect.aspx?LoId=MA_06_04_CO_Recurso200&amp;IdRecurso=RES-62B9AD20F93344FE82EDDEABFB50A1E4"
>Escribe números según una condición</enlace>
</practica><destacado><destacadoTitulo>Número primo y número compuesto </destacadoTitulo>
<destacadoTexto>
<listaSinNumerar>
<listaElemento>Un número natural es <negrita>primo</negrita> si es
divisible unicamente entre el 1 y él mismo.</listaElemento>
<listaElemento>Un número natural es <negrita>compuesto</negrita> si
tiene más de dos divisores.</listaElemento>
</listaSinNumerar>
</destacadoTexto></destacado></seccion2Texto></seccion2><seccion2
id="S2_MA_06_04_CO_BF45B1453F1543F59B7A5EF2442BB1A8">
<seccion2Titulo>La descomposición factorial de un número</seccion2Titulo>
<seccion2Texto>
<p>Todo número compuesto se puede expresar como el <negrita>producto
de factores primos</negrita>.</p>
<p>Dicha descomposición es única, lo cual significa que el orden en
el que se escriban los factores no es importante.</p>
<p>Por ejemplo, el número 12 se puede escribir como el producto de
varios números primos, así:</p>
<p>En forma similar, se pueden presentar otros números como el producto
de sus factores primos:</p>
<p centrado="si">24 = 2 × 2 × 2 × 3</p>
<p centrado="si">21 = 3 × 7</p>
<p centrado="si">15 = 5 × 3</p>
<p>Existen dos métodos para realizar la descomposición en factores
primos; el primero es llamado <negrita>diagrama de árbol</negrita
> (por la forma esquemática) y el segundo es llamado método vertical. </p>
<p>Así, la descomposición del número 36 se puede presentar así:</p>
<imagen src="MA_06_04_CO_IMG05_small.jpg">
<p>Modelos de descomposición del número 36</p>
</imagen>
<practica>
<enlace
destino="/LoIdRedirect.aspx?LoId=MA_06_04_CO_Recurso210&amp;IdRecurso=RES-9482082E82B44123992A5FB4547D1876"
>Descomposición en factores primos</enlace>
<enlace
destino="/LoIdRedirect.aspx?LoId=MA_06_04_CO_Recurso220&amp;IdRecurso=RES-894AAC729DCC47319E16060E9685B94C"
>¿Cierto o falso?</enlace>
<enlace
destino="/LoIdRedirect.aspx?LoId=MA_06_04_CO_Recurso230&amp;IdRecurso=RES-F38DA5CD73B74B7B9982E8DFFA461D25"
>Halla la descomposición de números</enlace>
</practica></seccion2Texto></seccion2><seccion2
id="S2_MA_06_04_CO_BF45B1453F1543F59B7A5EF2442B1188">
<seccion2Titulo>Consolidación</seccion2Titulo>
<seccion2Texto>
<p>Actividades para afianzar lo que has aprendido en esta sección.</p>
<practica>
<enlace
destino="/LoIdRedirect.aspx?LoId=MA_06_04_CO_Recurso240&amp;IdRecurso=RES-51ACF0D0768447A2951D3B390223DBE5"
>Refuerza tu aprendizaje: Números primos y números compuestos</enlace>
</practica></seccion2Texto></seccion2></seccion1Texto></seccion1>
<seccion1 id="S1_MA_06_04_CO_8DC7AA9A2C3F4FDF89BEFD24FA6483F5">
<seccion1Titulo>El máximo común divisor</seccion1Titulo>
<seccion1Texto>
<p>El <negrita>máximo común divisor</negrita> entre dos o más números
es el mayor de los divisores comunes de dichos números. Para nombrarlo
se usa la expresión m.c.d.</p>
<p>Por ejemplo, el m.c.d. entre 24 y 36 es 12, pues:</p>
<p centrado="si"><cursiva>D</cursiva><subindice>24</subindice> = {1,
2, 3, 4, 6, 8, 12, 24}</p>
<p centrado="si"><cursiva>D</cursiva><subindice>36</subindice> = {1,
2, 3, 4, 6, 9, 12, 18, 36}</p>
<p centrado="si">Los divisores comunes son 1, 2, 3, 4, 6 y 12 . Así
que 12 es el m.c.d. </p>
<p centrado="si">Se escribe m.c.d. (24, 36) = 12</p>
<imagen src="MA_06_04_CO_IMG06_small.jpg">
<p>Diagrama de Venn de divisores entre dos números</p>
</imagen>
<seccion2 id="S2_MA_06_04_CO_8DC7AA9A2C3F4FDF89BEFD24FA648855">
<seccion2Titulo>El método abreviado para hallar el máximo común divisor</seccion2Titulo>
<seccion2Texto>
<p>Para hallar el m.c.d. entre dos o más números se utiliza la descomposición
en factores primos.</p>
<p>Así para hallar el m.c.d. entre los números 360, 180 y 60 se procede
de la siguiente manera:</p>
<imagen src="MA_06_04_CO_IMG07_small.jpg">
<p>Descomposición en factores primos de los números 360, 180 y 60.</p>
</imagen>
<p centrado="si">360 = 2 × 2 × 2 × 3 × 3 × 5</p>
<p centrado="si">180 = 2 × 2 × 3 × 3 × 5</p>
<p centrado="si">60 = 2 × 2 × 3 × 5</p>
<p centrado="si">360 = 2<superindice>3</superindice> × 3<superindice
>2</superindice> × 5</p>
<p centrado="si">180 = 2<superindice>2</superindice> × 3<superindice
>2</superindice> × 5</p>
<p centrado="si">60 = 2<superindice>2</superindice> × 3 × 5</p>
<p>Para determinar el m.c.d. (360, 180, 60) se buscan los factores
comunes con su menor exponente. Para el caso se tiene que:</p>
<p centrado="si">m.c.d. (360, 180, 60) = 2<superindice>2</superindice
> × 3 × 5 = 60</p>
<p>Es posible proponer esta descomposición de una manera abreviada
y simplificar el cálculo del m.c.d.</p>
<practica>
<enlace
destino="/LoIdRedirect.aspx?LoId=MA_06_04_CO_Recurso250&amp;IdRecurso=RES-CF37B86773E94ECABD4CDFFD3F338E59"
>Practica el cálculo del mcd</enlace>
</practica></seccion2Texto></seccion2><seccion2
id="S2_MA_06_04_CO_8DC7AA9A2C3F4FDF89BEFD24FA649966">
<seccion2Titulo>Consolidación</seccion2Titulo>
<seccion2Texto>
<p>Actividades para reforzar lo aprendido en esta sección.</p>
<practica>
<enlace
destino="/LoIdRedirect.aspx?LoId=MA_06_04_CO_Recurso260&amp;IdRecurso=RES-F771313951694DAE80F17975FFFDC729"
>Refuerza tu aprendizaje: El máximo común divisor</enlace>
</practica></seccion2Texto></seccion2></seccion1Texto></seccion1>
<seccion1 id="S1_MA_06_04_CO_CC6169FA3095459AA0FF9F01D8A944F2">
<seccion1Titulo>El mínimo común múltiplo</seccion1Titulo>
<seccion1Texto>
<p>El mínimo común múltiplo entre dos o más números es el menor de
los múltiplos comunes entre dichos números. Para nombrarlo se usa
la expresión m.c.m. </p>
<p>Por ejemplo, el m.c.m. entre 20 y 25 es 100 pues:</p>
<p centrado="si"><cursiva>M</cursiva><subindice>20</subindice> = {0,
20, 40, 60, 80, 100, 120, 140, 160, 180, 200…}</p>
<p centrado="si"><cursiva>M</cursiva><subindice>25</subindice> = {0,
25, 50, 75, 100, 125, 150, 175,200…}</p>
<p>El menor de los múltiplos comunes, diferentes de cero, es 100.</p>
<p>Se escribe m.c.m. (20, 25) = 100.</p>
<p>Es importante anotar que para el conjunto de múltiplos no es posible
hacer la representación en un diagrama de Venn, ya que se hace referencia
a conjuntos infinitos. En un diagrama de Venn no es posible dejar
clara esta condición.</p>
<seccion2 id="S2_MA_06_04_CO_CC6169FA3095459AA0FF9F01D8A94422">
<seccion2Titulo>El método abreviado para hallar el mínimo común múltiplo</seccion2Titulo>
<seccion2Texto>
<p>En forma similar al máximo común divisor, es posible calcular el
m.cm. utilizando el algoritmo de descomposición en factores primos.</p>
<p>Por ejemplo, para hallar el m.c.m. entre 12 y 30 se procede de
la siguiente manera.</p>
<imagen src="MA_06_04_CO_IMG08_small.jpg">
<p>Descomposición en factores primos de los números 12 y 30</p>
</imagen>
<p centrado="si">12 = 2 × 2 × 3</p>
<p centrado="si">30 = 2 × 3 × 5</p>
<p centrado="si">12 = 2<cursiva>2</cursiva> × 3</p>
<p centrado="si">30 = 2 × 3 × 5</p>
<p>Para determinar el m.c.m. (12, 30) se buscan los factores comunes
y no comunes con su máximo exponente. Para el caso se tiene que: </p>
<p centrado="si">m.c.m. (12, 30) = 2<superindice>2</superindice> ×
3 × 5 = 60</p>
<p>Al igual que para el máximo común divisor, es posible proponer
una manera abreviada de cálculo para el m.c.m. que consiste en descomponer
simultáneamente todos los números.</p>
<practica>
<enlace
destino="/LoIdRedirect.aspx?LoId=MA_06_04_CO_Recurso270&amp;IdRecurso=RES-0B41414A56304A35AC69E7CE499507BA"
>Practica el cálculo del mcm</enlace>
</practica><profundiza>
<enlace
destino="/LoIdRedirect.aspx?LoId=MA_06_04_CO_Recurso280&amp;IdRecurso=RES-FF9075CA074041FC906B384D2C0E03C6"
>El mcm y del mcd por descomposición de factores primos</enlace>
</profundiza><practica>
<enlace
destino="/LoIdRedirect.aspx?LoId=MA_06_04_CO_Recurso290&amp;IdRecurso=RES-C819A9F7E4D84E5BB7D7A6DA3678AB0C"
>Practica la descomposición en factores: mcm y mcd</enlace>
<enlace
destino="/LoIdRedirect.aspx?LoId=MA_06_04_CO_Recurso300&amp;IdRecurso=RES-BB6CB111485F496AA5A736C3839D5EDB"
>Resuelve problemas usando el mcd y el mcm</enlace>
</practica><profundiza>
<enlace
destino="/LoIdRedirect.aspx?LoId=MA_06_04_CO_Recurso310&amp;IdRecurso=RES-6D27991E0CB545F79E4063C2EBC8E769"
>Conceptos de la teoría de números</enlace><?Pub Caret -2?>
</profundiza></seccion2Texto></seccion2><seccion2
id="S2_MA_06_04_CO_CC6169FA3095459AA0FF9F01D8A95533">
<seccion2Titulo>Consolidación</seccion2Titulo>
<seccion2Texto>
<p>Actividades para practicar los que has aprendido en esta sección.</p>
<practica>
<enlace
destino="/LoIdRedirect.aspx?LoId=MA_06_04_CO_Recurso320&amp;IdRecurso=RES-EEB45D17CC2F4717BD10FECFC8E62EA8"
>Refuerza tu aprendizaje: El mínimo común múltiplo</enlace>
</practica></seccion2Texto></seccion2></seccion1Texto></seccion1>
<seccion1 id="S1_MA_06_04_CO_084B2DB8FB05477BBF79FDC4B3680D2D">
<seccion1Titulo>Competencias</seccion1Titulo>
<seccion1Texto><profundiza>
<enlace
destino="/LoIdRedirect.aspx?LoId=MA_06_04_CO_Recurso330&amp;IdRecurso=RES-BAD699351225477885A8571075E7A78D"
>Proyecto: números perfectos y números amigos</enlace>
</profundiza><practica>
<enlace
destino="/LoIdRedirect.aspx?LoId=MA_06_04_CO_Recurso340&amp;IdRecurso=RES-0408106EA58B4C73A8601835A92DD845
">Competencias: resolución de problemas</enlace>
</practica></seccion1Texto></seccion1><masinformacion
id="MI_MA_06_04_CO_A8D25F35823E48F4B0239320D14EB3B4"><mapaconceptual>
<enlace
destino="/LoIdRedirect.aspx?LoId=MA_06_04_CO_Recurso360&amp;IdRecurso=RES-1DA04C2F98C145FE90A5CAB0F534002E"
>Mapa Conceptual</enlace></mapaconceptual><autoevaluate><enlace
destino="/LoIdRedirect.aspx?LoId=MA_06_04_CO_Recurso370&amp;IdRecurso=RES-3E7272EB00C84B27919BB49A4CE643DE"
>Evaluación</enlace></autoevaluate><enlacesreferencia>
<enlace
destino="http://www.i-matematicas.com/recursos0809/1ciclo/divisibilidad/interactivo/Divisibilidad.htm"
>Este recurso permite revisar criterios de divisibilidad y presenta
varias actividades para realizar en el aula Título</enlace>
<enlace destino="http://historiaybiografias.com/ciencia6/">Números
perfectos</enlace>
</enlacesreferencia></masinformacion></libro>
