﻿<?xml version="1.0" encoding="utf-8"?>
<motor tipo="10" clase="a" aprid="m10a">
  <plataforma>
    <grado><![CDATA[1]]></grado>
    <titulo>Clasificación de las expresiones algebraicas</titulo>
    <area>0</area>
    <nivel>2</nivel>
    <referencia />
    <idreg><![CDATA[0]]></idreg>
    <motor><![CDATA[M10A]]></motor>
    <lang>es</lang>
  </plataforma>
  <enunciado><![CDATA[Clasifica las siguientes expresiones algebraicas según corresponda.]]></enunciado>
  <masinfo inicio="0" />
  <sinaleatoriedad><![CDATA[0]]></sinaleatoriedad>
  <calc><![CDATA[0]]></calc>
  <textoacategoria cantidad="3">
    <cuestion>
      <categoria><![CDATA[Monomios]]></categoria>
      <respuestas>
        <respuesta id="1"><![CDATA[3{{cur}}x{{normal}}²]]></respuesta>
        <respuesta id="2"><![CDATA[–4{{cur}}xy{{normal}}³]]></respuesta>
        <respuesta id="3"><![CDATA[8{{cur}}x{{normal}}³  ]]></respuesta>
        <respuesta id="4"><![CDATA[–32{{cur}}a{{normal}}³{{cur}}b{{normal}}²]]></respuesta>
      </respuestas>
      <sonido />
    </cuestion>
    <cuestion>
      <categoria><![CDATA[Polinomios]]></categoria>
      <respuestas>
        <respuesta id="1"><![CDATA[3{{cur}}a{{normal}} + 2{{cur}}b{{normal}} + 4{{cur}}c{{normal}}]]></respuesta>
        <respuesta id="2"><![CDATA[4{{cur}}x{{normal}}³ + 3{{cur}}x{{normal}}²]]></respuesta>
        <respuesta id="3"><![CDATA[8{{cur}}x{{normal}}³{{cur}}y{{normal}} – 6{{cur}}x{{normal}}²{{cur}}y{{normal}}² + 7{{cur}}xy{{normal}}³]]></respuesta>
        <respuesta id="4"><![CDATA[32 + 4{{cur}}b{{normal}}]]></respuesta>
      </respuestas>
      <sonido />
    </cuestion>
    <cuestion>
      <categoria><![CDATA[No es monomio]]></categoria>
      <respuestas>
        <respuesta id="1"><![CDATA[2{{cur}}x{{normal}} = 3{{cur}}y{{normal}}]]></respuesta>
        <respuesta id="2"><![CDATA[3 > 2{{cur}}x{{normal}}]]></respuesta>
        <respuesta id="3"><![CDATA[2{{cur}}x{{normal}}{{sup}}–3{{normal}}]]></respuesta>
        <respuesta id="4"><![CDATA[{{cur}}x{{normal}}{{sup}}–1{{normal}}]]></respuesta>
      </respuestas>
      <sonido />
    </cuestion>
  </textoacategoria>
  <temps>15</temps>
</motor>