﻿<?xml version="1.0" encoding="utf-8"?>
<motor tipo="10" clase="a" aprid="M10a">
  <plataforma>
    <grado><![CDATA[2]]></grado>
    <titulo>Identifica la forma decimal de un número racional</titulo>
    <area>3</area>
    <nivel>1</nivel>
    <referencia><![CDATA[MT_09_01_04]]></referencia>
    <idreg><![CDATA[260]]></idreg>
    <motor><![CDATA[M10A]]></motor>
    <lang>es</lang>
  </plataforma>
  <enunciado><![CDATA[Clasifica los siguientes números decimales.]]></enunciado>
  <masinfo inicio="0" />
  <sinaleatoriedad><![CDATA[0]]></sinaleatoriedad>
  <calc><![CDATA[1]]></calc>
  <textoacategoria cantidad="3">
    <cuestion>
      <categoria><![CDATA[Decimal finito]]></categoria>
      <respuestas>
        <respuesta id="1"><![CDATA[1,2346]]></respuesta>
        <respuesta id="2"><![CDATA[98,5]]></respuesta>
        <respuesta id="3"><![CDATA[33,472]]></respuesta>
        <respuesta id="4"><![CDATA[5,4]]></respuesta>
        <respuesta id="5"><![CDATA[0,78]]></respuesta>
      </respuestas>
      <sonido />
    </cuestion>
    <cuestion>
      <categoria><![CDATA[Periódico puro]]></categoria>
      <respuestas>
        <respuesta id="1"><![CDATA[1,2222...]]></respuesta>
        <respuesta id="2"><![CDATA[67,232323...]]></respuesta>
        <respuesta id="3"><![CDATA[0,124124124...]]></respuesta>
        <respuesta id="4"><![CDATA[9.897,3333...]]></respuesta>
        <respuesta id="5"><![CDATA[5,45454545...]]></respuesta>
      </respuestas>
      <sonido />
    </cuestion>
    <cuestion>
      <categoria><![CDATA[Periódico mixto]]></categoria>
      <respuestas>
        <respuesta id="1"><![CDATA[23,0343434...]]></respuesta>
        <respuesta id="2"><![CDATA[2,123333...]]></respuesta>
        <respuesta id="3"><![CDATA[3,4565656...]]></respuesta>
        <respuesta id="4"><![CDATA[654,12010101...]]></respuesta>
        <respuesta id="5"><![CDATA[7,127777...]]></respuesta>
      </respuestas>
      <sonido />
    </cuestion>
  </textoacategoria>
  <temps>15</temps>
</motor>