﻿<?xml version="1.0" encoding="UTF-8"?><engine copy="Editorial Planeta" version="1" aprid="f1"><css><![CDATA[.defaultCSSBox2 {
	background: #000000;
}
.defaultCSSBox3 {
	background: #ffffff;
}]]></css><pantallas><pantalla id="pantalla_5"><event id="onPrepare" language="DO"><![CDATA[]]></event><event id="onShown" language="DO"><![CDATA[]]></event><components><component _type="_compRichText" id="texto_26" x="6" y="15" width="938" height="92" alpha="1" visible="1" enabled="1" scrollable="1"><content><![CDATA[<p style="text-align:center"><span style="font-size:31px"><span style="font-family:georgia,serif">La multiplicación y la división de fracciones</span></span></p>
]]></content></component><component _type="_compRoundButton" id="roundbutton_115" x="110" y="171" width="282" height="55" alpha="1" visible="1" enabled="1" cssClass="roundTextButton" group="-1"><content><![CDATA[Producto de una fracción 
por un número entero]]></content><event id="onClick" language="DO"><![CDATA[uiobject_set(rootSlider,"current",1)]]></event></component><component _type="_compRoundButton" id="roundbutton_125" x="110" y="238" width="282" height="55" alpha="1" visible="1" enabled="1" cssClass="roundTextButton" group="-1"><content><![CDATA[Producto de dos 
fracciones]]></content><event id="onClick" language="DO"><![CDATA[uiobject_set(rootSlider,"current",2)]]></event></component><component _type="_compRoundButton" id="roundbutton_127" x="110" y="305" width="282" height="55" alpha="1" visible="1" enabled="1" cssClass="roundTextButton" group="-1"><content><![CDATA[Cociente de una fracción 
entre un número entero]]></content><event id="onClick" language="DO"><![CDATA[uiobject_set(rootSlider,"current",3)]]></event></component><component _type="_compRoundButton" id="roundbutton_149" x="110" y="372" width="282" height="55" alpha="1" visible="1" enabled="1" cssClass="roundTextButton" group="-1"><content><![CDATA[Cociente de dos 
fracciones]]></content><event id="onClick" language="DO"><![CDATA[uiobject_set(rootSlider,"current",4)]]></event></component><component _type="_compImage" id="image_20" x="391" y="149" width="447" height="302" alpha="1" visible="1" enabled="1" cssClass="imgbord" adjustMode="4" alignMode="2" image="data/imagenes/image_1.jpg" /></components><animaciones></animaciones></pantalla><pantalla id="pantalla_125"><event id="onPrepare" language="DO"><![CDATA[]]></event><event id="onShown" language="DO"><![CDATA[]]></event><components><component _type="_compSlider" id="diaporama_12" x="0" y="0" width="950" height="608" alpha="1" visible="1" enabled="1" transMode="1" /><component _type="_compSliderNav" id="slidernav_11" x="45" y="526" width="162" height="37" alpha="1" visible="1" enabled="1" sliderId="diaporama_12" showHome="1" whiteButtons="0" mode="1" /><component _type="_compIconButton" id="iconbutton_63" x="45" y="526" width="37" height="37" alpha="1" visible="1" enabled="1" cssClass="iconHomeButton" group="-1"><event id="onClick" language="DO"><![CDATA[uiobject_set(rootSlider,"current",0)]]></event></component></components><animaciones></animaciones><slider id="diaporama_12"><pantalla id="pantalla_166"><event id="onPrepare" language="DO"><![CDATA[]]></event><event id="onShown" language="DO"><![CDATA[]]></event><components><component _type="_compRichText" id="texto_26" x="111" y="18" width="708" height="130" alpha="1" visible="1" enabled="1" scrollable="1"><content><![CDATA[<p><span style="font-size:23px"><span style="font-family:verdana,geneva,sans-serif">&iquest;C&oacute;mo multiplicar&iacute;as una fracci&oacute;n por un n&uacute;mero entero? Veamos un ejemplo.</span></span></p>
]]></content></component></components><animaciones></animaciones></pantalla><pantalla id="pantalla_170"><event id="onPrepare" language="DO"><![CDATA[]]></event><event id="onShown" language="DO"><![CDATA[]]></event><components><component _type="_compRichText" id="texto_175" x="398" y="272" width="107" height="60" alpha="1" visible="1" enabled="1" scrollable="0"><content><![CDATA[<p style="text-align:center"><strong><span style="font-size:20px"><span style="font-family:verdana,geneva,sans-serif">8</span></span></strong></p>
]]></content></component><component _type="_compRichText" id="texto_19" x="398" y="229" width="107" height="60" alpha="1" visible="1" enabled="1" scrollable="0"><content><![CDATA[<p style="text-align:center"><strong><span style="font-size:20px"><span style="font-family:verdana,geneva,sans-serif">2</span></span></strong></p>
]]></content></component><component _type="_compCSSBox" id="fondo_174" x="432" y="277" width="40" height="3" alpha="1" visible="1" enabled="1" cssClass="defaultCSSBox2" /><component _type="_compRichText" id="texto_176" x="485" y="249" width="107" height="60" alpha="1" visible="1" enabled="1" scrollable="0"><content><![CDATA[<p><strong><span style="font-size:20px"><span style="font-family:verdana,geneva,sans-serif">&middot; 3</span></span></strong></p>
]]></content></component></components><animaciones></animaciones></pantalla><pantalla id="pantalla_177"><event id="onPrepare" language="DO"><![CDATA[]]></event><event id="onShown" language="DO"><![CDATA[]]></event><components><component _type="_compRichText" id="texto_175" x="398" y="382" width="107" height="60" alpha="1" visible="1" enabled="1" scrollable="0"><content><![CDATA[<p style="text-align:center"><span style="font-size:20px"><span style="font-family:verdana,geneva,sans-serif">8</span></span></p>
]]></content></component><component _type="_compRichText" id="texto_19" x="398" y="339" width="107" height="60" alpha="1" visible="1" enabled="1" scrollable="0"><content><![CDATA[<p style="text-align:center"><span style="font-size:20px"><span style="font-family:verdana,geneva,sans-serif">2</span></span></p>
]]></content></component><component _type="_compCSSBox" id="fondo_174" x="432" y="387" width="40" height="2" alpha="1" visible="1" enabled="1" cssClass="defaultCSSBox2" /><component _type="_compRichText" id="texto_176" x="485" y="359" width="107" height="60" alpha="1" visible="1" enabled="1" scrollable="0"><content><![CDATA[<p><span style="font-size:20px"><span style="font-family:verdana,geneva,sans-serif">&middot; 3</span></span></p>
]]></content></component><component _type="_compImage" id="image_20" x="361" y="216" width="114" height="135" alpha="1" visible="1" enabled="1" cssClass="imgbord" adjustMode="4" alignMode="0" image="data/imagenes/1.jpg" /><component _type="_compRichText" id="texto_181" x="486" y="244" width="107" height="60" alpha="1" visible="1" enabled="1" scrollable="0"><content><![CDATA[<p><span style="font-size:20px"><span style="font-family:verdana,geneva,sans-serif">&middot; 3</span></span></p>
]]></content></component></components><animaciones></animaciones></pantalla><pantalla id="pantalla_182"><event id="onPrepare" language="DO"><![CDATA[]]></event><event id="onShown" language="DO"><![CDATA[]]></event><components><component _type="_compRichText" id="texto_175" x="422" y="352" width="107" height="60" alpha="1" visible="1" enabled="1" scrollable="0"><content><![CDATA[<p style="text-align:center"><span style="font-size:20px"><span style="font-family:verdana,geneva,sans-serif">8</span></span></p>
]]></content></component><component _type="_compRichText" id="texto_19" x="422" y="309" width="107" height="60" alpha="1" visible="1" enabled="1" scrollable="0"><content><![CDATA[<p style="text-align:center"><span style="font-size:20px"><span style="font-family:verdana,geneva,sans-serif">2</span></span></p>
]]></content></component><component _type="_compCSSBox" id="fondo_174" x="456" y="357" width="40" height="2" alpha="1" visible="1" enabled="1" cssClass="defaultCSSBox2" /><component _type="_compImage" id="image_20" x="232" y="186" width="114" height="135" alpha="1" visible="1" enabled="1" cssClass="imgbord" adjustMode="4" alignMode="0" image="data/imagenes/1.jpg" /><component _type="_compRichText" id="texto_181" x="356" y="214" width="50" height="60" alpha="1" visible="1" enabled="1" scrollable="0"><content><![CDATA[<p style="text-align: center;"><span style="font-size:20px"><span style="font-family:verdana,geneva,sans-serif">+</span></span></p>
]]></content></component><component _type="_compImage" id="image_186" x="418" y="186" width="114" height="135" alpha="1" visible="1" enabled="1" cssClass="imgbord" adjustMode="4" alignMode="0" image="data/imagenes/1.jpg" /><component _type="_compRichText" id="texto_187" x="543" y="214" width="50" height="60" alpha="1" visible="1" enabled="1" scrollable="0"><content><![CDATA[<p style="text-align: center;"><span style="font-size:20px"><span style="font-family:verdana,geneva,sans-serif">+</span></span></p>
]]></content></component><component _type="_compImage" id="image_188" x="605" y="186" width="114" height="135" alpha="1" visible="1" enabled="1" cssClass="imgbord" adjustMode="4" alignMode="0" image="data/imagenes/1.jpg" /><component _type="_compCSSBox" id="fondo_189" x="270" y="357" width="40" height="2" alpha="1" visible="1" enabled="1" cssClass="defaultCSSBox2" /><component _type="_compRichText" id="texto_190" x="236" y="309" width="107" height="60" alpha="1" visible="1" enabled="1" scrollable="0"><content><![CDATA[<p style="text-align:center"><span style="font-size:20px"><span style="font-family:verdana,geneva,sans-serif">2</span></span></p>
]]></content></component><component _type="_compRichText" id="texto_191" x="236" y="352" width="107" height="60" alpha="1" visible="1" enabled="1" scrollable="0"><content><![CDATA[<p style="text-align:center"><span style="font-size:20px"><span style="font-family:verdana,geneva,sans-serif">8</span></span></p>
]]></content></component><component _type="_compCSSBox" id="fondo_192" x="642" y="357" width="40" height="2" alpha="1" visible="1" enabled="1" cssClass="defaultCSSBox2" /><component _type="_compRichText" id="texto_193" x="608" y="309" width="107" height="60" alpha="1" visible="1" enabled="1" scrollable="0"><content><![CDATA[<p style="text-align:center"><span style="font-size:20px"><span style="font-family:verdana,geneva,sans-serif">2</span></span></p>
]]></content></component><component _type="_compRichText" id="texto_194" x="608" y="352" width="107" height="60" alpha="1" visible="1" enabled="1" scrollable="0"><content><![CDATA[<p style="text-align:center"><span style="font-size:20px"><span style="font-family:verdana,geneva,sans-serif">8</span></span></p>
]]></content></component><component _type="_compRichText" id="texto_195" x="543" y="326" width="50" height="60" alpha="1" visible="1" enabled="1" scrollable="0"><content><![CDATA[<p style="text-align: center;"><span style="font-size:20px"><span style="font-family:verdana,geneva,sans-serif">+</span></span></p>
]]></content></component><component _type="_compRichText" id="texto_196" x="356" y="326" width="50" height="60" alpha="1" visible="1" enabled="1" scrollable="0"><content><![CDATA[<p style="text-align: center;"><span style="font-size:20px"><span style="font-family:verdana,geneva,sans-serif">+</span></span></p>
]]></content></component></components><animaciones></animaciones></pantalla><pantalla id="pantalla_197"><event id="onPrepare" language="DO"><![CDATA[]]></event><event id="onShown" language="DO"><![CDATA[]]></event><components><component _type="_compRichText" id="texto_175" x="379" y="352" width="107" height="60" alpha="1" visible="1" enabled="1" scrollable="0"><content><![CDATA[<p style="text-align:center"><span style="font-size:20px"><span style="font-family:verdana,geneva,sans-serif">8</span></span></p>
]]></content></component><component _type="_compRichText" id="texto_19" x="379" y="309" width="107" height="60" alpha="1" visible="1" enabled="1" scrollable="0"><content><![CDATA[<p style="text-align:center"><span style="font-size:20px"><span style="font-family:verdana,geneva,sans-serif">6</span></span></p>
]]></content></component><component _type="_compImage" id="image_186" x="418" y="186" width="114" height="135" alpha="1" visible="1" enabled="1" cssClass="imgbord" adjustMode="4" alignMode="0" image="data/imagenes/2.jpg" /><component _type="_compRichText" id="texto_193" x="470" y="309" width="107" height="60" alpha="1" visible="1" enabled="1" scrollable="0"><content><![CDATA[<p style="text-align:center"><span style="font-size:20px"><span style="font-family:verdana,geneva,sans-serif">2 &middot; 3</span></span></p>
]]></content></component><component _type="_compRichText" id="texto_194" x="470" y="352" width="107" height="60" alpha="1" visible="1" enabled="1" scrollable="0"><content><![CDATA[<p style="text-align:center"><span style="font-size:20px"><span style="font-family:verdana,geneva,sans-serif">8</span></span></p>
]]></content></component><component _type="_compRichText" id="texto_195" x="450" y="328" width="50" height="60" alpha="1" visible="1" enabled="1" scrollable="0"><content><![CDATA[<p style="text-align:center"><span style="font-size:20px"><span style="font-family:verdana,geneva,sans-serif">=</span></span></p>
]]></content></component><component _type="_compCSSBox" id="fondo_192" x="499" y="357" width="50" height="2" alpha="1" visible="1" enabled="1" cssClass="defaultCSSBox2" /><component _type="_compCSSBox" id="fondo_174" x="413" y="357" width="40" height="2" alpha="1" visible="1" enabled="1" cssClass="defaultCSSBox2" /><component _type="_compIconButton" id="iconbutton_148" x="226" y="526" width="37" height="37" alpha="1" visible="1" enabled="1" cssClass="iconInfoButton" group="-1"><event id="onClick" language="DO"><![CDATA[popup_open("pantalla_25")]]></event></component></components><animaciones></animaciones></pantalla></slider></pantalla><pantalla id="pantalla_205"><event id="onPrepare" language="DO"><![CDATA[]]></event><event id="onShown" language="DO"><![CDATA[]]></event><components><component _type="_compSlider" id="diaporama_12" x="0" y="0" width="950" height="608" alpha="1" visible="1" enabled="1" transMode="1" /><component _type="_compSliderNav" id="slidernav_11" x="45" y="526" width="162" height="37" alpha="1" visible="1" enabled="1" sliderId="diaporama_12" showHome="1" whiteButtons="0" mode="1" /><component _type="_compIconButton" id="iconbutton_63" x="45" y="526" width="37" height="37" alpha="1" visible="1" enabled="1" cssClass="iconHomeButton" group="-1"><event id="onClick" language="DO"><![CDATA[uiobject_set(rootSlider,"current",0)]]></event></component></components><animaciones></animaciones><slider id="diaporama_12"><pantalla id="pantalla_210"><event id="onPrepare" language="DO"><![CDATA[]]></event><event id="onShown" language="DO"><![CDATA[]]></event><components><component _type="_compRichText" id="texto_26" x="111" y="18" width="746" height="185" alpha="1" visible="1" enabled="1" scrollable="1"><content><![CDATA[<p><span style="font-size:23px"><span style="font-family:verdana,geneva,sans-serif">Vamos a pintar en la pared una franja que ocupe <span class="math-tex">\(\frac{2}{8}\)</span> partes de su altura. En esta franja,&nbsp;<span class="math-tex">\(\frac{3}{6}\)</span> partes ser&aacute;n de color naranja. &iquest;Qu&eacute; fracci&oacute;n del total de la pared pintaremos de naranja? </span></span></p>
]]></content></component></components><animaciones></animaciones></pantalla><pantalla id="pantalla_214"><event id="onPrepare" language="DO"><![CDATA[]]></event><event id="onShown" language="DO"><![CDATA[]]></event><components><component _type="_compRichText" id="texto_175" x="502" y="352" width="107" height="60" alpha="1" visible="1" enabled="1" scrollable="0"><content><![CDATA[<p style="text-align:center"><span style="font-size:20px"><span style="font-family:verdana,geneva,sans-serif">6</span></span></p>
]]></content></component><component _type="_compRichText" id="texto_19" x="502" y="309" width="107" height="60" alpha="1" visible="1" enabled="1" scrollable="0"><content><![CDATA[<p style="text-align:center"><span style="font-size:20px"><span style="font-family:verdana,geneva,sans-serif">3</span></span></p>
]]></content></component><component _type="_compCSSBox" id="fondo_174" x="536" y="357" width="40" height="2" alpha="1" visible="1" enabled="1" cssClass="defaultCSSBox2" /><component _type="_compImage" id="image_20" x="302" y="186" width="136" height="135" alpha="1" visible="1" enabled="1" cssClass="imgbord" adjustMode="4" alignMode="0" image="data/imagenes/3.jpg" /><component _type="_compCSSBox" id="fondo_189" x="350" y="357" width="40" height="2" alpha="1" visible="1" enabled="1" cssClass="defaultCSSBox2" /><component _type="_compRichText" id="texto_190" x="316" y="309" width="107" height="60" alpha="1" visible="1" enabled="1" scrollable="0"><content><![CDATA[<p style="text-align:center"><span style="font-size:20px"><span style="font-family:verdana,geneva,sans-serif">2</span></span></p>
]]></content></component><component _type="_compRichText" id="texto_191" x="316" y="352" width="107" height="60" alpha="1" visible="1" enabled="1" scrollable="0"><content><![CDATA[<p style="text-align:center"><span style="font-size:20px"><span style="font-family:verdana,geneva,sans-serif">8</span></span></p>
]]></content></component><component _type="_compRichText" id="texto_196" x="436" y="326" width="50" height="60" alpha="1" visible="1" enabled="1" scrollable="0"><content><![CDATA[<p style="text-align:center"><span style="font-size:20px"><span style="font-family:verdana,geneva,sans-serif">&middot;</span></span></p>
]]></content></component><component _type="_compRichText" id="texto_26" x="111" y="18" width="746" height="185" alpha="1" visible="1" enabled="1" scrollable="1"><content><![CDATA[<p><span style="font-size:23px"><span style="font-family:verdana,geneva,sans-serif">¿Cómo multiplicarías dos fracciones?</span></span></p>
]]></content></component><component _type="_compImage" id="image_218" x="488" y="186" width="136" height="135" alpha="1" visible="1" enabled="1" cssClass="imgbord" adjustMode="4" alignMode="0" image="data/imagenes/4.jpg" /></components><animaciones></animaciones></pantalla><pantalla id="pantalla_219"><event id="onPrepare" language="DO"><![CDATA[]]></event><event id="onShown" language="DO"><![CDATA[]]></event><components><component _type="_compRichText" id="texto_175" x="502" y="352" width="107" height="60" alpha="1" visible="1" enabled="1" scrollable="0"><content><![CDATA[<p style="text-align:center"><span style="font-size:20px"><span style="font-family:verdana,geneva,sans-serif">6</span></span></p>
]]></content></component><component _type="_compRichText" id="texto_19" x="502" y="309" width="107" height="60" alpha="1" visible="1" enabled="1" scrollable="0"><content><![CDATA[<p style="text-align:center"><span style="font-size:20px"><span style="font-family:verdana,geneva,sans-serif">3</span></span></p>
]]></content></component><component _type="_compCSSBox" id="fondo_174" x="536" y="357" width="40" height="2" alpha="1" visible="1" enabled="1" cssClass="defaultCSSBox2" /><component _type="_compImage" id="image_20" x="302" y="186" width="136" height="135" alpha="1" visible="1" enabled="1" cssClass="imgbord" adjustMode="4" alignMode="0" image="data/imagenes/3.jpg" /><component _type="_compCSSBox" id="fondo_189" x="350" y="357" width="40" height="2" alpha="1" visible="1" enabled="1" cssClass="defaultCSSBox2" /><component _type="_compRichText" id="texto_190" x="316" y="309" width="107" height="60" alpha="1" visible="1" enabled="1" scrollable="0"><content><![CDATA[<p style="text-align:center"><span style="font-size:20px"><span style="font-family:verdana,geneva,sans-serif">2</span></span></p>
]]></content></component><component _type="_compRichText" id="texto_191" x="316" y="352" width="107" height="60" alpha="1" visible="1" enabled="1" scrollable="0"><content><![CDATA[<p style="text-align:center"><span style="font-size:20px"><span style="font-family:verdana,geneva,sans-serif">8</span></span></p>
]]></content></component><component _type="_compRichText" id="texto_196" x="436" y="326" width="50" height="60" alpha="1" visible="1" enabled="1" scrollable="0"><content><![CDATA[<p style="text-align:center"><span style="font-size:20px"><span style="font-family:verdana,geneva,sans-serif">&middot;</span></span></p>
]]></content></component><component _type="_compImage" id="image_218" x="488" y="186" width="136" height="135" alpha="1" visible="1" enabled="1" cssClass="imgbord" adjustMode="4" alignMode="0" image="data/imagenes/4.jpg" /><component _type="_compRichText" id="texto_26" x="111" y="18" width="746" height="185" alpha="1" visible="1" enabled="1" scrollable="1"><content><![CDATA[<p><span style="font-size:23px"><span style="font-family:verdana,geneva,sans-serif">Los&nbsp;<span class="math-tex">\(\frac{2}{8}\)</span> se dividen en seis partes iguales y se toman 3 partes.</span></span></p>
]]></content></component></components><animaciones></animaciones></pantalla><pantalla id="pantalla_223"><event id="onPrepare" language="DO"><![CDATA[]]></event><event id="onShown" language="DO"><![CDATA[]]></event><components><component _type="_compRichText" id="texto_175" x="502" y="352" width="107" height="60" alpha="1" visible="1" enabled="1" scrollable="0"><content><![CDATA[<p style="text-align:center"><span style="font-size:20px"><span style="font-family:verdana,geneva,sans-serif">6</span></span></p>
]]></content></component><component _type="_compRichText" id="texto_19" x="502" y="309" width="107" height="60" alpha="1" visible="1" enabled="1" scrollable="0"><content><![CDATA[<p style="text-align:center"><span style="font-size:20px"><span style="font-family:verdana,geneva,sans-serif">3</span></span></p>
]]></content></component><component _type="_compCSSBox" id="fondo_174" x="536" y="357" width="40" height="2" alpha="1" visible="1" enabled="1" cssClass="defaultCSSBox2" /><component _type="_compImage" id="image_20" x="302" y="186" width="136" height="135" alpha="1" visible="1" enabled="1" cssClass="imgbord" adjustMode="4" alignMode="0" image="data/imagenes/3.jpg" /><component _type="_compCSSBox" id="fondo_189" x="350" y="357" width="40" height="2" alpha="1" visible="1" enabled="1" cssClass="defaultCSSBox2" /><component _type="_compRichText" id="texto_190" x="316" y="309" width="107" height="60" alpha="1" visible="1" enabled="1" scrollable="0"><content><![CDATA[<p style="text-align:center"><span style="font-size:20px"><span style="font-family:verdana,geneva,sans-serif">2</span></span></p>
]]></content></component><component _type="_compRichText" id="texto_191" x="316" y="352" width="107" height="60" alpha="1" visible="1" enabled="1" scrollable="0"><content><![CDATA[<p style="text-align:center"><span style="font-size:20px"><span style="font-family:verdana,geneva,sans-serif">8</span></span></p>
]]></content></component><component _type="_compRichText" id="texto_196" x="436" y="326" width="50" height="60" alpha="1" visible="1" enabled="1" scrollable="0"><content><![CDATA[<p style="text-align:center"><span style="font-size:20px"><span style="font-family:verdana,geneva,sans-serif">&middot;</span></span></p>
]]></content></component><component _type="_compImage" id="image_218" x="488" y="186" width="136" height="135" alpha="1" visible="1" enabled="1" cssClass="imgbord" adjustMode="4" alignMode="0" image="data/imagenes/4.jpg" /><component _type="_compRichText" id="texto_26" x="111" y="18" width="746" height="185" alpha="1" visible="1" enabled="1" scrollable="1"><content><![CDATA[<p><span style="font-size:23px"><span style="font-family:verdana,geneva,sans-serif">Los&nbsp;<span class="math-tex">\(\frac{2}{8}\)</span> se dividen en seis partes iguales y se toman 3 partes.</span></span></p>
]]></content></component><component _type="_compRichText" id="texto_228" x="313" y="399" width="107" height="60" alpha="1" visible="1" enabled="1" scrollable="0"><content><![CDATA[<p style="text-align:center"><span style="font-size:20px"><span style="font-family:verdana,geneva,sans-serif">2 &middot; 3</span></span></p>
]]></content></component><component _type="_compRichText" id="texto_229" x="313" y="442" width="107" height="60" alpha="1" visible="1" enabled="1" scrollable="0"><content><![CDATA[<p style="text-align:center"><span style="font-size:20px"><span style="font-family:verdana,geneva,sans-serif">8 &middot; 6</span></span></p>
]]></content></component><component _type="_compRichText" id="texto_230" x="409" y="399" width="107" height="60" alpha="1" visible="1" enabled="1" scrollable="0"><content><![CDATA[<p style="text-align:center"><span style="font-size:20px"><span style="font-family:verdana,geneva,sans-serif">6</span></span></p>
]]></content></component><component _type="_compRichText" id="texto_231" x="409" y="442" width="107" height="60" alpha="1" visible="1" enabled="1" scrollable="0"><content><![CDATA[<p style="text-align:center"><span style="font-size:20px"><span style="font-family:verdana,geneva,sans-serif">48</span></span></p>
]]></content></component><component _type="_compRichText" id="texto_232" x="394" y="417" width="46" height="60" alpha="1" visible="1" enabled="1" scrollable="0"><content><![CDATA[<p style="text-align:center"><span style="font-size:20px"><span style="font-family:verdana,geneva,sans-serif">=</span></span></p>
]]></content></component><component _type="_compCSSBox" id="fondo_227" x="336" y="447" width="60" height="2" alpha="1" visible="1" enabled="1" cssClass="defaultCSSBox2" /><component _type="_compRichText" id="texto_235" x="501" y="399" width="107" height="60" alpha="1" visible="1" enabled="1" scrollable="0"><content><![CDATA[<p style="text-align:center"><span style="font-size:20px"><span style="font-family:verdana,geneva,sans-serif">1</span></span></p>
]]></content></component><component _type="_compRichText" id="texto_236" x="501" y="442" width="107" height="60" alpha="1" visible="1" enabled="1" scrollable="0"><content><![CDATA[<p style="text-align:center"><span style="font-size:20px"><span style="font-family:verdana,geneva,sans-serif">8</span></span></p>
]]></content></component><component _type="_compRichText" id="texto_237" x="495" y="417" width="46" height="60" alpha="1" visible="1" enabled="1" scrollable="0"><content><![CDATA[<p style="text-align:center"><span style="font-size:20px"><span style="font-family:verdana,geneva,sans-serif">=</span></span></p>
]]></content></component><component _type="_compCSSBox" id="fondo_234" x="535" y="447" width="40" height="2" alpha="1" visible="1" enabled="1" cssClass="defaultCSSBox2" /><component _type="_compCSSBox" id="fondo_233" x="434" y="447" width="60" height="2" alpha="1" visible="1" enabled="1" cssClass="defaultCSSBox2" /></components><animaciones></animaciones></pantalla><pantalla id="pantalla_238"><event id="onPrepare" language="DO"><![CDATA[]]></event><event id="onShown" language="DO"><![CDATA[]]></event><components><component _type="_compRichText" id="texto_26" x="53" y="257" width="922" height="185" alpha="1" visible="1" enabled="1" scrollable="1"><content><![CDATA[<p><span style="font-size:22px"><span style="font-family:verdana,geneva,sans-serif">El resultado <span class="math-tex">\(\frac{6}{48}\)</span>, se ha <strong>simplificado</strong> hasta llegar a la <strong>fracci&oacute;n irreductible</strong> <span class="math-tex">\(\frac{1}{8}\)</span></span></span></p>
]]></content></component><component _type="_compCSSBox" id="fondo_227" x="336" y="207" width="60" height="2" alpha="1" visible="1" enabled="1" cssClass="defaultCSSBox2" /><component _type="_compCSSBox" id="fondo_233" x="434" y="207" width="60" height="2" alpha="1" visible="1" enabled="1" cssClass="defaultCSSBox2" /><component _type="_compRichText" id="texto_236" x="501" y="202" width="107" height="60" alpha="1" visible="1" enabled="1" scrollable="0"><content><![CDATA[<p style="text-align:center"><span style="font-size:20px"><span style="font-family:verdana,geneva,sans-serif">8</span></span></p>
]]></content></component><component _type="_compCSSBox" id="fondo_234" x="535" y="207" width="40" height="2" alpha="1" visible="1" enabled="1" cssClass="defaultCSSBox2" /><component _type="_compRichText" id="texto_235" x="501" y="159" width="107" height="60" alpha="1" visible="1" enabled="1" scrollable="0"><content><![CDATA[<p style="text-align:center"><span style="font-size:20px"><span style="font-family:verdana,geneva,sans-serif">1</span></span></p>
]]></content></component><component _type="_compRichText" id="texto_231" x="409" y="202" width="107" height="60" alpha="1" visible="1" enabled="1" scrollable="0"><content><![CDATA[<p style="text-align:center"><span style="font-size:20px"><span style="font-family:verdana,geneva,sans-serif">48</span></span></p>
]]></content></component><component _type="_compRichText" id="texto_230" x="409" y="159" width="107" height="60" alpha="1" visible="1" enabled="1" scrollable="0"><content><![CDATA[<p style="text-align:center"><span style="font-size:20px"><span style="font-family:verdana,geneva,sans-serif">6</span></span></p>
]]></content></component><component _type="_compRichText" id="texto_228" x="313" y="159" width="107" height="60" alpha="1" visible="1" enabled="1" scrollable="0"><content><![CDATA[<p style="text-align:center"><span style="font-size:20px"><span style="font-family:verdana,geneva,sans-serif">2 &middot; 3</span></span></p>
]]></content></component><component _type="_compRichText" id="texto_229" x="313" y="202" width="107" height="60" alpha="1" visible="1" enabled="1" scrollable="0"><content><![CDATA[<p style="text-align:center"><span style="font-size:20px"><span style="font-family:verdana,geneva,sans-serif">8 &middot; 6</span></span></p>
]]></content></component><component _type="_compRichText" id="texto_232" x="394" y="177" width="46" height="60" alpha="1" visible="1" enabled="1" scrollable="0"><content><![CDATA[<p style="text-align:center"><span style="font-size:20px"><span style="font-family:verdana,geneva,sans-serif">=</span></span></p>
]]></content></component><component _type="_compRichText" id="texto_237" x="495" y="177" width="46" height="60" alpha="1" visible="1" enabled="1" scrollable="0"><content><![CDATA[<p style="text-align:center"><span style="font-size:20px"><span style="font-family:verdana,geneva,sans-serif">=</span></span></p>
]]></content></component><component _type="_compImage" id="image_20" x="407" y="366" width="136" height="135" alpha="1" visible="1" enabled="1" cssClass="imgbord" adjustMode="4" alignMode="0" image="data/imagenes/5.jpg" /><component _type="_compIconButton" id="iconbutton_148" x="226" y="526" width="37" height="37" alpha="1" visible="1" enabled="1" cssClass="iconInfoButton" group="-1"><event id="onClick" language="DO"><![CDATA[popup_open("pantalla_242")]]></event></component></components><animaciones></animaciones></pantalla></slider></pantalla><pantalla id="pantalla_251"><event id="onPrepare" language="DO"><![CDATA[]]></event><event id="onShown" language="DO"><![CDATA[]]></event><components><component _type="_compSlider" id="diaporama_12" x="0" y="0" width="950" height="608" alpha="1" visible="1" enabled="1" transMode="1" /><component _type="_compSliderNav" id="slidernav_11" x="45" y="526" width="162" height="37" alpha="1" visible="1" enabled="1" sliderId="diaporama_12" showHome="1" whiteButtons="0" mode="1" /><component _type="_compIconButton" id="iconbutton_63" x="45" y="526" width="37" height="37" alpha="1" visible="1" enabled="1" cssClass="iconHomeButton" group="-1"><event id="onClick" language="DO"><![CDATA[uiobject_set(rootSlider,"current",0)]]></event></component></components><animaciones></animaciones><slider id="diaporama_12"><pantalla id="pantalla_256"><event id="onPrepare" language="DO"><![CDATA[]]></event><event id="onShown" language="DO"><![CDATA[]]></event><components><component _type="_compRichText" id="texto_26" x="111" y="18" width="746" height="185" alpha="1" visible="1" enabled="1" scrollable="1"><content><![CDATA[<p><span style="font-size:23px"><span style="font-family:verdana,geneva,sans-serif">¿Cómo dividirías una fracción por un número entero?
Para hacerlo solo hay que seguir tres pasos.</span></span></p>
]]></content></component></components><animaciones></animaciones></pantalla><pantalla id="pantalla_260"><event id="onPrepare" language="DO"><![CDATA[]]></event><event id="onShown" language="DO"><![CDATA[]]></event><components><component _type="_compRichText" id="texto_26" x="111" y="18" width="746" height="185" alpha="1" visible="1" enabled="1" scrollable="1"><content><![CDATA[<p><span style="font-size:23px"><span style="font-family:verdana,geneva,sans-serif"><strong>Primero: El n&uacute;mero </strong>8<strong> se considera como la fracci&oacute;n </strong><span class="math-tex">\(\frac{8}{1}\)</span></span></span></p>
]]></content></component><component _type="_compRichText" id="texto_361" x="412" y="203" width="231" height="176" alpha="1" visible="1" enabled="1" scrollable="1"><content><![CDATA[<p><span style="font-size:30px"><strong><span style="font-family:verdana,geneva,sans-serif"><span class="math-tex">\(\mathbf{\frac{2}{8}} : 8\)</span></span></strong></span></p>
]]></content></component></components><animaciones></animaciones></pantalla><pantalla id="pantalla_264"><event id="onPrepare" language="DO"><![CDATA[]]></event><event id="onShown" language="DO"><![CDATA[]]></event><components><component _type="_compRichText" id="texto_175" x="278" y="291" width="107" height="60" alpha="1" visible="1" enabled="1" scrollable="0"><content><![CDATA[<p style="text-align:center"><span style="font-size:20px"><span style="font-family:verdana,geneva,sans-serif">3</span></span></p>
]]></content></component><component _type="_compRichText" id="texto_19" x="279" y="248" width="107" height="60" alpha="1" visible="1" enabled="1" scrollable="0"><content><![CDATA[<p style="text-align:center"><span style="font-size:20px"><span style="font-family:verdana,geneva,sans-serif">2</span></span></p>
]]></content></component><component _type="_compCSSBox" id="fondo_174" x="313" y="296" width="40" height="2" alpha="1" visible="1" enabled="1" cssClass="defaultCSSBox2" /><component _type="_compRichText" id="texto_26" x="111" y="18" width="746" height="185" alpha="1" visible="1" enabled="1" scrollable="1"><content><![CDATA[<p><span style="font-size:23px"><span style="font-family:verdana,geneva,sans-serif"><strong>Segundo: Se invierte&nbsp;<span class="math-tex">\(\frac{8}{1}\)</span></strong>, y <strong>se multiplican los numeradores </strong>(2 &middot; 1) <strong>y los denominadores</strong> (3 &middot; 8) entre s&iacute;, para obtener el resultado <span class="math-tex">\(\frac{2}{24}\)</span>. </span></span></p>
]]></content></component><component _type="_compCSSBox" id="fondo_268" x="385" y="296" width="40" height="2" alpha="1" visible="1" enabled="1" cssClass="defaultCSSBox2" /><component _type="_compRichText" id="texto_269" x="351" y="248" width="107" height="60" alpha="1" visible="1" enabled="1" scrollable="0"><content><![CDATA[<p style="text-align:center"><span style="font-size:20px"><span style="font-family:verdana,geneva,sans-serif">8</span></span></p>
]]></content></component><component _type="_compRichText" id="texto_270" x="351" y="291" width="107" height="60" alpha="1" visible="1" enabled="1" scrollable="0"><content><![CDATA[<p style="text-align:center"><span style="font-size:20px"><span style="font-family:verdana,geneva,sans-serif">1</span></span></p>
]]></content></component><component _type="_compRichText" id="texto_176" x="340" y="266" width="59" height="60" alpha="1" visible="1" enabled="1" scrollable="0"><content><![CDATA[<p style="text-align: center;"><span style="font-size:20px"><span style="font-family:verdana,geneva,sans-serif">:</span></span></p>
]]></content></component><component _type="_compRichText" id="texto_271" x="416" y="266" width="59" height="60" alpha="1" visible="1" enabled="1" scrollable="0"><content><![CDATA[<p style="text-align:center"><span style="font-size:20px"><span style="font-family:verdana,geneva,sans-serif">=</span></span></p>
]]></content></component><component _type="_compRichText" id="texto_273" x="442" y="290" width="107" height="60" alpha="1" visible="1" enabled="1" scrollable="0"><content><![CDATA[<p style="text-align:center"><span style="font-size:20px"><span style="font-family:verdana,geneva,sans-serif">3 &middot; 8</span></span></p>
]]></content></component><component _type="_compRichText" id="texto_274" x="442" y="248" width="107" height="60" alpha="1" visible="1" enabled="1" scrollable="0"><content><![CDATA[<p style="text-align:center"><span style="font-size:20px"><span style="font-family:verdana,geneva,sans-serif">2 &middot; 1</span></span></p>
]]></content></component><component _type="_compCSSBox" id="fondo_272" x="466" y="296" width="60" height="2" alpha="1" visible="1" enabled="1" cssClass="defaultCSSBox2" /><component _type="_compRichText" id="texto_276" x="531" y="248" width="107" height="60" alpha="1" visible="1" enabled="1" scrollable="0"><content><![CDATA[<p style="text-align:center"><span style="font-size:20px"><span style="font-family:verdana,geneva,sans-serif">2</span></span></p>
]]></content></component><component _type="_compRichText" id="texto_277" x="530" y="291" width="107" height="60" alpha="1" visible="1" enabled="1" scrollable="0"><content><![CDATA[<p style="text-align:center"><span style="font-size:20px"><span style="font-family:verdana,geneva,sans-serif">24</span></span></p>
]]></content></component><component _type="_compRichText" id="texto_278" x="516" y="266" width="59" height="60" alpha="1" visible="1" enabled="1" scrollable="0"><content><![CDATA[<p style="text-align:center"><span style="font-size:20px"><span style="font-family:verdana,geneva,sans-serif">=</span></span></p>
]]></content></component><component _type="_compCSSBox" id="fondo_275" x="565" y="296" width="40" height="2" alpha="1" visible="1" enabled="1" cssClass="defaultCSSBox2" /></components><animaciones></animaciones></pantalla><pantalla id="pantalla_279"><event id="onPrepare" language="DO"><![CDATA[]]></event><event id="onShown" language="DO"><![CDATA[]]></event><components><component _type="_compRichText" id="texto_175" x="349" y="291" width="107" height="60" alpha="1" visible="1" enabled="1" scrollable="0"><content><![CDATA[<p style="text-align:center"><span style="font-size:20px"><span style="font-family:verdana,geneva,sans-serif">24 : 2</span></span></p>
]]></content></component><component _type="_compRichText" id="texto_19" x="349" y="248" width="107" height="60" alpha="1" visible="1" enabled="1" scrollable="0"><content><![CDATA[<p style="text-align:center"><span style="font-size:20px"><span style="font-family:verdana,geneva,sans-serif">2 : 2</span></span></p>
]]></content></component><component _type="_compCSSBox" id="fondo_174" x="373" y="296" width="60" height="2" alpha="1" visible="1" enabled="1" cssClass="defaultCSSBox2" /><component _type="_compRichText" id="texto_26" x="111" y="18" width="746" height="185" alpha="1" visible="1" enabled="1" scrollable="1"><content><![CDATA[<p><span style="font-size:23px"><span style="font-family:verdana,geneva,sans-serif"><strong>Tercero: El resultado se simplifica</strong>, para lo que <strong>se dividen numerador y denominador por divisores comunes </strong>(2), hasta llegar al resultado final <span class="math-tex">\(\frac{1}{12}\)</span>.</span></span></p>
]]></content></component><component _type="_compRichText" id="texto_271" x="432" y="266" width="59" height="60" alpha="1" visible="1" enabled="1" scrollable="0"><content><![CDATA[<p style="text-align:center"><span style="font-size:20px"><span style="font-family:verdana,geneva,sans-serif">=</span></span></p>
]]></content></component><component _type="_compRichText" id="texto_276" x="462" y="248" width="105" height="60" alpha="1" visible="1" enabled="1" scrollable="0"><content><![CDATA[<p style="text-align:center"><span style="font-size:20px"><span style="font-family:verdana,geneva,sans-serif">1</span></span></p>
]]></content></component><component _type="_compRichText" id="texto_277" x="461" y="291" width="105" height="60" alpha="1" visible="1" enabled="1" scrollable="0"><content><![CDATA[<p style="text-align:center"><span style="font-size:20px"><span style="font-family:verdana,geneva,sans-serif">12</span></span></p>
]]></content></component><component _type="_compCSSBox" id="fondo_283" x="483" y="296" width="60" height="2" alpha="1" visible="1" enabled="1" cssClass="defaultCSSBox2" /><component _type="_compIconButton" id="iconbutton_148" x="226" y="526" width="37" height="37" alpha="1" visible="1" enabled="1" cssClass="iconInfoButton" group="-1"><event id="onClick" language="DO"><![CDATA[popup_open("pantalla_284")]]></event></component></components><animaciones></animaciones></pantalla></slider></pantalla><pantalla id="pantalla_289"><event id="onPrepare" language="DO"><![CDATA[]]></event><event id="onShown" language="DO"><![CDATA[]]></event><components><component _type="_compSlider" id="diaporama_12" x="0" y="0" width="950" height="608" alpha="1" visible="1" enabled="1" transMode="1" /><component _type="_compSliderNav" id="slidernav_11" x="45" y="526" width="162" height="37" alpha="1" visible="1" enabled="1" sliderId="diaporama_12" showHome="1" whiteButtons="0" mode="1" /><component _type="_compIconButton" id="iconbutton_63" x="45" y="526" width="37" height="37" alpha="1" visible="1" enabled="1" cssClass="iconHomeButton" group="-1"><event id="onClick" language="DO"><![CDATA[uiobject_set(rootSlider,"current",0)]]></event></component></components><animaciones></animaciones><slider id="diaporama_12"><pantalla id="pantalla_294"><event id="onPrepare" language="DO"><![CDATA[]]></event><event id="onShown" language="DO"><![CDATA[]]></event><components><component _type="_compRichText" id="texto_26" x="111" y="18" width="746" height="388" alpha="1" visible="1" enabled="1" scrollable="1"><content><![CDATA[<p><span style="font-size:23px"><span style="font-family:verdana,geneva,sans-serif">Para obtener el <strong>cociente de dos fracciones </strong>hay que seguir cuatro sencillos pasos:</span></span><br />
&nbsp;</p>

<p><span style="font-size:23px"><span style="font-family:verdana,geneva,sans-serif"><strong>Paso 1: </strong>Invertir la segunda fracci&oacute;n.</span></span></p>

<p><span style="font-size:23px"><span style="font-family:verdana,geneva,sans-serif"><strong>Paso 2: </strong>Multiplicar los numeradores.</span></span></p>

<p><span style="font-size:23px"><span style="font-family:verdana,geneva,sans-serif"><strong>Paso 3: </strong>Multiplicar los denominadores.</span></span></p>

<p><span style="font-size:23px"><span style="font-family:verdana,geneva,sans-serif"><strong>Paso 4: </strong>Si es posible, simplificar la fracci&oacute;n resultante. </span></span></p>
]]></content></component></components><animaciones></animaciones></pantalla><pantalla id="pantalla_298"><event id="onPrepare" language="DO"><![CDATA[]]></event><event id="onShown" language="DO"><![CDATA[]]></event><components><component _type="_compRichText" id="texto_203" x="351" y="229" width="107" height="60" alpha="1" visible="1" enabled="1" scrollable="0"><content><![CDATA[<p style="text-align:center"><strong><span style="font-size:20px"><span style="font-family:verdana,geneva,sans-serif">4</span></span></strong></p>
]]></content></component><component _type="_compRichText" id="texto_204" x="351" y="272" width="107" height="60" alpha="1" visible="1" enabled="1" scrollable="0"><content><![CDATA[<p style="text-align:center"><strong><span style="font-size:20px"><span style="font-family:verdana,geneva,sans-serif">12</span></span></strong></p>
]]></content></component><component _type="_compRichText" id="texto_201" x="434" y="249" width="46" height="60" alpha="1" visible="1" enabled="1" scrollable="0"><content><![CDATA[<p style="text-align:center"><strong><span style="font-size:20px"><span style="font-family:verdana,geneva,sans-serif">:</span></span></strong></p>
]]></content></component><component _type="_compCSSBox" id="fondo_202" x="380" y="277" width="50" height="3" alpha="1" visible="1" enabled="1" cssClass="defaultCSSBox2" /><component _type="_compCSSBox" id="fondo_302" x="482" y="277" width="50" height="3" alpha="1" visible="1" enabled="1" cssClass="defaultCSSBox2" /><component _type="_compRichText" id="texto_303" x="453" y="229" width="107" height="60" alpha="1" visible="1" enabled="1" scrollable="0"><content><![CDATA[<p style="text-align:center"><strong><span style="font-size:20px"><span style="font-family:verdana,geneva,sans-serif">3</span></span></strong></p>
]]></content></component><component _type="_compRichText" id="texto_304" x="453" y="272" width="107" height="60" alpha="1" visible="1" enabled="1" scrollable="0"><content><![CDATA[<p style="text-align:center"><strong><span style="font-size:20px"><span style="font-family:verdana,geneva,sans-serif">2</span></span></strong></p>
]]></content></component></components><animaciones></animaciones></pantalla><pantalla id="pantalla_305"><event id="onPrepare" language="DO"><![CDATA[]]></event><event id="onShown" language="DO"><![CDATA[]]></event><components><component _type="_compRichText" id="texto_175" x="278" y="291" width="107" height="60" alpha="1" visible="1" enabled="1" scrollable="0"><content><![CDATA[<p style="text-align:center"><span style="font-size:20px"><span style="font-family:verdana,geneva,sans-serif">12</span></span></p>
]]></content></component><component _type="_compRichText" id="texto_19" x="279" y="248" width="107" height="60" alpha="1" visible="1" enabled="1" scrollable="0"><content><![CDATA[<p style="text-align:center"><span style="font-size:20px"><span style="font-family:verdana,geneva,sans-serif">4</span></span></p>
]]></content></component><component _type="_compCSSBox" id="fondo_174" x="313" y="296" width="40" height="2" alpha="1" visible="1" enabled="1" cssClass="defaultCSSBox2" /><component _type="_compRichText" id="texto_26" x="111" y="18" width="746" height="185" alpha="1" visible="1" enabled="1" scrollable="1"><content><![CDATA[<p><span style="font-size:23px"><span style="font-family:verdana,geneva,sans-serif"><strong>Primero: </strong>La segunda fracci&oacute;n&nbsp;<span class="math-tex">\(\frac{3}{2}\)</span> se invierte (y queda como <span class="math-tex">\(\frac{2}{3}\)</span>).</span></span></p>
]]></content></component><component _type="_compCSSBox" id="fondo_268" x="385" y="296" width="40" height="2" alpha="1" visible="1" enabled="1" cssClass="defaultCSSBox2" /><component _type="_compRichText" id="texto_269" x="351" y="248" width="107" height="60" alpha="1" visible="1" enabled="1" scrollable="0"><content><![CDATA[<p style="text-align:center"><span style="font-size:20px"><span style="font-family:verdana,geneva,sans-serif">3</span></span></p>
]]></content></component><component _type="_compRichText" id="texto_270" x="351" y="291" width="107" height="60" alpha="1" visible="1" enabled="1" scrollable="0"><content><![CDATA[<p style="text-align:center"><span style="font-size:20px"><span style="font-family:verdana,geneva,sans-serif">2</span></span></p>
]]></content></component><component _type="_compRichText" id="texto_176" x="340" y="266" width="59" height="60" alpha="1" visible="1" enabled="1" scrollable="0"><content><![CDATA[<p style="text-align: center;"><span style="font-size:20px"><span style="font-family:verdana,geneva,sans-serif">:</span></span></p>
]]></content></component><component _type="_compRichText" id="texto_271" x="416" y="266" width="59" height="60" alpha="1" visible="1" enabled="1" scrollable="0"><content><![CDATA[<p style="text-align:center"><span style="font-size:20px"><span style="font-family:verdana,geneva,sans-serif">=</span></span></p>
]]></content></component><component _type="_compRichText" id="texto_273" x="442" y="290" width="107" height="60" alpha="1" visible="1" enabled="1" scrollable="0"><content><![CDATA[<p style="text-align:center"><span style="font-size:20px"><span style="font-family:verdana,geneva,sans-serif">12</span></span></p>
]]></content></component><component _type="_compRichText" id="texto_274" x="442" y="248" width="107" height="60" alpha="1" visible="1" enabled="1" scrollable="0"><content><![CDATA[<p style="text-align:center"><span style="font-size:20px"><span style="font-family:verdana,geneva,sans-serif">4</span></span></p>
]]></content></component><component _type="_compCSSBox" id="fondo_272" x="477" y="296" width="40" height="2" alpha="1" visible="1" enabled="1" cssClass="defaultCSSBox2" /><component _type="_compRichText" id="texto_276" x="531" y="248" width="107" height="60" alpha="1" visible="1" enabled="1" scrollable="0"><content><![CDATA[<p style="text-align:center"><span style="font-size:20px"><span style="font-family:verdana,geneva,sans-serif">2</span></span></p>
]]></content></component><component _type="_compRichText" id="texto_277" x="530" y="291" width="107" height="60" alpha="1" visible="1" enabled="1" scrollable="0"><content><![CDATA[<p style="text-align:center"><span style="font-size:20px"><span style="font-family:verdana,geneva,sans-serif">3</span></span></p>
]]></content></component><component _type="_compRichText" id="texto_278" x="510" y="266" width="59" height="60" alpha="1" visible="1" enabled="1" scrollable="0"><content><![CDATA[<p style="text-align:center"><span style="font-size:20px"><span style="font-family:verdana,geneva,sans-serif">&middot;</span></span></p>
]]></content></component><component _type="_compCSSBox" id="fondo_275" x="565" y="296" width="40" height="2" alpha="1" visible="1" enabled="1" cssClass="defaultCSSBox2" /></components><animaciones></animaciones></pantalla><pantalla id="pantalla_309"><event id="onPrepare" language="DO"><![CDATA[]]></event><event id="onShown" language="DO"><![CDATA[]]></event><components><component _type="_compRichText" id="texto_175" x="278" y="291" width="107" height="60" alpha="1" visible="1" enabled="1" scrollable="0"><content><![CDATA[<p style="text-align:center"><span style="font-size:20px"><span style="font-family:verdana,geneva,sans-serif">12</span></span></p>
]]></content></component><component _type="_compRichText" id="texto_19" x="279" y="248" width="107" height="60" alpha="1" visible="1" enabled="1" scrollable="0"><content><![CDATA[<p style="text-align:center"><span style="font-size:20px"><span style="font-family:verdana,geneva,sans-serif">4</span></span></p>
]]></content></component><component _type="_compCSSBox" id="fondo_174" x="313" y="296" width="40" height="2" alpha="1" visible="1" enabled="1" cssClass="defaultCSSBox2" /><component _type="_compRichText" id="texto_26" x="111" y="18" width="746" height="185" alpha="1" visible="1" enabled="1" scrollable="1"><content><![CDATA[<p><span style="font-size:23px"><span style="font-family:verdana,geneva,sans-serif"><strong>Segundo: </strong>Se multiplican los numeradores (4 &middot; 2). </span></span></p>
]]></content></component><component _type="_compCSSBox" id="fondo_268" x="385" y="296" width="40" height="2" alpha="1" visible="1" enabled="1" cssClass="defaultCSSBox2" /><component _type="_compRichText" id="texto_269" x="351" y="248" width="107" height="60" alpha="1" visible="1" enabled="1" scrollable="0"><content><![CDATA[<p style="text-align:center"><span style="font-size:20px"><span style="font-family:verdana,geneva,sans-serif">3</span></span></p>
]]></content></component><component _type="_compRichText" id="texto_270" x="351" y="291" width="107" height="60" alpha="1" visible="1" enabled="1" scrollable="0"><content><![CDATA[<p style="text-align:center"><span style="font-size:20px"><span style="font-family:verdana,geneva,sans-serif">2</span></span></p>
]]></content></component><component _type="_compRichText" id="texto_176" x="340" y="266" width="59" height="60" alpha="1" visible="1" enabled="1" scrollable="0"><content><![CDATA[<p style="text-align: center;"><span style="font-size:20px"><span style="font-family:verdana,geneva,sans-serif">:</span></span></p>
]]></content></component><component _type="_compRichText" id="texto_271" x="416" y="266" width="59" height="60" alpha="1" visible="1" enabled="1" scrollable="0"><content><![CDATA[<p style="text-align:center"><span style="font-size:20px"><span style="font-family:verdana,geneva,sans-serif">=</span></span></p>
]]></content></component><component _type="_compRichText" id="texto_274" x="454" y="248" width="107" height="60" alpha="1" visible="1" enabled="1" scrollable="0"><content><![CDATA[<p style="text-align:center"><span style="font-size:20px"><span style="font-family:verdana,geneva,sans-serif">4 &middot; 2</span></span></p>
]]></content></component><component _type="_compCSSBox" id="fondo_272" x="477" y="296" width="60" height="2" alpha="1" visible="1" enabled="1" cssClass="defaultCSSBox2" /><component _type="_compRichText" id="texto_276" x="551" y="248" width="107" height="60" alpha="1" visible="1" enabled="1" scrollable="0"><content><![CDATA[<p style="text-align:center"><span style="font-size:20px"><span style="font-family:verdana,geneva,sans-serif">8</span></span></p>
]]></content></component><component _type="_compRichText" id="texto_278" x="533" y="266" width="59" height="60" alpha="1" visible="1" enabled="1" scrollable="0"><content><![CDATA[<p style="text-align:center"><span style="font-size:20px"><span style="font-family:verdana,geneva,sans-serif">=</span></span></p>
]]></content></component><component _type="_compCSSBox" id="fondo_275" x="585" y="296" width="40" height="2" alpha="1" visible="1" enabled="1" cssClass="defaultCSSBox2" /></components><animaciones></animaciones></pantalla><pantalla id="pantalla_313"><event id="onPrepare" language="DO"><![CDATA[]]></event><event id="onShown" language="DO"><![CDATA[]]></event><components><component _type="_compRichText" id="texto_175" x="278" y="291" width="107" height="60" alpha="1" visible="1" enabled="1" scrollable="0"><content><![CDATA[<p style="text-align:center"><span style="font-size:20px"><span style="font-family:verdana,geneva,sans-serif">12</span></span></p>
]]></content></component><component _type="_compRichText" id="texto_19" x="279" y="248" width="107" height="60" alpha="1" visible="1" enabled="1" scrollable="0"><content><![CDATA[<p style="text-align:center"><span style="font-size:20px"><span style="font-family:verdana,geneva,sans-serif">4</span></span></p>
]]></content></component><component _type="_compCSSBox" id="fondo_174" x="313" y="296" width="40" height="2" alpha="1" visible="1" enabled="1" cssClass="defaultCSSBox2" /><component _type="_compRichText" id="texto_26" x="111" y="18" width="746" height="185" alpha="1" visible="1" enabled="1" scrollable="1"><content><![CDATA[<p><span style="font-size:23px"><span style="font-family:verdana,geneva,sans-serif"><strong>Tercero: </strong>Se multiplican los denominadores (12 &middot; 3).</span></span></p>
]]></content></component><component _type="_compCSSBox" id="fondo_268" x="385" y="296" width="40" height="2" alpha="1" visible="1" enabled="1" cssClass="defaultCSSBox2" /><component _type="_compRichText" id="texto_269" x="351" y="248" width="107" height="60" alpha="1" visible="1" enabled="1" scrollable="0"><content><![CDATA[<p style="text-align:center"><span style="font-size:20px"><span style="font-family:verdana,geneva,sans-serif">3</span></span></p>
]]></content></component><component _type="_compRichText" id="texto_270" x="351" y="291" width="107" height="60" alpha="1" visible="1" enabled="1" scrollable="0"><content><![CDATA[<p style="text-align:center"><span style="font-size:20px"><span style="font-family:verdana,geneva,sans-serif">2</span></span></p>
]]></content></component><component _type="_compRichText" id="texto_176" x="340" y="266" width="59" height="60" alpha="1" visible="1" enabled="1" scrollable="0"><content><![CDATA[<p style="text-align: center;"><span style="font-size:20px"><span style="font-family:verdana,geneva,sans-serif">:</span></span></p>
]]></content></component><component _type="_compRichText" id="texto_271" x="416" y="266" width="59" height="60" alpha="1" visible="1" enabled="1" scrollable="0"><content><![CDATA[<p style="text-align:center"><span style="font-size:20px"><span style="font-family:verdana,geneva,sans-serif">=</span></span></p>
]]></content></component><component _type="_compRichText" id="texto_274" x="454" y="248" width="107" height="60" alpha="1" visible="1" enabled="1" scrollable="0"><content><![CDATA[<p style="text-align:center"><span style="font-size:20px"><span style="font-family:verdana,geneva,sans-serif">4 &middot; 2</span></span></p>
]]></content></component><component _type="_compCSSBox" id="fondo_272" x="477" y="296" width="60" height="2" alpha="1" visible="1" enabled="1" cssClass="defaultCSSBox2" /><component _type="_compRichText" id="texto_276" x="551" y="248" width="107" height="60" alpha="1" visible="1" enabled="1" scrollable="0"><content><![CDATA[<p style="text-align:center"><span style="font-size:20px"><span style="font-family:verdana,geneva,sans-serif">8</span></span></p>
]]></content></component><component _type="_compRichText" id="texto_278" x="533" y="266" width="59" height="60" alpha="1" visible="1" enabled="1" scrollable="0"><content><![CDATA[<p style="text-align:center"><span style="font-size:20px"><span style="font-family:verdana,geneva,sans-serif">=</span></span></p>
]]></content></component><component _type="_compCSSBox" id="fondo_275" x="585" y="296" width="40" height="2" alpha="1" visible="1" enabled="1" cssClass="defaultCSSBox2" /><component _type="_compRichText" id="texto_317" x="453" y="291" width="107" height="60" alpha="1" visible="1" enabled="1" scrollable="0"><content><![CDATA[<p style="text-align:center"><span style="font-size:20px"><span style="font-family:verdana,geneva,sans-serif">12 &middot; 3</span></span></p>
]]></content></component><component _type="_compRichText" id="texto_318" x="551" y="291" width="107" height="60" alpha="1" visible="1" enabled="1" scrollable="0"><content><![CDATA[<p style="text-align:center"><span style="font-size:20px"><span style="font-family:verdana,geneva,sans-serif">36</span></span></p>
]]></content></component></components><animaciones></animaciones></pantalla><pantalla id="pantalla_319"><event id="onPrepare" language="DO"><![CDATA[]]></event><event id="onShown" language="DO"><![CDATA[]]></event><components><component _type="_compRichText" id="texto_175" x="361" y="291" width="107" height="60" alpha="1" visible="1" enabled="1" scrollable="0"><content><![CDATA[<p style="text-align:center"><span style="font-size:20px"><span style="font-family:verdana,geneva,sans-serif">36</span></span></p>
]]></content></component><component _type="_compRichText" id="texto_19" x="362" y="248" width="107" height="60" alpha="1" visible="1" enabled="1" scrollable="0"><content><![CDATA[<p style="text-align:center"><span style="font-size:20px"><span style="font-family:verdana,geneva,sans-serif">8</span></span></p>
]]></content></component><component _type="_compCSSBox" id="fondo_174" x="396" y="296" width="40" height="2" alpha="1" visible="1" enabled="1" cssClass="defaultCSSBox2" /><component _type="_compRichText" id="texto_26" x="111" y="18" width="746" height="185" alpha="1" visible="1" enabled="1" scrollable="1"><content><![CDATA[<p><span style="font-size:23px"><span style="font-family:verdana,geneva,sans-serif"><strong>Cuarto: </strong>Se simplifica el resultado y se obtiene una fracci&oacute;n<br />
irreducible (<span class="math-tex">\(\frac{2}{9}\)</span>).</span></span></p>
]]></content></component><component _type="_compRichText" id="texto_276" x="451" y="248" width="107" height="60" alpha="1" visible="1" enabled="1" scrollable="0"><content><![CDATA[<p style="text-align:center"><span style="font-size:20px"><span style="font-family:verdana,geneva,sans-serif">2</span></span></p>
]]></content></component><component _type="_compRichText" id="texto_278" x="433" y="266" width="59" height="60" alpha="1" visible="1" enabled="1" scrollable="0"><content><![CDATA[<p style="text-align:center"><span style="font-size:20px"><span style="font-family:verdana,geneva,sans-serif">=</span></span></p>
]]></content></component><component _type="_compCSSBox" id="fondo_275" x="485" y="296" width="40" height="2" alpha="1" visible="1" enabled="1" cssClass="defaultCSSBox2" /><component _type="_compRichText" id="texto_318" x="451" y="291" width="107" height="60" alpha="1" visible="1" enabled="1" scrollable="0"><content><![CDATA[<p style="text-align:center"><span style="font-size:20px"><span style="font-family:verdana,geneva,sans-serif">9</span></span></p>
]]></content></component><component _type="_compIconButton" id="iconbutton_148" x="226" y="526" width="37" height="37" alpha="1" visible="1" enabled="1" cssClass="iconInfoButton" group="-1"><event id="onClick" language="DO"><![CDATA[popup_open("pantalla_323")]]></event></component></components><animaciones></animaciones></pantalla></slider></pantalla></pantallas><popups><pantalla id="pantalla_25"><event id="onPrepare" language="DO"><![CDATA[]]></event><event id="onShown" language="DO"><![CDATA[]]></event><components><component _type="_compCSSBox" id="fondo_150" x="90" y="-4" width="860" height="612" alpha="1" visible="1" enabled="1" cssClass="defaultCSSBox3" /><component _type="_compIconButton" id="iconbutton_24" x="867" y="45" width="37" height="37" alpha="1" visible="1" enabled="1" cssClass="iconCloseButton" group="-1"><event id="onClick" language="DO"><![CDATA[popup_close()]]></event></component><component _type="_compRichText" id="texto_26" x="111" y="18" width="708" height="130" alpha="1" visible="1" enabled="1" scrollable="1"><content><![CDATA[<p><span style="font-size:23px"><span style="font-family:verdana,geneva,sans-serif">Para multiplicar una fracción por un número entero, hay que considerar el 
entero como una fracción con denominador 1.</span></span></p>
]]></content></component><component _type="_compRichText" id="texto_19" x="328" y="229" width="107" height="60" alpha="1" visible="1" enabled="1" scrollable="0"><content><![CDATA[<p style="text-align:center"><strong><span style="font-size:20px"><span style="font-family:verdana,geneva,sans-serif">b</span></span></strong></p>
]]></content></component><component _type="_compRichText" id="texto_175" x="328" y="272" width="107" height="60" alpha="1" visible="1" enabled="1" scrollable="0"><content><![CDATA[<p style="text-align:center"><strong><span style="font-size:20px"><span style="font-family:verdana,geneva,sans-serif">c</span></span></strong></p>
]]></content></component><component _type="_compRichText" id="texto_201" x="243" y="249" width="107" height="60" alpha="1" visible="1" enabled="1" scrollable="0"><content><![CDATA[<p style="text-align: right;"><strong><span style="font-size:20px"><span style="font-family:verdana,geneva,sans-serif">a &middot;</span></span></strong></p>
]]></content></component><component _type="_compCSSBox" id="fondo_174" x="362" y="277" width="40" height="3" alpha="1" visible="1" enabled="1" cssClass="defaultCSSBox2" /><component _type="_compImage" id="image_20" x="419" y="270" width="51" height="18" alpha="1" visible="1" enabled="1" cssClass="imgbord" adjustMode="4" alignMode="16" image="data/imagenes/8.jpg" /><component _type="_compCSSBox" id="fondo_202" x="467" y="277" width="50" height="3" alpha="1" visible="1" enabled="1" cssClass="defaultCSSBox2" /><component _type="_compRichText" id="texto_203" x="438" y="229" width="107" height="60" alpha="1" visible="1" enabled="1" scrollable="0"><content><![CDATA[<p style="text-align:center"><strong><span style="font-size:20px"><span style="font-family:verdana,geneva,sans-serif">a &middot; b</span></span></strong></p>
]]></content></component><component _type="_compRichText" id="texto_204" x="438" y="272" width="107" height="60" alpha="1" visible="1" enabled="1" scrollable="0"><content><![CDATA[<p style="text-align:center"><strong><span style="font-size:20px"><span style="font-family:verdana,geneva,sans-serif">1 &middot; c</span></span></strong></p>
]]></content></component><component _type="_compCSSBox" id="fondo_414" x="1" y="502" width="721" height="126" alpha="1" visible="1" enabled="1" cssClass="defaultCSSBox3" /></components><animaciones></animaciones></pantalla><pantalla id="pantalla_242"><event id="onPrepare" language="DO"><![CDATA[]]></event><event id="onShown" language="DO"><![CDATA[]]></event><components><component _type="_compCSSBox" id="fondo_150" x="91" y="0" width="859" height="608" alpha="1" visible="1" enabled="1" cssClass="defaultCSSBox3" /><component _type="_compIconButton" id="iconbutton_24" x="867" y="45" width="37" height="37" alpha="1" visible="1" enabled="1" cssClass="iconCloseButton" group="-1"><event id="onClick" language="DO"><![CDATA[popup_close()]]></event></component><component _type="_compRichText" id="texto_26" x="111" y="95" width="758" height="166" alpha="1" visible="1" enabled="1" scrollable="1"><content><![CDATA[<p><span style="font-size:20px"><span style="font-family:verdana,geneva,sans-serif">Para obtener el <strong>producto de dos fracciones </strong>hay que multiplicar los <strong>numeradores </strong>y multiplicar los <strong>denominadores</strong>. Siempre que se pueda, hay que <strong>simplificar el resultado </strong>hasta que ya no se pueda reducir m&aacute;s. </span></span></p>
]]></content></component><component _type="_compRichText" id="texto_19" x="328" y="229" width="107" height="60" alpha="1" visible="1" enabled="1" scrollable="0"><content><![CDATA[<p style="text-align:center"><strong><span style="font-size:20px"><span style="font-family:verdana,geneva,sans-serif">a</span></span></strong></p>
]]></content></component><component _type="_compRichText" id="texto_175" x="328" y="272" width="107" height="60" alpha="1" visible="1" enabled="1" scrollable="0"><content><![CDATA[<p style="text-align:center"><strong><span style="font-size:20px"><span style="font-family:verdana,geneva,sans-serif">b</span></span></strong></p>
]]></content></component><component _type="_compCSSBox" id="fondo_174" x="362" y="277" width="40" height="3" alpha="1" visible="1" enabled="1" cssClass="defaultCSSBox2" /><component _type="_compRichText" id="texto_203" x="501" y="229" width="107" height="60" alpha="1" visible="1" enabled="1" scrollable="0"><content><![CDATA[<p style="text-align:center"><strong><span style="font-size:20px"><span style="font-family:verdana,geneva,sans-serif">a &middot; c</span></span></strong></p>
]]></content></component><component _type="_compRichText" id="texto_204" x="501" y="272" width="107" height="60" alpha="1" visible="1" enabled="1" scrollable="0"><content><![CDATA[<p style="text-align:center"><strong><span style="font-size:20px"><span style="font-family:verdana,geneva,sans-serif">b &middot; d</span></span></strong></p>
]]></content></component><component _type="_compRichText" id="texto_246" x="111" y="335" width="758" height="166" alpha="1" visible="1" enabled="1" scrollable="1"><content><![CDATA[<p><span style="font-size:20px"><span style="font-family:verdana,geneva,sans-serif">Cuando una <strong>fracci&oacute;n </strong>no se puede simplificar se llama <strong>irreducible</strong>. Para hallar la fracci&oacute;n irreducible <strong>se dividen los dos t&eacute;rminos </strong>de la fracci&oacute;n <strong>por divisores comunes</strong>.</span></span></p>
]]></content></component><component _type="_compCSSBox" id="fondo_247" x="445" y="277" width="40" height="3" alpha="1" visible="1" enabled="1" cssClass="defaultCSSBox2" /><component _type="_compRichText" id="texto_248" x="411" y="229" width="107" height="60" alpha="1" visible="1" enabled="1" scrollable="0"><content><![CDATA[<p style="text-align:center"><strong><span style="font-size:20px"><span style="font-family:verdana,geneva,sans-serif">c</span></span></strong></p>
]]></content></component><component _type="_compRichText" id="texto_249" x="411" y="272" width="107" height="60" alpha="1" visible="1" enabled="1" scrollable="0"><content><![CDATA[<p style="text-align:center"><strong><span style="font-size:20px"><span style="font-family:verdana,geneva,sans-serif">d</span></span></strong></p>
]]></content></component><component _type="_compRichText" id="texto_201" x="404" y="249" width="46" height="60" alpha="1" visible="1" enabled="1" scrollable="0"><content><![CDATA[<p style="text-align: center;"><strong><span style="font-size:20px"><span style="font-family:verdana,geneva,sans-serif">&middot;</span></span></strong></p>
]]></content></component><component _type="_compRichText" id="texto_250" x="485" y="249" width="46" height="60" alpha="1" visible="1" enabled="1" scrollable="0"><content><![CDATA[<p style="text-align:center"><strong><span style="font-size:20px"><span style="font-family:verdana,geneva,sans-serif">=</span></span></strong></p>
]]></content></component><component _type="_compCSSBox" id="fondo_202" x="530" y="277" width="50" height="3" alpha="1" visible="1" enabled="1" cssClass="defaultCSSBox2" /><component _type="_compCSSBox" id="fondo_405" x="1" y="221" width="105" height="180" alpha="1" visible="1" enabled="1" cssClass="defaultCSSBox3" /><component _type="_compCSSBox" id="fondo_414" x="2" y="508" width="721" height="169" alpha="1" visible="1" enabled="1" cssClass="defaultCSSBox3" /></components><animaciones></animaciones></pantalla><pantalla id="pantalla_284"><event id="onPrepare" language="DO"><![CDATA[]]></event><event id="onShown" language="DO"><![CDATA[]]></event><components><component _type="_compCSSBox" id="fondo_150" x="107" y="-4" width="842" height="608" alpha="1" visible="1" enabled="1" cssClass="defaultCSSBox3" /><component _type="_compIconButton" id="iconbutton_24" x="867" y="45" width="37" height="37" alpha="1" visible="1" enabled="1" cssClass="iconCloseButton" group="-1"><event id="onClick" language="DO"><![CDATA[popup_close()]]></event></component><component _type="_compRichText" id="texto_26" x="111" y="95" width="758" height="166" alpha="1" visible="1" enabled="1" scrollable="1"><content><![CDATA[<p><span style="font-size:20px"><span style="font-family:verdana,geneva,sans-serif">Para calcular el <strong>cociente de una fracci&oacute;n entre un n&uacute;mero entero, &eacute;ste </strong>se considera <strong>como </strong>una <strong>fracci&oacute;n con denominador 1</strong>; luego, <strong>se invierte y se multiplican los numeradores y los denominadores</strong>.</span></span></p>
]]></content></component><component _type="_compRichText" id="texto_19" x="288" y="229" width="107" height="60" alpha="1" visible="1" enabled="1" scrollable="0"><content><![CDATA[<p style="text-align:center"><strong><span style="font-size:20px"><span style="font-family:verdana,geneva,sans-serif">a</span></span></strong></p>
]]></content></component><component _type="_compRichText" id="texto_175" x="288" y="272" width="107" height="60" alpha="1" visible="1" enabled="1" scrollable="0"><content><![CDATA[<p style="text-align:center"><strong><span style="font-size:20px"><span style="font-family:verdana,geneva,sans-serif">b</span></span></strong></p>
]]></content></component><component _type="_compCSSBox" id="fondo_174" x="322" y="277" width="40" height="3" alpha="1" visible="1" enabled="1" cssClass="defaultCSSBox2" /><component _type="_compRichText" id="texto_203" x="461" y="229" width="107" height="60" alpha="1" visible="1" enabled="1" scrollable="0"><content><![CDATA[<p style="text-align:center"><strong><span style="font-size:20px"><span style="font-family:verdana,geneva,sans-serif">a &middot; 1</span></span></strong></p>
]]></content></component><component _type="_compRichText" id="texto_204" x="461" y="272" width="107" height="60" alpha="1" visible="1" enabled="1" scrollable="0"><content><![CDATA[<p style="text-align:center"><strong><span style="font-size:20px"><span style="font-family:verdana,geneva,sans-serif">b &middot; c</span></span></strong></p>
]]></content></component><component _type="_compCSSBox" id="fondo_247" x="405" y="277" width="40" height="3" alpha="1" visible="1" enabled="1" cssClass="defaultCSSBox2" /><component _type="_compRichText" id="texto_248" x="371" y="229" width="107" height="60" alpha="1" visible="1" enabled="1" scrollable="0"><content><![CDATA[<p style="text-align:center"><strong><span style="font-size:20px"><span style="font-family:verdana,geneva,sans-serif">c</span></span></strong></p>
]]></content></component><component _type="_compRichText" id="texto_249" x="371" y="272" width="107" height="60" alpha="1" visible="1" enabled="1" scrollable="0"><content><![CDATA[<p style="text-align:center"><strong><span style="font-size:20px"><span style="font-family:verdana,geneva,sans-serif">1</span></span></strong></p>
]]></content></component><component _type="_compRichText" id="texto_201" x="364" y="249" width="46" height="60" alpha="1" visible="1" enabled="1" scrollable="0"><content><![CDATA[<p style="text-align:center"><strong><span style="font-size:20px"><span style="font-family:verdana,geneva,sans-serif">:</span></span></strong></p>
]]></content></component><component _type="_compRichText" id="texto_250" x="445" y="249" width="46" height="60" alpha="1" visible="1" enabled="1" scrollable="0"><content><![CDATA[<p style="text-align:center"><strong><span style="font-size:20px"><span style="font-family:verdana,geneva,sans-serif">=</span></span></strong></p>
]]></content></component><component _type="_compCSSBox" id="fondo_202" x="490" y="277" width="50" height="3" alpha="1" visible="1" enabled="1" cssClass="defaultCSSBox2" /><component _type="_compRichText" id="texto_288" x="562" y="248" width="290" height="155" alpha="1" visible="1" enabled="1" scrollable="1"><content><![CDATA[<p><span style="font-size:20px"><span style="font-family:verdana,geneva,sans-serif">(fracción inversa)</span></span></p>
]]></content></component><component _type="_compCSSBox" id="fondo_414" x="0" y="523" width="721" height="126" alpha="1" visible="1" enabled="1" cssClass="defaultCSSBox3" /></components><animaciones></animaciones></pantalla><pantalla id="pantalla_323"><event id="onPrepare" language="DO"><![CDATA[]]></event><event id="onShown" language="DO"><![CDATA[]]></event><components><component _type="_compCSSBox" id="fondo_150" x="94" y="-10" width="1007" height="634" alpha="1" visible="1" enabled="1" cssClass="defaultCSSBox3" /><component _type="_compIconButton" id="iconbutton_24" x="867" y="45" width="37" height="37" alpha="1" visible="1" enabled="1" cssClass="iconCloseButton" group="-1"><event id="onClick" language="DO"><![CDATA[popup_close()]]></event></component><component _type="_compRichText" id="texto_26" x="112" y="22" width="729" height="166" alpha="1" visible="1" enabled="1" scrollable="1"><content><![CDATA[<p><span style="font-size:20px"><span style="font-family:verdana,geneva,sans-serif">El resultado de dividir dos fracciones se obtiene al <strong>multiplicar la primera </strong>fracci&oacute;n <strong>por la inversa de la segunda</strong>:</span></span></p>
]]></content></component><component _type="_compRichText" id="texto_19" x="288" y="119" width="107" height="60" alpha="1" visible="1" enabled="1" scrollable="0"><content><![CDATA[<p style="text-align:center"><strong><span style="font-size:20px"><span style="font-family:verdana,geneva,sans-serif">a</span></span></strong></p>
]]></content></component><component _type="_compRichText" id="texto_175" x="288" y="162" width="107" height="60" alpha="1" visible="1" enabled="1" scrollable="0"><content><![CDATA[<p style="text-align:center"><strong><span style="font-size:20px"><span style="font-family:verdana,geneva,sans-serif">b</span></span></strong></p>
]]></content></component><component _type="_compCSSBox" id="fondo_174" x="322" y="167" width="40" height="3" alpha="1" visible="1" enabled="1" cssClass="defaultCSSBox2" /><component _type="_compRichText" id="texto_248" x="371" y="119" width="107" height="60" alpha="1" visible="1" enabled="1" scrollable="0"><content><![CDATA[<p style="text-align:center"><strong><span style="font-size:20px"><span style="font-family:verdana,geneva,sans-serif">c</span></span></strong></p>
]]></content></component><component _type="_compRichText" id="texto_249" x="371" y="162" width="107" height="60" alpha="1" visible="1" enabled="1" scrollable="0"><content><![CDATA[<p style="text-align:center"><strong><span style="font-size:20px"><span style="font-family:verdana,geneva,sans-serif">d</span></span></strong></p>
]]></content></component><component _type="_compRichText" id="texto_201" x="364" y="139" width="46" height="60" alpha="1" visible="1" enabled="1" scrollable="0"><content><![CDATA[<p style="text-align:center"><strong><span style="font-size:20px"><span style="font-family:verdana,geneva,sans-serif">:</span></span></strong></p>
]]></content></component><component _type="_compRichText" id="texto_250" x="445" y="139" width="46" height="60" alpha="1" visible="1" enabled="1" scrollable="0"><content><![CDATA[<p style="text-align:center"><strong><span style="font-size:20px"><span style="font-family:verdana,geneva,sans-serif">=</span></span></strong></p>
]]></content></component><component _type="_compCSSBox" id="fondo_247" x="405" y="167" width="40" height="3" alpha="1" visible="1" enabled="1" cssClass="defaultCSSBox2" /><component _type="_compCSSBox" id="fondo_327" x="569" y="167" width="40" height="3" alpha="1" visible="1" enabled="1" cssClass="defaultCSSBox2" /><component _type="_compCSSBox" id="fondo_328" x="486" y="167" width="40" height="3" alpha="1" visible="1" enabled="1" cssClass="defaultCSSBox2" /><component _type="_compRichText" id="texto_329" x="452" y="119" width="107" height="60" alpha="1" visible="1" enabled="1" scrollable="0"><content><![CDATA[<p style="text-align:center"><strong><span style="font-size:20px"><span style="font-family:verdana,geneva,sans-serif">a</span></span></strong></p>
]]></content></component><component _type="_compRichText" id="texto_330" x="452" y="162" width="107" height="60" alpha="1" visible="1" enabled="1" scrollable="0"><content><![CDATA[<p style="text-align:center"><strong><span style="font-size:20px"><span style="font-family:verdana,geneva,sans-serif">b</span></span></strong></p>
]]></content></component><component _type="_compRichText" id="texto_331" x="535" y="162" width="107" height="60" alpha="1" visible="1" enabled="1" scrollable="0"><content><![CDATA[<p style="text-align:center"><strong><span style="font-size:20px"><span style="font-family:verdana,geneva,sans-serif">c</span></span></strong></p>
]]></content></component><component _type="_compRichText" id="texto_332" x="535" y="119" width="107" height="60" alpha="1" visible="1" enabled="1" scrollable="0"><content><![CDATA[<p style="text-align:center"><strong><span style="font-size:20px"><span style="font-family:verdana,geneva,sans-serif">d</span></span></strong></p>
]]></content></component><component _type="_compRichText" id="texto_333" x="528" y="139" width="46" height="60" alpha="1" visible="1" enabled="1" scrollable="0"><content><![CDATA[<p style="text-align:center"><strong><span style="font-size:20px"><span style="font-family:verdana,geneva,sans-serif">&middot;</span></span></strong></p>
]]></content></component><component _type="_compRichText" id="texto_334" x="112" y="212" width="729" height="64" alpha="1" visible="1" enabled="1" scrollable="1"><content><![CDATA[<p><span style="font-size:20px"><span style="font-family:verdana,geneva,sans-serif">Es decir:</span></span></p>
]]></content></component><component _type="_compCSSBox" id="fondo_335" x="112" y="307" width="40" height="3" alpha="1" visible="1" enabled="1" cssClass="defaultCSSBox2" /><component _type="_compRichText" id="texto_337" x="242" y="302" width="107" height="60" alpha="1" visible="1" enabled="1" scrollable="0"><content><![CDATA[<p style="text-align:center"><strong><span style="font-size:20px"><span style="font-family:verdana,geneva,sans-serif">b</span></span></strong></p>
]]></content></component><component _type="_compRichText" id="texto_338" x="242" y="259" width="107" height="60" alpha="1" visible="1" enabled="1" scrollable="0"><content><![CDATA[<p style="text-align:center"><strong><span style="font-size:20px"><span style="font-family:verdana,geneva,sans-serif">a</span></span></strong></p>
]]></content></component><component _type="_compRichText" id="texto_339" x="235" y="279" width="46" height="60" alpha="1" visible="1" enabled="1" scrollable="0"><content><![CDATA[<p style="text-align:center"><strong><span style="font-size:20px"><span style="font-family:verdana,geneva,sans-serif">=</span></span></strong></p>
]]></content></component><component _type="_compRichText" id="texto_340" x="161" y="302" width="107" height="60" alpha="1" visible="1" enabled="1" scrollable="0"><content><![CDATA[<p style="text-align:center"><strong><span style="font-size:20px"><span style="font-family:verdana,geneva,sans-serif">d</span></span></strong></p>
]]></content></component><component _type="_compRichText" id="texto_341" x="161" y="259" width="107" height="60" alpha="1" visible="1" enabled="1" scrollable="0"><content><![CDATA[<p style="text-align:center"><strong><span style="font-size:20px"><span style="font-family:verdana,geneva,sans-serif">c</span></span></strong></p>
]]></content></component><component _type="_compRichText" id="texto_342" x="154" y="279" width="46" height="60" alpha="1" visible="1" enabled="1" scrollable="0"><content><![CDATA[<p style="text-align:center"><strong><span style="font-size:20px"><span style="font-family:verdana,geneva,sans-serif">:</span></span></strong></p>
]]></content></component><component _type="_compRichText" id="texto_343" x="78" y="302" width="107" height="60" alpha="1" visible="1" enabled="1" scrollable="0"><content><![CDATA[<p style="text-align:center"><strong><span style="font-size:20px"><span style="font-family:verdana,geneva,sans-serif">b</span></span></strong></p>
]]></content></component><component _type="_compRichText" id="texto_344" x="78" y="259" width="107" height="60" alpha="1" visible="1" enabled="1" scrollable="0"><content><![CDATA[<p style="text-align:center"><strong><span style="font-size:20px"><span style="font-family:verdana,geneva,sans-serif">a</span></span></strong></p>
]]></content></component><component _type="_compCSSBox" id="fondo_336" x="195" y="307" width="40" height="3" alpha="1" visible="1" enabled="1" cssClass="defaultCSSBox2" /><component _type="_compCSSBox" id="fondo_345" x="276" y="307" width="40" height="3" alpha="1" visible="1" enabled="1" cssClass="defaultCSSBox2" /><component _type="_compCSSBox" id="fondo_346" x="390" y="307" width="40" height="3" alpha="1" visible="1" enabled="1" cssClass="defaultCSSBox2" /><component _type="_compImage" id="image_20" x="322" y="274" width="58" height="64" alpha="1" visible="1" enabled="1" cssClass="imgbord" adjustMode="4" alignMode="16" image="data/imagenes/6.jpg" /><component _type="_compRichText" id="texto_347" x="357" y="259" width="107" height="60" alpha="1" visible="1" enabled="1" scrollable="0"><content><![CDATA[<p style="text-align:center"><strong><span style="font-size:20px"><span style="font-family:verdana,geneva,sans-serif">c</span></span></strong></p>
]]></content></component><component _type="_compRichText" id="texto_348" x="357" y="302" width="107" height="60" alpha="1" visible="1" enabled="1" scrollable="0"><content><![CDATA[<p style="text-align:center"><strong><span style="font-size:20px"><span style="font-family:verdana,geneva,sans-serif">d</span></span></strong></p>
]]></content></component><component _type="_compImage" id="image_349" x="445" y="273" width="42" height="72" alpha="1" visible="1" enabled="1" cssClass="imgbord" adjustMode="4" alignMode="16" image="data/imagenes/7.jpg" /><component _type="_compRichText" id="texto_350" x="476" y="259" width="158" height="60" alpha="1" visible="1" enabled="1" scrollable="0"><content><![CDATA[<p><span style="font-size:20px"><span style="font-family:verdana,geneva,sans-serif">Numerador</span></span></p>
]]></content></component><component _type="_compRichText" id="texto_352" x="476" y="299" width="158" height="60" alpha="1" visible="1" enabled="1" scrollable="0"><content><![CDATA[<p><span style="font-size:20px"><span style="font-family:verdana,geneva,sans-serif">Denominador</span></span></p>
]]></content></component><component _type="_compRichText" id="texto_353" x="633" y="299" width="158" height="60" alpha="1" visible="1" enabled="1" scrollable="0"><content><![CDATA[<p><span style="font-size:20px"><span style="font-family:verdana,geneva,sans-serif">=</span></span></p>
]]></content></component><component _type="_compRichText" id="texto_354" x="633" y="259" width="158" height="60" alpha="1" visible="1" enabled="1" scrollable="0"><content><![CDATA[<p><span style="font-size:20px"><span style="font-family:verdana,geneva,sans-serif">=</span></span></p>
]]></content></component><component _type="_compRichText" id="texto_356" x="651" y="259" width="107" height="60" alpha="1" visible="1" enabled="1" scrollable="0"><content><![CDATA[<p style="text-align:center"><strong><span style="font-size:20px"><span style="font-family:verdana,geneva,sans-serif">a &middot; d</span></span></strong></p>
]]></content></component><component _type="_compRichText" id="texto_357" x="651" y="302" width="107" height="60" alpha="1" visible="1" enabled="1" scrollable="0"><content><![CDATA[<p style="text-align:center"><strong><span style="font-size:20px"><span style="font-family:verdana,geneva,sans-serif">b &middot; c</span></span></strong></p>
]]></content></component><component _type="_compCSSBox" id="fondo_355" x="675" y="307" width="60" height="3" alpha="1" visible="1" enabled="1" cssClass="defaultCSSBox2" /><component _type="_compRichText" id="texto_358" x="112" y="372" width="729" height="166" alpha="1" visible="1" enabled="1" scrollable="1"><content><![CDATA[<ul>
	<li><span style="font-size:20px"><span style="font-family:verdana,geneva,sans-serif">El numerador se obtiene al multiplicar el numerador de la fracci&oacute;n dividendo por el denominador de la fracci&oacute;n divisor (a &middot; d).</span></span><br />
	&nbsp;</li>
	<li><span style="font-size:20px"><span style="font-family:verdana,geneva,sans-serif">El denominador se obtiene al multiplicar el denominador de la fracci&oacute;n dividendo por el numerador de la fracci&oacute;n divisor (b &middot; c).</span></span></li>
</ul>
]]></content></component><component _type="_compCSSBox" id="fondo_414" x="1" y="520" width="721" height="143" alpha="1" visible="1" enabled="1" cssClass="defaultCSSBox3" /></components><animaciones></animaciones></pantalla></popups></engine>