﻿<?xml version="1.0" encoding="UTF-8"?><!--Arbortext, Inc., 1988-2013, v.4002--><motor tipo="101" clase="a" aprid="M101a"><plataforma><grado><![CDATA[2]]></grado><titulo>Refuerza tu aprendizaje: La suma y la resta de fracciones</titulo><area>3</area><nivel>2</nivel><referencia><![CDATA[MT_07_06]]></referencia><idreg><![CDATA[4649 ]]></idreg><motor><![CDATA[M101A]]></motor><lang>es</lang></plataforma><enunciado><![CDATA[Realiza la siguiente actividad. Cuando termines haz clic en Enviar. Si es necesario, entrega las respuestas en mano o por email a tu profesor para que pueda validarlas.]]></enunciado><masinfo inicio="0" /><calc>1</calc><preguntas cantidad="4"><pregunta><enunciado><![CDATA[Escribe una situación de la vida cotidiana donde se use la suma y la resta de fracciones. ]]></enunciado><explicacion /><nivel><![CDATA[1]]></nivel><tipo /><imagen /><ampliacion /></pregunta><pregunta><enunciado><![CDATA[Explica cómo se suman dos fracciones con diferente denominador. ]]></enunciado><explicacion /><nivel><![CDATA[2]]></nivel><tipo /><imagen /><ampliacion /></pregunta><pregunta><enunciado><![CDATA[Escribe un problema que se pueda resolver utilizando la resta 4/19 – 1/7 y resuélvelo. ]]></enunciado><explicacion /><nivel><![CDATA[2]]></nivel><tipo /><imagen /><ampliacion /></pregunta><pregunta><enunciado><![CDATA[Completa las siguientes operaciones con dos fracciones para que la igualdad sea verdadera:
a) __ – __ = 1/2      b) 1/7 + __ = __
]]></enunciado><explicacion /><nivel><![CDATA[2]]></nivel><tipo /><imagen /><ampliacion /></pregunta></preguntas></motor>