﻿<?xml version="1.0" encoding="utf-8"?><motor tipo="7" clase="a" aprid="m7a">
  <plataforma>
    <grado><![CDATA[2]]></grado>
    <titulo>Soluciona problemas de adición y sustracción entre fracciones</titulo>
    <area>0</area>
    <nivel>3</nivel>
    <referencia/>
    <idreg><![CDATA[0]]></idreg>
    <motor><![CDATA[M7A]]></motor>
    <lang>es</lang>
  </plataforma>
  <enunciado><![CDATA[Lee con atención cada situación y selecciona la respuesta correcta.]]></enunciado>
  <masinfo inicio="0"/>
  <sinaleatoriedad><![CDATA[0]]></sinaleatoriedad>
  <calc><![CDATA[1]]></calc>
  <respuestaunica><![CDATA[1]]></respuestaunica>
  <test cantidad="10">
    <cuestion>
      <enunciado><![CDATA[Fernando está pintando su casa. Observa la imagen y selecciona la cantidad de metros cuadrados que le hace falta pintar. ]]></enunciado>
      <imagen><![CDATA[MA_06_06_CO_REC60_IMG01n.png]]></imagen>
      <ampliacion><![CDATA[MA_06_06_CO_REC60_IMG01a.png]]></ampliacion>
      <respuestas>
        <respuesta ruta="MA_06_06_CO_REC60_IMG02.png" ampliacion="" correcta="1"/>
        <respuesta ruta="MA_06_06_CO_REC60_IMG03.png" ampliacion="" correcta="0"/>
        <respuesta ruta="MA_06_06_CO_REC60_IMG04.png" ampliacion="" correcta="0"/>
        <respuesta ruta="MA_06_06_CO_REC60_IMG05.png" ampliacion="" correcta="0"/>
      </respuestas>
    </cuestion>
    <cuestion>
      <enunciado><![CDATA[Luciana está leyendo su nuevo libro de ciencia ficción. Observa la imagen y selecciona la fracción que representa lo que ha leído hasta ahora. ]]></enunciado>
      <imagen><![CDATA[MA_06_06_CO_REC60_IMG06n.png]]></imagen>
      <ampliacion><![CDATA[MA_06_06_CO_REC60_IMG06a.png]]></ampliacion>
      <respuestas>
        <respuesta ruta="MA_06_06_CO_REC60_IMG07.png" ampliacion="" correcta="1"/>
        <respuesta ruta="MA_06_06_CO_REC60_IMG08.png" ampliacion="" correcta="0"/>
        <respuesta ruta="MA_06_06_CO_REC60_IMG09.png" ampliacion="" correcta="0"/>
        <respuesta ruta="MA_06_06_CO_REC60_IMG10.png" ampliacion="" correcta="0"/>
      </respuestas>
    </cuestion>
    <cuestion>
      <enunciado><![CDATA[Fernanda compró helados para sus primos. Observa la imagen y selecciona la fracción o número mixto que representa la cantidad total de helado que compró. ]]></enunciado>
      <imagen><![CDATA[MA_06_06_CO_REC60_IMG11n.png]]></imagen>
      <ampliacion><![CDATA[MA_06_06_CO_REC60_IMG11a.png]]></ampliacion>
      <respuestas>
        <respuesta ruta="MA_06_06_CO_REC60_IMG12.png" ampliacion="" correcta="1"/>
        <respuesta ruta="MA_06_06_CO_REC60_IMG13.png" ampliacion="" correcta="0"/>
        <respuesta ruta="MA_06_06_CO_REC60_IMG14.png" ampliacion="" correcta="0"/>
        <respuesta ruta="MA_06_06_CO_REC60_IMG15.png" ampliacion="" correcta="0"/>
      </respuestas>
    </cuestion>
    <cuestion>
      <enunciado><![CDATA[El pastelero utiliza harina, huevos, fruta y mantequilla para hacer sus postres. Observa la imagen y selecciona la fracción o número mixto que representa el total de gramos que utiliza en sus postres. ]]></enunciado>
      <imagen><![CDATA[MA_06_06_CO_REC60_IMG16n.png]]></imagen>
      <ampliacion><![CDATA[MA_06_06_CO_REC60_IMG16a.png]]></ampliacion>
      <respuestas>
        <respuesta ruta="MA_06_06_CO_REC60_IMG17.png" ampliacion="" correcta="1"/>
        <respuesta ruta="MA_06_06_CO_REC60_IMG18.png" ampliacion="" correcta="0"/>
        <respuesta ruta="MA_06_06_CO_REC60_IMG19.png" ampliacion="" correcta="0"/>
        <respuesta ruta="MA_06_06_CO_REC60_IMG20.png" ampliacion="" correcta="0"/>
      </respuestas>
    </cuestion>
    <cuestion>
      <enunciado><![CDATA[Ramón ha gastado una parte de su sueldo en algunos regalos para su familia. Observa la imagen y selecciona la fracción que representa la parte del sueldo que se ha gastado Ramón en los regalos.]]></enunciado>
      <imagen><![CDATA[MA_06_06_CO_REC60_IMG21n.png]]></imagen>
      <ampliacion><![CDATA[MA_06_06_CO_REC60_IMG21a.png]]></ampliacion>
      <respuestas>
        <respuesta ruta="MA_06_06_CO_REC60_IMG22.png" ampliacion="" correcta="1"/>
        <respuesta ruta="MA_06_06_CO_REC60_IMG23.png" ampliacion="" correcta="0"/>
        <respuesta ruta="MA_06_06_CO_REC60_IMG24.png" ampliacion="" correcta="0"/>
        <respuesta ruta="MA_06_06_CO_REC50_IMG25.png" ampliacion="" correcta="0"/>
      </respuestas>
    </cuestion>
    <cuestion>
      <enunciado><![CDATA[Nancy necesita alcohol para realizar un experimento. Observa la imagen y selecciona la fracción que representa la cantidad de alcohol que le hace falta. ]]></enunciado>
      <imagen><![CDATA[MA_06_06_CO_REC60_IMG26n.png]]></imagen>
      <ampliacion><![CDATA[MA_06_06_CO_REC60_IMG26a.png]]></ampliacion>
      <respuestas>
        <respuesta ruta="MA_06_06_CO_REC60_IMG27.png" ampliacion="" correcta="1"/>
        <respuesta ruta="MA_06_06_CO_REC60_IMG28.png" ampliacion="" correcta="0"/>
        <respuesta ruta="MA_06_06_CO_REC60_IMG29.png" ampliacion="" correcta="0"/>
        <respuesta ruta="MA_06_06_CO_REC60_IMG30.png" ampliacion="" correcta="0"/>
      </respuestas>
    </cuestion>
    <cuestion>
      <enunciado><![CDATA[Alejandro debe hacer ejercicio todos los días y siempre corre la misma distancia. Observa la imagen y selecciona la fracción que representa la distancia que le hace falta el día de hoy. ]]></enunciado>
      <imagen><![CDATA[MA_06_06_CO_REC60_IMG31n.png]]></imagen>
      <ampliacion><![CDATA[MA_06_06_CO_REC60_IMG31a.png]]></ampliacion>
      <respuestas>
        <respuesta ruta="MA_06_06_CO_REC60_IMG32.png" ampliacion="" correcta="1"/>
        <respuesta ruta="MA_06_06_CO_REC60_IMG33.png" ampliacion="" correcta="0"/>
        <respuesta ruta="MA_06_06_CO_REC60_IMG34.png" ampliacion="" correcta="0"/>
        <respuesta ruta="MA_06_06_CO_REC60_IMG35.png" ampliacion="" correcta="0"/>
      </respuestas>
    </cuestion>
    <cuestion>
      <enunciado><![CDATA[Marina necesita azúcar para su receta. Observa la imagen y selecciona la fracción que representa la cantidad de azúcar que necesita en total. ]]></enunciado>
      <imagen><![CDATA[MA_06_06_CO_REC60_IMG36n.png]]></imagen>
      <ampliacion><![CDATA[MA_06_06_CO_REC60_IMG36a.png]]></ampliacion>
      <respuestas>
        <respuesta ruta="MA_06_06_CO_REC60_IMG37.png" ampliacion="" correcta="1"/>
        <respuesta ruta="MA_06_06_CO_REC60_IMG38.png" ampliacion="" correcta="0"/>
        <respuesta ruta="MA_06_06_CO_REC60_IMG39.png" ampliacion="" correcta="0"/>
        <respuesta ruta="MA_06_06_CO_REC60_IMG40.png" ampliacion="" correcta="0"/>
      </respuestas>
    </cuestion>
    <cuestion>
      <enunciado><![CDATA[Gabriel coloreó una hoja con dos colores diferentes y dejó una parte sin colorear. Observa la imagen y selecciona la fracción que representa la parte de la hoja que quedó sin colorear. ]]></enunciado>
      <imagen><![CDATA[MA_06_06_CO_REC60_IMG41n.png]]></imagen>
      <ampliacion><![CDATA[MA_06_06_CO_REC60_IMG41a.png]]></ampliacion>
      <respuestas>
        <respuesta ruta="MA_06_06_CO_REC60_IMG42.png" ampliacion="" correcta="1"/>
        <respuesta ruta="MA_06_06_CO_REC60_IMG43.png" ampliacion="" correcta="0"/>
        <respuesta ruta="MA_06_06_CO_REC60_IMG44.png" ampliacion="" correcta="0"/>
        <respuesta ruta="MA_06_06_CO_REC60_IMG45.png" ampliacion="" correcta="0"/>
      </respuestas>
    </cuestion>
    <cuestion>
      <enunciado><![CDATA[Juana tiene en su pecera diferentes clases de peces. Observa la imagen y selecciona la fracción que representa los peces payaso y los peces bailarina. ]]></enunciado>
      <imagen><![CDATA[MA_06_06_CO_REC60_IMG46n.png]]></imagen>
      <ampliacion><![CDATA[MA_06_06_CO_REC60_IMG46a.png]]></ampliacion>
      <respuestas>
        <respuesta ruta="MA_06_06_CO_REC60_IMG47.png" ampliacion="" correcta="1"/>
        <respuesta ruta="MA_06_06_CO_REC60_IMG48.png" ampliacion="" correcta="0"/>
        <respuesta ruta="MA_06_06_CO_REC60_IMG49.png" ampliacion="" correcta="0"/>
        <respuesta ruta="MA_06_06_CO_REC60_IMG50.png" ampliacion="" correcta="0"/>
      </respuestas>
    </cuestion>
  </test>
</motor>