<?xml version='1.0' encoding='UTF-8'?><motor codigo="MT_3_3" aprid="MT_3_3">
  <seed>2702</seed>
  <nombre>Operaciones con fracciones</nombre>
  <curso>0</curso>
  <nivel>3</nivel>
  <crono>
    <activo>0</activo>
    <minutos>0</minutos>
  </crono>
  <qOperaciones>8</qOperaciones>
  <enunciado>Realiza la siguiente operación y escribe el resultado como fracción irreducible.</enunciado>
  <variaciones>
    <v1>1</v1>
    <v2>0</v2>
  </variaciones>
  <variaciones3>
    <v1>1</v1>
    <v2>1</v2>
    <v3>0</v3>
    <v4>0</v4>
  </variaciones3>
  <variaciones2>
    <v1>1</v1>
    <v2>0</v2>
  </variaciones2>
</motor>