﻿<?xml version="1.0" encoding="utf-8"?>
<motor tipo="101" clase="a" aprid="m101a">
  <plataforma>
    <grado>2</grado>
    <titulo>Analizando la solución a una situación problema</titulo>
    <volumen />
    <nivel><![CDATA[1]]></nivel>
    <referencia />
    <motor />
    <lang>es</lang>
  </plataforma>
  <enunciado><![CDATA[Resuelve las siguientes actividades. Cuando termines envíalas a tu profesor para que verifique los procesos.]]></enunciado>
  <masinfo inicio="0" />
  <calc><![CDATA[0]]></calc>
  <preguntas cantidad="5">
    <pregunta>
      <enunciado><![CDATA[Dados los siguientes conjuntos determina y escribe las relaciones entre ellos.]]></enunciado>
      <explicacion />
      <nivel><![CDATA[2]]></nivel>
      <tipo><![CDATA[M]]></tipo>
      <imagen />
      <ampliacion />
      <texto><![CDATA[{{cur}}A{{normal}} = { {{cur}}x{{normal}}/{{cur}}x{{normal}} es animal felino}{{cur}}B{{normal}} = {{{cur}}x{{normal}}/{{cur}}x{{normal}} es animal mamífero}{{cur}}C{{normal}} = { {{cur}}x{{normal}}/{{cur}}x{{normal}} es un ser vivo que vuela}{{cur}}D{{normal}} = { {{cur}}x{{normal}}/{{cur}}x{{normal}} es un ave}]]></texto>
    </pregunta>
    <pregunta>
      <enunciado><![CDATA[Representa gráficamente los siguientes conjuntos. En el gráfico se debe observar las relaciones entre ellos.]]></enunciado>
      <explicacion />
      <nivel><![CDATA[3]]></nivel>
      <tipo><![CDATA[S]]></tipo>
      <imagen />
      <ampliacion />
      <texto><![CDATA[{{cur}}M{{normal}} = {A, M, O, R}{{cur}}N{{normal}} = {M, O, R, A, S}{{cur}}O{{normal}} = {M, O, L, A, R, E, S}{{cur}}P{{normal}} = {F, I, N}]]></texto>
    </pregunta>
    <pregunta>
      <enunciado><![CDATA[¿Qué conjuntos podrían estar representados en la imagen?Escribe la característica de cada uno.]]></enunciado>
      <explicacion />
      <nivel><![CDATA[2]]></nivel>
      <tipo><![CDATA[S]]></tipo>
      <imagen><![CDATA[MA_06_01_CO_REC190_IMG01n.png]]></imagen>
      <ampliacion />
      <texto />
    </pregunta>
    <pregunta>
      <enunciado><![CDATA[¿Qué relación existe entre los conjuntos que se ven en la imagen?]]></enunciado>
      <explicacion />
      <nivel><![CDATA[1]]></nivel>
      <tipo><![CDATA[S]]></tipo>
      <imagen><![CDATA[MA_06_01_CO_REC190_IMG02n.png]]></imagen>
      <ampliacion />
      <texto />
    </pregunta>
    <pregunta>
      <enunciado><![CDATA[Encuentra conjuntos que cumplan la relación expresada en cada caso.]]></enunciado>
      <explicacion><![CDATA[Por ejemplo, para las condiciones: A y B son disjuntos, A ∁ D y B ∁ D.Los conjuntos pueden ser A={ los números pares}, B={los números impares} y D ={los números naturales}.]]></explicacion>
      <nivel><![CDATA[3]]></nivel>
      <tipo><![CDATA[M]]></tipo>
      <imagen />
      <ampliacion />
      <texto><![CDATA[Caso 1: {{cur}}A{{normal}} y {{cur}}B{{normal}} son intersecantes, {{cur}}B{{normal}} está contenido en {{cur}}D{{normal}}.Caso 2: {{cur}}F{{normal}} y {{cur}}E{{normal}} son disjuntos,  {{cur}}E{{normal}} está contenido en {{cur}}G{{normal}}.Caso 3: {{cur}}H{{normal}} es igual a {{cur}}K{{normal}}, {{cur}}K{{normal}} tiene elementos en común con {{cur}}L{{normal}}, {{cur}}L{{normal}} contiene a {{cur}}K{{normal}}.]]></texto>
    </pregunta>
  </preguntas>
  <temps>35</temps>
</motor>