﻿<?xml version="1.0" encoding="utf-8"?>
<engine copy="Editorial Planeta" version="1" aprid="f6">
  <main layout="3">
    <title>Las proposiciones compuestas</title>
    <footer>Explora cada opción</footer>
  </main>
  <sections>
    <section i="0" star="false" hasSubsections="false">
      <menuImage path="MA_06_01_CO_REC50_IMG01a.jpg" border="0">
        <title><![CDATA[Los conectivos lógicos]]></title>
      </menuImage>
      <pages>
        <page i="0" visible="true" color="">
          <title>Usos de los conectivos lógicos</title>
          <description><![CDATA[<p><span style="font-size:20px;"><span style="font-family:verdana,geneva,sans-serif;">Los conectivos l&oacute;gicos son palabras que se usan para &quot;unir&quot; dos proposiciones simples. &nbsp;Dadas las proposiciones</span></span></p>

<p><span style="font-size:20px;"><span style="font-family:verdana,geneva,sans-serif;"><em>p</em>: Camila es deportista &nbsp; &nbsp; &nbsp;<em>q</em>: Camila juega f&uacute;tbol</span></span></p>

<p><span style="font-size:20px;"><span style="font-family:verdana,geneva,sans-serif;">es posible construir nuevas proposiciones como:</span></span></p>

<ul>
	<li><span style="font-size:20px;"><span style="font-family:verdana,geneva,sans-serif;">Camila es deportista <strong><span style="color:#FF8C00;">y</span></strong> Camila juega </span></span><span style="font-family: verdana, geneva, sans-serif; font-size: 20px;">f&uacute;tbol</span><span style="font-size:20px;"><span style="font-family:verdana,geneva,sans-serif;">.</span></span></li>
	<li><span style="font-size:20px;"><span style="font-family:verdana,geneva,sans-serif;">Camila es deportista <strong><span style="color:#FF8C00;">o</span></strong> Camila juega </span></span><span style="font-family: verdana, geneva, sans-serif; font-size: 20px;">f&uacute;tbol</span><span style="font-size:20px;"><span style="font-family:verdana,geneva,sans-serif;">.</span></span></li>
	<li><strong><span style="color:#FF8C00;"><span style="font-family:verdana,geneva,sans-serif;">Si</span></span></strong><span style="font-size:20px;"><span style="font-family:verdana,geneva,sans-serif;"> Camila es deportista <strong><span style="color:#FF8C00;">entonces</span></strong> Camila juega </span></span><span style="font-family: verdana, geneva, sans-serif; font-size: 20px;">f&uacute;tbol</span><span style="font-size:20px;"><span style="font-family:verdana,geneva,sans-serif;">.</span></span></li>
	<li><span style="font-size:20px;"><span style="font-family:verdana,geneva,sans-serif;">Camila es deportista <strong><span style="color:#FF8C00;">si y solo si</span></strong>&nbsp;Camila juega </span></span><span style="font-family: verdana, geneva, sans-serif; font-size: 20px;">f&uacute;tbol</span><span style="font-size:20px;"><span style="font-family:verdana,geneva,sans-serif;">.</span></span></li>
</ul>

<p><span style="font-size:20px;"><span style="font-family:verdana,geneva,sans-serif;">Estas proposiciones reciben el nombre de <strong>compuestas</strong> y las expresiones y, o, entonces, si y solo s&iacute; son llamados <strong>conectivos l&oacute;gicos</strong>.</span></span></p>
]]></description>
          <images>
            <image path="MA_06_01_CO_REC50_IMG02n.jpg" border="0" pathbig="MA_06_01_CO_REC50_IMG02a.jpg">
              <title><![CDATA[]]></title>
            </image>
          </images>
        </page>
        <page i="0" visible="true" color="">
          <title>Uso de los conectivos lógicos</title>
          <description><![CDATA[<p><span style="font-size:20px;"><span style="font-family:verdana,geneva,sans-serif;">Otros ejemplos de proposiciones compuestas son:</span></span></p>

<ul>
	<li><span style="font-size:20px;"><span style="font-family:verdana,geneva,sans-serif;"><strong><span style="color:#FF8C00;">Si</span></strong> el carro es motor 1600cc,&nbsp;<strong><span style="color:#FF8C00;">entonces</span></strong> es muy veloz.</span></span></li>
	<li><span style="font-size:20px;"><span style="font-family:verdana,geneva,sans-serif;">Los seres vivos consumen agua <strong><span style="color:#FF8C00;">y</span></strong> en la atm&oacute;sfera hay ox&iacute;geno.</span></span></li>
	<li><span style="font-size:20px;"><span style="font-family:verdana,geneva,sans-serif;">El d&iacute;a est&aacute; lluvioso <strong><span style="color:#FF8C00;">o</span></strong> soleado.</span></span></li>
	<li><span style="font-size:20px;"><span style="font-family:verdana,geneva,sans-serif;">El vuelo partir&aacute; <span style="color:#FF8C00;"><strong>si&nbsp;y solo si</strong></span>&nbsp;hay buen tiempo.</span></span></li>
</ul>

<p><span style="font-size:20px;"><span style="font-family:verdana,geneva,sans-serif;">Observa que en tres de estas proposiciones el sujeto que hace la acci&oacute;n no se repite;&nbsp;as&iacute; la proposici&oacute;n <em><strong><span style="color:#FF8C00;">Si</span></strong> el carro es motor 1600cc,&nbsp;<strong><span style="color: rgb(255, 140, 0);">entonces</span></strong>&nbsp;es muy veloz</em> es equivalente a la proposici&oacute;n <span style="color:#FF8C00;"><strong><em>Si</em></strong></span> e<em>l carro es motor 1600cc,&nbsp;<strong><span style="color: rgb(255, 140, 0);">entonces </span></strong>el carro&nbsp;es muy veloz</em>.</span></span></p>
]]></description>
          <images>
            <image path="MA_06_01_CO_REC50_IMG03n.jpg" border="0" pathbig="MA_06_01_CO_REC50_IMG03a.jpg">
              <title><![CDATA[]]></title>
            </image>
          </images>
        </page>
        <page i="0" visible="true" color="">
          <title>Notación de los conectivos lógicos</title>
          <description><![CDATA[<p><span style="font-size:20px;"><span style="font-family:verdana,geneva,sans-serif;">La siguiente tabla muestra el s&iacute;mbolo que se asiga a cada conectivo l&oacute;gico:</span></span></p>

<table border="1" cellpadding="1" cellspacing="1" style="width: 500px;">
	<tbody>
		<tr>
			<td>
			<p style="text-align: center;"><span style="font-size:20px;"><span style="font-family:verdana,geneva,sans-serif;">Conectivo l&oacute;gico</span></span></p>
			</td>
			<td style="text-align: center;"><span style="font-size:20px;"><span style="font-family:verdana,geneva,sans-serif;">Notaci&oacute;n</span></span></td>
			<td style="text-align: center;"><span style="font-size:20px;"><span style="font-family:verdana,geneva,sans-serif;">Nombre</span></span></td>
		</tr>
		<tr>
			<td style="text-align: center;"><span style="font-size:20px;"><span style="font-family:verdana,geneva,sans-serif;">y</span></span></td>
			<td style="text-align: center;"><span style="font-size:20px;"><span style="font-family:verdana,geneva,sans-serif;"><span class="math-tex">\(\wedge \)</span></span></span></td>
			<td style="text-align: center;"><span style="font-size:20px;"><span style="font-family:verdana,geneva,sans-serif;">Conjunci&oacute;n</span></span></td>
		</tr>
		<tr>
			<td style="text-align: center;"><span style="font-size:20px;"><span style="font-family:verdana,geneva,sans-serif;">o</span></span></td>
			<td style="text-align: center;"><span style="font-size:20px;"><span style="font-family:verdana,geneva,sans-serif;"><span class="math-tex">\(\vee \)</span></span></span></td>
			<td style="text-align: center;"><span style="font-size:20px;"><span style="font-family:verdana,geneva,sans-serif;">Disyunci&oacute;n</span></span></td>
		</tr>
		<tr>
			<td style="text-align: center;"><span style="font-size:20px;"><span style="font-family:verdana,geneva,sans-serif;">Si...entonces</span></span></td>
			<td style="text-align: center;"><span style="font-size:20px;"><span style="font-family:verdana,geneva,sans-serif;"><span class="math-tex">\(\Rightarrow \)</span></span></span></td>
			<td style="text-align: center;"><span style="font-size:20px;"><span style="font-family:verdana,geneva,sans-serif;">Implicaci&oacute;n</span></span></td>
		</tr>
		<tr>
			<td style="text-align: center;"><span style="font-size:20px;"><span style="font-family:verdana,geneva,sans-serif;">Si y solo si</span></span></td>
			<td style="text-align: center;"><span style="font-size:20px;"><span style="font-family:verdana,geneva,sans-serif;"><span class="math-tex">\(\Leftrightarrow \)</span></span></span></td>
			<td style="text-align: center;"><span style="font-size:20px;"><span style="font-family:verdana,geneva,sans-serif;">Doble implicaci&oacute;n</span></span></td>
		</tr>
	</tbody>
</table>

<p></p>
]]></description>
          <images>
            <image path="MA_06_01_CO_REC50_IMG04n.jpg" border="0" pathbig="MA_06_01_CO_REC50_IMG04a.jpg">
              <title><![CDATA[]]></title>
            </image>
          </images>
        </page>
      </pages>
    </section>
    <section i="0" star="false" hasSubsections="false">
      <menuImage path="MA_06_01_CO_REC50_IMG05a.jpg" border="0">
        <title><![CDATA[La conjunción]]></title>
      </menuImage>
      <pages>
        <page i="0" visible="true" color="">
          <title>¿Qué es la conjunción?</title>
          <description><![CDATA[<p><span style="font-size:20px;">Observa las siguientes proposiciones:</span></p>

<p style="text-align: center;"><span style="font-size:20px;"><em>p</em>: El d&iacute;a est&aacute; frio &nbsp; &nbsp; &nbsp; &nbsp; &nbsp;&nbsp;<em>q</em>:El d&iacute;a est&aacute; lluvioso&nbsp;</span></p>

<p><span style="font-size:20px;">Es posible escribir una nueva proposici&oacute;n usando las proposiciones&nbsp;<em>p</em>&nbsp;y&nbsp;<em>q</em>:</span></p>

<p style="text-align: center;"><span style="font-size:20px;">El d&iacute;a est&aacute; frio <strong><span style="color:#FF8C00;">y</span></strong>&nbsp; lluvioso</span></p>

<p><span style="font-size:20px;">Esta nueva&nbsp;proposici&oacute;n compuesta&nbsp;recibe el nombre de&nbsp;<strong>conjunci&oacute;n</strong>,<strong>&nbsp;</strong>utiliza el conectivo l&oacute;gico &quot;y&quot;.&nbsp;</span></p>

<p><span style="font-size:20px;">Se repesenta como&nbsp;<span class="math-tex">\(p\wedge q\)</span></span></p>

<p></p>

<p></p>
]]></description>
          <images>
            <image path="MA_06_01_CO_REC50_IMG06n.jpg" border="0" pathbig="MA_06_01_CO_REC50_IMG06a.jpg">
              <title><![CDATA[]]></title>
            </image>
          </images>
        </page>
        <page i="0" visible="true" color="">
          <title>Ejemplos de conjunciones</title>
          <description><![CDATA[<p><span style="font-size:20px;">Dadas las proposiciones</span></p>

<p><span style="font-size:20px;"><em>m</em>: La Luna es azul &nbsp; &nbsp; &nbsp; &nbsp; &nbsp; &nbsp; &nbsp; <em>n</em>: El aguacate es una fruta</span></p>

<p><span style="font-size:20px;"><em>r</em>: Am&eacute;rica es un continente &nbsp;<em>t</em>: El Sol es una estrella</span></p>

<p><span style="font-size:20px;">Es posible formar conjunciones, por ejemplo:</span></p>

<ul>
	<li><span style="font-size:20px;">Am&eacute;rica es un continente y el aguacate es una fruta&nbsp;</span></li>
</ul>

<p style="text-align: center;"><span style="font-size:20px;"><span class="math-tex">\(r\wedge n\)</span></span></p>

<ul>
	<li><span style="font-size:20px;">La Luna es azul y Am&eacute;rica es un continente</span></li>
</ul>

<p style="text-align: center;"><span style="font-size:20px;"><span class="math-tex">\(m\wedge r\)</span></span></p>
]]></description>
          <images>
            <image path="MA_06_01_CO_REC50_IMG07n.jpg" border="0" pathbig="MA_06_01_CO_REC50_IMG07a.jpg">
              <title><![CDATA[]]></title>
            </image>
          </images>
        </page>
      </pages>
    </section>
    <section i="0" star="false" hasSubsections="false">
      <menuImage path="MA_06_01_CO_REC50_IMG08a.jpg" border="0">
        <title><![CDATA[La disyunción]]></title>
      </menuImage>
      <pages>
        <page i="0" visible="true" color="">
          <title>¿Qué es la disyunción?</title>
          <description><![CDATA[<p><span style="font-size:20px;">Una proposici&oacute;n compuesta en la cual se usa &quot;o&quot; como conectivo l&oacute;gico es una <strong>disyunci&oacute;n</strong>.</span></p>

<p><span style="font-size:20px;">La disyunci&oacute;n entre dos proposiciones se representa</span></p>

<p style="text-align: center;"><span style="font-size:20px;">&nbsp;<span class="math-tex">\(p\vee q\)</span></span></p>

<p><span style="font-size:20px;">As&iacute;, dadas la proposiciones:</span></p>

<p style="text-align: center;"><span style="font-size:20px;"><em>p</em>: Voy de viaje &nbsp; &nbsp; &nbsp; &nbsp; <em>q</em>: Me quedo en casa</span></p>

<p><span style="font-size:20px;">La disyunci&oacute;n entre las proposiciciones&nbsp;es la siguiente proposici&oacute;n:</span></p>

<div></div>

<div>
<p style="text-align: center;"><span style="font-size:20px;">Voy de viaje <strong><span style="color:#FF8C00;">o</span></strong> me quedo en casa</span></p>

<div></div>
</div>
]]></description>
          <images>
            <image path="MA_06_01_CO_REC50_IMG09n.jpg" border="0" pathbig="MA_06_01_CO_REC50_IMG09a.jpg">
              <title><![CDATA[]]></title>
            </image>
          </images>
        </page>
      </pages>
    </section>
    <section i="0" star="false" hasSubsections="false">
      <menuImage path="MA_06_01_CO_REC50_IMG10a.jpg" border="0">
        <title><![CDATA[La implicación]]></title>
      </menuImage>
      <pages>
        <page i="0" visible="true" color="">
          <title>¿Que es la implicación?</title>
          <description><![CDATA[<p><span style="font-size:20px;">Una proposici&oacute;n en la cual se utiliza el conectivo l&oacute;gico Si... entonces es una implicaci&oacute;n.</span></p>

<p><span style="font-size:20px;">Se repesenta por la expresi&oacute;n</span></p>

<p style="text-align: center;"><span style="font-size:20px;"><span class="math-tex">\(p \Rightarrow q\)</span></span></p>

<p><span style="font-size:20px;">En esta expresi&oacute;n la proposici&oacute;n <em>p</em> es el antecedente y la proposici&oacute;n <em>q</em> es el consecuente.</span></p>

<p><span style="font-size:20px;">La proposici&oacute;n <em>Si voy de viaje, entonces&nbsp;voy al cine</em> es una implicaci&oacute;n. As&iacute;, ir de viaje&nbsp;es <strong>condici&oacute;n necesaria</strong> para ir al cine.&nbsp;</span></p>

<p></p>
]]></description>
          <images>
            <image path="MA_06_01_CO_REC50_IMG11n.jpg" border="0" pathbig="MA_06_01_CO_REC50_IMG11a.jpg">
              <title><![CDATA[]]></title>
            </image>
          </images>
        </page>
        <page i="0" visible="true" color="">
          <title>¡Para tener en cuenta!</title>
          <description><![CDATA[<p><span style="font-size:20px;">Observa:</span></p>

<ul>
	<li><span style="font-size:20px;"><span class="math-tex">\(p \Rightarrow q\)</span>:&nbsp;Si paso la evaluaci&oacute;n, entonces&nbsp;voy a la fiesta</span></li>
	<li><span style="font-size:20px;"><span class="math-tex">\(q \Rightarrow  p\)</span>: Si voy a la fiesta, entonces paso la evaluaci&oacute;n</span></li>
</ul>

<p><span style="font-size:20px;">En la primera proposici&oacute;n <em>pasar la evaluaci&oacute;n</em>&nbsp;es condici&oacute;n para <em>ir a la fiesta</em>; mientras que en la segunda proposici&oacute;n <em>ir a la fiesta</em> es condici&oacute;n para <em>pasar la evaluaci&oacute;n</em>.</span></p>

<p><span style="font-size:20px;">En conclusi&oacute;n&nbsp;</span></p>

<p style="text-align: center;"><span style="font-size:20px;"><span class="math-tex">\(p \Rightarrow  q\neq q \Rightarrow  p\)</span></span></p>

<p style="text-align: center;"></p>
]]></description>
          <images>
            <image path="MA_06_01_CO_REC50_IMG12n.jpg" border="0" pathbig="MA_06_01_CO_REC50_IMG12a.jpg">
              <title><![CDATA[]]></title>
            </image>
          </images>
        </page>
      </pages>
    </section>
    <section i="0" star="false" hasSubsections="false">
      <menuImage path="MA_06_01_CO_REC50_IMG13a.jpg" border="0">
        <title><![CDATA[La doble implicación]]></title>
      </menuImage>
      <pages>
        <page i="0" visible="true" color="">
          <title>¿Qué es la doble implicación?</title>
          <description><![CDATA[<p><span style="font-size:20px;">Una proposici&oacute;n compuesta en la cual se utiliza el conectivo l&oacute;gico <em>Si y solo si</em> es una doble implicaci&oacute;n. Por ejemplo,</span></p>

<p><span style="font-size:20px;">Voy al trabajo <strong><span style="color:#FF8C00;">si y solo si</span></strong> mi salud mejora</span></p>

<p><span style="font-size:20px;">La doble implicaci&oacute;n se representa como:</span></p>

<p style="text-align: center;"><span class="math-tex">\(p \Leftrightarrow q\)</span></p>

<p><span style="font-size:20px;">Significa que <em>p</em> es <strong>condici&oacute;n necesaria</strong> para <em>q</em><i>&nbsp;</i>pero a la vez <em>q</em> es <strong>condici&oacute;n necesaria</strong> para <em>p</em>.</span></p>

<p></p>

<p></p>

<p></p>
]]></description>
          <images>
            <image path="MA_06_01_CO_REC50_IMG14n.jpg" border="0" pathbig="MA_06_01_CO_REC50_IMG14a.jpg">
              <title><![CDATA[]]></title>
            </image>
          </images>
        </page>
        <page i="0" visible="true" color="">
          <title>¿Qué es la doble implicación?</title>
          <description><![CDATA[<p><span style="font-size:20px;">Una doble implicaci&oacute;n se analiza como:</span></p>

<p><span style="font-size:20px;"><strong><span style="color:#FF8C00;">Si</span></strong> <em>p</em> <strong><span style="color:#FF8C00;">entonces</span></strong> <em>q</em> pero a la vez <strong><span style="color: rgb(255, 140, 0);">Si</span></strong>&nbsp;<em>q</em> <strong><span style="color: rgb(255, 140, 0);">entonces</span></strong> <em>p</em></span></p>

<p><span style="font-size:20px;">Observa el siguiente ejemplo con las proposiciones <em>m</em> y <em>n</em>:</span></p>

<p><span style="font-size:20px;"><em>m</em>: Tomo&nbsp;mi medicina &nbsp; &nbsp; &nbsp; <em>n</em>: Mi salud mejora</span></p>

<p><span style="font-size:20px;"><span class="math-tex">\(m \Leftrightarrow n\)</span>: Tomo mi medicina si y solo si mi salud mejora</span></p>

<p><span style="font-size:20px;">Es posible analizar la expresi&oacute;n como sigue:</span></p>

<ul>
	<li><span style="font-size:20px;">Si tomo mi medicina, entonces mi salud mejora</span></li>
	<li><span style="font-size:20px;">Si mi salud mejora, entonces tomo mi medicina</span></li>
</ul>
]]></description>
          <images>
            <image path="MA_06_01_CO_REC50_IMG15n.jpg" border="0" pathbig="MA_06_01_CO_REC50_IMG15a.jpg">
              <title><![CDATA[]]></title>
            </image>
          </images>
        </page>
        <page i="0" visible="true" color="">
          <title>Un ejemplo mas</title>
          <description><![CDATA[<p><span style="font-size:20px;">Dadas las proposiciones&nbsp;</span></p>

<p><span style="font-size:20px;"><em>t</em>: Luc&iacute;a es inteligente &nbsp; &nbsp; &nbsp; &nbsp; &nbsp;<em>s</em>: A los ni&ntilde;os les gustan las artes</span></p>

<p><span style="font-size:20px;"><em>u</em>: Camila es bailarina &nbsp; &nbsp; &nbsp; &nbsp; &nbsp;<em>r</em>: La matem&aacute;tica es divertida</span></p>

<p><span style="font-size:20px;">Analiza, oralmente las siguientes proposiciones:</span></p>

<ul>
	<li><span style="font-size:20px;"><span class="math-tex">\(s\wedge u\)</span>&nbsp; &nbsp; &nbsp; &nbsp;<span class="math-tex">\(t\wedge r\)</span>&nbsp;&nbsp; &nbsp;&nbsp;<span class="math-tex">\(u\vee r\)</span>&nbsp; &nbsp; &nbsp;&nbsp;<span class="math-tex">\(s\vee t\)</span></span></li>
	<li><span style="font-size:20px;"><span class="math-tex">\(u\Rightarrow s\)</span>&nbsp; &nbsp; &nbsp;<span class="math-tex">\(r\Rightarrow t\)</span>&nbsp; &nbsp;&nbsp;<span class="math-tex">\(u\Leftrightarrow t\)</span>&nbsp;&nbsp; &nbsp;&nbsp;<span class="math-tex">\(s\Leftrightarrow r\)</span></span></li>
</ul>
]]></description>
        </page>
      </pages>
    </section>
  </sections>
</engine>