﻿<?xml version="1.0" encoding="utf-8"?><motor tipo="5" clase="a" aprid="m5a">
  <plataforma>
    <grado><![CDATA[2]]></grado>
    <titulo>Practica el producto de dos binomios con un término común</titulo>
    <area>0</area>
    <nivel>2</nivel>
    <referencia/>
    <idreg><![CDATA[0]]></idreg>
    <motor><![CDATA[M5A]]></motor>
    <lang>es</lang>
  </plataforma>
  <enunciado><![CDATA[Relaciona las expresiones matemáticas que representan el área del rectángulo.]]></enunciado>
  <masinfo inicio="0"><![CDATA[Cuando se efectúa un producto de la forma ({{cur}}x{{normal}} + {{cur}}a{{normal}}) ⋅ ({{cur}}x{{normal}} + {{cur}}b{{normal}}), en el trinomio cuadrado resultante:1.	El coeficiente de {{cur}}x{{normal}}² {{normal}}es el producto de los coeficientes de {{cur}}x{{normal}}.2.	El coeficiente del término que es cuadrado perfecto se obtiene adicionando los términos independientes de los dos binomios.3.	El término independiente se obtiene multiplicando los términos independientes de los binomios.]]></masinfo>
  <sinaleatoriedad><![CDATA[0]]></sinaleatoriedad>
  <calc><![CDATA[1]]></calc>
  <respuestaunica><![CDATA[0]]></respuestaunica>
  <test cantidad="8">
    <cuestion>
      <enunciado><![CDATA[Ten en cuenta que puede haber más de una expresión correcta.]]></enunciado>
      <explicacion/>
      <imagen><![CDATA[MA_08_03_CO_REC130_IMG01n.png]]></imagen>
      <ampliacion><![CDATA[MA_08_03_CO_REC130_IMG01a.png]]></ampliacion>
      <respuestas>
        <respuesta contestacion="({{cur}}x{{normal}} + 2) ({{cur}}x{{normal}} + 3)" correcta="1"/>
        <respuesta contestacion="{{cur}}x{{normal}}{{sup}}2{{normal}} + 5{{cur}}x{{normal}} + 6" correcta="1"/>
        <respuesta contestacion="({{cur}}x{{normal}} – 2) ({{cur}}x{{normal}} – 3)" correcta="0"/>
        <respuesta contestacion="{{cur}}x{{normal}}{{sup}}2{{normal}} + {{cur}}x{{normal}} + 6" correcta="0"/>
      </respuestas>
    </cuestion>
    <cuestion>
      <enunciado><![CDATA[Ten en cuenta que puede haber más de una expresión correcta.]]></enunciado>
      <explicacion/>
      <imagen><![CDATA[MA_08_03_CO_REC130_IMG02n.png]]></imagen>
      <ampliacion><![CDATA[MA_08_03_CO_REC130_IMG02a.png]]></ampliacion>
      <respuestas>
        <respuesta contestacion="({{cur}}x{{normal}} – 6) ({{cur}}x{{normal}} + 4)" correcta="1"/>
        <respuesta contestacion="{{cur}}x{{normal}}{{sup}}2{{normal}} – 2{{cur}}x{{normal}} – 24" correcta="1"/>
        <respuesta contestacion="({{cur}}x{{normal}} + 6) ({{cur}}x{{normal}} + 4)" correcta="0"/>
        <respuesta contestacion="{{cur}}x{{normal}}{{sup}}2{{normal}} + 2{{cur}}x{{normal}} – 24" correcta="0"/>
      </respuestas>
    </cuestion>
    <cuestion>
      <enunciado><![CDATA[Ten en cuenta que puede haber más de una expresión correcta.]]></enunciado>
      <explicacion/>
      <imagen><![CDATA[MA_08_03_CO_REC130_IMG03n.png]]></imagen>
      <ampliacion><![CDATA[MA_08_03_CO_REC130_IMG03a.png]]></ampliacion>
      <respuestas>
        <respuesta contestacion="({{cur}}x{{normal}} – 1) ({{cur}}x{{normal}} – 6)" correcta="1"/>
        <respuesta contestacion="{{cur}}x{{normal}}{{sup}}2{{normal}} – 7{{cur}}x{{normal}} + 6" correcta="1"/>
        <respuesta contestacion="({{cur}}x{{normal}} + 1) ({{cur}}x{{normal}} + 6)" correcta="0"/>
        <respuesta contestacion="{{cur}}x{{normal}}{{sup}}2{{normal}} + 7{{cur}}x{{normal}} + 6" correcta="0"/>
      </respuestas>
    </cuestion>
    <cuestion>
      <enunciado><![CDATA[Ten en cuenta que puede haber más de una expresión correcta.]]></enunciado>
      <explicacion/>
      <imagen><![CDATA[MA_08_03_CO_REC130_IMG04n.png]]></imagen>
      <ampliacion><![CDATA[MA_08_03_CO_REC130_IMG04a.png]]></ampliacion>
      <respuestas>
        <respuesta contestacion="({{cur}}x{{normal}} + 2) ({{cur}}x{{normal}} + 3)" correcta="1"/>
        <respuesta contestacion="{{cur}}x{{normal}}{{sup}}2{{normal}} + 5{{cur}}x{{normal}} + 6" correcta="1"/>
        <respuesta contestacion="({{cur}}x{{normal}} – 2) ({{cur}}x{{normal}} – 3)" correcta="0"/>
        <respuesta contestacion="{{cur}}x{{normal}}{{sup}}2{{normal}} – 5{{cur}}x{{normal}} + 6" correcta="0"/>
      </respuestas>
    </cuestion>
    <cuestion>
      <enunciado><![CDATA[Ten en cuenta que puede haber más de una expresión correcta.]]></enunciado>
      <explicacion/>
      <imagen><![CDATA[MA_08_03_CO_REC130_IMG05n.png]]></imagen>
      <ampliacion><![CDATA[MA_08_03_CO_REC130_IMG05a.png]]></ampliacion>
      <respuestas>
        <respuesta contestacion="({{cur}}p{{normal}} + 8) ({{cur}}p{{normal}} – 5)" correcta="1"/>
        <respuesta contestacion="{{cur}}p{{normal}}{{sup}}2{{normal}} + 3{{cur}}p{{normal}} – 40" correcta="1"/>
        <respuesta contestacion="({{cur}}p{{normal}} – 8) ({{cur}}p{{normal}} + 5)" correcta="0"/>
        <respuesta contestacion="{{cur}}p{{normal}}{{sup}}2{{normal}} – 40{{cur}}p{{normal}} – 3" correcta="0"/>
      </respuestas>
    </cuestion>
    <cuestion>
      <enunciado><![CDATA[Ten en cuenta que puede haber más de una expresión correcta.]]></enunciado>
      <explicacion/>
      <imagen><![CDATA[MA_08_03_CO_REC130_IMG06n.png]]></imagen>
      <ampliacion><![CDATA[MA_08_03_CO_REC130_IMG06a.png]]></ampliacion>
      <respuestas>
        <respuesta contestacion="({{cur}}j{{normal}} – 10) ({{cur}}j{{normal}} – 6)" correcta="1"/>
        <respuesta contestacion="{{cur}}j{{normal}}{{sup}}2{{normal}} – 16{{cur}}j{{normal}} + 60" correcta="1"/>
        <respuesta contestacion="({{cur}}j{{normal}} + 10) ({{cur}}j{{normal}} + 6)" correcta="0"/>
        <respuesta contestacion="{{cur}}j{{normal}}{{sup}}2{{normal}} + 16{{cur}}j{{normal}} + 60" correcta="0"/>
      </respuestas>
    </cuestion>
    <cuestion>
      <enunciado><![CDATA[Ten en cuenta que puede haber más de una expresión correcta.]]></enunciado>
      <explicacion/>
      <imagen><![CDATA[MA_08_03_CO_REC130_IMG07n.png]]></imagen>
      <ampliacion><![CDATA[MA_08_03_CO_REC130_IMG07a.png]]></ampliacion>
      <respuestas>
        <respuesta contestacion="({{cur}}m{{normal}} – 2) ({{cur}}m{{normal}} + 9)" correcta="1"/>
        <respuesta contestacion="{{cur}}m{{normal}}{{sup}}2{{normal}} + 7{{cur}}m{{normal}} – 18" correcta="1"/>
        <respuesta contestacion="({{cur}}m{{normal}} + 2) ({{cur}}m{{normal}} – 9)" correcta="0"/>
        <respuesta contestacion="{{cur}}m{{normal}} + 7{{cur}}m{{normal}} – 18" correcta="0"/>
      </respuestas>
    </cuestion>
    <cuestion>
      <enunciado><![CDATA[Ten en cuenta que puede haber más de una expresión correcta.]]></enunciado>
      <explicacion/>
      <imagen><![CDATA[MA_08_03_CO_REC130_IMG08n.png]]></imagen>
      <ampliacion><![CDATA[MA_08_03_CO_REC130_IMG08a.png]]></ampliacion>
      <respuestas>
        <respuesta contestacion="({{cur}}a{{normal}} – 15) ({{cur}}a{{normal}} + 3)" correcta="1"/>
        <respuesta contestacion="{{cur}}a{{normal}}{{sup}}2{{normal}} – 12{{cur}}a{{normal}} – 45" correcta="1"/>
        <respuesta contestacion="({{cur}}a{{normal}} + 15) ({{cur}}a{{normal}} + 3)" correcta="0"/>
        <respuesta contestacion="{{cur}}a{{normal}}{{sup}}2{{normal}} – 45{{cur}}a{{normal}} – 12" correcta="0"/>
      </respuestas>
    </cuestion>
  </test>
</motor>