<?xml version="1.0" encoding="iso-8859-1"?>
<metadata xmlns="urn:InfoRecurso">
  <identificador>RES-6052631D005B4FA9B1B007690F9C2A95</identificador>
  <loid>MA_08_03_CO_Recurso150</loid>
  <titulo>Practica el desarrollo del cubo de un binomio</titulo>
  <descripcion>Actividad que permite ejercitar el desarrollo del cubo de un binomio</descripcion>
  <relacionado>0</relacionado>
  <tiporecurso>Recurso sin ficha</tiporecurso>
  <tiempoestimado>0</tiempoestimado>
  <acciondidactica>Ejercitaci�n</acciondidactica>
  <competencia>Competencia matem�tica</competencia>
  <tipomedia pesado="false" matricula="">Actividad</tipomedia>
  <conceptos>
    <concepto>cubo</concepto>
    <concepto>binomio</concepto>
    <concepto>producto</concepto>
    <concepto>notable</concepto>
  </conceptos>
</metadata>