﻿<?xml version="1.0" encoding="utf-8"?>
<engine copy="Editorial Planeta" version="1" aprid="f6b">
  <main layout="7">
    <title>Representación gráfica de la unión y la intersección</title>
  </main>
  <sections>
    <section i="0" star="false">
      <menuImage>
        <title><![CDATA[<span style="font-family:verdana,geneva,sans-serif;"><span style="font-size:20px;">Casos de la uni&oacute;n entre conjuntos</span></span>]]></title>
      </menuImage>
      <pages>
        <page i="0">
          <title>Representaciones de la unión</title>
          <description><![CDATA[<p><span style="font-family:verdana,geneva,sans-serif;"><span style="font-size:20px;">Recuerda que la uni&oacute;n entre dos o m&aacute;s conjuntos es un nuevo conjunto formado por los elementos que pertenecen a cada conjunto, incluso los que tiene en com&uacute;n.</span></span></p>

<p><span style="font-family:verdana,geneva,sans-serif;"><span style="font-size:20px;">Es importante tener en cuenta que, dependiendo de este aspecto, la representaci&oacute;n de la&nbsp;uni&oacute;n entre conjuntos se puede ver de diferentes maneras. A continuaci&oacute;n se puede observar la forma en la que se representa la uni&oacute;n para los siguiente casos:</span></span></p>

<ul>
	<li><span style="font-family:verdana,geneva,sans-serif;"><span style="font-size:20px;">Si los conjuntos son disjuntos</span></span></li>
	<li><span style="font-family:verdana,geneva,sans-serif;"><span style="font-size:20px;">Si los conjuntos son intersecantes</span></span></li>
	<li><span style="font-family:verdana,geneva,sans-serif;"><span style="font-size:20px;">Si un conjunto est&aacute; contenido dentro de otro</span></span></li>
</ul>

<p></p>

<p></p>
]]></description>
          <images>
            <image path="MA_06_01_CO_REC200_IMG01n.jpg" border="false" pathbig="MA_06_01_CO_REC200_IMG01a.jpg" zoomEnabled="true">
              <title><![CDATA[]]></title>
            </image>
          </images>
          <questions>
          </questions>
        </page>
        <page i="0">
          <title>Unión entre conjuntos disjuntos</title>
          <description><![CDATA[<p><span style="font-family:verdana,geneva,sans-serif;"><span style="font-size:20px;">Recuerda que los conjuntos disjuntos no tienen elementos en com&uacute;n, p</span></span><span style="font-family:verdana,geneva,sans-serif;"><span style="font-size:20px;">or ejemplo:</span></span></p>

<p><span style="font-family:verdana,geneva,sans-serif;"><span style="font-size:20px;">&nbsp;<em>A&nbsp;</em>= {<em>x</em>/<em>x</em> es una vocal} &nbsp;<em>B&nbsp;</em>= {<em>x</em>/<em>x</em> en una consonante}</span></span></p>

<p><span style="font-family:verdana,geneva,sans-serif;"><span style="font-size:20px;">La uni&oacute;n ser&aacute; el conjunto formado por las vocales y las consonantes.&nbsp;</span></span></p>

<p><span style="font-family:verdana,geneva,sans-serif;"><span style="font-size:20px;">En la primera&nbsp;imagen se puede observar la representaci&oacute;n de la uni&oacute;n de los conjuntos <em>A</em> y <em>B</em>&nbsp;en un diagrama&nbsp;de Venn.&nbsp;</span></span></p>

<p><span style="font-family:verdana,geneva,sans-serif;"><span style="font-size:20px;">En la segunda imagen se puede observar la representaci&oacute;n de la uni&oacute;n de tres conjuntos.</span></span></p>
]]></description>
          <images>
            <image path="MA_06_01_CO_REC200_IMG02n.jpg" border="false" pathbig="MA_06_01_CO_REC200_IMG02a.jpg" zoomEnabled="true">
              <title><![CDATA[]]></title>
            </image>
            <image path="MA_06_01_CO_REC200_IMG03n.jpg" border="false" pathbig="MA_06_01_CO_REC200_IMG03a.jpg" zoomEnabled="true">
              <title><![CDATA[Representación de la unión entre tres conjuntos]]></title>
            </image>
          </images>
          <questions>
          </questions>
        </page>
        <page i="0">
          <title>Unión entre conjuntos intersecantes</title>
          <description><![CDATA[<p><span style="font-family:verdana,geneva,sans-serif;"><span style="font-size:20px;">Al observar los conjuntos <em>M</em> y <em>N</em> se encuentran elementos comunes (son intersecantes):</span></span></p>

<p style="text-align: center;"><span style="font-family:verdana,geneva,sans-serif;"><span style="font-size:20px;">&nbsp;<em>M</em> = {r, o, m, a} &nbsp;<em>N&nbsp;</em>= {b ,o, l, a}</span></span></p>

<p><span style="font-family:verdana,geneva,sans-serif;"><span style="font-size:20px;">En la primera imagen se puede&nbsp;observar la representaci&oacute;n de la uni&oacute;n entre <em>M</em> y <em>N</em> en un diagrama&nbsp;de Venn.</span></span></p>

<p></p>

<p><span style="font-family:verdana,geneva,sans-serif;"><span style="font-size:20px;">En la segunda imagen se puede observar la representaci&oacute;n de la uni&oacute;n de tres conjuntos intersecantes.</span></span></p>

<p></p>
]]></description>
          <images>
            <image path="MA_06_01_CO_REC200_IMG04n.jpg" border="false" pathbig="MA_06_01_CO_REC200_IMG04a.jpg" zoomEnabled="true">
              <title><![CDATA[]]></title>
            </image>
            <image path="MA_06_01_CO_REC200_IMG05n.jpg" border="false" pathbig="MA_06_01_CO_REC200_IMG05a.jpg" zoomEnabled="true">
              <title><![CDATA[]]></title>
            </image>
          </images>
          <questions>
          </questions>
        </page>
        <page i="0">
          <title>Unión cuando hay contenencia</title>
          <description><![CDATA[<p><span style="font-size:20px;"><span style="font-family:verdana,geneva,sans-serif;">Cuando todos los elementos de un conjunto pertenecen a otro, decimos que hay una relaci&oacute;n de contenencia.</span></span></p>

<p><span style="font-size:20px;"><span style="font-family:verdana,geneva,sans-serif;">Por ejemplo, en&nbsp;los conjuntos: </span></span></p>

<p><span style="font-size:20px;"><span style="font-family:verdana,geneva,sans-serif;"><em>P</em>={2, 4, 6, 8} y R={<em>x/x</em> es un n&uacute;mero d&iacute;gito}. </span></span></p>

<p><span style="font-size:20px;"><span style="font-family:verdana,geneva,sans-serif;">Podemos decir que <span class="math-tex">\(P\subset R\)</span><em>, </em>y la representaci&oacute;n de su uni&oacute;n en diagramas de Venn se puede ver en la primera imagen.</span></span></p>

<p><span style="font-size:20px;"><span style="font-family:verdana,geneva,sans-serif;">En la segunda imagen se puede ver&nbsp;la uni&oacute;n de dos conjuntos cuando uno est&aacute; contenido en otro; observa que el conjunto uni&oacute;n es igual al conjunto que contiene al otro.</span></span></p>

<p></p>
]]></description>
          <images>
            <image path="MA_06_01_CO_REC200_IMG06n.jpg" border="false" pathbig="MA_06_01_CO_REC200_IMG06a.jpg" zoomEnabled="true">
              <title><![CDATA[]]></title>
            </image>
            <image path="MA_06_01_CO_REC200_IMG07n.jpg" border="false" pathbig="MA_06_01_CO_REC200_IMG07a.jpg" zoomEnabled="true">
              <title><![CDATA[Representación de la unión de conjuntos cuando hay relación de contenencia.]]></title>
            </image>
          </images>
          <questions>
          </questions>
        </page>
        <page i="0">
          <title>Practica lo aprendido</title>
          <description><![CDATA[<p><span style="font-size:20px;"><span style="font-family:verdana,geneva,sans-serif;">Recuerda las posibles relaciones entre dos conjuntos <em>A </em>y <em>B</em></span></span></p>

<ul>
	<li><span style="font-size:20px;"><span style="font-family:verdana,geneva,sans-serif;">Si <em>A</em> y <em>B</em> tienen elementos en com&uacute;n son intersecantes.</span></span></li>
	<li><span style="font-size:20px;"><span style="font-family:verdana,geneva,sans-serif;">Si <em>A</em> y <em>B</em> no tienen elementos en com&uacute;n son disjuntos.</span></span></li>
	<li><span style="font-size:20px;"><span style="font-family:verdana,geneva,sans-serif;">Si todos los elementos de <em>A</em> est&aacute;n en <em>B, A</em> est&aacute; contenido en&nbsp;<em>B</em></span></span></li>
</ul>

<p><span style="font-size:20px;"><span style="font-family:verdana,geneva,sans-serif;">La uni&oacute;n de conjuntos representa, sin importar su relaci&oacute;n, un nuevo conjunto donde est&aacute;n todos los elementos de ambos conjuntos sin repetir los elementos comunes (si los hay).</span></span></p>
]]></description>
          <questions>
            <question visible="true">
              <text><![CDATA[La uni&oacute;n entre&nbsp;<em>A</em>={1, 3, 5, 7, 9} y&nbsp;<em>B</em>={2, 3, 4, 5} es:&nbsp;]]></text>
              <answers>
                <answer correct="false"><![CDATA[AUB ={1, 2, 3, 4, 5, 6, 7, 8, 9}]]></answer>
                <answer correct="true"><![CDATA[AUB ={1, 2, 3, 4, 5, 7, 9}]]></answer>
                <answer correct="false"><![CDATA[AUB ={3, 5}]]></answer>
                <answer correct="false"><![CDATA[AUB ={1, 2, 3, 4, 5, 6, 7, 9}]]></answer>
              </answers>
            </question>
            <question visible="true">
              <text><![CDATA[<p>Si&nbsp;<em>M</em>={<em>x</em>/<em>x</em> es n&uacute;mero&nbsp;par};<em>&nbsp;N</em>={<em>x</em>/<em>x </em>es m&uacute;ltiplo&nbsp;de 4},&nbsp;<em>M</em>&nbsp;U&nbsp;<em>N</em>&nbsp;=&nbsp;</p>
]]></text>
              <answers>
                <answer correct="true"><![CDATA[{x/x es un número par}]]></answer>
                <answer correct="false"><![CDATA[{x/x es un múltiplo de 4}]]></answer>
                <answer correct="false"><![CDATA[Conjunto Vacio]]></answer>
                <answer correct="false"><![CDATA[{x/x es un número natural}]]></answer>
              </answers>
            </question>
          </questions>
        </page>
      </pages>
    </section>
    <section i="1" star="false">
      <menuImage>
        <title><![CDATA[<span style="font-size:20px;"><span style="font-family:verdana,geneva,sans-serif;">Casos de la intersecci&oacute;n entre conjuntos</span></span>]]></title>
      </menuImage>
      <pages>
        <page i="0">
          <title>Intersección</title>
          <description><![CDATA[<p></p>

<p><font face="verdana, geneva, sans-serif"><span style="font-size: 20px;">Recuerda que l</span></font><span style="font-size:20px;"><span style="font-family:verdana,geneva,sans-serif;">a intersecci&oacute;n entre dos conjuntos es un nuevo conjunto formado por los elementos comunes a ambos. Es decir, aquellos elementos que pertenecen a ambos conjuntos.</span></span></p>

<p><span style="font-family: verdana, geneva, sans-serif;"><span style="font-size: 20px;">Al representar en diagramas de Venn la intersecci&oacute;n entre conjuntos, es importante identificar la relaci&oacute;n que existe entre ellos, a continuaci&oacute;n se muestra la representaci&oacute;n gr&aacute;fica de la intersecci&oacute;n para los siguientes casos:</span></span></p>

<ul>
	<li><span style="font-family: verdana, geneva, sans-serif;"><span style="font-size: 20px;">Si los conjuntos son disjuntos</span></span></li>
	<li><span style="font-family: verdana, geneva, sans-serif;"><span style="font-size: 20px;">Si los conjuntos son intersecantes</span></span></li>
	<li><span style="font-family: verdana, geneva, sans-serif;"><span style="font-size: 20px;">Si un conjunto est&aacute; contenido dentro de otro</span></span></li>
</ul>

<p></p>

<p></p>
]]></description>
          <images>
            <image path="MA_06_01_CO_REC200_IMG08n.jpg" border="false" pathbig="MA_06_01_CO_REC200_IMG08a.jpg" zoomEnabled="true">
              <title><![CDATA[]]></title>
            </image>
          </images>
          <questions>
          </questions>
        </page>
        <page i="0">
          <title>Intersección entre conjuntos intersecantes</title>
          <description><![CDATA[<p><span style="font-size:20px;"><span style="font-family:verdana,geneva,sans-serif;">Cuando dos conjuntos son intersecantes, por definici&oacute;n tienen elementos en com&uacute;n. Estos elementos son los que conforman la intersecci&oacute;n entre ambos.</span></span></p>

<p><span style="font-size:20px;"><span style="font-family:verdana,geneva,sans-serif;">Por ejemplo, para los conjuntos <em>A&nbsp;</em>= {4, 8, 12, 16} y </span></span></p>

<p><span style="font-size:20px;"><span style="font-family:verdana,geneva,sans-serif;"><em>B&nbsp;</em>= {8, 16, 32, 40}</span></span></p>

<p style="text-align: center;"><span style="font-size:20px;"><span style="font-family:verdana,geneva,sans-serif;"><em><span class="math-tex">\(A\cap B\)</span>&nbsp;</em>= {8, 16}</span></span></p>

<p><span style="font-size:20px;"><span style="font-family:verdana,geneva,sans-serif;">En un diagrama de Venn, la intersecci&oacute;n est&aacute;&nbsp;representada como el sector donde los conjuntos de sobreponen.</span></span></p>

<p><span style="font-size:20px;"><span style="font-family:verdana,geneva,sans-serif;">En la primera imagen se muestra representada la intersecci&oacute;n entre <em>A</em> y <em>B</em>; en la segunda imagen se muestra representada la intersecci&oacute;n entre tres conjuntos.</span></span></p>
]]></description>
          <images>
            <image path="MA_06_01_CO_REC200_IMG09n.jpg" border="false" pathbig="MA_06_01_CO_REC200_IMG09a.jpg" zoomEnabled="true">
              <title><![CDATA[]]></title>
            </image>
            <image path="MA_06_01_CO_REC200_IMG10n.jpg" border="false" pathbig="MA_06_01_CO_REC200_IMG10a.jpg" zoomEnabled="true">
              <title><![CDATA[Intersección entre tres conjuntos.]]></title>
            </image>
          </images>
          <questions>
          </questions>
        </page>
        <page i="0">
          <title>Intersección entre conjuntos disjuntos</title>
          <description><![CDATA[<p><span style="font-size:20px;"><span style="font-family:verdana,geneva,sans-serif;">Cuando dos conjuntos son disjuntos, no tienen elementos en com&uacute;n.</span></span></p>

<p><span style="font-size:20px;"><span style="font-family:verdana,geneva,sans-serif;">Por tanto la intersecci&oacute;n entre ambos no tiene elementos y se dice que &quot;es vacia&quot;.</span></span></p>

<p><span style="font-size:20px;"><span style="font-family:verdana,geneva,sans-serif;">Por ejemplo si </span></span></p>

<p style="text-align: center;"><span style="font-size:20px;"><span style="font-family:verdana,geneva,sans-serif;"><em>M</em>={x/x es un n&uacute;mero&nbsp;par} y </span></span></p>

<p style="text-align: center;"><span style="font-size:20px;"><span style="font-family:verdana,geneva,sans-serif;"><em>N</em>={x/x es un n&uacute;mero&nbsp;impar}</span></span></p>

<p><span style="font-size:20px;"><span style="font-family:verdana,geneva,sans-serif;">No existe ning&uacute;n elemento que pueda estar en ambos conjuntos. por tanto</span></span></p>

<p style="text-align: center;"><span class="math-tex">\(M\cap N=\varnothing \)</span></p>

<p><span style="font-size:20px;"><span style="font-family:verdana,geneva,sans-serif;">En el diagrama se observa que no es posible sombrear la intersecci&oacute;n de ambos conjuntos.</span></span></p>

<p></p>
]]></description>
          <images>
            <image path="MA_06_01_CO_REC200_IMG11n.jpg" border="false" pathbig="MA_06_01_CO_REC200_IMG11a.jpg" zoomEnabled="true">
              <title><![CDATA[]]></title>
            </image>
          </images>
          <questions>
          </questions>
        </page>
        <page i="0">
          <title>Intersección cuando hay contenencia</title>
          <description><![CDATA[<p><span style="font-size: 20px;"><span style="font-family: verdana, geneva, sans-serif;">Recuerda que cuando todos los elementos de un conjunto pertenecen a otro, decimos que hay una relaci&oacute;n de contenencia.</span></span></p>

<p><span style="font-size: 20px;"><span style="font-family: verdana, geneva, sans-serif;">Por ejemplo, en&nbsp;los conjuntos:</span></span></p>

<p><span style="font-size: 20px;"><span style="font-family: verdana, geneva, sans-serif;"><i>M</i>={e, s, t, u, d, i, a, r} y <em>N</em>={s, e, r, i, a}</span></span></p>

<p><span style="font-size: 20px;"><span style="font-family: verdana, geneva, sans-serif;">Se puede decir que <span class="math-tex">\(N\subset M\)</span><em>,&nbsp;</em>y la representaci&oacute;n de su uni&oacute;n en diagramas de Venn se puede ver en la primera imagen.</span></span></p>

<p><span style="font-size: 20px;"><span style="font-family: verdana, geneva, sans-serif;">En la segunda imagen se puede ver&nbsp;la intersecci&oacute;n de dos conjuntos cuando uno est&aacute; contenido en otro; observa que la intersecci&oacute;n es igual al conjunto que est&aacute; contenido.</span></span></p>
]]></description>
          <images>
            <image path="MA_06_01_CO_REC200_IMG13n.jpg" border="false" pathbig="MA_06_01_CO_REC200_IMG13a.jpg" zoomEnabled="true">
              <title><![CDATA[]]></title>
            </image>
            <image path="MA_06_01_CO_REC200_IMG12n.jpg" border="false" pathbig="MA_06_01_CO_REC200_IMG12a.jpg" zoomEnabled="true">
              <title><![CDATA[]]></title>
            </image>
          </images>
          <questions>
          </questions>
        </page>
        <page i="0">
          <title>Lo más importante</title>
          <description><![CDATA[<p><span style="font-size: 20px;"><span style="font-family: verdana, geneva, sans-serif;">Recuerda dados dos conjuntos&nbsp;<em>A&nbsp;</em>y&nbsp;<em>B, </em>estos pueden ser:</span></span></p>

<ul>
	<li><span style="font-family: verdana, geneva, sans-serif; font-size: 20px;">Intersecantes s</span><span style="font-size: 20px;"><span style="font-family: verdana, geneva, sans-serif;">i&nbsp;<em>A</em>&nbsp;y&nbsp;<em>B</em>&nbsp;tienen elementos en com&uacute;n son&nbsp;</span></span></li>
	<li><span style="font-family: verdana, geneva, sans-serif; font-size: 20px;">Disjuntos s</span><span style="font-size: 20px;"><span style="font-family: verdana, geneva, sans-serif;">i&nbsp;<em>A</em>&nbsp;y&nbsp;<em>B</em>&nbsp;no tienen elementos en com&uacute;n son .</span></span></li>
	<li><span style="font-size: 20px;"><span style="font-family: verdana, geneva, sans-serif;">Si todos los elementos de&nbsp;<em>A</em>&nbsp;est&aacute;n en&nbsp;<em>B, A</em>&nbsp;est&aacute; contenido en&nbsp;<em>B</em></span></span></li>
</ul>

<p><span style="font-size: 20px;"><span style="font-family: verdana, geneva, sans-serif;">La intersecci&oacute;n&nbsp;de conjuntos representa un nuevo conjunto donde est&aacute;n todos los elementos comunes a ambos conjuntos, es decir los elementos que pertenecen tanto a <em>A</em> como a <em>B</em></span></span></p>
]]></description>
          <questions>
            <question visible="true">
              <text><![CDATA[<p>Dados&nbsp;<em>A</em>={<em>x</em>/<em>x</em> es un animal&nbsp;mam&iacute;fero} y&nbsp;<em>B</em>={<em>x</em>/<em>x</em> es un animal&nbsp;volador}.</p>

<p>La intersecci&oacute;n entre estos conjuntos es:</p>

<p></p>
]]></text>
              <answers>
                <answer correct="false"><![CDATA[A∩B = {x/x es un ave}]]></answer>
                <answer correct="false"><![CDATA[A∩B = {x/x es un murcielago}]]></answer>
                <answer correct="false"><![CDATA[A∩B = {x/x es un mamifero}]]></answer>
                <answer correct="false"><![CDATA[A∩B = ∅]]></answer>
              </answers>
            </question>
            <question visible="true">
              <text><![CDATA[La intersecci&oacute;n entre los conjuntos&nbsp;<em>M</em>={<em>x</em>/<em>x </em>es n&uacute;mero impar entre 25 y 35} y&nbsp;<em>N</em>&nbsp;={<em>x</em>/<em>x </em>es n&uacute;mero primo} es:]]></text>
              <answers>
                <answer correct="false"><![CDATA[M∩N = {29, 31}]]></answer>
                <answer correct="false"><![CDATA[M∩N = {27, 29, 31, 33}]]></answer>
                <answer correct="false"><![CDATA[M∩N = {25, 35}]]></answer>
                <answer correct="false"><![CDATA[M∩N = ∅]]></answer>
              </answers>
            </question>
          </questions>
        </page>
      </pages>
    </section>
  </sections>
</engine>