﻿<?xml version="1.0" encoding="utf-8"?>
<motor tipo="4" clase="a" aprid="M4a">
  <plataforma>
    <grado><![CDATA[2]]></grado>
    <titulo>Calcula el perímetro y el área de polígonos semejantes</titulo>
    <volumen><![CDATA[3]]></volumen>
    <nivel><![CDATA[3]]></nivel>
    <referencia><![CDATA[mt_08_09_05]]></referencia>
    <id_reg><![CDATA[264]]></id_reg>
    <motor><![CDATA[M4a]]></motor>
    <lang>es</lang>
  </plataforma>
  <enunciado><![CDATA[Resuelve los siguientes problemas de cálculo de perímetros y áreas de figuras semejantes.]]></enunciado>
  <masinfo inicio="0" />
  <sinaleatoriedad><![CDATA[0]]></sinaleatoriedad>
  <calc><![CDATA[0]]></calc>
  <respuestaunica><![CDATA[0]]></respuestaunica>
  <test cantidad="8">
    <cuestion>
      <enunciado><![CDATA[El área de un triángulo es 3 m². ¿Cuál es el área de otro triángulo cuyas dimensiones son el doble que las del primero?]]></enunciado>
      <explicacion />
      <imagen />
      <respuestas>
        <respuesta contestacion="12 m²" correcta="1" />
        <respuesta contestacion="6 m²" correcta="0" />
        <respuesta contestacion="9 m²" correcta="0" />
        <respuesta contestacion="1,5 m²" correcta="0" />
      </respuestas>
    </cuestion>
    <cuestion>
      <enunciado><![CDATA[El área de un círculo es 10 m². ¿Cuál es el área de un círculo cuyo radio es la mitad?]]></enunciado>
      <explicacion />
      <imagen />
      <respuestas>
        <respuesta contestacion="2,5 m²" correcta="1" />
        <respuesta contestacion="25 m²" correcta="0" />
        <respuesta contestacion="20 m²" correcta="0" />
        <respuesta contestacion="5 m²" correcta="0" />
      </respuestas>
    </cuestion>
    <cuestion>
      <enunciado><![CDATA[Si multiplicamos por cuatro la longitud de una circunferencia. ¿Cómo varía el área del círculo?]]></enunciado>
      <explicacion />
      <imagen />
      <respuestas>
        <respuesta contestacion="Se multiplica por 16." correcta="1" />
        <respuesta contestacion="Se multiplica por 8." correcta="0" />
        <respuesta contestacion="Se multiplica por 2." correcta="0" />
        <respuesta contestacion="Se multiplica por 4." correcta="0" />
      </respuestas>
    </cuestion>
    <cuestion>
      <enunciado><![CDATA[El perímetro de un triángulo {{cur}}A{{normal}} es 24 cm y el perímetro de otro triángulo {{cur}}B{{normal}}, semejante a {{cur}}A{{normal}}, es de 12 cm. ¿Cuál es la razón de semejanza de {{cur}}B{{normal}} respecto a {{cur}}A{{normal}}?]]></enunciado>
      <explicacion />
      <imagen />
      <respuestas>
        <respuesta contestacion="1/2" correcta="1" />
        <respuesta contestacion="3" correcta="0" />
        <respuesta contestacion="6" correcta="0" />
        <respuesta contestacion="2" correcta="0" />
      </respuestas>
    </cuestion>
    <cuestion>
      <enunciado><![CDATA[El cuadrado {{cur}}A{{normal}} tiene un área 9 veces mayor que la de otro cuadrado {{cur}}B{{normal}}. ¿Cuál es la razón de semejanza de {{cur}}A{{normal}} con respecto a {{cur}}B{{normal}}?]]></enunciado>
      <explicacion />
      <imagen />
      <respuestas>
        <respuesta contestacion="{{cur}}r{{normal}} = 3" correcta="1" />
        <respuesta contestacion="{{cur}}r{{normal}} = 9" correcta="0" />
        <respuesta contestacion="{{cur}}r{{normal}} = 6" correcta="0" />
        <respuesta contestacion="{{cur}}r{{normal}} = 1/3" correcta="0" />
      </respuestas>
    </cuestion>
    <cuestion>
      <enunciado><![CDATA[El perímetro de un pentágono {{cur}}A{{normal}} es de 10 cm y el de otro semejante {{cur}}B{{normal}} de 40 cm. ¿Cuántas veces es mayor el área de {{cur}}B{{normal}} que la de {{cur}}A{{normal}}?]]></enunciado>
      <explicacion />
      <imagen />
      <respuestas>
        <respuesta contestacion="16" correcta="1" />
        <respuesta contestacion="8" correcta="0" />
        <respuesta contestacion="4" correcta="0" />
        <respuesta contestacion="40" correcta="0" />
      </respuestas>
    </cuestion>
    <cuestion>
      <enunciado><![CDATA[Un rectángulo mide 1,2 x 2,5 cm. Calcula el área de un rectángulo semejante, si la razón de semejanza es de 1,5.]]></enunciado>
      <explicacion />
      <imagen />
      <respuestas>
        <respuesta contestacion="6,75 cm²" correcta="1" />
        <respuesta contestacion="8,4 cm²" correcta="0" />
        <respuesta contestacion="12,4 cm²" correcta="0" />
        <respuesta contestacion="4,75 cm²" correcta="0" />
      </respuestas>
    </cuestion>
    <cuestion>
      <enunciado><![CDATA[Un rectángulo mide 1,2 x 2,5 cm. Calcula el área de un rectángulo semejante si la razón de semejanza es de 3.]]></enunciado>
      <explicacion />
      <imagen />
      <respuestas>
        <respuesta contestacion="27 cm²" correcta="1" />
        <respuesta contestacion="12 cm²" correcta="0" />
        <respuesta contestacion="26,4 cm²" correcta="0" />
        <respuesta contestacion="29,4 cm²" correcta="0" />
      </respuestas>
    </cuestion>
  </test>
</motor>