﻿<?xml version="1.0" encoding="utf-8"?>
<motor tipo="4" clase="a" aprid="m4a">
  <plataforma>
    <grado><![CDATA[2]]></grado>
    <titulo>Practica la adición de números complejos</titulo>
    <area>0</area>
    <nivel>1</nivel>
    <referencia />
    <idreg><![CDATA[0]]></idreg>
    <motor><![CDATA[M4A]]></motor>
    <lang>es</lang>
  </plataforma>
  <enunciado><![CDATA[Selecciona la respuesta correcta.]]></enunciado>
  <masinfo inicio="0" />
  <sinaleatoriedad><![CDATA[0]]></sinaleatoriedad>
  <calc><![CDATA[1]]></calc>
  <respuestaunica><![CDATA[0]]></respuestaunica>
  <test cantidad="8">
    <cuestion>
      <enunciado><![CDATA[El resultado de la adición de (3 + 4{{cur}}i{{normal}}) + (2 + 11{{cur}}i{{normal}}) es:]]></enunciado>
      <explicacion />
      <imagen />
      <respuestas>
        <respuesta contestacion="6 + 12{{cur}}i{{normal}}" correcta="0" />
        <respuesta contestacion="5 + 13{{cur}}i{{normal}}" correcta="0" />
        <respuesta contestacion="5 + 15{{cur}}i{{normal}}" correcta="1" />
        <respuesta contestacion="6 + 15{{cur}}i{{normal}}" correcta="0" />
      </respuestas>
    </cuestion>
    <cuestion>
      <enunciado><![CDATA[El resultado de la adición de (5 + 6{{cur}}i{{normal}}) + (2 - 2{{cur}}i{{normal}}) es:]]></enunciado>
      <explicacion />
      <imagen />
      <respuestas>
        <respuesta contestacion="3 - 4{{cur}}i{{normal}}" correcta="0" />
        <respuesta contestacion="7 + 4{{cur}}i{{normal}}" correcta="1" />
        <respuesta contestacion="3 + 4{{cur}}i{{normal}}" correcta="0" />
        <respuesta contestacion="7 + 8{{cur}}i{{normal}}" correcta="0" />
      </respuestas>
    </cuestion>
    <cuestion>
      <enunciado><![CDATA[El resultado de la adición de (-4 + 5{{cur}}i{{normal}}) + (3 - 6{{cur}}i{{normal}}) es:]]></enunciado>
      <explicacion />
      <imagen />
      <respuestas>
        <respuesta contestacion="-1 - {{cur}}i{{normal}}" correcta="1" />
        <respuesta contestacion="1 + {{cur}}i{{normal}}" correcta="0" />
        <respuesta contestacion="-1 + {{cur}}i{{normal}}" correcta="0" />
        <respuesta contestacion="1 - {{cur}}i{{normal}}" correcta="0" />
      </respuestas>
    </cuestion>
    <cuestion>
      <enunciado><![CDATA[La suma de 3 + 7{{cur}}i{{normal}} y -2 - 5{{cur}}i{{normal}} es igual a:]]></enunciado>
      <explicacion />
      <imagen />
      <respuestas>
        <respuesta contestacion="5 + 2{{cur}}i{{normal}}" correcta="0" />
        <respuesta contestacion="1 + 12{{cur}}i{{normal}}" correcta="0" />
        <respuesta contestacion="1 + 2{{cur}}i{{normal}}" correcta="1" />
        <respuesta contestacion="1 - 2{{cur}}i{{normal}}" correcta="0" />
      </respuestas>
    </cuestion>
    <cuestion>
      <enunciado><![CDATA[La suma de  -6 - 11{{cur}}i{{normal}}  y -4 - 3{{cur}}i{{normal}} es igual a:]]></enunciado>
      <explicacion />
      <imagen />
      <respuestas>
        <respuesta contestacion="10 - 14{{cur}}i{{normal}}" correcta="0" />
        <respuesta contestacion="-10 + 14{{cur}}i{{normal}}" correcta="0" />
        <respuesta contestacion="-2 - 8{{cur}}i{{normal}}" correcta="0" />
        <respuesta contestacion="-10 - 14{{cur}}i{{normal}}" correcta="1" />
      </respuestas>
    </cuestion>
    <cuestion>
      <enunciado><![CDATA[La suma de  8 - 12{{cur}}i{{normal}}  y -7 + 5{{cur}}i{{normal}} es igual a:]]></enunciado>
      <explicacion />
      <imagen />
      <respuestas>
        <respuesta contestacion="15 + 17{{cur}}i{{normal}}" correcta="0" />
        <respuesta contestacion="1 - 7{{cur}}i{{normal}}" correcta="1" />
        <respuesta contestacion="15 - 7{{cur}}i{{normal}}" correcta="0" />
        <respuesta contestacion="1 + 7{{cur}}i{{normal}}" correcta="0" />
      </respuestas>
    </cuestion>
    <cuestion>
      <enunciado><![CDATA[La suma de 3 - {{cur}}i{{normal}} y -7 + {{cur}}i{{normal}} es igual a:]]></enunciado>
      <explicacion />
      <imagen />
      <respuestas>
        <respuesta contestacion="10 + {{cur}}i{{normal}}" correcta="0" />
        <respuesta contestacion="10 + 2{{cur}}i{{normal}}" correcta="0" />
        <respuesta contestacion="-4 - 2{{cur}}i{{normal}}" correcta="0" />
        <respuesta contestacion="-4 " correcta="1" />
      </respuestas>
    </cuestion>
    <cuestion>
      <enunciado><![CDATA[El resultado de la adición de (-4 + 5{{cur}}i{{normal}}) + (4 - 6{{cur}}i{{normal}}) es:]]></enunciado>
      <explicacion />
      <imagen />
      <respuestas>
        <respuesta contestacion="-8 - 10{{cur}}i{{normal}}" correcta="0" />
        <respuesta contestacion="-{{cur}}i{{normal}}" correcta="1" />
        <respuesta contestacion="{{cur}}i{{normal}}" correcta="0" />
        <respuesta contestacion="-8 - {{cur}}i{{normal}}" correcta="0" />
      </respuestas>
    </cuestion>
  </test>
  <temps>20</temps>
</motor>