﻿<?xml version="1.0" encoding="UTF-8"?>
<engine copy="Editorial Planeta" version="1" aprid="f1">
	<css>
		<![CDATA[.defaultCSSBox2 {
	background: #000000;
}
.defaultCSSBox3 {
	background: #ffffff;
}]]>
	</css>
	<pantallas>
		<pantalla id="pantalla_5">
			<event id="onPrepare" language="DO">
				<![CDATA[]]>
			</event>
			<event id="onShown" language="DO">
				<![CDATA[]]>
			</event>
			<components>
				<component _type="_compSlider" id="diaporama_12" x="0" y="0" width="950" height="608" alpha="1" visible="1" enabled="1" transMode="1" />
				<component _type="_compSliderNav" id="slidernav_11" x="45" y="526" width="162" height="37" alpha="1" visible="1" enabled="1" sliderId="diaporama_12" showHome="1" whiteButtons="0" mode="1" />
			</components>
			<animaciones/>
			<slider id="diaporama_12">
				<pantalla id="pantalla_14">
					<event id="onPrepare" language="DO">
						<![CDATA[]]>
					</event>
					<event id="onShown" language="DO">
						<![CDATA[]]>
					</event>
					<components>
						<component _type="_compRichText" id="texto_26" x="6" y="27" width="938" height="219" alpha="1" visible="1" enabled="1" scrollable="1">
							<content>
								<![CDATA[<p style="text-align:center"><span style="font-size:50px"><span style="font-family:georgia,serif">La estructura<br />
de un n&uacute;mero decimal</span></span></p>
]]>
							</content>
						</component>
						<component _type="_compImage" id="image_24" x="275" y="214" width="400" height="256" alpha="1" visible="1" enabled="1" cssClass="" adjustMode="4" alignMode="0" image="data/imagenes/image_25033.jpg" />
					</components>
					<animaciones/>
				</pantalla>
				<pantalla id="pantalla_40">
					<event id="onPrepare" language="DO">
						<![CDATA[uiobject_set('parent.slidernav_11', 'whiteButtons', true)]]>
					</event>
					<event id="onShown" language="DO">
						<![CDATA[]]>
					</event>
					<components>
						<component _type="_compImage" id="image_24" x="0" y="0" width="950" height="608" alpha="1" visible="1" enabled="1" cssClass="" adjustMode="1" alignMode="0" image="data/imagenes/image_25126.jpg" />
					</components>
					<animaciones/>
				</pantalla>
				<pantalla id="pantalla_44">
					<event id="onPrepare" language="DO">
						<![CDATA[uiobject_set('parent.slidernav_11', 'whiteButtons', false)]]>
					</event>
					<event id="onShown" language="DO">
						<![CDATA[]]>
					</event>
					<components>
						<component _type="_compImage" id="image_24" x="0" y="0" width="950" height="608" alpha="1" visible="1" enabled="1" cssClass="" adjustMode="1" alignMode="0" image="data/imagenes/image_25165.jpg" />
					</components>
					<animaciones/>
				</pantalla>
				<pantalla id="pantalla_48">
					<event id="onPrepare" language="DO">
						<![CDATA[]]>
					</event>
					<event id="onShown" language="DO">
						<![CDATA[]]>
					</event>
					<components>
						<component _type="_compImage" id="image_24" x="0" y="0" width="950" height="508" alpha="1" visible="1" enabled="1" cssClass="" adjustMode="4" alignMode="1" image="data/imagenes/image_25204.jpg" />
					</components>
					<animaciones/>
				</pantalla>
				<pantalla id="pantalla_52">
					<event id="onPrepare" language="DO">
						<![CDATA[]]>
					</event>
					<event id="onShown" language="DO">
						<![CDATA[]]>
					</event>
					<components>
						<component _type="_compImage" id="image_24" x="0" y="0" width="950" height="608" alpha="1" visible="1" enabled="1" cssClass="" adjustMode="1" alignMode="0" image="data/imagenes/image_25243.jpg" />
					</components>
					<animaciones/>
				</pantalla>
				<pantalla id="pantalla_56">
					<event id="onPrepare" language="DO">
						<![CDATA[]]>
					</event>
					<event id="onShown" language="DO">
						<![CDATA[]]>
					</event>
					<components>
						<component _type="_compImage" id="image_24" x="0" y="47" width="950" height="513" alpha="1" visible="1" enabled="1" cssClass="" adjustMode="4" alignMode="1" image="data/imagenes/2.jpg" />
					</components>
					<animaciones/>
				</pantalla>
				<pantalla id="pantalla_60">
					<event id="onPrepare" language="DO">
						<![CDATA[]]>
					</event>
					<event id="onShown" language="DO">
						<![CDATA[]]>
					</event>
					<components>
						<component _type="_compImage" id="image_24" x="176.5" y="163" width="597" height="283" alpha="1" visible="1" enabled="1" cssClass="" adjustMode="4" alignMode="1" image="data/imagenes/3.jpg" />
					</components>
					<animaciones/>
				</pantalla>
				<pantalla id="pantalla_64">
					<event id="onPrepare" language="DO">
						<![CDATA[]]>
					</event>
					<event id="onShown" language="DO">
						<![CDATA[]]>
					</event>
					<components>
						<component _type="_compImage" id="image_24" x="106" y="109" width="738" height="387" alpha="1" visible="1" enabled="1" cssClass="" adjustMode="4" alignMode="1" image="data/imagenes/4.jpg" />
					</components>
					<animaciones/>
				</pantalla>
				<pantalla id="pantalla_68">
					<event id="onPrepare" language="DO">
						<![CDATA[]]>
					</event>
					<event id="onShown" language="DO">
						<![CDATA[]]>
					</event>
					<components>
						<component _type="_compImage" id="image_24" x="273" y="37" width="402" height="552" alpha="1" visible="1" enabled="1" cssClass="" adjustMode="5" alignMode="0" image="data/imagenes/5.jpg" />
						<component _type="_compCSSBox" id="fondo_74" x="47" y="59" width="663" height="505" alpha="1" visible="1" enabled="1" cssClass="defaultCSSBox3" />
						<component _type="_compImage" id="image_73" x="273" y="37" width="400" height="552" alpha="1" visible="1" enabled="1" cssClass="" adjustMode="5" alignMode="0" image="data/imagenes/6.jpg" />
					</components>
					<animaciones>
						<anim id="Entrada">
							<![CDATA[{"fondo_74":[],"fondo_74.x":[{"time":0,"value":47,"easing":"Linear.EaseNone"}],"fondo_74.y":[{"time":0,"value":59,"easing":"Linear.EaseNone"},{"time":8.07157894736842,"value":559,"easing":"Linear.EaseNone"}],"fondo_74.width":[{"time":0,"value":663,"easing":"Linear.EaseNone"}],"fondo_74.height":[{"time":0,"value":505,"easing":"Linear.EaseNone"}],"fondo_74.alpha":[{"time":0,"value":1,"easing":"Linear.EaseNone"}],"image_73":[],"image_73.x":[{"time":0,"value":273,"easing":"Linear.EaseNone"}],"image_73.y":[{"time":0,"value":37,"easing":"Linear.EaseNone"}],"image_73.width":[{"time":0,"value":0,"easing":"Linear.EaseNone"},{"time":7.048421052631579,"value":0,"easing":"Linear.EaseNone"},{"time":12.036315789473685,"value":400,"easing":"Linear.EaseNone"}],"image_73.height":[{"time":0,"value":552,"easing":"Linear.EaseNone"}],"image_73.alpha":[{"time":0,"value":1,"easing":"Linear.EaseNone"}]}]]>
						</anim>
					</animaciones>
				</pantalla>
			</slider>
		</pantalla>
	</pantallas>
	<popups/>
</engine>