﻿<?xml version="1.0" encoding="utf-8"?><motor tipo="12" clase="a" aprid="M12a">
  <plataforma>
    <grado><![CDATA[2]]></grado>
    <titulo>Calcula la probabilidad de un suceso</titulo>
    <area>3</area>
    <nivel><![CDATA[1]]></nivel>
    <referencia><![CDATA[MT_10_12_13]]></referencia>
    <idreg><![CDATA[3525]]></idreg>
    <motor><![CDATA[M12A]]></motor>
    <lang>es</lang>
  </plataforma>
  <enunciado><![CDATA[Ordena de menor a mayor la probabilidad de los siguientes sucesos del experimento aleatorio de lanzar un dado de 20 caras numeradas del 1 al 20:]]></enunciado>
  <masinfo inicio="0"/>
  <calc><![CDATA[1]]></calc>
  <orden ini="Probabilidad 0" fi="Probabilidad 1"/>
  <elementos>
    <elemento contestacion="&quot;Obtener un 2&quot;." orden="1"/>
    <elemento contestacion="&quot;Obtener un múltiplo de 6&quot;." orden="2"/>
    <elemento contestacion="&quot;Obtener un número menor que 5&quot;." orden="3"/>
    <elemento contestacion="&quot;Obtener un múltiplo de 3&quot;." orden="4"/>
    <elemento contestacion="&quot;Obtener un número par&quot;." orden="5"/>
    <elemento contestacion="&quot;Obtener un número mayor que 3&quot;." orden="6"/>
  </elementos>
</motor>