<?xml version="1.0" encoding="iso-8859-1"?>
<metadata xmlns="urn:InfoRecurso">
  <identificador>RES-27B0742D28A74FE1AACBFB3600FD467A</identificador>
  <loid>MA_09_13_CO_Recurso050</loid>
  <titulo>La frecuencia de un suceso</titulo>
  <descripcion>Interactivo sobre la frecuencia absoluta y la relativa de un suceso en el contexto de situaciones en las que aparezca cada tipo de suceso</descripcion>
  <relacionado>0</relacionado>
  <tiporecurso>Recurso con ficha</tiporecurso>
  <tiempoestimado>20</tiempoestimado>
  <acciondidactica>Ejercitaci�n</acciondidactica>
  <competencia>Competencia matem�tica</competencia>
  <tipomedia pesado="false" matricula="">Interactivo</tipomedia>
  <conceptos>
    <concepto>frecuencia de un suceso aleatorio</concepto>
    <concepto>frecuencia relativa</concepto>
    <concepto>tabla de frecuencias</concepto>
    <concepto>Frecuencia absoluta</concepto>
  </conceptos>
  <autonomico>0</autonomico>
</metadata>