﻿<?xml version="1.0" encoding="utf-8"?><motor tipo="5" clase="a" aprid="m5a">
  <plataforma>
    <grado><![CDATA[2]]></grado>
    <titulo>Calcula las frecuencias absolutas y relativas de diversos sucesos</titulo>
    <area>0</area>
    <nivel>1</nivel>
    <referencia/>
    <idreg><![CDATA[0]]></idreg>
    <motor><![CDATA[M5A]]></motor>
    <lang>es</lang>
  </plataforma>
  <enunciado><![CDATA[Calcula la frecuencia absoluta y relativa de los sucesos en cada situación, con base en el experimento aleatorio descrito en la ventana Más información.]]></enunciado>
  <masinfo inicio="1"><![CDATA[Situación 1: Se efectúa un concurso en el cual se gana cuando se obtiene el número mayor del 1 al 9. Esto se realiza mediante balotas numeradas, las cuales están en una bolsa. Veinte personas concursan y obtienen los siguientes resultados: 9, 4, 5, 5, 3, 2, 3, 8, 1, 2, 3, 3, 6, 1, 3, 2, 7, 8, 5, 8.Situación 2Se consultaron las edades de un grupo de 18 estudiantes de grado once y los resultados fueron: 16, 17, 17, 16, 18, 18, 18, 17, 17, 16, 16, 17, 17, 19, 16, 17, 18, 19.]]></masinfo>
  <sinaleatoriedad><![CDATA[0]]></sinaleatoriedad>
  <calc><![CDATA[1]]></calc>
  <respuestaunica><![CDATA[0]]></respuestaunica>
  <test cantidad="10">
    <cuestion>
      <enunciado><![CDATA[El resultado de {{cur}}f{{normal}}(4) es: (Responder con la situación 1.)]]></enunciado>
      <explicacion/>
      <imagen><![CDATA[MA_09_13_CO_REC60_IMG01n.png]]></imagen>
      <ampliacion/>
      <respuestas>
        <respuesta contestacion="1" correcta="1"/>
        <respuesta contestacion="4" correcta="0"/>
        <respuesta contestacion="11" correcta="0"/>
        <respuesta contestacion="0" correcta="0"/>
      </respuestas>
    </cuestion>
    <cuestion>
      <enunciado><![CDATA[El resultado de {{cur}}f{{normal}}(9) es: (Responder con la situación 1.)]]></enunciado>
      <explicacion/>
      <imagen><![CDATA[MA_09_13_CO_REC60_IMG02n.png]]></imagen>
      <ampliacion><![CDATA[MA_09_13_CO_REC60_IMG02a.png]]></ampliacion>
      <respuestas>
        <respuesta contestacion="4" correcta="0"/>
        <respuesta contestacion="2" correcta="0"/>
        <respuesta contestacion="20" correcta="0"/>
        <respuesta contestacion="1" correcta="1"/>
      </respuestas>
    </cuestion>
    <cuestion>
      <enunciado><![CDATA[El porcentaje de personas que obtuvo un valor inferior o igual a 9 es del: (Responder con la situación 1.)]]></enunciado>
      <explicacion/>
      <imagen><![CDATA[MA_09_13_CO_REC60_IMG03n.png]]></imagen>
      <ampliacion><![CDATA[MA_09_13_CO_REC60_IMG03a.png]]></ampliacion>
      <respuestas>
        <respuesta contestacion="0,8 %" correcta="0"/>
        <respuesta contestacion="100 %" correcta="1"/>
        <respuesta contestacion="16 %" correcta="0"/>
        <respuesta contestacion="20 %" correcta="0"/>
      </respuestas>
    </cuestion>
    <cuestion>
      <enunciado><![CDATA[El porcentaje correspondiente al número de personas que obtuvo 9 en la balota es: (Responder con la situación 1.)]]></enunciado>
      <explicacion/>
      <imagen><![CDATA[MA_09_13_CO_REC60_IMG04n.png]]></imagen>
      <ampliacion><![CDATA[MA_09_13_CO_REC60_IMG04a.png]]></ampliacion>
      <respuestas>
        <respuesta contestacion="9 %" correcta="0"/>
        <respuesta contestacion="0,05 %" correcta="0"/>
        <respuesta contestacion="1 %" correcta="0"/>
        <respuesta contestacion="5 % " correcta="1"/>
      </respuestas>
    </cuestion>
    <cuestion>
      <enunciado><![CDATA[El porcentaje correspondiente al número de personas que obtuvo 3 en la balota es: (Responder con la situación 1.)]]></enunciado>
      <explicacion/>
      <imagen><![CDATA[MA_09_13_CO_REC60_IMG05n.png]]></imagen>
      <ampliacion><![CDATA[MA_09_13_CO_REC60_IMG05a.png]]></ampliacion>
      <respuestas>
        <respuesta contestacion="25 %" correcta="1"/>
        <respuesta contestacion="0,25 %" correcta="0"/>
        <respuesta contestacion="20 %" correcta="0"/>
        <respuesta contestacion="5 %" correcta="0"/>
      </respuestas>
    </cuestion>
    <cuestion>
      <enunciado><![CDATA[La suma de todas las frecuencias relativas debe dar como resultado: ]]></enunciado>
      <explicacion/>
      <imagen><![CDATA[MA_09_13_CO_REC60_IMG06n.png]]></imagen>
      <ampliacion><![CDATA[MA_09_13_CO_REC60_IMG06a.png]]></ampliacion>
      <respuestas>
        <respuesta contestacion="100" correcta="0"/>
        <respuesta contestacion="20" correcta="0"/>
        <respuesta contestacion="1" correcta="1"/>
        <respuesta contestacion="0" correcta="0"/>
      </respuestas>
    </cuestion>
    <cuestion>
      <enunciado><![CDATA[El porcentaje de personas que obtuvo un valor inferior o igual a 5 es de: (Responder con la situación 1.)]]></enunciado>
      <explicacion/>
      <imagen><![CDATA[MA_09_13_CO_REC60_IMG07n.png]]></imagen>
      <ampliacion><![CDATA[MA_09_13_CO_REC60_IMG07a.png]]></ampliacion>
      <respuestas>
        <respuesta contestacion="70 %" correcta="1"/>
        <respuesta contestacion="14 %" correcta="0"/>
        <respuesta contestacion="20 %" correcta="0"/>
        <respuesta contestacion="0,7 %" correcta="0"/>
      </respuestas>
    </cuestion>
    <cuestion>
      <enunciado><![CDATA[El suceso con mayor frecuencia absoluta es: (Responder con la situación 1.)]]></enunciado>
      <explicacion/>
      <imagen><![CDATA[MA_09_13_CO_REC60_IMG08n.png]]></imagen>
      <ampliacion><![CDATA[MA_09_13_CO_REC60_IMG08a.png]]></ampliacion>
      <respuestas>
        <respuesta contestacion="sacar la balota 3. " correcta="1"/>
        <respuesta contestacion="sacar la balota 2." correcta="0"/>
        <respuesta contestacion="sacar la balota 8." correcta="0"/>
        <respuesta contestacion="sacar la balota 9." correcta="0"/>
      </respuestas>
    </cuestion>
    <cuestion>
      <enunciado><![CDATA[Los valores A, B y C de la tabla de frecuencias son, respectivamente: (Responder con la situación 2.)]]></enunciado>
      <explicacion/>
      <imagen><![CDATA[MA_09_13_REC60_IMG09n.png]]></imagen>
      <ampliacion><![CDATA[MA_09_13_REC60_IMG09a.png]]></ampliacion>
      <respuestas>
        <respuesta contestacion="(0,27), (5) y (0,38) " correcta="0"/>
        <respuesta contestacion="(5), (0,27) y (0,38) " correcta="1"/>
        <respuesta contestacion="(0,27), (0,27) y (5) " correcta="0"/>
        <respuesta contestacion="(5), (0,38) y (0,27)" correcta="0"/>
      </respuestas>
    </cuestion>
    <cuestion>
      <enunciado><![CDATA[Los valores A, B y C de la tabla de frecuencias son, respectivamente: (Responder con la situación 2.)]]></enunciado>
      <explicacion/>
      <imagen><![CDATA[MA_09_13_REC60_IMG10n.png]]></imagen>
      <ampliacion><![CDATA[MA_09_13_REC60_IMG10a.png]]></ampliacion>
      <respuestas>
        <respuesta contestacion="(18), (0,22) y (0,66) " correcta="1"/>
        <respuesta contestacion="(0,66), (0,22) y (18) " correcta="0"/>
        <respuesta contestacion="(18), (0,66) y (0,22)" correcta="0"/>
        <respuesta contestacion="(0,22), (18) y (0,66) " correcta="0"/>
      </respuestas>
    </cuestion>
  </test>
</motor>