﻿<?xml version="1.0" encoding="utf-8"?><motor tipo="5" clase="a" aprid="m5a">
  <plataforma>
    <grado><![CDATA[2]]></grado>
    <titulo>Determina la probabilidad de sucesos independientes</titulo>
    <area>0</area>
    <nivel>1</nivel>
    <referencia/>
    <idreg><![CDATA[0]]></idreg>
    <motor><![CDATA[M5A]]></motor>
    <lang>es</lang>
  </plataforma>
  <enunciado><![CDATA[Calcula la probabilidad en cada situación con los eventos independientes.]]></enunciado>
  <masinfo inicio="1"><![CDATA[Es importante recordar que en cada suceso las fichas, balotas o cartas, según el caso, regresan a su posición inicial antes de cada intento.]]></masinfo>
  <sinaleatoriedad><![CDATA[0]]></sinaleatoriedad>
  <calc><![CDATA[1]]></calc>
  <respuestaunica><![CDATA[0]]></respuestaunica>
  <test cantidad="10">
    <cuestion>
      <enunciado><![CDATA[¿Cuál es la probabilidad de sacar una balota roja al segundo intento, si la bolsa negra contiene 5 balotas azules y 4 balotas rojas?]]></enunciado>
      <explicacion/>
      <imagen><![CDATA[MA_09_13_CO_REC210_IMG05n.png]]></imagen>
      <ampliacion><![CDATA[MA_09_13_CO_REC210_IMG05a.png]]></ampliacion>
      <respuestas>
        <respuesta contestacion="16/81 " correcta="1"/>
        <respuesta contestacion="45/36" correcta="0"/>
        <respuesta contestacion="20/9" correcta="0"/>
        <respuesta contestacion="9/81" correcta="0"/>
      </respuestas>
    </cuestion>
    <cuestion>
      <enunciado><![CDATA[¿Cuál es la probabilidad de obtener un número impar al tercer intento de lanzar un dado?]]></enunciado>
      <explicacion/>
      <imagen><![CDATA[MA_09_13_CO_REC210_IMG01n.png]]></imagen>
      <ampliacion><![CDATA[MA_09_13_CO_REC210_IMG01a.png]]></ampliacion>
      <respuestas>
        <respuesta contestacion="9/6 " correcta="0"/>
        <respuesta contestacion="9/36" correcta="0"/>
        <respuesta contestacion="3/8" correcta="0"/>
        <respuesta contestacion="1/8 " correcta="1"/>
      </respuestas>
    </cuestion>
    <cuestion>
      <enunciado><![CDATA[¿Cuál es la probabilidad de obtener un número cuadrado al cuarto intento de lanzar un dado?]]></enunciado>
      <explicacion/>
      <imagen><![CDATA[MA_09_13_CO_REC210_IMG02n.png]]></imagen>
      <ampliacion><![CDATA[MA_09_13_CO_REC210_IMG02a.png]]></ampliacion>
      <respuestas>
        <respuesta contestacion="4/24 " correcta="0"/>
        <respuesta contestacion="2/3" correcta="0"/>
        <respuesta contestacion="7/18" correcta="0"/>
        <respuesta contestacion="8/81 " correcta="1"/>
      </respuestas>
    </cuestion>
    <cuestion>
      <enunciado><![CDATA[¿Cuál es la probabilidad de obtener un número menor o igual a 5 al tercer intento de lanzar un dado?]]></enunciado>
      <explicacion/>
      <imagen><![CDATA[MA_09_13_CO_REC210_IMG02n.png]]></imagen>
      <ampliacion><![CDATA[MA_09_13_CO_REC210_IMG02a.png]]></ampliacion>
      <respuestas>
        <respuesta contestacion="5/18 " correcta="0"/>
        <respuesta contestacion="5/216 " correcta="1"/>
        <respuesta contestacion="7/18" correcta="0"/>
        <respuesta contestacion="7/216 " correcta="0"/>
      </respuestas>
    </cuestion>
    <cuestion>
      <enunciado><![CDATA[Al sacar una carta de un juego de póquer, ¿cuál es la probabilidad de obtener una carta de tréboles al segundo intento?]]></enunciado>
      <explicacion/>
      <imagen><![CDATA[MA_09_13_CO_REC210_IMG04n.png]]></imagen>
      <ampliacion><![CDATA[MA_09_13_CO_REC210_IMG04a.png]]></ampliacion>
      <respuestas>
        <respuesta contestacion="3/16 " correcta="1"/>
        <respuesta contestacion="4/8 " correcta="0"/>
        <respuesta contestacion="4/16" correcta="0"/>
        <respuesta contestacion="3/8" correcta="0"/>
      </respuestas>
    </cuestion>
    <cuestion>
      <enunciado><![CDATA[Al sacar una carta de un juego de póquer, ¿cuál es la probabilidad de obtener una carta de pinta negra al tercer intento?]]></enunciado>
      <explicacion/>
      <imagen><![CDATA[MA_09_13_CO_REC210_IMG04n.png]]></imagen>
      <ampliacion><![CDATA[MA_09_13_CO_REC210_IMG04a.png]]></ampliacion>
      <respuestas>
        <respuesta contestacion="6/52 " correcta="0"/>
        <respuesta contestacion="1/8 " correcta="1"/>
        <respuesta contestacion="6/12" correcta="0"/>
        <respuesta contestacion="1/12" correcta="0"/>
      </respuestas>
    </cuestion>
    <cuestion>
      <enunciado><![CDATA[Al extraer una carta de un juego de póquer, ¿cuál es la probabilidad de obtener una carta de pinta roja al cuarto intento?]]></enunciado>
      <explicacion/>
      <imagen><![CDATA[MA_09_13_CO_REC210_IMG04n.png]]></imagen>
      <ampliacion><![CDATA[MA_09_13_CO_REC210_IMG04a.png]]></ampliacion>
      <respuestas>
        <respuesta contestacion="4/16 " correcta="0"/>
        <respuesta contestacion="1/8 " correcta="0"/>
        <respuesta contestacion="1/16 " correcta="1"/>
        <respuesta contestacion="4/8" correcta="0"/>
      </respuestas>
    </cuestion>
    <cuestion>
      <enunciado><![CDATA[¿Cuál es la probabilidad de sacar una ficha roja al tercer intento, si la bolsa negra contiene 3 fichas negras, 6 fichas azules y 9 fichas rojas?]]></enunciado>
      <explicacion/>
      <imagen><![CDATA[MA_09_13_CO_REC210_IMG05n.png]]></imagen>
      <ampliacion><![CDATA[MA_09_13_CO_REC210_IMG05a.png]]></ampliacion>
      <respuestas>
        <respuesta contestacion="9/8 " correcta="0"/>
        <respuesta contestacion="1/8 " correcta="1"/>
        <respuesta contestacion="3/6 " correcta="0"/>
        <respuesta contestacion="1/2" correcta="0"/>
      </respuestas>
    </cuestion>
    <cuestion>
      <enunciado><![CDATA[¿Cuál es la probabilidad de sacar una ficha azul al segundo intento, si la bolsa negra contiene 5 fichas negras, 2 fichas azules y 1 ficha roja?]]></enunciado>
      <explicacion/>
      <imagen><![CDATA[MA_09_13_CO_REC210_IMG05n.png]]></imagen>
      <ampliacion><![CDATA[MA_09_13_CO_REC210_IMG05a.png]]></ampliacion>
      <respuestas>
        <respuesta contestacion="12/8 " correcta="0"/>
        <respuesta contestacion="3/16 " correcta="1"/>
        <respuesta contestacion="4/16 " correcta="0"/>
        <respuesta contestacion="3/8" correcta="0"/>
      </respuestas>
    </cuestion>
    <cuestion>
      <enunciado><![CDATA[¿Cuál es la probabilidad de sacar una ficha negra al cuarto intento, si la bolsa negra contiene 3 fichas negras, 5 fichas azules y 2 fichas rojas?]]></enunciado>
      <explicacion/>
      <imagen><![CDATA[MA_09_13_CO_REC210_IMG05n.png]]></imagen>
      <ampliacion><![CDATA[MA_09_13_CO_REC210_IMG05a.png]]></ampliacion>
      <respuestas>
        <respuesta contestacion="12/5000 " correcta="0"/>
        <respuesta contestacion="24/10 000 " correcta="0"/>
        <respuesta contestacion="1029/10 000 " correcta="1"/>
        <respuesta contestacion="24/40" correcta="0"/>
      </respuestas>
    </cuestion>
  </test>
</motor>