﻿<?xml version="1.0" encoding="utf-8"?><motor tipo="4" clase="a" aprid="m4a">
  <plataforma>
    <grado><![CDATA[2]]></grado>
    <titulo>Indica la probabilidad de sucesos independientes</titulo>
    <area>0</area>
    <nivel>1</nivel>
    <referencia/>
    <idreg><![CDATA[0]]></idreg>
    <motor><![CDATA[M4A]]></motor>
    <lang>es</lang>
  </plataforma>
  <enunciado><![CDATA[Evalúa tus conocimientos sobre la probabilidad de sucesos independientes.]]></enunciado>
  <masinfo inicio="0"/>
  <sinaleatoriedad><![CDATA[0]]></sinaleatoriedad>
  <calc><![CDATA[1]]></calc>
  <respuestaunica><![CDATA[0]]></respuestaunica>
  <test cantidad="8">
    <cuestion>
      <enunciado><![CDATA[ Andrés lanza un dado y una moneda. ¿Cuál es la probabilidad de obtener un 5 y cara?]]></enunciado>
      <explicacion/>
      <imagen/>
      <respuestas>
        <respuesta contestacion="1/12" correcta="1"/>
        <respuesta contestacion="11/30" correcta="0"/>
        <respuesta contestacion="6/12" correcta="0"/>
        <respuesta contestacion="7/30" correcta="0"/>
      </respuestas>
    </cuestion>
    <cuestion>
      <enunciado><![CDATA[Una bolsa contiene 2 balotas rojas y 3 azules; si se extrae una y se devuelve repitiendo el ejercicio, ¿cuál es la probabilidad de que la segunda bola sea azul?]]></enunciado>
      <explicacion/>
      <imagen/>
      <respuestas>
        <respuesta contestacion="3/2" correcta="0"/>
        <respuesta contestacion="9/25" correcta="0"/>
        <respuesta contestacion="3/5" correcta="1"/>
        <respuesta contestacion="2/3" correcta="0"/>
      </respuestas>
    </cuestion>
    <cuestion>
      <enunciado><![CDATA[Una bolsa contiene 2 balotas rojas y 3 azules; si se extrae una y se devuelve repitiendo el ejercicio, ¿cuál es la probabilidad de que la 1.° y la 2.° bola sean azules?]]></enunciado>
      <explicacion/>
      <imagen/>
      <respuestas>
        <respuesta contestacion="5/8" correcta="0"/>
        <respuesta contestacion="4/10" correcta="0"/>
        <respuesta contestacion="9/25" correcta="1"/>
        <respuesta contestacion="4/6" correcta="0"/>
      </respuestas>
    </cuestion>
    <cuestion>
      <enunciado><![CDATA[Un cajon contiene 2 sacos blancos, 2 negros, 1 azul, 1 rojo. Si se extrae uno y se devuelve, ¿cuál es la probabilidad de que el 1.° y el 2.° sacos sean blancos?]]></enunciado>
      <explicacion/>
      <imagen/>
      <respuestas>
        <respuesta contestacion="5/8" correcta="0"/>
        <respuesta contestacion="8/24" correcta="0"/>
        <respuesta contestacion="2/6" correcta="0"/>
        <respuesta contestacion="4/36" correcta="1"/>
      </respuestas>
    </cuestion>
    <cuestion>
      <enunciado><![CDATA[Ana tiene 12 cartas numeradas del 1 al 12; ella saca una carta y la devuelve. ¿Cuál es la probabilidad de que la primera carta sea mayor que 10 y que la segunda sea múltiplo de 5?]]></enunciado>
      <explicacion/>
      <imagen/>
      <respuestas>
        <respuesta contestacion="4/144" correcta="1"/>
        <respuesta contestacion="4/24" correcta="0"/>
        <respuesta contestacion="2/12" correcta="0"/>
        <respuesta contestacion="6/36" correcta="0"/>
      </respuestas>
    </cuestion>
    <cuestion>
      <enunciado><![CDATA[María lanza una moneda 3 veces. ¿Cuál es la probabilidad de obtener cara en los tres lanzamientos?]]></enunciado>
      <explicacion/>
      <imagen/>
      <respuestas>
        <respuesta contestacion="3/6" correcta="0"/>
        <respuesta contestacion="1/8" correcta="1"/>
        <respuesta contestacion="3/2" correcta="0"/>
        <respuesta contestacion="1/6" correcta="0"/>
      </respuestas>
    </cuestion>
    <cuestion>
      <enunciado><![CDATA[Se lanza un dado dos veces. ¿Cuál es la probabilidad de que en el primer lanzamiento resulte 4 y en el segundo un número primo?]]></enunciado>
      <explicacion/>
      <imagen/>
      <respuestas>
        <respuesta contestacion="3/6" correcta="0"/>
        <respuesta contestacion="4/6" correcta="0"/>
        <respuesta contestacion="1/9" correcta="1"/>
        <respuesta contestacion="4/12" correcta="0"/>
      </respuestas>
    </cuestion>
    <cuestion>
      <enunciado><![CDATA[Una evaluación tiene 4 opciones de respuesta de las cuales 1 es correcta. Si se escogen al azar las respuestas y son 3 preguntas, ¿cuál es la probabilidad de acertar en todas?]]></enunciado>
      <explicacion/>
      <imagen/>
      <respuestas>
        <respuesta contestacion="1/24" correcta="0"/>
        <respuesta contestacion="1/36" correcta="0"/>
        <respuesta contestacion="1/12" correcta="0"/>
        <respuesta contestacion="1/64" correcta="1"/>
      </respuestas>
    </cuestion>
  </test>
</motor>