﻿<?xml version="1.0" encoding="utf-8"?><engine copy="Editorial Planeta" version="1" aprid="f4">
<main title="La frecuencia de un suceso" path="shutterstock_225686299_1.jpg" buttonsHeight="85">
<text><![CDATA[<p>Para cada suceso aleatorio se recopila un n&uacute;mero <em>n</em> de datos. Estos se pueden organizar en una tabla de frecuencias, en la cual se compacta toda la informaci&oacute;n.</p>

<p>&nbsp;</p>

<ul>
	<li>La&nbsp;<strong>frecuencia absoluta&nbsp;<em>f<sub>i</sub></em></strong>&nbsp;es el n&uacute;mero total de&nbsp;<strong>veces que se repite&nbsp;</strong>un valor.</li>
	<li>La&nbsp;<strong>frecuencia relativa&nbsp;<em>h<sub>i</sub></em></strong>&nbsp;es el cociente entre&nbsp;<em>f<sub>i</sub></em>&nbsp;de un valor y el n&uacute;mero total de individuos que intervienen en el estudio.&nbsp;La suma de las frecuencias relativas es igual a 1, o bien igual a 100, si se expresan en porcentaje (%).</li>
	<li>La&nbsp;<strong>frecuencia absoluta acumulada&nbsp;<em>F<sub>i</sub></em></strong>&nbsp;de un valor es la suma de las frecuencias absolutas de los valores menores o iguales a &eacute;l (solo tiene sentido para variables estad&iacute;sticas cuantitativas).</li>
	<li>La&nbsp;<strong>frecuencia relativa acumulada&nbsp;<em>H<sub>i</sub></em></strong>&nbsp;de un valor es el cociente entre las&nbsp;frecuencias relativas de los valores menores e iguales a &eacute;l&nbsp;y el n&uacute;mero total de individuos que intervienen.</li>
</ul>
]]></text></main>
<questions respCorrecta="Respuesta correcta." respIncorrecta="Respuesta incorrecta.">
<question title="Los datos que se presentan en la imagen recopilan las respuestas de 30 estudiantes, a los cuales se les ha preguntado por el número de ciudades distintas a su ciudad natal en las que han vivido. ¿Cuál es la frecuencia absoluta para la respuesta 1?" path="CiudadesHanVivido.png">
<answers>
<answer correct="0">
<text><![CDATA[6]]></text>
<explanation width="394"><![CDATA[<p><span style="font-size:15px"><span style="font-family:verdana,geneva,sans-serif">La&nbsp;frecuencia absoluta&nbsp;<em>f<sub>i</sub></em>&nbsp;es el n&uacute;mero total de&nbsp;veces que se repite&nbsp;un valor.</span></span></p>
]]></explanation>
</answer>
<answer correct="1">
<text><![CDATA[7]]></text>
<explanation width="394"><![CDATA[<p><span style="font-size:15px"><span style="font-family:verdana,geneva,sans-serif">La&nbsp;frecuencia absoluta&nbsp;<em>f<sub>i</sub></em>&nbsp;es el n&uacute;mero total de&nbsp;veces que se repite&nbsp;un valor.</span></span></p>
]]></explanation>
</answer>
<answer correct="0">
<text><![CDATA[9]]></text>
<explanation width="394"><![CDATA[<p><span style="font-size:15px"><span style="font-family:verdana,geneva,sans-serif">La&nbsp;frecuencia absoluta&nbsp;<em>f<sub>i</sub></em>&nbsp;es el n&uacute;mero total de&nbsp;veces que se repite&nbsp;un valor.</span></span></p>
]]></explanation>
</answer>
<answer correct="0">
<text><![CDATA[5]]></text>
<explanation width="394"><![CDATA[<p><span style="font-size:15px"><span style="font-family:verdana,geneva,sans-serif">La&nbsp;frecuencia absoluta&nbsp;<em>f<sub>i</sub></em>&nbsp;es el n&uacute;mero total de&nbsp;veces que se repite&nbsp;un valor.</span></span></p>
]]></explanation>
</answer>
<answer correct="0">
<text><![CDATA[]]></text>
<explanation width="394"><![CDATA[]]></explanation>
</answer>
<answer correct="0">
<text><![CDATA[]]></text>
<explanation width="394"><![CDATA[]]></explanation>
</answer>
<answer correct="0">
<text><![CDATA[]]></text>
<explanation width="394"><![CDATA[]]></explanation>
</answer>
<answer correct="0">
<text><![CDATA[]]></text>
<explanation width="394"><![CDATA[]]></explanation>
</answer>
</answers>
<info path="">
<text><![CDATA[]]></text>
</info>
</question>
<question title="Los datos que se presentan en la imagen recopilan las respuestas de 30 estudiantes, a los cuales se les ha preguntado por el número de ciudades distintas a su ciudad natal en las que han vivido. ¿Cuál es la frecuencia relativa para la respuesta 3?" path="CiudadesHanVivido.png">
<answers>
<answer correct="1">
<text><![CDATA[5/30]]></text>
<explanation width="394"><![CDATA[<p><span style="font-size:15px"><span style="font-family:verdana,geneva,sans-serif">La&nbsp;frecuencia relativa&nbsp;<em>h<sub>i</sub></em>&nbsp;es el cociente entre&nbsp;<em>f<sub>i</sub></em>&nbsp;de un valor y el n&uacute;mero total de individuos que intervienen en el estudio.</span></span></p>
]]></explanation>
</answer>
<answer correct="0">
<text><![CDATA[3/30]]></text>
<explanation width="394"><![CDATA[<p><span style="font-size:15px"><span style="font-family:verdana,geneva,sans-serif">La&nbsp;frecuencia relativa&nbsp;<em>h<sub>i</sub></em>&nbsp;es el cociente entre&nbsp;<em>f<sub>i</sub></em>&nbsp;de un valor y el n&uacute;mero total de individuos que intervienen en el estudio.</span></span></p>
]]></explanation>
</answer>
<answer correct="0">
<text><![CDATA[7/30]]></text>
<explanation width="394"><![CDATA[<p><span style="font-size:15px"><span style="font-family:verdana,geneva,sans-serif">La&nbsp;frecuencia relativa&nbsp;<em>h<sub>i</sub></em>&nbsp;es el cociente entre&nbsp;<em>f<sub>i</sub></em>&nbsp;de un valor y el n&uacute;mero total de individuos que intervienen en el estudio.</span></span></p>
]]></explanation>
</answer>
<answer correct="0">
<text><![CDATA[9/30]]></text>
<explanation width="394"><![CDATA[<p><span style="font-size:15px"><span style="font-family:verdana,geneva,sans-serif">La&nbsp;frecuencia relativa&nbsp;<em>h<sub>i</sub></em>&nbsp;es el cociente entre&nbsp;<em>f<sub>i</sub></em>&nbsp;de un valor y el n&uacute;mero total de individuos que intervienen en el estudio.</span></span></p>
]]></explanation>
</answer>
<answer correct="0">
<text><![CDATA[]]></text>
<explanation width="394"><![CDATA[]]></explanation>
</answer>
<answer correct="0">
<text><![CDATA[]]></text>
<explanation width="394"><![CDATA[]]></explanation>
</answer>
<answer correct="0">
<text><![CDATA[]]></text>
<explanation width="394"><![CDATA[]]></explanation>
</answer>
<answer correct="0">
<text><![CDATA[]]></text>
<explanation width="394"><![CDATA[]]></explanation>
</answer>
</answers>
<info path="">
<text><![CDATA[]]></text>
</info>
</question>
<question title="El porcentaje de estudiantes que ha vivido en 2 ciudades distintas a su ciudad natal es:" path="CiudadesHanVivido.png">
<answers>
<answer correct="0">
<text><![CDATA[23,33 %]]></text>
<explanation width="394"><![CDATA[<p><span style="font-size:15px"><span style="font-family:verdana,geneva,sans-serif">La suma de las frecuencias relativas es igual a 1, o bien igual a 100, si se expresan en porcentaje (%).</span></span></p>
]]></explanation>
</answer>
<answer correct="0">
<text><![CDATA[20 %]]></text>
<explanation width="394"><![CDATA[<p><span style="font-family:verdana,geneva,sans-serif; font-size:15px">La suma de las frecuencias relativas es igual a 1, o bien igual a 100, si se expresan en porcentaje (%).</span></p>
]]></explanation>
</answer>
<answer correct="0">
<text><![CDATA[16,67 %]]></text>
<explanation width="394"><![CDATA[<p><span style="font-family:verdana,geneva,sans-serif; font-size:15px">La suma de las frecuencias relativas es igual a 1, o bien igual a 100, si se expresan en porcentaje (%).</span></p>
]]></explanation>
</answer>
<answer correct="1">
<text><![CDATA[30 %]]></text>
<explanation width="394"><![CDATA[<p><span style="font-family:verdana,geneva,sans-serif; font-size:15px">La suma de las frecuencias relativas es igual a 1, o bien igual a 100, si se expresan en porcentaje (%).</span></p>
]]></explanation>
</answer>
<answer correct="0">
<text><![CDATA[]]></text>
<explanation width="394"><![CDATA[]]></explanation>
</answer>
<answer correct="0">
<text><![CDATA[]]></text>
<explanation width="394"><![CDATA[]]></explanation>
</answer>
<answer correct="0">
<text><![CDATA[]]></text>
<explanation width="394"><![CDATA[]]></explanation>
</answer>
<answer correct="0">
<text><![CDATA[]]></text>
<explanation width="394"><![CDATA[]]></explanation>
</answer>
</answers>
<info path="">
<text><![CDATA[]]></text>
</info>
</question>
<question title="Cuál de las frecuencias estadísticas corresponde a la siguiente definición: &quot;Es la suma de las frecuencias absolutas de los valores menores o iguales&quot;." path="">
<answers>
<answer correct="0">
<text><![CDATA[Frecuencia absoluta]]></text>
<explanation width="394"><![CDATA[<p><span style="font-size:15px"><span style="font-family:verdana,geneva,sans-serif">La&nbsp;frecuencia absoluta&nbsp;es el n&uacute;mero total de&nbsp;veces que se repite&nbsp;un valor.</span></span></p>
]]></explanation>
</answer>
<answer correct="0">
<text><![CDATA[Frecuencia relativa]]></text>
<explanation width="394"><![CDATA[<p><span style="font-size:15px"><span style="font-family:verdana,geneva,sans-serif">La&nbsp;frecuencia relativa&nbsp;es el cociente entre la frecuencia absoluta&nbsp;de un valor y el n&uacute;mero total de individuos que interviene en el estudio.</span></span></p>
]]></explanation>
</answer>
<answer correct="1">
<text><![CDATA[Frecuencia absoluta acumulada]]></text>
<explanation width="394"><![CDATA[<p><span style="font-size:15px"><span style="font-family:verdana,geneva,sans-serif">Es la suma de las frecuencias absolutas de los valores menores o iguales.</span></span></p>
]]></explanation>
</answer>
<answer correct="0">
<text><![CDATA[Frecuencia relativa acumulada]]></text>
<explanation width="394"><![CDATA[<p><span style="font-size:15px"><span style="font-family:verdana,geneva,sans-serif">La&nbsp;frecuencia relativa acumulada&nbsp;de un valor es el cociente entre las frecuencias relativas de los valores menores o iguales a &eacute;l y el n&uacute;mero total de individuos que intervienen en el estudio.</span></span></p>
]]></explanation>
</answer>
<answer correct="0">
<text><![CDATA[]]></text>
<explanation width="394"><![CDATA[]]></explanation>
</answer>
<answer correct="0">
<text><![CDATA[]]></text>
<explanation width="394"><![CDATA[]]></explanation>
</answer>
<answer correct="0">
<text><![CDATA[]]></text>
<explanation width="394"><![CDATA[]]></explanation>
</answer>
<answer correct="0">
<text><![CDATA[]]></text>
<explanation width="394"><![CDATA[]]></explanation>
</answer>
</answers>
<info path="">
<text><![CDATA[]]></text>
</info>
</question>
<question title="Los datos que se presentan en la imagen recopilan las respuestas de 30 estudiantes, a los cuales se les ha preguntado por el número de ciudades distintas a su ciudad natal en las que han vivido. ¿Cuál es la frecuencia relativa acumulada para la respuesta 2?" path="CiudadesHanVivido.png">
<answers>
<answer correct="0">
<text><![CDATA[22]]></text>
<explanation width="394"><![CDATA[<p><span style="font-size:15px"><span style="font-family:verdana,geneva,sans-serif">La&nbsp;frecuencia relativa acumulada&nbsp;de un valor es el cociente entre las frecuencias relativas de los valores menores o iguales a &eacute;l y el n&uacute;mero total de individuos que intervienen.</span></span></p>
]]></explanation>
</answer>
<answer correct="1">
<text><![CDATA[22/30]]></text>
<explanation width="394"><![CDATA[<p><span style="font-family:verdana,geneva,sans-serif; font-size:15px">La&nbsp;frecuencia relativa acumulada&nbsp;de un valor es el cociente entre las frecuencias relativas de los valores menores o iguales a &eacute;l y el n&uacute;mero total de individuos que intervienen.</span></p>
]]></explanation>
</answer>
<answer correct="0">
<text><![CDATA[27]]></text>
<explanation width="394"><![CDATA[<p><span style="font-family:verdana,geneva,sans-serif; font-size:15px">La&nbsp;frecuencia relativa acumulada&nbsp;de un valor es el cociente entre las frecuencias relativas de los valores menores o iguales a &eacute;l y el n&uacute;mero total de individuos que intervienen.</span></p>
]]></explanation>
</answer>
<answer correct="0">
<text><![CDATA[27/30]]></text>
<explanation width="394"><![CDATA[<p><span style="font-family:verdana,geneva,sans-serif; font-size:15px">La&nbsp;frecuencia relativa acumulada&nbsp;de un valor es el cociente entre las frecuencias relativas de los valores menores o iguales a &eacute;l y el n&uacute;mero total de individuos que intervienen.</span></p>
]]></explanation>
</answer>
<answer correct="0">
<text><![CDATA[]]></text>
<explanation width="394"><![CDATA[]]></explanation>
</answer>
<answer correct="0">
<text><![CDATA[]]></text>
<explanation width="394"><![CDATA[]]></explanation>
</answer>
<answer correct="0">
<text><![CDATA[]]></text>
<explanation width="394"><![CDATA[]]></explanation>
</answer>
<answer correct="0">
<text><![CDATA[]]></text>
<explanation width="394"><![CDATA[]]></explanation>
</answer>
</answers>
<info path="">
<text><![CDATA[]]></text>
</info>
</question>
<question title="Los datos recolectados para la edad del mayor de los abuelos de un grupo de estudiantes es la que se presenta en la tabla. A partir de ella puede afirmarse que:" path="EdadAbuelos.jpg">
<answers>
<answer correct="0">
<text><![CDATA[El promedio de edad es de 61 años.]]></text>
<explanation width="394"><![CDATA[<p>El promedio es 63,28 a&ntilde;os.</p>
]]></explanation>
</answer>
<answer correct="0">
<text><![CDATA[El 50 % tiene abuelos con edades entre los 61 y los 79 años.]]></text>
<explanation width="394"><![CDATA[<p>La mediana es de 66 a&ntilde;os.</p>
]]></explanation>
</answer>
<answer correct="1">
<text><![CDATA[La mayoría tiene abuelos entre los 61 y los 67 años.]]></text>
<explanation width="394"><![CDATA[]]></explanation>
</answer>
<answer correct="0">
<text><![CDATA[24 estudiantes tienen abuelos menores de 64 años.]]></text>
<explanation width="394"><![CDATA[<p>24 estudiantes tienen abuelos menores de 67 a&ntilde;os.</p>
]]></explanation>
</answer>
<answer correct="0">
<text><![CDATA[]]></text>
<explanation width="394"><![CDATA[]]></explanation>
</answer>
<answer correct="0">
<text><![CDATA[]]></text>
<explanation width="394"><![CDATA[]]></explanation>
</answer>
<answer correct="0">
<text><![CDATA[]]></text>
<explanation width="394"><![CDATA[]]></explanation>
</answer>
<answer correct="0">
<text><![CDATA[]]></text>
<explanation width="394"><![CDATA[]]></explanation>
</answer>
</answers>
<info path="">
<text><![CDATA[]]></text>
</info>
</question>
<question title="La frecuencia que da lugar a los porcentajes de la tabla de frecuencias es:" path="EdadAbuelos.jpg">
<answers>
<answer correct="0">
<text><![CDATA[La frecuencia absoluta acumulada.]]></text>
<explanation width="394"><![CDATA[<p><span style="font-size:15px"><span style="font-family:verdana,geneva,sans-serif">La&nbsp;frecuencia absoluta acumulada&nbsp;<em>F<sub>i</sub></em>&nbsp;de un valor es la suma de las frecuencias absolutas de los valores menores o iguales a &eacute;l.</span></span></p>
]]></explanation>
</answer>
<answer correct="1">
<text><![CDATA[La frecuencia relativa.]]></text>
<explanation width="394"><![CDATA[<p><span style="font-size:15px"><span style="font-family:verdana,geneva,sans-serif">La&nbsp;frecuencia relativa&nbsp;<em>h<sub>i</sub></em>&nbsp;es el cociente entre&nbsp;<em>f<sub>i</sub></em>&nbsp;de un valor y el n&uacute;mero total de individuos que intervienen en el estudio.&nbsp;La suma de las frecuencias relativas es igual a 1, o bien igual a 100, si se expresan en porcentaje (%).</span></span></p>
]]></explanation>
</answer>
<answer correct="0">
<text><![CDATA[La frecuencia absoluta.]]></text>
<explanation width="394"><![CDATA[<p><span style="font-size:15px"><span style="font-family:verdana,geneva,sans-serif">La&nbsp;frecuencia absoluta&nbsp;<em>f<sub>i</sub></em>&nbsp;es el n&uacute;mero total de&nbsp;veces que se repite&nbsp;un valor.</span></span></p>
]]></explanation>
</answer>
<answer correct="0">
<text><![CDATA[La frecuencia relativa acumulada.]]></text>
<explanation width="394"><![CDATA[<p><span style="font-size:15px"><span style="font-family:verdana,geneva,sans-serif">La&nbsp;frecuencia relativa acumulada&nbsp;<em>H<sub>i</sub></em>&nbsp;de un valor es el cociente entre las frecuencias relativas de los valores menores o iguales a &eacute;l y el n&uacute;mero total de individuos que intervienen.</span></span></p>

<p>&nbsp;</p>
]]></explanation>
</answer>
<answer correct="0">
<text><![CDATA[]]></text>
<explanation width="394"><![CDATA[]]></explanation>
</answer>
<answer correct="0">
<text><![CDATA[]]></text>
<explanation width="394"><![CDATA[]]></explanation>
</answer>
<answer correct="0">
<text><![CDATA[]]></text>
<explanation width="394"><![CDATA[]]></explanation>
</answer>
<answer correct="0">
<text><![CDATA[]]></text>
<explanation width="394"><![CDATA[]]></explanation>
</answer>
</answers>
<info path="">
<text><![CDATA[]]></text>
</info>
</question>
<question title="La frecuencia relativa acumulada para edades entre 55 y 61 años es:" path="EdadAbuelos.jpg">
<answers>
<answer correct="0">
<text><![CDATA[3]]></text>
<explanation width="394"><![CDATA[<p><span style="font-family:verdana,geneva,sans-serif; font-size:15px">La&nbsp;frecuencia relativa acumulada&nbsp;</span><span style="font-family:verdana,geneva,sans-serif; font-size:15px">de un valor es el cociente entre las frecuencias relativas de los valores menores o iguales a &eacute;l y el n&uacute;mero total de individuos que intervienen.</span></p>
]]></explanation>
</answer>
<answer correct="0">
<text><![CDATA[3/40]]></text>
<explanation width="394"><![CDATA[<p><span style="font-family:verdana,geneva,sans-serif; font-size:15px">La&nbsp;frecuencia relativa acumulada&nbsp;</span><span style="font-family:verdana,geneva,sans-serif; font-size:15px">de un valor es el cociente entre las frecuencias relativas de los valores menores o iguales a &eacute;l y el n&uacute;mero total de individuos que intervienen.</span></p>
]]></explanation>
</answer>
<answer correct="0">
<text><![CDATA[14]]></text>
<explanation width="394"><![CDATA[<p><span style="font-family:verdana,geneva,sans-serif; font-size:15px">La&nbsp;frecuencia relativa acumulada&nbsp;</span><span style="font-family:verdana,geneva,sans-serif; font-size:15px">de un valor es el cociente entre las frecuencias relativas de los valores menores o iguales a &eacute;l y el n&uacute;mero total de individuos que intervienen.</span></p>
]]></explanation>
</answer>
<answer correct="1">
<text><![CDATA[7/20]]></text>
<explanation width="394"><![CDATA[<p><span style="font-size:15px"><span style="font-family:verdana,geneva,sans-serif">La&nbsp;frecuencia relativa acumulada&nbsp;<em>H<sub>i</sub></em>&nbsp;de un valor es el cociente entre las frecuencias relativas de los valores menores o iguales a &eacute;l y el n&uacute;mero total de individuos que intervienen.</span></span></p>
]]></explanation>
</answer>
<answer correct="0">
<text><![CDATA[]]></text>
<explanation width="394"><![CDATA[]]></explanation>
</answer>
<answer correct="0">
<text><![CDATA[]]></text>
<explanation width="394"><![CDATA[]]></explanation>
</answer>
<answer correct="0">
<text><![CDATA[]]></text>
<explanation width="394"><![CDATA[]]></explanation>
</answer>
<answer correct="0">
<text><![CDATA[]]></text>
<explanation width="394"><![CDATA[]]></explanation>
</answer>
</answers>
<info path="">
<text><![CDATA[]]></text>
</info>
</question>
<question title="La frecuencia relativa para edades entre 49 y 55 años es:" path="EdadAbuelos.jpg">
<answers>
<answer correct="0">
<text><![CDATA[5]]></text>
<explanation width="394"><![CDATA[<p><span style="font-size:15px"><span style="font-family:verdana,geneva,sans-serif">La&nbsp;frecuencia relativa&nbsp;<em>h<sub>i</sub></em>&nbsp;es el cociente entre&nbsp;<em>f<sub>i</sub></em>&nbsp;de un valor y el n&uacute;mero total de individuos que intervienen en el estudio.&nbsp;La suma de las frecuencias relativas es igual a 1, o bien igual a 100, si se expresan en porcentaje (%).</span></span></p>
]]></explanation>
</answer>
<answer correct="1">
<text><![CDATA[5/40]]></text>
<explanation width="394"><![CDATA[<p><span style="font-family:verdana,geneva,sans-serif; font-size:15px">La&nbsp;frecuencia relativa&nbsp;</span><em>h<sub>i</sub></em><span style="font-family:verdana,geneva,sans-serif; font-size:15px">&nbsp;es el cociente entre&nbsp;</span><em>f<sub>i</sub></em><span style="font-family:verdana,geneva,sans-serif; font-size:15px">&nbsp;de un valor y el n&uacute;mero total de individuos que intervienen en el estudio.&nbsp;La suma de las frecuencias relativas es igual a 1, o bien igual a 100, si se expresan en porcentaje (%).</span></p>
]]></explanation>
</answer>
<answer correct="0">
<text><![CDATA[11]]></text>
<explanation width="394"><![CDATA[<p><span style="font-family:verdana,geneva,sans-serif; font-size:15px">La&nbsp;frecuencia relativa&nbsp;</span><em>h<sub>i</sub></em><span style="font-family:verdana,geneva,sans-serif; font-size:15px">&nbsp;es el cociente entre&nbsp;</span><em>f<sub>i</sub></em><span style="font-family:verdana,geneva,sans-serif; font-size:15px">&nbsp;de un valor y el n&uacute;mero total de individuos que intervienen en el estudio.&nbsp;La suma de las frecuencias relativas es igual a 1, o bien igual a 100, si se expresan en porcentaje (%).</span></p>
]]></explanation>
</answer>
<answer correct="0">
<text><![CDATA[11/40]]></text>
<explanation width="394"><![CDATA[<p><span style="font-family:verdana,geneva,sans-serif; font-size:15px">La&nbsp;frecuencia relativa&nbsp;</span><em>h<sub>i</sub></em><span style="font-family:verdana,geneva,sans-serif; font-size:15px">&nbsp;es el cociente entre&nbsp;</span><em>f<sub>i</sub></em><span style="font-family:verdana,geneva,sans-serif; font-size:15px">&nbsp;de un valor y el n&uacute;mero total de individuos que intervienen en el estudio.&nbsp;La suma de las frecuencias relativas es igual a 1, o bien igual a 100, si se expresan en porcentaje (%).</span></p>
]]></explanation>
</answer>
<answer correct="0">
<text><![CDATA[]]></text>
<explanation width="394"><![CDATA[]]></explanation>
</answer>
<answer correct="0">
<text><![CDATA[]]></text>
<explanation width="394"><![CDATA[]]></explanation>
</answer>
<answer correct="0">
<text><![CDATA[]]></text>
<explanation width="394"><![CDATA[]]></explanation>
</answer>
<answer correct="0">
<text><![CDATA[]]></text>
<explanation width="394"><![CDATA[]]></explanation>
</answer>
</answers>
<info path="">
<text><![CDATA[]]></text>
</info>
</question>
<question title="La frecuencia absoluta para edades entre 43 y 49 años es:" path="EdadAbuelos.jpg">
<answers>
<answer correct="1">
<text><![CDATA[6]]></text>
<explanation width="394"><![CDATA[<p><span style="font-size:15px"><span style="font-family:verdana,geneva,sans-serif">La&nbsp;frecuencia absoluta&nbsp;es el n&uacute;mero total de&nbsp;veces que se repite&nbsp;un valor.</span></span></p>
]]></explanation>
</answer>
<answer correct="0">
<text><![CDATA[5]]></text>
<explanation width="394"><![CDATA[<p><span style="font-family:verdana,geneva,sans-serif; font-size:15px">La&nbsp;frecuencia absoluta</span><span style="font-family:verdana,geneva,sans-serif; font-size:15px">&nbsp;es el n&uacute;mero total de&nbsp;veces que se repite&nbsp;un valor.</span></p>
]]></explanation>
</answer>
<answer correct="0">
<text><![CDATA[3/20]]></text>
<explanation width="394"><![CDATA[<p><span style="font-family:verdana,geneva,sans-serif; font-size:15px">La&nbsp;frecuencia absoluta</span><span style="font-family:verdana,geneva,sans-serif; font-size:15px">&nbsp;es el n&uacute;mero total de&nbsp;veces que se repite&nbsp;un valor.</span></p>
]]></explanation>
</answer>
<answer correct="0">
<text><![CDATA[6/20]]></text>
<explanation width="394"><![CDATA[<p><span style="font-family:verdana,geneva,sans-serif; font-size:15px">La&nbsp;frecuencia absoluta</span><span style="font-family:verdana,geneva,sans-serif; font-size:15px">&nbsp;es el n&uacute;mero total de&nbsp;veces que se repite&nbsp;un valor.</span></p>
]]></explanation>
</answer>
<answer correct="0">
<text><![CDATA[]]></text>
<explanation width="394"><![CDATA[]]></explanation>
</answer>
<answer correct="0">
<text><![CDATA[]]></text>
<explanation width="394"><![CDATA[]]></explanation>
</answer>
<answer correct="0">
<text><![CDATA[]]></text>
<explanation width="394"><![CDATA[]]></explanation>
</answer>
<answer correct="0">
<text><![CDATA[]]></text>
<explanation width="394"><![CDATA[]]></explanation>
</answer>
</answers>
<info path="">
<text><![CDATA[]]></text>
</info>
</question>
</questions>
</engine>