﻿<?xml version="1.0" encoding="utf-8"?><engine copy="Editorial Planeta" version="1" aprid="f6"><main layout="10">
<title>Aprende las propiedades de la probabilidad</title>
<footer>Selecciona una imagen</footer>
</main>
<sections>
<section i="0" star="false" hasSubsections="false">
<menuImage path="mainMenu_0.jpg" border="1">
<title><![CDATA[<p><span>El suceso contrario</span></p>]]></title>
</menuImage>
<pages>
<page i="0" visible="true" color="#E6D0E5">
<title></title>
<description><![CDATA[<p><span style="font-family: Verdana,Arial,sans-serif; font-size: 18px;">Si se afirma&nbsp;que la probabilidad de que llueva es de 30 %, &iquest;cu&aacute;l dir&iacute;a usted&nbsp;que es la probabilidad de que no llueva?</span></p>
]]></description>
<images>
<image path="section_0_1_page1.jpg" border = "0" pathbig="section_0_1_page1_big.jpg">
<title><![CDATA[]]></title>
</image>
</images>
</page>
<page i="0" visible="true" color="#E6D0E5">
<title></title>
<description><![CDATA[<p><span style="font-family: Verdana,Arial,sans-serif; font-size: 18px;">&iexcl;Exacto! Ser&iacute;a de 70 %, ya que solo existen esas dos posibilidades. </span></p>

<p><span style="font-family: Verdana,Arial,sans-serif; font-size: 18px;">La siguiente f&oacute;rmula indica que la probabilidad de un suceso contario es igual a uno, menos la probabilidad de este suceso: </span></p>

<p><span style="font-style: italic; font-weight: bold; ;font-family: Verdana,Arial,sans-serif; font-size: 18px;">p</span><span style="font-weight: bold; ;font-family: Verdana,Arial,sans-serif; font-size: 18px;">(</span><span style="font-style: italic; font-weight: bold; ;font-family: Verdana,Arial,sans-serif; font-size: 18px;">A</span><span style="font-weight: bold; ;font-family: Verdana,Arial,sans-serif; font-size: 18px;">) = 1 &ndash; </span><span style="font-style: italic; font-weight: bold; ;font-family: Verdana,Arial,sans-serif; font-size: 18px;">p</span><span style="font-weight: bold; ;font-family: Verdana,Arial,sans-serif; font-size: 18px;">(</span><span style="font-style: italic; font-weight: bold; ;font-family: Verdana,Arial,sans-serif; font-size: 18px;">A</span><span style="font-weight: bold; ;font-family: Verdana,Arial,sans-serif; font-size: 18px;">)</span></p>
]]></description>
<images>
<image path="section_0_1_page2.jpg" border = "0" pathbig="section_0_1_page2_big.jpg">
<title><![CDATA[]]></title>
</image>
</images>
</page>
</pages>
</section><section i="0" star="false" hasSubsections="false">
<menuImage path="mainMenu_1.jpg" border="1">
<title><![CDATA[<p><span>El suceso imposible</span></p>]]></title>
</menuImage>
<pages>
<page i="0" visible="true" color="#D5E8F0">
<title></title>
<description><![CDATA[<p><span style="font-family: Verdana,Arial,sans-serif; font-size: 18px;">&iquest;Cu&aacute;l ser&aacute;&nbsp;la probabilidad de sacar un 11 al lanzar un&nbsp;dado de 8 caras? </span></p>
]]></description>
<images>
<image path="section_1_1_page1.jpg" border = "0" pathbig="section_1_1_page1_big.jpg">
<title><![CDATA[]]></title>
</image>
</images>
</page>
<page i="0" visible="true" color="#D5E8F0">
<title></title>
<description><![CDATA[<p><span style="font-family: Verdana,Arial,sans-serif; font-size: 18px;">&iexcl;Muy bien, es 0! Al lanzar un dado de ocho caras podemos obtener un n&uacute;mero del 1 al 8, pero nunca un n&uacute;mero mayor. Entonces,</span><span style="font-weight: bold; ;font-family: Verdana,Arial,sans-serif; font-size: 18px;"> la probabilidad de un suceso imposible es 0</span><span style="font-family: Verdana,Arial,sans-serif; font-size: 18px;">.</span></p>
]]></description>
<images>
<image path="section_1_1_page2.jpg" border = "0" pathbig="section_1_1_page2_big.jpg">
<title><![CDATA[]]></title>
</image>
</images>
</page>
</pages>
</section><section i="0" star="false" hasSubsections="false">
<menuImage path="mainMenu_2.jpg" border="1">
<title><![CDATA[<p><span>La unión</span></p>]]></title>
</menuImage>
<pages>
<page i="0" visible="true" color="#E8E0D9">
<title></title>
<description><![CDATA[<p><span style="font-family: Verdana,Arial,sans-serif; font-size: 18px;">&iquest;Podr&iacute;a decir usted&nbsp;cu&aacute;l es la probabilidad de sacar un 2 o un 3 al lanzar un dado normal, de 6 caras?</span></p>
]]></description>
<images>
<image path="section_2_1_page1.jpg" border = "0" pathbig="section_2_1_page1_big.jpg">
<title><![CDATA[]]></title>
</image>
<image path="section_2_2_page1.jpg" border = "0" pathbig="section_2_2_page1_big.jpg">
<title><![CDATA[]]></title>
</image>
</images>
</page>
<page i="0" visible="true" color="#E8E0D9">
<title></title>
<description><![CDATA[<p><span style="font-family: Verdana,Arial,sans-serif; font-size: 18px;">&iexcl;Acert&oacute;! Es de 2/6, o lo que es lo mismo, 1/3 o un 33,3 % de probabilidad. </span></p>

<p><span style="font-family: Verdana,Arial,sans-serif; font-size: 18px;">La probabilidad de la uni&oacute;n de dos sucesos es igual a la suma de cada probabilidad por separado; se representar&iacute;a como:</span></p>

<p><span style="font-style: italic; font-weight: bold; ;font-family: Verdana,Arial,sans-serif; font-size: 18px;">p</span><span style="font-weight: bold; ;font-family: Verdana,Arial,sans-serif; font-size: 18px;">(</span><span style="font-style: italic; font-weight: bold; ;font-family: Verdana,Arial,sans-serif; font-size: 18px;">A</span><span style="font-weight: bold; ;font-family: Verdana,Arial,sans-serif; font-size: 18px;">&nbsp;U&nbsp;</span><span style="font-style: italic; font-weight: bold; ;font-family: Verdana,Arial,sans-serif; font-size: 18px;">B</span><span style="font-weight: bold; ;font-family: Verdana,Arial,sans-serif; font-size: 18px;">) = </span><span style="font-style: italic; font-weight: bold; ;font-family: Verdana,Arial,sans-serif; font-size: 18px;">p</span><span style="font-weight: bold; ;font-family: Verdana,Arial,sans-serif; font-size: 18px;">(</span><span style="font-style: italic; font-weight: bold; ;font-family: Verdana,Arial,sans-serif; font-size: 18px;">A</span><span style="font-weight: bold; ;font-family: Verdana,Arial,sans-serif; font-size: 18px;">) + </span><span style="font-style: italic; font-weight: bold; ;font-family: Verdana,Arial,sans-serif; font-size: 18px;">p</span><span style="font-weight: bold; ;font-family: Verdana,Arial,sans-serif; font-size: 18px;">(</span><span style="font-style: italic; font-weight: bold; ;font-family: Verdana,Arial,sans-serif; font-size: 18px;">B</span><span style="font-weight: bold; ;font-family: Verdana,Arial,sans-serif; font-size: 18px;">) si </span><span style="font-style: italic; font-weight: bold; ;font-family: Verdana,Arial,sans-serif; font-size: 18px;">A</span><span style="font-weight: bold; ;font-family: Verdana,Arial,sans-serif; font-size: 18px;"> y </span><span style="font-style: italic; font-weight: bold; ;font-family: Verdana,Arial,sans-serif; font-size: 18px;">B</span><span style="font-weight: bold; ;font-family: Verdana,Arial,sans-serif; font-size: 18px;"> son sucesos incompatibles.</span></p>
]]></description>
<images>
<image path="section_2_1_page2.jpg" border = "0" pathbig="section_2_1_page2_big.jpg">
<title><![CDATA[]]></title>
</image>
<image path="section_2_2_page2.jpg" border = "0" pathbig="section_2_2_page2_big.jpg">
<title><![CDATA[]]></title>
</image>
</images>
</page>
</pages>
</section><section i="0" star="false" hasSubsections="false">
<menuImage path="mainMenu_3.jpg" border="1">
<title><![CDATA[<p><span>La inclusión</span></p>]]></title>
</menuImage>
<pages>
<page i="0" visible="true" color="#F0CDD1">
<title></title>
<description><![CDATA[<p><span style="font-family: Verdana,Arial,sans-serif; font-size: 18px;">&iquest;Podr&iacute;a&nbsp;decir qu&eacute; evento tiene mayor probabilidad al lanzar un dado de 6 caras? </span></p>

<p><span style="font-family: Verdana,Arial,sans-serif; font-size: 18px;">Evento A: obtener un</span>&nbsp;<span style="font-family: Verdana,Arial,sans-serif; font-size: 18px;">n&uacute;mero par al lanzar un&nbsp;dado.&nbsp;</span></p>

<p><span style="font-family: Verdana,Arial,sans-serif; font-size: 18px;">Evento B: obtener el n&uacute;meros&nbsp;6 al lanzar un dado.</span></p>
]]></description>
<images>
<image path="section_3_1_page1.jpg" border = "0" pathbig="section_3_1_page1_big.jpg">
<title><![CDATA[]]></title>
</image>
</images>
</page>
<page i="0" visible="true" color="#F0CDD1">
<title></title>
<description><![CDATA[<p><span style="font-family:verdana,geneva,sans-serif;">En efecto, la probabilidad de sacar un n&uacute;mero par es mayor, ya que el suceso sacar el n&uacute;mero 6 est&aacute; incluido dentro del suceso sacar un n&uacute;mero par.</span></p>

<p><span style="font-family:verdana,geneva,sans-serif;">Entonces, l&oacute;gicamente, la probabilidad del suceso que contiene al otro, ser&aacute; siempre mayor.</span></p>
<span style="font-family:verdana,geneva,sans-serif;"><em><strong>p(A) = p(B) si y solo si A C B Y B C A</strong></em></span>

<p><span style="font-family:verdana,geneva,sans-serif;"><strong>Teniendo en cuenta que <em>p(A)</em> significa probabilidad de A.</strong></span></p>

<p></p>

<p></p>
]]></description>
<images>
<image path="section_3_1_page2.jpg" border = "0" pathbig="section_3_1_page2_big.jpg">
<title><![CDATA[]]></title>
</image>
</images>
</page>
</pages>
</section><section i="0" star="false" hasSubsections="false">
<menuImage path="mainMenu_4.jpg" border="1">
<title><![CDATA[<p><span>El suceso compuesto</span></p>]]></title>
</menuImage>
<pages>
<page i="0" visible="true" color="#D3E9DF">
<title></title>
<description><![CDATA[<p><span style="font-family: Verdana,Arial,sans-serif; font-size: 18px;">&iquest;Podr&iacute;a&nbsp;decir cu&aacute;l es la probabilidad de sacar un n&uacute;mero impar al lanzar un dado de ocho caras?</span></p>
]]></description>
<images>
<image path="section_4_1_page1.jpg" border = "0" pathbig="section_4_1_page1_big.jpg">
<title><![CDATA[]]></title>
</image>
</images>
</page>
<page i="0" visible="true" color="#D3E9DF">
<title></title>
<description><![CDATA[<p><span style="font-family: Verdana,Arial,sans-serif; font-size: 18px;">Muy bien, esta probabilidad es de 0,5, ya que la probabilidad de un suceso compuesto equivale a la suma de cada suceso elemental contenido en &eacute;l. As&iacute;, la probabilidad de sacar un n&uacute;mero impar ser&aacute; igual a la probabilidad de sacar un 1, un 3, un 5 o un 7, por lo tanto: </span></p>

<p><span style="font-style: italic; font-weight: bold; ;font-family: Verdana,Arial,sans-serif; font-size: 18px;">p</span><span style="font-weight: bold; ;font-family: Verdana,Arial,sans-serif; font-size: 18px;">(impar) = 0,125 + 0,125 + 0,125 + 0,125 = 0,5</span></p>
]]></description>
<images>
<image path="section_4_1_page2.jpg" border = "0" pathbig="section_4_1_page2_big.jpg">
<title><![CDATA[]]></title>
</image>
</images>
</page>
</pages>
</section></sections>
</engine>