﻿<?xml version="1.0" encoding="utf-8"?><motor tipo="2" clase="a" aprid="M2a">
  <plataforma>
    <grado><![CDATA[2]]></grado>
    <titulo>Enuncia las propiedades de las probabilidades</titulo>
    <area>3</area>
    <nivel><![CDATA[1]]></nivel>
    <referencia><![CDATA[MT_10_12_07]]></referencia>
    <idreg><![CDATA[210]]></idreg>
    <motor><![CDATA[M2A]]></motor>
    <lang>es</lang>
  </plataforma>
  <enunciado><![CDATA[Arrastra a los espacios las propiedades de la probabilidad de manera que el párrafo tenga sentido y sea correcto.]]></enunciado>
  <masinfo inicio="0"/>
  <calc><![CDATA[1]]></calc>
  <sonido/>
  <textoacategoria>
    <cuestion>
      <pregunta><![CDATA[La probabilidad de un suceso siempre tiene un valor comprendido entre [*] y [*]. Si tenemos dos sucesos A y B y estos son [*], la intersección de los dos es el conjunto [*], mientras que la probabilidad de la unión de ambos es la [*] de la probabilidad de cada uno de ellos. Por otro lado, la probabilidad de un suceso [*] es cero, mientras que la probabilidad de un suceso [*] es uno. Si el suceso A está dentro del suceso B, la probabilidad del suceso B es [*] que la del suceso A. La probabilidad del suceso [*] de A es igual a 1 menos la [*] del suceso A.]]></pregunta>
      <respuestas>
        <respuesta orden="1"><![CDATA[cero]]></respuesta>
        <respuesta orden="2"><![CDATA[uno]]></respuesta>
        <respuesta orden="3"><![CDATA[incompatibles]]></respuesta>
        <respuesta orden="4"><![CDATA[vacío]]></respuesta>
        <respuesta orden="5"><![CDATA[suma]]></respuesta>
        <respuesta orden="6"><![CDATA[imposible]]></respuesta>
        <respuesta orden="7"><![CDATA[seguro]]></respuesta>
        <respuesta orden="8"><![CDATA[mayor]]></respuesta>
        <respuesta orden="9"><![CDATA[contrario]]></respuesta>
        <respuesta orden="10"><![CDATA[probabilidad]]></respuesta>
      </respuestas>
    </cuestion>
  </textoacategoria>
  <textofalso cantidad="0"/>
</motor>