﻿<?xml version="1.0" encoding="utf-8"?><motor tipo="5" clase="a" aprid="m5a">
  <plataforma>
    <grado><![CDATA[2]]></grado>
    <titulo>Práctica la unión y la intersección de sucesos</titulo>
    <area>0</area>
    <nivel>1</nivel>
    <referencia/>
    <idreg><![CDATA[0]]></idreg>
    <motor><![CDATA[M5A]]></motor>
    <lang>es</lang>
  </plataforma>
  <enunciado><![CDATA[Desarrolla las uniones, intersecciones, diferencia y contrario de un suceso según sea solicitado, con base en los eventos probabilísticos descritos en la ventana Más información.]]></enunciado>
  <masinfo inicio="1"><![CDATA[Dos estudiantes juegan con un dado y analizan los siguientes eventos al lanzarlo:A =  [obtener un número par]B = [obtener un número impar]C = [obtener un número mayor o igual a 3]D = [obtener un número divisor de 18]E = [obtener un número cuadrado]]]></masinfo>
  <sinaleatoriedad><![CDATA[0]]></sinaleatoriedad>
  <calc><![CDATA[0]]></calc>
  <respuestaunica><![CDATA[0]]></respuestaunica>
  <test cantidad="10">
    <cuestion>
      <enunciado><![CDATA[A ⋃ B está formado por los resultados:]]></enunciado>
      <explicacion/>
      <imagen><![CDATA[MA_09_13_CO_REC30_IMG01n.png]]></imagen>
      <ampliacion><![CDATA[MA_09_13_CO_REC30_IMG01a.png]]></ampliacion>
      <respuestas>
        <respuesta contestacion="[1, 2, 3, 4, 5, 6] " correcta="1"/>
        <respuesta contestacion="[∅]" correcta="0"/>
        <respuesta contestacion="[2, 3, 4]" correcta="0"/>
        <respuesta contestacion="[0, 1, 2, 3, 4, 5, 6]" correcta="0"/>
      </respuestas>
    </cuestion>
    <cuestion>
      <enunciado><![CDATA[A ⋃ C está formado por los resultados:]]></enunciado>
      <explicacion/>
      <imagen><![CDATA[MA_09_13_CO_REC30_IMG02n.png]]></imagen>
      <ampliacion><![CDATA[MA_09_13_CO_REC30_IMG02a.png]]></ampliacion>
      <respuestas>
        <respuesta contestacion="[4, 5, 6]" correcta="0"/>
        <respuesta contestacion="[2, 3, 4, 5, 6] " correcta="1"/>
        <respuesta contestacion="[1]" correcta="0"/>
        <respuesta contestacion="[4, 6]" correcta="0"/>
      </respuestas>
    </cuestion>
    <cuestion>
      <enunciado><![CDATA[A ⋃ D está formado por los resultados:]]></enunciado>
      <explicacion/>
      <imagen><![CDATA[MA_09_13_CO_REC30_IMG03n.png]]></imagen>
      <ampliacion><![CDATA[MA_09_13_CO_REC30_IMG03a.png]]></ampliacion>
      <respuestas>
        <respuesta contestacion="[5]" correcta="0"/>
        <respuesta contestacion="[1, 2, 3, 4, 6] " correcta="1"/>
        <respuesta contestacion="[2, 6]" correcta="0"/>
        <respuesta contestacion="[1, 2, 3, 4, 5, 6]" correcta="0"/>
      </respuestas>
    </cuestion>
    <cuestion>
      <enunciado><![CDATA[A – E está formado por los resultados:]]></enunciado>
      <explicacion/>
      <imagen><![CDATA[MA_09_13_CO_REC30_IMG04n.png]]></imagen>
      <ampliacion><![CDATA[MA_09_13_CO_REC30_IMG04a.png]]></ampliacion>
      <respuestas>
        <respuesta contestacion="[2, 4, 4, 6]" correcta="0"/>
        <respuesta contestacion="[2, 4, 6] " correcta="0"/>
        <respuesta contestacion="[4]" correcta="0"/>
        <respuesta contestacion="[2, 6] " correcta="1"/>
      </respuestas>
    </cuestion>
    <cuestion>
      <enunciado><![CDATA[D ⋃ E está formado por los resultados:]]></enunciado>
      <explicacion/>
      <imagen><![CDATA[MA_09_13_CO_REC30_IMG05n.png]]></imagen>
      <ampliacion><![CDATA[MA_09_13_CO_REC30_IMG05a.png]]></ampliacion>
      <respuestas>
        <respuesta contestacion="[1, 2, 3, 4, 5, 6]" correcta="0"/>
        <respuesta contestacion="[2, 4, 6] " correcta="0"/>
        <respuesta contestacion="[5]" correcta="0"/>
        <respuesta contestacion="[1, 2, 3, 4, 6] " correcta="1"/>
      </respuestas>
    </cuestion>
    <cuestion>
      <enunciado><![CDATA[D ⋂ C está formado por los resultados:]]></enunciado>
      <explicacion/>
      <imagen><![CDATA[MA_09_13_CO_REC30_IMG06n.png]]></imagen>
      <ampliacion><![CDATA[MA_09_13_CO_REC30_IMG06a.png]]></ampliacion>
      <respuestas>
        <respuesta contestacion="[1, 2, 3, 4, 5, 6]" correcta="0"/>
        <respuesta contestacion="[∅] " correcta="0"/>
        <respuesta contestacion="[3, 6] " correcta="1"/>
        <respuesta contestacion="[1, 5] " correcta="0"/>
      </respuestas>
    </cuestion>
    <cuestion>
      <enunciado><![CDATA[El contrario del suceso D está formado por los resultados:]]></enunciado>
      <explicacion/>
      <imagen><![CDATA[MA_09_13_CO_REC30_IMG07n.png]]></imagen>
      <ampliacion><![CDATA[MA_09_13_CO_REC30_IMG07a.png]]></ampliacion>
      <respuestas>
        <respuesta contestacion="[1, 2, 3, 4, 6]" correcta="0"/>
        <respuesta contestacion="[4, 5] " correcta="1"/>
        <respuesta contestacion="[1, 2, 3, 4, 5, 6] " correcta="0"/>
        <respuesta contestacion="[1, 5] " correcta="0"/>
      </respuestas>
    </cuestion>
    <cuestion>
      <enunciado><![CDATA[El contrario del suceso E está formado por los resultados:]]></enunciado>
      <explicacion/>
      <imagen><![CDATA[MA_09_13_CO_REC30_IMG08n.png]]></imagen>
      <ampliacion><![CDATA[MA_09_13_CO_REC30_IMG08a.png]]></ampliacion>
      <respuestas>
        <respuesta contestacion="[2, 3, 5, 6] " correcta="1"/>
        <respuesta contestacion="[4] " correcta="0"/>
        <respuesta contestacion="[1, 2, 3, 4, 5, 6] " correcta="0"/>
        <respuesta contestacion="[∅] " correcta="0"/>
      </respuestas>
    </cuestion>
    <cuestion>
      <enunciado><![CDATA[B ⋂ D está formado por los resultados:]]></enunciado>
      <explicacion/>
      <imagen><![CDATA[MA_09_13_CO_REC30_IMG09n.png]]></imagen>
      <ampliacion><![CDATA[MA_09_13_CO_REC30_IMG09a.png]]></ampliacion>
      <respuestas>
        <respuesta contestacion="[1, 3] " correcta="1"/>
        <respuesta contestacion="[2, 4, 5, 6] " correcta="0"/>
        <respuesta contestacion="[1, 2, 3, 5, 6] " correcta="0"/>
        <respuesta contestacion="[1, 2, 3, 4, 5, 6] " correcta="0"/>
      </respuestas>
    </cuestion>
    <cuestion>
      <enunciado><![CDATA[El contrario del suceso A está formado por los resultados:]]></enunciado>
      <explicacion/>
      <imagen><![CDATA[MA_09_13_CO_REC30_IMG10n.png]]></imagen>
      <ampliacion><![CDATA[MA_09_13_CO_REC30_IMG10a.png]]></ampliacion>
      <respuestas>
        <respuesta contestacion="[1, 3] " correcta="0"/>
        <respuesta contestacion="[1, 2, 3, 4, 5, 6] " correcta="0"/>
        <respuesta contestacion="[2, 4, 6] " correcta="0"/>
        <respuesta contestacion="[1, 3, 5] " correcta="1"/>
      </respuestas>
    </cuestion>
  </test>
</motor>