﻿<?xml version="1.0" encoding="utf-8"?>
<motor tipo="102" clase="ab" aprid="m102ab">
  <plataforma>
    <grado><![CDATA[1]]></grado>
    <titulo>Soluciona sistemas de ecuaciones lineales con Geogebra</titulo>
    <volumen><![CDATA[1]]></volumen>
    <nivel><![CDATA[1]]></nivel>
    <referencia><![CDATA[EX_PLANTILLA_M102AB]]></referencia>
    <motor><![CDATA[M102ab]]></motor>
    <lang>es</lang>
  </plataforma>
  <enunciado><![CDATA[Explora el siguiente recurso que permite  solucionar sistemas de ecuaciones haciendo uso del software de geometría dinámica. ]]></enunciado>
  <masinfo inicio="0" />
  <textoupload />
  <adjunto />
  <url />
  <amano><![CDATA[0]]></amano>
</motor>