﻿<?xml version="1.0" encoding="UTF-8"?>
<XMLDatos aprid="F">
  <titol><![CDATA[Potencias de exponente fraccionario y su equivalencia con las raíces]]></titol>
  <!-- Pantalla 01 -->
  <titol_01><![CDATA[¿Sabes cuánto es  &nbsp;&nbsp;&nbsp;&nbsp;   ?<br/>
Utiliza una calculadora aritmética.]]></titol_01>
  <txt_1_01><![CDATA[Escribe:




Observa que da el mismo resultado que si escribes:

    


Por lo tanto, tenemos la igualdad:]]></txt_1_01>
  <!-- Pantalla 02 -->
  <titol_02><![CDATA[Vamos a ver ahora cuánto es]]></titol_02>
  <txt_2_01><![CDATA[Escribe


            

Es igual que si escribes 


            

Ahora se tiene esta nueva igualdad:]]></txt_2_01>
  <!-- Pantalla 03 -->
  <titol_03><![CDATA[Observa los resultados obtenidos.]]></titol_03>
  <txt_3_01a><![CDATA[Un número elevado a una <b>potencia de exponente fraccionario</b> es una <b>raíz</b>:]]></txt_3_01a>
  <txt_3_01><![CDATA[
    
    







El denominador es el índice de la raíz, y el numerador es el exponente del radicando.]]></txt_3_01>
  <!-- Pantalla 04 -->
  <titol_04><![CDATA[Veamos un ejemplo:]]></titol_04>
  <!-- Pantalla 05 -->
  <titol_05><![CDATA[De la misma manera, toda raíz puede escribirse como una potencia de exponente fraccionario:]]></titol_05>
  <txt_boto_practica><![CDATA[PRACTICA]]></txt_boto_practica>
  <!-- PRACTICA -->
  <titol_practica_1><![CDATA[Expresa las potencias fraccionarias como raíz y las raíces como potencias fraccionarias.]]></titol_practica_1>
  <txt_boto_solucion><![CDATA[SOLUCIÓN]]></txt_boto_solucion>
</XMLDatos>