<?xml version="1.0" encoding="UTF-8"?>
<?xml-stylesheet href="cuadernoestudio/dtd/libro.xslt" type="text/xsl"?>
<!--Arbortext, Inc., 1988-2013, v.4002-->
<!DOCTYPE libro SYSTEM "cuadernoestudio/dtd/libro.dtd">
<?Pub Inc?>
<libro id="MT_10_07">
<libroTitulo>Las funciones lineales y cuadráticas</libroTitulo>
<seccion1 id="S1_MT_10_07_07438695BDA54CEB875319D0A34483ED">
<seccion1Titulo>La dependencia lineal</seccion1Titulo>
<seccion1Texto>
<p>Cuando el valor de una magnitud depende del valor que toma otra,
decimos que existe una relación de <negrita>dependencia</negrita>.
Por ejemplo, la cantidad de esmalte necesario para pintar una pared
estará en función de los metros cuadrados que queramos cubrir; los
ingresos de una empresa estarán en función de las unidades vendidas
de su producto; y el tiempo que tardemos en recorrer una distancia
dependerá de los kilómetros que tengamos que caminar, considerando
que mantenemos la misma velocidad en todo el trayecto.</p>
<imagen ampliable="no" src="MT_10_07_img10_small.jpg">
<p>La cantidad de esmalte necesario para pintar una pared está en <negrita>relación de dependencia lineal</negrita> con la superficie de dicha
pared.</p>
</imagen>
<p>Las relaciones de dependencia entre dos magnitudes en las que,
al aumentar una de ellas, se incrementa la otra en la misma proporción
y viceversa reciben el nombre de <negrita>dependencia lineal</negrita>.</p>
<p>En un sistema de coordenadas cartesianas, el gráfico de dos magnitudes
que presentan una relación de dependencia lineal es una <negrita>línea
recta</negrita>.</p>
<p>Para que estas relaciones de dependencia lineal sean consideradas
una función, es necesario que a cada valor de la variable independiente
le corresponda un único valor de la variable dependiente.</p>
<p>La expresión de estas relaciones mediante ecuaciones matemáticas
nos permite obtener mucha información con facilidad. El convenio que
utilizaremos para estudiar algunas de las funciones matemáticas más
sencillas es el siguiente:</p>
<listaSinNumerar>
<listaElemento>La <negrita>variable independiente</negrita> se representa
por <negritacursiva>x</negritacursiva>. El conjunto de valores que
puede tomar se llama <negrita><cursiva>dominio</cursiva></negrita> de la función.</listaElemento>
<listaElemento>La <negrita>variable dependiente</negrita> o <negrita>imagen</negrita> se representa por <negritacursiva>y</negritacursiva> o<negritacursiva> f</negritacursiva><negrita>(</negrita><negritacursiva>x</negritacursiva><negrita>)</negrita>. El conjunto de valores que
puede tomar, o conjunto de llegada, recibe el nombre de <negrita><cursiva>recorrido</cursiva></negrita> de la función.</listaElemento>
</listaSinNumerar>
<seccion2 id="S2_MT_10_07_60C11C0281BEF4455E378C6ADE201308">
<seccion2Titulo>Consolidación</seccion2Titulo>
<seccion2Texto>
<p>Actividades para consolidar lo que has aprendido en esta sección. </p>
<practica>
<enlace destino="/LoIdRedirect.aspx?LoId=MT_10_07_Recurso270&amp;IdRecurso=RES-B9C561C481B84BDCB9A1FE7FB9C23F03">Refuerza tu aprendizaje: La dependencia lineal</enlace>
</practica></seccion2Texto></seccion2></seccion1Texto></seccion1>
<seccion1 id="S1_MT_10_07_21C4CD360847420B906CB27B6FA22E0E">
<seccion1Titulo>Las funciones lineales</seccion1Titulo>
<seccion1Texto>
<p>Las <negrita>funciones lineales</negrita> son aquellas en las que
la variable <cursiva>y</cursiva> tiene una relación de dependencia
lineal respecto de la variable <cursiva>x</cursiva>, por lo que su
representación gráfica es una recta. Su expresión algebraica es:</p>
<p centrado="si">         <negritacursiva>y</negritacursiva><negrita> = </negrita><negritacursiva>mx </negritacursiva><negrita>+</negrita><negritacursiva> b</negritacursiva>       </p>
<listaSinNumerar>
<listaElemento>El coeficiente del término con <cursiva>x</cursiva> se denomina <negritacursiva>m</negritacursiva> o <negrita><cursiva>pendiente</cursiva></negrita>, y mide la inclinación de la recta
respecto al eje de las abscisas.</listaElemento>
<listaElemento>El coeficiente <negritacursiva>b</negritacursiva> se
denomina <negrita><cursiva>ordenada en el origen</cursiva></negrita> y es el valor que toma la función cuando <cursiva>x</cursiva> es
igual a 0 (es el punto de ordenadas donde la recta corta el eje Y).</listaElemento>
</listaSinNumerar>
<destacado><destacadoTitulo>La pendiente de una recta</destacadoTitulo>
<destacadoTexto>
<p>El coeficiente <cursiva>m</cursiva>, denominado pendiente, mide
la inclinación de la recta respecto al eje X.</p>
<listaSinNumerar>
<listaElemento>Si <cursiva>m</cursiva> &gt; 0, la función es creciente.</listaElemento>
<listaElemento>Si <cursiva>m</cursiva> &lt; 0, la función es decreciente.</listaElemento>
<listaElemento>Si <cursiva>m</cursiva> = 0, la función ni crece ni
decrece, es constante.</listaElemento>
</listaSinNumerar>
<p>Para calcular <cursiva>m</cursiva> conociendo dos puntos de la
función, se aplica la siguiente fórmula:</p>
<formula alineacion="centrada" src="MT_10_07_formula1_resized.gif">
</formula>
</destacadoTexto></destacado>
<p>En función de los valores que toman la pendiente <cursiva>m</cursiva> y la ordenada en el origen <cursiva>b</cursiva>, podemos distinguir <negrita>tres tipos</negrita> de funciones lineales:</p>
<listaSinNumerar>
<listaElemento>La función afín o polinómica de primer grado.</listaElemento>
<listaElemento>La función lineal o de proporcionalidad directa.</listaElemento>
<listaElemento>La función constante.</listaElemento>
</listaSinNumerar>
<practica>
<enlace destino="/LoIdRedirect.aspx?LoId=MT_10_07_Recurso250&amp;IdRecurso=RES-C0C552F125DD4BA1B2B972E54E7224AE">¿Qué recuerdas de las funciones?</enlace>
</practica><seccion2 id="S2_MT_10_07_8B2D40215C2C4EA69F894CACC282AADD">
<seccion2Titulo>La función afín o polinómica de primer grado</seccion2Titulo>
<seccion2Texto>
<p>La expresión algebraica de la función afín es un <negrita>polinomio
de primer grado</negrita>, y su expresión coincide con la fórmula
general:</p>
<p centrado="si">             <cursiva>y</cursiva> = <cursiva>mx</cursiva> + <cursiva>b</cursiva></p>
<p>Donde <cursiva>m</cursiva> y <cursiva>b</cursiva> son dos números
reales cualesquiera, con las siguientes características:</p>
<listaSinNumerar>
<listaElemento>               <negritacursiva>m </negritacursiva><negrita>≠ 0</negrita>: la pendiente es diferente de cero, es decir, la recta
tiene una inclinación respecto al eje de abscisas.</listaElemento>
<listaElemento>               <negritacursiva>b </negritacursiva><negrita>≠ 0</negrita>: indica el punto de corte de la función con el eje
de ordenadas (0, <cursiva>b</cursiva>).</listaElemento>
</listaSinNumerar>
</seccion2Texto></seccion2><seccion2 id="S2_MT_10_07_DAAF76756D334A32BD7053BDE3573CED">
<seccion2Titulo>La función lineal o de proporcionalidad directa</seccion2Titulo>
<seccion2Texto>
<p>Las <negrita>funciones de proporcionalidad directa</negrita> son
polinomios de primer grado donde la ordenada en el origen <cursiva>b</cursiva> vale cero. El gráfico es una recta que pasa por el origen
de coordenadas (0, 0). Su expresión algebraica es:</p>
<p centrado="si">             <cursiva>y</cursiva> = <cursiva>mx</cursiva></p>
<p>El valor de la pendiente <cursiva>m</cursiva> es distinto de cero
y también se conoce como <negrita><cursiva>constante de proporcionalidad</cursiva></negrita>.</p>
<recuerda><recuerdaTexto>
<p>En las funciones de proporcionalidad directa se cumple:</p>
<p centrado="si">                 <cursiva>m</cursiva> ≠ 0 y <cursiva>b</cursiva> = 0</p>
</recuerdaTexto></recuerda></seccion2Texto></seccion2><seccion2 id="S2_MT_10_07_28EDACD8D5704617BC801023BDD63177">
<seccion2Titulo>La función constante</seccion2Titulo>
<seccion2Texto>
<p>Si tenemos una función afín con pendiente igual a cero, entonces
la recta que la representa es paralela al eje de abscisas y se trata
de una <negrita>función constante</negrita>. Su expresión algebraica
es:</p>
<p centrado="si">             <cursiva>y</cursiva> = <cursiva>n</cursiva></p>
<p>Sea cual sea el valor de <cursiva>x</cursiva>, la función siempre
tomará el mismo valor <negritacursiva>n</negritacursiva>, siendo <negritacursiva>n</negritacursiva> un número real cualquiera.</p>
<p>Su representación es una línea horizontal, paralela al eje de abscisas
y que corta el eje de ordenadas en el punto (0, <cursiva>n</cursiva>).</p>
<p>             <negrita>¡Atención!</negrita> Las funciones constantes
no son polinómicas de primer grado.</p>
<table border="1"><caption>Las funciones lineales</caption>
<tr>
<td>FUNCIÓN</td>
<td>ECUACIÓN</td>
<td>CARACTERÍSTICAS</td>
</tr>
<tr>
<td>                 Afín o polinómica de primer grado           
   </td>
<td>                 <cursiva>y </cursiva>= <cursiva>mx </cursiva>+<cursiva> b</cursiva></td>
<td>                 <cursiva>m</cursiva> ≠ 0<br/><cursiva>b</cursiva> ≠ 0</td>
</tr>
<tr>
<td>                 De proporcionalidad directa</td>
<td>                 <cursiva>y </cursiva>=<cursiva> mx</cursiva></td>
<td>                 <cursiva>m</cursiva> ≠ 0 <br/><cursiva>b </cursiva>= 0</td>
</tr>
<tr>
<td>                 Constante               </td>
<td>                 <cursiva>y </cursiva>=<cursiva> n</cursiva></td>
<td>                 <cursiva>m</cursiva> = 0 <br/><cursiva>b </cursiva>= <cursiva>n</cursiva></td>
</tr>
</table>
<profundiza>
<enlace destino="/LoIdRedirect.aspx?LoId=MT_10_07_Recurso010&amp;IdRecurso=RES-6B5A6A0952AF42F1B50DD65571CE2330">La dependencia lineal</enlace>
<no-imprimible/></profundiza><practica>
<enlace destino="/LoIdRedirect.aspx?LoId=MT_10_07_Recurso090&amp;IdRecurso=RES-32412B7215EC462FA1878CB7C8E0B431">Repasa las funciones lineales y afines</enlace>
<enlace destino="/LoIdRedirect.aspx?LoId=MT_10_07_Recurso100&amp;IdRecurso=RES-1BFFE955B29A4FA3A4427B6BBC5CD618">Practica los tipos de funciones lineales</enlace>
</practica></seccion2Texto></seccion2><seccion2 id="S2_MT_10_07_7C22DADE4B122575F76505C368201308">
<seccion2Titulo>Consolidación</seccion2Titulo>
<seccion2Texto>
<p>Actividades para consolidar lo que has aprendido en esta sección. </p>
<practica>
<enlace destino="/LoIdRedirect.aspx?LoId=MT_10_07_Recurso280&amp;IdRecurso=RES-671EC5B357534B2BA98CF74724F4B07D">Refuerza tu aprendizaje: Las funciones lineales</enlace>
</practica></seccion2Texto></seccion2></seccion1Texto></seccion1>
<seccion1 id="S1_MT_10_07_49751C9FB2F244F18E7AC51A5881B1E5">
<seccion1Titulo>Las funciones cuadráticas</seccion1Titulo>
<seccion1Texto>
<p>Las <negrita>funciones cuadráticas</negrita> son funciones polinómicas
de grado 2. Su expresión algebraica general es:</p>
<p centrado="si">         <cursiva>y</cursiva> = <cursiva>ax</cursiva><superindice>2</superindice> + <cursiva>bx</cursiva> + <cursiva>c</cursiva></p>
<p>Donde <cursiva>a</cursiva> ≠ 0.</p>
<seccion2 id="S2_MT_10_07_1E22771BD2CD4EFE981F66DA6E0221F5">
<seccion2Titulo>La representación gráfica de las funciones cuadráticas</seccion2Titulo>
<seccion2Texto>
<p>Para obtener la representación gráfica de una función cuadrática,
debemos construir una tabla de valores y, después, ubicar los pares
ordenados obtenidos en un sistema de coordenadas cartesianas.</p>
<p>Para ello, debemos asignar valores a la variable <cursiva>x</cursiva> y calcular mediante la función los que corresponden a la variable
dependiente <cursiva>y</cursiva>. Así, si construimos una tabla de
valores para la función <cursiva>y</cursiva> = <cursiva>x<superindice>2</superindice></cursiva>, obtenemos:</p>
<table border="1"><caption>               <cursiva>y</cursiva> = <cursiva>x<superindice>2</superindice></cursiva></caption>
<tr>
<td>                 <negrita>                   <cursiva>x</cursiva>                 </negrita>               </td>
<td>                 <negrita>                   <cursiva>y</cursiva>                 </negrita>               </td>
</tr>
<tr>
<td>0</td>
<td>0</td>
</tr>
<tr>
<td>1</td>
<td>1</td>
</tr>
<tr>
<td>–1</td>
<td>1</td>
</tr>
<tr>
<td>2</td>
<td>4</td>
</tr>
<tr>
<td>–2</td>
<td>4</td>
</tr>
</table>
<p>             <negrita>¡Atención!</negrita> Fijémonos en que los
valores de <cursiva>y</cursiva> siempre son positivos, cualquiera
que sea el signo de <cursiva>x</cursiva> (positivo o negativo), ya
que cualquier número elevado a un <negrita>exponente par</negrita> da como resultado un número <negrita>positivo</negrita>.</p>
<p>Representamos los puntos de la tabla en un sistema de coordenadas
cartesianas y obtenemos el gráfico de la función:</p>
<imagen imprimir-grande="si" src="MT_10_07_img1_small.jpg">
<p>Gráfico de la <negrita>función cuadrática </negrita><cursiva>y</cursiva> = <cursiva>x</cursiva><superindice>2</superindice>.</p>
</imagen>
<p>El gráfico de una función cuadrática de la forma <cursiva>y</cursiva> = <cursiva>x</cursiva><superindice>2</superindice> es una parábola,
que presenta las siguientes características:</p>
<listaSinNumerar>
<listaElemento>Tiene un <negrita>eje de simetría</negrita> que coincide
con el eje Y.</listaElemento>
<listaElemento>El eje de simetría corta el gráfico en un punto, denominado <negrita><cursiva>vértice</cursiva></negrita> de la parábola, donde la función
alcanza su valor mínimo.</listaElemento>
</listaSinNumerar>
<p>Para estudiar la función cuadrática <cursiva>y</cursiva> = −<cursiva>x</cursiva><superindice>2</superindice>, asignamos valores a la variable <cursiva>x</cursiva> y obtenemos los de <cursiva>y</cursiva>, para construir
una tabla de valores:</p>
<table border="1"><caption>               <cursiva>y</cursiva> = –<cursiva>x</cursiva><superindice>2</superindice></caption>
<tr>
<td>                 <negrita>                   <cursiva>x</cursiva>                 </negrita>               </td>
<td>                 <negrita>                   <cursiva>y</cursiva>                 </negrita>               </td>
</tr>
<tr>
<td>0</td>
<td>0</td>
</tr>
<tr>
<td>1</td>
<td>–1</td>
</tr>
<tr>
<td>–1</td>
<td>–1</td>
</tr>
<tr>
<td>2</td>
<td>–4</td>
</tr>
<tr>
<td>–2</td>
<td>–4</td>
</tr>
</table>
<p>Representamos los valores de la tabla en un sistema de coordenadas
cartesianas y obtenemos el gráfico de la función:</p>
<imagen imprimir-grande="si" src="MT_10_07_img2_small.jpg">
<p>Gráfico de la función <cursiva>y</cursiva> = –<cursiva>x</cursiva><superindice>2</superindice>.</p>
</imagen>
<p>El gráfico de la función <cursiva>y</cursiva> = −<cursiva>x</cursiva><superindice>2</superindice> también es una parábola, pero en este
caso las ramas están dirigidas hacia abajo. La parábola obtenida tiene
las siguientes características:</p>
<listaSinNumerar>
<listaElemento>Tiene un <negrita>eje de simetría</negrita> que coincide
con el eje Y.</listaElemento>
<listaElemento>El eje de simetría corta el gráfico en el punto (0,
0), denominado <negrita><cursiva>vértice</cursiva></negrita> de la
parábola, donde toma su máximo valor.</listaElemento>
</listaSinNumerar>
<recuerda><recuerdaTexto>
<p>Si el <negrita>coeficiente de <cursiva>x</cursiva><superindice>2</superindice></negrita> es negativo, las ramas de la parábola se
dirigen hacia abajo, y si es positivo, hacia arriba.</p>
</recuerdaTexto></recuerda>
<p>El valor absoluto del coeficiente del término con <cursiva>x</cursiva><superindice>2</superindice> determina la abertura de la parábola.
Observemos la representación gráfica de las seis funciones cuadráticas
siguientes, que difieren solo en el coeficiente de <cursiva>x</cursiva><superindice>2</superindice>:</p>
<table border="1"><colgroup><col/><col/><col/></colgroup>
<tr>
<td>                   <cursiva>y</cursiva> = 25<cursiva>x</cursiva><superindice>2</superindice></td>
<td>                   <cursiva>y</cursiva> = <cursiva>x</cursiva><superindice>2</superindice></td>
<td>                   <cursiva>y</cursiva> = 0,1<cursiva>x</cursiva><superindice>2</superindice></td>
</tr>
<tr>
<td>                   <cursiva>y</cursiva> = –25<cursiva>x</cursiva><superindice>2</superindice></td>
<td>                   <cursiva>y</cursiva> = –<cursiva>x</cursiva><superindice>2</superindice></td>
<td>                   <cursiva>y</cursiva> = –0,1<cursiva>x</cursiva><superindice>2</superindice></td>
</tr>
</table>
<imagen imprimir-grande="si" src="MT_10_07_img3_small.jpg">
<p>Observa cómo cambian las configuraciones de estas funciones cuadráticas,
según el valor del <negrita>coeficiente del término de segundo grado</negrita>.</p>
</imagen>
<p>Si observamos el signo y el valor del coeficiente del término de
segundo grado, vemos lo siguiente:</p>
<listaSinNumerar>
<listaElemento>A mayor valor absoluto del coeficiente de las <cursiva>x</cursiva>, menor abertura de la parábola.</listaElemento>
<listaElemento>Si el coeficiente es negativo, la parábola tiene sus
ramas hacia abajo, y si es positivo, hacia arriba.</listaElemento>
</listaSinNumerar>
<destacado><destacadoTitulo>Las funciones cuadráticas</destacadoTitulo>
<destacadoTexto>
<p>La gráfica de una función cuadrática de la forma <cursiva>y</cursiva> = <cursiva>ax</cursiva><superindice>2</superindice> es una parábola
con el vértice en el origen (0, 0) y simétrica respecto al eje Y.</p>
<listaSinNumerar>
<listaElemento>Si <cursiva>a</cursiva> &gt; 0, la parábola presenta un
mínimo en su vértice y sus ramas están dirigidas hacia arriba.</listaElemento>
<listaElemento>Si <cursiva>a</cursiva> &lt; 0, la parábola presenta
un máximo en su vértice y las ramas están dirigidas hacia abajo.</listaElemento>
<listaElemento>Cuanto mayor es el valor absoluto de <cursiva>a</cursiva>, menor es la abertura de las ramas de la parábola.</listaElemento>
</listaSinNumerar>
</destacadoTexto></destacado><profundiza>
<enlace destino="/LoIdRedirect.aspx?LoId=MT_10_07_Recurso020&amp;IdRecurso=RES-21B67616863249F9A5CF1769BBDE3D09">La función cuadrática</enlace>
<no-imprimible/></profundiza></seccion2Texto></seccion2><seccion2 id="S2_MT_10_07_3857259DD23044EFA3369AC9C19260F5">
<seccion2Titulo>Las traslaciones de la función cuadrática</seccion2Titulo>
<seccion2Texto>
<p>Una función cuadrática de la forma <cursiva>y</cursiva> = <cursiva>ax</cursiva><superindice>2</superindice> se representa gráficamente
mediante una parábola simétrica respecto al eje Y, con el vértice
en el origen de coordenadas (0, 0).</p>
<p>Si trasladamos esta parábola a lo largo del eje Y o del eje X,
podemos obtener nuevas parábolas que mantendrán la misma abertura,
pero que se diferenciarán en la posición del vértice o del eje de
simetría.</p>
<p>Para analizar qué tipos de funciones cuadráticas generan estos
desplazamientos, veamos el tipo de traslaciones que podemos hacer
(vertical, horizontal y oblicua) y cómo se modifica la ecuación de
la parábola original.</p>
<seccion3 id="S3_MT_10_07_63736F040B034C979DC600D66956C9EF">
<seccion3Titulo>La traslación vertical</seccion3Titulo>
<seccion3Texto>
<p>Si trasladamos la parábola <negrita>en vertical</negrita> a lo
largo del <negrita>eje Y</negrita>, obtendremos nuevas parábolas que
tendrán la misma abertura y el mismo eje de simetría, pero vértices
diferentes.</p>
<p>En la siguiente ilustración podemos observar la parábola de la
función <cursiva>y</cursiva> = <cursiva>x</cursiva><superindice>2</superindice> (en azul), y la misma parábola trasladada tres unidades hacia arriba
(en rojo) y dos unidades hacia abajo (en verde), a lo largo del eje
Y.</p>
<imagen imprimir-grande="si" src="MT_10_07_img5_small.jpg">
<p>Gráficos de la parábola <cursiva>y</cursiva> = <cursiva>x</cursiva><superindice>2</superindice> y de dos de sus <negrita>traslaciones
verticales</negrita>.</p>
</imagen>
<p>Las dos nuevas parábolas poseen la misma forma que la original,
pero tienen sus vértices en el punto de coordenadas (0, <cursiva>q</cursiva>), con <cursiva>q</cursiva> ≠ 0. Sus ecuaciones serán de la forma:</p>
<p centrado="si">                 <cursiva>y</cursiva> = <cursiva>x</cursiva><superindice>2</superindice> + <cursiva>q</cursiva></p>
<p>Así, en el ejemplo, las dos nuevas parábolas representadas responden
a las siguientes ecuaciones y vértices:</p>
<listaSinNumerar>
<listaElemento>Tres unidades hacia arriba: <cursiva>y</cursiva> = <cursiva>x</cursiva><superindice>2</superindice> + 3, con vértice en (0, 3).</listaElemento>
<listaElemento>Dos unidades hacia abajo: <cursiva>y</cursiva> = <cursiva>x</cursiva><superindice>2</superindice> − 2, con vértice en (0, −2).</listaElemento>
</listaSinNumerar>
<p>Si <cursiva>q</cursiva> &gt; 0, la parábola se desplaza hacia arriba,
y si <cursiva>q</cursiva> &lt; 0, la parábola se desplaza hacia abajo.</p>
<destacado><destacadoTitulo>La traslación a lo largo del eje Y</destacadoTitulo>
<destacadoTexto>
<p>La traslación vertical de una parábola de ecuación <cursiva>y</cursiva> = <cursiva>x</cursiva><superindice>2</superindice> da como resultado
otra parábola con la misma abertura, pero con vértice en el punto
de coordenadas (0, <cursiva>c</cursiva>) y ecuación de la forma <cursiva>y</cursiva> = <cursiva>x</cursiva><superindice>2</superindice> + <cursiva>q</cursiva>.</p>
</destacadoTexto></destacado></seccion3Texto></seccion3><seccion3 id="S3_MT_10_07_4E1D65E5597F4C778F98E78B2A197156">
<seccion3Titulo>La traslación horizontal</seccion3Titulo>
<seccion3Texto>
<p>Si <negrita>trasladamos</negrita> la parábola <negrita>en horizontal</negrita> a lo largo del <negrita>eje X</negrita>, obtendremos nuevas parábolas
que tendrán la misma abertura, pero distinto eje de simetría y vértice.</p>
<p>En la siguiente ilustración podemos observar la parábola de la
función <cursiva>y</cursiva> = <cursiva>x</cursiva><superindice>2</superindice> (en azul), y la misma parábola trasladada tres unidades hacia la
derecha (en rojo) y dos unidades hacia la izquierda (en verde), a
lo largo del eje X.</p>
<imagen imprimir-grande="si" src="MT_10_07_img6_small.jpg">
<p>Gráficos de la parábola <cursiva>y</cursiva> = <cursiva>x</cursiva><superindice>2</superindice> y de dos de sus <negrita>traslaciones
horizontales</negrita>.</p>
</imagen>
<p>Las dos nuevas parábolas tienen la misma forma que la original,
de ecuación <cursiva>y</cursiva> = <cursiva>x</cursiva><superindice>2</superindice>, pero tienen sus vértices en el punto de coordenadas
(−<cursiva>p</cursiva>, 0), con <cursiva>p</cursiva> ≠ 0. Sus ecuaciones
serán de la forma:</p>
<p centrado="si">                 <cursiva>y</cursiva> = <cursiva>a</cursiva>(<cursiva>x</cursiva> + <cursiva>p</cursiva>)<superindice>2</superindice></p>
<p>Así, en el ejemplo, las dos nuevas parábolas representadas responden
a las siguientes ecuaciones y vértices:</p>
<listaSinNumerar>
<listaElemento>Tres unidades hacia la derecha: <cursiva>y</cursiva> = (<cursiva>x</cursiva> − 3)<superindice>2</superindice>, con vértice
en (3, 0).</listaElemento>
<listaElemento>Dos unidades hacia la izquierda: <cursiva>y</cursiva> = (<cursiva>x</cursiva> + 2)<superindice>2</superindice>, con vértice
en (−2, 0).</listaElemento>
</listaSinNumerar>
<p>Si <cursiva>p</cursiva> &gt; 0, la parábola se desplaza hacia la izquierda,
y si <cursiva>p</cursiva> &lt; 0, la parábola se desplaza hacia la
derecha.</p>
<destacado><destacadoTitulo>La traslación a lo largo del eje X</destacadoTitulo>
<destacadoTexto>
<p>La <negrita>traslación horizontal</negrita> de una parábola de
ecuación <cursiva>y</cursiva> = <cursiva>x</cursiva><superindice>2</superindice> da como resultado otra parábola con la misma abertura pero con distinto
eje de simetría, con vértice en el punto de coordenadas (−<cursiva>p</cursiva>, 0) y ecuación <cursiva>y</cursiva> = (<cursiva>x</cursiva> + <cursiva>p</cursiva>)<superindice>2</superindice>.</p>
</destacadoTexto></destacado></seccion3Texto></seccion3><seccion3 id="S3_MT_10_07_C439261D58354D3FA81E86D81C52FD0D">
<seccion3Titulo>La traslación oblicua</seccion3Titulo>
<seccion3Texto>
<p>Si efectuamos de forma sucesiva dos desplazamientos, uno horizontal
y otro vertical, decimos que hemos realizado una <negrita>traslación
oblicua</negrita>. Las nuevas parábolas tendrán la misma abertura,
pero <negrita>distinto eje de simetría</negrita> y <negrita>vértice</negrita>.</p>
<p>En la siguiente ilustración podemos observar la parábola de la
función <cursiva>y</cursiva> = <cursiva>x</cursiva><superindice>2</superindice> (en azul), y la misma parábola trasladada tres unidades hacia la
derecha y tres unidades hacia arriba (en rojo) y dos unidades hacia
la izquierda y dos unidades hacia abajo (en verde).</p>
<imagen imprimir-grande="si" src="MT_10_07_img7_small.jpg">
<p>Gráficos de la parábola <cursiva>y</cursiva> = <cursiva>x</cursiva><superindice>2</superindice> y de dos de sus <negrita>traslaciones
oblicuas</negrita>.</p>
</imagen>
<p>Las dos nuevas parábolas tienen la misma forma que la original,
de ecuación <cursiva>y</cursiva> = <cursiva>x</cursiva><superindice>2</superindice>, pero tienen sus vértices en el punto de coordenadas
(–<cursiva>p</cursiva>, <cursiva>q</cursiva>). Sus ecuaciones son
de la forma:</p>
<p centrado="si">                 <cursiva>y</cursiva> = (<cursiva>x</cursiva> + <cursiva>p</cursiva>)<superindice>2</superindice> + <cursiva>q</cursiva></p>
<p>Así, en el ejemplo, las dos nuevas parábolas representadas responden
a las siguientes ecuaciones y vértices:</p>
<listaSinNumerar>
<listaElemento>Tres unidades hacia la derecha y hacia arriba: <cursiva>y</cursiva> = (<cursiva>x</cursiva> − 3)<superindice>2</superindice> + 3, con vértice en (3, 3).</listaElemento>
</listaSinNumerar>
<listaSinNumerar>
<listaElemento>Dos unidades hacia la izquierda y hacia abajo: <cursiva>y</cursiva> = (<cursiva>x</cursiva> + 2)<superindice>2</superindice> − 2, con vértice en (−2, −2).</listaElemento>
</listaSinNumerar>
<table border="1"><caption>Las traslaciones de la función cuadrática <cursiva>y</cursiva> = <cursiva>ax</cursiva><superindice>2</superindice></caption>
<tr>
<td> TRASLACIÓN</td>
<td>VÉRTICE</td>
<td>ECUACIÓN</td>
<td>DESPLAZAMIENTO</td>
</tr>
<tr>
<td>                     Vertical                   </td>
<td>(0, <cursiva>q</cursiva>)</td>
<td>                     <cursiva>y</cursiva> = <cursiva>ax</cursiva><superindice>2</superindice> + <cursiva>q</cursiva></td>
<td> <cursiva>q</cursiva> &lt; 0, <cursiva>q</cursiva> unidades hacia
abajo. <br/><cursiva>q</cursiva> &gt; 0, <cursiva>q</cursiva> unidades
hacia arriba.</td>
</tr>
<tr>
<td>                     Horizontal                   </td>
<td>(–<cursiva>p</cursiva>, 0)</td>
<td>                     <cursiva>y</cursiva> = <cursiva>a</cursiva>(<cursiva>x</cursiva> + <cursiva>p</cursiva>)<superindice>2</superindice></td>
<td> <cursiva>p</cursiva> &lt; 0, <cursiva>p</cursiva> unidades hacia
la derecha. <br/><cursiva>p</cursiva> &gt; 0, <cursiva>p</cursiva> unidades
hacia la izquierda.</td>
</tr>
<tr>
<td>                     Oblicua                   </td>
<td>(–<cursiva>p</cursiva>, <cursiva>q</cursiva>)</td>
<td>                     <cursiva>y</cursiva> = <cursiva>a</cursiva>(<cursiva>x</cursiva> + <cursiva>p</cursiva>)<superindice>2</superindice> + <cursiva>q</cursiva></td>
<td><cursiva>q</cursiva> &lt; 0, <cursiva>q</cursiva> unidades hacia
abajo. <br/><cursiva>q</cursiva> &gt; 0, <cursiva>q</cursiva> unidades
hacia arriba. <br/><cursiva>p</cursiva> &lt; 0, <cursiva>p</cursiva> unidades hacia la derecha. <br/><cursiva>p</cursiva> &gt; 0, <cursiva>p</cursiva> unidades hacia la izquierda.</td>
</tr>
</table>
<profundiza>
<enlace destino="/LoIdRedirect.aspx?LoId=MT_10_07_Recurso030&amp;IdRecurso=RES-8D7B005F971B44E7B6A1A34541CA2D0A">Traslaciones de la función cuadrática</enlace>
<no-imprimible/></profundiza><practica>
<enlace destino="/LoIdRedirect.aspx?LoId=MT_10_07_Recurso120&amp;IdRecurso=RES-0114BEA778B442B29A2E35CE6C647CFD">Reconoce las traslaciones de la función cuadrática</enlace>
</practica></seccion3Texto></seccion3></seccion2Texto></seccion2>
<seccion2 id="S2_MT_10_07_921413CEC4FD4E34AC778C5D91B5C0C7">
<seccion2Titulo>El cálculo de las coordenadas del vértice de una parábola</seccion2Titulo>
<seccion2Texto>
<p>La fórmula general de cualquier parábola es:</p>
<p>             <negritacursiva>y </negritacursiva><negrita>=</negrita><negritacursiva> ax</negritacursiva><superindice><negrita>2</negrita></superindice> +<negritacursiva> bx </negritacursiva><negrita>+ </negrita><negritacursiva>c</negritacursiva></p>
<p>Donde <cursiva>a</cursiva>, <cursiva>b</cursiva> y <cursiva>c</cursiva> son tres números cualesquiera con <cursiva>a</cursiva> ≠ 0, y <cursiva>x</cursiva> e <cursiva>y</cursiva> son las variables independiente
y dependiente, respectivamente.</p>
<p>Por ejemplo:</p>
<p centrado="si">             <cursiva>y</cursiva> = <cursiva>x</cursiva><superindice>2</superindice> – 6<cursiva>x</cursiva> + 12</p>
<p>Donde <cursiva>a</cursiva> = 1, <cursiva>b</cursiva> = –6 y <cursiva>c</cursiva> = 12.</p>
<p>La fórmula general para calcular la coordenada <cursiva>x</cursiva> del vértice de una parábola cualquiera es:</p>
<formula alineacion="centrada" src="MT_10_07_formula2_resized.gif">
</formula>
<p>Una vez hemos hallado <cursiva>x</cursiva>, solo hay que sustituir
su valor en la ecuación de la función para encontrar la coordenada
y del vértice.</p>
<p>Por ejemplo, calculemos las coordenadas de los vértices de las
parábolas cuyas ecuaciones son:</p>
<p centrado="si">             <cursiva>y</cursiva> = <cursiva>x</cursiva><superindice>2</superindice> – 6<cursiva>x</cursiva> + 12</p>
<p centrado="si">             <cursiva>y</cursiva> = <cursiva>x</cursiva><superindice>2</superindice> + 4<cursiva>x</cursiva> + 2</p>
<listaNumerada>
<listaElemento>Calculamos la coordenada <cursiva>x</cursiva> del vértice
para la primera ecuación:<formula src="MT_10_07_formula3_resized.gif">
</formula></listaElemento>
<listaElemento>Para calcular la coordenada <cursiva>y</cursiva>, sustituimos
el valor de <cursiva>x</cursiva> en la ecuación de la parábola:<p><cursiva>y</cursiva> = <cursiva>x</cursiva><superindice>2</superindice> – 6<cursiva>x</cursiva> + 12</p><p><cursiva>y</cursiva> = 3<superindice>2</superindice> · 6(3) + 12 = 9 –18 + 12 = 3</p></listaElemento>
<listaElemento>Repetimos el mismo procedimiento para calcular las
coordenadas del vértice de la parábola de ecuación <cursiva>y</cursiva> = <cursiva>x</cursiva><superindice>2</superindice> + 4<cursiva>x</cursiva> + 2:<formula src="MT_10_07_formula4_resized.gif"/></listaElemento>
<listaElemento>               <p>Para calcular la coordenada <cursiva>y</cursiva>, sustituimos el valor hallado de x:</p>             
 <p>                 <cursiva>y</cursiva> =<cursiva>x</cursiva><superindice>2</superindice> + 4<cursiva>x</cursiva> + 2</p>               <p>(–2)<superindice>2</superindice> + 4 · (–2) + 2 = 4 – 8 + 2 = –2</p>             </listaElemento>
</listaNumerada>
<p>Así, las coordenadas de los vértices son:</p>
<listaSinNumerar>
<listaElemento>Para la parábola de ecuación <cursiva>x</cursiva><superindice>2</superindice> − 6<cursiva>x</cursiva> + 12, el vértice es (3, 3).</listaElemento>
<listaElemento>Para la parábola de ecuación <cursiva>x</cursiva><superindice>2</superindice> + 4<cursiva>x</cursiva> + 2, el vértice es (−2, −2).</listaElemento>
</listaSinNumerar>
<imagen imprimir-grande="si" src="MT_10_07_img8_small.jpg">
<p>Gráfico de las funciones <cursiva>y</cursiva> = <cursiva>x</cursiva><superindice>2</superindice> − 6<cursiva>x</cursiva> + 12 e <cursiva>y</cursiva> = <cursiva>x</cursiva><superindice>2</superindice> +
4<cursiva>x</cursiva> + 2, en los que se comprueba la <negrita>posición
de los vértices</negrita>.</p>
</imagen>
<destacado><destacadoTitulo>Las coordenadas del vértice de una parábola.</destacadoTitulo>
<destacadoTexto>
<p>Las <negrita>coordenadas </negrita><cursiva>x</cursiva> e <cursiva>y</cursiva> del <negrita>vértice de una parábola</negrita> cualquiera
se pueden expresar mediante las siguientes fórmulas:</p>
<formula alineacion="centrada" src="MT_10_07_formula5_resized.gif">
</formula>
</destacadoTexto></destacado>
<p>Por ejemplo, para calcular el vértice de la siguiente parábola: <cursiva>y</cursiva> = – <cursiva>x</cursiva><superindice>2</superindice> +
4<cursiva>x</cursiva> + 5, aplicamos las fórmulas:</p>
<p>             <cursiva>x</cursiva> = – 4 /2 · (– 1) = 2</p>
<p>             <cursiva>y</cursiva> = – (2)<superindice>2</superindice> + 4 · (–1) · 5/4 (–1) = – 16 – 20/–4 = –36/–4 = 9</p>
<p>El vértice de la parábola será el punto de coordenadas (2, 9);
como el coeficiente de <cursiva>x</cursiva><superindice>2</superindice> es menor que cero, se trata de un máximo y las ramas de la parábola
apuntan hacia abajo.</p>
<profundiza>
<enlace destino="/LoIdRedirect.aspx?LoId=MT_10_07_Recurso040&amp;IdRecurso=RES-E0184EF07AF0482CAB8D52D91D029C58">La función polinómica de segundo grado</enlace>
</profundiza><practica>
<enlace destino="/LoIdRedirect.aspx?LoId=MT_10_07_Recurso110&amp;IdRecurso=RES-89EED5373DCA4C07BE988395C356DAEC">Practica la representación de funciones cuadráticas</enlace>
<enlace destino="/LoIdRedirect.aspx?LoId=MT_10_07_Recurso230&amp;IdRecurso=RES-02EBB4309DF24291AE041264D5C7EB4B">¿Qué sabes de la grafica de una función cuadrática?</enlace>
<enlace destino="/LoIdRedirect.aspx?LoId=MT_10_07_Recurso240&amp;IdRecurso=RES-E45250184C8C41BEB548043B7C73BC7F">Calcula los vértices de las parábolas</enlace>
</practica></seccion2Texto></seccion2><seccion2 id="S2_MT_10_07_EC1D1F41066E6F5342E08B246E201308">
<seccion2Titulo>Consolidación</seccion2Titulo>
<seccion2Texto>
<p>Actividades para consolidar lo que has aprendido en esta sección. </p>
<practica>
<enlace destino="/LoIdRedirect.aspx?LoId=MT_10_07_Recurso290&amp;IdRecurso=RES-2130996773514AFD8CE76A6EF781503C">Refuerza tu aprendizaje: Las funciones cuadráticas</enlace>
</practica></seccion2Texto></seccion2></seccion1Texto></seccion1>
<seccion1 id="S1_MT_10_07_418BC89FD9C04F609090E9E37172021E">
<seccion1Titulo>Las funciones definidas a trozos</seccion1Titulo>
<seccion1Texto>
<p>Una <negrita>función definida a trozos</negrita> es aquella que
utiliza varias expresiones para su definición, de manera que cada
una de ellas determina un tramo del dominio de la función principal.</p>
<p>Veamos un ejemplo de una función definida a trozos:</p>
<p>Una compañía eléctrica cobra a los usuarios el consumo eléctrico
de la siguiente forma: una tarifa fija de 60 € mensuales, en concepto
de conexión y alquiler del contador, y un precio variable en función
del consumo de kWh, tal como se muestra en la siguiente tabla: </p>
<table border="1"><caption>Tabla de facturación</caption><colgroup><col width="49*"/><col width="50*"/></colgroup>
<tr>
<td>CONSUMO (en kWh)</td>
<td>PRECIO VARIABLE (€/kWh)</td>
</tr>
<tr>
<td>             Hasta 200           </td>
<td>0,5</td>
</tr>
<tr>
<td>             Entre 200 y 500           </td>
<td>0,3</td>
</tr>
<tr>
<td>             Entre 500 y 1.000           </td>
<td>0,2</td>
</tr>
</table>
<p>Al consumidor no se le permite consumir más de 1.000 kWh, ya que
en ese caso tendría que contratar una tarifa de tipo industrial.</p>
<p>Para definir la función que relaciona el precio con el consumo
de electricidad, procedemos de la siguiente manera:</p>
<listaNumerada>
<listaElemento>Escribimos el convenio de la función, es decir, determinamos
cuál es la variable independiente y cuál la dependiente:<listaSinNumerar>
<listaElemento>La variable independiente es el consumo, que expresamos
en kWh, y la simbolizamos con <cursiva>x</cursiva>.</listaElemento>
</listaSinNumerar><listaSinNumerar>
<listaElemento>La variable dependiente es el precio en euros y la
designamos como <cursiva>y</cursiva>. Los valores que toma (el precio
a pagar) vienen dados por los que toma la variable independiente (el
consumo de kWh).</listaElemento>
</listaSinNumerar></listaElemento>
<listaElemento>Buscamos la regla que determina la relación entre las
dos variables y hace que esta relación sea una función:<p>Si consumimos
800 kWh, la factura será de:</p><listaSinNumerar>
<listaElemento>Por los primeros 200 kWh: 60 € + 100 € por el consumo.</listaElemento>
<listaElemento>Por los siguientes 300 kWh (500 − 200): 90 €.</listaElemento>
<listaElemento>Por los restantes 300 kWh (800 − 500): 60 €.</listaElemento>
</listaSinNumerar><p>En total = 60 + 100 + 90 + 80 = 330 € por consumir
800 kWh.</p><p>Esta relación se recoge en la fórmula siguiente:</p><formula src="MT_10_07_formula6_resized.gif"/></listaElemento>
<listaElemento>Dibujamos la gráfica de la función poniendo la variable
independiente en el eje de abscisas y la variable dependiente en el
de ordenadas.<imagen imprimir-grande="si" src="MT_10_07_img9_small.jpg">
<p>Observa la representación gráfica de esta <negrita>función definida
a trozos</negrita>.</p>
</imagen><p>El dominio de la función es el intervalo (0, 1.000), que
es el consumo mínimo y máximo permitido.</p><p>El recorrido es (60,
350), que son el precio mínimo y máximo a facturar por el consumo
permitido.</p></listaElemento>
</listaNumerada>
<profundiza>
<enlace destino="/LoIdRedirect.aspx?LoId=MT_10_07_Recurso190&amp;IdRecurso=RES-629A0421B7D848418A0C28402C90FD0C">Funciones definidas a trozos</enlace>
<no-imprimible/></profundiza><seccion2 id="S2_MT_10_07_6214E0CEF78C69FD783DDC9A98201308">
<seccion2Titulo>Consolidación</seccion2Titulo>
<seccion2Texto>
<p>Actividades para consolidar lo que has aprendido en esta sección. </p>
<practica>
<enlace destino="/LoIdRedirect.aspx?LoId=MT_10_07_Recurso300&amp;IdRecurso=RES-E26EFC73EC1D4738AC0879A830509F86">Refuerza tu aprendizaje: Las funciones definidas a trozos</enlace>
</practica></seccion2Texto></seccion2></seccion1Texto></seccion1>
<seccion1 id="S1_MT_10_07_B16A4D7182660B34CFC8FF5005201308">
<seccion1Titulo>Ejercitación y competencias</seccion1Titulo>
<seccion1Texto>
<p>Pon a prueba tus capacidades y aplica lo aprendido con estos recursos.</p>
<practica>
<enlace destino="/LoIdRedirect.aspx?LoId=MT_10_07_Recurso260&amp;IdRecurso=RES-3EF38A4E8FD24B64B536067926246BD7">¿Cómo es la gráfica?</enlace>
<enlace destino="/LoIdRedirect.aspx?LoId=MT_10_07_Recurso220&amp;IdRecurso=RES-9D95BEED1F1C4BBFB1735EAED36F4F13">Competencias: estudio de la función valor absoluto</enlace><?Pub Caret -2?>
</practica></seccion1Texto></seccion1><masinformacion id="MI_MT_10_07_B0AB248E98DC46D0BCD7754B156DE438"><mapaconceptual>
<enlace destino="/LoIdRedirect.aspx?LoId=MT_10_07_Recurso170&amp;IdRecurso=RES-41E6DA66DE2B4A0EBB02D92729A14712">Mapa conceptual del tema Las funciones lineales y cuadráticas</enlace>
</mapaconceptual><autoevaluate><enlace destino="/LoIdRedirect.aspx?LoId=MT_10_07_Recurso180&amp;IdRecurso=RES-A9647B8A9CAE4135A3C496A4B5C43B0E">Evalúa tus conocimientos sobre el tema Las funciones lineales y cuadráticas</enlace>
</autoevaluate><enlacesreferencia>
<enlace destino="http://www.amolasmates.es/EDUCAREX/CUARTO/funciones_elementales/index.html">Puedes repasar la teoría sobre funciones elementales y practicar
ejercicios en la página Educarex.</enlace>
<enlace destino="http://www.vitutor.com/fun/2/e_c.html">Resuelve ejercicios
sobre funciones cuadráticas en la página Vitutor .</enlace>
<enlace destino="http://recursostic.educacion.es/descartes/web/materiales_didacticos/funciones_elementales_relacion_movimientos_plano/func_elem_1.htm">Ejercita sobre las funciones constante, lineal y cuadrática en la
página del Proyecto Descartes.</enlace>
</enlacesreferencia></masinformacion></libro>
