<?xml version='1.0' encoding='UTF-8'?><engine copy="Editorial Planeta" version="1" aprid="f13" title="Competencias: Ecuaciones lineales con una incógnita" >
<section title="Presentación" path="" pathAmp="" image1Text="" zoom1="false" zoom2a="false" zoom2b="false" layout="2" >
<![CDATA[

<p><span style="font-size:18px"><span style="font-family:verdana,geneva,sans-serif">Una ecuaci&oacute;n es una igualdad que se cumple para algunos valores de las letras que representan las variables. Por ejemplo:</span></span></p>

<p style="margin-left:240px"><span style="font-size:18px"><span style="font-family:verdana,geneva,sans-serif">3<em>x</em>&nbsp;+ 5 = 17</span></span></p>

<p style="margin-left:280px"><span style="font-size:18px"><span style="font-family:verdana,geneva,sans-serif">3<em>x</em>&nbsp;= 17&nbsp;&ndash; 5</span></span></p>

<p style="margin-left:280px"><span style="font-size:18px"><span style="font-family:verdana,geneva,sans-serif"><em>x</em>&nbsp;= 12/3</span></span></p>

<p style="margin-left:280px"><span style="font-size:18px"><span style="font-family:verdana,geneva,sans-serif"><em>x</em>&nbsp;= 4</span></span></p>

<p><span style="font-size:18px"><span style="font-family:verdana,geneva,sans-serif"><strong>El objetivo de esta pr&aacute;ctica es que distingas y conozcas los diferentes elementos de una ecuaci&oacute;n.</strong></span></span></p>

<p><span style="font-size:18px"><span style="font-family:verdana,geneva,sans-serif">Antes de resolver la actividad propuesta, responde a las siguientes preguntas:</span></span></p>

<ul>
	<li><span style="font-size:18px"><span style="font-family:verdana,geneva,sans-serif">&iquest;Cu&aacute;l es el grado de una ecuaci&oacute;n?</span></span></li>
	<li><span style="font-size:18px"><span style="font-family:verdana,geneva,sans-serif">&iquest;Qu&eacute; caracteriza una ecuaci&oacute;n de primer grado?</span></span></li>
	<li><span style="font-size:18px"><span style="font-family:verdana,geneva,sans-serif">&iquest;Es lo mismo una ecuaci&oacute;n que una igualdad?</span></span></li>
</ul>

<p>&nbsp;</p>
]]></section>
<section title="Tarea" path="" pathAmp="" image1Text="" zoom1="false" zoom2a="false" zoom2b="false" layout="2" >
<![CDATA[
<p><span style="font-size:18px"><span style="font-family:verdana,geneva,sans-serif">Los egipcios eran expertos en problemas aritm&eacute;ticos en los que se ped&iacute;a el resultado de operaciones con n&uacute;meros conocidos. Pero tambi&eacute;n trabajaban con problemas a los que se puede llamar &quot;algebraicos&quot;. Eran problemas que ped&iacute;an el equivalente a la resoluci&oacute;n de ecuaciones lineales de la forma&nbsp;<em>x</em>&nbsp;+&nbsp;<em>ax</em>&nbsp;=&nbsp;<em>c</em>, o bien&nbsp;<em>x</em>&nbsp;+&nbsp;<em>ax + bx = c,&nbsp;</em>&nbsp;donde&nbsp;<em>a, b&nbsp;</em>y&nbsp;<em>c </em>eran n&uacute;meros conocidos y&nbsp;<em>x</em>&nbsp;un valor desconocido, al que llamar&oacute;n&nbsp;<em>aha</em>&nbsp;o &quot;mont&oacute;n&quot;.</span></span></p>

<ol>
	<li><span style="font-size:18px"><span style="font-family:verdana,geneva,sans-serif">Escribe una ecuaci&oacute;n de la forma&nbsp;<em>x</em>&nbsp;+&nbsp;<em>ax &nbsp;= c&nbsp;</em>y de la otra forma&nbsp;<em>x</em>&nbsp;+&nbsp;<em>ax + bx = c&nbsp;</em>y resu&eacute;lvelas.</span></span></li>
	<li><span style="font-size:18px"><span style="font-family:verdana,geneva,sans-serif">Define con tus propias palabras los siguientes elementos de una ecuaci&oacute;n:</span></span></li>
</ol>

<p style="margin-left:80px"><span style="font-size:18px"><span style="font-family:verdana,geneva,sans-serif">a) Inc&oacute;gnita</span></span></p>

<p style="margin-left:80px"><span style="font-size:18px"><span style="font-family:verdana,geneva,sans-serif">b) Grado</span></span></p>

<p style="margin-left:80px"><span style="font-size:18px"><span style="font-family:verdana,geneva,sans-serif">c) Miembro</span></span></p>

<p style="margin-left:80px"><span style="font-size:18px"><span style="font-family:verdana,geneva,sans-serif">d) T&eacute;rmino independiente</span></span></p>

<p style="margin-left:80px"><span style="font-size:18px"><span style="font-family:verdana,geneva,sans-serif">e) Soluci&oacute;n</span></span></p>

<p><span style="font-size:18px"><span style="font-family:verdana,geneva,sans-serif">3. Resuelve las siguientes ecuaciones:</span></span></p>

<p style="margin-left:80px"><span style="font-size:18px"><span style="font-family:verdana,geneva,sans-serif">a) 4&nbsp;&ndash;&nbsp;<em>t</em>&nbsp;= 5</span></span></p>

<p style="margin-left:80px"><span style="font-size:18px"><span style="font-family:verdana,geneva,sans-serif">b) 2(<em>v</em>&nbsp;+ 3) = 4</span></span></p>

<p style="margin-left:80px"><span style="font-size:18px"><span style="font-family:verdana,geneva,sans-serif">c) 5(<em>x</em>&nbsp;+ 4) = 2<em>x</em>&nbsp;&ndash; 3</span></span></p>

<p><span style="font-size:18px"><span style="font-family:verdana,geneva,sans-serif">4. Escribe una ecuaci&oacute;n de primer grado:</span></span></p>

<p style="margin-left:80px"><span style="font-size:18px"><span style="font-family:verdana,geneva,sans-serif">a) Con una inc&oacute;gnita y de primer grado.</span></span></p>

<p style="margin-left:80px"><span style="font-size:18px"><span style="font-family:verdana,geneva,sans-serif">b) Con tres inc&oacute;gnitas y t&eacute;rmino independiente 4.</span></span></p>

<p style="margin-left:80px"><span style="font-size:18px"><span style="font-family:verdana,geneva,sans-serif">c) En la que la soluci&oacute;n sea 2.</span></span></p>

<p style="margin-left:80px"><span style="font-size:18px"><span style="font-family:verdana,geneva,sans-serif">d) Cuya soluci&oacute;n sea&nbsp;&ndash;4.</span></span></p>

<p><span style="font-size:18px"><span style="font-family:verdana,geneva,sans-serif">5. Identifica los elementos de cada una de las ecuaciones anteriores.</span></span></p>

<p><span style="font-size:18px"><span style="font-family:verdana,geneva,sans-serif">6. Las ecuaciones sirven para resolver gran cantidad de problemas. Inventa una adivinanza para averiguar tu edad y plantea la ecuaci&oacute;n c</span></span>orrespondiente.</p>
]]></section>
</engine>