﻿<?xml version="1.0" encoding="utf-8"?>
<motor tipo="3" clase="a" aprid="m3a">
  <plataforma>
    <grado><![CDATA[2]]></grado>
    <titulo>Practica la notación de potencias</titulo>
    <area>0</area>
    <nivel>1</nivel>
    <referencia />
    <idreg><![CDATA[0]]></idreg>
    <motor><![CDATA[M3A]]></motor>
    <lang>es</lang>
  </plataforma>
  <enunciado><![CDATA[Relaciona cada expresión, primero con la multiplicación y luego, con la potencia correspondiente.]]></enunciado>
  <masinfo inicio="0" />
  <sinaleatoriedad><![CDATA[0]]></sinaleatoriedad>
  <calc><![CDATA[0]]></calc>
  <sonidoaimagen cantidad="6">
    <cuestion>
      <imagen etiqueta="4 elevado a la 5"><![CDATA[MA_07_03_CO_REC20_F01.png]]></imagen>
      <respuestas>
        <respuesta etiqueta="4 ∙ 4 ∙ 4 ∙ 4 ∙ 4" />
        <respuesta etiqueta="1024" />
      </respuestas>
    </cuestion>
    <cuestion>
      <imagen etiqueta="(-2) elevado a la 5"><![CDATA[MA_07_03_CO_REC20_F02.png]]></imagen>
      <respuestas>
        <respuesta etiqueta="(-2) ∙ (-2) ∙ (-2) ∙ (-2) ∙ (-2)" />
        <respuesta etiqueta="-32" />
      </respuestas>
    </cuestion>
    <cuestion>
      <imagen etiqueta="(-16) elevado a la 1"><![CDATA[MA_07_03_CO_REC20_F03.png]]></imagen>
      <respuestas>
        <respuesta etiqueta="(-16)" />
        <respuesta etiqueta="-16" />
      </respuestas>
    </cuestion>
    <cuestion>
      <imagen etiqueta="10 elevado a la 5"><![CDATA[MA_07_03_CO_REC20_F04.png]]></imagen>
      <respuestas>
        <respuesta etiqueta="10 ∙ 10 ∙ 10 ∙ 10 ∙ 10" />
        <respuesta etiqueta="100 000" />
      </respuestas>
    </cuestion>
    <cuestion>
      <imagen etiqueta="(-2 + 3) elevado a la 4"><![CDATA[MA_07_03_CO_REC20_F05.png]]></imagen>
      <respuestas>
        <respuesta etiqueta="1 ∙ 1 ∙ 1 ∙ 1" />
        <respuesta etiqueta="1" />
      </respuestas>
    </cuestion>
    <cuestion>
      <imagen etiqueta="(-5 + 4) elevado a la 3"><![CDATA[MA_07_03_CO_REC20_F06.png]]></imagen>
      <respuestas>
        <respuesta etiqueta="(-1) ∙ (-1) ∙ (-1)" />
        <respuesta etiqueta="-1" />
      </respuestas>
    </cuestion>
  </sonidoaimagen>
  <temps>
  </temps>
</motor>