﻿<?xml version="1.0" encoding="UTF-8"?><!-- was: <?xml version="1.0" encoding="UTF–8"?> --><XMLDatos aprid="F"><titulo>La adición y la sustracción de fracciones</titulo><tit1><![CDATA[Se pueden sumar y restar fracciones
de dos tipos:]]></tit1><tit2><![CDATA[· Con el mismo denominador]]></tit2><tit3><![CDATA[· Con denominadores diferentes]]></tit3><tit4><![CDATA[Para sumar y restar fracciones<br/>
con <b>igual denominador...</b>]]></tit4><tit5><![CDATA[...se suman o se restan<br/>
los numeradores...]]></tit5><tit6><![CDATA[... y se conserva<br/>
el denominador común.]]></tit6><tit7><![CDATA[Para sumar o restar fracciones<br/>
con <b>denominadores diferentes...</b>]]></tit7><tit8><![CDATA[...primero hay que calcular el mínimo común<br/>
múltiplo (<b>m.c.m.</b>) de los dos denominadores.]]></tit8><tit9><![CDATA[Luego se calcula el numerador de cada una<br/>
de las nuevas fracciones.<br/>
<br/>
Para ello, se divide el <b>m.c.m.</b> (<b class="marron">12</b>) entre el<br/>
denominador y se multiplica por el numerador.]]></tit9><tit10><![CDATA[De esta forma se obtienen dos fracciones<br/>
con el mismo denominador.]]></tit10><tit11><![CDATA[Ahora ya se pueden sumar los numeradores<br/>
y se deja el mismo denominador.]]></tit11><tit12><![CDATA[Para sumar o restar<br/>
<b>números enteros</b> y <b>fracciones</b>...]]></tit12><tit13><![CDATA[... hay que considerar al <b>número entero</b><br/>
como una <b>fracción con denominador 1</b>]]></tit13><tit14><![CDATA[¡Ahora tú!]]></tit14><tit15><![CDATA[Resuelve el siguiente ejercicio:]]></tit15><tit16><![CDATA[Así pues, el resultado sería:]]></tit16><tit17><![CDATA[]]></tit17><tit18><![CDATA[]]></tit18><tit19><![CDATA[]]></tit19><tit20><![CDATA[]]></tit20><text1><![CDATA[<span class="verde_1"><span class="top">6</span><span class="bottom">3</span> - <span class="top">2</span><span class="bottom">7</span></span>]]></text1><text2><![CDATA[<span class="lila"><span class="top">1</span><span class="bottom">5</span> + <span class="top">4</span><span class="bottom">5</span></span>]]></text2><text3><![CDATA[<span class="verde_1"><span class="top">3</span><span class="bottom">9</span> 
+
 <span class="top">8</span><span class="bottom">9</span>
-
 <span class="top">2</span><span class="bottom">9</span></span>]]></text3><text4><![CDATA[<span class="marron"><span class="top">4</span><span class="bottom">9</span> 
+
 <span class="top">3</span><span class="bottom">4</span>
-
 <span class="top">2</span><span class="bottom">3</span></span>]]></text4><text5><![CDATA[<span class="top">1</span><span class="bottom">4</span>
&nbsp;+&nbsp;
<span class="top">2</span><span class="bottom">4</span>]]></text5><text6><![CDATA[<span class="top verde_1 ">1</span><span class="bottom gris">4</span>
&nbsp;+&nbsp;
<span class="top verde_1">2</span><span class="bottom gris">4</span>]]></text6><text7><![CDATA[<span class="top verde_1 ">1</span><span class="bottom gris">4</span>
&nbsp;+&nbsp;
<span class="top verde_1">2</span><span class="bottom gris">4</span>
&nbsp;=&nbsp;
<span class="top verde_1">3</span><span class="bottom gris"> </span>]]></text7><text8><![CDATA[<span class="top  ">1</span><span class="bottom blanco">4</span>
&nbsp;+&nbsp;
<span class="top ">2</span><span class="bottom  blanco">4</span>
&nbsp;=&nbsp;
<span class="top naranja">3</span><span class="bottom  blanco">4</span>]]></text8><text9><![CDATA[<span class="top  ">1</span><span class="bottom ">4</span>
&nbsp;+&nbsp;
<span class="top ">2</span><span class="bottom  blanco">4</span>
&nbsp;=&nbsp;
<span class="top naranja">3</span><span class="bottom  blanco">4</span>]]></text9><text10><![CDATA[<span class="top  ">1</span><span class="bottom ">4</span>
&nbsp;+&nbsp;
<span class="top ">2</span><span class="bottom ">4</span>
&nbsp;=&nbsp;
<span class="top naranja">3</span><span class="bottom  blanco">4</span>]]></text10><text11><![CDATA[<span class="top  ">1</span><span class="bottom ">4</span>
&nbsp;+&nbsp;
<span class="top ">2</span><span class="bottom ">4</span>
&nbsp;=&nbsp;
<span class="top naranja">3</span><span class="bottom naranja">4</span>]]></text11><text12><![CDATA[<span class="top">1</span><span class="bottom">3</span>
 &nbsp;+&nbsp;
<span class="top">1</span><span class="bottom">4</span>]]></text12><text13><![CDATA[<span class="top">1</span><span class="bottom">3</span>
 &nbsp;+&nbsp;
<span class="top">1</span><span class="bottom">4</span>
 &nbsp; ]]></text13><text14><![CDATA[<b>m.c.m.</b> (3,4) = 3 · 2² = 3 · 4 = <b class="marron">12</b>]]></text14><text15><![CDATA[<span class="top">1</span><span class="bottom">3</span>]]></text15><text16><![CDATA[<span class="top">1</span><span class="bottom">4</span>]]></text16><text17><![CDATA[<span class="top"> &nbsp;4 </span><span class="bottom2">12</span>]]></text17><text18><![CDATA[<span class="top"> &nbsp;3 </span><span class="bottom2">12</span>]]></text18><text19><![CDATA[<b class="marron">12</b> ÷ 3 = 4]]></text19><text20><![CDATA[<b class="marron">12</b> ÷ 4 = 3]]></text20><text21><![CDATA[1 · 4 = <b class="marron">4</b>]]></text21><text22><![CDATA[1 · 3 = <b class="marron">3</b>]]></text22><text23><![CDATA[<span class="top"> &nbsp;4 </span><span class="bottom2 marron">12</span>
&nbsp;+&nbsp;
        <span class="top"> &nbsp;3 </span><span class="bottom2 marron">12</span>
]]></text23><text24><![CDATA[<span class="top">1</span><span class="bottom">3</span>
  
 ]]></text24><text24b><![CDATA[<span class="top">1</span><span class="bottom">3</span>
 &nbsp;+&nbsp;
<span class="top">1</span><span class="bottom">4</span>
  
 ]]></text24b><text24c><![CDATA[<span class="top">1</span><span class="bottom">3</span>
 &nbsp;+&nbsp;
<span class="top">1</span><span class="bottom">4</span>
 &nbsp;=&nbsp;
        <span class="top"> &nbsp;4 </span><span class="bottom2 ">12</span>

 ]]></text24c><text24d><![CDATA[<span class="top">1</span><span class="bottom">3</span>
 &nbsp;+&nbsp;
<span class="top">1</span><span class="bottom">4</span>
 &nbsp;=&nbsp;
        <span class="top"> &nbsp;4 </span><span class="bottom2 ">12</span>
&nbsp;+&nbsp;
        <span class="top"> &nbsp;3 </span><span class="bottom2 ">12</span>
      
 ]]></text24d><text24e><![CDATA[<span class="top">1</span><span class="bottom">3</span>
 &nbsp;+&nbsp;
<span class="top">1</span><span class="bottom">4</span>
 &nbsp;=&nbsp;
        <span class="top"> &nbsp;4 </span><span class="bottom2 ">12</span>
&nbsp;+&nbsp;
        <span class="top"> &nbsp;3 </span><span class="bottom2 ">12</span>
         &nbsp;=&nbsp;
    <span class="top naranja"> &nbsp;7 </span><span class="bottom2 naranja">12</span>    
 ]]></text24e><text25><![CDATA[8 + <span class="top">2</span><span class="bottom">6</span>]]></text25><text26><![CDATA[<span class="top">8</span><span class="bottom marron">1</span> + <span class="top">2</span><span class="bottom">6</span>]]></text26><text27><![CDATA[<span class="top">8</span><span class="bottom marron">1</span> + <span class="top">2</span><span class="bottom">6</span>
 &nbsp;=&nbsp;
<span class="top">48</span><span class="bottom3 ">6&nbsp;</span> + <span class="top">2</span><span class="bottom">6</span>]]></text27><text28><![CDATA[<span class="top">8</span><span class="bottom marron">1</span> + <span class="top">2</span><span class="bottom">6</span>
 &nbsp;=&nbsp;
<span class="top">48</span><span class="bottom3 ">6&nbsp; </span> + <span class="top">2</span><span class="bottom">6</span>
 &nbsp;=&nbsp;
<span class="top">50</span><span class="bottom3 ">6</span> &nbsp;= <span class="top">25</span><span class="bottom3">3</span>]]></text28><text29><![CDATA[<span class="top  ">3</span><span class="bottom ">6</span>
&nbsp;–&nbsp;
<span class="top ">1</span><span class="bottom  ">4</span> &nbsp;]]></text29><text30><![CDATA[ &nbsp; &nbsp; &nbsp; <b>m.c.m.</b> (6,4) = <b>12</b>]]></text30><text29b><![CDATA[<span class="top  ">3</span><span class="bottom ">6</span>
&nbsp;–&nbsp;
<span class="top ">1</span><span class="bottom  ">4</span>
&nbsp;=
<span class="top  ">3 · 2</span><span class="bottom4 ">6 · 2</span>
&nbsp;–&nbsp;
<span class="top ">1 · 3</span><span class="bottom4  ">4 · 3</span>]]></text29b><text29bbq><![CDATA[<span class="top  ">3</span><span class="bottom ">6</span>
&nbsp;–&nbsp;
<span class="top ">1</span><span class="bottom  ">4</span>
&nbsp;=
<span class="top  ">3 · 2</span><span class="bottom4 "> &nbsp;6 · 2</span>
&nbsp;–&nbsp;
<span class="top ">1 · 3</span><span class="bottom4  "> &nbsp;4 · 3</span>]]></text29bbq><text29c><![CDATA[<span class="top  ">3</span><span class="bottom ">6</span>
&nbsp;–&nbsp;
<span class="top ">1</span><span class="bottom  ">4</span>
&nbsp;=
<span class="top  ">3 · 2</span><span class="bottom4 ">6 · 2</span>
&nbsp;–&nbsp;
<span class="top ">1 · 3</span><span class="bottom4  ">4 · 3</span>
&nbsp;=
<span class="top  "> &nbsp;6 </span><span class="bottom2 ">12</span>
&nbsp;–&nbsp;
<span class="top "> &nbsp;3 </span><span class="bottom2  ">12</span>]]></text29c><text29cbq><![CDATA[<span class="top  ">3</span><span class="bottom ">6</span>
&nbsp;–&nbsp;
<span class="top ">1</span><span class="bottom  ">4</span>
&nbsp;=
<span class="top  ">3 · 2</span><span class="bottom4 "> &nbsp;6 · 2</span>
&nbsp;–&nbsp;
<span class="top ">1 · 3</span><span class="bottom4  "> &nbsp;4 · 3</span>
&nbsp;=
<span class="top  "> &nbsp;6 </span><span class="bottom2 ">12</span>
&nbsp;–&nbsp;
<span class="top "> &nbsp;3 </span><span class="bottom2  ">12</span>]]></text29cbq><text29d><![CDATA[<span class="top  ">3</span><span class="bottom ">6</span>
&nbsp;–&nbsp;
<span class="top ">1</span><span class="bottom  ">4</span>
&nbsp;=
<span class="top  ">3 · 2</span><span class="bottom4 ">6 · 2</span>
&nbsp;–&nbsp;
<span class="top ">1 · 3</span><span class="bottom4  ">4 · 3</span>
&nbsp;=
<span class="top  "> &nbsp;6 </span><span class="bottom2 ">12</span>
&nbsp;–&nbsp;
<span class="top "> &nbsp;3 </span><span class="bottom2  ">12</span>
&nbsp;=
<span class="top "> &nbsp;3 </span><span class="bottom2  ">12</span>]]></text29d><text29dbq><![CDATA[<span class="top  ">3</span><span class="bottom ">6</span>
&nbsp;–&nbsp;
<span class="top ">1</span><span class="bottom  ">4</span>
&nbsp;=
<span class="top  ">3 · 2</span><span class="bottom4 "> &nbsp;6 · 2</span>
&nbsp;–&nbsp;
<span class="top ">1 · 3</span><span class="bottom4  "> &nbsp;4 · 3</span>
&nbsp;=
<span class="top  "> &nbsp;6 </span><span class="bottom2 ">12</span>
&nbsp;–&nbsp;
<span class="top "> &nbsp;3 </span><span class="bottom2  ">12</span>
&nbsp;=
<span class="top "> &nbsp;3 </span><span class="bottom2  ">12</span>]]></text29dbq><text29e><![CDATA[<span class="top  ">3</span><span class="bottom ">6</span>
&nbsp;–&nbsp;
<span class="top ">1</span><span class="bottom  ">4</span>
&nbsp;=
<span class="top  ">3 · 2</span><span class="bottom4 ">6 · 2</span>
&nbsp;–&nbsp;
<span class="top ">1 · 3</span><span class="bottom4  ">4 · 3</span>
&nbsp;=
<span class="top  "> &nbsp;6 </span><span class="bottom2 ">12</span>
&nbsp;–&nbsp;
<span class="top "> &nbsp;3 </span><span class="bottom2  ">12</span>
&nbsp;=
<span class="top "> &nbsp;3 </span><span class="bottom2  ">12</span>
&nbsp;=
<span class="top naranja">1</span><span class="bottom naranja ">4</span>]]></text29e><text29ebq><![CDATA[<span class="top  ">3</span><span class="bottom ">6</span>
&nbsp;–&nbsp;
<span class="top ">1</span><span class="bottom  ">4</span>
&nbsp;=
<span class="top  ">3 · 2</span><span class="bottom4 "> &nbsp;6 · 2</span>
&nbsp;–&nbsp;
<span class="top ">1 · 3</span><span class="bottom4  "> &nbsp;4 · 3</span>
&nbsp;=
<span class="top  "> &nbsp;6 </span><span class="bottom2 ">12</span>
&nbsp;–&nbsp;
<span class="top "> &nbsp;3 </span><span class="bottom2  ">12</span>
&nbsp;=
<span class="top "> &nbsp;3 </span><span class="bottom2  ">12</span>
&nbsp;=
<span class="top naranja">1</span><span class="bottom naranja ">4</span>]]></text29ebq><btnpractica><![CDATA[PRACTICA]]></btnpractica><btnsolucion><![CDATA[SOLUCIÓN]]></btnsolucion></XMLDatos>