﻿<?xml version="1.0" encoding="utf-8"?><motor tipo="101" clase="a" aprid="m101a">
  <plataforma>
    <grado>2</grado>
    <titulo>Refuerza tu aprendizaje: La probabilidad</titulo>
    <volumen/>
    <nivel><![CDATA[1]]></nivel>
    <referencia/>
    <motor/>
    <lang>es</lang>
  </plataforma>
  <enunciado><![CDATA[Aplica tus conocimientos sobre probabilidad en cada una de las siguientes situaciones.]]></enunciado>
  <masinfo inicio="0"><![CDATA[Realiza la siguiente actividad. Cuando termines haz clic en Enviar. Si es necesario entrega las respuestas en mano o por email a tu profesor para que pueda validarlas.]]></masinfo>
  <calc><![CDATA[0]]></calc>
  <preguntas cantidad="10">
    <pregunta>
      <enunciado><![CDATA[De la siguiente información ¿cuál es la probabilidad de escoger una persona del genero femenino que juegue futbol? ]]></enunciado>
      <explicacion/>
      <nivel><![CDATA[1]]></nivel>
      <tipo/>
      <imagen><![CDATA[imagenDummy_MotorM.png]]></imagen>
      <ampliacion><![CDATA[imagenDummy_MotorM.png]]></ampliacion>
      <texto/>
    </pregunta>
    <pregunta>
      <enunciado><![CDATA[De la siguiente información ¿cuál es la probabilidad de escoger una persona que juegue voleibol? ]]></enunciado>
      <explicacion/>
      <nivel><![CDATA[1]]></nivel>
      <tipo/>
      <imagen><![CDATA[imagenDummy_MotorM.png]]></imagen>
      <ampliacion><![CDATA[imagenDummy_MotorM.png]]></ampliacion>
      <texto/>
    </pregunta>
    <pregunta>
      <enunciado><![CDATA[De la siguiente información ¿cuál es la probabiliad de escoger una persona casada]]></enunciado>
      <explicacion/>
      <nivel><![CDATA[2]]></nivel>
      <tipo/>
      <imagen><![CDATA[imagenDummy_MotorM.png]]></imagen>
      <ampliacion><![CDATA[imagenDummy_MotorM.png]]></ampliacion>
      <texto/>
    </pregunta>
    <pregunta>
      <enunciado><![CDATA[¿De la siguiente información ¿cuál es la probabiliad de escoger una persona que sea mujer soltera? ]]></enunciado>
      <explicacion/>
      <nivel><![CDATA[2]]></nivel>
      <tipo/>
      <imagen><![CDATA[imagenDummy_MotorM.png]]></imagen>
      <ampliacion><![CDATA[imagenDummy_MotorM.png]]></ampliacion>
      <texto/>
    </pregunta>
    <pregunta>
      <enunciado><![CDATA[Construye un diagrama de árbol que muestre los posibles resultados de lanzar un dado y dos monedas y calcula la probabilidad de obtener 1 en el dado y cara en alguna de las dos monedas. ]]></enunciado>
      <explicacion/>
      <nivel><![CDATA[1]]></nivel>
      <tipo/>
      <imagen><![CDATA[imagenDummy_MotorM.png]]></imagen>
      <ampliacion/>
      <texto/>
    </pregunta>
    <pregunta>
      <enunciado><![CDATA[Construye un diagrama de árbol que muestre los posibles resultados de lanzar cuatro monedas y calcula la probabilidad de obtener tres caras. ]]></enunciado>
      <explicacion/>
      <nivel><![CDATA[1]]></nivel>
      <tipo/>
      <imagen><![CDATA[imagenDummy_MotorM.png]]></imagen>
      <ampliacion/>
      <texto/>
    </pregunta>
    <pregunta>
      <enunciado><![CDATA[La FIFA contrata dos empresas para la fabricación de 7 000 balones, la empresa A se encargó de la fabricación de 4 000 de los cuales 4 % salieron defectusos y la empresa B de la fabricación de 3 000 de los cuales el 10 % salieron defectuosos ¿cuál es la probabilidad de escoger un balon defectuosos de todo el lote de los 7 000 balones? ]]></enunciado>
      <explicacion/>
      <nivel><![CDATA[3]]></nivel>
      <tipo/>
      <imagen><![CDATA[imagenDummy_MotorM.png]]></imagen>
      <ampliacion/>
      <texto/>
    </pregunta>
    <pregunta>
      <enunciado><![CDATA[La fábrica JRK produce 2 000 tuercas, La maquina A se encarga de la construcción 1 200 de las cuales el 3 % salen defectuosas y la maquina B se encarga de la construcción de las restantes de las cuales el 4 % salen defectusas ¿cuál es la probabilidad de escoger una tuerca no defectuosa de todo el lote de las 2 000 tuercas?   ]]></enunciado>
      <explicacion/>
      <nivel><![CDATA[3]]></nivel>
      <tipo/>
      <imagen><![CDATA[imagenDummy_MotorM.png]]></imagen>
      <ampliacion/>
      <texto/>
    </pregunta>
    <pregunta>
      <enunciado><![CDATA[Determine el espacio muestral de los siguientes experimentos aleatorios.]]></enunciado>
      <explicacion/>
      <nivel><![CDATA[1]]></nivel>
      <tipo/>
      <imagen/>
      <ampliacion/>
      <texto><![CDATA[•	Lanzar un dado dos veces.•	Extraer dos bolas de una urna que contiene 3 bolas rojas, 2 azules y 1 amarilla.•	Escoger al azar dos fichas de un juego de ajedrez sin contar con los peones.]]></texto>
    </pregunta>
    <pregunta>
      <enunciado><![CDATA[Determine el espacio muestral de los siguientes experimentos aleatorios.]]></enunciado>
      <explicacion/>
      <nivel><![CDATA[2]]></nivel>
      <tipo/>
      <imagen/>
      <ampliacion/>
      <texto><![CDATA[•	Escoger una camiseta y un pantalon del siguiente conjunto de prendas: 2 camisetas negar, 3 camisetas azules, 3 pantalones rojos y 1 pantalon azul.•	Pedir un almuerzo cuando el restaurante ofrece: 3 tipos de principios, 5 tipos de sopa y de postre helado o dulce de arequipe.]]></texto>
    </pregunta>
  </preguntas>
</motor>