﻿<?xml version="1.0" encoding="utf-8"?><motor tipo="101" clase="ap" aprid="m101ap">
  <plataforma>
    <grado>2</grado>
    <titulo>Banco de actividades</titulo>
    <volumen/>
    <nivel><![CDATA[1]]></nivel>
    <referencia/>
    <motor/>
    <lang>es</lang>
  </plataforma>
  <enunciado><![CDATA[Aplica tus conocimientos adquiridos sobre probabilidad y estadística en cada una de las siguientes situaciones.]]></enunciado>
  <masinfo inicio="0"><![CDATA[Realiza la siguiente actividad. Cuando termines haz clic en Enviar. Si es necesario entrega las respuestas en mano o por email a tu profesor para que pueda validarlas.]]></masinfo>
  <calc><![CDATA[0]]></calc>
  <preguntas cantidad="10">
    <pregunta>
      <enunciado><![CDATA[En la ciudad de Bogotá se estima que la temperatura máxima en el mes de julio sigue una distribución normal, con una media de 24{{sup}}o{{normal}} y una desviación típica de 6{{sup}}o{{normal}} ¿cuál es el número de días en los que se esperaría alcanzar unas máximas entre 26{{sup}}o{{normal}} y 29{{sup}}o{{normal}}?]]></enunciado>
      <explicacion/>
      <nivel><![CDATA[3]]></nivel>
      <tipo/>
      <imagen><![CDATA[imagenDummy_MotorM.png]]></imagen>
      <ampliacion/>
      <texto/>
    </pregunta>
    <pregunta>
      <enunciado><![CDATA[La media de las estaturas de 200 personas es 1,72 cm y la desviación típica es 0,9 cm.  Si las estaturas se distribuyen normalmente ¿cuántas personas miden 1,78? ]]></enunciado>
      <explicacion/>
      <nivel><![CDATA[3]]></nivel>
      <tipo/>
      <imagen><![CDATA[imagenDummy_MotorM.png]]></imagen>
      <ampliacion/>
      <texto/>
    </pregunta>
    <pregunta>
      <enunciado><![CDATA[Si los resultador de un test de cooper siguen una distribución normal con una media de 2 200 m  y una desviación típica de 120 m ¿cuál es la probabiliad de que una persona halla logrado más de 2 300 m? ]]></enunciado>
      <explicacion/>
      <nivel><![CDATA[3]]></nivel>
      <tipo/>
      <imagen><![CDATA[imagenDummy_MotorM.png]]></imagen>
      <ampliacion/>
      <texto/>
    </pregunta>
    <pregunta>
      <enunciado><![CDATA[Describa el espacio muestral al lanzar una mondea 5 veces. ]]></enunciado>
      <explicacion/>
      <nivel><![CDATA[1]]></nivel>
      <tipo/>
      <imagen><![CDATA[imagenDummy_MotorM.png]]></imagen>
      <ampliacion/>
      <texto/>
    </pregunta>
    <pregunta>
      <enunciado><![CDATA[Al lanzar dos dados calcule la siguientes probabilidades. ]]></enunciado>
      <explicacion/>
      <nivel><![CDATA[2]]></nivel>
      <tipo/>
      <imagen/>
      <ampliacion/>
      <texto><![CDATA[1.	Obtener al menos un número par.2.	Obtener el mismo reslutado en ambos dados.3.	Que el producto de ambos dados sea número primo.]]></texto>
    </pregunta>
    <pregunta>
      <enunciado><![CDATA[Construya un diagrama de árbol que muestre los posibles resultados de tener tres hijos caracterizando entre hombre y mujer. ]]></enunciado>
      <explicacion/>
      <nivel><![CDATA[1]]></nivel>
      <tipo/>
      <imagen><![CDATA[imagenDummy_MotorM.png]]></imagen>
      <ampliacion/>
      <texto/>
    </pregunta>
    <pregunta>
      <enunciado><![CDATA[En una urna hay 5 fichas verdes y 8 rojas ¿cuál es la probabilidad que al sacar dos fichas con reposición la dos sean rojas? ]]></enunciado>
      <explicacion/>
      <nivel><![CDATA[3]]></nivel>
      <tipo/>
      <imagen><![CDATA[imagenDummy_MotorM.png]]></imagen>
      <ampliacion/>
      <texto/>
    </pregunta>
    <pregunta>
      <enunciado><![CDATA[La fábrica de enlatados GHM produce 50 latas diarias, La maquina A se encarga de la construcción 40 de las cuales el 8 % salen defectuosas y la maquina B se encarga de la construcción de las restantes de las cuales el 2 % salen defectusas ¿cuál es la probabilidad de escoger una lata no defectuosa de todo el lote de las 50 latas?   ]]></enunciado>
      <explicacion/>
      <nivel><![CDATA[2]]></nivel>
      <tipo/>
      <imagen><![CDATA[imagenDummy_MotorM.png]]></imagen>
      <ampliacion/>
      <texto/>
    </pregunta>
    <pregunta>
      <enunciado><![CDATA[Determine el espacio muestral de los siguientes experimentos aleatorios.]]></enunciado>
      <explicacion/>
      <nivel><![CDATA[1]]></nivel>
      <tipo/>
      <imagen/>
      <ampliacion/>
      <texto><![CDATA[•	Sacar una carta de poker.•	Extraer una ficha de un juego de parques de cuatro jugadores.•	Escoger un mes del año. ]]></texto>
    </pregunta>
    <pregunta>
      <enunciado><![CDATA[Al sacar una carta de poker ¿cuál es la probabiliad de que esta sea roja y con número par?]]></enunciado>
      <explicacion/>
      <nivel><![CDATA[2]]></nivel>
      <tipo/>
      <imagen><![CDATA[imagenDummy_MotorM.png]]></imagen>
      <ampliacion/>
      <texto/>
    </pregunta>
  </preguntas>
</motor>