﻿<?xml version="1.0" encoding="utf-8"?><motor tipo="101" clase="a" aprid="m101a">
  <plataforma>
    <grado>2</grado>
    <titulo>Refuerza tu aprendizaje: El análisis estadístico</titulo>
    <volumen/>
    <nivel><![CDATA[1]]></nivel>
    <referencia/>
    <motor/>
    <lang>es</lang>
  </plataforma>
  <enunciado><![CDATA[Aplica tus conocimientos sobre análisis estadístico en cada una de las siguientes situaciones.]]></enunciado>
  <masinfo inicio="0"><![CDATA[Realiza la siguiente actividad. Cuando termines haz clic en Enviar. Si es necesario entrega las respuestas en mano o por email a tu profesor para que pueda validarlas.]]></masinfo>
  <calc><![CDATA[0]]></calc>
  <preguntas cantidad="10">
    <pregunta>
      <enunciado><![CDATA[¿Cuá es el promedio de Camilo si registra las siguientes calificaciones? ]]></enunciado>
      <explicacion/>
      <nivel><![CDATA[1]]></nivel>
      <tipo/>
      <imagen/>
      <ampliacion/>
      <texto><![CDATA[Primer periodo: Matemáticas: 4,4Lenguaje: 4,1Química: 3,8Ciencias políticas: 4,8Deporte: 3,5Música y danzas: 3,8]]></texto>
    </pregunta>
    <pregunta>
      <enunciado><![CDATA[Si el promedio del segundo periodo de Camilo fue de 3,8 ¿Cuál fue la nota definitiva en Deporte? ]]></enunciado>
      <explicacion/>
      <nivel><![CDATA[2]]></nivel>
      <tipo/>
      <imagen/>
      <ampliacion/>
      <texto><![CDATA[Segundo periodo:Matemáticas: 3,7Lenguaje: 4,8Química: 4Ciencias políticas: 3,9Deporte: __Música y danzas: 4,1]]></texto>
    </pregunta>
    <pregunta>
      <enunciado><![CDATA[¿Qué porcentaje de las personas encuestadas tienen 23 años de edad?]]></enunciado>
      <explicacion/>
      <nivel><![CDATA[2]]></nivel>
      <tipo/>
      <imagen><![CDATA[imagenDummy_MotorM.png]]></imagen>
      <ampliacion><![CDATA[imagenDummy_MotorM.png]]></ampliacion>
      <texto/>
    </pregunta>
    <pregunta>
      <enunciado><![CDATA[¿Qué porcentaje de las personas encuestadas tienen menos de 27 años de edad? ]]></enunciado>
      <explicacion/>
      <nivel><![CDATA[2]]></nivel>
      <tipo/>
      <imagen><![CDATA[imagenDummy_MotorM.png]]></imagen>
      <ampliacion><![CDATA[imagenDummy_MotorM.png]]></ampliacion>
      <texto/>
    </pregunta>
    <pregunta>
      <enunciado><![CDATA[¿Cuál es la moda estadística en el siguiente diagrama circular? ]]></enunciado>
      <explicacion/>
      <nivel><![CDATA[1]]></nivel>
      <tipo/>
      <imagen><![CDATA[imagenDummy_MotorM.png]]></imagen>
      <ampliacion><![CDATA[imagenDummy_MotorM.png]]></ampliacion>
      <texto/>
    </pregunta>
    <pregunta>
      <enunciado><![CDATA[¿Cuál es la desviación estandar en la muestra de edades del grupo de 10 estudiantes?]]></enunciado>
      <explicacion/>
      <nivel><![CDATA[2]]></nivel>
      <tipo/>
      <imagen/>
      <ampliacion/>
      <texto><![CDATA[Edades: 14, 15, 17, 14, 15, 13, 17, 17, 13, 14.]]></texto>
    </pregunta>
    <pregunta>
      <enunciado><![CDATA[Calcule la media, mediana y moda con la siguiente información.]]></enunciado>
      <explicacion/>
      <nivel><![CDATA[2]]></nivel>
      <tipo/>
      <imagen/>
      <ampliacion/>
      <texto><![CDATA[Se realizó una encuesta acerca de la memoria en GB disponible en el celular y los resultados fueron:8,8   8,2   10   4,2   5,2   12,3   1,2   3,2   12,4   0,2   3   4,3   5,2   7   7,2   5,1   8,1   5,2   9,8   3,5]]></texto>
    </pregunta>
    <pregunta>
      <enunciado><![CDATA[¿Cuál es la desviación estandar en la muestra de estaturas del grupo de 15 personas?]]></enunciado>
      <explicacion/>
      <nivel><![CDATA[2]]></nivel>
      <tipo/>
      <imagen/>
      <ampliacion/>
      <texto><![CDATA[Estaturas: 1,73   1,81   1,54   1,64   1,62   1,68   1,52   1,59   1,58   1,72   1,76   1,77   1,82   1,92   1,49]]></texto>
    </pregunta>
    <pregunta>
      <enunciado><![CDATA[¿Qué porcentaje de las personas encuestadas han leído 9 libros o más?]]></enunciado>
      <explicacion/>
      <nivel><![CDATA[3]]></nivel>
      <tipo/>
      <imagen><![CDATA[imagenDummy_MotorM.png]]></imagen>
      <ampliacion><![CDATA[imagenDummy_MotorM.png]]></ampliacion>
      <texto/>
    </pregunta>
    <pregunta>
      <enunciado><![CDATA[¿Qué tipo de moda se presenta en la gráfica?]]></enunciado>
      <explicacion/>
      <nivel><![CDATA[1]]></nivel>
      <tipo/>
      <imagen><![CDATA[imagenDummy_MotorM.png]]></imagen>
      <ampliacion><![CDATA[imagenDummy_MotorM.png]]></ampliacion>
      <texto/>
    </pregunta>
  </preguntas>
</motor>