﻿<?xml version="1.0" encoding="utf-8"?>
<motor tipo="7" clase="a" aprid="m7a">
  <plataforma>
    <grado><![CDATA[2]]></grado>
    <titulo>Calcula el volumen de los prismas</titulo>
    <area>0</area>
    <nivel>1</nivel>
    <referencia />
    <idreg><![CDATA[0]]></idreg>
    <motor><![CDATA[M7A]]></motor>
    <lang>es</lang>
  </plataforma>
  <enunciado><![CDATA[Halla el área o el volumen de los siguientes cuerpos geométricos.]]></enunciado>
  <masinfo inicio="0" />
  <sinaleatoriedad><![CDATA[0]]></sinaleatoriedad>
  <calc><![CDATA[0]]></calc>
  <respuestaunica><![CDATA[1]]></respuestaunica>
  <test cantidad="5">
    <cuestion>
      <enunciado><![CDATA[Halla el área de la cancha de fútbol.]]></enunciado>
      <imagen><![CDATA[MA_08_05_REC230_IMG01n.png]]></imagen>
      <ampliacion><![CDATA[MA_08_05_REC230_IMG01a.png]]></ampliacion>
      <respuestas>
        <respuesta ruta="MA_08_05_REC230_IMG02.png" ampliacion="" correcta="1" />
        <respuesta ruta="MA_08_05_REC230_IMG03.png" ampliacion="" correcta="0" />
        <respuesta ruta="MA_08_05_REC230_IMG04.png" ampliacion="" correcta="0" />
      </respuestas>
    </cuestion>
    <cuestion>
      <enunciado><![CDATA[Halla el volumen del cilindro.]]></enunciado>
      <imagen><![CDATA[MA_08_05_REC230_IMG05n.png]]></imagen>
      <ampliacion><![CDATA[MA_08_05_REC230_IMG05a.png]]></ampliacion>
      <respuestas>
        <respuesta ruta="MA_08_05_REC230_IMG06.png" ampliacion="" correcta="1" />
        <respuesta ruta="MA_08_05_REC230_IMG07.png" ampliacion="" correcta="0" />
        <respuesta ruta="MA_08_05_REC230_IMG08.png" ampliacion="" correcta="0" />
      </respuestas>
    </cuestion>
    <cuestion>
      <enunciado><![CDATA[Halla la expresión que representa el volumen del techo.]]></enunciado>
      <imagen><![CDATA[MA_08_05_REC230_IMG09.1n.png]]></imagen>
      <ampliacion><![CDATA[MA_08_05_REC230_IMG09.1a.png]]></ampliacion>
      <respuestas>
        <respuesta ruta="MA_08_05_REC230_IMG10.1.png" ampliacion="" correcta="1" />
        <respuesta ruta="MA_08_05_REC230_IMG11.png" ampliacion="" correcta="0" />
        <respuesta ruta="MA_08_05_REC230_IMG12.png" ampliacion="" correcta="0" />
      </respuestas>
    </cuestion>
    <cuestion>
      <enunciado><![CDATA[Encuentra la expresión que representa el volumen de la lavadora.]]></enunciado>
      <imagen><![CDATA[MA_08_05_REC230_IMG13n.png]]></imagen>
      <ampliacion><![CDATA[MA_08_05_REC230_IMG13a.png]]></ampliacion>
      <respuestas>
        <respuesta ruta="MA_08_05_REC230_IMG14.png" ampliacion="" correcta="1" />
        <respuesta ruta="MA_08_05_REC230_IMG15.png" ampliacion="" correcta="0" />
        <respuesta ruta="MA_08_05_REC230_IMG16.png" ampliacion="" correcta="0" />
      </respuestas>
    </cuestion>
    <cuestion>
      <enunciado><![CDATA[Halla el área del marco del cuadro.]]></enunciado>
      <imagen><![CDATA[MA_08_05_REC230_IMG18n.png]]></imagen>
      <ampliacion><![CDATA[MA_08_05_REC230_IMG18a.png]]></ampliacion>
      <respuestas>
        <respuesta ruta="MA_08_05_REC230_IMG19.png" ampliacion="" correcta="1" />
        <respuesta ruta="MA_08_05_REC230_IMG20.png" ampliacion="" correcta="0" />
        <respuesta ruta="MA_08_05_REC230_IMG21.png" ampliacion="" correcta="0" />
      </respuestas>
    </cuestion>
  </test>
</motor>