﻿<?xml version="1.0" encoding="utf-8"?><engine copy="Editorial Planeta" version="1" aprid="f6"><main layout="1">
<title>Ecuaciones reducibles a ecuaciones cuadráticas</title>
<footer>Selecciona el tipo de ecuación a estudiar</footer>
</main>
<sections>
<section i="0" star="false" hasSubsections="false">
<menuImage path="img_01_.png" border="1">
<title><![CDATA[Ecuaciones con radicales de índice dos]]></title>
</menuImage>
<pages>
<page i="0" visible="true" color="">
<title>Ecuaciones con radicales de índice dos</title>
<description><![CDATA[<p><span style="font-size:20px;"><span style="font-family:verdana,geneva,sans-serif;">Una ecuaci&oacute;n radical de &iacute;ndice dos corresponde a aquella ecuaci&oacute;n en la que se tiene una variable en un radicando, por ejemplo:</span></span></p>

<p></p>

<p style="text-align: center;"><span style="font-size:20px;"><span style="font-family:verdana,geneva,sans-serif;"><a href="http://www.codecogs.com/eqnedit.php?latex=\fn_jvn&amp;space;\large&amp;space;\sqrt{x+9}=x-4" target="_blank"><img src="http://latex.codecogs.com/png.latex?\fn_jvn&amp;space;\large&amp;space;\sqrt{x+9}=x-4" title="\large \sqrt{x+9}=x-4" /></a></span></span></p>

<p><span style="font-size:20px;"><span style="font-family:verdana,geneva,sans-serif;">Para resolver ecuaciones de este tipo se deben tener en cuenta los siguientes pasos:</span></span></p>

<ul>
	<li><span style="font-size:20px;"><span style="font-family:verdana,geneva,sans-serif;">Dejar en&nbsp;uno de los lados de la igualdad el radical; cuando se presenten varios radicales, se escoge solo uno.&nbsp;</span></span></li>
	<li><span style="font-size:20px;"><span style="font-family:verdana,geneva,sans-serif;">De ser posible, reducir t&eacute;rminos semejantes.&nbsp;</span></span></li>
	<li><span style="font-size:20px;"><span style="font-family:verdana,geneva,sans-serif;">Luego, se elevan al cuadrado ambos miembros de la igualdad y se solucionan las potencias presentadas; de existir varios radicales, el paso se repite hasta que la ecuaci&oacute;n corresponda a una expresi&oacute;n sin radicales.&nbsp;</span></span></li>
	<li><span style="font-size:20px;"><span style="font-family:verdana,geneva,sans-serif;">Se debe igualar la expresi&oacute;n a cero y resolver la ecuaci&oacute;n cuadr&aacute;tica teniendo en cuenta los m&eacute;todos vistos.</span></span></li>
	<li><span style="font-size:20px;"><span style="font-family:verdana,geneva,sans-serif;">Al hallar las soluciones, se debe verificar que satisfacen la igualdad original; de no ser as&iacute;, se determina que dicho valor corresponde a una soluci&oacute;n inconsistente o extra&ntilde;a.&nbsp;</span></span></li>
</ul>
]]></description>
<images>
<image path="img_02_.png" border = "1" pathbig="img_02__big.png">
<title><![CDATA[]]></title>
</image>
</images>
</page>
<page i="0" visible="true" color="">
<title>Ecuaciones con radicales de índice dos</title>
<description><![CDATA[<p><span style="font-size:20px;"><span style="font-family:verdana,geneva,sans-serif;">Por ejemplo:</span></span></p>

<p></p>

<p><span style="font-size:20px;"><span style="font-family:verdana,geneva,sans-serif;">Para la ecuaci&oacute;n:&nbsp;<a href="http://www.codecogs.com/eqnedit.php?latex=\fn_jvn&amp;space;\large&amp;space;\sqrt{x+6}=x" target="_blank"><img src="http://latex.codecogs.com/png.latex?\fn_jvn&amp;space;\large&amp;space;\sqrt{x+6}=x" title="\large \sqrt{x+6}=x" /></a></span></span></p>

<p><span style="font-size:20px;"><span style="font-family:verdana,geneva,sans-serif;">Se eleva al cuadrado ambos lados de la igualdad:</span></span></p>

<p style="text-align: center;"></p>

<p style="text-align: center;"><span style="font-size:20px;"><span style="font-family:verdana,geneva,sans-serif;"><a href="http://www.codecogs.com/eqnedit.php?latex=\fn_jvn&amp;space;\large&amp;space;(\sqrt{x+6})^{2}=x^{2}" target="_blank"><img src="http://latex.codecogs.com/png.latex?\fn_jvn&amp;space;\large&amp;space;(\sqrt{x+6})^{2}=x^{2}" title="\large (\sqrt{x+6})^{2}=x^{2}" /></a></span></span></p>

<p style="text-align: center;"></p>

<p><span style="font-size:20px;"><span style="font-family:verdana,geneva,sans-serif;">Se resuelven las potencias indicadas:&nbsp;<em>x</em> + 6 = <em>x</em><sup>2</sup></span></span></p>

<p><span style="font-size:20px;"><span style="font-family:verdana,geneva,sans-serif;">Se iguala a cero la expresi&oacute;n:&nbsp;<em>x</em><sup>2</sup> &ndash; <em>x</em> &ndash; 6 = 0</span></span></p>

<p style="text-align: center;"></p>

<p><span style="font-size:20px;"><span style="font-family:verdana,geneva,sans-serif;">Se factoriza:&nbsp;(<em>x</em> <span style="text-align: center;">&ndash;</span> 3)(<em>x</em> + 2) = 0</span></span></p>

<p style="text-align: center;"></p>

<p><span style="font-size:20px;"><span style="font-family:verdana,geneva,sans-serif;">Se iguala a cero cada factor:</span></span></p>

<p style="text-align: center;"><span style="font-size:20px;"><span style="font-family:verdana,geneva,sans-serif;">(<em>x</em>&nbsp;<span style="text-align: center;">&ndash;</span>&nbsp;3) = 0 </span></span></p>

<p style="text-align: center;"><span style="font-size:20px;"><span style="font-family:verdana,geneva,sans-serif;">(<em>x</em>&nbsp;+ 2)&nbsp;= 0</span></span></p>

<p style="text-align: center;"></p>

<p><span style="font-size:20px;"><span style="font-family:verdana,geneva,sans-serif;">Se hallan las soluciones correspondientes:</span></span></p>

<p style="text-align: center;"><span style="font-size:20px;"><span style="font-family:verdana,geneva,sans-serif;"><em>x</em>&nbsp;<span style="text-align: center;">=</span>&nbsp;3 y&nbsp;<em>x</em>&nbsp;=&nbsp;<span style="text-align: center;">&ndash;2</span></span></span></p>

<p></p>

<p><span style="font-size:20px;"><span style="font-family:verdana,geneva,sans-serif;">Al tener los posibles valores para <em>x</em> se verifica en la ecuaci&oacute;n inicial; en este caso si <em>x</em> = 3, se tiene:</span></span></p>

<p style="text-align: center;"><span style="font-size:20px;"><span style="font-family:verdana,geneva,sans-serif;"><img src="http://latex.codecogs.com/png.latex?%5Cfn_jvn%20%5Csqrt%7B3%20&amp;plus;%206%7D%20%3D%20%5Csqrt%7B9%7D%20%3D%203" style="cursor: default; color: rgb(51, 51, 51); font-family: Verdana, Arial, sans-serif; font-size: 18px; background-color: rgb(255, 255, 255);" /></span></span></p>

<p><span style="font-size:20px;"><span style="font-family:verdana,geneva,sans-serif;">Lo cual <em>x</em> = 3 satisface la ecuaci&oacute;n.</span></span></p>

<p><span style="font-size:20px;"><span style="font-family:verdana,geneva,sans-serif;">Para el caso <em>x</em> = <span style="text-align: center;">&ndash;</span>2</span></span></p>

<p style="text-align: center;"><span style="font-size:20px;"><span style="font-family:verdana,geneva,sans-serif;"><img src="http://latex.codecogs.com/png.latex?%5Cfn_jvn%20%5Csqrt%7B-2%20&amp;plus;%206%7D%20%3D%20%5Csqrt%7B4%7D%20%3D%202" style="cursor: default; color: rgb(51, 51, 51); font-family: Verdana, Arial, sans-serif; font-size: 18px; background-color: rgb(255, 255, 255);" /></span></span></p>

<p><span style="font-size:20px;"><span style="font-family:verdana,geneva,sans-serif;">Como la ecuaci&oacute;n no se cumple para <em>x</em> = <span style="text-align: center;">&ndash;</span>2, entonces, no&nbsp;es soluci&oacute;n de la ecuaci&oacute;n.</span></span></p>

<p style="text-align: center;"></p>
]]></description>
<images>
<image path="img_02_.png" border = "0" pathbig="img_02__big.png">
<title><![CDATA[]]></title>
</image>
</images>
</page>
</pages>
</section><section i="0" star="false" hasSubsections="false">
<menuImage path="img_01_.png" border="1">
<title><![CDATA[Ecuaciones bicuadráticas]]></title>
</menuImage>
<pages>
<page i="0" visible="true" color="">
<title>Ecuaciones bicuadráticas</title>
<description><![CDATA[<p><span style="font-size:20px;"><span style="font-family:verdana,geneva,sans-serif;">Las <strong>ecuaciones bicuadr&aacute;ticas</strong> corresponden a&nbsp;ecuaciones de la forma&nbsp;<em>ax</em><sup>4</sup> + <em>bx</em><sup>2</sup> + <em>c </em>= 0.</span></span></p>

<p><span style="font-size:20px;"><span style="font-family:verdana,geneva,sans-serif;">Para resolver esta clase de ecuaciones, se realiza&nbsp;un cambio de variable&nbsp;para transformar&nbsp;la ecuaci&oacute;n dada en una ecuaci&oacute;n cuadr&aacute;tica que se resuelve por alguno de&nbsp;los m&eacute;todos conocidos. Al finalizar el proceso de soluci&oacute;n, se vuelve a realizar el cambio&nbsp;de variable.&nbsp;En este caso, se obtienen cuatro soluciones o ra&iacute;ces.</span></span></p>

<p><span style="font-size:20px;"><span style="font-family:verdana,geneva,sans-serif;">Por ejemplo, si se realiza el siguiente cambio,&nbsp;<em>x</em><sup>2</sup> = <em>t</em> y reescribir la ecuaci&oacute;n original se obtiene:</span></span></p>

<p></p>

<p style="text-align: center;"><span style="font-size:20px;"><span style="font-family:verdana,geneva,sans-serif;"><em>at</em><sup>2</sup> + <em>bt</em> + <em>c </em>= 0</span></span></p>

<p><span style="font-size:20px;"><span style="font-family:verdana,geneva,sans-serif;">Esta ecuaci&oacute;n se resuelve para encontrar los valores de <em>t</em> y luego se reemplazan para conocer los valores de <em>x</em>.</span></span></p>

<p></p>

<p style="text-align: center;"></p>

<p style="text-align: center;"></p>

<p style="text-align: center;"></p>

<p></p>

<p style="text-align: center;"></p>

<p></p>
]]></description>
<images>
<image path="img_03_.png" border = "1" pathbig="img_03__big.png">
<title><![CDATA[]]></title>
</image>
</images>
</page>
<page i="0" visible="true" color="">
<title>Ecuaciones bicuadráticas</title>
<description><![CDATA[<p><span style="font-size:20px;"><span style="font-family:verdana,geneva,sans-serif;">Por ejemplo, resolver&nbsp;la ecuaci&oacute;n:</span></span></p>

<p style="text-align: center;"><span style="font-size:20px;"><span style="font-family:verdana,geneva,sans-serif;">2<em>x</em><sup>4</sup> + 3<em>x</em><sup>2</sup> &ndash; 2 =&nbsp;0</span></span></p>

<p><span style="font-size:20px;"><span style="font-family:verdana,geneva,sans-serif;">Se hace el cambio de variable, por ejemplo, <em>x</em><sup>2</sup> = <em>t.</em></span></span></p>

<p></p>

<p style="text-align: center;"></p>

<p><span style="font-size:20px;"><span style="font-family:verdana,geneva,sans-serif;">Se reescribe la expresi&oacute;n:</span></span></p>

<p style="text-align: center;"><span style="font-size:20px;"><span style="font-family:verdana,geneva,sans-serif;"><span style="text-align: center;">2</span><em style="text-align: center;">t</em><sup style="text-align: center;">2</sup><span style="text-align: center;">&nbsp;+ 3</span><em style="text-align: center;">t</em><span style="text-align: center;">&nbsp;</span><span style="text-align: center;">&ndash;</span><span style="text-align: center;">&nbsp;2 =&nbsp;</span><span style="text-align: center;">0</span></span></span></p>

<p><span style="font-size:20px;"><span style="font-family:verdana,geneva,sans-serif;">Se factoriza el polinomio caudr&aacute;tico.</span></span></p>

<p style="text-align: center;"><span style="font-size:20px;"><span style="font-family:verdana,geneva,sans-serif;">(<em>t</em> + 2)(2<em>t</em> <span style="text-align: center;">&ndash;</span> 1) = 0</span></span></p>

<p style="text-align: center;"></p>

<p><span style="font-size:20px;"><span style="font-family:verdana,geneva,sans-serif;">Se iguala cada factor a cero:</span></span></p>

<p style="text-align: center;"><span style="font-size:20px;"><span style="font-family:verdana,geneva,sans-serif;">(<em>t</em> + 2) = 0</span></span></p>

<p style="text-align: center;"><span style="font-size:20px;"><span style="font-family:verdana,geneva,sans-serif;">(2<em>t</em> <span style="text-align: center;">&ndash;</span> 1) = 0</span></span></p>

<p><span style="font-size:20px;"><span style="font-family:verdana,geneva,sans-serif;">Se hallan las posibles soluciones en cada caso:</span></span></p>

<p style="text-align: center;"><span style="font-size:20px;"><span style="font-family:verdana,geneva,sans-serif;"><a href="http://www.codecogs.com/eqnedit.php?latex=\fn_jvn&amp;space;\large&amp;space;t=-2&amp;space;\&amp;space;\&amp;space;\&amp;space;\&amp;space;o&amp;space;\&amp;space;\&amp;space;\&amp;space;t=\frac{1}{2}" target="_blank"><img src="http://latex.codecogs.com/png.latex?\fn_jvn&amp;space;\large&amp;space;t=-2&amp;space;\&amp;space;\&amp;space;\&amp;space;\&amp;space;o&amp;space;\&amp;space;\&amp;space;\&amp;space;t=\frac{1}{2}" title="\large t=-2 \ \ \ \ o \ \ \ t=\frac{1}{2}" /></a></span></span></p>

<p><span style="font-size:20px;"><span style="font-family:verdana,geneva,sans-serif;">Teniendo en cuenta que <em>x</em><sup>2</sup> = <em>t</em>,&nbsp;se vuelve a hacer un cambo de variable, es decir:</span></span></p>

<p></p>

<p style="text-align: center;"><span style="font-size:20px;"><span style="font-family:verdana,geneva,sans-serif;"><a href="http://www.codecogs.com/eqnedit.php?latex=\fn_jvn&amp;space;\large&amp;space;x^{2}=-2&amp;space;\&amp;space;\&amp;space;\&amp;space;\&amp;space;o&amp;space;\&amp;space;\&amp;space;\&amp;space;x^{2}=\frac{1}{2}" target="_blank"><img src="http://latex.codecogs.com/png.latex?\fn_jvn&amp;space;\large&amp;space;x^{2}=-2&amp;space;\&amp;space;\&amp;space;\&amp;space;\&amp;space;o&amp;space;\&amp;space;\&amp;space;\&amp;space;x^{2}=\frac{1}{2}" title="\large x^{2}=-2 \ \ \ \ o \ \ \ x^{2}=\frac{1}{2}" /></a></span></span></p>

<p><span style="font-size:20px;"><span style="font-family:verdana,geneva,sans-serif;">Por tanto:</span></span></p>

<p style="text-align: center;"><span style="font-size:20px;"><span style="font-family:verdana,geneva,sans-serif;"><a href="http://www.codecogs.com/eqnedit.php?latex=\fn_jvn&amp;space;\large&amp;space;x=\pm&amp;space;\sqrt{-2}&amp;space;\&amp;space;\&amp;space;\&amp;space;\&amp;space;o&amp;space;\&amp;space;\&amp;space;\&amp;space;x=\pm&amp;space;\sqrt{\frac{1}{2}}" target="_blank"><img src="http://latex.codecogs.com/png.latex?\fn_jvn&amp;space;\large&amp;space;x=\pm&amp;space;\sqrt{-2}&amp;space;\&amp;space;\&amp;space;\&amp;space;\&amp;space;o&amp;space;\&amp;space;\&amp;space;\&amp;space;x=\pm&amp;space;\sqrt{\frac{1}{2}}" title="\large x=\pm \sqrt{-2} \ \ \ \ o \ \ \ x=\pm \sqrt{\frac{1}{2}}" /></a></span></span></p>

<p style="text-align: center;"><span style="font-size:20px;"><span style="font-family:verdana,geneva,sans-serif;"><a href="http://www.codecogs.com/eqnedit.php?latex=\fn_jvn&amp;space;\large&amp;space;x=\pm&amp;space;2i&amp;space;\&amp;space;\&amp;space;\&amp;space;\&amp;space;o&amp;space;\&amp;space;\&amp;space;\&amp;space;x=\pm&amp;space;\frac{1}{\sqrt{2}}" target="_blank"><img src="http://latex.codecogs.com/png.latex?\fn_jvn&amp;space;\large&amp;space;x=\pm&amp;space;2i&amp;space;\&amp;space;\&amp;space;\&amp;space;\&amp;space;o&amp;space;\&amp;space;\&amp;space;\&amp;space;x=\pm&amp;space;\frac{1}{\sqrt{2}}" title="\large x=\pm 2i \ \ \ \ o \ \ \ x=\pm \frac{1}{\sqrt{2}}" /></a></span></span></p>

<p><span style="font-size:20px;"><span style="font-family:verdana,geneva,sans-serif;">Al verificar cada soluci&oacute;n se tiene:</span></span></p>

<p><span style="font-size:20px;"><span style="font-family:verdana,geneva,sans-serif;">Para 2<em>i:</em></span></span></p>

<p style="text-align: center;"><span style="font-size:20px;"><span style="font-family:verdana,geneva,sans-serif;"><a href="http://www.codecogs.com/eqnedit.php?latex=\fn_jvn&amp;space;2x^{4}+3x^{2}-2=0&amp;space;\rightarrow&amp;space;2(2i)^{4}+3(2i)^{2}-2=0\rightarrow&amp;space;18=0\\" target="_blank"><img src="http://latex.codecogs.com/png.latex?\fn_jvn&amp;space;2x^{4}+3x^{2}-2=0&amp;space;\rightarrow&amp;space;2(2i)^{4}+3(2i)^{2}-2=0\rightarrow&amp;space;18=0\\" title="2x^{4}+3x^{2}-2=0 \rightarrow 2(2i)^{4}+3(2i)^{2}-2=0\rightarrow 18=0\\" /></a></span></span></p>

<p style="text-align: center;"></p>

<p><span style="font-size:20px;"><span style="font-family:verdana,geneva,sans-serif;"><span style="text-align: center;">Para -</span>2<em style="text-align: center;">i:</em></span></span></p>

<p style="text-align: center;"><span style="font-size:20px;"><span style="font-family:verdana,geneva,sans-serif;"><a href="http://www.codecogs.com/eqnedit.php?latex=\fn_jvn&amp;space;2x^{4}+3x^{2}-2=0&amp;space;\rightarrow&amp;space;2(-2i)^{4}+3(-2i)^{2}-2=0\rightarrow&amp;space;18=0\\" target="_blank"><img src="http://latex.codecogs.com/png.latex?\fn_jvn&amp;space;2x^{4}+3x^{2}-2=0&amp;space;\rightarrow&amp;space;2(-2i)^{4}+3(-2i)^{2}-2=0\rightarrow&amp;space;18=0\\" title="2x^{4}+3x^{2}-2=0 \rightarrow 2(-2i)^{4}+3(-2i)^{2}-2=0\rightarrow 18=0\\" /></a></span></span></p>

<p><span style="font-size:20px;"><span style="font-family:verdana,geneva,sans-serif;"><span style="text-align: center;">Para&nbsp;</span><a href="http://www.codecogs.com/eqnedit.php?latex=\fn_jvn&amp;space;\frac{1}{\sqrt{2}}" style="text-align: center;" target="_blank"><img src="http://latex.codecogs.com/png.latex?\fn_jvn&amp;space;\frac{1}{\sqrt{2}}" title="\frac{1}{\sqrt{2}}" /></a>:</span></span></p>

<p style="text-align: center;"><span style="font-size:20px;"><span style="font-family:verdana,geneva,sans-serif;"><a href="http://www.codecogs.com/eqnedit.php?latex=\fn_jvn&amp;space;2x^{4}+3x^{2}-2=0&amp;space;\rightarrow&amp;space;2(\frac{1}{\sqrt{2}})^{4}+3(\frac{1}{\sqrt{2}})^{2}-2=0\rightarrow&amp;space;0=0\\" target="_blank"><img src="http://latex.codecogs.com/png.latex?\fn_jvn&amp;space;2x^{4}+3x^{2}-2=0&amp;space;\rightarrow&amp;space;2(\frac{1}{\sqrt{2}})^{4}+3(\frac{1}{\sqrt{2}})^{2}-2=0\rightarrow&amp;space;0=0\\" title="2x^{4}+3x^{2}-2=0 \rightarrow 2(\frac{1}{\sqrt{2}})^{4}+3(\frac{1}{\sqrt{2}})^{2}-2=0\rightarrow 0=0\\" /></a></span></span></p>

<p style="text-align: center;"></p>

<p style="text-align: center;"></p>

<p></p>

<p><span style="font-size:20px;"><span style="font-family:verdana,geneva,sans-serif;">Para&nbsp;<a href="http://www.codecogs.com/eqnedit.php?latex=\fn_jvn&amp;space;-\frac{1}{\sqrt{2}}" target="_blank"><img src="http://latex.codecogs.com/png.latex?\fn_jvn&amp;space;-\frac{1}{\sqrt{2}}" title="-\frac{1}{\sqrt{2}}" /></a>:<a href="http://www.codecogs.com/eqnedit.php?latex=\fn_jvn&amp;space;2x^{4}+3x^{2}-2=0&amp;space;\rightarrow&amp;space;2(-\frac{1}{\sqrt{2}})^{4}+3(-\frac{1}{\sqrt{2}})^{2}-2=0\rightarrow&amp;space;0=0\\" style="text-align: center;" target="_blank"><img src="http://latex.codecogs.com/png.latex?\fn_jvn&amp;space;2x^{4}+3x^{2}-2=0&amp;space;\rightarrow&amp;space;2(-\frac{1}{\sqrt{2}})^{4}+3(-\frac{1}{\sqrt{2}})^{2}-2=0\rightarrow&amp;space;0=0\\" title="2x^{4}+3x^{2}-2=0 \rightarrow 2(-\frac{1}{\sqrt{2}})^{4}+3(-\frac{1}{\sqrt{2}})^{2}-2=0\rightarrow 0=0\\" /></a></span></span></p>

<p></p>

<p><span style="font-size:20px;"><span style="font-family:verdana,geneva,sans-serif;">Luego los valores que hacen verdadera la igualdad son</span></span></p>

<p><span style="font-size:20px;"><span style="font-family:verdana,geneva,sans-serif;"><em>x = <a href="http://www.codecogs.com/eqnedit.php?latex=\fn_jvn&amp;space;\frac{1}{\sqrt{2}}" style="text-align: center;" target="_blank"><img src="http://latex.codecogs.com/png.latex?\fn_jvn&amp;space;\frac{1}{\sqrt{2}}" title="\frac{1}{\sqrt{2}}" /></a>&nbsp;</em> y <em>x =&nbsp;<a href="http://www.codecogs.com/eqnedit.php?latex=\fn_jvn&amp;space;-\frac{1}{\sqrt{2}}" target="_blank"><img src="http://latex.codecogs.com/png.latex?\fn_jvn&amp;space;-\frac{1}{\sqrt{2}}" title="-\frac{1}{\sqrt{2}}" /></a>, </em>por tanto, son soluci&oacute;n de la ecuaci&oacute;n.&nbsp;</span></span></p>
]]></description>
<images>
<image path="img_03_.png" border = "1" pathbig="img_03__big.png">
<title><![CDATA[]]></title>
</image>
</images>
</page>
</pages>
</section><section i="0" star="false" hasSubsections="false">
<menuImage path="img_01_.png" border="1">
<title><![CDATA[Ecuaciones literales]]></title>
</menuImage>
<pages>
<page i="0" visible="true" color="">
<title>Ecuaciones literales</title>
<description><![CDATA[<p><span style="font-size:20px;"><span style="font-family:verdana,geneva,sans-serif;">Aquellas ecuaciones&nbsp;en las que los coeficientes de la variable se han expresado con letras que representan n&uacute;meros, se conocen como <strong>ecuaciones literales</strong>.&nbsp;</span></span></p>

<p></p>

<p><span style="font-size:20px;"><span style="font-family:verdana,geneva,sans-serif;">Un ejemplo de este tipo de ecuaciones es:</span></span></p>

<p style="text-align: center;"><span style="font-size:20px;"><span style="font-family:verdana,geneva,sans-serif;">10<em>x</em><sup>2</sup> + 33<em>ax</em> - 36<em>a</em><sup>2</sup> = 0</span></span></p>

<p><span style="font-size:20px;"><span style="font-family:verdana,geneva,sans-serif;">Por lo general, este tipo de ecuaciones se resuelve aplicando la f&oacute;rmula general o por factorizaci&oacute;n.</span></span></p>

<p></p>
]]></description>
<images>
<image path="img_04_.png" border = "1" pathbig="img_04__big.png">
<title><![CDATA[]]></title>
</image>
</images>
</page>
<page i="0" visible="true" color="">
<title>Ecuaciones literales</title>
<description><![CDATA[<p><span style="font-size:20px;"><span style="font-family:verdana,geneva,sans-serif;">Por ejemplo:</span></span></p>

<p style="text-align: center;"><span style="font-size:20px;"><span style="font-family:verdana,geneva,sans-serif;"><a href="http://www.codecogs.com/eqnedit.php?latex=\fn_jvn&amp;space;\large&amp;space;2x^{2}-abx-3a^{2}b^{2}=0" target="_blank"><img src="http://latex.codecogs.com/png.latex?\fn_jvn&amp;space;\large&amp;space;2x^{2}-abx-3a^{2}b^{2}=0" title="\large 2x^{2}-abx-3a^{2}b^{2}=0" /></a></span></span></p>

<p><span style="font-size:20px;"><span style="font-family:verdana,geneva,sans-serif;">Al factorizar se tiene:</span></span></p>

<p style="text-align: center;"><span style="font-size:20px;"><span style="font-family:verdana,geneva,sans-serif;"><a href="http://www.codecogs.com/eqnedit.php?latex=\fn_jvn&amp;space;\large&amp;space;(2x-3ab)(x+ab)=0" target="_blank"><img src="http://latex.codecogs.com/png.latex?\fn_jvn&amp;space;\large&amp;space;(2x-3ab)(x+ab)=0" title="\large (2x-3ab)(x+ab)=0" /></a></span></span></p>

<p><span style="font-size:20px;"><span style="font-family:verdana,geneva,sans-serif;">Igualando cada factor a cero se tiene:</span></span></p>

<p style="text-align: center;"><span style="font-size:20px;"><span style="font-family:verdana,geneva,sans-serif;"><a href="http://www.codecogs.com/eqnedit.php?latex=\fn_jvn&amp;space;\large&amp;space;(2x-3ab)=0\&amp;space;\&amp;space;\&amp;space;\&amp;space;\&amp;space;\&amp;space;o&amp;space;\&amp;space;\&amp;space;\&amp;space;(x+ab)=0" target="_blank"><img src="http://latex.codecogs.com/png.latex?\fn_jvn&amp;space;\large&amp;space;(2x-3ab)=0\&amp;space;\&amp;space;\&amp;space;\&amp;space;\&amp;space;\&amp;space;o&amp;space;\&amp;space;\&amp;space;\&amp;space;(x+ab)=0" title="\large (2x-3ab)=0\ \ \ \ \ \ o \ \ \ (x+ab)=0" /></a></span></span></p>

<p><span style="font-size:20px;"><span style="font-family:verdana,geneva,sans-serif;">Despejando <em>x</em> para cada caso:</span></span></p>

<p style="text-align: center;"><span style="font-size:20px;"><span style="font-family:verdana,geneva,sans-serif;"><a href="http://www.codecogs.com/eqnedit.php?latex=\fn_jvn&amp;space;\large&amp;space;x=\frac{3ab}{2}\&amp;space;\&amp;space;\&amp;space;\&amp;space;\&amp;space;\&amp;space;o&amp;space;\&amp;space;\&amp;space;\&amp;space;x=&amp;space;-ab" target="_blank"><img src="http://latex.codecogs.com/png.latex?\fn_jvn&amp;space;\large&amp;space;x=\frac{3ab}{2}\&amp;space;\&amp;space;\&amp;space;\&amp;space;\&amp;space;\&amp;space;o&amp;space;\&amp;space;\&amp;space;\&amp;space;x=&amp;space;-ab" title="\large x=\frac{3ab}{2}\ \ \ \ \ \ o \ \ \ x= -ab" /></a></span></span></p>

<p><span style="font-size:20px;"><span style="font-family:verdana,geneva,sans-serif;">Al verificar para cada valor obtenido en la ecuaci&oacute;n original:</span></span></p>

<p></p>

<p><span style="font-size:20px;"><span style="font-family:verdana,geneva,sans-serif;">Para&nbsp;<a href="http://www.codecogs.com/eqnedit.php?latex=\fn_jvn&amp;space;\frac{3ab}{2}" target="_blank"><img src="http://latex.codecogs.com/png.latex?\fn_jvn&amp;space;\frac{3ab}{2}" title="\frac{3ab}{2}" /></a>:</span></span></p>

<p style="text-align: center;"><span style="font-size:20px;"><span style="font-family:verdana,geneva,sans-serif;"><a href="http://www.codecogs.com/eqnedit.php?latex=\fn_jvn&amp;space;2x^{2}-abx-3a^{2}b^{2}=0\rightarrow&amp;space;2(\frac{3ab}{2})^{2}-ab(\frac{3ab}{2})-3a^{2}b^{2}=0\rightarrow&amp;space;0=0" target="_blank"><img src="http://latex.codecogs.com/png.latex?\fn_jvn&amp;space;2x^{2}-abx-3a^{2}b^{2}=0\rightarrow&amp;space;2(\frac{3ab}{2})^{2}-ab(\frac{3ab}{2})-3a^{2}b^{2}=0\rightarrow&amp;space;0=0" title="2x^{2}-abx-3a^{2}b^{2}=0\rightarrow 2(\frac{3ab}{2})^{2}-ab(\frac{3ab}{2})-3a^{2}b^{2}=0\rightarrow 0=0" /></a></span></span></p>

<p style="text-align: center;"></p>

<p><br />
<span style="font-size:20px;"><span style="font-family:verdana,geneva,sans-serif;">Para&nbsp;<a href="http://www.codecogs.com/eqnedit.php?latex=\fn_jvn&amp;space;-ab" target="_blank"><img src="http://latex.codecogs.com/png.latex?\fn_jvn&amp;space;-ab" title="-ab" /></a>:</span></span></p>

<p><span style="font-size:20px;"><span style="font-family:verdana,geneva,sans-serif;"><a href="http://www.codecogs.com/eqnedit.php?latex=\fn_jvn&amp;space;2x^{2}-abx-3a^{2}b^{2}=0\rightarrow&amp;space;2(-ab)^{2}-ab(-ab)-3a^{2}b^{2}=0\rightarrow&amp;space;0=0" target="_blank"><img src="http://latex.codecogs.com/png.latex?\fn_jvn&amp;space;2x^{2}-abx-3a^{2}b^{2}=0\rightarrow&amp;space;2(-ab)^{2}-ab(-ab)-3a^{2}b^{2}=0\rightarrow&amp;space;0=0" title="2x^{2}-abx-3a^{2}b^{2}=0\rightarrow 2(-ab)^{2}-ab(-ab)-3a^{2}b^{2}=0\rightarrow 0=0" /></a></span></span></p>

<p></p>

<p><span style="font-size:20px;"><span style="font-family:verdana,geneva,sans-serif;">Luego los dos valores obtenidos hacen verdadera la igualdad, por tanto, los dos son soluci&oacute;n.&nbsp;</span></span></p>

<p style="text-align: center;"></p>

<p style="text-align: center;"></p>
]]></description>
<images>
<image path="img_04_.png" border = "1" pathbig="img_04__big.png">
<title><![CDATA[]]></title>
</image>
</images>
</page>
</pages>
</section></sections>
</engine>