﻿<?xml version="1.0" encoding="utf-8"?>
<motor tipo="3" clase="a" aprid="m3a">
  <plataforma>
    <grado><![CDATA[2]]></grado>
    <titulo>Ejemplifica las propiedades de la adición y la sustracción</titulo>
    <area>0</area>
    <nivel>1</nivel>
    <referencia />
    <idreg><![CDATA[0]]></idreg>
    <motor><![CDATA[M3A]]></motor>
    <lang>es</lang>
  </plataforma>
  <enunciado><![CDATA[Reemplaza los valores y verifica las propiedades dado que {{cur}}a{{normal}} = 365, {{cur}}b{{normal}} = 425, {{cur}}c{{normal}} = 132, {{cur}}d{{normal}} = 812, {{cur}}e{{normal}} = 132.Indica que propiedad usaste y si la igualdad es verdadera en cada caso.]]></enunciado>
  <masinfo inicio="0" />
  <sinaleatoriedad><![CDATA[0]]></sinaleatoriedad>
  <calc><![CDATA[1]]></calc>
  <sonidoaimagen cantidad="6">
    <cuestion>
      <imagen etiqueta=""><![CDATA[MA_06_03_CO_REC60_IMG01.png]]></imagen>
      <respuestas>
        <respuesta etiqueta="Verdadera- Conmutativa" />
      </respuestas>
    </cuestion>
    <cuestion>
      <imagen etiqueta=""><![CDATA[MA_06_03_CO_REC60_IMG02.png]]></imagen>
      <respuestas>
        <respuesta etiqueta="Falsa - Conmutativa" />
      </respuestas>
    </cuestion>
    <cuestion>
      <imagen etiqueta=""><![CDATA[MA_06_03_CO_REC60_IMG_03.png]]></imagen>
      <respuestas>
        <respuesta etiqueta="Verdadera - Asociativa" />
      </respuestas>
    </cuestion>
    <cuestion>
      <imagen etiqueta=""><![CDATA[MA_06_03_CO_REC60_IMG_04.png]]></imagen>
      <respuestas>
        <respuesta etiqueta="Falsa - Asociativa" />
      </respuestas>
    </cuestion>
    <cuestion>
      <imagen etiqueta=""><![CDATA[MA_06_03_CO_REC60_IMG05.png]]></imagen>
      <respuestas>
        <respuesta etiqueta="Verdadera - Elemento neutro " />
      </respuestas>
    </cuestion>
    <cuestion>
      <imagen etiqueta=""><![CDATA[MA_06_03_CO_REC60_IMG06.png]]></imagen>
      <respuestas>
        <respuesta etiqueta="Falsa - Elemento neutro" />
      </respuestas>
    </cuestion>
  </sonidoaimagen>
</motor>