<?xml version='1.0' encoding='UTF-8'?><mapa aprid="mapa">
  <copyright>(c) Editorial Planeta</copyright>
  <version>1.0</version>
  <botonMapaConceptual>mostrar</botonMapaConceptual>
  <botonMapaMudo>ocultar</botonMapaMudo>
  <botonMudo>0</botonMudo>
  <objeto>
    <ref>00</ref>
    <texto>Las ecuaciones y las inecuaciones</texto>
    <hijos>10</hijos>
    <padre/>
    <siz>0</siz>
    <negcur>000000000000000000000000000000000</negcur>
    <cen>1</cen>
    <img/>
    <audio/>
  </objeto>
  <objeto>
    <ref>10</ref>
    <texto/>
    <hijos>21,20</hijos>
    <padre>00</padre>
    <siz>14</siz>
    <negcur/>
    <cen>1</cen>
    <img/>
    <audio/>
  </objeto>
  <objeto>
    <ref>20</ref>
    <texto>Inecuaciones</texto>
    <hijos>30</hijos>
    <padre>10</padre>
    <siz>0</siz>
    <negcur>000000000000</negcur>
    <cen>1</cen>
    <img/>
    <audio/>
  </objeto>
  <objeto>
    <ref>21</ref>
    <texto>Ecuaciones</texto>
    <hijos>31</hijos>
    <padre>10</padre>
    <siz>0</siz>
    <negcur>0000000000</negcur>
    <cen>1</cen>
    <img/>
    <audio/>
  </objeto>
  <objeto>
    <ref>30</ref>
    <texto/>
    <hijos>40</hijos>
    <padre>20</padre>
    <siz>0</siz>
    <negcur/>
    <cen>1</cen>
    <img/>
    <audio/>
  </objeto>
  <objeto>
    <ref>40</ref>
    <texto>Desigualdad entre
expresiones
algebraicas</texto>
    <hijos>51,50</hijos>
    <padre>30</padre>
    <siz>0</siz>
    <negcur>00000000000000000000000000000000000000000</negcur>
    <cen>1</cen>
    <img/>
    <audio/>
  </objeto>
  <objeto>
    <ref>50</ref>
    <texto>se representan
mediante</texto>
    <hijos>62,60</hijos>
    <padre>40</padre>
    <siz>0</siz>
    <negcur>00000000000000000000000</negcur>
    <cen>1</cen>
    <img/>
    <audio/>
  </objeto>
  <objeto>
    <ref>60</ref>
    <texto>gráficas</texto>
    <hijos/>
    <padre>50</padre>
    <siz>0</siz>
    <negcur>00000000</negcur>
    <cen>1</cen>
    <img/>
    <audio/>
  </objeto>
  <objeto>
    <ref>51</ref>
    <texto>por ejemplo</texto>
    <hijos>61</hijos>
    <padre>40</padre>
    <siz>0</siz>
    <negcur>00000000000</negcur>
    <cen>1</cen>
    <img/>
    <audio/>
  </objeto>
  <objeto>
    <ref>61</ref>
    <texto>2x + 1 &lt; 4
5x – 9 &gt; 8
x + 1 ≤ 4
2x – 1 ≥ 4
3 &lt; 5x + 4 ≤ 3</texto>
    <hijos/>
    <padre>51</padre>
    <siz>0</siz>
    <negcur>010000000000100000000010000000000100000000000000100000000</negcur>
    <cen>1</cen>
    <img/>
    <audio/>
  </objeto>
  <objeto>
    <ref>62</ref>
    <texto>intervalos</texto>
    <hijos>70</hijos>
    <padre>50</padre>
    <siz>0</siz>
    <negcur>0000000000</negcur>
    <cen>1</cen>
    <img/>
    <audio/>
  </objeto>
  <objeto>
    <ref>70</ref>
    <texto/>
    <hijos>82,81,80</hijos>
    <padre>62</padre>
    <siz>0</siz>
    <negcur/>
    <cen>1</cen>
    <img/>
    <audio/>
  </objeto>
  <objeto>
    <ref>80</ref>
    <texto>semi abiertos
semi cerrados 
(a, b]
[a, b)</texto>
    <hijos/>
    <padre>70</padre>
    <siz>0</siz>
    <negcur>000000000000000000000000000000111100011110</negcur>
    <cen>1</cen>
    <img/>
    <audio/>
  </objeto>
  <objeto>
    <ref>81</ref>
    <texto>abiertos 
(a, b)</texto>
    <hijos/>
    <padre>70</padre>
    <siz>0</siz>
    <negcur>0000000000011110</negcur>
    <cen>1</cen>
    <img/>
    <audio/>
  </objeto>
  <objeto>
    <ref>82</ref>
    <texto>cerrados
[a, b]</texto>
    <hijos/>
    <padre>70</padre>
    <siz>0</siz>
    <negcur>000000000011110</negcur>
    <cen>1</cen>
    <img/>
    <audio/>
  </objeto>
  <objeto>
    <ref>31</ref>
    <texto/>
    <hijos>41</hijos>
    <padre>21</padre>
    <siz>0</siz>
    <negcur/>
    <cen>1</cen>
    <img/>
    <audio/>
  </objeto>
  <objeto>
    <ref>41</ref>
    <texto>Igualdad entre
expresiones
algebraicas</texto>
    <hijos>52</hijos>
    <padre>31</padre>
    <siz>0</siz>
    <negcur>00000000000000000000000000000000000000</negcur>
    <cen>1</cen>
    <img/>
    <audio/>
  </objeto>
  <objeto>
    <ref>52</ref>
    <texto>pueden ser</texto>
    <hijos>64,63</hijos>
    <padre>41</padre>
    <siz>0</siz>
    <negcur>0000000000</negcur>
    <cen>1</cen>
    <img/>
    <audio/>
  </objeto>
  <objeto>
    <ref>63</ref>
    <texto>racionales</texto>
    <hijos/>
    <padre>52</padre>
    <siz>0</siz>
    <negcur>0000000000</negcur>
    <cen>1</cen>
    <img/>
    <audio/>
  </objeto>
  <objeto>
    <ref>64</ref>
    <texto>lineales</texto>
    <hijos>71</hijos>
    <padre>52</padre>
    <siz>0</siz>
    <negcur>00000000</negcur>
    <cen>1</cen>
    <img/>
    <audio/>
  </objeto>
  <objeto>
    <ref>71</ref>
    <texto>de la forma</texto>
    <hijos>83</hijos>
    <padre>64</padre>
    <siz>0</siz>
    <negcur>00000000000</negcur>
    <cen>1</cen>
    <img/>
    <audio/>
  </objeto>
  <objeto>
    <ref>83</ref>
    <texto>x + b = c
ax = c
ax + b = c</texto>
    <hijos/>
    <padre>71</padre>
    <siz>0</siz>
    <negcur>111111111111111111111111111</negcur>
    <cen>1</cen>
    <img/>
    <audio/>
  </objeto>
</mapa>