﻿<?xml version="1.0" encoding="utf-8"?>
<motor tipo="101" clase="a" aprid="m101a">
  <plataforma>
    <grado>2</grado>
    <titulo>Refuerza tu aprendizaje: El M.C.D. y el m.c.m.</titulo>
    <volumen />
    <nivel><![CDATA[1]]></nivel>
    <referencia />
    <motor />
    <lang>es</lang>
  </plataforma>
  <enunciado><![CDATA[Actividad sobre el máximo común divisor y el mínimo común múltiplo.]]></enunciado>
  <masinfo inicio="0" />
  <calc><![CDATA[0]]></calc>
  <preguntas cantidad="1">
    <pregunta>
      <enunciado><![CDATA[Para cada par de polinomios propuestos, halla el m.c.m. y el M.C.D., y escribe las respuestas en un cuadro comparativo; luego, envía tus respuestas a tu profesor para ser evaluadas.]]></enunciado>
      <explicacion />
      <nivel><![CDATA[2]]></nivel>
      <tipo />
      <imagen />
      <ampliacion />
      <texto><![CDATA[1) 8{{cur}}x{{normal}}⁴; 6{{cur}}x{{normal}}²2) 2{{cur}}x{{normal}} + 1; 4{{cur}}x{{normal}}² – 13) 2{{cur}}x{{normal}}⁴{{cur}}y{{normal}}⁶{{cur}}z{{normal}}; 6{{cur}}x{{normal}}²{{cur}}y{{normal}}³{{cur}}z{{normal}}²4) 4{{cur}}x{{normal}}² + 2{{cur}}x{{normal}}; 6{{cur}}x{{normal}}⁴ + 4{{cur}}x{{normal}}5) 9{{cur}}x{{normal}}⁴ + 6{{cur}}x{{normal}}²{{cur}}y{{normal}} + {{cur}}y{{normal}}²; 18{{cur}}x{{normal}}⁴ – 2{{cur}}y{{normal}}²6) 8{{cur}}x{{normal}}³ – {{cur}}y{{normal}}³; 4{{cur}}x{{normal}}² – {{cur}}y{{normal}}²7) {{cur}}xy{{normal}}; {{cur}}xz{{normal}}8) 8{{cur}}x{{normal}}; 12{{cur}}y{{normal}}9) 7{{cur}}x{{normal}}⁴ + 14{{cur}}x{{normal}}² + 21; {{cur}}x{{normal}}⁴ + 2{{cur}}x{{normal}}² + 310) 10{{cur}}x{{normal}}² – 5{{cur}}x{{normal}}; 8{{cur}}x{{normal}}³ – 4{{cur}}x{{normal}}]]></texto>
    </pregunta>
  </preguntas>
</motor>