﻿<?xml version="1.0" encoding="utf-8"?>
<motor tipo="3" clase="a" aprid="m3a">
  <plataforma>
    <grado><![CDATA[2]]></grado>
    <titulo>Identifica la representación geométrica del cuadrado de un binomio</titulo>
    <area>0</area>
    <nivel>3</nivel>
    <referencia />
    <idreg><![CDATA[0]]></idreg>
    <motor><![CDATA[M3A]]></motor>
    <lang>es</lang>
  </plataforma>
  <enunciado><![CDATA[Relaciona cada una de las expresiones algebraicas con la figura a la que corresponde su área.]]></enunciado>
  <masinfo inicio="0" />
  <sinaleatoriedad><![CDATA[0]]></sinaleatoriedad>
  <calc><![CDATA[0]]></calc>
  <sonidoaimagen cantidad="6">
    <cuestion>
      <imagen etiqueta=""><![CDATA[MA_08_03_CO_REC40_IMG01.png]]></imagen>
      <respuestas>
        <respuesta etiqueta="{{cur}}x{{normal}}² + 6{{cur}}x{{normal}} + 9" />
        <respuesta etiqueta="({{cur}}x{{normal}} + 3)²" />
      </respuestas>
    </cuestion>
    <cuestion>
      <imagen etiqueta=""><![CDATA[MA_08_03_CO_REC40_IMG02.png]]></imagen>
      <respuestas>
        <respuesta etiqueta="4{{cur}}x{{normal}}² + 4{{cur}}xy{{normal}} + {{cur}}y{{normal}}²" />
        <respuesta etiqueta="(2{{cur}}x{{normal}} + {{cur}}y{{normal}})²" />
      </respuestas>
    </cuestion>
    <cuestion>
      <imagen etiqueta=""><![CDATA[MA_08_03_CO_REC40_IMG03.png]]></imagen>
      <respuestas>
        <respuesta etiqueta="{{cur}}x{{normal}}² + 2{{cur}}xy{{normal}} + {{cur}}y{{normal}}²" />
        <respuesta etiqueta="({{cur}}x{{normal}} + {{cur}}y{{normal}})²" />
      </respuestas>
    </cuestion>
    <cuestion>
      <imagen etiqueta=""><![CDATA[MA_08_03_CO_REC40_IMG04.png]]></imagen>
      <respuestas>
        <respuesta etiqueta="({{cur}}x{{normal}} + 5)²" />
        <respuesta etiqueta="{{cur}}x{{normal}}² + 10{{cur}}x{{normal}} + 25" />
      </respuestas>
    </cuestion>
    <cuestion>
      <imagen etiqueta=""><![CDATA[MA_08_03_CO_REC40_IMG05.png]]></imagen>
      <respuestas>
        <respuesta etiqueta="({{cur}}x{{normal}} ? 3)²" />
        <respuesta etiqueta="{{cur}}x{{normal}}² ? 6{{cur}}x{{normal}} + 9" />
      </respuestas>
    </cuestion>
    <cuestion>
      <imagen etiqueta=""><![CDATA[MA_08_03_CO_REC40_IMG06.png]]></imagen>
      <respuestas>
        <respuesta etiqueta="({{cur}}a{{normal}} ? 5)²" />
        <respuesta etiqueta="{{cur}}a{{normal}}² ? 10{{cur}}a{{normal}} + 25" />
      </respuestas>
    </cuestion>
  </sonidoaimagen>
  <temps>25</temps>
</motor>