﻿<?xml version="1.0" encoding="utf-8"?>
<motor tipo="3" clase="a" aprid="m3a">
  <plataforma>
    <grado><![CDATA[2]]></grado>
    <titulo>Practica operaciones de números reales en notación científica</titulo>
    <area>0</area>
    <nivel>2</nivel>
    <referencia />
    <idreg><![CDATA[0]]></idreg>
    <motor><![CDATA[M3A]]></motor>
    <lang>es</lang>
  </plataforma>
  <enunciado><![CDATA[Relaciona cada operación de números reales en notación científica con el resultado correspondiente. ]]></enunciado>
  <masinfo inicio="0" />
  <sinaleatoriedad><![CDATA[0]]></sinaleatoriedad>
  <calc><![CDATA[1]]></calc>
  <sonidoaimagen cantidad="6">
    <cuestion>
      <imagen etiqueta=""><![CDATA[MA_09_02_CO_REC130_F01.png]]></imagen>
      <respuestas>
        <respuesta etiqueta="7,685 x 10{{sup}}7{{normal}}" />
      </respuestas>
    </cuestion>
    <cuestion>
      <imagen etiqueta=""><![CDATA[MA_09_02_CO_REC130_F3.png]]></imagen>
      <respuestas>
        <respuesta etiqueta="-7,4 x 10{{sup}}7{{normal}}" />
      </respuestas>
    </cuestion>
    <cuestion>
      <imagen etiqueta=""><![CDATA[MA_09_02_CO_REC130_F4.png]]></imagen>
      <respuestas>
        <respuesta etiqueta="-7,4 x 10{{sup}}4{{normal}}" />
      </respuestas>
    </cuestion>
    <cuestion>
      <imagen etiqueta=""><![CDATA[MA_09_02_CO_REC130_F2.png]]></imagen>
      <respuestas>
        <respuesta etiqueta="3,12 x 10{{sup}}2{{normal}}" />
      </respuestas>
    </cuestion>
    <cuestion>
      <imagen etiqueta=""><![CDATA[MA_09_02_CO_REC130_F6.png]]></imagen>
      <respuestas>
        <respuesta etiqueta="5,642" />
      </respuestas>
    </cuestion>
    <cuestion>
      <imagen etiqueta=""><![CDATA[MA_09_02_CO_REC130_F5.png]]></imagen>
      <respuestas>
        <respuesta etiqueta="6,76" />
      </respuestas>
    </cuestion>
  </sonidoaimagen>
</motor>