﻿<?xml version="1.0" encoding="utf-8"?>
<engine copy="Editorial Planeta" version="1" aprid="f6">
  <main layout="7">
    <title>Adición y sustracción de polinomios</title>
    <footer>SELECCIONA UNA IMAGEN</footer>
  </main>
  <sections>
    <section i="0" star="false" hasSubsections="false">
      <menuImage path="40356528.jpg" border="1">
        <title><![CDATA[ADICIÓN]]></title>
      </menuImage>
      <pages>
        <page i="0" visible="true" color="">
          <title>Adición de monomios</title>
          <description><![CDATA[<h3 style="text-align: justify;">Si dos o m&aacute;s monomios tienen la misma parte literal, es decir, son semejantes, se halla la suma o diferencia de los coeficientes y se deja la misma parte literal.</h3>

<h3 style="text-align: justify;"></h3>

<h3 style="text-align: justify;"><strong>Ejemplos</strong></h3>

<h3 style="text-align: justify;"></h3>

<ul>
	<li style="text-align: justify;">
	<h3>Adicionar 150<em>x<sup>4</sup>y<sup>5</sup></em> con 130<em>x<sup>4</sup>y<sup>5</sup></em> se tiene:</h3>
	</li>
</ul>

<p></p>

<p></p>

<p><strong>150<em>x<sup>4</sup>y<sup>5</sup></em> + 130<em>x<sup>4</sup>y<sup>5</sup></em> = (150 + 130) <em>x<sup>4</sup>y<sup>5</sup>&nbsp; </em></strong><strong><em>&rarr;</em></strong>&nbsp; <em>Propiedad distributiva</em></p>

<p><strong><em>&nbsp; &nbsp; &nbsp; &nbsp; &nbsp; &nbsp; &nbsp; &nbsp; &nbsp; &nbsp; &nbsp; &nbsp; &nbsp; &nbsp; &nbsp; &nbsp; = 1</em></strong><strong>80<em>x<sup>4</sup>y<sup>5</sup>&nbsp; </em></strong><strong><em>&rarr;</em></strong>&nbsp; <em>Se realiza la adici&oacute;n de los coeficientes </em></p>

<p></p>

<p></p>

<p>&nbsp; &nbsp; &nbsp; &nbsp; &nbsp; &nbsp; &nbsp;</p>

<p>&nbsp; &nbsp; &nbsp; &nbsp; &nbsp; &nbsp; &nbsp; &nbsp; &nbsp; &nbsp; &nbsp; &nbsp; &nbsp; &nbsp; &nbsp; &nbsp; &nbsp; &nbsp;</p>
]]></description>
          <images>
            <image path="Sumamonomio.jpg" border="0" pathbig="Sumamonomio.jpg">
              <title><![CDATA[]]></title>
            </image>
          </images>
        </page>
        <page i="0" visible="true" color="">
          <title>Adición de polinomios</title>
          <description><![CDATA[<h3 style="text-align: justify;"><span style="font-family:verdana,geneva,sans-serif;">Para adicionar dos o m&aacute;s polinomios se debe&nbsp;tener en cuenta las siguientes reglas:</span></h3>

<h3 style="text-align: justify;"></h3>

<ul>
	<li>
	<h3 style="text-align: justify;"><span style="font-family:verdana,geneva,sans-serif;">Aplicar las propiedades asociativa y conmutativa de la adici&oacute;n para agrupar t&eacute;rminos semejantes.</span></h3>
	</li>
</ul>

<h3 style="text-align: justify;"></h3>

<ul>
	<li>
	<h3 style="text-align: justify;"><span style="font-family:verdana,geneva,sans-serif;">Adicionar los coeficientes de cada uno de los t&eacute;rminos semejantes.</span></h3>
	</li>
</ul>

<h3></h3>

<h3></h3>

<h3><strong>Ejemplo</strong></h3>

<p></p>

<p><em>9m - 17n + 5p + 13n + 11p &ndash; 6</em></p>

<p><strong>9m</strong> &ndash; <span style="color:#FF0000;"><strong>17n</strong></span> + <span style="color:#FF0000;"><strong>13n</strong></span> +<span style="color:#006400;"><strong>5p</strong></span> + <span style="color:#006400;"><strong>11p</strong></span> &ndash; <strong><span style="color:#0000FF;">6</span> Propiedad Conmutativa</strong></p>

<p><strong>9m</strong> + (<span style="color:#FF0000;">&ndash; <strong>17</strong></span> + <strong><span style="color:#FF0000;">13</span>)<span style="color:#FF0000;">n</span></strong> +(<span style="color:#008000;"><strong>5</strong></span> + <strong><span style="color:#006400;">11</span>)<span style="color:#006400;">p</span></strong> &ndash; <strong><span style="color:#0000CD;">6</span> Propiedad Asociativa</strong></p>
<strong>9m &ndash; <span style="color:#FF0000;">4n</span> + <span style="color:#008000;">16p</span> - <span style="color:#0000FF;">6</span></strong>]]></description>
          <images>
            <image path="Sumaejemplo.jpg" border="0" pathbig="Sumasolucion.jpg">
              <title><![CDATA[]]></title>
            </image>
          </images>
        </page>
        <page i="0" visible="true" color="">
          <title>Situación </title>
          <description><![CDATA[<h2 style="text-align: justify;"><em>Bucaramanga, se considera la ciudad de los parques m&aacute;s bonitos de Colombia. La imagen muestra uno de ellos con unas medidas indicadas. </em></h2>

<h2 style="text-align: justify;"><em>Halla el per&iacute;metro de este lugar.</em></h2>
]]></description>
          <images>
            <image path="Sumapolinomios.jpg" border="0" pathbig="Situacioinadicion.jpg">
              <title><![CDATA[]]></title>
            </image>
          </images>
        </page>
      </pages>
    </section>
    <section i="0" star="false" hasSubsections="false">
      <menuImage path="292027499.jpg" border="1">
        <title><![CDATA[SUSTRACCIÓN]]></title>
      </menuImage>
      <pages>
        <page i="0" visible="true" color="">
          <title>SUSTRACCIÓN DE MONOMIOS</title>
          <description><![CDATA[<h3 style="text-align: justify;">Si dos o m&aacute;s monomios tienen la misma parte literal, es decir, son semejantes, se halla la diferencia de los coeficientes y se deja la misma parte literal.</h3>

<h3 style="text-align: justify;"></h3>

<h3 style="text-align: justify;"><strong>Ejemplo</strong></h3>

<p></p>

<ul>
	<li><strong>De</strong> 150<em>x<sup>4</sup>y<sup>5</sup></em> <strong>restar</strong> 130<em>x<sup>4</sup>y<sup>5</sup></em></li>
</ul>

<p></p>

<p>150<em>x<sup>4</sup>y<sup>5</sup></em> &ndash; 130<em>x<sup>4</sup>y<sup>5</sup></em> = 150<em> x<sup>4</sup>y<sup>5</sup></em> <strong>+</strong> (- 130<em>x<sup>4</sup>y<sup>5</sup>)</em></p>

<p><em>&nbsp; &nbsp; &nbsp; &nbsp; &nbsp; &nbsp; &nbsp; &nbsp; &nbsp; &nbsp; &nbsp; &nbsp; &nbsp; &nbsp; &nbsp;= (</em>150 &nbsp;<strong>+</strong> (- 130))<em>x<sup>4</sup>y<sup>5</sup>&nbsp;&nbsp;&nbsp;&nbsp;&nbsp;&nbsp;&nbsp;&nbsp;&nbsp;&nbsp;&nbsp;&nbsp;&nbsp;&nbsp; </em></p>

<p><strong><em>&nbsp; &nbsp; &nbsp; &nbsp; &nbsp; &nbsp; &nbsp; &nbsp; &nbsp; &nbsp; &nbsp; &nbsp; &nbsp; &nbsp; &nbsp;&nbsp;= 2</em></strong><strong>0<em>x<sup>4</sup>y<sup>5</sup>&nbsp; </em></strong></p>

<p></p>

<p style="text-align: justify;"><em>Recuerda que un monomio opuesto es una expresi&oacute;n semejante pero con diferente signo.</em></p>
]]></description>
          <images>
            <image path="Region.jpg" border="0" pathbig="Regionsolucion.jpg">
              <title><![CDATA[]]></title>
            </image>
          </images>
        </page>
        <page i="0" visible="true" color="">
          <title>SUSTRACCIÓN DE POLINOMIOS</title>
          <description><![CDATA[<h3 style="text-align: justify;">Para sustraer dos polinomios, se sustrae el polinomio minuendo con el polinomio <strong>opuesto</strong> del sustraendo.</h3>

<h3 style="text-align: justify;"></h3>

<h3 style="text-align: justify;">Se recuerda que el signo menos antes de un par&eacute;ntesis implica cambiar todos los signos de los t&eacute;rminos que est&aacute;n dentro del par&eacute;ntesis porque est&aacute; indicando que se debe trabajar con el opuesto.</h3>

<h3 style="text-align: justify;"></h3>

<h3 style="text-align: justify;"><strong>Ejemplo:</strong></h3>

<p style="text-align: justify;"></p>

<p style="text-align: justify;">(3x<sup>2</sup> +2x - 4) <strong>- </strong>(x<sup>2</sup> &ndash; 3)</p>

<p style="text-align: justify;">3x<sup>2</sup> +2x &ndash; 4<strong> <span style="color:#FF0000;">- x<sup>2</sup></span> <span style="color:#FF0000;">+ 3</span>&nbsp; &nbsp; &nbsp;</strong><em>Se halla el opuesto del sustraendo</em></p>

<p style="text-align: justify;"></p>

<p style="text-align: justify;">3x<sup>2</sup> <strong><span style="color:#FF0000;">- x</span><sup><span style="color:#FF0000;">2</span> </sup></strong>+ 2x &ndash; 4<strong> <span style="color:#FF0000;">+ 3</span> &nbsp; &nbsp;</strong><em>Propiedad conmutativa</em></p>

<p style="text-align: justify;"></p>

<p style="text-align: justify;"><strong>2x<sup>2</sup> + 2x &ndash; 1 &nbsp; &nbsp; &nbsp; &nbsp; &nbsp; &nbsp; &nbsp; &nbsp;</strong><em>Reducci&oacute;n T&eacute;rminos semejantes</em></p>
]]></description>
          <images>
            <image path="SustraccionPolinomio.jpg" border="1" pathbig="SustraccionPolinomio.jpg">
              <title><![CDATA[Representación gráfica de la sustracción de polinomios]]></title>
            </image>
          </images>
        </page>
        <page i="0" visible="true" color="">
          <title>SITUACIÓN</title>
          <description><![CDATA[<h2 style="text-align: justify;"><em>Al iniciar el mes Andrea lleno el tanque de gasolina de su carro cuyos galones se representan como 12x +7; en una semana gasto 4x + 6 galones y el fin de semana gasto 5x + 4. Determine el polinomio de galones de gasolina que tiene a&uacute;n el carro de Andrea.</em></h2>
]]></description>
          <images>
            <image path="159271085.jpg" border="1" pathbig="159271085.jpg">
              <title><![CDATA[]]></title>
            </image>
          </images>
        </page>
      </pages>
    </section>
  </sections>
</engine>