﻿<?xml version="1.0" encoding="utf-8"?>
<motor tipo="1" clase="a" aprid="M1a">
  <plataforma>
    <grado><![CDATA[2]]></grado>
    <titulo>Adición de números enteros</titulo>
    <volumen><![CDATA[3]]></volumen>
    <nivel><![CDATA[2]]></nivel>
    <referencia><![CDATA[mt_07_04_02]]></referencia>
    <id_reg><![CDATA[149]]></id_reg>
    <motor><![CDATA[M1a]]></motor>
    <lang>es</lang>
  </plataforma>
  <enunciado><![CDATA[Dados los siguientes valores: a = –4 ; b = +3 ; c = –5 y d = +1; selecciona la respuesta correcta de la operación planteada.]]></enunciado>
  <masinfo inicio="1"><![CDATA[¡Recuerda!La suma de dos o más números enteros del mismo signo se halla adicionando los valores absolutos de los sumandos. A dicho resultado se le coloca el signo que poseen los números.La suma de dos o más números enteros de diferente signo se halla restando los valores absolutos de los sumandos. Al resultado se le coloca el signo del número entero que tenga el mayor valor absoluto.]]></masinfo>
  <sinaleatoriedad><![CDATA[0]]></sinaleatoriedad>
  <calc><![CDATA[0]]></calc>
  <textoatexto cantidad="8">
    <cuestion>
      <pregunta><![CDATA[c + d]]></pregunta>
      <respuesta><![CDATA[–4]]></respuesta>
    </cuestion>
    <cuestion>
      <pregunta><![CDATA[b + d]]></pregunta>
      <respuesta><![CDATA[4]]></respuesta>
    </cuestion>
    <cuestion>
      <pregunta><![CDATA[c + b]]></pregunta>
      <respuesta><![CDATA[–2]]></respuesta>
    </cuestion>
    <cuestion>
      <pregunta><![CDATA[a + b]]></pregunta>
      <respuesta><![CDATA[–1]]></respuesta>
    </cuestion>
    <cuestion>
      <pregunta><![CDATA[b + b]]></pregunta>
      <respuesta><![CDATA[6]]></respuesta>
    </cuestion>
    <cuestion>
      <pregunta><![CDATA[c + c]]></pregunta>
      <respuesta><![CDATA[–10]]></respuesta>
    </cuestion>
    <cuestion>
      <pregunta><![CDATA[a + c]]></pregunta>
      <respuesta><![CDATA[–9]]></respuesta>
    </cuestion>
    <cuestion>
      <pregunta><![CDATA[a + d]]></pregunta>
      <respuesta><![CDATA[–3]]></respuesta>
    </cuestion>
  </textoatexto>
  <textofalso cantidad="0" />
  <temps>15</temps>
</motor>