﻿<?xml version='1.0' encoding='UTF-8'?><motor tipo="101" clase="a">
  <plataforma>
    <grado>2</grado>
    <titulo>Refuerza tu aprendizaje: ¿Para qué sirven los números enteros?</titulo>
    <volumen/>
    <nivel><![CDATA[1]]></nivel>
    <referencia/>
    <motor/>
    <lang>es</lang>
  </plataforma>
  <enunciado><![CDATA[Desarrolla las siguientes actividades, al terminar haz clic en enviar. Si es necesario guarda y envía por correo electrónico a tu profesor.]]></enunciado>
  <masinfo inicio="0"/>
  <calc><![CDATA[0]]></calc>
  <preguntas cantidad="3">
    <pregunta>
      <enunciado><![CDATA[En cierta ciudad el termómetro marcaba 7 ºC a las 6 a.m. Al llegar la noche el termómetro marcaba el valor opuesto. ¿Qué temperatura tenía la ciudad en la noche? Explica el procedimiento que usaste para resolver el problema.]]></enunciado>
      <explicacion/>
      <nivel><![CDATA[1]]></nivel>
      <tipo/>
      <imagen/>
      <ampliacion/>
      <texto/>
    </pregunta>
    <pregunta>
      <enunciado><![CDATA[Rosa le debe $130 000 a su hermano, si el día de pago Rosa recibió $540 000 y decide pagar su deuda. ¿cuánto dinero le quedó? Explica el procedimiento que usaste para resolver el problema.]]></enunciado>
      <explicacion/>
      <nivel><![CDATA[2]]></nivel>
      <tipo/>
      <imagen/>
      <ampliacion/>
      <texto/>
    </pregunta>
    <pregunta>
      <enunciado><![CDATA[Usando contextos diferentes, escribe tres problemas que requieran del uso de los números enteros. Luego resuélvelos.]]></enunciado>
      <explicacion/>
      <nivel><![CDATA[3]]></nivel>
      <tipo/>
      <imagen/>
      <ampliacion/>
      <texto/>
    </pregunta>
  </preguntas>
  <temps>30</temps>
</motor>