﻿<?xml version="1.0" encoding="UTF-8"?>
<?xml-stylesheet href="cuadernoestudio/dtd/libro.xslt" type="text/xsl"?>
<!--Arbortext, Inc., 1988-2015, v.4002-->
<!DOCTYPE libro SYSTEM "cuadernoestudio/dtd/libro.dtd">
<libro id="MA_07_06_CO">
<libroTitulo>Las operaciones con números racionales</libroTitulo>
<seccion1 id="S1_MA_07_06_CO_8660D09DA96040BEAC45A58BB3BC80A1">
<seccion1Titulo>La adición y la sustracción de racionales</seccion1Titulo>
<seccion1Texto>
<p>Los números racionales pueden considerarse como una extensión de
los números enteros, es decir, un superconjunto que incluye a los
números enteros como subconjunto.</p>
<imagen src="MA_07_06_CO_IMG01_small.jpg">
<p>Los números racionales son una extensión de los enteros y de sus
operaciones.</p>
</imagen>
<p>Cuando se extiende un conjunto, es necesario que también las operaciones
y las propiedades de estas se extiendan al nuevo conjunto mayor; esto
es lo que sucede a los racionales en relación con los enteros.   </p>
<p>La pregunta natural que surge con relación a estas nuevas operaciones
es: ¿cómo se definen operaciones que mantengan las mismas propiedades
del conjunto menor? La respuesta a esta pregunta está en el desarrollo
de este tema; comenzamos con la adición y sustracción.</p>
<recuerda><recuerdaTexto>
<p>Es necesario tener en cuenta algunas definiciones para entender
las operaciones entre racionales.</p>
<listaSinNumerar>
<listaElemento><negrita>Valor absoluto</negrita> es el valor no negativo
de un número, independientemente de su signo.</listaElemento>
<listaElemento><negrita>Números opuestos</negrita> son números que
tienen el mismo valor absoluto y signos contrarios.</listaElemento>
<listaElemento><negrita>Fracciones homogéneas </negrita>son aquellas
que tienen igual denominador.</listaElemento>
<listaElemento><negrita>Fracciones heterogéneas </negrita>son aquellas
que tienen diferente denominador.</listaElemento>
<listaElemento><negrita>Mínimo común múltiplo (mcm) </negrita>de dos
o más números es el menor de los múltiplos comunes de estos.</listaElemento>
</listaSinNumerar>
</recuerdaTexto></recuerda><seccion2
id="S2_MA_07_06_CO_CD47A0C4405642AB961B6E57692325E3">
<seccion2Titulo>La adición de racionales fraccionarios </seccion2Titulo>
<seccion2Texto>
<p>Observa el plato que contiene grupos de alimentos divididos en
diferentes fracciones.</p>
<imagen src="MA_07_06_CO_IMG02_small.png">
<p>¿Qué parte del plato corresponde al grupo de las carnes y los huevos?</p>
</imagen>
<p>Para calcular la fracción que corresponde al grupo de carnes y
huevos es necesario tener en cuenta que la totalidad del plato representa
una unidad; por lo tanto, es necesario calcular a cuánto equivalen
las demás fracciones juntas, es decir, es necesario calcular la suma.</p>
<formula alineacion="centrada" src="FQ_MA_07_06_1.gif"></formula>
<p>Pero, ¿cómo se pueden operar estos números? El proceso para <negrita
>sumar números racionales fraccionarios</negrita> es el siguiente.</p>
<listaNumerada>
<listaElemento>Hallar el<negrita> mínimo común múltiplo de los denominadores</negrita
>.</listaElemento>
<listaElemento><negrita>Amplificar cada fracción</negrita> de tal
forma que todos los denominadores coincidan con el mcm, con lo que
las fracciones resultantes son <negrita>homogéneas</negrita>.</listaElemento>
<listaElemento><negrita>Sumar los numeradores</negrita> de las fracciones
homogéneas; el resultado será el numerador de la suma. Fijar como <negrita
>denominador</negrita> el <negrita>mcm del primer paso</negrita>.</listaElemento>
<listaElemento><negrita>Simplificar</negrita> la fracción obtenida,
si es posible.</listaElemento>
</listaNumerada>
<p>Al aplicar este proceso al caso particular que nos interesa, tenemos
que</p>
<formula alineacion="centrada" src="FQ_MA_07_06_2.gif"></formula>
<p>Así, hemos encontrado a cuánto equivalen todas las fracciones que
aparecen en el plato, pero aún no hemos encontrado la fracción a la
que equivale el grupo de carnes y huevos. Para deducir cuál es esta
fracción, veamos la siguiente ilustración.</p>
<imagen src="MA_07_06_CO_IMG03_small.jpg">
<p>La parte que corresponde al grupo de las carnes y los huevos es
la que falta para completar la unidad.</p>
</imagen>
<p>Observa que la fracción que completa la unidad y a la que es equivalente
el grupo de carnes y huevos es</p>
<formula alineacion="centrada" src="FQ_MA_07_06_3.gif"></formula>
<p>Para restar fracciones debes tener en cuenta la siguiente propiedad. </p>
<formula alineacion="centrada" src="FQ_MA_07_06_4.gif"></formula>
<p>Por lo tanto, para restar fracciones se sigue el mismo procedimiento
que se usa para sumar fracciones.</p>
<recuerda><recuerdaTexto>
<p>Para<negrita> sumar racionales fraccionarios</negrita> que son <negrita
>homogéneos</negrita> no es necesario calcular el mcm, basta con sumar
los enteros en los numeradores y fijar como denominador el denominador
común.</p>
</recuerdaTexto></recuerda>
<p>Observa dos ejemplos de suma y resta de fracciones homogéneas.</p>
<formula alineacion="centrada" src="FQ_MA_07_06_5.gif"></formula>
<formula alineacion="centrada" src="FQ_MA_07_06_6.gif"></formula>
<profundiza>
<enlace
destino="/LoIdRedirect.aspx?LoId=MA_07_06_CO_Recurso020&amp;IdRecurso=RES-8F1BB7EC941045ECA9D6DAB0BB0602CA"
>Adición y sustracción de racionales</enlace>
</profundiza><practica>
<enlace
destino="/LoIdRedirect.aspx?LoId=MA_07_06_CO_Recurso030&amp;IdRecurso=RES-710F4103429F4F21B3C2BB5C24E5511D"
>Practica de adición de números racionales</enlace>
</practica></seccion2Texto></seccion2><seccion2
id="S2_MA_07_06_CO_CD47A0C4405642AB961B6E5769235533">
<seccion2Titulo>La adición de racionales decimales</seccion2Titulo>
<seccion2Texto>
<p>En algunas situaciones, los racionales que aparecen tienen una
representación decimal, por lo que es necesario saber cómo operar
este tipo de representaciones numéricas.</p>
<recuerda><recuerdaTexto>
<p>Un racional decimal puede ser exacto o periódico, dependiendo de
su expansión decimal, es decir, de los números después de la coma.</p>
</recuerdaTexto></recuerda>
<p>Vostok es un lago situado en la Antártida, donde científicos rusos
buscan formas de vida desconocidas porque se trata de uno de los lugares
más fríos del mundo. En Vostok, la temperatura promedio es -55,28
ºC, pero ha tenido variaciones extremas de hasta 34,5 ºC por debajo
del promedio. ¿Cómo calcular la temperatura más baja que registró
Vostok con esta variación?</p>
<imagen src="MA_07_06_CO_IMG04_small.jpg">
<p>¿A qué temperatura llegará el termómetro si bajamos -34,5 °C más?</p>
</imagen>
<p>Observa la operación que tenemos que realizar.  </p>
<p centrado="si">-55,28 + (-34,5)  </p>
<p>Al igual que para números enteros, para sumar <negrita>dos números
negativos </negrita>basta con sumar los números sin signo y al resultado
asignarle el signo negativo, es decir, primero debemos realizar la
siguiente operación:  </p>
<p centrado="si">55,28 + 34,5  </p>
<p>Para sumar dos números racionales decimales seguimos el procedimiento
a continuación.</p>
<listaNumerada>
<listaElemento>Ubicar un número bajo el otro de tal forma que las
unidades estén bajo unidades, las decenas bajo decenas, la coma debajo
de coma, y así sucesivamente.</listaElemento>
<listaElemento>Aplicar las<negrita> leyes de la adición de números
enteros</negrita> para la expresión obtenida.</listaElemento>
<listaElemento>El <negrita>total</negrita> lleva el <negrita>punto
decimal en la columna donde están ubicados los puntos decimales </negrita
>de los números que se están sumando.</listaElemento>
</listaNumerada>
<p>Para el caso particular que nos interesa, se opera como se muestra
en la ilustración.</p>
<imagen src="MA_07_06_CO_IMG05_small.jpg">
<p>Los espacios vacíos se toman como ceros al hacer la suma.</p>
</imagen>
<p>Así, la temperatura extrema que registró Vostok fue -89,78 ºC.</p>
<destacado><destacadoTitulo>Adición de racionales decimales periódicos</destacadoTitulo>
<destacadoTexto>
<p>En el caso de que los números que se van a sumar sean números decimales
periódicos, el proceso que debe seguirse es el siguiente.</p>
<listaNumerada>
<listaElemento>Transformar los números decimales a su fracción generatriz.</listaElemento>
<listaElemento>Realizar la adición en forma fraccionaria.</listaElemento>
<listaElemento>Escribir el total en expresión decimal.</listaElemento>
</listaNumerada>
</destacadoTexto></destacado><seccion3
id="S3_MA_07_06_CO_CD47A0C4405642AB961B6E5769234466">
<seccion3Titulo>Propiedades de la adición de números racionales</seccion3Titulo>
<seccion3Texto>
<p>La  adición  de  números  racionales cumple <negrita> las  mismas
 propiedades </negrita> de  la  adición  de  números enteros, como
era de esperarse de una extensión de estos últimos. En otras palabras,
al volver más grande el conjunto de números, las operaciones siguen
teniendo las mismas propiedades. </p>
<p>Las propiedades que conserva la adición de números racionales son: </p>
<listaSinNumerar>
<listaElemento>Propiedad <negrita>clausurativa</negrita>: la adición
de dos o más números racionales da como resultado un número racional.
En otras palabras, al sumar dos elementos del  conjunto obtenemos
un elemento del mismo conjunto.</listaElemento>
<listaElemento>Propiedad <negrita>conmutativa</negrita>: <negrita
>cambiar el orden</negrita> de los sumandos en una adición <negrita
>no altera el resultado</negrita>. </listaElemento>
</listaSinNumerar>
<p>Ejemplo</p>
<formula alineacion="centrada" src="FQ_MA_07_06_7.gif"></formula>
<listaSinNumerar>
<listaElemento>Propiedad <negrita>asociativa</negrita>: la manera
como se agrupan tres o más sumandos no varía el resultado.  Observa
en la ilustración un ejemplo.</listaElemento>
</listaSinNumerar>
<imagen src="MA_07_06_CO_IMG06_small.jpg">
<p>Agrupar de cualquier forma genera los mismos resultados.</p>
</imagen>
<listaSinNumerar>
<listaElemento>Propiedad <negrita>modulativa</negrita>: existe un
único <negrita>elemento neutro</negrita> o <negrita>módulo</negrita
> de la adición, que al sumarlo con cualquier otro número racional
se obtiene como resultado el mismo número racional. Este módulo es
el cero. Observa los ejemplos.<formula alineacion="centrada"
src="FQ_MA_07_06_8.gif"></formula><formula alineacion="centrada"
src="FQ_MA_07_06_9.gif"></formula></listaElemento>
<listaElemento>Propiedad <negrita>invertiva</negrita>: para cada número
racional existe otro tal que al sumarlos su resultado es igual a cero
(módulo de la adición). Observa los siguientes ejemplos.<formula
alineacion="centrada" src="FQ_MA_07_06_10.gif"></formula><formula
alineacion="centrada" src="FQ_MA_07_06_11.gif"></formula></listaElemento>
</listaSinNumerar>
<destacado><destacadoTitulo>Propiedades para racionales decimales
y fraccionarios</destacadoTitulo><destacadoTexto>
<p>Todas las propiedades que se enunciaron en este apartado aplican
a los racionales, bien sea en su representación fraccionaria o en
su representación decimal.</p>
</destacadoTexto></destacado></seccion3Texto></seccion3></seccion2Texto>
</seccion2><seccion2
id="S2_MA_07_06_CO_CD47A0C4405642AB961B6E5769236644"><?Pub Dtl?>
<seccion2Titulo>La sustracción de racionales fraccionarios</seccion2Titulo>
<seccion2Texto>
<p>La <negrita>sustracción de racionales fraccionarios </negrita>se
puede definir como como la <negrita>adición del minuendo y el opuesto
del sustraendo</negrita>; por lo tanto, la sustracción de racionales
fraccionarios se reduce a una <negrita>adición equivalente</negrita
>, para la que ya conoces el procedimiento. Observa el siguiente ejemplo. </p>
<p>Recuerda que el <negrita>opuesto</negrita> de -5/8 es 5/8.</p>
<formula alineacion="centrada" src="FQ_MA_07_06_12.gif"></formula>
<p>Ten presentes las siguientes situaciones para el sustraendo y cómo
se convierte una sustracción en una suma.</p>
<formula alineacion="centrada" src="FQ_MA_07_06_13.gif"></formula>
<formula alineacion="centrada" src="FQ_MA_07_06_14.gif"></formula>
</seccion2Texto></seccion2><seccion2
id="S2_MA_07_06_CO_CD47A0C4405642AB961B6E5769237755"><?Pub Dtl?>
<seccion2Titulo>La sustracción de racionales decimales</seccion2Titulo>
<seccion2Texto>
<p>La sustracción de racionales decimales, al igual que la sustracción
de racionales fraccionarios, se define como la <negrita>adición del
minuendo y el opuesto del sustraendo</negrita>. Durante el proceso
es importante tener en cuenta que para calcular la diferencia entre
dos números que no tienen la misma cantidad de cifras decimales es
posible <negrita>agregar tantos ceros a la derecha de la parte decimal
como sean necesarios, sin alterar el valor del número</negrita>. </p>
<p>Por ejemplo, para restar 3,05 de 2,913 expresamos la operación
como </p>
<p centrado="si">2,913 + (–3,05) </p>
<p>teniendo en cuenta que el opuesto de 3,05 es –3,05.  </p>
<p>Como los términos de la suma son de signos opuestos, de forma similar
a como se operan los enteros sustraemos el mayor del menor, y el resultado
tendrá el signo del número más grande.</p>
<imagen src="MA_07_06_CO_IMG07_small.jpg">
<p>El resultado de la sustracción 2,913 – 3,05 es –0,137.</p>
</imagen>
<p>Son evidentes las grandes similitudes que hay entre la sustracción
de números enteros y la sustracción de fraccionarios decimales.</p>
<destacado><destacadoTitulo>¿Qué propiedades cumple la sustracción
de números racionales?</destacadoTitulo><destacadoTexto>
<p>La sustracción de números racionales cumple<negrita> únicamente
la propiedad clausurativa</negrita>: al restar dos números racionales,
el resultado es otro número racional.</p>
</destacadoTexto></destacado><practica>
<enlace
destino="/LoIdRedirect.aspx?LoId=MA_07_06_CO_Recurso040&amp;IdRecurso=RES-A0FAF0F5903A44288474DE7190C357FD"
>Practica de sustracción de números racionales</enlace>
</practica></seccion2Texto></seccion2><seccion2
id="S2_MA_07_06_CO_CD47A0C4405642AB961B6E5769238866"><?Pub Dtl?>
<seccion2Titulo>Resolución de problemas</seccion2Titulo>
<seccion2Texto>
<p>Para resolver problemas en los que aparecen números racionales
se recomienda seguir estos pasos.</p>
<listaNumerada>
<listaElemento>Leer con atención el enunciado para entenderlo completamente:
identificar los datos que se conocen y los datos que se desconocen.</listaElemento>
<listaElemento>Proponer una estrategia para resolverlo y plantear
las operaciones correspondientes.</listaElemento>
<listaElemento>Seguir la estrategia planteada en el paso anterior
y aplicar las operaciones correspondientes para solucionar el problema.</listaElemento>
<listaElemento>Comprobar los resultados a partir del enunciado del
problema. </listaElemento>
</listaNumerada>
<p>Se puede observar el proceso de solución que se utiliza en el siguiente
problema.</p>
<p><negrita>Problema </negrita></p>
<p>Mercedes pesa 11,83 kg menos que Susana y mide 6,5 cm más que ella.
Sabiendo que Susana pesa 51,3 kg y su estatura es de 152 cm, ¿cuáles
son el peso y la altura de Mercedes?</p>
<imagen src="MA_07_06_CO_IMG08_small.jpg">
<p>Al comparar pesos y alturas es necesario identificar la operación
que corresponde para resolver el problema: adición o sustracción.</p>
</imagen>
<p><negrita>Solución</negrita></p>
<listaNumerada>
<listaElemento>Al leer el problema se puede observar que se conocen
los siguientes datos:<p>- Mercedes pesa 11,83 kg <negrita>menos</negrita
> que Susana.</p><p>- Mercedes mide 6.5 cm <negrita>más</negrita> que
Susana. o	Susana pesa 51,3 kg.</p><p>- Susana mide 152 cm.  </p><p
>También se observa que se desconocen los siguientes datos:  </p><p
>- Peso de Mercedes. </p><p>- Altura de Mercedes. </p> </listaElemento>
<listaElemento>Es necesario realizar una sustracción para el peso
y una adición para calcular la estatura de Mercedes.</listaElemento>
<listaElemento>Las operaciones que se requieren son:<p>- Para el peso: </p
><p centrado="si">51,30 – 11,83 = 39,47 </p><p>Por lo tanto, el peso
de Mercedes es 39,47 kg.</p><p>- Para la estatura: </p><p centrado="si"
>152,0 + 6,5 = 158,5 </p><p>Por lo tanto, la altura de Mercedes es
158,5 cm.  </p></listaElemento>
<listaElemento>Al comparar las alturas de Mercedes y Susana se encuentra
que la diferencia entre los pesos es, en efecto, 11,83 kg y la diferencia
entre las alturas es de 6,5 cm, como se enuncia en el problema.</listaElemento>
</listaNumerada>
<p>Se debe tener en cuenta que cada problema requiere una lectura
atenta que permita resolverlo mediante los pasos que se describen
arriba.</p>
<profundiza>
<enlace
destino="/LoIdRedirect.aspx?LoId=MA_07_06_CO_Recurso050&amp;IdRecurso=RES-E3A4275C1BAD44C496C64F09766315E3"
>La resolución de problemas con números racionales</enlace>
</profundiza><practica>
<enlace
destino="/LoIdRedirect.aspx?LoId=MA_07_06_CO_Recurso060&amp;IdRecurso=RES-7285F0368C7A4D1693B4F9A5AD48A148"
>Resuelve problemas con números racionales</enlace>
</practica></seccion2Texto></seccion2><seccion2
id="S2_MA_07_06_CO_CD47A0C4405642AB961B6E5769239977"><?Pub Dtl?>
<seccion2Titulo>Consolidación  </seccion2Titulo>
<seccion2Texto>
<p>Actividad para afianzar lo que has aprendido en esta sección.</p>
<practica>
<enlace
destino="/LoIdRedirect.aspx?LoId=MA_07_06_CO_Recurso070&amp;IdRecurso=RES-BC801ED37A9C4185A977B54B3BB57E95"
>Refuerza tu aprendizaje: La adición y la sustracción de racionales</enlace>
</practica></seccion2Texto></seccion2></seccion1Texto></seccion1>
<seccion1 id="S1_MA_07_06_CO_4DD17490639D49B2B8AF4BA538EC42E2">
<seccion1Titulo>La multiplicación y la división de racionales</seccion1Titulo>
<seccion1Texto>
<p>En los números enteros se tiene la noción que la multiplicación
entre dos números representa un nuevo número mayor que los anteriores;
y que la división entre dos números genera un número menor. Sin embargo,
para los números racionales esto no siempre es cierto. </p>
<recuerda><recuerdaTexto>
<p>El resultado de una multiplicación se llama <negrita>producto</negrita
> y los números que se multiplican se llaman <negrita>factores</negrita
>. Por su parte, el resultado de la división se llama cociente, el
número que se va a dividir es el <negrita>dividendo</negrita> y el
número que divide es el <negrita>divisor</negrita>. </p>
</recuerdaTexto></recuerda>
<p>En esta sección se verán las condiciones para que un producto sea
menor que uno de sus factores, y las condiciones para que en una división
el cociente sea mayor que el dividendo.</p>
<seccion2 id="S2_MA_07_06_CO_8999D70BC86F429A8F9CC26CE58ABC1E"><?Pub Dtl?>
<seccion2Titulo>La multiplicación de racionales fraccionarios</seccion2Titulo>
<seccion2Texto>
<p>Antes de ver el procedimiento para operar una multiplicación entre
fracciones, se debe tener en cuenta que para esta operación <negrita
>no se requiere</negrita> que las fracciones sean <negrita>homogéneas</negrita
>.  </p>
<p>Para el producto de dos fracciones, se tiene como numerador el
producto de los numeradores y como denominador el producto de los
denominadores. En general, se puede escribir</p>
<formula alineacion="centrada" src="FQ_MA_07_06_15.gif"></formula>
<p>Se debe observar que podemos usar el símbolo ⋅ para la multiplicación
en lugar del símbolo ×.  </p>
<p>Se observa un ejemplo particular en el que se multiplican dos fracciones.</p>
<formula alineacion="centrada" src="FQ_MA_07_06_16.gif"></formula>
<p>Los resultados siempre se simplifican cuando es posible. </p>
<destacado><destacadoTitulo>Cuándo usar multiplicación al plantear
un problema</destacadoTitulo><destacadoTexto>
<p>Cuando se plantea un problema y se encuentra la palabra “de” relacionando
dos números, esta representa una multiplicación entre los dos números.
Así, 1/2 de 3/4 representa matemáticamente</p>
<formula alineacion="centrada" src="FQ_MA_07_06_17.gif"></formula>
</destacadoTexto></destacado>
<p>Para multiplicar por una fracción negativa se utiliza la siguiente
propiedad:</p>
<formula alineacion="centrada" src="FQ_MA_07_06_18.gif"></formula>
<p>Por lo tanto, si se quiere calcular los 4/5 de –2/3, operamos así:</p>
<formula alineacion="centrada" src="FQ_MA_07_06_19.gif"></formula>
<destacado><destacadoTitulo>Productos mayores o menores que sus factores</destacadoTitulo>
<destacadoTexto>
<p>Dependiendo de la fracción por la que se multiplique, se puede
obtener diferentes relaciones entre los productos y sus factores.</p>
<listaSinNumerar>
<listaElemento>Si se multiplica un número por una fracción que está <negrita
>entre cero y uno</negrita>, entonces el producto es <negrita>menor</negrita
> que el número.</listaElemento>
<listaElemento>Si se multiplica un número por una fracción <negrita
>mayor que uno</negrita>, entonces el producto será <negrita>mayor</negrita
> que el número.</listaElemento>
<listaElemento>Si se multiplica un número<negrita> por uno</negrita
>, entonces el producto será <negrita>el mismo </negrita>número.</listaElemento>
</listaSinNumerar>
</destacadoTexto></destacado>
<p>En los siguientes ejemplos se observan las relaciones entre productos
y factores.</p>
<listaSinNumerar>
<listaElemento>Los 2/3 de 9 son menores que 9. En efecto,<formula
alineacion="centrada" src="FQ_MA_07_06_20.gif"></formula><p>El producto
seis es menor que el factor nueve.</p></listaElemento>
<listaElemento>Los 5/2 de 12 son mayores que 12. En efecto,<formula
alineacion="centrada" src="FQ_MA_07_06_21.gif"></formula><p>El producto
30 es mayor que el factor 12.</p></listaElemento>
</listaSinNumerar>
</seccion2Texto></seccion2><seccion2
id="S2_MA_07_06_CO_8999D70BC86F429A8F9CC26CE58A8811">
<seccion2Titulo>La multiplicación de racionales decimales </seccion2Titulo>
<seccion2Texto>
<p>La multiplicación de racionales decimales se basa en el producto
de enteros.   </p>
<p>Para multiplicar dos números racionales decimales basta multiplicarlos
como si fueran números enteros, es decir, sin tener en cuenta la separación
decimal, y al resultado se le asigna la separación decimal de tal
forma que la cantidad de decimales sea igual al total de decimales
que hay en los dos factores.  </p>
<p>Por ejemplo, para calcular el producto entre 1,3 y 6,12 operamos
como se muestra en la ilustración.</p>
<imagen src="MA_07_06_CO_IMG09_small.jpg">
<p>El producto debe tener tantas cifras decimales como tienen los
dos factores juntos.</p>
</imagen>
<destacado><destacadoTitulo>Leyes de signos </destacadoTitulo>
<destacadoTexto>
<p>Los racionales son una extensión de los números enteros; por lo
tanto, las leyes de signos para la multiplicación se conservan, es
decir, se cumple que</p>
<listaSinNumerar>
<listaElemento>el producto de dos decimales que tienen el <negrita
>mismo signo</negrita> siempre es <negrita>positivo</negrita>. Ejemplo:
–7,21 × (–0,5) = 3,605</listaElemento>
<listaElemento>el producto de dos decimales que tienen <negrita>signos
contrarios es negativo</negrita>. Ejemplo: –2,4 × 6 = –14,4</listaElemento>
</listaSinNumerar>
</destacadoTexto></destacado><profundiza>
<enlace
destino="/LoIdRedirect.aspx?LoId=MA_07_06_CO_Recurso080&amp;IdRecurso=RES-C816B496E7534DB29A1BADF28743C671"
>¿Cómo se multiplican números racionales?</enlace>
</profundiza><practica>
<enlace
destino="/LoIdRedirect.aspx?LoId=MA_07_06_CO_Recurso090&amp;IdRecurso=RES-CF3EAC18CAC14191A0CC6BBD69545A3B"
>Multiplica números racionales</enlace>
</practica><seccion3
id="S3_MA_07_06_CO_8999D70BC86F429A8F9CC26CE58A2299">
<seccion3Titulo>Propiedades de la multiplicación de números racionales</seccion3Titulo>
<seccion3Texto>
<p>Las propiedades de la multiplicación de números racionales te serán
familiares, dado que son las mismas  propiedades  de la  multiplicación
de números enteros. Se observa continuación cada una de ellas y sus
ejemplos para el conjunto de los números racionales.  </p>
<p>La propiedad <negrita>clausurativa</negrita> indica que al multiplicar
dos números racionales, el producto es siempre un número racional.
 </p>
<p>La propiedad <negrita>conmutativa</negrita> sostiene que si se
cambia el orden de los factores en una multiplicación de números racionales,
entonces el producto no cambia. Por ejemplo:</p>
<formula alineacion="centrada" src="FQ_MA_07_06_22.gif"></formula>
<formula alineacion="centrada" src="FQ_MA_07_06_23.gif"></formula>
<p>La propiedad <negrita>asociativa</negrita> indica que la forma
como se agrupan tres o más factores no altera el producto. Observa
el ejemplo en la ilustración.</p>
<imagen src="MA_07_06_CO_IMG10_small.jpg">
<p>Al agrupar los dos primeros factores se obtiene el mismo producto
que al agrupar los últimos dos factores.</p>
</imagen>
<p>La propiedad <negrita>modulativa</negrita> enuncia que existe un
único número (el número uno) como elemento neutro o módulo de la multiplicación
que al ser multiplicado por cualquier número racional, el producto
es el mismo número. Por ejemplo:</p>
<formula alineacion="centrada" src="FQ_MA_07_06_24.gif"></formula>
<formula alineacion="centrada" src="FQ_MA_07_06_25.gif"></formula>
<p>La <negrita>propiedad invertiva</negrita> indica que para cada
fracción existe un único número tal que el producto entre ellos es
igual al módulo de la multiplicación. Observa el siguiente ejemplo.</p>
<formula alineacion="centrada" src="FQ_MA_07_06_26.gif"></formula>
<destacado><destacadoTitulo>Propiedad que relaciona multiplicación
y adición </destacadoTitulo><destacadoTexto>
<p>Hasta ahora, como se puede observar, las propiedades de la multiplicación
tienen su equivalente para la adición. Sin embargo, hay una propiedad
que relaciona estas dos operaciones.  </p>
<p>La propiedad <negrita>distributiva</negrita> indica que cuando
hay una multiplicación de un número por una suma, el producto será
igual a la suma de los productos obtenidos al multiplicar el factor
por cada término de la expresión inicial.</p>
<formula alineacion="centrada" src="FQ_MA_07_06_27.gif"></formula>
<p>En general, se tiene que</p>
<formula alineacion="centrada" src="FQ_MA_07_06_28.gif"></formula>
</destacadoTexto></destacado><profundiza>
<enlace
destino="/LoIdRedirect.aspx?LoId=MA_07_06_CO_Recurso100&amp;IdRecurso=RES-4B86AA88DE0A46BDAB79355B6CA0DF58"
>Las propiedades de la adición y la multiplicación de racionales</enlace>
</profundiza></seccion3Texto></seccion3></seccion2Texto></seccion2>
<seccion2 id="S2_MA_07_06_CO_8999D70BC86F429A8F9CC26CE58A9922"><?Pub Dtl?>
<seccion2Titulo>La división de racionales fraccionarios</seccion2Titulo>
<seccion2Texto>
<p>La división entre dos racionales fraccionarios se comporta de forma
poco intuitiva. De hecho, para operar una división realmente se tiene
que multiplicar, por lo que se debe estar atento a la forma en que
se divide correctamente con este tipo de números.</p>
<recuerda><recuerdaTexto>
<p>El producto de dos racionales fraccionarios tiene como numerador
el producto de los denominadores y como denominador el producto de
los denominadores.</p>
</recuerdaTexto></recuerda>
<p>La división entre dos racionales es <negrita>equivalente</negrita
> a la multiplicación del dividendo por el <negrita>inverso del divisor</negrita
>. Observa los siguientes ejemplos.</p>
<formula alineacion="centrada" src="FQ_MA_07_06_29.gif"></formula>
<formula alineacion="centrada" src="FQ_MA_07_06_30.gif"></formula>
<p>Debes notar que en cada operación se realizan <negrita>dos cambios</negrita
>: se cambia la operación de división por una multiplicación y se
cambia el divisor por su inverso.</p>
<recuerda><recuerdaTexto>
<p>Al igual que para los números enteros, la división se rige por
las leyes de signos.</p>
<listaSinNumerar>
<listaElemento>El cociente de dos racionales fraccionarios con el
mismo signo es positivo.</listaElemento>
<listaElemento>El cociente de dos racionales fraccionarios con diferente
signo es negativo.</listaElemento>
</listaSinNumerar>
</recuerdaTexto></recuerda>
<p><negrita>NOTA</negrita>: Es muy importante tener en cuenta que
al operar divisiones entre racionales fraccionarios, <negrita>nunca</negrita
> se realizan <negrita>divisiones entre enteros</negrita> para calcular
el cociente.</p>
</seccion2Texto></seccion2><seccion2
id="S2_MA_07_06_CO_8999D70BC86F429A8F9CC26CE58A0033">
<seccion2Titulo>La división de racionales decimales</seccion2Titulo>
<seccion2Texto>
<p> Toda división de racionales decimales es equivalente a una división
de números enteros.  Para encontrar la división equivalente seguimos
los siguientes pasos.</p>
<listaNumerada>
<listaElemento>Identificar el número con mayor cantidad de cifras
decimales.</listaElemento>
<listaElemento>Multiplicar. Se <negrita>multiplican</negrita> los
valores absolutos de los <negrita>dos números</negrita> por la p<negrita
>otencia de diez</negrita>, con exponente igual al número anterior.</listaElemento>
<listaElemento>Se <negrita>dividen los números obtenidos </negrita
>y se tienen en cuenta las leyes de signos para el resultado.</listaElemento>
</listaNumerada>
<p>Por ejemplo, para calcular el cociente de –17,325 ÷ (–3,85) se
debe tener presente que el resultado será un número positivo; se identifica
que el dividendo tiene tres cifras decimales y el divisor dos; por
lo tanto, se multiplica el valor absoluto de ambos números por 103
y se obtiene una división equivalente:  </p>
<p centrado="si">(17,325 ⋅ 1000) ÷ (3,85 ⋅ 1000) </p>
<p centrado="si">17 325 ÷ 3850 </p>
<p>Así, se calcula la división entre los enteros como se muestra en
la ilustración.</p>
<imagen src="MA_07_06_CO_IMG11_small.jpg">
<p>El cociente de –17,325 ÷ (–3,85) es 4,5.</p>
</imagen>
<destacado><destacadoTitulo>Multiplicaciones y divisiones abreviadas</destacadoTitulo>
<destacadoTexto>
<p><negrita>Multiplicar</negrita> un decimal por una potencia de 10
equivale a mover la separación decimal tantos lugares hacia la <negrita
>derecha</negrita> como ceros tenga la potencia de 10.  </p>
<p>Ejemplos  </p>
<p centrado="si">2,13 × 10 = 21,3</p>
<p centrado="si">2,13 × 100 = 213</p>
<p centrado="si">2,13 × 1000 = 2 130 </p>
<p><negrita>Dividir</negrita> un decimal por una potencia de 10 equivale
a mover la separación decimal tantos lugares hacia la izquierda como
ceros tenga la potencia de 10.  </p>
<p>Ejemplos </p>
<p centrado="si">21,3 ÷10 = 2,13 </p>
<p centrado="si">21,3 ÷ 100 = 0,213 </p>
<p centrado="si">21,3 ÷ 1000 = 0,0213</p>
</destacadoTexto></destacado><practica>
<enlace
destino="/LoIdRedirect.aspx?LoId=MA_07_06_CO_Recurso120&amp;IdRecurso=RES-A3E6D30FB7A84CB2B99662B83F8EA492"
>Practica la división entre números racionales</enlace>
</practica><seccion3
id="S3_MA_07_06_CO_8999D70BC86F429A8F9CC26CE58A4411">
<seccion3Titulo>Propiedades de la división de números racionales </seccion3Titulo>
<seccion3Texto>
<p>La división de números racionales cumple las siguientes propiedades.
 </p>
<p>La propiedad <negrita>clausurativa</negrita>: el cociente de dos
números racionales es un número racional. </p>
<p>Ejemplo</p>
<formula alineacion="centrada" src="FQ_MA_07_06_31.gif"></formula>
<p>La propiedad <negrita>modulativa</negrita>: existe un único número
(uno) tal que al dividir un número entre este, el cociente es el mismo
número. Esta propiedad se aplica únicamente al <negrita>divisor</negrita
>.  </p>
<p>Ejemplo</p>
<formula alineacion="centrada" src="FQ_MA_07_06_32.gif"></formula>
<destacado><destacadoTitulo>Propiedades que no cumple la división</destacadoTitulo>
<destacadoTexto>
<p>La división no cumple las siguientes propiedades.</p>
<listaSinNumerar>
<listaElemento>Conmutativa</listaElemento>
<listaElemento>Asociativa</listaElemento>
</listaSinNumerar>
</destacadoTexto></destacado>
<p>Para dividir la adición o la sustracción de números racionales
entre un número racional es posible distribuir el divisor de tal forma
que el cociente se convierta en la suma o en la resta de cocientes.
Por ejemplo, se tiene la siguiente equivalencia:</p>
<formula alineacion="centrada" src="FQ_MA_07_06_33.gif"></formula>
<formula alineacion="centrada" src="FQ_MA_07_06_34.gif"></formula>
<formula alineacion="centrada" src="FQ_MA_07_06_35.gif"></formula>
<p>Es importante anotar que si la operación aditiva está como divisor,
entonces <negrita>no</negrita> es posible distribuir la división.</p>
</seccion3Texto></seccion3></seccion2Texto></seccion2><seccion2
id="S2_MA_07_06_CO_8999D70BC86F429A8F9CC26CE58A1144"><?Pub Dtl?>
<seccion2Titulo>Resolución de problemas</seccion2Titulo>
<seccion2Texto>
<p>Lee y analiza el proceso de solución de los problemas que se presentan
a continuación.  </p>
<p><negrita>Problema 1</negrita>. La arista de cada uno de los cubos
que forman la siguiente torre mide 0,75 m. ¿Cuánto mide de alto la
estructura?</p>
<imagen src="MA_07_06_CO_IMG12_small.png">
<p>Las aristas del cubo determinan la medida de sus dimensiones.</p><?Pub
Caret -2?>
</imagen>
<p><negrita>Solución</negrita></p>
<listaNumerada>
<listaElemento>Al leer el problema y observar el gráfico se identifican
los siguientes datos:<p>- Cada cubo tiene arista igual a 0,75 m.</p
><p>- La estructura tiene cuatro cubos de alto.  </p><p>También se
observa que se desconoce la altura de la estructura.</p></listaElemento>
<listaElemento>Como la altura de todos los cubos es la misma, es necesario
calcular el producto de la altura de un cubo por la cantidad de cubos
que forman la altura total.</listaElemento>
<listaElemento>Operamos como se indica en el paso 2:  <p centrado="si"
>0,75 ⋅ 4 = 3,00 </p><p>Por lo tanto, la altura de la estructura es
3 m.  </p></listaElemento>
<listaElemento>Se verifica si la altura es de 3 m; entonces, cuatro
cubos deben tener altura igual a 0,75 m, como se enuncia en el problema. </listaElemento>
</listaNumerada>
<recuerda><recuerdaTexto>
<p>El esquema general para resolver problemas tiene los siguientes
pasos.</p>
<listaNumerada>
<listaElemento>Leer con atención el enunciado para entenderlo completamente
e identificar los datos que se conocen y los datos desconocidos.</listaElemento>
<listaElemento>Proponer una estrategia para resolverlo, así como las
operaciones correspondientes.</listaElemento>
<listaElemento>Seguir la estrategia planteada en el paso anterior,
con la aplicación de las operaciones correspondientes para solucionar
el problema.</listaElemento>
<listaElemento>Comprobar los resultados a partir del enunciado del
problema.</listaElemento>
</listaNumerada>
</recuerdaTexto></recuerda>
<p><negrita>Problema 2</negrita>. Un total de 10,58 litros de agua
se distribuyen en cierta cantidad de botellas de 0,46 litros. ¿Cuántas
botellas se llenaron? </p>
<listaNumerada>
<listaElemento>Al leer el problema se identifican los siguientes datos:<p
>- Hay en total 10,58 litros de agua.</p><p>- 	Hay botellas de 0,46
litros de capacidad.  </p><p>Se identifica la cantidad de botellas
como el dato desconocido.</p></listaElemento>
<listaElemento>Como se debe repartir el total de agua en varias botellas
de igual capacidad, entonces se debe dividir ese total entre la capacidad
de cada botella, para calcular el total de botellas que se llenaron.</listaElemento>
<listaElemento>Operamos como se indica en el paso anterior: <p
centrado="si">10,58 ÷ 0,46 = 1058 ÷ 46 = 23 </p><p>Por lo tanto, la
cantidad de botellas que se llenaron fue de 23.</p></listaElemento>
<listaElemento>Al multiplicar el total de botellas por la capacidad
de cada una da como resultado 10,58 litros, como se enuncia en el
problema.</listaElemento>
</listaNumerada>
<p>Se debe identificar siempre la relación entre los datos que plantea
el problema para plantear la operación que permite resolverlo. </p>
<practica>
<enlace
destino="/LoIdRedirect.aspx?LoId=MA_07_06_CO_Recurso130&amp;IdRecurso=RES-C49B5603265442DB81D3669E74683AE2"
>Analiza y resuelve problemas de multiplicación con decimales</enlace>
</practica></seccion2Texto></seccion2><seccion2
id="S2_MA_07_06_CO_8999D70BC86F429A8F9CC26CE58A2255"><?Pub Dtl?>
<seccion2Titulo>Consolidación</seccion2Titulo>
<seccion2Texto>
<p>Actividad para afianzar lo que has aprendido en esta sección.</p>
<practica>
<enlace
destino="/LoIdRedirect.aspx?LoId=MA_07_06_CO_Recurso140&amp;IdRecurso=RES-F9790E22B6D94E62BEB6543ADAF58CE4"
>Refuerza tu aprendizaje: La multiplicación y la división de decimales</enlace>
</practica></seccion2Texto></seccion2></seccion1Texto></seccion1>
<seccion1 id="S1_MA_07_06_CO_6882979517754E33992D1012C36B4D8C">
<seccion1Titulo>La potenciación de racionales </seccion1Titulo>
<seccion1Texto>
<p>Para hallar la potencia de un número racional, se elevan a la potencia
indicada tanto el numerador como el denominador de la fracción.</p>
<formula alineacion="centrada" src="FQ_MA_07_06_36.gif"></formula>
<p>Puedes observar el uso de la potenciación de racionales para la
siguiente situación.  Si se reduce una fotografía a 2/5 de su tamaño
original y luego se reduce tres veces más, ¿qué fracción de la foto
original representa la imagen más pequeña?</p>
<imagen src="MA_07_06_CO_IMG13_small.jpg">
<p>¿Qué fracción de la imagen mayor representa la imagen más pequeña?</p>
</imagen>
<p>Para obtener el resultado es necesario calcular el siguiente producto.</p>
<formula alineacion="centrada" src="FQ_MA_07_06_37.gif"></formula>
<p>Por lo tanto, la imagen más pequeña equivale a 16/625 de la imagen
mayor.   </p>
<p>Para calcular potencias de fracciones negativas se debe tener en
cuenta que:</p>
<listaSinNumerar>
<listaElemento>Si la potencia es par, el resultado es positivo.</listaElemento>
<listaElemento>Si la potencia es impar, el resultado es negativo. </listaElemento>
</listaSinNumerar>
<p>A continuación se muestran cálculos de potencias de números fraccionarios.</p>
<formula alineacion="centrada" src="FQ_MA_07_06_38.gif"></formula>
<formula alineacion="centrada" src="FQ_MA_07_06_39.gif"></formula>
<seccion2 id="S2_MA_07_06_CO_6882979517754E33992D1012C36B4488"><?Pub Dtl?>
<seccion2Titulo>Propiedades de la potenciación</seccion2Titulo>
<seccion2Texto>
<p>La potenciación de números fraccionarios cumple las siguientes
propiedades. </p>
<p><negrita>Exponente cero</negrita>: todo número elevado a la <negrita
>cero</negrita> da como resultado uno.</p>
<formula alineacion="centrada" src="FQ_MA_07_06_42.gif"></formula>
<p>Ejemplo</p>
<formula alineacion="centrada" src="FQ_MA_07_06_40.gif"></formula>
<p><negrita>Exponente uno</negrita>: todo número elevado a la potencia <negrita
>uno (1) </negrita>da como resultado el mismo número.</p>
<formula alineacion="centrada" src="FQ_MA_07_06_43.gif"></formula>
<p>Ejemplo</p>
<formula alineacion="centrada" src="FQ_MA_07_06_41.gif"></formula>
<p><negrita>Exponente negativo</negrita>: cuando una potencia tiene
exponente negativo, se calcula la potencia de exponente positivo luego
de invertir la fracción. </p>
<formula alineacion="centrada" src="FQ_MA_07_06_44.gif"></formula>
<p>Ejemplo</p>
<formula alineacion="centrada" src="FQ_MA_07_06_45.gif"></formula>
<p><negrita>Producto de potencias de igual base</negrita>: el producto
de potencias de igual base es equivalente a la base común elevada
a la suma de las potencias.</p>
<formula alineacion="centrada" src="FQ_MA_07_06_46.gif"></formula>
<p>Ejemplo</p>
<formula alineacion="centrada" src="FQ_MA_07_06_47.gif"></formula>
<p><negrita>División de potencias de igual base</negrita>: en este
caso, el resultado tiene la misma base y su exponente es la diferencia
entre los exponentes. </p>
<formula alineacion="centrada" src="FQ_MA_07_06_48.gif"></formula>
<p>Ejemplo</p>
<formula alineacion="centrada" src="FQ_MA_07_06_49.gif"></formula>
<p><negrita>Potencia de una potencia</negrita>: en este caso se deja
la misma base y su exponente es el producto de los exponentes.</p>
<formula alineacion="centrada" src="FQ_MA_07_06_50.gif"></formula>
<p>Ejemplo</p>
<formula alineacion="centrada" src="FQ_MA_07_06_51.gif"></formula>
<p><negrita>Potencia de un producto</negrita>: equivale al producto
de las potencias.</p>
<formula alineacion="centrada" src="FQ_MA_07_06_52.gif"></formula>
<p>Ejemplo</p>
<formula alineacion="centrada" src="FQ_MA_07_06_53.gif"></formula>
<p><negrita>Potencia de un cociente</negrita>: se distribuye el exponente
en cada término de la división.</p>
<formula alineacion="centrada" src="FQ_MA_07_06_54.gif"></formula>
<p>Ejemplo</p>
<formula alineacion="centrada" src="FQ_MA_07_06_55.gif"></formula>
<practica>
<enlace
destino="/LoIdRedirect.aspx?LoId=MA_07_06_CO_Recurso150&amp;IdRecurso=RES-09C6086CEC3A45EAA1705E0ABC6B4377"
>Identifica las propiedades de la potenciación de racionales</enlace>
<enlace
destino="/LoIdRedirect.aspx?LoId=MA_07_06_CO_Recurso160&amp;IdRecurso=RES-BE6C97BEE08E480ABAA775D65FE54910"
>Repasa conceptos sobre la potenciación de racionales</enlace>
<enlace
destino="/LoIdRedirect.aspx?LoId=MA_07_06_CO_Recurso170&amp;IdRecurso=RES-A12E28601A744F2AA9542E136B75CD65"
>Aplica las propiedades de la potenciación</enlace>
<enlace
destino="/LoIdRedirect.aspx?LoId=MA_07_06_CO_Recurso180&amp;IdRecurso=RES-82558D6B97704AD19D4597E4AF85D1FC"
>Simplifica expresiones con las propiedades de la potenciación</enlace>
</practica></seccion2Texto></seccion2><seccion2
id="S2_MA_07_06_CO_6882979517754E33992D1012C36B5599"><?Pub Dtl?>
<seccion2Titulo>Consolidación </seccion2Titulo>
<seccion2Texto>
<p>Actividad para afianzar lo que has aprendido en esta sección.</p>
<practica>
<enlace
destino="/LoIdRedirect.aspx?LoId=MA_07_06_CO_Recurso190&amp;IdRecurso=RES-0551C8800BD9410FA006D49EE1160A7A"
>Refuerza tu aprendizaje: La potenciación de racionales</enlace>
</practica></seccion2Texto></seccion2></seccion1Texto></seccion1>
<seccion1 id="S1_MA_07_06_CO_65131A43C13B44728D06E04A15D6B8C9">
<seccion1Titulo>La radicación de racionales</seccion1Titulo>
<seccion1Texto>
<p>La raíz de un número fraccionario es la fracción que se obtiene
al calcular la raíz del numerador y la raíz del denominador. Las raíces
deben tener el mismo índice.</p>
<formula alineacion="centrada" src="FQ_MA_07_06_56.gif"></formula>
<profundiza>
<enlace
destino="/LoIdRedirect.aspx?LoId=MA_07_06_CO_Recurso200&amp;IdRecurso=RES-A8393F3B0DDB471A8455A44CE052AAF2"
>La potencia y la raíz de una fracción</enlace>
</profundiza>
<p>Las raíces de números fraccionarios permiten solucionar situaciones
como la siguiente.  </p>
<p>Si un cuadrado tiene un área de 25/36 cm2, ¿cuál es la longitud
de su lado?</p>
<imagen src="MA_07_06_CO_IMG14_small.jpg">
<p>¿Cuál es la longitud del lado del cuadrado?</p>
</imagen>
<p>Calcular la raíz cuadrada del área de un cuadrado da como resultado
la longitud de sus lados, así: </p>
<formula alineacion="centrada" src="FQ_MA_07_06_57.gif"></formula>
<p>Por lo tanto, cada lado del cuadrado tiene una longitud de 5/6
cm.   </p>
<p>Al calcular raíces de fraccionarios se deben tener presentes las
propiedades de raíces para enteros, como se muestra en los siguientes
ejemplos.</p>
<formula alineacion="centrada" src="FQ_MA_07_06_58.gif"></formula>
<destacado><destacadoTitulo>Relación entre radicación y potenciación</destacadoTitulo>
<destacadoTexto>
<p>Las operaciones de radicación y potenciación de números fraccionarios
están relacionadas de la siguiente forma.</p>
<formula alineacion="centrada" src="FQ_MA_07_06_59.gif"></formula>
</destacadoTexto></destacado><recuerda><recuerdaTexto>
<p>En la radicación se cumple:</p>
<listaSinNumerar>
<listaElemento>Cuando el índice de radicación es 2, es común que no
aparezca escrito.</listaElemento>
<listaElemento>Los números negativos no tienen raíces pares.</listaElemento>
<listaElemento>Los números positivos tienen dos raíces pares, una
positiva y otra negativa.</listaElemento>
</listaSinNumerar>
</recuerdaTexto></recuerda><practica>
<enlace
destino="/LoIdRedirect.aspx?LoId=MA_07_06_CO_Recurso210&amp;IdRecurso=RES-B38F14CCB50E4585A7010AEF15203CAA"
>Calcula y simplifica la potencia y la raíz de una fracción</enlace>
</practica><seccion2
id="S2_MA_07_06_CO_65131A43C13B44728D06E04A15D68899"><?Pub Dtl?>
<seccion2Titulo>Propiedades de la radicación</seccion2Titulo>
<seccion2Texto>
<p>La radicación de números racionales cumple ciertas propiedades
que ayudan a simplificar y que facilitan el desarrollo de operaciones
entre ellos.  </p>
<p><negrita>Potencia de una raíz</negrita>: calcular la potencia de
una raíz es equivalente a calcular la raíz de la potencia. En símbolos
esto es:</p>
<formula alineacion="centrada" src="FQ_MA_07_06_60.gif"></formula>
<p>Ejemplo</p>
<formula alineacion="centrada" src="FQ_MA_07_06_61.gif"></formula>
<p><negrita>Raíz de una raíz</negrita>: en este caso se calcula la
raíz con índice de radicación igual al producto de los dos índices
de radicación iniciales.</p>
<formula alineacion="centrada" src="FQ_MA_07_06_62.gif"></formula>
<p>Ejemplo</p>
<formula alineacion="centrada" src="FQ_MA_07_06_63.gif"></formula>
<p><negrita>Raíz de un producto</negrita>: calcular la raíz de un
producto es equivalente a calcular el producto de las raíces.</p>
<formula alineacion="centrada" src="FQ_MA_07_06_64.gif"></formula>
<p>Ejemplo</p>
<formula alineacion="centrada" src="FQ_MA_07_06_65.gif"></formula>
<p><negrita>Raíz de un cociente</negrita>: calcular la raíz de un
cociente es equivalente a calcular el cociente de las raíces.</p>
<formula alineacion="centrada" src="FQ_MA_07_06_66.gif"></formula>
<p>Ejemplo</p>
<formula alineacion="centrada" src="FQ_MA_07_06_67.gif"></formula>
<recuerda><recuerdaTexto>
<p>Raíces pares de números negativos no existen. </p>
<p>Raíces impares de números negativos son negativas.</p>
</recuerdaTexto></recuerda><practica>
<enlace
destino="/LoIdRedirect.aspx?LoId=MA_07_06_CO_Recurso220&amp;IdRecurso=RES-A20750F61D364A8E8E7ECFCB11216614"
>Aplica las propiedades de la radicación</enlace>
</practica></seccion2Texto></seccion2><seccion2
id="S2_MA_07_06_CO_65131A43C13B44728D06E04A15D69900"><?Pub Dtl?>
<seccion2Titulo>Consolidación</seccion2Titulo>
<seccion2Texto>
<p>Actividad para afianzar lo que has aprendido en esta sección.</p>
<practica>
<enlace
destino="/LoIdRedirect.aspx?LoId=MA_07_06_CO_Recurso230&amp;IdRecurso=RES-D9708B176E26437AA804A13293680C4C"
>Refuerza tu aprendizaje: La radicación de racionales</enlace>
</practica></seccion2Texto></seccion2></seccion1Texto></seccion1>
<seccion1 id="S1_MA_07_06_CO_559EEAE2ACE844958CACA075DC02E46A">
<seccion1Titulo>Polinomios aritméticos</seccion1Titulo>
<seccion1Texto>
<p>Una expresión que combina operaciones aritméticas (adiciones, sustracciones,
productos, cocientes, potencias, raíces) se llama un polinomio aritmético.
Es usual encontrar polinomios aritméticos cuando se plantean problemas. </p>
<p>Se plantea un polinomio aritmético a partir de la siguiente situación.
 </p>
<p>Silvia comió un quinto de manzana y Marta la mitad de la que quedó.
¿Qué parte de la manzana comieron entre las dos?</p>
<imagen src="MA_07_06_CO_IMG15_small.jpg">
<p>¿Qué operaciones están involucradas en el planteamiento del problema?</p>
</imagen>
<listaNumerada>
<listaElemento>Se identifican los siguientes datos:<p>- Silvia comió
un quinto de manzana. </p><p>- Marta comió la mitad de la que quedó.
 </p><p>El dato desconocido es la parte de la manzana que comieron
las dos.  </p></listaElemento>
<listaElemento>Como se debe calcular el total de manzana que comieron
Silvia y Marta, es necesario realizar una suma entre las dos cantidades. <p
>Por una parte, Silvia comió 1/5; por lo tanto, lo que quedó de la
manzana es equivalente a </p><formula alineacion="centrada"
src="FQ_MA_07_06_68.gif"></formula><p>Por consiguiente, como Marta
comió la mitad de lo que quedaba, Marta comió</p><formula
alineacion="centrada" src="FQ_MA_07_06_69.gif"></formula></listaElemento>
<listaElemento>Calculamos la suma de lo que se comieron Silvia y Marta
así:<formula alineacion="centrada" src="FQ_MA_07_06_70.gif"></formula
></listaElemento>
</listaNumerada>
<p>Como se puede observar, el planteamiento del problema genera un
polinomio aritmético. ¿Cómo se operan los polinomios aritméticos?</p>
<seccion2 id="S2_MA_07_06_CO_559EEAE2ACE844958CACA075DC024466"><?Pub Dtl?>
<seccion2Titulo>Polinomios aritméticos sin signos de agrupación</seccion2Titulo>
<seccion2Texto>
<p>Cuando se combinan operaciones, se operan respetando el siguiente
orden.</p>
<listaNumerada>
<listaElemento>Potencias y raíces.</listaElemento>
<listaElemento>Multiplicaciones y divisiones de izquierda a derecha.</listaElemento>
<listaElemento>Adiciones y sustracciones.</listaElemento>
</listaNumerada>
<p>Es importante simplificar las fracciones obtenidas en cada parte
del proceso.</p>
<imagen src="MA_07_06_CO_IMG16_small.jpg">
<p>Jerarquía de las operaciones.</p>
</imagen>
<p>Para calcular la fracción que comieron Silvia y Marta en la situación
planteada anteriormente, se procede como sigue.</p>
<formula alineacion="centrada" src="FQ_MA_07_06_71.gif"></formula>
<p>A continuación se muestra un ejemplo de un polinomio que involucra
más operaciones y la forma de operarlo.</p>
<formula alineacion="centrada" src="FQ_MA_07_06_72.gif"></formula>
<formula alineacion="centrada" src="FQ_MA_07_06_73.gif"></formula>
<formula alineacion="centrada" src="FQ_MA_07_06_74.gif"></formula>
<formula alineacion="centrada" src="FQ_MA_07_06_75.gif"></formula>
<formula alineacion="centrada" src="FQ_MA_07_06_76.gif"></formula>
<recuerda><recuerdaTexto>
<p>Las operaciones de multiplicación y de división deben hacerse de
izquierda a derecha; de otra forma se obtiene un resultado erróneo.</p>
</recuerdaTexto></recuerda><practica>
<enlace
destino="/LoIdRedirect.aspx?LoId=MA_07_06_CO_Recurso250&amp;IdRecurso=RES-CB4411DC3D4643D696732A95A3DF11D5"
>Practica la solución de polinomios aritméticos</enlace>
</practica></seccion2Texto></seccion2><seccion2
id="S2_MA_07_06_CO_559EEAE2ACE844958CACA075DC025577"><?Pub Dtl?>
<seccion2Titulo>Polinomios aritméticos con signos de agrupación</seccion2Titulo>
<seccion2Texto>
<p>Algunos polinomios aritméticos incluyen signos de agrupación que <negrita
>fuerzan</negrita> el orden de las operaciones con base en el alcance
de los mismos.  </p>
<p>Los signos de agrupación se utilizan respetando el siguiente orden:</p>
<listaNumerada>
<listaElemento>Paréntesis: ( ) </listaElemento>
<listaElemento>Corchetes: [ ] </listaElemento>
<listaElemento>Llaves: { }</listaElemento>
</listaNumerada>
<p>Es decir, se inicia con las operaciones internas de los paréntesis,
luego con las operaciones internas de los corchetes y finalmente con
las de las llaves.</p>
<imagen src="MA_07_06_CO_IMG17_small.jpg">
<p>Jerarquía de operaciones.</p>
</imagen>
<p>El siguiente ejemplo opera un polinomio aritmético con signos de
agrupación.</p>
<formula alineacion="centrada" src="FQ_MA_07_06_77.gif"></formula>
<formula alineacion="centrada" src="FQ_MA_07_06_78.gif"></formula>
<formula alineacion="centrada" src="FQ_MA_07_06_79.gif"></formula>
<formula alineacion="centrada" src="FQ_MA_07_06_80.gif"></formula>
<formula alineacion="centrada" src="FQ_MA_07_06_81.gif"></formula>
<formula alineacion="centrada" src="FQ_MA_07_06_82.gif"></formula>
<formula alineacion="centrada" src="FQ_MA_07_06_83.gif"></formula>
<formula alineacion="centrada" src="FQ_MA_07_06_84.gif"></formula>
<recuerda><recuerdaTexto>
<p>Solo puedes operar fracciones dentro del mismo signo de agrupación;
el signo de agrupación <negrita>fuerza</negrita> a que las operaciones
internas se realicen primero.</p>
</recuerdaTexto></recuerda><practica>
<enlace
destino="/LoIdRedirect.aspx?LoId=MA_07_06_CO_Recurso260&amp;IdRecurso=RES-D599BD4892F34E3D8E1A60DF39DC9907"
>Repasa procesos para resolver polinomios aritméticos</enlace>
<enlace
destino="/LoIdRedirect.aspx?LoId=MA_07_06_CO_Recurso270&amp;IdRecurso=RES-994ADE797C414A37AD7A26BB7BFAFD10"
>Resuelve operaciones combinadas</enlace>
<enlace
destino="/LoIdRedirect.aspx?LoId=MA_07_06_CO_Recurso280&amp;IdRecurso=RES-E83E039E1DE2409CAA2213F58786CC18"
>Selecciona el polinomio que representa la situación</enlace>
</practica></seccion2Texto></seccion2><seccion2
id="S2_MA_07_06_CO_559EEAE2ACE844958CACA075DC026688"><?Pub Dtl?>
<seccion2Titulo>Consolidación</seccion2Titulo>
<seccion2Texto>
<p>Actividad para afianzar lo que has aprendido en esta sección.</p>
<practica>
<enlace
destino="/LoIdRedirect.aspx?LoId=MA_07_06_CO_Recurso290&amp;IdRecurso=RES-66072157459D43D58D4C38D7D79F4535"
>Refuerza tu aprendizaje: Los polinomios aritméticos</enlace>
</practica></seccion2Texto></seccion2></seccion1Texto></seccion1>
<seccion1 id="S1_MA_07_06_CO_4A3B5570B73D47CA8C825F411BB9A305">
<seccion1Titulo>Ecuaciones con números racionales fraccionarios</seccion1Titulo>
<seccion1Texto>
<p>Cuando se relaciona a través de una igualdad un valor desconocido
representado en una letra llamada variable, con números conocidos,
a través de operaciones aritméticas se tiene una ecuación.</p>
<recuerda><recuerdaTexto>
<p>La solución a una ecuación es un número que al reemplazar la variable
hace cierta la igualdad.</p>
</recuerdaTexto></recuerda>
<p>En general, situaciones que plantean un valor desconocido se modelan
a través de ecuaciones.   </p>
<p>Por ejemplo, la siguiente pregunta se plantea como una ecuación
con números racionales fraccionarios.  </p>
<p>Si la mitad del triple de un número equivale a -9, ¿cuál es ese
número? </p>
<p>En este caso, se asigna la variable x para representar el número
desconocido.</p>
<formula alineacion="centrada" src="FQ_MA_07_06_85.gif"></formula>
<p>La solución a la ecuación es –6; este número hace cierta la igualdad</p>
<formula alineacion="centrada" src="FQ_MA_07_06_86.gif"></formula>
<destacado><destacadoTitulo>Propiedad uniforme de las igualdades </destacadoTitulo>
<destacadoTexto>
<p>Para resolver una ecuación es necesario hacer uso de la propiedad
uniforme de las igualdades que establece que: dada la igualdad <cursiva
>a</cursiva> = <cursiva>b</cursiva>, las siguientes igualdades son
ciertas para cualquier número <cursiva>k</cursiva>. </p>
<p centrado="si"><cursiva>a + k = b + k  </cursiva></p>
<p centrado="si"><cursiva>a – k = b – k  </cursiva></p>
<p centrado="si"><cursiva>a ⋅ k = b ⋅ k</cursiva></p>
<p centrado="si"><cursiva>a ÷ k = b ÷ k</cursiva></p>
<p centrado="si">(solo si <cursiva>k</cursiva> ≠ 0)</p>
</destacadoTexto></destacado><seccion2
id="S2_MA_07_06_CO_4A3B5570B73D47CA8C825F411BB93355"><?Pub Dtl?>
<seccion2Titulo>Ecuaciones de la forma <cursiva>x</cursiva> ±  <cursiva
>a</cursiva>/<cursiva>b</cursiva> = <cursiva>c</cursiva>/<cursiva
>d</cursiva></seccion2Titulo>
<seccion2Texto>
<p>Ecuaciones de la forma <cursiva>x</cursiva> ±  <cursiva>a</cursiva
>/<cursiva>b</cursiva> = <cursiva>c</cursiva>/<cursiva>d</cursiva
> responden a preguntas como:</p>
<listaSinNumerar>
<listaElemento>¿Qué número aumentado en 8/5 equivale a 10?<formula
alineacion="centrada" src="FQ_MA_07_06_87.gif"></formula></listaElemento>
<listaElemento>Al restar 9/4 de un número, el resultado es -5/2. ¿Cuál
es ese número?<formula alineacion="centrada" src="FQ_MA_07_06_88.gif">
</formula></listaElemento>
</listaSinNumerar>
<p>Para resolver este tipo de ecuaciones se usa la propiedad uniforme
de la igualdad correspondiente a operaciones aditivas.  </p>
<p>Para la primera ecuación se tiene:</p>
<formula alineacion="centrada" src="FQ_MA_07_06_89.gif"></formula>
<formula alineacion="centrada" src="FQ_MA_07_06_90.gif"></formula>
<formula alineacion="centrada" src="FQ_MA_07_06_91.gif"></formula>
<p>Para la segunda ecuación se tiene:</p>
<formula alineacion="centrada" src="FQ_MA_07_06_92.gif"></formula>
<formula alineacion="centrada" src="FQ_MA_07_06_93.gif"></formula>
<formula alineacion="centrada" src="FQ_MA_07_06_94.gif"></formula>
<recuerda><recuerdaTexto>
<p>Para  resolver una ecuación de la forma <cursiva>x</cursiva> ±
 <cursiva>a</cursiva>/<cursiva>b</cursiva> = <cursiva>c</cursiva>/<cursiva
>d</cursiva>  se suma o se resta el término independiente <cursiva
>a</cursiva>/<cursiva>b</cursiva> en ambos miembros de la igualdad.</p>
</recuerdaTexto></recuerda></seccion2Texto></seccion2><seccion2
id="S2_MA_07_06_CO_4A3B5570B73D47CA8C825F411BB94466"><?Pub Dtl?>
<seccion2Titulo>Ecuaciones de la forma <cursiva>a</cursiva>/<cursiva
>bx</cursiva> = <cursiva>c</cursiva>/<cursiva>d</cursiva></seccion2Titulo>
<seccion2Texto>
<p>Para resolver ecuaciones de la forma <cursiva>a</cursiva>/<cursiva
>bx</cursiva> = <cursiva>c</cursiva>/<cursiva>d</cursiva> se usa la
propiedad uniforme de la igualdad para productos.  </p>
<p>Ejemplo</p>
<formula alineacion="centrada" src="FQ_MA_07_06_95.gif"></formula>
<formula alineacion="centrada" src="FQ_MA_07_06_96.gif"></formula>
<formula alineacion="centrada" src="FQ_MA_07_06_97.gif"></formula>
<formula alineacion="centrada" src="FQ_MA_07_06_98.gif"></formula>
</seccion2Texto></seccion2><seccion2
id="S2_MA_07_06_CO_4A3B5570B73D47CA8C825F411BB95577"><?Pub Dtl?>
<seccion2Titulo>Ecuaciones de la forma <cursiva>a</cursiva>/<cursiva
>bx</cursiva>  ± <cursiva>c</cursiva>/<cursiva>d</cursiva> = <cursiva
>e</cursiva>/<cursiva>f</cursiva></seccion2Titulo>
<seccion2Texto>
<p>Para solucionar ecuaciones de la forma <cursiva>a</cursiva>/<cursiva
>bx</cursiva>  ± <cursiva>c</cursiva>/<cursiva>d</cursiva>  = <cursiva
>e</cursiva>/<cursiva>f</cursiva> se usa la propiedad uniforme de
la igualdad, primero para las operaciones aditivas y luego para las
multiplicativas.  </p>
<p>Ejemplo</p>
<formula alineacion="centrada" src="FQ_MA_07_06_99.gif"></formula>
<formula alineacion="centrada" src="FQ_MA_07_06_100.gif"></formula>
<formula alineacion="centrada" src="FQ_MA_07_06_101.gif"></formula>
<formula alineacion="centrada" src="FQ_MA_07_06_102.gif"></formula>
<formula alineacion="centrada" src="FQ_MA_07_06_103.gif"></formula>
<p>Para probar que la solución de la ecuación es correcta se reemplaza
la variable por el número al cual es equivalente. Para este caso particular,
al reemplazar y operar el miembro izquierdo se verifica la igualdad.</p>
<formula alineacion="centrada" src="FQ_MA_07_06_104.gif"></formula>
<formula alineacion="centrada" src="FQ_MA_07_06_105.gif"></formula>
<formula alineacion="centrada" src="FQ_MA_07_06_106.gif"></formula>
<recuerda><recuerdaTexto>
<p>Para  resolver una ecuación de la forma <cursiva>a</cursiva>/<cursiva
>bx</cursiva>  ± <cursiva>c</cursiva>/<cursiva>d</cursiva> = <cursiva
>e</cursiva>/<cursiva>f</cursiva>  es importante aplicar siempre,
primero, la propiedad uniforme para la adición.</p>
</recuerdaTexto></recuerda><practica>
<enlace
destino="/LoIdRedirect.aspx?LoId=MA_07_06_CO_Recurso300&amp;IdRecurso=RES-BC398B80DD674B87A1BC2AFACC727B2A"
>Practica la solución de ecuaciones</enlace>
</practica></seccion2Texto></seccion2><seccion2
id="S2_MA_07_06_CO_4A3B5570B73D47CA8C825F411BB96688"><?Pub Dtl?>
<seccion2Titulo>Planteamiento y solución de problemas </seccion2Titulo>
<seccion2Texto>
<p>Cuando una situación problema no se puede resolver de forma directa
mediante operaciones con números racionales, se asigna una variable
que permita formular el problema como una ecuación.   </p>
<p>La ecuación que modela un problema debe relacionar los datos que
suministra el problema.   </p>
<p>En los siguientes ejemplos se evidencia el uso de ecuaciones para
solucionar problemas.  </p>
<p><negrita>Problema 1</negrita>. David afirma que la mitad de la
cuarta parte de su peso son 7 kilogramos. ¿Cuánto pesa David?  </p>
<p><negrita>Solución</negrita></p>
<listaSinNumerar>
<listaElemento>Asignar una variable a la pregunta.  <p centrado="si"
><cursiva>p</cursiva> = peso de David</p></listaElemento>
<listaElemento>Escribir una ecuación que relacione los datos según
la información suministrada.<formula alineacion="centrada"
src="FQ_MA_07_06_107.gif"></formula></listaElemento>
<listaElemento>Resolver la ecuación.<formula alineacion="centrada"
src="FQ_MA_07_06_108.gif"></formula><formula alineacion="centrada"
src="FQ_MA_07_06_109.gif"></formula><formula alineacion="centrada"
src="FQ_MA_07_06_110.gif"></formula></listaElemento>
<listaElemento>Responder la pregunta en términos del problema: como
la variable <cursiva>p</cursiva> corresponde al peso de David, entonces
su peso es de 56 kilogramos.</listaElemento>
</listaSinNumerar>
<p><negrita>Problema 2</negrita>. La novena parte de la edad que tenía
un padre hace 5 años equivale a la edad actual del hijo. ¿Cuántos
años tiene el padre si el hijo tiene 4 años?  </p>
<p><negrita>Solución</negrita></p>
<listaSinNumerar>
<listaElemento>Asignar una variable a la pregunta.  <p centrado="si"
><cursiva>x</cursiva> = edad actual del padre</p></listaElemento>
<listaElemento>Escribir una ecuación que relacione los datos según
la información suministrada.<formula alineacion="centrada"
src="FQ_MA_07_06_111.gif"></formula></listaElemento>
<listaElemento>Resolver la ecuación.<formula alineacion="centrada"
src="FQ_MA_07_06_112.gif"></formula><formula alineacion="centrada"
src="FQ_MA_07_06_113.gif"></formula><formula alineacion="centrada"
src="FQ_MA_07_06_114.gif"></formula><formula alineacion="centrada"
src="FQ_MA_07_06_115.gif"></formula><formula alineacion="centrada"
src="FQ_MA_07_06_116.gif"></formula></listaElemento>
<listaElemento>Responder la pregunta en términos del problema.  <p
>La edad del padre es 41 años.</p></listaElemento>
</listaSinNumerar>
<recuerda><recuerdaTexto>
<p>Deben tenerse presentes las unidades que se usan en el problema,
para dar la respuesta en términos de estas. </p>
</recuerdaTexto></recuerda><practica>
<enlace
destino="/LoIdRedirect.aspx?LoId=MA_07_06_CO_Recurso310&amp;IdRecurso=RES-3DA7FC1E4CFC4128BAA1412F68285850"
>Soluciona problemas planteando ecuaciones</enlace>
</practica></seccion2Texto></seccion2><seccion2
id="S2_MA_07_06_CO_4A3B5570B73D47CA8C825F411BB97799"><?Pub Dtl?>
<seccion2Titulo>Consolidación</seccion2Titulo>
<seccion2Texto>
<p>Actividad para afianzar lo que has aprendido en esta sección.</p>
<practica>
<enlace
destino="/LoIdRedirect.aspx?LoId=MA_07_06_CO_Recurso320&amp;IdRecurso=RES-1CF926C151D04A7D974E01ADA8861432"
>Refuerza tu aprendizaje: Las ecuaciones con racionales</enlace>
</practica></seccion2Texto></seccion2></seccion1Texto></seccion1>
<seccion1 id="S1_MA_07_06_CO_B60937F1EC694B0FBF49BD6753EB1A41"><?Pub Dtl?>
<seccion1Titulo>Competencias</seccion1Titulo>
<seccion1Texto><practica>
<enlace
destino="/LoIdRedirect.aspx?LoId=MA_07_06_CO_Recurso330&amp;IdRecurso=RES-F11245F17DA943D6A63E43C0188AA4E4"
>Competencias: aplicación de las operaciones con racionales</enlace>
</practica></seccion1Texto></seccion1><masinformacion
id="MI_MA_07_06_CO_16BECD3A800F4F0BB77D1CF8871C8252"><mapaconceptual>
<enlace
destino="/LoIdRedirect.aspx?LoId=MA_07_06_CO_Recurso350&amp;IdRecurso=RES-18638C05FE1D415C932EBC6EF4916CF0"
>Mapa Conceptual</enlace></mapaconceptual><autoevaluate><enlace
destino="/LoIdRedirect.aspx?LoId=MA_07_06_CO_Recurso360&amp;IdRecurso=RES-16EB1CFB4F8C4075ABCBFFCC87A70234"
>Evaluación</enlace></autoevaluate><enlacesreferencia>
<enlace
destino="http://recursostic.educacion.es/descartes/web/materiales_didacticos/EDAD_2eso_decimales/index_2quincena3.htm"
>Teoría y ejemplos sobre los números decimales y sus operaciones.</enlace>
<enlace
destino="http://recursostic.educacion.es/descartes/web/materiales_didacticos/04decimales/04aoperdec.html"
>Explicación y ejercicios interactivos de adiciones y sustracciones
con decimales.</enlace>
<enlace
destino="http://www.eskola20.org/sd/eso/mat/numeros_decimales/modulos/es/content_1_4.html"
>Pasar números decimales a fracciones: repaso y ejercicios.</enlace>
<enlace
destino="http://recursostic.educacion.es/secundaria/edad/2esomatematicas/2quincena2/index2_2.htm"
>Teoría y ejemplos sobre los números fraccionarios y sus operaciones.</enlace>
<enlace
destino="http://www.educaplus.org/play-93-Suma-de-fracciones.html"
>Actividad interactiva que facilita el reconocimiento del proceso
para sumar números racionales usando el mcm.</enlace>
<enlace destino="http://www.thatquiz.org/es-2/matematicas/potencia/"
>Evaluación interactiva sobre potencias y raíces con números enteros
y números racionales.</enlace>
<enlace
destino="http://www.ejerciciosweb.com/fracciones/problemas-fracciones.html"
>Problemas resueltos con números racionales.</enlace>
</enlacesreferencia></masinformacion></libro>
