﻿<?xml version="1.0" encoding="utf-8"?><motor tipo="5" clase="a" aprid="m5a">
  <plataforma>
    <grado><![CDATA[2]]></grado>
    <titulo>Resuelve problemas con números racionales</titulo>
    <area>0</area>
    <nivel>1</nivel>
    <referencia/>
    <idreg><![CDATA[0]]></idreg>
    <motor><![CDATA[M5A]]></motor>
    <lang>es</lang>
  </plataforma>
  <enunciado><![CDATA[Plantea y resuelve las operaciones para escoger la respuesta a la pregunta que plantea el problema.]]></enunciado>
  <masinfo inicio="0"/>
  <sinaleatoriedad><![CDATA[0]]></sinaleatoriedad>
  <calc><![CDATA[0]]></calc>
  <respuestaunica><![CDATA[1]]></respuestaunica>
  <test cantidad="9">
    <cuestion>
      <enunciado><![CDATA[Si nueve fichas representan una unidad, ¿qué fracción representa todas las fichas que hay en la base de madera con relación a esta unidad?]]></enunciado>
      <explicacion/>
      <imagen><![CDATA[MA_07_06_REC60_IMG01n.png]]></imagen>
      <ampliacion><![CDATA[MA_07_06_REC60_IMG01a.png]]></ampliacion>
      <respuestas>
        <respuesta contestacion="35" correcta="0"/>
        <respuesta contestacion="6" correcta="0"/>
        <respuesta contestacion="35/9" correcta="1"/>
        <respuesta contestacion="6/9" correcta="0"/>
      </respuestas>
    </cuestion>
    <cuestion>
      <enunciado><![CDATA[Un círculo representa una unidad. ¿Cuántas unidades representan todas las partes que  son azules?]]></enunciado>
      <explicacion/>
      <imagen><![CDATA[MA_07_06_REC60_IMG02n.png]]></imagen>
      <ampliacion><![CDATA[MA_07_06_REC60_IMG02a.png]]></ampliacion>
      <respuestas>
        <respuesta contestacion="117/35" correcta="1"/>
        <respuesta contestacion="363/140" correcta="0"/>
        <respuesta contestacion="2" correcta="0"/>
        <respuesta contestacion="23/7" correcta="0"/>
        <respuesta contestacion="82/35" correcta="0"/>
      </respuestas>
    </cuestion>
    <cuestion>
      <enunciado><![CDATA[Seis hermanos van a comprar una casa, los primeros cinco aportan 1/8, 1/7, 3/14, 5/28 y 11/56 del valor total. ¿Qué parte del valor de la casa debe pagar el sexto hermano?]]></enunciado>
      <explicacion/>
      <imagen><![CDATA[MA_07_06_REC60_IMG03n.png]]></imagen>
      <ampliacion><![CDATA[MA_07_06_REC60_IMG03a.png]]></ampliacion>
      <respuestas>
        <respuesta contestacion="La mitad del valor totalr" correcta="0"/>
        <respuesta contestacion="Una séptima parte del valor total" correcta="1"/>
        <respuesta contestacion="Dos tercios  del valor total" correcta="0"/>
        <respuesta contestacion="6/7  del valor total" correcta="0"/>
      </respuestas>
    </cuestion>
    <cuestion>
      <enunciado><![CDATA[Una moto tiene un tanque lleno con 4 galones de gasolina. Si ha usado el equivalente a 8/3 de galón, ¿cuánto combustible le queda en el tanque?]]></enunciado>
      <explicacion/>
      <imagen><![CDATA[MA_07_06_REC60_IMG04n.png]]></imagen>
      <ampliacion><![CDATA[MA_07_06_REC60_IMG04a.png]]></ampliacion>
      <respuestas>
        <respuesta contestacion="1/3 de galón" correcta="0"/>
        <respuesta contestacion="20/3 de galón" correcta="0"/>
        <respuesta contestacion="32/3 de galón" correcta="0"/>
        <respuesta contestacion="4/3 de galón" correcta="1"/>
      </respuestas>
    </cuestion>
    <cuestion>
      <enunciado><![CDATA[Lorena tomó 1/3 de la pizza y Elsa 5/8. La parte que comieron entre las dos es equivalente a dividir la pizza en]]></enunciado>
      <explicacion/>
      <imagen><![CDATA[MA_07_06_REC60_IMG05n.png]]></imagen>
      <ampliacion><![CDATA[MA_07_06_REC60_IMG05a.png]]></ampliacion>
      <respuestas>
        <respuesta contestacion="11 partes y comer seis" correcta="0"/>
        <respuesta contestacion="cuatro partes y comer una" correcta="0"/>
        <respuesta contestacion="24 partes y comer 23/" correcta="1"/>
        <respuesta contestacion="38 partes y comer 15" correcta="0"/>
      </respuestas>
    </cuestion>
    <cuestion>
      <enunciado><![CDATA[El durazno partido equivale a 1/2 y la fracciones más pequeñas equivalen a 1/6 de durazno. ¿Qué fracción representa la cantidad total de durazno en la ilustración?]]></enunciado>
      <explicacion/>
      <imagen><![CDATA[MA_07_06_REC60_IMG06n.png]]></imagen>
      <ampliacion><![CDATA[MA_07_06_REC60_IMG06a.png]]></ampliacion>
      <respuestas>
        <respuesta contestacion="4" correcta="0"/>
        <respuesta contestacion="25/6" correcta="0"/>
        <respuesta contestacion="23/6" correcta="1"/>
        <respuesta contestacion="11/3" correcta="0"/>
      </respuestas>
    </cuestion>
    <cuestion>
      <enunciado><![CDATA[Julio señaló en un círculo que dedica dormir 1/4 de día y a estudiar 2/15, el resto del día lo dedica a trabajar. ¿Qué parte del día dedica a trabajar?]]></enunciado>
      <explicacion/>
      <imagen><![CDATA[MA_07_06_REC60_IMG07n.png]]></imagen>
      <ampliacion><![CDATA[MA_07_06_REC60_IMG07a.png]]></ampliacion>
      <respuestas>
        <respuesta contestacion="1/30" correcta="0"/>
        <respuesta contestacion="3/20" correcta="0"/>
        <respuesta contestacion="8/19" correcta="0"/>
        <respuesta contestacion="37/60" correcta="1"/>
      </respuestas>
    </cuestion>
    <cuestion>
      <enunciado><![CDATA[La temperatura registrada al medio día en cierta ciudad fue 30,04 °C y el mismo día a las 6 pm se registró 14,69 °C. ¿Qué tanto cambió la temperatura en las dos mediciones?]]></enunciado>
      <explicacion/>
      <imagen><![CDATA[MA_07_06_REC60_IMG08n.png]]></imagen>
      <ampliacion><![CDATA[MA_07_06_REC60_IMG08a.png]]></ampliacion>
      <respuestas>
        <respuesta contestacion="16,65 °C" correcta="0"/>
        <respuesta contestacion="15,35 °C" correcta="1"/>
        <respuesta contestacion="44,73 °C" correcta="0"/>
        <respuesta contestacion="24,65 °C" correcta="0"/>
        <respuesta contestacion="24,13 °C" correcta="0"/>
      </respuestas>
    </cuestion>
    <cuestion>
      <enunciado><![CDATA[Ana pesaba 64,2 kg y hoy pesa 58,21 kg, entonces ha bajado]]></enunciado>
      <explicacion/>
      <imagen><![CDATA[MA_07_06_REC60_IMG09n.png]]></imagen>
      <ampliacion><![CDATA[MA_07_06_REC60_IMG09a.png]]></ampliacion>
      <respuestas>
        <respuesta contestacion="5,01 kg" correcta="0"/>
        <respuesta contestacion="5,21 kg" correcta="0"/>
        <respuesta contestacion="5,99 kg" correcta="1"/>
        <respuesta contestacion="5,9 kg" correcta="0"/>
      </respuestas>
    </cuestion>
  </test>
</motor>