<?xml version='1.0' encoding='UTF-8'?><engine copy="Editorial Planeta" version="1" aprid="f13" title="Juega con las expresiones algebraicas" >
<section title="Presentación" path="section0.jpg" pathAmp="section0_big.jpg" image1Text="" zoom1="true" zoom2a="false" zoom2b="false" layout="1" >
<![CDATA[
<p>Antes de realizar la pr&aacute;ctica, vamos a jugar a las adivinanzas. Por ahora, no mires la imagen.</p>

<ol>
	<li>Piensa un n&uacute;mero.</li>
	<li>Adici&oacute;nale 3.</li>
	<li>Multiplica el resultado por 2.</li>
	<li>Adici&oacute;nale 4.</li>
	<li>Divide el resultado entre 2.</li>
	<li>Sustr&aacute;ele el n&uacute;mero que pensaste.</li>
</ol>

<p>Ahora mira la imagen.</p>

<p>&iquest;C&oacute;mo crees que el mago ha adivinado el n&uacute;mero?</p>

<p>&iexcl;Muy f&aacute;cil! Adem&aacute;s de mago... &iexcl;es matem&aacute;tico!</p>

<p><strong>El objetivo de esta pr&aacute;ctica es entender c&oacute;mo el mago ha adivinado el n&uacute;mero, empleando expresiones algebraicas, y aprender a inventarse otros juegos como este.</strong></p>
]]></section>
<section title="Tarea" path="" pathAmp="" image1Text="" zoom1="false" zoom2a="false" zoom2b="false" layout="2" >
<![CDATA[
<p>Para entender este juego hay que dominar el uso de las expresiones algebraicas; para ello, sigue estos pasos:</p>

<p>1. Escribe frases en lenguaje com&uacute;n que describan las siguientes expresiones algebraicas:</p>

<p>a) <em>x </em>+<em> y</em></p>

<p>b) 6<em>x</em></p>

<p>c) <em>x</em><sup>2</sup> + <em>y</em><sup>2</sup></p>

<p>d) 4<em>x</em> + 5</p>

<p>e) <em>x</em>/2</p>

<p>2. Escribe en lenguaje algebraico las siguientes expresiones:</p>

<p>a) El doble de un n&uacute;mero.</p>

<p>b) El triple de un n&uacute;mero menos cinco.</p>

<p>c) El cuadrado de un n&uacute;mero m&aacute;s ocho.</p>

<p>d) La diferencia de los cuadrados de dos n&uacute;meros.</p>

<p>e) La ra&iacute;z cuadrada del qu&iacute;ntuple de un n&uacute;mero.</p>

<p>3. Ahora traduce, uno a uno, los pasos del juego a lenguaje algebraico:</p>

<p>Primero piensa un n&uacute;mero: <em>x</em></p>

<p>Despu&eacute;s, adici&oacute;nale 3: <em>x</em> + 3</p>

<p>A continuaci&oacute;n, multiplica el resultado por 2: __</p>

<p>Luego, adici&oacute;nale 4: __</p>

<p>A continuaci&oacute;n, divide el resultado entre 2: __</p>

<p>Por &uacute;ltimo, sustr&aacute;ele el n&uacute;mero que pensaste: __</p>

<p>4. Para terminar, &iquest;qu&eacute; n&uacute;mero obtuviste en el &uacute;ltimo paso? &iquest;Puedes inventar un juego similar?</p>
]]></section>
</engine>