﻿<?xml version="1.0" encoding="utf-8"?>
<motor tipo="1" clase="a" aprid="m1a">
  <plataforma>
    <grado><![CDATA[2]]></grado>
    <titulo>Identifica el desarrollo del cubo de un binomio</titulo>
    <area>0</area>
    <nivel>2</nivel>
    <referencia />
    <idreg><![CDATA[0]]></idreg>
    <motor><![CDATA[M1A]]></motor>
    <lang>es</lang>
  </plataforma>
  <enunciado><![CDATA[Resuelve por simple inspección cada binomio y relaciónalo con su respectivo resultado.]]></enunciado>
  <masinfo inicio="0" />
  <sinaleatoriedad><![CDATA[0]]></sinaleatoriedad>
  <calc><![CDATA[1]]></calc>
  <textoatexto cantidad="8">
    <cuestion>
      <pregunta><![CDATA[({{cur}}x{{normal}} + 2)³]]></pregunta>
      <respuesta><![CDATA[{{cur}}x{{normal}}³ + 6{{cur}}x{{normal}}² + 12{{cur}}x{{normal}} + 8]]></respuesta>
    </cuestion>
    <cuestion>
      <pregunta><![CDATA[(2{{cur}}x{{normal}} + {{cur}}y{{normal}})³]]></pregunta>
      <respuesta><![CDATA[8{{cur}}x{{normal}}³ + 12{{cur}}x{{normal}}²{{cur}}y{{normal}} + 6{{cur}}xy{{normal}}² + {{cur}}y{{normal}}³]]></respuesta>
    </cuestion>
    <cuestion>
      <pregunta><![CDATA[(2{{cur}}x{{normal}} + 2{{cur}}y{{normal}})³]]></pregunta>
      <respuesta><![CDATA[8{{cur}}x{{normal}}³ + 24{{cur}}x{{normal}}²{{cur}}y{{normal}} + 24{{cur}}xy{{normal}}² + 8{{cur}}y{{normal}}³]]></respuesta>
    </cuestion>
    <cuestion>
      <pregunta><![CDATA[(3{{cur}}x{{normal}} + 2{{cur}}y{{normal}})³]]></pregunta>
      <respuesta><![CDATA[27{{cur}}x{{normal}}³ + 54{{cur}}x{{normal}}²{{cur}}y{{normal}} + 36{{cur}}xy{{normal}}² + 8{{cur}}y{{normal}}³]]></respuesta>
    </cuestion>
    <cuestion>
      <pregunta><![CDATA[({{cur}}x{{normal}} – 2)³]]></pregunta>
      <respuesta><![CDATA[{{cur}}x{{normal}}³ – 6{{cur}}x{{normal}}² + 12{{cur}}x{{normal}} – 8]]></respuesta>
    </cuestion>
    <cuestion>
      <pregunta><![CDATA[(2{{cur}}x{{normal}} – {{cur}}y{{normal}})³]]></pregunta>
      <respuesta><![CDATA[8{{cur}}x{{normal}}³ – 12{{cur}}x{{normal}}²{{cur}}y{{normal}} + 6{{cur}}xy{{normal}}² – {{cur}}y{{normal}}³]]></respuesta>
    </cuestion>
    <cuestion>
      <pregunta><![CDATA[(2{{cur}}x{{normal}} – 2{{cur}}y{{normal}})³]]></pregunta>
      <respuesta><![CDATA[8{{cur}}x{{normal}}³ – 24{{cur}}x{{normal}}²{{cur}}y{{normal}} + 24{{cur}}xy{{normal}}² – 8{{cur}}y{{normal}}³]]></respuesta>
    </cuestion>
    <cuestion>
      <pregunta><![CDATA[(3{{cur}}x{{normal}} – 2{{cur}}y{{normal}})³]]></pregunta>
      <respuesta><![CDATA[27{{cur}}x{{normal}}³ – 54{{cur}}x{{normal}}²{{cur}}y{{normal}} + 36{{cur}}xy{{normal}}² – 8{{cur}}y{{normal}}³]]></respuesta>
    </cuestion>
  </textoatexto>
  <textofalso cantidad="0" />
</motor>