<?xml version="1.0" encoding="utf-8"?><engine copy="Editorial Planeta" version="1" aprid="f1">
<css><![CDATA[.defaultCSSBox2 {
	background: #000000;
}
.defaultCSSBox3 {
	background: #ffffff;
}
.popupbox {
	-webkit-border-radius: 10px;
    -moz-border-radius: 10px;
    border-radius: 10px;
    border:2px solid #000000;
    background-color:#FFFFFF;
}
.tabla01 {
  border-collapse: collapse;
}

.tabla01 td {
  border: 2px solid black;
  padding: 2px;
  text-align: center;
  font-family:verdana,geneva,sans-serif
}]]></css>
<pantallas>
<pantalla id="pantalla_5">
<event id='onPrepare' language='DO'><![CDATA[]]></event>
<event id='onShown' language='DO'><![CDATA[]]></event>
<components>
<component _type='_compSlider' id='diaporama_77' x='0' y='0' width='950' height='608' alpha='1' visible='1' enabled='1' transMode='1' />
<component _type='_compSliderNav' id='slidernav_122' x='45' y='526' width='162' height='37' alpha='1' visible='1' enabled='1' sliderId='diaporama_77' showHome='1' whiteButtons='0' mode='1' />
</components>
<animaciones>
</animaciones>
<slider id="diaporama_77">
<pantalla id="pantalla_11">
<event id='onPrepare' language='DO'><![CDATA[]]></event>
<event id='onShown' language='DO'><![CDATA[]]></event>
<components>
<component _type='_compImage' id='image_15' x='263' y='144' width='424' height='429' alpha='1' visible='1' enabled='1' cssClass='' adjustMode='4' alignMode='0' image='data/imagenes/image_14.jpg' />
<component _type='_compRichText' id='texto_42' x='101' y='57' width='747' height='84' alpha='1' visible='1' enabled='1' scrollable='1' >
<content><![CDATA[<p style="text-align:center"><span style="font-size:30px"><span style="font-family:georgia,serif">La adici&oacute;n y la sustracci&oacute;n de monomios</span></span></p>
]]></content>
</component>
</components>
<animaciones>
</animaciones>
</pantalla>
<pantalla id="pantalla_15">
<event id='onPrepare' language='DO'><![CDATA[]]></event>
<event id='onShown' language='DO'><![CDATA[]]></event>
<components>
<component _type='_compRichText' id='texto_42' x='100' y='57' width='747' height='84' alpha='1' visible='1' enabled='1' scrollable='1' >
<content><![CDATA[<p style="text-align:center"><span style="font-size:23px"><span style="font-family:verdana,geneva,sans-serif">&iquest;Sabr&iacute;as hacer la siguiente adici&oacute;n?</span></span></p>
]]></content>
</component>
<component _type='_compImage' id='image_15' x='546' y='101' width='320' height='420' alpha='1' visible='1' enabled='1' cssClass='' adjustMode='4' alignMode='0' image='data/imagenes/image_33.jpg' />
<component _type='_compRichText' id='aa' x='106' y='122' width='364' height='83' alpha='1' visible='1' enabled='1' scrollable='1' >
<content><![CDATA[<p><span style="font-size:20px"><span style="font-family:verdana,geneva,sans-serif">4<em>x</em><sup>2</sup><em>y</em> + 7<em>x</em><sup>2</sup><em>y</em></span></span></p>
]]></content>
</component>
</components>
<animaciones>
<anim id='Entrada'><![CDATA[{"image_15":[],"image_15.x":[{"time":0,"value":546,"easing":"Linear.EaseNone"}],"image_15.y":[{"time":0,"value":101,"easing":"Linear.EaseNone"}],"image_15.width":[{"time":0,"value":320,"easing":"Linear.EaseNone"}],"image_15.height":[{"time":0,"value":420,"easing":"Linear.EaseNone"}],"image_15.alpha":[{"time":0,"value":0,"easing":"Linear.EaseNone"},{"time":2.0175,"value":0,"easing":"Linear.EaseNone"},{"time":2.9025,"value":1,"easing":"Linear.EaseNone"}],"aa":[],"aa.x":[{"time":0,"value":106,"easing":"Linear.EaseNone"}],"aa.y":[{"time":0,"value":122,"easing":"Linear.EaseNone"}],"aa.width":[{"time":0,"value":364,"easing":"Linear.EaseNone"}],"aa.height":[{"time":0,"value":83,"easing":"Linear.EaseNone"}],"aa.alpha":[{"time":0,"value":0,"easing":"Linear.EaseNone"},{"time":1.0325,"value":0,"easing":"Linear.EaseNone"},{"time":2.0225,"value":1,"easing":"Linear.EaseNone"}]}]]></anim>
</animaciones>
</pantalla>
<pantalla id="pantalla_19">
<event id='onPrepare' language='DO'><![CDATA[]]></event>
<event id='onShown' language='DO'><![CDATA[]]></event>
<components>
<component _type='_compRichText' id='texto_42' x='107' y='117' width='747' height='134' alpha='1' visible='1' enabled='1' scrollable='1' >
<content><![CDATA[<p><span style="font-size:23px"><span style="font-family:verdana,geneva,sans-serif">Para adicionar dos monomios <strong>semejantes</strong>, se adicionan los coeficientes y se deja la misma parte literal.</span></span></p>
]]></content>
</component>
</components>
<animaciones>
</animaciones>
</pantalla>
<pantalla id="pantalla_23">
<event id='onPrepare' language='DO'><![CDATA[]]></event>
<event id='onShown' language='DO'><![CDATA[]]></event>
<components>
<component _type='_compRichText' id='texto_42' x='107' y='117' width='747' height='134' alpha='1' visible='1' enabled='1' scrollable='1' >
<content><![CDATA[<p><span style="font-size:23px"><span style="font-family:verdana,geneva,sans-serif">Para adicionar dos monomios <strong>semejantes</strong>, se adicionan los coeficientes y se deja la misma parte literal.</span></span></p>
]]></content>
</component>
<component _type='_compAnimatedGIF' id='animgif_34' x='101' y='209' width='249' height='316' alpha='1' visible='1' enabled='1' cssClass='' adjustMode='4' alignMode='0' image='data/imagenes/clip0218.gif' anim='data/imagenes/clip0218.gif' autoplay='1' />
</components>
<animaciones>
</animaciones>
</pantalla>
<pantalla id="pantalla_27">
<event id='onPrepare' language='DO'><![CDATA[]]></event>
<event id='onShown' language='DO'><![CDATA[]]></event>
<components>
<component _type='_compRichText' id='texto_42' x='101' y='57' width='747' height='84' alpha='1' visible='1' enabled='1' scrollable='1' >
<content><![CDATA[<p style="text-align:center"><span style="font-size:23px"><span style="font-family:verdana,geneva,sans-serif">&iquest;Sabr&iacute;as hacer la siguiente sustracci&oacute;n?</span></span></p>
]]></content>
</component>
<component _type='_compRichText' id='aa' x='106' y='122' width='364' height='83' alpha='1' visible='1' enabled='1' scrollable='1' >
<content><![CDATA[<p><span style="font-size:20px"><span style="font-family:verdana,geneva,sans-serif">9<em>xy</em><sup>3</sup> &ndash; 3<em>xy</em><sup>3</sup></span></span></p>
]]></content>
</component>
<component _type='_compImage' id='image_15' x='546' y='101' width='320' height='420' alpha='1' visible='1' enabled='1' cssClass='' adjustMode='4' alignMode='0' image='data/imagenes/image_33.jpg' />
</components>
<animaciones>
<anim id='Entrada'><![CDATA[{"aa":[],"aa.x":[{"time":0,"value":106,"easing":"Linear.EaseNone"}],"aa.y":[{"time":0,"value":122,"easing":"Linear.EaseNone"}],"aa.width":[{"time":0,"value":364,"easing":"Linear.EaseNone"}],"aa.height":[{"time":0,"value":83,"easing":"Linear.EaseNone"}],"aa.alpha":[{"time":0,"value":0,"easing":"Linear.EaseNone"},{"time":1.0575,"value":0,"easing":"Linear.EaseNone"},{"time":2.0675,"value":1,"easing":"Linear.EaseNone"}],"image_15":[],"image_15.x":[{"time":0,"value":546,"easing":"Linear.EaseNone"}],"image_15.y":[{"time":0,"value":101,"easing":"Linear.EaseNone"}],"image_15.width":[{"time":0,"value":320,"easing":"Linear.EaseNone"}],"image_15.height":[{"time":0,"value":420,"easing":"Linear.EaseNone"}],"image_15.alpha":[{"time":0,"value":0,"easing":"Linear.EaseNone"},{"time":2.1025,"value":0,"easing":"Linear.EaseNone"},{"time":3.0425,"value":1,"easing":"Linear.EaseNone"}]}]]></anim>
</animaciones>
</pantalla>
<pantalla id="pantalla_31">
<event id='onPrepare' language='DO'><![CDATA[]]></event>
<event id='onShown' language='DO'><![CDATA[]]></event>
<components>
<component _type='_compRichText' id='texto_42' x='107' y='117' width='747' height='134' alpha='1' visible='1' enabled='1' scrollable='1' >
<content><![CDATA[<p><span style="font-size:23px"><span style="font-family:verdana,geneva,sans-serif">Para sustraer dos monomios <strong>semejantes</strong>, se sustraen los coeficientes y se deja la misma parte literal.</span></span></p>
]]></content>
</component>
</components>
<animaciones>
</animaciones>
</pantalla>
<pantalla id="pantalla_35">
<event id='onPrepare' language='DO'><![CDATA[]]></event>
<event id='onShown' language='DO'><![CDATA[]]></event>
<components>
<component _type='_compAnimatedGIF' id='animgif_34' x='101' y='209' width='249' height='316' alpha='1' visible='1' enabled='1' cssClass='' adjustMode='4' alignMode='0' image='data/imagenes/clip0219.gif' anim='data/imagenes/clip0219.gif' autoplay='1' />
<component _type='_compRichText' id='texto_42' x='107' y='117' width='747' height='134' alpha='1' visible='1' enabled='1' scrollable='1' >
<content><![CDATA[<p><span style="font-size:23px"><span style="font-family:verdana,geneva,sans-serif">Para sustraer dos monomios <strong>semejantes</strong>, se sustraen los coeficientes y se deja la misma parte literal.</span></span></p>
]]></content>
</component>
<component _type='_compRoundButton' id='roundbutton_44' x='725' y='523' width='180' height='40' alpha='1' visible='1' enabled='1' cssClass='roundTextButton' group='-1'>
<content><![CDATA[PRACTICA]]></content>
<event id='onClick' language='DO'><![CDATA[popup_open("pantalla_39")]]></event>
</component>
</components>
<animaciones>
</animaciones>
</pantalla>
</slider>
</pantalla>
</pantallas>
<popups>
<pantalla id="pantalla_39">
<event id='onPrepare' language='DO'><![CDATA[]]></event>
<event id='onShown' language='DO'><![CDATA[]]></event>
<components>
<component _type='_compCSSBox' id='fondo_183' x='-1' y='86' width='864' height='608' alpha='1' visible='1' enabled='1' cssClass='defaultCSSBox3' />
<component _type='_compCSSBox' id='fondo_56' x='86' y='0' width='864' height='608' alpha='1' visible='1' enabled='1' cssClass='defaultCSSBox3' />
<component _type='_compRichText' id='texto_42' x='107' y='77' width='747' height='107' alpha='1' visible='1' enabled='1' scrollable='1' >
<content><![CDATA[<p><span style="font-size:23px"><span style="font-family:verdana,geneva,sans-serif">Resuelve las siguientes operaciones:</span></span></p>
]]></content>
</component>
<component _type='_compRichText' id='aa' x='109' y='142' width='364' height='319' alpha='1' visible='1' enabled='1' scrollable='1' >
<content><![CDATA[<p><span style="font-family:verdana,geneva,sans-serif"><span style="font-size:20px">7<em>xy</em> + 4<em>xy</em> =</span></span></p>

<p><span style="font-family:verdana,geneva,sans-serif"><span style="font-size:20px">5<em>x</em><sup>4</sup><em>y</em><sup>2</sup> + <em>x</em><sup>4</sup><em>y</em><sup>2</sup> =</span></span></p>

<p><span style="font-family:verdana,geneva,sans-serif"><span style="font-size:20px">6<em>x</em><sup>4</sup> &ndash; <em>x</em><sup>4</sup> =</span></span></p>

<p><span style="font-family:verdana,geneva,sans-serif"><span style="font-size:20px">10<em>xyz</em> &ndash; 2<em>xyz</em> =</span></span></p>
]]></content>
</component>
<component _type='_compIconButton' id='iconbutton_40' x='868' y='45' width='37' height='37' alpha='1' visible='1' enabled='1' cssClass='iconCloseButton' group='-1'><event id='onClick' language='DO'><![CDATA[popup_close()]]></event>
</component>
<component _type='_compRoundButton' id='roundbutton_44' x='725' y='523' width='180' height='40' alpha='1' visible='1' enabled='1' cssClass='roundTextButton' group='-1'>
<content><![CDATA[SOLUCIÓN]]></content>
<event id='onClick' language='DO'><![CDATA[popup_open("pantalla_43")]]></event>
</component>
</components>
<animaciones>
</animaciones>
</pantalla>
<pantalla id="pantalla_43">
<event id='onPrepare' language='DO'><![CDATA[]]></event>
<event id='onShown' language='DO'><![CDATA[]]></event>
<components>
<component _type='_compCSSBox' id='fondo_184' x='1' y='84' width='867' height='608' alpha='1' visible='1' enabled='1' cssClass='defaultCSSBox3' />
<component _type='_compCSSBox' id='fondo_56' x='84' y='1' width='867' height='608' alpha='1' visible='1' enabled='1' cssClass='defaultCSSBox3' />
<component _type='_compIconButton' id='iconbutton_40' x='868' y='45' width='37' height='37' alpha='1' visible='1' enabled='1' cssClass='iconCloseButton' group='-1'><event id='onClick' language='DO'><![CDATA[do (
       popup_close(),
       popup_close(),
       popup_close()
   )]]></event>
</component>
<component _type='_compIconButton' id='iconbutton_180' x='111' y='526' width='37' height='37' alpha='1' visible='1' enabled='1' cssClass='iconPrevButton' group='-1'><event id='onClick' language='DO'><![CDATA[popup_close()]]></event>
</component>
<component _type='_compRichText' id='aa' x='109' y='142' width='364' height='319' alpha='1' visible='1' enabled='1' scrollable='1' >
<content><![CDATA[<p><span style="font-family:verdana,geneva,sans-serif"><span style="font-size:20px">7<em>xy</em> + 4<em>xy</em> = <span style="color:#ff6600"><strong>11<em>xy</em></strong></span></span></span></p>

<p><span style="font-family:verdana,geneva,sans-serif"><span style="font-size:20px">5<em>x</em><sup>4</sup><em>y</em><sup>2</sup> + <em>x</em><sup>4</sup><em>y</em><sup>2</sup> = <span style="color:#ff6600"><strong>6<em>x</em><sup>4</sup><em>y</em><sup>2</sup></strong></span></span></span></p>

<p><span style="font-family:verdana,geneva,sans-serif"><span style="font-size:20px">6<em>x</em><sup>4</sup> &ndash; <em>x</em><sup>4</sup> = <span style="color:#ff6600"><strong>5<em>x</em><sup>4</sup></strong></span></span></span></p>

<p><span style="font-family:verdana,geneva,sans-serif"><span style="font-size:20px">10<em>xyz</em> &ndash; 2<em>xyz</em> = <span style="color:#ff6600"><strong>8<em>xyz</em></strong></span></span></span></p>
]]></content>
</component>
</components>
<animaciones>
</animaciones>
</pantalla>
</popups>
</engine>