﻿<?xml version="1.0" encoding="utf-8"?>
<motor tipo="1" clase="c" aprid="m1c">
  <plataforma>
    <grado><![CDATA[2]]></grado>
    <titulo>La adición y la sustracción de polinomios</titulo>
    <area>0</area>
    <nivel>2</nivel>
    <referencia />
    <idreg><![CDATA[0]]></idreg>
    <motor><![CDATA[M1C]]></motor>
    <lang>es</lang>
  </plataforma>
  <enunciado><![CDATA[Une cada adición o sustracción de polinomios con su respectivo resultado.]]></enunciado>
  <masinfo inicio="0"><![CDATA[Recuerda que al adicionar o sustraer polinomios se operan los terminos semejantes.]]></masinfo>
  <sinaleatoriedad><![CDATA[0]]></sinaleatoriedad>
  <calc><![CDATA[0]]></calc>
  <textoatexto cantidad="6">
    <cuestion>
      <pregunta><![CDATA[(3{{cur}}x{{normal}}³ + {{cur}}xy{{normal}} – 2{{cur}}x{{normal}}² ) + (2  {{cur}}x{{normal}}³ –  {{cur}}xy{{normal}})]]></pregunta>
      <respuesta><![CDATA[2{{cur}}x{{normal}}³  – 2{{cur}}x{{normal}}² + 2]]></respuesta>
    </cuestion>
    <cuestion>
      <pregunta><![CDATA[(4 – {{cur}}x{{normal}}³ + {{cur}}x{{normal}} + 4{{cur}}x{{normal}}²) – (3 – {{cur}}x{{normal}} –  {{cur}}x{{normal}}³ + {{cur}}x{{normal}}²)]]></pregunta>
      <respuesta><![CDATA[3{{cur}}x{{normal}}² + 2{{cur}}x{{normal}} + 1]]></respuesta>
    </cuestion>
    <cuestion>
      <pregunta><![CDATA[(3{{cur}}x{{normal}}³ + 3{{cur}}x{{normal}}² + 3) + (2{{cur}}x{{normal}}² – 5{{cur}}x{{normal}}³ – 2)]]></pregunta>
      <respuesta><![CDATA[2{{cur}}x{{normal}}³ + 5{{cur}}x{{normal}}² + 1]]></respuesta>
    </cuestion>
    <cuestion>
      <pregunta><![CDATA[(5{{cur}}x{{normal}}² + 3{{cur}}xy{{normal}} –  2{{cur}}y{{normal}}²) + (3{{cur}}x{{normal}}² –  6{{cur}}xy{{normal}} + {{cur}}y{{normal}}²) – (2{{cur}}x{{normal}}² + 3{{cur}}xy{{normal}} – {{cur}}y{{normal}}²)]]></pregunta>
      <respuesta><![CDATA[6{{cur}}x{{normal}}² – 6{{cur}}xy{{normal}}]]></respuesta>
    </cuestion>
    <cuestion>
      <pregunta><![CDATA[(7{{cur}}x{{normal}}² – 3{{cur}}y{{normal}}²) –  ({{cur}}xy{{normal}} –  {{cur}}x{{normal}}² + {{cur}}y{{normal}}²)]]></pregunta>
      <respuesta><![CDATA[8{{cur}}x{{normal}}² – {{cur}}xy{{normal}} –  4{{cur}}y{{normal}}²]]></respuesta>
    </cuestion>
    <cuestion>
      <pregunta><![CDATA[(14{{cur}}y{{normal}}² – 12{{cur}}y{{normal}} –  2{{cur}}x{{normal}}) + ({{cur}}x{{normal}} + 6{{cur}}y{{normal}} – 6{{cur}}y{{normal}}²) –  ({{cur}}y{{normal}}² + {{cur}}x{{normal}} –  6{{cur}}y{{normal}})]]></pregunta>
      <respuesta><![CDATA[6{{cur}}y{{normal}}²]]></respuesta>
    </cuestion>
  </textoatexto>
  <textofalso cantidad="0" />
  <temps>25</temps>
</motor>