﻿<?xml version="1.0" encoding="utf-8"?>
<motor tipo="7" clase="a" aprid="m7a">
  <plataforma>
    <grado><![CDATA[2]]></grado>
    <titulo>Convierte fracciones a números mixtos</titulo>
    <area>0</area>
    <nivel>2</nivel>
    <referencia />
    <idreg><![CDATA[0]]></idreg>
    <motor><![CDATA[M7A]]></motor>
    <lang>es</lang>
  </plataforma>
  <enunciado><![CDATA[Este ejercicio es de selección múltiple con única respuesta. ]]></enunciado>
  <masinfo inicio="0" />
  <sinaleatoriedad><![CDATA[0]]></sinaleatoriedad>
  <calc><![CDATA[0]]></calc>
  <respuestaunica><![CDATA[1]]></respuestaunica>
  <test cantidad="10">
    <cuestion>
      <enunciado><![CDATA[Selecciona el número mixto que representa la fracción impropia propuesta. ]]></enunciado>
      <imagen><![CDATA[MA_06_05_CO_REC100_IMG01n.png]]></imagen>
      <ampliacion><![CDATA[MA_06_05_CO_REC100_IMG01a.png]]></ampliacion>
      <respuestas>
        <respuesta ruta="MA_06_05_CO_REC100_IMG02.png" ampliacion="" correcta="1" />
        <respuesta ruta="MA_06_05_CO_REC100_IMG03.png" ampliacion="" correcta="0" />
        <respuesta ruta="MA_06_05_CO_REC100_IMG04.png" ampliacion="" correcta="0" />
        <respuesta ruta="MA_06_05_CO_REC100_IMG05.png" ampliacion="" correcta="0" />
      </respuestas>
    </cuestion>
    <cuestion>
      <enunciado><![CDATA[Selecciona el número mixto que representa la fracción impropia propuesta. ]]></enunciado>
      <imagen><![CDATA[MA_06_05_CO_REC100_IMG06n.png]]></imagen>
      <ampliacion><![CDATA[MA_06_05_CO_REC100_IMG06a.png]]></ampliacion>
      <respuestas>
        <respuesta ruta="MA_06_05_CO_REC100_IMG07.png" ampliacion="" correcta="1" />
        <respuesta ruta="MA_06_05_CO_REC100_IMG08.png" ampliacion="" correcta="0" />
        <respuesta ruta="MA_06_05_CO_REC100_IMG09.png" ampliacion="" correcta="0" />
        <respuesta ruta="MA_06_05_CO_REC100_IMG10.png" ampliacion="" correcta="0" />
      </respuestas>
    </cuestion>
    <cuestion>
      <enunciado><![CDATA[Selecciona el número mixto que representa la fracción impropia propuesta. ]]></enunciado>
      <imagen><![CDATA[MA_06_05_CO_REC100_IMG11n.png]]></imagen>
      <ampliacion><![CDATA[MA_06_05_CO_REC100_IMG11a.png]]></ampliacion>
      <respuestas>
        <respuesta ruta="MA_06_05_CO_REC100_IMG12.png" ampliacion="" correcta="1" />
        <respuesta ruta="MA_06_05_CO_REC100_IMG13.png" ampliacion="" correcta="0" />
        <respuesta ruta="MA_06_05_CO_REC100_IMG14.png" ampliacion="" correcta="0" />
        <respuesta ruta="MA_06_05_CO_REC100_IMG15.png" ampliacion="" correcta="0" />
      </respuestas>
    </cuestion>
    <cuestion>
      <enunciado><![CDATA[Selecciona el número mixto que representa la fracción impropia propuesta. ]]></enunciado>
      <imagen><![CDATA[MA_06_05_CO_REC100_IMG16n.png]]></imagen>
      <ampliacion><![CDATA[MA_06_05_CO_REC100_IMG16a.png]]></ampliacion>
      <respuestas>
        <respuesta ruta="MA_06_05_CO_REC100_IMG17.png" ampliacion="" correcta="1" />
        <respuesta ruta="MA_06_05_CO_REC100_IMG18.png" ampliacion="" correcta="0" />
        <respuesta ruta="MA_06_05_CO_REC100_IMG19.png" ampliacion="" correcta="0" />
        <respuesta ruta="MA_06_05_CO_REC100_IMG20.png" ampliacion="" correcta="0" />
      </respuestas>
    </cuestion>
    <cuestion>
      <enunciado><![CDATA[Selecciona el número mixto que representa la fracción impropia propuesta. ]]></enunciado>
      <imagen><![CDATA[MA_06_05_CO_REC100_IMG21n.png]]></imagen>
      <ampliacion><![CDATA[MA_06_05_CO_REC100_IMG21a.png]]></ampliacion>
      <respuestas>
        <respuesta ruta="MA_06_05_CO_REC100_IMG22.png" ampliacion="" correcta="1" />
        <respuesta ruta="MA_06_05_CO_REC100_IMG23.png" ampliacion="" correcta="0" />
        <respuesta ruta="MA_06_05_CO_REC100_IMG24.png" ampliacion="" correcta="0" />
        <respuesta ruta="MA_06_05_CO_REC100_IMG25.png" ampliacion="" correcta="0" />
      </respuestas>
    </cuestion>
    <cuestion>
      <enunciado><![CDATA[Selecciona el número mixto que representa la fracción impropia propuesta. ]]></enunciado>
      <imagen><![CDATA[MA_06_05_CO_REC100_IMG26n.png]]></imagen>
      <ampliacion><![CDATA[MA_06_05_CO_REC100_IMG26a.png]]></ampliacion>
      <respuestas>
        <respuesta ruta="MA_06_05_CO_REC100_IMG27.png" ampliacion="" correcta="1" />
        <respuesta ruta="MA_06_05_CO_REC100_IMG28.png" ampliacion="" correcta="0" />
        <respuesta ruta="MA_06_05_CO_REC100_IMG29.png" ampliacion="" correcta="0" />
        <respuesta ruta="MA_06_05_CO_REC100_IMG30.png" ampliacion="" correcta="0" />
      </respuestas>
    </cuestion>
    <cuestion>
      <enunciado><![CDATA[Selecciona el número mixto que representa la fracción impropia propuesta. ]]></enunciado>
      <imagen><![CDATA[MA_06_05_CO_REC100_IMG31n.png]]></imagen>
      <ampliacion><![CDATA[MA_06_05_CO_REC100_IMG31a.png]]></ampliacion>
      <respuestas>
        <respuesta ruta="MA_06_05_CO_REC100_IMG32.png" ampliacion="" correcta="1" />
        <respuesta ruta="MA_06_05_CO_REC100_IMG33.png" ampliacion="" correcta="0" />
        <respuesta ruta="MA_06_05_CO_REC100_IMG34.png" ampliacion="" correcta="0" />
        <respuesta ruta="MA_06_05_CO_REC100_IMG35.png" ampliacion="" correcta="0" />
      </respuestas>
    </cuestion>
    <cuestion>
      <enunciado><![CDATA[Selecciona el número mixto que representa la fracción impropia propuesta. ]]></enunciado>
      <imagen><![CDATA[MA_06_05_CO_REC100_IMG36n.png]]></imagen>
      <ampliacion><![CDATA[MA_06_05_CO_REC100_IMG36a.png]]></ampliacion>
      <respuestas>
        <respuesta ruta="MA_06_05_CO_REC100_IMG37.png" ampliacion="" correcta="1" />
        <respuesta ruta="MA_06_05_CO_REC100_IMG38.png" ampliacion="" correcta="0" />
        <respuesta ruta="MA_06_05_CO_REC100_IMG39.png" ampliacion="" correcta="0" />
        <respuesta ruta="MA_06_05_CO_REC100_IMG40.png" ampliacion="" correcta="0" />
      </respuestas>
    </cuestion>
    <cuestion>
      <enunciado><![CDATA[Selecciona el número mixto que representa la fracción impropia propuesta. ]]></enunciado>
      <imagen><![CDATA[MA_06_05_CO_REC100_IMG41n.png]]></imagen>
      <ampliacion><![CDATA[MA_06_05_CO_REC100_IMG41a.png]]></ampliacion>
      <respuestas>
        <respuesta ruta="MA_06_05_CO_REC100_IMG42.png" ampliacion="" correcta="1" />
        <respuesta ruta="MA_06_05_CO_REC100_IMG43.png" ampliacion="" correcta="0" />
        <respuesta ruta="MA_06_05_CO_REC100_IMG44.png" ampliacion="" correcta="0" />
        <respuesta ruta="MA_06_05_CO_REC100_IMG45.png" ampliacion="" correcta="0" />
      </respuestas>
    </cuestion>
    <cuestion>
      <enunciado><![CDATA[Selecciona el número mixto que representa la fracción impropia propuesta. ]]></enunciado>
      <imagen><![CDATA[MA_06_05_CO_REC100_IMG46n.png]]></imagen>
      <ampliacion><![CDATA[MA_06_05_CO_REC100_IMG46a.png]]></ampliacion>
      <respuestas>
        <respuesta ruta="MA_06_05_CO_REC100_IMG47.png" ampliacion="" correcta="1" />
        <respuesta ruta="MA_06_05_CO_REC100_IMG48.png" ampliacion="" correcta="0" />
        <respuesta ruta="MA_06_05_CO_REC100_IMG49.png" ampliacion="" correcta="0" />
        <respuesta ruta="MA_06_05_CO_REC100_IMG50.png" ampliacion="" correcta="0" />
      </respuestas>
    </cuestion>
  </test>
  <temps>20</temps>
</motor>