﻿<?xml version="1.0" encoding="utf-8"?><motor tipo="101" clase="a" aprid="m101a">
  <plataforma>
    <grado>2</grado>
    <titulo>Refuerza tu aprendizaje: La simplificación de expresiones trigonométricas</titulo>
    <volumen/>
    <nivel>2</nivel>
    <referencia/>
    <motor/>
    <lang>es</lang>
  </plataforma>
  <enunciado><![CDATA[Realiza la siguiente actividad. Cuando termines, haz clic en Enviar. Si es necesario, entrega las respuestas a mano o envíalas por e-mail a tu profesor para que pueda validarlas.]]></enunciado>
  <masinfo inicio="1"/>
  <calc><![CDATA[0]]></calc>
  <preguntas cantidad="10">
    <pregunta>
      <enunciado><![CDATA[Escribe un ejemplo en el que presentes la demostración de una identidad trigonométrica de las que se mencionan a continuación:]]></enunciado>
      <explicacion/>
      <nivel><![CDATA[2]]></nivel>
      <tipo/>
      <imagen/>
      <ampliacion/>
      <texto><![CDATA[•	Por similitud con alguna fórmula.•	Pasar a senos y a cosenos.•	Binomios conjugados.]]></texto>
    </pregunta>
    <pregunta>
      <enunciado><![CDATA[Indica cuáles identidades son verdaderas y cuáles falsas verificando la igualdad con el ángulo {{cur}}x{{normal}} = 60⁰. ]]></enunciado>
      <explicacion/>
      <nivel><![CDATA[2]]></nivel>
      <tipo/>
      <imagen/>
      <ampliacion/>
      <texto><![CDATA[a. sen(20⁰ + {{cur}}x{{normal}}) = sen20⁰ cos{{cur}}x{{normal}} + cos20⁰ sen{{cur}}x{{normal}}  b. sen2{{cur}}x{{normal}} = sen{{cur}}x{{normal}} cos{{cur}}x{{normal}} c. cos2{{cur}}x{{normal}} = cos²{{cur}}x{{normal}} – sen²{{cur}}x{{normal}}  ]]></texto>
    </pregunta>
    <pregunta>
      <enunciado><![CDATA[¿Cómo expresarías cos {{cur}}θ{{normal}} en términos de sen {{cur}}θ{{normal}}? ]]></enunciado>
      <explicacion/>
      <nivel><![CDATA[1]]></nivel>
      <tipo/>
      <imagen/>
      <ampliacion/>
      <texto><![CDATA[Como sugerencia analiza la siguiente identidad:sen²{{cur}}θ{{normal}} + cos²{{cur}}θ{{normal}} = 1.]]></texto>
    </pregunta>
    <pregunta>
      <enunciado><![CDATA[¿Cómo expresarías sen {{cur}}θ{{normal}} en términos de cos {{cur}}θ{{normal}}? ]]></enunciado>
      <explicacion/>
      <nivel><![CDATA[1]]></nivel>
      <tipo/>
      <imagen/>
      <ampliacion/>
      <texto><![CDATA[Como sugerencia analiza la siguiente identidad:sen²{{cur}}θ{{normal}} + cos²{{cur}}θ{{normal}} = 1.]]></texto>
    </pregunta>
    <pregunta>
      <enunciado><![CDATA[¿Cómo expresarías cos {{cur}}θ{{normal}} en términos de tan {{cur}}θ{{normal}}? ]]></enunciado>
      <explicacion/>
      <nivel><![CDATA[2]]></nivel>
      <tipo/>
      <imagen/>
      <ampliacion/>
      <texto><![CDATA[Sugerencia: analiza las identidades:•	sec²{{cur}}θ{{normal}} = 1 + tan²{{cur}}θ{{normal}}•	sec{{cur}}θ{{normal}} = 1 / cos{{cur}}θ{{normal}}]]></texto>
    </pregunta>
    <pregunta>
      <enunciado><![CDATA[Demuestra la siguiente identidad.]]></enunciado>
      <explicacion/>
      <nivel><![CDATA[3]]></nivel>
      <tipo/>
      <imagen><![CDATA[MA_10_04_CO_REC130_IMG01n.png]]></imagen>
      <ampliacion/>
      <texto/>
    </pregunta>
    <pregunta>
      <enunciado><![CDATA[Demuestra la siguiente identidad.]]></enunciado>
      <explicacion/>
      <nivel><![CDATA[3]]></nivel>
      <tipo/>
      <imagen><![CDATA[MA_10_04_CO_REC130_IMG02n.png]]></imagen>
      <ampliacion/>
      <texto/>
    </pregunta>
    <pregunta>
      <enunciado><![CDATA[Demuestra la siguiente identidad.]]></enunciado>
      <explicacion/>
      <nivel><![CDATA[3]]></nivel>
      <tipo/>
      <imagen><![CDATA[MA_10_04_CO_REC130_IMG03n.png]]></imagen>
      <ampliacion/>
      <texto/>
    </pregunta>
    <pregunta>
      <enunciado><![CDATA[Demuestra la siguiente identidad.]]></enunciado>
      <explicacion/>
      <nivel><![CDATA[3]]></nivel>
      <tipo/>
      <imagen><![CDATA[MA_10_04_CO_REC130_IMG04n.png]]></imagen>
      <ampliacion/>
      <texto/>
    </pregunta>
    <pregunta>
      <enunciado><![CDATA[Demuestra la siguiente identidad.]]></enunciado>
      <explicacion/>
      <nivel><![CDATA[3]]></nivel>
      <tipo/>
      <imagen><![CDATA[MA_10_04_CO_REC130_IMG05n.png]]></imagen>
      <ampliacion/>
      <texto/>
    </pregunta>
  </preguntas>
</motor>