﻿<?xml version="1.0" encoding="utf-8"?><motor tipo="5" clase="a" aprid="m5a">
  <plataforma>
    <grado><![CDATA[2]]></grado>
    <titulo>Simplifica la expresión trigonométrica</titulo>
    <area>0</area>
    <nivel>2</nivel>
    <referencia/>
    <idreg><![CDATA[0]]></idreg>
    <motor><![CDATA[M5A]]></motor>
    <lang>es</lang>
  </plataforma>
  <enunciado><![CDATA[Simplifica cada expresión trigonométrica.]]></enunciado>
  <masinfo inicio="1"><![CDATA[Recuerda usar las identidades trigonométricas básicas.]]></masinfo>
  <sinaleatoriedad><![CDATA[0]]></sinaleatoriedad>
  <calc><![CDATA[0]]></calc>
  <respuestaunica><![CDATA[1]]></respuestaunica>
  <test cantidad="10">
    <cuestion>
      <enunciado><![CDATA[Al simplificar la expresión se obtiene:]]></enunciado>
      <explicacion/>
      <imagen><![CDATA[MA_10_04_CO_REC80_IMG01n.png]]></imagen>
      <ampliacion/>
      <respuestas>
        <respuesta contestacion="sec{{sup}}2{{normal}} θ{{normal}}" correcta="0"/>
        <respuesta contestacion="cos{{sup}}2{{normal}} θ{{normal}}" correcta="0"/>
        <respuesta contestacion="1" correcta="1"/>
        <respuesta contestacion="sec θ{{normal}}" correcta="0"/>
      </respuestas>
    </cuestion>
    <cuestion>
      <enunciado><![CDATA[Al simplificar la expresión se obtiene:]]></enunciado>
      <explicacion/>
      <imagen><![CDATA[MA_10_04_CO_REC80_IMG02n.png]]></imagen>
      <ampliacion/>
      <respuestas>
        <respuesta contestacion="1" correcta="1"/>
        <respuesta contestacion="sec{{sup}}2{{normal}} θ{{normal}}" correcta="0"/>
        <respuesta contestacion="tan{{sup}}2{{normal}} θ{{normal}}" correcta="0"/>
        <respuesta contestacion="sec θ{{normal}}" correcta="0"/>
      </respuestas>
    </cuestion>
    <cuestion>
      <enunciado><![CDATA[Al simplificar la expresión se obtiene:]]></enunciado>
      <explicacion/>
      <imagen><![CDATA[MA_10_04_CO_REC80_IMG03n.png]]></imagen>
      <ampliacion/>
      <respuestas>
        <respuesta contestacion="tan θ " correcta="0"/>
        <respuesta contestacion="tan{{sup}}2{{normal}} θ{{normal}}" correcta="0"/>
        <respuesta contestacion="cot{{sup}}2{{normal}} θ{{normal}}" correcta="0"/>
        <respuesta contestacion="cot θ " correcta="1"/>
      </respuestas>
    </cuestion>
    <cuestion>
      <enunciado><![CDATA[Al simplificar la expresión se obtiene:]]></enunciado>
      <explicacion/>
      <imagen><![CDATA[MA_10_04_CO_REC80_IMG04n.png]]></imagen>
      <ampliacion/>
      <respuestas>
        <respuesta contestacion="cos θ{{normal}} " correcta="0"/>
        <respuesta contestacion="1" correcta="0"/>
        <respuesta contestacion="sen{{sup}}2{{normal}} θ{{normal}}" correcta="0"/>
        <respuesta contestacion="sen θ" correcta="1"/>
      </respuestas>
    </cuestion>
    <cuestion>
      <enunciado><![CDATA[Al simplificar la expresión se obtiene:]]></enunciado>
      <explicacion/>
      <imagen><![CDATA[MA_10_04_CO_REC80_IMG05n.png]]></imagen>
      <ampliacion/>
      <respuestas>
        <respuesta contestacion="cos{{sup}}2{{normal}} θ{{normal}} " correcta="0"/>
        <respuesta contestacion="sec θ" correcta="0"/>
        <respuesta contestacion="sec{{sup}}2{{normal}} θ{{normal}} " correcta="1"/>
        <respuesta contestacion="1" correcta="0"/>
      </respuestas>
    </cuestion>
    <cuestion>
      <enunciado><![CDATA[Al simplificar la expresión se obtiene:]]></enunciado>
      <explicacion/>
      <imagen><![CDATA[MA_10_04_CO_REC80_IMG06n.png]]></imagen>
      <ampliacion/>
      <respuestas>
        <respuesta contestacion="cot θ{{normal}}" correcta="1"/>
        <respuesta contestacion="tan θ{{normal}}" correcta="0"/>
        <respuesta contestacion="cot{{sup}}2{{normal}} θ{{normal}} " correcta="0"/>
        <respuesta contestacion="tan{{sup}}2{{normal}} θ{{normal}} " correcta="0"/>
      </respuestas>
    </cuestion>
    <cuestion>
      <enunciado><![CDATA[Al simplificar la expresión se obtiene:]]></enunciado>
      <explicacion/>
      <imagen><![CDATA[MA_10_04_CO_REC80_IMG07n.png]]></imagen>
      <ampliacion/>
      <respuestas>
        <respuesta contestacion="1" correcta="0"/>
        <respuesta contestacion="sec θ{{normal}}" correcta="0"/>
        <respuesta contestacion="csc{{sup}}2{{normal}} θ{{normal}} " correcta="0"/>
        <respuesta contestacion="sec{{sup}}2{{normal}} θ{{normal}} " correcta="1"/>
      </respuestas>
    </cuestion>
    <cuestion>
      <enunciado><![CDATA[Al simplificar la expresión se obtiene:]]></enunciado>
      <explicacion/>
      <imagen><![CDATA[MA_10_04_CO_REC80_IMG08n.png]]></imagen>
      <ampliacion/>
      <respuestas>
        <respuesta contestacion="tan{{sup}}2{{normal}} θ{{normal}} " correcta="0"/>
        <respuesta contestacion="cos{{sup}}2{{normal}} θ{{normal}} " correcta="0"/>
        <respuesta contestacion="csc{{sup}}2{{normal}} θ{{normal}} " correcta="1"/>
        <respuesta contestacion="sec{{sup}}2{{normal}} θ{{normal}} " correcta="0"/>
      </respuestas>
    </cuestion>
    <cuestion>
      <enunciado><![CDATA[Al simplificar la expresión se obtiene:]]></enunciado>
      <explicacion/>
      <imagen><![CDATA[MA_10_04_CO_REC80_IMG09n.png]]></imagen>
      <ampliacion/>
      <respuestas>
        <respuesta contestacion="sen{{sup}}2{{normal}} θ{{normal}} " correcta="1"/>
        <respuesta contestacion="cos{{sup}}2{{normal}} θ{{normal}}" correcta="0"/>
        <respuesta contestacion="tan{{sup}}2{{normal}} θ{{normal}} " correcta="0"/>
        <respuesta contestacion="1" correcta="0"/>
      </respuestas>
    </cuestion>
    <cuestion>
      <enunciado><![CDATA[Al simplificar la expresión se obtiene:]]></enunciado>
      <explicacion/>
      <imagen><![CDATA[MA_10_04_CO_REC80_IMG10n.png]]></imagen>
      <ampliacion/>
      <respuestas>
        <respuesta contestacion="1" correcta="1"/>
        <respuesta contestacion="csc{{sup}}2{{normal}} θ{{normal}} + cot{{sup}}2{{normal}} θ{{normal}}" correcta="0"/>
        <respuesta contestacion="tan{{sup}}2{{normal}} θ{{normal}} " correcta="0"/>
        <respuesta contestacion="csc θ{{normal}} + cot θ{{normal}}" correcta="0"/>
      </respuestas>
    </cuestion>
  </test>
</motor>