﻿<?xml version="1.0" encoding="utf-8"?><motor tipo="7" clase="a" aprid="m7a">
  <plataforma>
    <grado><![CDATA[2]]></grado>
    <titulo>Transforma productos en sumas o sumas en productos</titulo>
    <area>0</area>
    <nivel>3</nivel>
    <referencia/>
    <idreg><![CDATA[0]]></idreg>
    <motor><![CDATA[M7A]]></motor>
    <lang>es</lang>
  </plataforma>
  <enunciado><![CDATA[Selecciona la expresión que corresponde según cada situación.]]></enunciado>
  <masinfo inicio="1"><![CDATA[Aplica las identidades de transformación de productos en sumas o diferencias y de sumas o diferencias en productos.]]></masinfo>
  <sinaleatoriedad><![CDATA[0]]></sinaleatoriedad>
  <calc><![CDATA[0]]></calc>
  <respuestaunica><![CDATA[1]]></respuestaunica>
  <test cantidad="10">
    <cuestion>
      <enunciado><![CDATA[¿Cuál es la expresión equivalente a la suma de la imagen? Amplía la imagen para ver las opciones de respuesta.]]></enunciado>
      <imagen><![CDATA[MA_10_04_CO_REC120_IMG01n.png]]></imagen>
      <ampliacion><![CDATA[MA_10_04_CO_REC120_IMG01a.png]]></ampliacion>
      <respuestas>
        <respuesta ruta="MA_10_04_CO_REC120_IMG02.png" ampliacion="" correcta="1"/>
        <respuesta ruta="MA_10_04_CO_REC120_IMG03.png" ampliacion="" correcta="0"/>
        <respuesta ruta="MA_10_04_CO_REC120_IMG04.png" ampliacion="" correcta="0"/>
        <respuesta ruta="MA_10_04_CO_REC120_IMG05.png" ampliacion="" correcta="0"/>
      </respuestas>
    </cuestion>
    <cuestion>
      <enunciado><![CDATA[Selecciona la opción que es equivalente a la expresión dada.]]></enunciado>
      <imagen><![CDATA[MA_10_04_CO_REC120_IMG06n.png]]></imagen>
      <ampliacion/>
      <respuestas>
        <respuesta ruta="MA_10_04_CO_REC120_IMG07.png" ampliacion="" correcta="0"/>
        <respuesta ruta="MA_10_04_CO_REC120_IMG08.png" ampliacion="" correcta="0"/>
        <respuesta ruta="MA_10_04_CO_REC120_IMG09.png" ampliacion="" correcta="0"/>
        <respuesta ruta="MA_10_04_CO_REC120_IMG10.png" ampliacion="" correcta="1"/>
      </respuestas>
    </cuestion>
    <cuestion>
      <enunciado><![CDATA[¿Cuál es la expresión equivalente a la suma de la imagen? Amplía la imagen para ver las opciones de respuesta.]]></enunciado>
      <imagen><![CDATA[MA_10_04_CO_REC120_IMG11n.png]]></imagen>
      <ampliacion><![CDATA[MA_10_04_CO_REC120_IMG11a.png]]></ampliacion>
      <respuestas>
        <respuesta ruta="MA_10_04_CO_REC120_IMG12.png" ampliacion="" correcta="0"/>
        <respuesta ruta="MA_10_04_CO_REC120_IMG13.png" ampliacion="" correcta="0"/>
        <respuesta ruta="MA_10_04_CO_REC120_IMG14.png" ampliacion="" correcta="1"/>
        <respuesta ruta="MA_10_04_CO_REC120_IMG15.png" ampliacion="" correcta="0"/>
      </respuestas>
    </cuestion>
    <cuestion>
      <enunciado><![CDATA[Selecciona la opción que es equivalente a la expresión dada.]]></enunciado>
      <imagen><![CDATA[MA_10_04_CO_REC120_IMG16n.png]]></imagen>
      <ampliacion/>
      <respuestas>
        <respuesta ruta="MA_10_04_CO_REC120_IMG17.png" ampliacion="" correcta="0"/>
        <respuesta ruta="MA_10_04_CO_REC120_IMG18.png" ampliacion="" correcta="1"/>
        <respuesta ruta="MA_10_04_CO_REC120_IMG19.png" ampliacion="" correcta="0"/>
        <respuesta ruta="MA_10_04_CO_REC120_IMG20.png" ampliacion="" correcta="0"/>
      </respuestas>
    </cuestion>
    <cuestion>
      <enunciado><![CDATA[Selecciona la opción que es equivalente a la expresión dada.]]></enunciado>
      <imagen><![CDATA[MA_10_04_CO_REC120_IMG21n.png]]></imagen>
      <ampliacion/>
      <respuestas>
        <respuesta ruta="MA_10_04_CO_REC120_IMG22.png" ampliacion="" correcta="1"/>
        <respuesta ruta="MA_10_04_CO_REC120_IMG23.png" ampliacion="" correcta="0"/>
        <respuesta ruta="MA_10_04_CO_REC120_IMG24.png" ampliacion="" correcta="0"/>
        <respuesta ruta="MA_10_04_CO_REC120_IMG25.png" ampliacion="" correcta="0"/>
      </respuestas>
    </cuestion>
    <cuestion>
      <enunciado><![CDATA[Expresa la diferencia dada en la imagen como un producto.]]></enunciado>
      <imagen><![CDATA[MA_10_04_CO_REC120_IMG26n.png]]></imagen>
      <ampliacion/>
      <respuestas>
        <respuesta ruta="MA_10_04_CO_REC120_IMG27.png" ampliacion="" correcta="0"/>
        <respuesta ruta="MA_10_04_CO_REC120_IMG28.png" ampliacion="" correcta="0"/>
        <respuesta ruta="MA_10_04_CO_REC120_IMG29.png" ampliacion="" correcta="1"/>
        <respuesta ruta="MA_10_04_CO_REC120_IMG30.png" ampliacion="" correcta="0"/>
      </respuestas>
    </cuestion>
    <cuestion>
      <enunciado><![CDATA[Selecciona la opción que es equivalente a la expresión dada. Amplía la imagen para ver las opciones de respuesta.]]></enunciado>
      <imagen><![CDATA[MA_10_04_CO_REC120_IMG31n.png]]></imagen>
      <ampliacion><![CDATA[MA_10_04_CO_REC120_IMG31a.png]]></ampliacion>
      <respuestas>
        <respuesta ruta="MA_10_04_CO_REC120_IMG32.png" ampliacion="" correcta="0"/>
        <respuesta ruta="MA_10_04_CO_REC120_IMG33.png" ampliacion="" correcta="0"/>
        <respuesta ruta="MA_10_04_CO_REC120_IMG34.png" ampliacion="" correcta="0"/>
        <respuesta ruta="MA_10_04_CO_REC120_IMG35.png" ampliacion="" correcta="1"/>
      </respuestas>
    </cuestion>
    <cuestion>
      <enunciado><![CDATA[Selecciona la expresión equivalente al producto de la imagen.]]></enunciado>
      <imagen><![CDATA[MA_10_04_CO_REC120_IMG36n.png]]></imagen>
      <ampliacion/>
      <respuestas>
        <respuesta ruta="MA_10_04_CO_REC120_IMG37.png" ampliacion="" correcta="0"/>
        <respuesta ruta="MA_10_04_CO_REC120_IMG38.png" ampliacion="" correcta="0"/>
        <respuesta ruta="MA_10_04_CO_REC120_IMG39.png" ampliacion="" correcta="0"/>
        <respuesta ruta="MA_10_04_CO_REC120_IMG40.png" ampliacion="" correcta="1"/>
      </respuestas>
    </cuestion>
    <cuestion>
      <enunciado><![CDATA[Selecciona la opción que es equivalente a la expresión dada. Amplía la imagen para ver las opciones de respuesta.]]></enunciado>
      <imagen><![CDATA[MA_10_04_CO_REC120_IMG41n.png]]></imagen>
      <ampliacion><![CDATA[MA_10_04_CO_REC120_IMG41a.png]]></ampliacion>
      <respuestas>
        <respuesta ruta="MA_10_04_CO_REC120_IMG42.png" ampliacion="" correcta="0"/>
        <respuesta ruta="MA_10_04_CO_REC120_IMG43.png" ampliacion="" correcta="1"/>
        <respuesta ruta="MA_10_04_CO_REC120_IMG44.png" ampliacion="" correcta="0"/>
        <respuesta ruta="MA_10_04_CO_REC120_IMG45.png" ampliacion="" correcta="0"/>
      </respuestas>
    </cuestion>
    <cuestion>
      <enunciado><![CDATA[Expresa la diferencia dada en la imagen como un producto.]]></enunciado>
      <imagen><![CDATA[MA_10_04_CO_REC120_IMG46n.png]]></imagen>
      <ampliacion/>
      <respuestas>
        <respuesta ruta="MA_10_04_CO_REC120_IMG47.png" ampliacion="" correcta="0"/>
        <respuesta ruta="MA_10_04_CO_REC120_IMG48.png" ampliacion="" correcta="0"/>
        <respuesta ruta="MA_10_04_CO_REC120_IMG49.png" ampliacion="" correcta="1"/>
        <respuesta ruta="MA_10_04_CO_REC120_IMG50.png" ampliacion="" correcta="0"/>
      </respuestas>
    </cuestion>
  </test>
</motor>