﻿<?xml version="1.0" encoding="utf-8"?><motor tipo="5" clase="a" aprid="m5a">
  <plataforma>
    <grado><![CDATA[2]]></grado>
    <titulo>Evaluación</titulo>
    <area>0</area>
    <nivel>3</nivel>
    <referencia/>
    <idreg><![CDATA[0]]></idreg>
    <motor><![CDATA[M5A]]></motor>
    <lang>es</lang>
  </plataforma>
  <enunciado><![CDATA[Lee con atención las situaciones planteadas. Luego, selecciona la respuesta correcta.]]></enunciado>
  <masinfo inicio="0"/>
  <sinaleatoriedad><![CDATA[0]]></sinaleatoriedad>
  <calc><![CDATA[0]]></calc>
  <respuestaunica><![CDATA[1]]></respuestaunica>
  <test cantidad="10">
    <cuestion>
      <enunciado><![CDATA[En el proceso desarrollado en la simplificación, ¿en qué pasos se encuentra el error?]]></enunciado>
      <explicacion/>
      <imagen><![CDATA[MA_10_04_CO_REC300_IMG01n.png]]></imagen>
      <ampliacion><![CDATA[MA_10_04_CO_REC300_IMG01a.png]]></ampliacion>
      <respuestas>
        <respuesta contestacion="Pasos 3 y 4." correcta="1"/>
        <respuesta contestacion="Pasos 2 y 3." correcta="0"/>
        <respuesta contestacion="Pasos 4 y 5." correcta="0"/>
        <respuesta contestacion="Pasos 1 y 4." correcta="0"/>
      </respuestas>
    </cuestion>
    <cuestion>
      <enunciado><![CDATA[¿Cuál de las siguientes expresiones completa la igualdad de la imagen de manera que sea una identidad?]]></enunciado>
      <explicacion/>
      <imagen><![CDATA[MA_10_04_CO_REC300_IMG02n.png]]></imagen>
      <ampliacion/>
      <respuestas>
        <respuesta contestacion="sen² {{cur}}x" correcta="0"/>
        <respuesta contestacion="cos² {{cur}}x" correcta="1"/>
        <respuesta contestacion="tan² {{cur}}x" correcta="0"/>
        <respuesta contestacion="cot² {{cur}}x" correcta="0"/>
      </respuestas>
    </cuestion>
    <cuestion>
      <enunciado><![CDATA[¿Cuál es la solución de la ecuación de la imagen en el intervalo [0, 360]?]]></enunciado>
      <explicacion/>
      <imagen><![CDATA[MA_10_04_CO_REC300_IMG03n.png]]></imagen>
      <ampliacion/>
      <respuestas>
        <respuesta contestacion="60,31° y 120,31°" correcta="0"/>
        <respuesta contestacion="45,26° y 180,15°" correcta="0"/>
        <respuesta contestacion="23,41° y 203,41°" correcta="1"/>
        <respuesta contestacion="54,12° y 274,12°" correcta="0"/>
      </respuestas>
    </cuestion>
    <cuestion>
      <enunciado><![CDATA[¿Cuál es la solución de la ecuación de la imagen en el intervalo [0, 2π]?]]></enunciado>
      <explicacion/>
      <imagen><![CDATA[MA_10_04_CO_REC300_IMG04n.png]]></imagen>
      <ampliacion/>
      <respuestas>
        <respuesta contestacion="4π/5 y 2π/5" correcta="0"/>
        <respuesta contestacion="π/2 y 2π/3" correcta="0"/>
        <respuesta contestacion="3π/2 y 4π/2" correcta="0"/>
        <respuesta contestacion="π/4 y 5π/4" correcta="1"/>
      </respuestas>
    </cuestion>
    <cuestion>
      <enunciado><![CDATA[¿Cuál es la expresión que completa la igualdad de la imagen para que sea una identidad?]]></enunciado>
      <explicacion/>
      <imagen><![CDATA[MA_10_04_CO_REC300_IMG05n.png]]></imagen>
      <ampliacion/>
      <respuestas>
        <respuesta contestacion="sec {{cur}}x{{normal}} csc {{cur}}x" correcta="1"/>
        <respuesta contestacion="tan {{cur}}x{{normal}} sec {{cur}}x" correcta="0"/>
        <respuesta contestacion="sen {{cur}}x{{normal}} cos {{cur}}x" correcta="0"/>
        <respuesta contestacion="cot {{cur}}x{{normal}} csc {{cur}}x" correcta="0"/>
      </respuestas>
    </cuestion>
    <cuestion>
      <enunciado><![CDATA[¿Cuál es la solución de la ecuación de la imagen en el intervalo [0, 2π]?]]></enunciado>
      <explicacion/>
      <imagen><![CDATA[MA_10_04_CO_REC300_IMG06n.png]]></imagen>
      <ampliacion/>
      <respuestas>
        <respuesta contestacion="2π/4 y 3π/4" correcta="0"/>
        <respuesta contestacion="π/3 y 5π/3" correcta="1"/>
        <respuesta contestacion="4π/5 y 6π/5" correcta="0"/>
        <respuesta contestacion="π/4 y 2π/4" correcta="0"/>
      </respuestas>
    </cuestion>
    <cuestion>
      <enunciado><![CDATA[Desde un edificio una persona observa con un ángulo de depresión de 15° la base del edificio y con 40° de inclinación la terraza. ¿Cuál es la altura del edificio?]]></enunciado>
      <explicacion/>
      <imagen><![CDATA[MA_10_04_CO_REC300_IMG07n.png]]></imagen>
      <ampliacion><![CDATA[MA_10_04_CO_REC300_IMG07a.png]]></ampliacion>
      <respuestas>
        <respuesta contestacion="24,5 metros." correcta="0"/>
        <respuesta contestacion="32,3 metros." correcta="0"/>
        <respuesta contestacion="28,9 metros." correcta="1"/>
        <respuesta contestacion="19,3 metros." correcta="0"/>
      </respuestas>
    </cuestion>
    <cuestion>
      <enunciado><![CDATA[En una excursión a México, un antropólogo se encuentra a 20 metros de la base de una pirámide. ¿Cuál es la distancia entre él y el vértice {{cur}}B{{normal}} de la pirámide?]]></enunciado>
      <explicacion/>
      <imagen><![CDATA[MA_10_04_CO_REC300_IMG08n.png]]></imagen>
      <ampliacion/>
      <respuestas>
        <respuesta contestacion="72,35 m" correcta="0"/>
        <respuesta contestacion="105,32 m" correcta="0"/>
        <respuesta contestacion="98,45 m" correcta="0"/>
        <respuesta contestacion="85,32 m" correcta="1"/>
      </respuestas>
    </cuestion>
    <cuestion>
      <enunciado><![CDATA[Según la imagen, con la ayuda del GPS se ubican 3 puntos en un terreno y las distancias entre ellos. ¿Cuál es el área entre los puntos {{cur}}ABC{{normal}}?]]></enunciado>
      <explicacion/>
      <imagen><![CDATA[MA_10_04_CO_REC300_IMG09n.png]]></imagen>
      <ampliacion/>
      <respuestas>
        <respuesta contestacion="752,3 m²" correcta="1"/>
        <respuesta contestacion="845,6 m²" correcta="0"/>
        <respuesta contestacion="936,4 m²" correcta="0"/>
        <respuesta contestacion="634,5 m²" correcta="0"/>
      </respuestas>
    </cuestion>
    <cuestion>
      <enunciado><![CDATA[Teniendo en cuenta que el valor de cos {{cur}}x{{normal}} = 3/5 y que el lado final de {{cur}}x{{normal}} está en el cuadrante IV, ¿cuál es el valor de la expresión de la imagen?]]></enunciado>
      <explicacion/>
      <imagen><![CDATA[MA_10_04_CO_REC300_IMG10n.png]]></imagen>
      <ampliacion/>
      <respuestas>
        <respuesta contestacion="2/3" correcta="0"/>
        <respuesta contestacion="–1/2" correcta="1"/>
        <respuesta contestacion="1/5" correcta="0"/>
        <respuesta contestacion="–3/4" correcta="0"/>
      </respuestas>
    </cuestion>
  </test>
</motor>