<?xml version='1.0' encoding='UTF-8'?><motor tipo="101" clase="ap" aprid="m101ap">
  <plataforma>
    <grado>2</grado>
    <titulo>Banco de actividades</titulo>
    <volumen/>
    <nivel><![CDATA[1]]></nivel>
    <referencia/>
    <motor/>
    <lang>es</lang>
  </plataforma>
  <enunciado><![CDATA[El siguiente recurso contiene una serie de preguntas que permiten repasar lo visto en la unidad.]]></enunciado>
  <masinfo inicio="0"/>
  <calc><![CDATA[0]]></calc>
  <preguntas cantidad="11">
    <pregunta>
      <enunciado><![CDATA[Escribe con exponente fraccionario la expresión ∛(-27)⁵. Simplifica dicha expresión.]]></enunciado>
      <explicacion/>
      <nivel><![CDATA[1]]></nivel>
      <tipo/>
      <imagen/>
      <ampliacion/>
      <texto/>
    </pregunta>
    <pregunta>
      <enunciado><![CDATA[Simplifica la siguiente expresión. Justifica cada paso empleando las propiedades vistas.]]></enunciado>
      <explicacion/>
      <nivel><![CDATA[1]]></nivel>
      <tipo/>
      <imagen><![CDATA[p2.jpg]]></imagen>
      <ampliacion/>
      <texto/>
    </pregunta>
    <pregunta>
      <enunciado><![CDATA[Justifica las propiedades de la radicación: distributiva sobre el producto, distributiva sobre el cociente y raíz de raíz por medio del uso del exponente fraccionario y de las propiedades de la potenciación.]]></enunciado>
      <explicacion/>
      <nivel><![CDATA[3]]></nivel>
      <tipo/>
      <imagen/>
      <ampliacion/>
      <texto/>
    </pregunta>
    <pregunta>
      <enunciado><![CDATA[La estrella más cercana al Sol se denomina Centauri, y está alejada de él unos 40 000 000 000 000 de kilómetros. ¿A qué distancia (en kilómetros) se encuentra esta estrella del Sol utilizando notación científica? Escribe el procedimiento y justifica cada paso.]]></enunciado>
      <explicacion/>
      <nivel><![CDATA[1]]></nivel>
      <tipo/>
      <imagen/>
      <ampliacion/>
      <texto/>
    </pregunta>
    <pregunta>
      <enunciado><![CDATA[¿Cuál es la condición que deben cumplir las variables en la siguiente expresión? Justifica tu respuesta utilizando las propiedades de la radicación.]]></enunciado>
      <explicacion/>
      <nivel><![CDATA[2]]></nivel>
      <tipo/>
      <imagen><![CDATA[p5.jpg]]></imagen>
      <ampliacion/>
      <texto/>
    </pregunta>
    <pregunta>
      <enunciado><![CDATA[Simplifica la siguiente expresión. Justifica cada uno de tus pasos mencionando la propiedad de la potenciación o de la radicación que empleas.]]></enunciado>
      <explicacion/>
      <nivel><![CDATA[2]]></nivel>
      <tipo/>
      <imagen><![CDATA[p6.jpg]]></imagen>
      <ampliacion/>
      <texto/>
    </pregunta>
    <pregunta>
      <enunciado><![CDATA[Racionaliza el denominador de la expresión:]]></enunciado>
      <explicacion/>
      <nivel><![CDATA[2]]></nivel>
      <tipo/>
      <imagen><![CDATA[p7.jpg]]></imagen>
      <ampliacion/>
      <texto/>
    </pregunta>
    <pregunta>
      <enunciado><![CDATA[¿Cuál es el resultado de la siguiente expresión? Utiliza notación científica y leyes de los exponentes. No olvides mencionar las propiedades que empleas en cada paso.]]></enunciado>
      <explicacion/>
      <nivel><![CDATA[1]]></nivel>
      <tipo/>
      <imagen><![CDATA[p8.jpg]]></imagen>
      <ampliacion/>
      <texto/>
    </pregunta>
    <pregunta>
      <enunciado><![CDATA[Consulta algunas cantidades que sean muy grandes o muy pequeñas en la vida real y escríbelas en notación científica. Justifica cada uno de tus procedimientos.]]></enunciado>
      <explicacion/>
      <nivel><![CDATA[1]]></nivel>
      <tipo/>
      <imagen/>
      <ampliacion/>
      <texto/>
    </pregunta>
    <pregunta>
      <enunciado><![CDATA[¿Es la potenciación asociativa? Para responder a esta pregunta verifica si la expresión dada a continuación es verdadera o falsa. Si es verdadera, justifícala mediante las propiedades vistas, de lo contrario, ubica un contraejemplo. Formula una conclusión.]]></enunciado>
      <explicacion/>
      <nivel><![CDATA[3]]></nivel>
      <tipo/>
      <imagen><![CDATA[p11.jpg]]></imagen>
      <ampliacion/>
      <texto/>
    </pregunta>
    <pregunta>
      <enunciado><![CDATA[Simplifica la siguiente expresión y justifica cada uno de los pasos:]]></enunciado>
      <explicacion/>
      <nivel><![CDATA[2]]></nivel>
      <tipo/>
      <imagen><![CDATA[p10.jpg]]></imagen>
      <ampliacion/>
      <texto/>
    </pregunta>
  </preguntas>
  <temps>20</temps>
</motor>