﻿<?xml version="1.0" encoding="UTF-8"?>
<?xml-stylesheet href="cuadernoestudio/dtd/libro.xslt" type="text/xsl"?>
<!--Arbortext, Inc., 1988-2015, v.4002-->
<!DOCTYPE libro SYSTEM "cuadernoestudio/dtd/libro.dtd">
<libro id="MA_09_02_CO">
<libroTitulo>La potenciación y la radicación de números reales</libroTitulo>
<seccion1 id="S1_MA_09_02_CO_1E3C51F021BB4931AAA913DD971D4906">
<seccion1Titulo>La potenciación de números reales  </seccion1Titulo>
<seccion1Texto>
<p><negrita>La potenciación</negrita> es una operación binaria en
la cual intervienen tres elementos, la base <cursiva>a</cursiva>,
el <negrita>exponente</negrita> <cursiva>b</cursiva> y la <negrita
>potencia</negrita> <cursiva>c</cursiva>, que se relacionan como <cursiva
>ab</cursiva> = <cursiva>c</cursiva>. Por ejemplo en las expresiones:</p>
<listaSinNumerar>
<listaElemento>(-2)3 = (-2) · (-2) · (-2) = -8;   -2 es la base, 3
el exponente y -8 la potencia o resultado.</listaElemento>
</listaSinNumerar>
<listaSinNumerar>
<listaElemento><formula src="MA_09_02_004.gif"></formula>-1/4 es la
base, 4 el exponente y 1/625 la potencia o resultado.</listaElemento>
</listaSinNumerar>
<p>En matemáticas se utiliza el <cursiva>punto centrado</cursiva> (·)
para representar el <cursiva>signo por</cursiva> (×) de la multiplicación.</p>
<imagen ampliable="no" src="MA_09_02_CO_IMG01_small.png">
<p>Geométricamente el volumen <cursiva>V</cursiva> de un cubo de arista
igual a 3 unidades lineales, se calcula como <cursiva>V</cursiva> =
3<superindice>3</superindice> = 27. </p>
<p> El cubo Rubik es un cubo de volumen igual a 27 unidades cúbicas. </p>
</imagen>
<profundiza>
<enlace
destino="/LoIdRedirect.aspx?LoId=MA_09_02_CO_Recurso010&amp;IdRecurso=RES-AD484FB22CFB4476B41A141A2963F341"
>Exponentes y propiedades</enlace>
</profundiza><seccion2
id="S2_MA_09_02_CO_EA3A551BFFB344C6A1D36FCB74791D51">
<seccion2Titulo>Las potencias con exponentes números enteros </seccion2Titulo>
<seccion2Texto>
<p>En la potenciación de números reales con <negrita>exponentes enteros</negrita
>, se presentan dos casos: cuando el exponente es un <negrita>entero
positivo</negrita> y cuando es un <negrita>entero negativo</negrita
>.</p>
<seccion3 id="S3_MA_09_02_CO_EA3A551BFFB344C6A1D36FCB7479DD55">
<seccion3Titulo>Las potencias con exponente número entero positivo</seccion3Titulo>
<seccion3Texto>
<p>En la potenciación, cuando el exponente es un entero positivo,
se interpreta como multiplicar la base el número de veces que indique
el exponente.  Sean<cursiva> a</cursiva>, <cursiva>c</cursiva> números
reales y <cursiva>b</cursiva> un número entero positivo, entonces,</p>
<formula alineacion="centrada" src="MA_09_02_005.gif"></formula>
<p>Por ejemplo,</p>
<formula alineacion="centrada" src="MA_09_02_006.gif"></formula>
<recuerda><recuerdaTexto>
<p>Para todo número real <cursiva>a</cursiva>, <cursiva>a</cursiva
> ≠ 0, <cursiva>a</cursiva><superindice>0</superindice> = 1. </p>
<p>Todo número real diferente de cero, con exponente cero es igual
a 1.  </p>
<p>Para todo número entero positivo <cursiva>a</cursiva>, 0<superindice
>a</superindice> = 0.  </p>
<p>El cero elevado a un exponente positivo es igual a cero.</p>
</recuerdaTexto></recuerda></seccion3Texto></seccion3><seccion3
id="S3_MA_09_02_CO_EA3A551BFFB344C6A1D36FCB7479EE66">
<seccion3Titulo>Las potencias con exponente número entero negativo</seccion3Titulo>
<seccion3Texto>
<p>En la potenciación cuando el exponente es un número entero negativo,
se puede interpretar como multiplicar <cursiva>n</cursiva> veces el
inverso multiplicativo de la base.  Sean<cursiva> a</cursiva> un número
real, <cursiva>a</cursiva> ≠    0 y <cursiva>n</cursiva> un entero
negativo, entonces,</p>
<formula alineacion="centrada" src="MA_09_02_011.gif"></formula>
<p>Son ejemplos,</p>
<formula alineacion="izquierda" src="MA_09_02_012.gif"></formula>
<formula alineacion="izquierda" src="MA_09_02_013.gif"></formula>
<formula alineacion="izquierda" src="MA_09_02_014.gif"></formula>
<p>Una situación que requiere de la potenciación para su solución
es la siguiente.</p>
<p>Una fábrica de camisetas trabaja con 8 máquinas de bordado; cada
máquina borda 8 camisetas por minuto y cada camiseta tiene un bordado
con 8 diseños diferentes.</p>
<listaSinNumerar>
<listaElemento>¿Cuántas camisetas bordan las 8 máquinas durante 8
minutos?<p>Cada máquina borda 8 camisetas por minuto, entonces las
8 máquinas durante 8 minutos bordarán 512 camisetas ya que:</p><p
centrado="si">(8) · (8) · (8) = 83 = <negrita>512</negrita></p></listaElemento>
<listaElemento>¿Cuántos diseños diferentes confeccionan las 8 máquinas
durante 8 minutos, en las camisetas?<p>Como las 8 máquinas bordan
512 camisetas durante 8 minutos, entonces confeccionarán 4096 diseños
diferentes, ya que:</p><p centrado="si">(8) · (8) · (8) · (8) · =
8<superindice>4</superindice> = 4096</p></listaElemento>
</listaSinNumerar>
<recuerda><recuerdaTexto>
<p>Los números reales cumplen la propiedad del inverso multiplicativo.
Para todo número real <cursiva>a</cursiva>, <cursiva>a</cursiva> ≠
 0, existe el número real <cursiva>a</cursiva><superindice>-1</superindice
>, tal que <cursiva>a</cursiva> · <cursiva>a</cursiva><superindice
>-1</superindice> = 1.</p>
</recuerdaTexto></recuerda></seccion3Texto></seccion3></seccion2Texto>
</seccion2><seccion2
id="S2_MA_09_02_CO_080A69F70EB4484D91A0D5DE212F073B">
<seccion2Titulo>Las potencias con exponente número fraccionario positivo </seccion2Titulo>
<seccion2Texto>
<p>Un número real con exponente número racional positivo en forma
de fracción, se puede expresar como un radical.    </p>
<p>Sean a un número real, <cursiva>b</cursiva> un número entero positivo
y <cursiva>c</cursiva> un número natural mayor e igual que 2, entonces,
 </p>
<formula alineacion="centrada" src="MA_09_02_021.gif"></formula>
<p>Por ejemplo,</p>
<formula alineacion="centrada" src="MA_09_02_022.gif"></formula>
</seccion2Texto></seccion2><seccion2
id="S2_MA_09_02_CO_EA3A551BFFB344C6A1D36FCB74791155">
<seccion2Titulo>Las potencias con exponente número fraccionario negativo </seccion2Titulo>
<seccion2Texto>
<p>Un número real con exponente fraccionario negativo, se puede expresar
como el inverso multiplicativo del número real con exponente fraccionario
positivo. </p>
<formula alineacion="centrada" src="MA_09_02_023.gif"></formula>
<p>Es un ejemplo,</p>
<formula alineacion="centrada" src="MA_09_02_024.gif"></formula>
<practica>
<enlace
destino="/LoIdRedirect.aspx?LoId=MA_09_02_CO_Recurso020&amp;IdRecurso=RES-6709385639804CB08843C77B69D9204B"
>Potencias de bases iguales</enlace>
<enlace
destino="/LoIdRedirect.aspx?LoId=MA_09_02_CO_Recurso030&amp;IdRecurso=RES-1F2401E10EFE4602AC83DBDD97D6BA6E"
>Practica la potenciación de números reales</enlace>
<enlace
destino="/LoIdRedirect.aspx?LoId=MA_09_02_CO_Recurso050&amp;IdRecurso=RES-B189AA3FB4D54E02AEAAB0A12E79BAD7"
>Practica las potencias de base racional y exponente entero</enlace>
</practica><profundiza>
<enlace
destino="/LoIdRedirect.aspx?LoId=MA_09_02_CO_Recurso060&amp;IdRecurso=RES-6400F9EF404A45B1A3B4C256180E16A2"
>Las potencias de exponente fraccionario y su equivalencia</enlace>
</profundiza></seccion2Texto></seccion2><seccion2
id="S2_MA_09_02_CO_6DCBC7B9CC244D2AADCBEA4A6FFE50BE">
<seccion2Titulo>Las potencias de exponente fraccionario</seccion2Titulo>
<seccion2Texto>
<p>Las propiedades de la potenciación de números reales se cumplen
tanto para exponentes números enteros, como para exponentes números
fraccionarios.   </p>
<p>Estas propiedades se aplican para simplificar expresiones numéricas
o algebraicas; y son:</p>
<seccion3 id="S3_MA_09_02_CO_EA3A551BFFB344C6A1D36FCB74796699">
<seccion3Titulo>La multiplicación de números reales con potencias
de igual base</seccion3Titulo>
<seccion3Texto>
<p>Al multiplicar potencias con la misma base, se obtiene la misma
base con exponente igual a la suma de los exponentes de las potencias
dadas como factores.   </p>
<p>Si <cursiva>a</cursiva> es un número real, <cursiva>b</cursiva
>  y <cursiva>c</cursiva> números racionales,  entonces,   </p>
<p centrado="si"><cursiva>a<superindice>b</superindice></cursiva> · <cursiva
>a<superindice>c</superindice></cursiva> = <cursiva>a</cursiva><superindice
><cursiva>b +c</cursiva></superindice>  </p>
<p>Son ejemplos,</p>
<listaSinNumerar>
<listaElemento>3<superindice>2</superindice> · 3<superindice>4</superindice
> = 3<superindice>2 + 4</superindice></listaElemento>
<listaElemento><formula src="MA_09_02_052.gif"></formula></listaElemento>
</listaSinNumerar>
</seccion3Texto></seccion3><seccion3
id="S3_MA_09_02_CO_EA3A551BFFB344C6A1D36FCB74797700">
<seccion3Titulo>La potencia de una potencia de un número real</seccion3Titulo>
<seccion3Texto>
<p>En la potencia de una potencia se deja la misma base y su exponente
es el producto de los exponentes.  </p>
<p>Si <cursiva>a</cursiva> es un número real, <cursiva>b</cursiva
>  y <cursiva>c</cursiva> números racionales,  entonces,   </p>
<p centrado="si">(<cursiva>a</cursiva><cursiva><superindice>b</superindice
></cursiva>)<cursiva><superindice>c</superindice></cursiva> = <cursiva
>a</cursiva><cursiva><superindice>b · c</superindice></cursiva>  </p>
<p>Por ejemplo,</p>
<listaSinNumerar>
<listaElemento>(3<superindice>2</superindice>)<superindice></superindice
>4 = 3<superindice>2· 4</superindice> = 3<superindice>8</superindice
></listaElemento>
<listaElemento><formula src="MA_09_02_057.gif"></formula></listaElemento>
</listaSinNumerar>
</seccion3Texto></seccion3><seccion3
id="S3_MA_09_02_CO_EA3A551BFFB344C6A1D36FCB74798811">
<seccion3Titulo>La potencia de un producto de números reales</seccion3Titulo>
<seccion3Texto>
<p>La potencia de un producto es igual al producto de las potencias
con el mismo exponente.  </p>
<p>Sean <cursiva>a</cursiva>, <cursiva>b</cursiva> números reales
y <cursiva>c</cursiva> un número racional, entonces,  </p>
<p centrado="si">(<cursiva>a</cursiva> · <cursiva>b</cursiva>)<superindice
><cursiva>c</cursiva></superindice> = <cursiva>a</cursiva><cursiva
><superindice>b</superindice></cursiva> · <cursiva>b</cursiva><cursiva
><superindice>c</superindice> </cursiva></p>
<p>Por ejemplo,</p>
<listaSinNumerar>
<listaElemento>(2 · 5)<superindice>3</superindice> = 2<superindice
>3</superindice> · 5<superindice>3</superindice></listaElemento>
<listaElemento>(<cursiva>a</cursiva> · <cursiva>b</cursiva>)<superindice
>1/4</superindice> =<cursiva> a</cursiva><superindice>1/4 </superindice
>· <cursiva>b</cursiva><superindice>1/4</superindice></listaElemento>
</listaSinNumerar>
</seccion3Texto></seccion3><seccion3
id="S3_MA_09_02_CO_EA3A551BFFB344C6A1D36FCB74799922">
<seccion3Titulo>La división de potencias de números reales con igual
base</seccion3Titulo>
<seccion3Texto>
<p>Al dividir potencias con la misma base, se obtiene la misma base
con exponente igual a la diferencia de los exponentes de las potencias
dadas como dividendo y divisor.</p>
<p>Si <cursiva>a</cursiva> es un número real, <cursiva>a</cursiva
> ≠ 0 y <cursiva>b</cursiva>, un número racional, entonces,<cursiva
> a</cursiva><cursiva><superindice>b</superindice></cursiva> ÷ <cursiva
>a</cursiva><cursiva><superindice>c</superindice></cursiva> es igual <cursiva
>a</cursiva>,</p>
<formula alineacion="centrada" src="MA_09_02_065.gif"></formula>
<p>Son ejemplos,</p>
<formula alineacion="izquierda" src="MA_09_02_066.gif"></formula>
<formula alineacion="izquierda" src="MA_09_02_067.gif"></formula>
</seccion3Texto></seccion3><seccion3
id="S3_MA_09_02_CO_EA3A551BFFB344C6A1D36FCB74790033">
<seccion3Titulo>La potencia de un número real con exponente 0</seccion3Titulo>
<seccion3Texto>
<p>Cualquier número diferente de cero, con exponente 0 es igual a
uno.  </p>
<p>Si <cursiva>a</cursiva> es un número real, <cursiva>a</cursiva
> ≠ 0 y <cursiva>b</cursiva>, un número racional, entonces, <cursiva
>a</cursiva><cursiva><superindice>b</superindice></cursiva> ÷ <cursiva
>a</cursiva><cursiva><superindice>b</superindice></cursiva> es igual
a,</p>
<formula alineacion="centrada" src="MA_09_02_070.gif"></formula>
<p>Por ejemplo, 8<superindice>0</superindice> = 1.</p>
</seccion3Texto></seccion3><seccion3
id="S3_MA_09_02_CO_EA3A551BFFB344C6A1D36FCB74791144">
<seccion3Titulo>La potencia de un número real con exponente 1</seccion3Titulo>
<seccion3Texto>
<p>Cualquier número diferente de cero, con exponente 1 es igual al
mismo número.  </p>
<p>Si <cursiva>a</cursiva> es un número real, <cursiva>a</cursiva
> ≠ 0 entonces <cursiva>a</cursiva><superindice>1</superindice> = <cursiva
>a</cursiva>. Un ejemplo es, 18<superindice>1</superindice> = 18.</p>
</seccion3Texto></seccion3><seccion3
id="S3_MA_09_02_CO_EA3A551BFFB344C6A1D36FCB74792255">
<seccion3Titulo>La potencia de una fracción</seccion3Titulo>
<seccion3Texto>
<p>La potencia de una fracción como cociente es igual al cociente
de las potencias con el mismo exponente.  </p>
<p>Si <cursiva>a</cursiva> y <cursiva>b</cursiva> son números reales, <cursiva
>a</cursiva> ≠ 0 y <cursiva>c</cursiva> un número racional, entonces,
(<cursiva>a</cursiva> ÷ <cursiva>b</cursiva>)<cursiva><superindice
>c</superindice></cursiva> es igual a:</p>
<formula alineacion="centrada" src="MA_09_02_074.gif"></formula>
<p>Son ejemplos,</p>
<formula alineacion="izquierda" src="MA_09_02_075.gif"></formula>
<formula alineacion="izquierda" src="MA_09_02_076.gif"></formula>
<p>Observa cómo se aplican las propiedades de las operaciones con
potencias para simplificar la expresión:</p>
<formula alineacion="centrada" src="MA_09_02_077.gif"></formula>
<p>- Por la potencia de una fracción de números reales:</p>
<formula alineacion="centrada" src="MA_09_02_078.gif"></formula>
<p>- Por la potencia de una producto de números reales:</p>
<formula alineacion="centrada" src="MA_09_02_079.gif"></formula>
<p>- Por el producto y el cociente de potencias de igual base de números
reales:</p>
<formula alineacion="centrada" src="MA_09_02_080.gif"></formula>
<practica>
<enlace
destino="/LoIdRedirect.aspx?LoId=MA_09_02_CO_Recurso070&amp;IdRecurso=RES-4571626A882B4BE68CCC2C6F3975584F"
>Practica las potencias de exponente fraccionario</enlace>
<enlace
destino="/LoIdRedirect.aspx?LoId=MA_09_02_CO_Recurso080&amp;IdRecurso=RES-1D612C7152064BA6A309ADE592723386"
>Practica de las propiedades de las potencias de números reales</enlace>
</practica></seccion3Texto></seccion3></seccion2Texto></seccion2>
<seccion2 id="S2_MA_09_02_CO_94A8F5C8B59A423F95AA05FC933C08CF">
<seccion2Titulo>Consolidación</seccion2Titulo>
<seccion2Texto>
<p>Actividades para consolidar lo que has aprendido en esta sección. </p>
<practica>
<enlace
destino="/LoIdRedirect.aspx?LoId=MA_09_02_CO_Recurso100&amp;IdRecurso=RES-109922E02B514F96A4311D4A92A46C3D"
>Refuerza tu aprendizaje: La potenciación</enlace><?Pub Caret -3?>
</practica></seccion2Texto></seccion2></seccion1Texto></seccion1>
<seccion1 id="S1_MA_09_02_CO_1E3C51F021BB4931AAA913DD971D5007"><?Pub Dtl?>
<seccion1Titulo>La notación científica </seccion1Titulo>
<seccion1Texto>
<p>La <negrita>notación científica</negrita> facilita la lectura y
escritura de números muy grandes o muy pequeños.  </p>
<destacado><destacadoTitulo>La notación <cursiva>a</cursiva> × 10<cursiva
><superindice>n</superindice></cursiva> </destacadoTitulo>
<destacadoTexto>
<p>En la expresión <cursiva>a</cursiva> × 10<cursiva><superindice
>n</superindice></cursiva>, con <cursiva>a</cursiva> un número real, <cursiva
>n</cursiva> un número entero y 1 ≤ <cursiva>a</cursiva> &lt; 10,
al valor de <cursiva>a</cursiva> se le denomina coeficiente; a 10
la base, y a <cursiva>n</cursiva> el exponente.</p>
</destacadoTexto></destacado>
<imagen ampliable="no" src="MA_09_02_CO_IMG02_small.png">
<p>En el siglo III a. C., Arquímedes fue el primer matemático que
creó un sistema de representación de números para estimar cuántos
granos de arena existían en el universo. Concluyó que el número de
granos de arena que se requerían para llenar el universo era aproximadamente
 8 × 10<superindice>63</superindice>. Arquímedes fue también llamado
el padre de la notación científica.</p>
</imagen>
<seccion2 id="S2_MA_09_02_CO_EA3A551BFFB344C6A1D36FCB74792266">
<seccion2Titulo>La expresión de un número real en notación científica</seccion2Titulo>
<seccion2Texto>
<p>Para expresar un número real en notación científica se debe tener
en cuenta que: si el valor absoluto del número que se quiere expresar
en notación científica es mayor que uno, se determinará con una potencia
de diez con exponente positivo; si el valor absoluto del número es
menor que uno, se expresa con una potencia de diez con exponente negativo.</p>
<listaSinNumerar>
<listaElemento><negrita>Si el valor absoluto del número es mayor que
uno</negrita></listaElemento>
</listaSinNumerar>
<p>Para expresar en notación científica el número 1 234 500 000, lo
primero que se debe hacer es colocar una coma a la derecha de la cifra
de mayor valor posicional; en este caso, el 1. Luego se cuenta la
cantidad de cifras que quedaron después de la coma para conocer el
exponente de la potencia de 10. En este caso como hay 9 dígitos, el
exponente de la base 10 será 9. Finalmente, se eliminan los ceros
al final del número. Así:</p>
<p centrado="si">1 234 500 000 = 1,2345 × 10<superindice>9</superindice
>.</p>
<p>Por ejemplo, al expresar en notación científica el número aproximado
de millas, a la que viaja la luz en el transcurso de un año (5<negrita
> 880 000 000 000</negrita>) se obtiene: 5,88 × 10<superindice>12</superindice
> millas.</p>
<listaSinNumerar>
<listaElemento><negrita>Si el valor absoluto del número es menor que
uno</negrita></listaElemento>
</listaSinNumerar>
<p>Para expresar en notación científica el número 0,00000321, se desplaza
la coma hasta donde se encuentre el primer decimal diferente de cero,
en este caso, el 3. Este número es mayor que 1 y menor que 10. Luego,
se cuenta de izquierda a derecha la cantidad de lugares que se corrió
la coma. En este caso como hay 6 dígitos, el exponente de la base
10 será –6; y como la parte entera debe estar entre 1 y 10, entonces
será 3 y sus decimales 21. Así:</p>
<p centrado="si">0,<negrita>000003</negrita>21 = 3,21 × 10<superindice
>-6</superindice></p>
<p>Por ejemplo, la expresión en notación científica del diámetro aproximado
del átomo de hidrógeno (0.00000005 <negrita></negrita>mm) es 5 × 10<superindice
>-8</superindice> mm.</p>
<profundiza>
<enlace
destino="/LoIdRedirect.aspx?LoId=MA_09_02_CO_Recurso120&amp;IdRecurso=RES-F33B62D4EF8E40519FB7E1BD5D842F57"
>Notación científica</enlace>
</profundiza></seccion2Texto></seccion2><seccion2
id="S2_MA_09_02_CO_EA3A551BFFB344C6A1D36FCB74793377">
<seccion2Titulo>Las operaciones con números reales en notación científica </seccion2Titulo>
<seccion2Texto>
<p>Para adicionar, sustraer, multiplicar o dividir números reales
expresados en notación científica se aplican las siguientes reglas. </p>
<listaSinNumerar>
<listaElemento><negrita>La adición y la sustracción de números reales
expresados en notación científica </negrita></listaElemento>
</listaSinNumerar>
<p>Si se adicionan o sustraen números reales expresados en notación
científica, las potencias de base diez de cada uno deben tener el
mismo exponente. Luego, se  adicionan o sustraen los coeficientes
y la potencia de base diez queda igual. Por ejemplo:</p>
<listaSinNumerar>
<listaElemento>2,345 × <negrita>10<superindice>7</superindice></negrita
> + 3,34 × <negrita>10<superindice>7</superindice></negrita> = 5,685
× <negrita>10<superindice>7</superindice></negrita></listaElemento>
<listaElemento>9,2 × <negrita>10<superindice>4</superindice></negrita
> – 2,1 × <negrita>10<superindice>4 </superindice></negrita>= 7,1
× <negrita>10<superindice>4</superindice></negrita></listaElemento>
</listaSinNumerar>
<p>Si los números expresados en notación científica que se quieren
adicionar o sustraer tienen potencias de diez con diferente exponente,
entonces se expresan con el mismo exponente y se sigue el procedimiento
anterior.   </p>
<p>Por ejemplo, para efectuar 1,234 × 10<superindice>4</superindice
> + 1,32 × 10<superindice>5 </superindice>se expresan las dos potencias
de base diez al mismo exponente. En este caso a 5, así:  </p>
<p>1,234 × 10<superindice>4</superindice> = 0,1234 × 10<superindice
>5</superindice> y 1,32 × 10<superindice>5</superindice> queda igual.
 </p>
<p>Ahora se efectúa, </p>
<p centrado="si">0,1234 × 10<superindice>5</superindice> + 1,32 ×
10<superindice>5</superindice> = 1,4434 × 10<superindice>5</superindice
>.</p>
<recuerda><recuerdaTexto>
<p>Para expresar, por ejemplo 1,23 × 10<superindice>6 </superindice
>a una potencia de base 10 con menor exponente –puede ser 10<superindice
>4</superindice>–, se multiplica el número por 10 tantas veces sea
necesario, hasta llegar al exponente 4. En este caso como la diferencia
de exponentes es 2, entonces se multiplica por 10<superindice>2</superindice
>, así:  </p>
<p centrado="si">(1,23 × 10<superindice>2</superindice>) × 10<superindice
>4 </superindice>= 123 × 10<superindice>4</superindice></p>
<listaSinNumerar>
<listaElemento><negrita>La multiplicación de números reales expresados
en notación científica</negrita></listaElemento>
</listaSinNumerar>
<p>Cuando se multiplican números expresados en notación científica,
se multiplican los dos coeficientes y se adicionan los exponentes
de base diez. Por ejemplo: </p>
<p centrado="si">(2,34 × 10<superindice>5</superindice>) · (1,2 ×
10-3) = 2,808 × 10<superindice>2</superindice></p>
<p>En una situación en la que se requiera calcular la masa del Sol
si se sabe que es 333 000 veces mayor que la masa de la Tierra, se
efectúa una multiplicación entre 333 000 y 5,9 × 10<superindice>24</superindice
> kg, que es la masa de la Tierra, así:</p>
<p>Como 330 000 = 3,3 × 10<superindice>5</superindice>, entonces,
 </p>
<p centrado="si">(3,3 × 10<superindice>5</superindice>) · (5,9 × 10<superindice
>24</superindice>) = 19,47 × 10<superindice>29</superindice>  </p>
<p>Por lo tanto la masa del Sol es igual a 19,47 × 10<superindice
>29</superindice> kg. </p>
<listaSinNumerar>
<listaElemento><negrita>La división de números reales expresados en
notación científica</negrita></listaElemento>
</listaSinNumerar>
<p>Cuando se dividen números expresados en notación científica, se
dividen los dos coeficientes y se restan los exponentes de base diez.
Por ejemplo: </p>
<p> (4,23 × 10<superindice>5</superindice>) ÷ (2,31 × 10<superindice
>2</superindice>) = 1,83 × 10<superindice>3</superindice> </p>
<p>Un ejemplo es: si el diámetro de un átomo de hidrógeno es 0,00000005
mm, ¿a cuántos metro equivale? </p>
<p>Como 1 mm = 10<superindice>-3</superindice> m y 0,00000005 mm =
0,5 × 10<superindice>-</superindice>8 mm, entonces para calcular el
diámetro se efectúa 5 × 10<superindice>-8</superindice> ÷ 10<superindice
>-3</superindice> = 0,5 × 10 <superindice>-5</superindice> mm.</p>
</recuerdaTexto></recuerda><practica>
<enlace
destino="/LoIdRedirect.aspx?LoId=MA_09_02_CO_Recurso130&amp;IdRecurso=RES-47842199258D40B19C22333D5EE5F1CB
">Operaciones básicas de números reales en notación científica</enlace>
</practica><profundiza>
<enlace
destino="/LoIdRedirect.aspx?LoId=MA_09_02_CO_Recurso140&amp;IdRecurso=RES-EB2348F1EF534B1C99A8CBF88F9C9F83"
>Operaciones con expresiones en notación científica</enlace>
</profundiza></seccion2Texto></seccion2><seccion2
id="S2_MA_09_02_CO_EA3A551BFFB344C6A1D36FCB74794488">
<seccion2Titulo>Consolidación</seccion2Titulo>
<seccion2Texto>
<p>Actividades para consolidar lo que has aprendido en esta sección. </p>
<practica>
<enlace
destino="/LoIdRedirect.aspx?LoId=MA_09_02_CO_Recurso160&amp;IdRecurso=RES-B6FD15F630CF4244A3A8921BFA17D66F"
>Refuerza tu aprendizaje: La notación científica</enlace>
</practica></seccion2Texto></seccion2></seccion1Texto></seccion1>
<seccion1 id="S1_MA_09_02_CO_628C8CE9E64F4BD1B5226126683D5E08"><?Pub Dtl?>
<seccion1Titulo>La radicación de números reales </seccion1Titulo>
<seccion1Texto>
<p>La <negrita>radicación</negrita> es una operación inversa de la
potenciación, que consiste en hallar la base, conocido el exponente
y la potencia o resultado.   </p>
<p>Sean <cursiva>a</cursiva> un número real positivo, y <cursiva>n</cursiva
> un número entero positivo, <cursiva>n</cursiva> ≥ 2, la raíz enésima <cursiva
>n</cursiva> de un número real <cursiva>a</cursiva> es igual a <cursiva
>b</cursiva>, si y solo sí <cursiva>a</cursiva><cursiva><superindice
>n</superindice></cursiva> = <cursiva>b</cursiva>|. Esto es, </p>
<formula alineacion="centrada" src="MA_09_02_090.gif"></formula>
<p>En la expresión raíz enésima de <cursiva>a</cursiva>, se identifican
los elementos: <cursiva>n</cursiva>, <negrita>índice</negrita>; <cursiva
>a</cursiva>, <negrita>cantidad subradical</negrita> o <negrita>radicando</negrita
> y <cursiva>b</cursiva>, <negrita>raíz</negrita> o <negrita>resultado</negrita
>. Al símbolo de la operación se le denomina <negrita>radical</negrita
>. Cuando el índice del radical es 2 se acostumbra a no escribirse.
El coeficiente de la raíz enésima de un número real, es el número
que acompaña a la raíz enésima que está fuera del radical. Por ejemplo,
el coeficiente de 7√9 es igual a 7.  </p>
<p>En el siglo V a. C., los pitagóricos descubrieron que √2 es un
número irracional al intentar calcular la medida de la diagonal de
un cuadrado cuya medida del lado era igual a una unidad.</p>
<destacado><destacadoTitulo></destacadoTitulo><destacadoTexto>
<listaSinNumerar>
<listaElemento>Cuando la cantidad subradical es <negrita>positiva</negrita
> y el <negrita>índice</negrita> es un<negrita> número par </negrita
>tendrá dos raíces en el conjunto de los números reales: la positiva
y la negativa. Por ejemplo,  <p centrado="si">√9 = ±3, ya que 3<superindice
>2</superindice> = 9 y (-3)<superindice>2</superindice> = 9</p></listaElemento>
<listaElemento>Cuando la cantidad subradical es <negrita>negativa</negrita
> y el <negrita>índice</negrita> es un<negrita> número par </negrita
>no tendrá raíces en el conjunto de los números reales. Por ejemplo,
 <p centrado="si">√(-9) no tiene raíces números reales</p></listaElemento>
<listaElemento>Cuando el <negrita>índice</negrita> es <negrita>impar</negrita
> el radical tendrá una única  raíz. En este caso la cantidad subradical
puede ser positiva o negativa. Son ejemplos: <p centrado="si">∛(-27)
= -3  y  ∛8 = 2</p></listaElemento>
</listaSinNumerar>
</destacadoTexto></destacado><profundiza>
<enlace
destino="/LoIdRedirect.aspx?LoId=MA_09_02_CO_Recurso170&amp;IdRecurso=RES-BFD10249381E4CC68DC4712C1E2AF9B5"
>Radicales y propiedades</enlace>
<enlace
destino="/LoIdRedirect.aspx?LoId=MA_09_02_CO_Recurso180&amp;IdRecurso=RES-8EBFCD8D06CB4C16B3EC3CFD58B3881E"
>La raíz de índice "n"</enlace>
</profundiza><practica>
<enlace
destino="/LoIdRedirect.aspx?LoId=MA_09_02_CO_Recurso200&amp;IdRecurso=RES-41918256A3BC4368BC30AE56C31FF097"
>Clasifica raíces según sus soluciones</enlace>
<enlace
destino="/LoIdRedirect.aspx?LoId=MA_09_02_CO_Recurso210&amp;IdRecurso=RES-C38973602FC24E6283CD13971557740F"
>Simplifica expresiones con radicales</enlace>
<enlace
destino="/LoIdRedirect.aspx?LoId=MA_09_02_CO_Recurso220&amp;IdRecurso=RES-FF6B02B9E708467593C4C67F1CC909DB"
>Escribe expresiones radicales empleando exponentes</enlace>
<enlace
destino="/LoIdRedirect.aspx?LoId=MA_09_02_CO_Recurso230&amp;IdRecurso=RES-01D0E65041234661B5EDB2A8F5B9FA44"
>Escribe expresiones como  radicales </enlace>
</practica><seccion2
id="S2_MA_09_02_CO_C6B7D76108CA4EC8BDF8D6FAD2AF3863">
<seccion2Titulo>Las propiedades de la radicación de números reales </seccion2Titulo>
<seccion2Texto>
<p>Al igual que las propiedades de las operaciones básicas de los
números reales y de la potenciación, las propiedades de la radicación
se utilizan para simplificar expresiones matemáticas que las involucre. </p>
<seccion3 id="S3_MA_09_02_CO_EA3A551BFFB344C6A1D36FCB74794499">
<seccion3Titulo>La raíz enésima de un producto de números reales </seccion3Titulo>
<seccion3Texto>
<p>La raíz de un producto  es igual al producto de sus raíces. </p>
<p>Para todo <cursiva>x</cursiva>, <cursiva>y</cursiva> números reales,
y <cursiva>n</cursiva> un número entero positivo, se cumple que, </p>
<formula alineacion="centrada" src="MA_09_02_116.gif"></formula>
<p>Por ejemplo,</p>
<formula alineacion="centrada" src="MA_09_02_117.gif"></formula>
</seccion3Texto></seccion3><seccion3
id="S3_MA_09_02_CO_EA3A551BFFB344C6A1D36FCB74795500">
<seccion3Titulo>La raíz enésima de un cociente de números reales</seccion3Titulo>
<seccion3Texto>
<p>La raíz de un cociente es igual al cociente de las raíces, siempre
y cuando tengan solución en el conjunto de los números reales.  </p>
<p>Sean los números reales <cursiva>x</cursiva>, <cursiva>y</cursiva
>,  <cursiva>y</cursiva> ≠ 0, el número entero positivo <cursiva>n</cursiva
> mayor e igual que 2, se cumple que,</p>
<formula alineacion="centrada" src="MA_09_02_120.gif"></formula>
<p>Es un ejemplo,</p>
<formula alineacion="centrada" src="MA_09_02_121.gif"></formula>
</seccion3Texto></seccion3><seccion3
id="S3_MA_09_02_CO_EA3A551BFFB344C6A1D36FCB74796611">
<seccion3Titulo>La raíz enésima de una raíz de números reales</seccion3Titulo>
<seccion3Texto>
<p>La raíz de una raíz es igual a la raíz del mismo radicando con
índice igual al producto de los dos índices.  </p>
<p>Sea el número real <cursiva>x</cursiva> y los números enteros positivos <cursiva
>n</cursiva> y <cursiva>m</cursiva>, se cumple que, </p>
<formula alineacion="centrada" src="MA_09_02_124.gif"></formula>
<p>Por ejemplo,</p>
<formula alineacion="centrada" src="MA_09_02_125.gif"></formula>
</seccion3Texto></seccion3><seccion3
id="S3_MA_09_02_CO_EA3A551BFFB344C6A1D36FCB74797722">
<seccion3Titulo>Las raíz enésima de un número real expresada como
potencia con exponente número fraccionario</seccion3Titulo>
<seccion3Texto>
<p>Toda raíz enésima de un número real se puede expresar como un número
real elevado a un número racional en forma de fracción.   </p>
<p>Para todo número real <cursiva>a</cursiva>, y todo número entero
negativo <cursiva>b</cursiva>, el número entero positivo <cursiva
>n</cursiva> mayor e igual que 2, se cumple que, </p>
<formula alineacion="centrada" src="MA_09_02_128.gif"></formula>
<p> Es un ejemplo,  </p>
<formula alineacion="centrada" src="MA_09_02_129.gif"></formula>
</seccion3Texto></seccion3><seccion3
id="S3_MA_09_02_CO_EA3A551BFFB344C6A1D36FCB74798833">
<seccion3Titulo>La simplificación de expresiones con radicales aplicando
las propiedades de la radicación de números reales</seccion3Titulo>
<seccion3Texto>
<p>Para simplificar expresiones como la siguiente se aplican las propiedades
de los radicales.</p>
<table border="1" cellspacing="0">
<tbody>
<tr valign="middle">
<td align="center"><negrita>Expresión con radicales a simplificar</negrita
></td>
<td align="center"><negrita>Propiedad de la radicación aplicada </negrita
></td>
</tr>
<tr>
<td align="center"><formula alineacion="centrada"
src="MA_09_02_129A.gif"></formula></td>
<td>Raíz enésima de un producto de números reales. </td>
</tr>
<tr>
<td align="center"><formula alineacion="centrada"
src="MA_09_02_129B.gif"></formula></td>
<td>Ráiz enésima de un cociente de números reales.  </td>
</tr>
<tr>
<td align="center"><formula alineacion="centrada"
src="MA_09_02_129C.gif"></formula></td>
<td>Raíz enésima de una raíz de números reales. </td>
</tr>
<tr>
<td align="center"><formula alineacion="centrada"
src="MA_09_02_129D.gif"></formula></td>
<td>Producto y cociente de potencias con igual base. </td>
</tr>
<tr>
<td align="center"><formula alineacion="centrada"
src="MA_09_02_129E.gif"></formula></td>
<td>Raíz enésima de un número real expresada como potencia con exponente
número fraccionario.  Simplificación de fracciones.</td>
</tr>
</tbody>
</table>
</seccion3Texto></seccion3></seccion2Texto></seccion2><seccion2
id="S2_MA_09_02_CO_3484BDAB52574FEF8EA8DDFCCCCE18DD">
<seccion2Titulo>Los radicales equivalentes de números reales</seccion2Titulo>
<seccion2Texto>
<p>Dos expresiones con radicales son equivalentes si tienen el mismo
radicando, el mismo índice y el mismo coeficiente. Así: </p>
<formula alineacion="centrada" src="MA_09_02_130.gif"></formula>
<p>Por ejemplo, </p>
<formula alineacion="centrada" src="MA_09_02_132.gif"></formula>
<p><negrita>El cálculo de radicales equivalentes </negrita></p>
<p>Se pueden calcular radicales equivalentes a otros amplificando
o simplificando el exponente del radicando y el índice de la raíz
por el mismo número.   </p>
<p>Por ejemplo, hallar un radical equivalente, por amplificación a, </p>
<formula alineacion="centrada" src="MA_09_02_134.gif"></formula>
<p>Como,</p>
<formula alineacion="centrada" src="MA_09_02_135.gif"></formula>
<p>Entonces se amplifica por 4 el exponente del radicando y el índice
de la raíz así:</p>
<formula alineacion="centrada" src="MA_09_02_136.gif"></formula>
<p>Luego, </p>
<formula alineacion="centrada" src="MA_09_02_137.gif"></formula>
<formula alineacion="centrada" src="MA_09_02_138.gif"></formula>
<p>En el caso de la simplificación se calcula el m.c.d. (máximo común
divisor), entre el exponente del radicando y el índice de la raíz.
Si no es posible calcularlo, el radical es irreductible. Por ejemplo,
hallar un radical equivalente, por simplificación a:</p>
<formula alineacion="centrada" src="MA_09_02_139.gif"></formula>
<p>Como, </p>
<formula alineacion="centrada" src="MA_09_02_140.gif"></formula>
<p>Y el m.c.d. (6, 8) = 2, entonces,</p>
<formula alineacion="centrada" src="MA_09_02_141.gif"></formula>
<p>Luego, </p>
<formula alineacion="centrada" src="MA_09_02_142.gif"></formula>
<formula alineacion="centrada" src="MA_09_02_143.gif"></formula>
</seccion2Texto></seccion2><seccion2
id="S2_MA_09_02_CO_3484BDAB52574FEF8EA8DDFCCCCE1188">
<seccion2Titulo>La simplificación de radicales</seccion2Titulo>
<seccion2Texto>
<p>Para<negrita> simplificar un radical</negrita>, se utiliza el siguiente
procedimiento. Por ejemplo, para simplificar,</p>
<formula alineacion="centrada" src="MA_09_02_144.gif"></formula>
<listaSinNumerar>
<listaElemento>Se descompone en factores primos el radicando y el
índice de la raíz,</listaElemento>
</listaSinNumerar>
<formula alineacion="centrada" src="MA_09_02_145.gif"></formula>
<listaSinNumerar>
<listaElemento>Se eliminan los factores primos comunes entre el índice
de la raíz y el exponente del radicando. Para esto se aplica la propiedad,</listaElemento>
</listaSinNumerar>
<formula alineacion="centrada" src="MA_09_02_146.gif"></formula>
<p>Luego,</p>
<formula alineacion="centrada" src="MA_09_02_147.gif"></formula>
<listaSinNumerar>
<listaElemento>Se simplifican aquellos factores que se puedan sacar
del radical,</listaElemento>
</listaSinNumerar>
<formula alineacion="centrada" src="MA_09_02_148.gif"></formula>
<p>Y así,</p>
<formula alineacion="centrada" src="MA_09_02_149.gif"></formula>
<p>Otro ejemplo es el siguiente. Simplificar, </p>
<formula alineacion="centrada" src="MA_09_02_150.gif"></formula>
<p>Luego, </p>
<formula alineacion="centrada" src="MA_09_02_151.gif"></formula>
</seccion2Texto></seccion2><seccion2
id="S2_MA_09_02_CO_3484BDAB52574FEF8EA8DDFCCCCE2299">
<seccion2Titulo>Los radicales semejantes</seccion2Titulo>
<seccion2Texto>
<p>Dos expresiones con radicales son semejantes si tienen la misma
cantidad subradical o radicando y el mismo índice. Por ejemplo, 4∛5
y 7∛5 son radicales semejantes. </p>
<p>Para comprobar si los radicales 10√2 y 25√32 son semejantes, se
simplifica cada uno hasta obtener radicales semejantes, si los hay.
  </p>
<p>El primer radical ya está simplificado, luego queda igual, 10√2.
El segundo radical se simplifica así:</p>
<formula alineacion="centrada" src="MA_09_02_157.gif"></formula>
<p>Por lo tanto, 10√2 y 100√2 son radicales semejantes. </p>
</seccion2Texto></seccion2><seccion2
id="S2_MA_09_02_CO_3484BDAB52574FEF8EA8DDFCCCCE3300">
<seccion2Titulo>La reducción de radicales a un índice común</seccion2Titulo>
<seccion2Texto>
<p><negrita>Reducir</negrita> varios radicales a un<negrita> índice
común</negrita> significa encontrar radicales equivalentes a los dados
que tengan el mismo índice. Este nuevo índice será el<negrita> mínimo
común múltiplo</negrita> (m.c.m.) de los índices de los radicales
iniciales. Por ejemplo, para reducir √7 y ∛10 a un mismo índice, se
halla el m.c.m. (mínimo común múltiplo) de los índices 2 y 3, que
es 6. Luego, se amplifican los dos radicales para que el índice de
los dos sea 6, así:</p>
<formula alineacion="izquierda" src="MA_09_02_162.gif"></formula>
<formula alineacion="izquierda" src="MA_09_02_163.gif"></formula>
</seccion2Texto></seccion2><seccion2
id="S2_MA_09_02_CO_3484BDAB52574FEF8EA8DDFCCCCE4411">
<seccion2Titulo>Las operaciones con radicales </seccion2Titulo>
<seccion2Texto>
<p>Se pueden efectuar operaciones con radicales como adición, sustracción,
multiplicación y división. En algunos casos los resultados de las
operaciones no quedan totalmente simplificados, por lo tanto quedan
solamente indicados. </p>
<seccion3 id="S3_MA_09_02_CO_EA3A551BFFB344C6A1D36FCB74790044">
<seccion3Titulo>La adición y la sustracción de radicales </seccion3Titulo>
<seccion3Texto>
<p>Para adicionar o sustraer dos o más expresiones con radicales se
debe cumplir la condición de que los radicales sean semejantes, es
decir, que tengan el mismo índice y la misma cantidad subradical.
Si se cumple esta condición se efectúan las operaciones indicadas.
Por ejemplo,</p>
<formula alineacion="izquierda" src="MA_09_02_164.gif"></formula>
<formula alineacion="izquierda" src="MA_09_02_165.gif"></formula>
<p>En ocasiones, es necesario hallar los radicales equivalentes antes
de efectuar la adición o la sustracción, por ejemplo,</p>
<formula alineacion="centrada" src="MA_09_02_166.gif"></formula>
</seccion3Texto></seccion3><seccion3
id="S3_MA_09_02_CO_EA3A551BFFB344C6A1D36FCB74791155">
<seccion3Titulo>La multiplicación y la división de radicales </seccion3Titulo>
<seccion3Texto>
<p>Para <negrita>multiplicar</negrita> o <negrita>dividir</negrita
> dos o más radicales, es necesario que tengan el <negrita>mismo</negrita
> <negrita>índice</negrita>. Para el caso de la multiplicación con
radicales del mismo índice se aplica la propiedad,</p>
<formula alineacion="centrada" src="MA_09_02_167.gif"></formula>
<p>Y para el caso de la división, la propiedad, </p>
<formula alineacion="centrada" src="MA_09_02_168.gif"></formula>
<p>, y ≠ 0</p>
<listaSinNumerar>
<listaElemento>Si los radicales tienen el mismo índice, se multiplican
o dividen los radicandos entre sí y se deja el mismo radical con el
mismo índice. Por ejemplo:</listaElemento>
</listaSinNumerar>
<formula alineacion="izquierda" src="MA_09_02_169.gif"></formula>
<formula alineacion="izquierda" src="MA_09_02_170.gif"></formula>
<formula alineacion="izquierda" src="MA_09_02_171.gif"></formula>
<listaSinNumerar>
<listaElemento>Si los radicales no tienen el <negrita>mismo índice</negrita
>, se reducen los índices a un <negrita>índice común</negrita>, es
decir, se calcula el m.c.m. de los índices y luego se hallan radicales
equivalentes de índice el m.c.m. obtenido. <p>Calcula y simplifica
si es posible.</p><formula alineacion="izquierda" src="MA_09_02_172.gif">
</formula><p>Como el m.c.m. (3, 2) = 6, entonces, </p><formula
alineacion="izquierda" src="MA_09_02_173.gif"></formula><formula
alineacion="izquierda" src="MA_09_02_174.gif"></formula><p>Como el
m.c.m (2, 3) = 6, entonces,</p><formula alineacion="izquierda"
src="MA_09_02_175.gif"></formula><formula alineacion="izquierda"
src="MA_09_02_176.gif"></formula><p>Como el m.c.m. (6, 4) = 12, entonces, </p
><formula alineacion="izquierda" src="MA_09_02_177.gif"></formula
></listaElemento>
</listaSinNumerar>
<profundiza>
<enlace
destino="/LoIdRedirect.aspx?LoId=MA_09_02_CO_Recurso240&amp;IdRecurso=RES-BE7124175F0A4A45B1C41A8669EABF9D"
>Las operaciones con radicales</enlace>
</profundiza><practica>
<enlace
destino="/LoIdRedirect.aspx?LoId=MA_09_02_CO_Recurso250&amp;IdRecurso=RES-292A09E4CD28453EAD938ADB8B8C7278"
>Practica la simplificación de  radicales</enlace>
<enlace
destino="/LoIdRedirect.aspx?LoId=MA_09_02_CO_Recurso260&amp;IdRecurso=RES-D9B96BC4C99A458DAF5626A47BC478B0"
>Practica operaciones con radicales y propiedades</enlace>
<enlace
destino="/LoIdRedirect.aspx?LoId=MA_09_02_CO_Recurso270&amp;IdRecurso=RES-5D0C032E49844EC680E5CF92CE832AA5"
>Operaciones con radicales</enlace>
</practica></seccion3Texto></seccion3></seccion2Texto></seccion2>
<seccion2 id="S2_MA_09_02_CO_3484BDAB52574FEF8EA8DDFCCCCE5522">
<seccion2Titulo>Consolidación</seccion2Titulo>
<seccion2Texto>
<p>Actividades para consolidar lo que has aprendido en esta sección. </p>
<practica>
<enlace
destino="/LoIdRedirect.aspx?LoId=MA_09_02_CO_Recurso280&amp;IdRecurso=RES-0F793A8BC44A4323B34DA8A78F6F410C"
>Refuerza tu aprendizaje: La radicación</enlace>
</practica></seccion2Texto></seccion2></seccion1Texto></seccion1>
<seccion1 id="S1_MA_09_02_CO_A47138B785FA47C3856BEC457B651510"><?Pub Dtl?>
<seccion1Titulo>La racionalización </seccion1Titulo>
<seccion1Texto>
<p>Generalmente, cuando se simplifica una expresión con radicales
se busca que no queden radicales en su denominador, ni fracciones
dentro de un radicando. Para garantizar que esto suceda se utiliza
el proceso de racionalización.</p>
<destacado><destacadoTitulo></destacadoTitulo><destacadoTexto>
<p>La <negrita>racionalización</negrita> es un proceso que se realiza
para eliminar los radicales que se encuentran en el <negrita>denominador</negrita
> de una fracción, es decir, buscar una fracción que sea equivalente
y que no tenga radicales en su denominador.</p>
</destacadoTexto></destacado>
<p>En este proceso de racionalización se identifican dos casos: cuando
los denominadores son monomios y cuando son binomios.</p>
<seccion2 id="S2_MA_09_02_CO_E60F0BA09B3943D894E57B4C8C8CF6C8">
<seccion2Titulo>La racionalización de fracciones con denominadores
monomios</seccion2Titulo>
<seccion2Texto>
<p>En la racionalización de fracciones con denominador monomio se
distinguen las siguientes situaciones: </p>
<listaSinNumerar>
<listaElemento>Si el denominador de la fracción es una expresión radical
con<negrita> raíz cuadrada</negrita> se multiplica el numerador y
el denominador por la raíz cuadrada y se simplifica. En general:</listaElemento>
</listaSinNumerar>
<formula alineacion="centrada" src="MA_09_02_207.gif"></formula>
<p>Por ejemplo, para racionalizar el denominador de </p>
<formula alineacion="centrada" src="MA_09_02_208.gif"></formula>
<p>Se calcula,</p>
<formula alineacion="centrada" src="MA_09_02_209.gif"></formula>
<listaSinNumerar>
<listaElemento>Si el denominador de la fracción es una expresión radical
con raíz de índice cualquiera se multiplica el numerador y el denominador
de la fracción por una raíz que cumpla la siguiente condición:</listaElemento>
</listaSinNumerar>
<formula alineacion="centrada" src="MA_09_02_210.gif"></formula>
<p>Por ejemplo, para racionalizar el denominador de,</p>
<formula alineacion="centrada" src="MA_09_02_211.gif"></formula>
<p>Se calcula,</p>
<formula alineacion="centrada" src="MA_09_02_212.gif"></formula>
</seccion2Texto></seccion2><seccion2
id="S2_MA_09_02_CO_E60F0BA09B3943D894E57B4C8C8C6688">
<seccion2Titulo>La  racionalización de fracciones con denominadores
binomios</seccion2Titulo>
<seccion2Texto>
<p>Para racionalizar una fracción con denominador un binomio con al
menos una expresión radical con<negrita> raíz cuadrada</negrita>,
se multiplica el numerador y el denominador de la fracción por el <negrita
>conjugado del denominador</negrita>, aplicando la igualdad notable<negrita
> (<cursiva>a</cursiva> + <cursiva>b</cursiva>) (<cursiva>a</cursiva
> − <cursiva>b</cursiva>) = <cursiva>a</cursiva><superindice>2</superindice
> − <cursiva>b</cursiva><superindice>2</superindice></negrita> y las
propiedades de las operaciones con expresiones radicales. En general:</p>
<formula alineacion="centrada" src="MA_09_02_213.gif"></formula>
<listaSinNumerar>
<listaElemento>Por ejemplo para racionalizar el denominador de </listaElemento>
</listaSinNumerar>
<formula alineacion="centrada" src="MA_09_02_214.gif"></formula>
<p>Se multiplica el numerador y el denominador de la fracción por
el conjugado de √3 + 5. En este caso es √3 – 5, y luego se simplifican
las expresiones con radicales obtenidas, así:</p>
<formula alineacion="centrada" src="MA_09_02_217.gif"></formula>
<listaSinNumerar>
<listaElemento>Para racionalizar el denominador de<formula
alineacion="centrada" src="MA_09_02_218.gif"></formula><p>Se efectúa,</p
><formula alineacion="centrada" src="MA_09_02_219.gif"></formula></listaElemento>
<listaElemento>Al racionalizar,<formula alineacion="centrada"
src="MA_09_02_220.gif"></formula><p>Se efectúa,</p><formula
alineacion="centrada" src="MA_09_02_221.gif"></formula></listaElemento>
</listaSinNumerar>
<destacado><destacadoTitulo>Conjugado de un binomio</destacadoTitulo>
<destacadoTexto>
<p>El conjugado del binomio a + b, es el binomio a – b. Por ejemplo,
el conjugado de √5 + 3 es √5 – 3; y el conjugado de 1 - √10 es 1 +
√10.</p>
</destacadoTexto></destacado><profundiza>
<enlace
destino="/LoIdRedirect.aspx?LoId=MA_09_02_CO_Recurso300&amp;IdRecurso=RES-E59CFFD54E3F4258B63B5E89ACFD8310"
>El proceso de racionalización</enlace>
</profundiza><practica>
<enlace
destino="/LoIdRedirect.aspx?LoId=MA_09_02_CO_Recurso310&amp;IdRecurso=RES-99488C447FE543859C7BAC812375A1BD
">Practica de la racionalización</enlace>
</practica></seccion2Texto></seccion2><seccion2
id="S2_MA_09_02_CO_E60F0BA09B3943D894E57B4C8C8C7799">
<seccion2Titulo>Consolidación </seccion2Titulo>
<seccion2Texto>
<p>Actividades para consolidar lo que has aprendido en esta sección. </p>
<practica>
<enlace
destino="/LoIdRedirect.aspx?LoId=MA_09_02_CO_Recurso320&amp;IdRecurso=RES-CB0568CF63A04F36869F1070DCA6AA59"
>Refuerza tu aprendizaje: La racionalización</enlace>
</practica></seccion2Texto></seccion2></seccion1Texto></seccion1>
<seccion1 id="S1_MA_09_02_CO_9EB3D08495F54B03BFCCE87A6CFF8F74"><?Pub Dtl?>
<seccion1Titulo>Competencias</seccion1Titulo>
<seccion1Texto>
<p>Pon a prueba tus capacidades y aplica lo aprendido con este recurso.</p>
<profundiza>
<enlace
destino="/LoIdRedirect.aspx?LoId=MA_09_02_CO_Recurso330&amp;IdRecurso=RES-0CF269721C75433E948AED5A3E2A3509
">Proyecto: números grandes y números pequeños</enlace>
</profundiza></seccion1Texto></seccion1><masinformacion
id="MI_MA_09_02_CO_A17F5C6E1F064468802161694D952DBC"><?Pub Dtl?>
<mapaconceptual><enlace
destino="/LoIdRedirect.aspx?LoId=MA_09_02_CO_Recurso350&amp;IdRecurso=RES-9BD2987B64BB43CA937841D8F148AF61
">Mapa Conceptual</enlace></mapaconceptual><autoevaluate><enlace
destino="/LoIdRedirect.aspx?LoId=MA_09_02_CO_Recurso360&amp;IdRecurso=RES-1AA2562077B54768A24463B31FAD60F1
">Evaluación</enlace></autoevaluate><enlacesreferencia>
<enlace
destino="http://www.aulafacil.com/matematicas-potencias-raices/curso/Lecc-1.htm"
>Es una secuencia de páginas que trata de la potenciación 	</enlace>
<enlace
destino="http://www.ditutor.com/numeros_naturales/radicacion.html"
>Aporta al trabajo con la radicación de una forma diferente a la que
se trabajó en el guion.</enlace>
<enlace
destino="http://www.aulafacil.com/matematicas-operaciones-fracciones-algebraicas/curso/Lecc-11.htm"
>Trabajó con el concepto de racionalización en varias secuencias </enlace>
</enlacesreferencia></masinformacion></libro>
