﻿<?xml version="1.0" encoding="utf-8"?><motor tipo="101" clase="a" aprid="M101a">
  <plataforma>
    <grado><![CDATA[2]]></grado>
    <titulo>Refuerza tu aprendizaje: Aplicaciones de la función logarítmica</titulo>
    <area>3</area>
    <nivel>2</nivel>
    <referencia><![CDATA[MT_10_08]]></referencia>
    <idreg><![CDATA[4878]]></idreg>
    <motor><![CDATA[M101A]]></motor>
    <lang>es</lang>
  </plataforma>
  <enunciado><![CDATA[Realiza la siguiente actividad. Cuando termines, haz clic en Enviar. Si es necesario, entrega las respuestas en mano o por e-mail a tu profesor para que pueda validarlas.]]></enunciado>
  <masinfo inicio="0"/>
  <calc><![CDATA[1]]></calc>
  <preguntas cantidad="2">
    <pregunta>
      <enunciado><![CDATA[Calcula el pH de una solución que tiene 0,01 moles de iones de hidrógeno por litro. Explica el procedimiento para calcularlo. ]]></enunciado>
      <explicacion><![CDATA[SOLUCIÓN: pH = 2]]></explicacion>
      <nivel><![CDATA[2]]></nivel>
      <tipo/>
      <imagen/>
      <ampliacion/>
      <texto/>
    </pregunta>
    <pregunta>
      <enunciado><![CDATA[Calcula cuántos decibeles tiene un equipo de música con una intensidad de sonido de 10{{sup}}-4{{normal}} W/cm{{sup}}2{{normal}} y explica cómo lo has hecho. ]]></enunciado>
      <explicacion><![CDATA[SOLUCIÓN:   40 decibeles.]]></explicacion>
      <nivel><![CDATA[2]]></nivel>
      <tipo/>
      <imagen/>
      <ampliacion/>
      <texto/>
    </pregunta>
  </preguntas>
</motor>