﻿<?xml version="1.0" encoding="utf-8"?><motor tipo="3" clase="a" aprid="m3a">
  <plataforma>
    <grado><![CDATA[2]]></grado>
    <titulo>Identifica características de funciones logarítmicas</titulo>
    <area>0</area>
    <nivel>2</nivel>
    <referencia/>
    <idreg><![CDATA[0]]></idreg>
    <motor><![CDATA[M3A]]></motor>
    <lang>es</lang>
  </plataforma>
  <enunciado><![CDATA[Relaciona la función logarítmica dada con la clasificación dada y el punto {{cur}}P{{normal}}({{cur}}x{{normal}}, {{cur}}y{{normal}}) por el cual pasa.]]></enunciado>
  <masinfo inicio="0"/>
  <sinaleatoriedad><![CDATA[0]]></sinaleatoriedad>
  <calc><![CDATA[0]]></calc>
  <sonidoaimagen cantidad="6">
    <cuestion>
      <imagen etiqueta="1"><![CDATA[MA_09_07_REC170_IMG01.png]]></imagen>
      <respuestas>
        <respuesta etiqueta="Creciente y {{cur}}P{{normal}}(1, 0)."/>
      </respuestas>
    </cuestion>
    <cuestion>
      <imagen etiqueta="2"><![CDATA[MA_09_07_REC170_IMG_02.png]]></imagen>
      <respuestas>
        <respuesta etiqueta="Creciente y {{cur}}P{{normal}}(½ ,0)."/>
      </respuestas>
    </cuestion>
    <cuestion>
      <imagen etiqueta="3"><![CDATA[MA_09_07_REC170_IMG_03.png]]></imagen>
      <respuestas>
        <respuesta etiqueta="Decreciente y {{cur}}P{{normal}}(0, 0)."/>
      </respuestas>
    </cuestion>
    <cuestion>
      <imagen etiqueta="4"><![CDATA[MA_09_07_REC170_IMG_04.png]]></imagen>
      <respuestas>
        <respuesta etiqueta="Decreciente y {{cur}}P{{normal}}(1, 0)."/>
      </respuestas>
    </cuestion>
    <cuestion>
      <imagen etiqueta="5"><![CDATA[MA_09_07_REC170_IMG_05.png]]></imagen>
      <respuestas>
        <respuesta etiqueta="Decreciente y {{cur}}P{{normal}}(–1, 0)."/>
      </respuestas>
    </cuestion>
    <cuestion>
      <imagen etiqueta="6"><![CDATA[MA_09_07_REC170_IMG_06.png]]></imagen>
      <respuestas>
        <respuesta etiqueta="Creciente y {{cur}}P{{normal}}(2, 0)."/>
      </respuestas>
    </cuestion>
  </sonidoaimagen>
</motor>