﻿<?xml version="1.0" encoding="utf-8"?><motor tipo="4" clase="a" aprid="m4a"><plataforma><grado><![CDATA[2]]></grado><titulo>Evaluación</titulo><area>0</area><nivel>2</nivel><referencia /><idreg><![CDATA[0]]></idreg><motor><![CDATA[M4A]]></motor><lang>es</lang></plataforma><enunciado><![CDATA[Resuelve las siguientes preguntas con relación a las funciones exponenciales y logarítmicas.]]></enunciado><masinfo inicio="0" /><sinaleatoriedad><![CDATA[0]]></sinaleatoriedad><calc><![CDATA[0]]></calc><respuestaunica><![CDATA[0]]></respuestaunica><test cantidad="10"><cuestion><enunciado><![CDATA[La presión atmosférica varía según la altura, con la siguiente fórmula: {{cur}}P (x){{normal}} = 0,9{{sup}}x{{normal}}, donde {{cur}}x{{normal}} es la altura en kilómetros. ¿Cuál es la presión en una montaña de 3700 m?]]></enunciado><explicacion><![CDATA[Reemplazar el número de metros convertido a kilómetros en la fórmula dada.]]></explicacion><imagen /><respuestas><respuesta contestacion="677,1 hPa" correcta="1" /><respuesta contestacion="3,374 hPa" correcta="0" /><respuesta contestacion="9,897 hPa" correcta="0" /><respuesta contestacion="0 hPa" correcta="0" /></respuestas></cuestion><cuestion><enunciado><![CDATA[Log ((3x){{sup}}0,5{{normal}}) es igual a ...]]></enunciado><explicacion><![CDATA[Revisar las propiedades de la multiplicación de logaritmos.]]></explicacion><imagen /><respuestas><respuesta contestacion="... (log(3) + log(x)) ⋅ 0,5" correcta="1" /><respuesta contestacion="... log(3) + 0,5 ⋅ log(x)" correcta="0" /><respuesta contestacion="... log(3) + log(x) + 5" correcta="0" /><respuesta contestacion="... (log(3) + log(x ⋅ 0,5)" correcta="0" /></respuestas></cuestion><cuestion><enunciado><![CDATA[De las siguientes afirmaciones escoge la única que es verdadera:]]></enunciado><explicacion><![CDATA[Revisar las propiedades de las funciones exponenciales y logaritmicas.]]></explicacion><imagen /><respuestas><respuesta contestacion="Si {{cur}}a{{normal}} ⋗ 1, la función {{cur}}y{{normal}} = {{cur}}a{{normal}}{{sup}}x{{normal}} es creciente." correcta="1" /><respuesta contestacion="La función {{cur}}y{{normal}} = log (3x) tiene una asíntota en el eje {{cur}}X{{normal}}. " correcta="0" /><respuesta contestacion="El dominio de las funciones exponenciales y logarítmicas son los enteros." correcta="0" /><respuesta contestacion="Si {{cur}}a{{normal}} está entre 0 y 1, {{cur}}y{{normal}} = {{cur}}a{{normal}}{{sup}}x{{normal}} es creciente." correcta="0" /></respuestas></cuestion><cuestion><enunciado><![CDATA[Al calcular el log{{sub}}2{{normal}} 64 el resultado que se obtiene es:]]></enunciado><explicacion><![CDATA[Expresar el 64 como una potencia y calcular su logaritmo.]]></explicacion><imagen /><respuestas><respuesta contestacion="7" correcta="0" /><respuesta contestacion="– 3" correcta="0" /><respuesta contestacion="6" correcta="1" /><respuesta contestacion="2" correcta="0" /></respuestas></cuestion><cuestion><enunciado><![CDATA[Para cualquier base, el logaritmo de 1 siempre es ...]]></enunciado><explicacion><![CDATA[Revisar propiedades de los logaritmos.]]></explicacion><imagen /><respuestas><respuesta contestacion="0" correcta="1" /><respuesta contestacion=" 1" correcta="0" /><respuesta contestacion="– 1" correcta="0" /><respuesta contestacion="No existe." correcta="0" /></respuestas></cuestion><cuestion><enunciado><![CDATA[¿Cuál es la asíntota de la función {{cur}}y{{normal}} = 2{{sup}}x{{normal}} + 3?]]></enunciado><explicacion><![CDATA[Revisar las propiedades de la función exponencial.]]></explicacion><imagen /><respuestas><respuesta contestacion="{{cur}}y{{normal}} = 3" correcta="1" /><respuesta contestacion="{{cur}}y{{normal}} = 5" correcta="0" /><respuesta contestacion="{{cur}}y{{normal}} = 2" correcta="0" /><respuesta contestacion="{{cur}}y{{normal}} = – 2" correcta="0" /></respuestas></cuestion><cuestion><enunciado><![CDATA[De las siguientes funciones selecciona la que es decreciente:]]></enunciado><explicacion><![CDATA[Revisar las propiedades de la función exponencial.]]></explicacion><imagen /><respuestas><respuesta contestacion="{{cur}}y{{normal}} = 0,2 {{cur}}x{{normal}}" correcta="1" /><respuesta contestacion="{{cur}}y{{normal}} = 3 ⋅ 7{{sup}}x{{normal}}" correcta="0" /><respuesta contestacion="{{cur}}y{{normal}} = log ({{cur}}x{{normal}})" correcta="0" /><respuesta contestacion="{{cur}}y{{normal}} = log{{sub}}3{{normal}} {{cur}}x{{normal}}" correcta="0" /></respuestas></cuestion><cuestion><enunciado><![CDATA[Al resolver la ecuación log (5{{cur}}x{{normal}} – 3) + 1 = log 2{{cur}}x{{normal}} se obtiene ...]]></enunciado><explicacion><![CDATA[Converitr la expresión a un sólo logaritmo y despejar la variable.]]></explicacion><imagen /><respuestas><respuesta contestacion="... {{cur}}x{{normal}} = 0,625" correcta="1" /><respuesta contestacion="... {{cur}}x{{normal}} = 0,6" correcta="0" /><respuesta contestacion="... {{cur}}x{{normal}} = – 0,625" correcta="0" /><respuesta contestacion="... {{cur}}x{{normal}} = 0,25" correcta="0" /></respuestas></cuestion><cuestion><enunciado><![CDATA[Si se invierten $ 10 000 a una tasa de interés anual de 10 % compuesto semestralmente, ¿cuál será el valor de la inversión después de 5 años ?]]></enunciado><explicacion /><imagen /><respuestas><respuesta contestacion="$ 16 288,95" correcta="0" /><respuesta contestacion="$ 25 937,42" correcta="1" /><respuesta contestacion="$ 43 219,42" correcta="0" /><respuesta contestacion="$ 16 200,95" correcta="0" /></respuestas></cuestion><cuestion><enunciado><![CDATA[Si se invierten $ 3000 a una tasa de interés de 9 % anual, ¿cuál será el monto final luego de 5 años?]]></enunciado><explicacion /><imagen /><respuestas><respuesta contestacion="$ 4615,87" correcta="1" /><respuesta contestacion="$ 4000,87" correcta="0" /><respuesta contestacion="$ 3895,87" correcta="0" /><respuesta contestacion="$ 615,87" correcta="0" /></respuestas></cuestion></test></motor>