<?xml version='1.0' encoding='UTF-8'?><engine copy="Editorial Planeta" version="1" aprid="f13" title="Demuestra un teorema" >
<section title="Presentación" path2a="ma_08_08_co_rec140_img01n.jpg" path2b="ma_08_08_co_rec140_img02n.jpg" path2aAmp="ma_08_08_co_rec140_img01a.jpg" path2bAmp="ma_08_08_co_rec140_img02a.jpg" image1Text="" zoom1="true" zoom2a="true" zoom2b="true" layout="4" >
<![CDATA[<p><span style="font-size:18px"><span style="font-family:verdana,geneva,sans-serif">Para aplicar el proceso de la demostraci&oacute;n se presenta&nbsp;el siguiente teorema:</span></span></p>

<p>&quot;En todo paralelogramo los lados opuestos son congruentes&quot;</p>

<table border="1" cellpadding="1" cellspacing="1" style="width:500px">
	<caption><strong>Demostraci&oacute;n</strong></caption>
	<tbody>
		<tr>
			<td style="text-align:center">
			<p style="margin-left:40px"><strong>Afirmaci&oacute;n&nbsp;</strong></p>
			</td>
			<td style="text-align:center"><strong>Justificaci&oacute;n</strong></td>
		</tr>
		<tr>
			<td style="text-align:center"><span style="background-color:rgb(255, 255, 255); color:rgb(51, 51, 51); font-family:verdana,arial,sans-serif; font-size:18px">Hip&oacute;tesis:</span><br />
			<span style="background-color:rgb(255, 255, 255); color:rgb(51, 51, 51); font-family:verdana,arial,sans-serif; font-size:18px"><em>AD</em> &cong; <em>BC</em> y <em>AB</em> &cong; <em>CD</em></span></td>
			<td style="text-align:center">&nbsp;</td>
		</tr>
		<tr>
			<td style="text-align:center"><span style="background-color:rgb(255, 255, 255); color:rgb(51, 51, 51); font-family:verdana,arial,sans-serif; font-size:18px"><em>AB</em> paralelo a <em>CD</em> y </span><em><span style="background-color:rgb(255, 255, 255); color:rgb(51, 51, 51); font-family:verdana,arial,sans-serif; font-size:18px">AD</span></em><span style="background-color:rgb(255, 255, 255); color:rgb(51, 51, 51); font-family:verdana,arial,sans-serif; font-size:18px"> a <em>BC</em></span></td>
			<td style="text-align:center"><span style="background-color:rgb(255, 255, 255); color:rgb(51, 51, 51); font-family:verdana,arial,sans-serif; font-size:18px">Definici&oacute;n de paralelogramo</span></td>
		</tr>
		<tr>
			<td style="text-align:center"><span style="background-color:rgb(255, 255, 255); color:rgb(51, 51, 51); font-family:verdana,arial,sans-serif; font-size:18px">Se t</span><span style="background-color:rgb(255, 255, 255); color:rgb(51, 51, 51); font-family:verdana,arial,sans-serif; font-size:18px">raza</span><span style="background-color:rgb(255, 255, 255); color:rgb(51, 51, 51); font-family:verdana,arial,sans-serif; font-size:18px">&nbsp;la diagonal <em>BD</em></span></td>
			<td style="text-align:center"><span style="background-color:rgb(255, 255, 255); color:rgb(51, 51, 51); font-family:verdana,arial,sans-serif; font-size:18px">Por construcci&oacute;n</span></td>
		</tr>
		<tr>
			<td style="text-align:center"><span style="background-color:rgb(255, 255, 255); color:rgb(51, 51, 51); font-family:verdana,arial,sans-serif; font-size:18px">El &aacute;ngulo </span>1<span style="background-color:rgb(255, 255, 255); color:rgb(51, 51, 51); font-family:verdana,arial,sans-serif; font-size:18px">&nbsp;es congruente con </span>2<span style="background-color:rgb(255, 255, 255); color:rgb(51, 51, 51); font-family:verdana,arial,sans-serif; font-size:18px">.</span></td>
			<td style="text-align:center">Por ser alternos internos entre las paralelas<em> AB </em>y<em> CD.</em></td>
		</tr>
		<tr>
			<td style="text-align:center">∢3<span style="background-color:rgb(255, 255, 255); color:rgb(51, 51, 51); font-family:verdana,arial,sans-serif; font-size:18px">&nbsp;es congruente con&nbsp;</span>∢&nbsp;4<span style="background-color:rgb(255, 255, 255); color:rgb(51, 51, 51); font-family:verdana,arial,sans-serif; font-size:18px">.</span></td>
			<td style="text-align:center">Por ser alternos internos entre las paralelas<em> AD </em>y<em> BC.</em></td>
		</tr>
		<tr>
			<td style="text-align:center"><span style="background-color:rgb(255, 255, 255); color:rgb(51, 51, 51); font-family:verdana,arial,sans-serif; font-size:18px">El lado&nbsp;</span><em>BD</em><span style="background-color:rgb(255, 255, 255); color:rgb(51, 51, 51); font-family:verdana,arial,sans-serif; font-size:18px"> es com&uacute;n a los dos tri&aacute;ngulos que&nbsp;&nbsp;</span>&Delta;<em>ADB</em><span style="background-color:rgb(255, 255, 255); color:rgb(51, 51, 51); font-family:verdana,arial,sans-serif; font-size:18px">&nbsp; y&nbsp;</span>&Delta;<em>CBD.</em></td>
			<td style="text-align:center">Por construcci&oacute;n.</td>
		</tr>
		<tr>
			<td style="text-align:center"><span style="background-color:rgb(255, 255, 255); color:rgb(51, 51, 51); font-family:verdana,arial,sans-serif; font-size:18px">Por lo tanto&nbsp;</span>&Delta;<em>ADB</em><strong> </strong><span style="background-color:rgb(255, 255, 255); color:rgb(51, 51, 51); font-family:verdana,arial,sans-serif; font-size:18px">&cong;&nbsp;</span>&Delta;<em>CBD</em><strong>.</strong></td>
			<td style="text-align:center"><span style="background-color:rgb(255, 255, 255); color:rgb(51, 51, 51); font-family:verdana,arial,sans-serif; font-size:18px">Por el criterio &Aacute;ngulo-Lado-&Aacute;ngulo</span></td>
		</tr>
	</tbody>
</table>

<table border="1" cellpadding="1" cellspacing="1" style="width:500px">
	<caption>
	<p>&nbsp;</p>

	<p><strong>Conclusi&oacute;n</strong></p>
	</caption>
	<tbody>
		<tr>
			<td>
			<p style="text-align:center"><em>AD</em> &cong;<em> BC &nbsp; &nbsp;&nbsp;&nbsp; </em></p>
			</td>
			<td>Por ser lados correspondientes en tri&aacute;ngulos congruentes.</td>
		</tr>
		<tr>
			<td style="text-align:center"><em>AB</em> &cong; <em>CD &nbsp; &nbsp;&nbsp; </em></td>
			<td>Por ser lados correspondientes en tri&aacute;ngulos congruentes<span style="background-color:rgb(255, 255, 255); color:rgb(51, 51, 51); font-family:verdana,arial,sans-serif; font-size:18px">.</span></td>
		</tr>
	</tbody>
</table>

<p>As&iacute; queda demostrado que los lados opuestos del paralelogramo son congruentes.</p>
]]></section>
<section title="Aplicaciones" path2a="ma_08_08_co_rec140_img03n.jpg" path2b="ma_08_08_co_rec140_img04n.jpg" path2aAmp="ma_08_08_co_rec140_img03a.jpg" path2bAmp="ma_08_08_co_rec140_img04a.jpg" image1Text="" zoom1="true" zoom2a="true" zoom2b="true" layout="4" >
<![CDATA[<p>&nbsp;</p>

<p><span style="font-size:18px"><span style="font-family:verdana,geneva,sans-serif">Demuestra los&nbsp;siguientes teoremas justificando paso a paso las afirmaciones que hagas.</span></span></p>

<p style="margin-left:40px"><span style="font-size:18px"><span style="font-family:verdana,geneva,sans-serif">1. En todo paralelogramo los &aacute;ngulos opuestos son congruentes.</span></span></p>

<p style="margin-left:40px">&nbsp;</p>

<p style="margin-left:40px"><span style="font-size:18px"><span style="font-family:verdana,geneva,sans-serif">2. En todo tri&aacute;ngulo la suma de sus &aacute;ngulos internos es igual a la suma de dos &aacute;ngulos rectos.</span></span></p>
]]></section>
</engine>