﻿<?xml version="1.0" encoding="utf-8"?><engine copy="Editorial Planeta" version="1" aprid="f7b"><main layout="1">
<title>El razonamiento deductivo</title>
<footer>Selecciona una imagen</footer>
</main>
<sections>
<section i="0" star="false" hasSubsections="false">
<menuImage path="MA_08_08_CO_REC50_IMG01.jpg" border="1">
<title><![CDATA[¿En qué consiste el razonamiento deductivo?]]></title>
</menuImage>
<pages>
<page i="0" visible="true" color="">
<title>¿En qué consiste el razonamiento deductivo?</title>
<description><![CDATA[<p><span style="font-size:20px"><span style="font-family:verdana,geneva,sans-serif">La geometr&iacute;a cl&aacute;sica se constituye en una rama de la geometr&iacute;a cuyo fundamento est&aacute; en los <em>Elementos de Euclides</em>, quien reuni&oacute; los conceptos e ideas de ge&oacute;metras egipcios y griegos que se basaron en el razonamiento deductivo para la formalizaci&oacute;n de conceptos esenciales; los organiz&oacute; y formaliz&oacute; de manera l&oacute;gica en su libro I, donde se exponen 48 proposiciones a partir de 23 definiciones, cinco postulados y cinco axiomas.</span></span></p>

<p><span style="font-size:20px"><span style="font-family:verdana,geneva,sans-serif">El razonamiento deductivo se basa principalmente en conocimientos que se asumen como verdaderos para ligarlos a trav&eacute;s de una secuencia l&oacute;gica, de tal manera que se obtengan unos conocimientos nuevos.</span></span></p>

<p><span style="font-size:20px"><span style="font-family:verdana,geneva,sans-serif">Dicha secuencia se fundamenta principalmente en conocimientos simples, de los cuales parte el razonamiento deductivo, es decir, de definiciones, postulados (tambi&eacute;n llamados axiomas) y teoremas.</span></span></p>
]]></description>
<images>
<image path="MA_08_08_CO_REC50_IMG04n.jpg" border = "0" pathbig="MA_08_08_CO_REC50_IMG04a.jpg">
<title><![CDATA[]]></title>
</image>
</images>
</page>
</pages>
</section><section i="0" star="false" hasSubsections="false">
<menuImage path="MA_08_08_CO_REC50_IMG02.jpg" border="1">
<title><![CDATA[Postulados y teoremas]]></title>
</menuImage>
<pages>
<page i="0" visible="true" color="">
<title>Postulados y teoremas</title>
<description><![CDATA[<p><span style="font-size:20px"><span style="font-family:verdana,geneva,sans-serif">A trav&eacute;s de la historia se ha tratado de hacer descripciones claras y precisas de objetos que observamos a diario y para ello se ha hecho necesario referenciar conceptos geom&eacute;tricos.</span></span></p>

<p><span style="font-size:20px"><span style="font-family:verdana,geneva,sans-serif">A partir del trabajo y caracterizaci&oacute;n de conceptos b&aacute;sicos como el punto y la recta, se han obtenido definiciones que describen otras figuras, como por ejemplo el cuadrado, el tri&aacute;ngulo, y de igual forma algunas relaciones, como el paralelismo y la perpendicularidad.</span></span></p>

<p><span style="font-size:20px"><span style="font-family:verdana,geneva,sans-serif">Se puede decir, entonces, que las <strong>definiciones</strong> describen de forma puntual y precisa las caracter&iacute;sticas de objetos geom&eacute;tricos y sus relaciones. Un ejemplo de ello es la definici&oacute;n de &aacute;ngulo recto que corresponde a aquel cuya medida es igual a 90&deg;.</span></span></p>

<p><span style="font-size:20px"><span style="font-family:verdana,geneva,sans-serif">Para trabajar el&nbsp;razonamiento deductivo es necesario aceptar algunos enunciados o generalizaciones sin comprobarlas.</span></span></p>

<p><span style="font-size:20px"><span style="font-family:verdana,geneva,sans-serif">Por ejemplo, el postulado del punto y el plano que refiere a que un plano contiene por lo menos tres puntos no colineales o el postulado del punto y la recta en el que se enuncia que dos puntos est&aacute;n contenidos en una y solo una recta.</span></span></p>

<p><span style="font-size:20px"><span style="font-family:verdana,geneva,sans-serif">Entonces, los postulados se pueden asociar con las &quot;reglas&quot; de geometr&iacute;a,&nbsp;se aceptan como verdades y son insumos para la demostraci&oacute;n de teoremas.</span></span></p>

<p><span style="font-size:20px"><span style="font-family:verdana,geneva,sans-serif">Finalmente, los teoremas son generalizaciones que pueden demostrarse a trav&eacute;s del razonamiento y uso de definiciones y postulados.</span></span></p>

<p><span style="font-size:20px"><span style="font-family:verdana,geneva,sans-serif">En este caso un ejemplo de ello puede ser que dos &aacute;ngulos que son complementarios del mismo &aacute;ngulo&nbsp;son congruentes.&nbsp;</span></span></p>
]]></description>
<images>
<image path="MA_08_08_CO_REC50_IMG05n.jpg" border = "0" pathbig="MA_08_08_CO_REC50_IMG05a.jpg">
<title><![CDATA[]]></title>
</image>
</images>
</page>
</pages>
</section><section i="0" star="false" hasSubsections="false">
<menuImage path="MA_08_08_CO_REC50_IMG03.jpg" border="1">
<title><![CDATA[Ejemplos]]></title>
</menuImage>
<pages>
<page i="0" visible="true" color="">
<title>Ejemplos</title>
<description><![CDATA[<p style="text-align:center"><strong><span style="font-size:20px"><span style="font-family:verdana,geneva,sans-serif"><span style="color:rgb(0, 0, 0)">Tipos de proposiciones</span></span></span></strong></p>

<div style="color: rgb(0, 0, 0); font-family: Calibri,sans-serif; font-size: 16px;"><span style="font-size:20px"><span style="font-family:verdana,geneva,sans-serif">Para el razonamiento deductivo se hace necesario plantear algunas proposiciones y entre la formalidad del lenguaje se utiliza cierto tipo de proposiciones.&nbsp;</span></span></div>

<div style="color: rgb(0, 0, 0); font-family: Calibri, sans-serif; font-size: 16px;">&nbsp;</div>

<div style="color: rgb(0, 0, 0); font-family: Calibri,sans-serif; font-size: 16px; text-align: center;"><span style="font-size:20px"><span style="font-family:verdana,geneva,sans-serif">&lt;&lt; Si - Entonces &gt;&gt;</span></span></div>

<div style="color: rgb(0, 0, 0); font-family: Calibri, sans-serif; font-size: 16px;">&nbsp;</div>

<div style="color: rgb(0, 0, 0); font-family: Calibri, sans-serif; font-size: 16px;"><span style="font-size:20px"><span style="font-family:verdana,geneva,sans-serif">Las proposiciones si-entonces, haciendo uso de la l&oacute;gica, son de la forma:</span></span></div>

<div style="color: rgb(0, 0, 0); font-family: Calibri, sans-serif; font-size: 16px;">&nbsp;</div>

<div style="color: rgb(0, 0, 0); font-family: Calibri,sans-serif; font-size: 16px; text-align: center;"><span style="font-size:20px"><span style="font-family:verdana,geneva,sans-serif">Si<em> p, </em>entonces<em> q</em></span></span></div>

<div style="color: rgb(0, 0, 0); font-family: Calibri, sans-serif; font-size: 16px;">&nbsp;</div>

<div style="color: rgb(0, 0, 0); font-family: Calibri, sans-serif; font-size: 16px;"><span style="font-size:20px"><span style="font-family:verdana,geneva,sans-serif">donde la proposici&oacute;n <em>p</em> corresponde a la hip&oacute;tesis y <em>q</em> a la conclusi&oacute;n.&nbsp;</span></span></div>

<div style="color: rgb(0, 0, 0); font-family: Calibri, sans-serif; font-size: 16px;">&nbsp;</div>

<p><span style="font-size:20px"><span style="font-family:verdana,geneva,sans-serif">Por ejemplo:</span></span></p>

<div style="color: rgb(0, 0, 0); font-family: Calibri,sans-serif; font-size: 16px; margin-left: 40px; text-align: center;"><span style="font-size:20px"><span style="font-family:verdana,geneva,sans-serif">Si la figura<em> ABC </em>es un tri&aacute;ngulo, entonces tiene 3 lados.</span></span></div>

<div style="color: rgb(0, 0, 0); font-family: Calibri, sans-serif; font-size: 16px;">&nbsp;</div>

<div style="color: rgb(0, 0, 0); font-family: Calibri,sans-serif; font-size: 16px; margin-left: 40px;"><span style="font-size:20px"><span style="font-family:verdana,geneva,sans-serif">En este caso la hip&oacute;tesis corresponde a&nbsp;<strong>la figura<em> ABC </em>es un tri&aacute;ngulo</strong><em>&nbsp;</em>y la conclusi&oacute;n a <strong>tiene 3 lados</strong>.</span></span></div>

<div style="color: rgb(0, 0, 0); font-family: Calibri, sans-serif; font-size: 16px;">&nbsp;</div>

<div style="color: rgb(0, 0, 0); font-family: Calibri, sans-serif; font-size: 16px;"><span style="font-size:20px"><span style="font-family:verdana,geneva,sans-serif">Otro ejemplo de ello puede ser:&nbsp;</span></span></div>

<div style="color: rgb(0, 0, 0); font-family: Calibri, sans-serif; font-size: 16px;">
<div>&nbsp;</div>

<div style="margin-left: 40px; text-align: center;"><span style="font-size:20px"><span style="font-family:verdana,geneva,sans-serif">Si dos rectas son perpendiculares, entonces se intersecan para formar&nbsp;&aacute;ngulos&nbsp;rectos.&nbsp;</span></span></div>
</div>

<div style="color: rgb(0, 0, 0); font-family: Calibri, sans-serif; font-size: 16px;">&nbsp;</div>

<div style="color: rgb(0, 0, 0); font-family: Calibri,sans-serif; font-size: 16px; margin-left: 40px;"><span style="font-size:20px"><span style="font-family:verdana,geneva,sans-serif">Para este ejemplo&nbsp;<strong>dos rectas son perpendiculares&nbsp;</strong>se tendr&iacute;a como la hip&oacute;tesis y&nbsp;se<em> </em><strong>intersecan para formar&nbsp;&aacute;ngulos&nbsp;rectos</strong>&nbsp;ser&iacute;a la&nbsp;conclusi&oacute;n.&nbsp;</span></span></div>

<div style="color: rgb(0, 0, 0); font-family: Calibri, sans-serif; font-size: 16px;">&nbsp;</div>

<div style="color: rgb(0, 0, 0); font-family: Calibri, sans-serif; font-size: 16px;"><span style="font-size:20px"><span style="font-family:verdana,geneva,sans-serif">La proposici&oacute;n si-entonces anterior es verdadera, pues la hip&oacute;tesis lo era, por lo tanto, la conclusi&oacute;n&nbsp;tambi&eacute;n&nbsp;lo es. </span></span></div>
]]></description>
<images>
<image path="MA_08_08_CO_REC50_IMG06n.jpg" border = "0" pathbig="MA_08_08_CO_REC50_IMG06a.jpg">
<title><![CDATA[]]></title>
</image>
</images>
</page>
</pages>
</section></sections>
</engine>