<?xml version="1.0" encoding="iso-8859-1"?>
<metadata xmlns="urn:InfoRecurso">
  <identificador>RES-F94E963B083D4A5EB9E42AAAFA4A6DDA</identificador>
  <loid>MA_08_08_CO_Recurso060</loid>
  <titulo>Aplica el razonamiento deductivo</titulo>
  <descripcion>Actividad para resolver situaciones aplicando el razonamiento deductivo</descripcion>
  <relacionado>0</relacionado>
  <tiporecurso>Recurso sin ficha</tiporecurso>
  <tiempoestimado>20</tiempoestimado>
  <acciondidactica>Ejercitaci�n</acciondidactica>
  <competencia>Competencia matem�tica</competencia>
  <tipomedia pesado="false" matricula="">Actividad</tipomedia>
  <conceptos>
    <concepto>razonamiento deductivo</concepto>
    <concepto>situaciones problema</concepto>
  </conceptos>
</metadata>