﻿<?xml version="1.0" encoding="utf-8"?><motor tipo="101" clase="a" aprid="m101a">
  <plataforma>
    <grado>2</grado>
    <titulo>Banco de contenidos: Los cuerpos geométricos</titulo>
    <volumen/>
    <nivel><![CDATA[1]]></nivel>
    <referencia/>
    <motor/>
    <lang>es</lang>
  </plataforma>
  <enunciado><![CDATA[Realiza la siguiente actividad. Cuando termines haz clic en Enviar. Si es necesario, entrega las respuestas en mano o por email a tu profesor para que pueda validarlas]]></enunciado>
  <masinfo inicio="0"/>
  <calc><![CDATA[0]]></calc>
  <preguntas cantidad="10">
    <pregunta>
      <enunciado><![CDATA[¿Cuántos metros cuadrados de baldosas se requieren para construir una piscina con las dimensiones (largo y ancho) indicadas en la imagen y con 1,6 metros de profundidad?]]></enunciado>
      <explicacion><![CDATA[Idetifica en la imagen las dimensiones largo y ancho en la piscina.]]></explicacion>
      <nivel><![CDATA[2]]></nivel>
      <tipo/>
      <imagen><![CDATA[imagenDummy-MotorM.png]]></imagen>
      <ampliacion/>
      <texto/>
    </pregunta>
    <pregunta>
      <enunciado><![CDATA[¿Cuál es la capacidad de los 6 tanques de refinamiento? Tenga en cuenta sus dimensiones.]]></enunciado>
      <explicacion><![CDATA[Identifica en la imagen el radio y la altura de los tanques.]]></explicacion>
      <nivel><![CDATA[2]]></nivel>
      <tipo/>
      <imagen><![CDATA[imagenDummy-MotorM.png]]></imagen>
      <ampliacion/>
      <texto/>
    </pregunta>
    <pregunta>
      <enunciado><![CDATA[¿Cuánta miel se puede guardar en un tubo hexagonal de un panal, sabiendo que su base mide 5 mm y su altura es de 20 mm?]]></enunciado>
      <explicacion/>
      <nivel><![CDATA[3]]></nivel>
      <tipo/>
      <imagen><![CDATA[imagenDummy-MotorM.png]]></imagen>
      <ampliacion/>
      <texto/>
    </pregunta>
    <pregunta>
      <enunciado><![CDATA[¿Cuáles son las dimensiones de las bases de las cajas, si se sabe que la capacidad entre todas es 600 m{{sup}}3{{normal}} y todas son iguales? Tenga en cuenta sus dimensiones.]]></enunciado>
      <explicacion/>
      <nivel><![CDATA[2]]></nivel>
      <tipo/>
      <imagen><![CDATA[imagenDummy-MotorM.png]]></imagen>
      <ampliacion/>
      <texto/>
    </pregunta>
    <pregunta>
      <enunciado><![CDATA[Las dimensiones de un contenedor son las que se muestran en la ilustración. Si un barco puede llevar 50 contenedores ¿Cuál es el volumen que puede llevar el barco? ]]></enunciado>
      <explicacion/>
      <nivel><![CDATA[2]]></nivel>
      <tipo/>
      <imagen><![CDATA[imagenDummy-MotorM.png]]></imagen>
      <ampliacion/>
      <texto/>
    </pregunta>
    <pregunta>
      <enunciado><![CDATA[¿Cuál es el volumen de la pirámide de Keops? Tenga en cuenta sus dimensiones.]]></enunciado>
      <explicacion/>
      <nivel><![CDATA[1]]></nivel>
      <tipo/>
      <imagen><![CDATA[imagenDummy-MotorM.png]]></imagen>
      <ampliacion/>
      <texto/>
    </pregunta>
    <pregunta>
      <enunciado><![CDATA[¿Cuál es el área superficial del balón de futbol? Tenga en cuenta sus dimensiones.]]></enunciado>
      <explicacion/>
      <nivel><![CDATA[1]]></nivel>
      <tipo/>
      <imagen><![CDATA[imagenDummy-MotorM.png]]></imagen>
      <ampliacion/>
      <texto/>
    </pregunta>
    <pregunta>
      <enunciado><![CDATA[ ¿Cuántos cm³ de helado puede contener el cono? Tenga en cuenta sus dimensiones.]]></enunciado>
      <explicacion/>
      <nivel><![CDATA[1]]></nivel>
      <tipo/>
      <imagen><![CDATA[imagenDummy-MotorM.png]]></imagen>
      <ampliacion/>
      <texto/>
    </pregunta>
    <pregunta>
      <enunciado><![CDATA[¿Cuál es el volumen de la casa?  Tenga en cuenta sus dimensiones.]]></enunciado>
      <explicacion/>
      <nivel><![CDATA[3]]></nivel>
      <tipo/>
      <imagen><![CDATA[imagenDummy-MotorM.png]]></imagen>
      <ampliacion/>
      <texto/>
    </pregunta>
    <pregunta>
      <enunciado><![CDATA[¿Cuáles son las dimensiones de una lata de gaseosa si su altura es el triple de su radio y su volumen es de 254,46 m³?]]></enunciado>
      <explicacion/>
      <nivel><![CDATA[3]]></nivel>
      <tipo/>
      <imagen><![CDATA[imagenDummy-MotorM.png]]></imagen>
      <ampliacion/>
      <texto/>
    </pregunta>
  </preguntas>
</motor>