﻿<?xml version="1.0" encoding="utf-8"?>
<motor tipo="101" clase="a" aprid="m101a">
  <plataforma>
    <grado>2</grado>
    <titulo>Refuerza tu aprendizaje: Los números naturales</titulo>
    <volumen />
    <nivel><![CDATA[1]]></nivel>
    <referencia />
    <motor />
    <lang>es</lang>
  </plataforma>
  <enunciado><![CDATA[Realiza las siguientes actividades e incluye los procesos que realizaste. Luego, informa a tu profesor que terminaste para que revise tus respuestas.]]></enunciado>
  <masinfo inicio="0" />
  <calc><![CDATA[0]]></calc>
  <preguntas cantidad="8">
    <pregunta>
      <enunciado><![CDATA[Investiga usos de los números naturales en contextos cotidianos. Elabora dos párrafos en los cuales expliques la información que encontraste.]]></enunciado>
      <explicacion />
      <nivel><![CDATA[1]]></nivel>
      <tipo />
      <imagen />
      <ampliacion />
      <texto />
    </pregunta>
    <pregunta>
      <enunciado><![CDATA[Escribe los elementos del conjunto de los números pares entre 50 y 83]]></enunciado>
      <explicacion />
      <nivel><![CDATA[1]]></nivel>
      <tipo />
      <imagen />
      <ampliacion />
      <texto />
    </pregunta>
    <pregunta>
      <enunciado><![CDATA[Dibuja una recta numérica con los números entre 70 y 90. Marca con color los números impares.]]></enunciado>
      <explicacion />
      <nivel><![CDATA[2]]></nivel>
      <tipo />
      <imagen />
      <ampliacion />
      <texto />
    </pregunta>
    <pregunta>
      <enunciado><![CDATA[Escribe dos características que describan el siguiente conjunto de números: {{cur}}T{{normal}} = {64, 40, 24, 16, 32, 72}]]></enunciado>
      <explicacion />
      <nivel><![CDATA[2]]></nivel>
      <tipo />
      <imagen />
      <ampliacion />
      <texto />
    </pregunta>
    <pregunta>
      <enunciado><![CDATA[Explica de qué manera identificas si un número es par.]]></enunciado>
      <explicacion />
      <nivel><![CDATA[2]]></nivel>
      <tipo />
      <imagen />
      <ampliacion />
      <texto />
    </pregunta>
    <pregunta>
      <enunciado><![CDATA[Si ⊠ = 1, escribe que número representa la expresión 2 ⊠ + 1.Si ⊠ = 2, escribe que número representa la expresión 2 ⊠ + 1.Si ⊠ = 3 escribe que número representa la expresión 2 ⊠ + 1.]]></enunciado>
      <explicacion />
      <nivel><![CDATA[3]]></nivel>
      <tipo />
      <imagen />
      <ampliacion />
      <texto />
    </pregunta>
    <pregunta>
      <enunciado><![CDATA[Si ⊠ = 5, escribe que número representa la expresión 2 ⊠.Si ⊠ = 6, escribe que número representa la expresión 2 ⊠.Si ⊠ = 7, escribe que número representa la expresión 2 ⊠.]]></enunciado>
      <explicacion />
      <nivel><![CDATA[3]]></nivel>
      <tipo />
      <imagen />
      <ampliacion />
      <texto />
    </pregunta>
    <pregunta>
      <enunciado><![CDATA[Escribe qué números representan la expresión 2 ⊠ + 1. Justifica tu respuesta.]]></enunciado>
      <explicacion />
      <nivel><![CDATA[3]]></nivel>
      <tipo />
      <imagen />
      <ampliacion />
      <texto />
    </pregunta>
  </preguntas>
</motor>