﻿<?xml version="1.0" encoding="utf-8"?><engine copy="Editorial Planeta" version="1" aprid="f8">
<main title="Figuras circulares y sus áreas" bkColor="#FFFFFF" titleColor="#000000" theme="black" buttonsWidth="220" buttonsHeight="42" trans="">
<default>
<img path="MA_07_11_REC340_IMG01.jpg" x="300" y="100" width="" height=""/>
</default><buttons>
<button title="Círculo completo">
<img path="MA_07_11_REC340_IMG02.jpg" x="" y="" width="" height="" anim=""/>
</button>
<button title="Semicircunferencia">
<img path="MA_07_11_REC340_IMG03.jpg" x="" y="" width="" height="" anim=""/>
</button>
<button title="Sector circular">
<img path="MA_07_11_REC340_IMG04.jpg" x="" y="" width="" height="" anim=""/>
</button>
<button title="Corona circular">
<img path="MA_07_11_REC340_IMG05.jpg" x="" y="" width="" height="" anim=""/>
</button>
<button title="Segmento circular">
<img path="MA_07_11_REC340_IMG06.jpg" x="" y="" width="" height="" anim=""/>
</button>
</buttons>
</main>
<masinfo>
<pantalla1><![CDATA[<p><span style="font-size:20px"><span style="font-family:verdana,geneva,sans-serif">Las figuras circulares son regiones de un c&iacute;rculo y se clasifican de la siguiente forma:</span></span></p>

<ul>
	<li><span style="font-size:20px"><span style="font-family:verdana,geneva,sans-serif">Semicircunferencia: es una de las dos regiones en las que un di&aacute;metro divide al c&iacute;rculo, es equivalente a medio c&iacute;rculo.</span></span></li>
	<li><span style="font-size:20px"><span style="font-family:verdana,geneva,sans-serif">Sector circular: es la regi&oacute;n comprendida entre dos radios y la circunferencia.</span></span></li>
	<li><span style="font-size:20px"><span style="font-family:verdana,geneva,sans-serif">Corona circular: es la regi&oacute;n comprendida entre dos c&iacute;rculos conc&eacute;ntricos.</span></span></li>
	<li><span style="font-size:20px"><span style="font-family:verdana,geneva,sans-serif">Segmento circular: es la regi&oacute;n comprendida entre una cuerda y la circunferencia.</span></span></li>
</ul>
]]></pantalla1>
</masinfo>
</engine>