﻿<?xml version="1.0" encoding="UTF-8"?>
<?xml-stylesheet href="cuadernoestudio/dtd/libro.xslt" type="text/xsl"?>
<!--Arbortext, Inc., 1988-2015, v.4002-->
<!DOCTYPE libro SYSTEM "cuadernoestudio/dtd/libro.dtd">
<?Pub Inc?>
<libro id="MA_11_05_CO">
<libroTitulo>Las integrales</libroTitulo>
<seccion1 id="S1_MA_11_05_CO_4FC0475DA5A54584B2A27C096FFEB94A">
<seccion1Titulo>La antiderivada</seccion1Titulo>
<seccion1Texto>
<p>A lo largo de tu aprendizaje en el área has estudiado las operaciones
aritméticas y conoces que para cada una de ellas se determina su inversa.
Por ejemplo, la inversa de la adición es la sustracción, de la multiplicación
es la división, de la potenciación es la radicación. En cada caso,
la segunda operación “deshace” a la primera y viceversa. El interés
de estos procesos de operaciones inversas radica en la utilidad que
tienen para solucionar ecuaciones. Si queremos resolver ecuaciones
que incluyan derivadas, necesitaremos su inversa, denominada <negrita
>antiderivación</negrita>. En el presente capítulo veremos este proceso,
inverso a la derivación, es decir, dada la derivada <cursiva>f’</cursiva
> (<cursiva>x</cursiva>), hallar la función <cursiva>f</cursiva>(<cursiva
>x</cursiva>). Así, una derivada tendrá su correspondiente antiderivada.</p>
<destacado><destacadoTitulo>La antiderivada</destacadoTitulo>
<destacadoTexto>
<p>Una función <cursiva>F</cursiva>(<cursiva>x</cursiva>) definida
en un intervalo, es una <negrita>antiderivada</negrita> de otra función <cursiva
>f</cursiva>(<cursiva>x</cursiva>) en ese intervalo, si cumple que <cursiva
>F’</cursiva> (<cursiva>x</cursiva>) = <cursiva>f</cursiva>(<cursiva
>x</cursiva>), para todo <cursiva>x</cursiva> que pertenezca al intervalo.</p>
</destacadoTexto></destacado><seccion2
id="S2_MA_11_05_CO_D58E63D3A1A245408CDF236533B7E1EA">
<seccion2Titulo>La primitiva de una función</seccion2Titulo>
<seccion2Texto>
<p>La antiderivada de una función también se conoce con el nombre
de <negrita>primitiva de la función</negrita> y consiste en determinar
la función original <cursiva>F</cursiva>(<cursiva>x</cursiva>) conociendo
su función derivada <cursiva>F’</cursiva> (<cursiva>x</cursiva>).</p>
<p>Una particularidad de las antiderivadas es que no son únicas. Si
recordamos la derivada de una función constante es cero, entonces
si <cursiva>F</cursiva>(<cursiva>x</cursiva>) es una antiderivada
de <cursiva>f</cursiva>(<cursiva>x</cursiva>), también lo es <cursiva
>G</cursiva>(<cursiva>x</cursiva>), definida por <cursiva>G</cursiva
>(<cursiva>x</cursiva>) = <cursiva>F</cursiva>(<cursiva>x</cursiva
>) + <cursiva>C</cursiva>, para cualquier número <cursiva>C</cursiva
>.</p>
<p>Por ejemplo, si <cursiva>f</cursiva>(<cursiva>x</cursiva>) = 4<cursiva
>x</cursiva><superindice>3</superindice>, entonces las funciones <cursiva
>G</cursiva>(<cursiva>x</cursiva>) y <cursiva>H</cursiva>(<cursiva
>x</cursiva>) definidas por las expresiones <cursiva>G</cursiva>(<cursiva
>x</cursiva>) = <cursiva>x</cursiva><superindice>4</superindice> +
3, <cursiva>H</cursiva>(<cursiva>x</cursiva>) = <cursiva>x</cursiva
><superindice>4</superindice> + √2, entre otras, son antiderivadas
de <cursiva>f</cursiva>(<cursiva>x</cursiva>).</p>
<p>En general, si <cursiva>F</cursiva>(<cursiva>x</cursiva>) es una
antiderivada de <cursiva>f</cursiva>(<cursiva>x</cursiva>), en un
intervalo, entonces cualquiera otra antiderivada de <cursiva>f</cursiva
>(<cursiva>x</cursiva>) tiene la forma <cursiva>F</cursiva>(<cursiva
>x</cursiva>) + <cursiva>C</cursiva>, donde <cursiva>C</cursiva> es
una constante arbitraria.</p>
<p>Así que, si una función <cursiva>f</cursiva> tiene una antiderivada,
tendrá una familia de ellas, y cada miembro de esta familia puede
obtenerse de uno de ellos mediante la adición de una constante adecuada.</p>
<p>La función <cursiva>F</cursiva>(<cursiva>x</cursiva>) + <cursiva
>C</cursiva> se llama la antiderivada general de <cursiva>f</cursiva
>(<cursiva>x</cursiva>).</p>
<imagen src="MA_11_05_CO_IMG01_small.jpg">
<p>En la gráfica se muestra una familia de funciones <cursiva>F</cursiva
>(<cursiva>x</cursiva>) en las que <cursiva>C</cursiva> es una constante
arbitraria.</p>
</imagen>
<p>             <negrita>Ejemplo 1</negrita>           </p>
<p>Hallar una primitiva <cursiva>F</cursiva> de la función <cursiva
>G</cursiva>(<cursiva>x</cursiva>) = <cursiva>x</cursiva><superindice
>4</superindice> + 3.</p>
<p>Anteriormente se dedujo que <cursiva>F</cursiva>(<cursiva>x</cursiva
>) = 4<cursiva>x</cursiva><superindice>3</superindice> es una primitiva
de <cursiva>G</cursiva>(<cursiva>x</cursiva>), ya que la derivada
de <cursiva>G</cursiva>(<cursiva>x</cursiva>) es igual a <cursiva
>f</cursiva>(<cursiva>x</cursiva>).  Luego <cursiva>F</cursiva>(<cursiva
>x</cursiva>) = 4<cursiva>x</cursiva><superindice>3</superindice> +
4.</p>
<p>             <negrita>Ejemplo 2</negrita>           </p>
<p>Si <cursiva>f</cursiva>(<cursiva>x</cursiva>) = cos 3<cursiva>x</cursiva
> + 2<cursiva>x</cursiva>, definir la primitiva <cursiva>F</cursiva
> de la función <cursiva>f</cursiva>.</p>
<p>Se calcula la derivada implícita de <cursiva>f</cursiva>.</p>
<p>Si <cursiva>f</cursiva>(<cursiva>x</cursiva>) = cos 3<cursiva>x</cursiva
> + 2<cursiva>x</cursiva>, entonces <cursiva>F</cursiva>(<cursiva
>x</cursiva>) = (–sen 3<cursiva>x</cursiva>)(3) + 2 = –3(sen 3<cursiva
>x</cursiva>) + 2.</p>
<practica>
<enlace
destino="/LoIdRedirect.aspx?LoId=MA_11_05_CO_Recurso020&amp;IdRecurso=RES-1921A03692034AECBF113ECB4B22C22A"
>Identifica la función primitiva</enlace>
</practica></seccion2Texto></seccion2><seccion2
id="S2_MA_11_05_CO_68FD4D01F745484AB28D4EED70964E46">
<seccion2Titulo>La integral indefinida</seccion2Titulo>
<seccion2Texto>
<p>Las antiderivadas de una función forman una familia de funciones
cuya representación gráfica se diferencia una de otra solamente en
un número.</p>
<destacado><destacadoTitulo>La integral indefinida</destacadoTitulo>
<destacadoTexto>
<p>Al conjunto de todas las antiderivadas de una función <cursiva
>f</cursiva>(<cursiva>x</cursiva>) se le llama <negrita>integral indefinida</negrita
> de <cursiva>f</cursiva>(<cursiva>x</cursiva>), y se representa como:</p>
<formula alineacion="centrada" src="FQ_MA_11_05_001.gif"></formula>
<p>Se lee la <negrita>integral indefinida</negrita> de <cursiva>f</cursiva
>(<cursiva>x</cursiva>) respecto a <cursiva>x</cursiva>.</p>
</destacadoTexto></destacado>
<p>Por ejemplo, si <cursiva>f</cursiva>(<cursiva>x</cursiva>) = <cursiva
>y</cursiva> = <cursiva>x</cursiva><superindice>2</superindice> + <cursiva
>x</cursiva> – 2, entonces <cursiva>f´</cursiva> (<cursiva>x</cursiva
>) = <cursiva>dy</cursiva> = (2<cursiva>x</cursiva> + 1) <cursiva
>dx</cursiva> y la integral indefinida es:</p>
<formula alineacion="centrada" src="FQ_MA_11_05_002.gif"></formula>
<p>Luego, se puede concluir que:</p>
<formula alineacion="centrada" src="FQ_MA_11_05_003.gif"></formula>
<p>             <cursiva>C</cursiva> es llamada la <negrita>constante
de integración</negrita>.</p>
<seccion3 id="S3_MA_11_05_CO_7DC4F999EF52414D9E8EF826557F96C7">
<seccion3Titulo>Propiedades de la integral indefinida</seccion3Titulo>
<seccion3Texto>
<p>Si <cursiva>f</cursiva>(<cursiva>x</cursiva>) y <cursiva>g</cursiva
>(<cursiva>x</cursiva>) son dos funciones que tienen integral indefinida,
y <cursiva>k</cursiva> es una constante, entonces:</p>
<formula alineacion="centrada" src="FQ_MA_11_05_004.gif"></formula>
<formula alineacion="centrada" src="FQ_MA_11_05_005.gif"></formula>
<formula alineacion="centrada" src="FQ_MA_11_05_006.gif"></formula>
<p>A partir de la tabla de derivación se puede obtener una serie de
integrales llamadas <negrita>integrales inmediatas</negrita>, es decir,
aquellas que se pueden determinar directamente, sin necesidad de realizar
ningún cambio o transformación. Por ejemplo:</p>
<listaSinNumerar>
<listaElemento>La integral de la <negrita>función nula</negrita><cursiva
> f</cursiva>(<cursiva>x</cursiva>) = 0 es:<formula
alineacion="centrada" src="FQ_MA_11_05_007.gif"></formula></listaElemento>
<listaElemento> La integral de la <negrita>función constante</negrita
><cursiva> f</cursiva>(<cursiva>x</cursiva>) = <cursiva>k</cursiva
> es:<formula alineacion="centrada" src="FQ_MA_11_05_008.gif"></formula
></listaElemento>
<listaElemento>La integral de la <negrita>función <cursiva>f</cursiva
>(<cursiva>x</cursiva>) = <cursiva>x</cursiva></negrita> es:<formula
alineacion="centrada" src="FQ_MA_11_05_009.gif"></formula></listaElemento>
<listaElemento>La integral de la <negrita>función <cursiva>f</cursiva
>(<cursiva>x</cursiva>) = 1</negrita> es:<formula alineacion="centrada"
src="FQ_MA_11_05_010.gif"></formula></listaElemento>
<listaElemento>La integral de la <negrita>función potencia <cursiva
>f</cursiva>(<cursiva>x</cursiva>) = <cursiva>x<superindice>n</superindice
></cursiva></negrita>, con <cursiva>n</cursiva> ≠ –1, es:<formula
alineacion="centrada" src="FQ_MA_11_05_011.gif"></formula></listaElemento>
</listaSinNumerar>
<p>Veamos cómo descomponer algunas integrales en otras más sencillas
aplicando las integrales inmediatas dadas.</p>
<p>Para cada caso resolver las integrales.</p>
<formula alineacion="izquierda" src="FQ_MA_11_05_012.gif"></formula>
<formula alineacion="centrada" src="FQ_MA_11_05_013.gif"></formula>
<formula alineacion="centrada" src="FQ_MA_11_05_014.gif"></formula>
<p>Por tanto:</p>
<formula alineacion="centrada" src="FQ_MA_11_05_015.gif"></formula>
<formula alineacion="izquierda" src="FQ_MA_11_05_016.gif"></formula>
<formula alineacion="centrada" src="FQ_MA_11_05_017.gif"></formula>
<p>Luego:</p>
<formula alineacion="centrada" src="FQ_MA_11_05_018.gif"></formula>
<formula alineacion="izquierda" src="FQ_MA_11_05_019.gif"></formula>
<formula alineacion="centrada" src="FQ_MA_11_05_020.gif"></formula>
<p>Entonces:</p>
<formula alineacion="centrada" src="FQ_MA_11_05_021.gif"></formula>
<formula alineacion="izquierda" src="FQ_MA_11_05_022.gif"></formula>
<formula alineacion="centrada" src="FQ_MA_11_05_023.gif"></formula>
<formula alineacion="centrada" src="FQ_MA_11_05_024.gif"></formula>
<formula alineacion="centrada" src="FQ_MA_11_05_025.gif"></formula>
<formula alineacion="centrada" src="FQ_MA_11_05_026.gif"></formula>
<formula alineacion="centrada" src="FQ_MA_11_05_027.gif"></formula>
<p>Finalmente:</p>
<formula alineacion="centrada" src="FQ_MA_11_05_028.gif"></formula>
<p>5. Determinar <cursiva>f</cursiva>(<cursiva>x</cursiva>) para la
cual su derivada es la función <cursiva>f’</cursiva> (<cursiva>x</cursiva
>) = <cursiva>x</cursiva><superindice>2</superindice> – 3<cursiva
>x</cursiva> + csc<superindice>2</superindice><cursiva>x</cursiva
>.</p>
<formula alineacion="izquierda" src="FQ_MA_11_05_029.gif"></formula>
<formula alineacion="izquierda" src="FQ_MA_11_05_030.gif"></formula>
<formula alineacion="izquierda" src="FQ_MA_11_05_031.gif"></formula>
<p>Por tanto, se concluye que:</p>
<formula alineacion="izquierda" src="FQ_MA_11_05_032.gif"></formula>
<p>A continuación se presenta una primera lista de primitivas inmediatas
que surgen directamente de derivadas ya conocidas.</p>
<table border="1"><caption>Primitiva de funciones algebraicas</caption>
<tbody>
<tr>
<td><formula alineacion="izquierda" src="FQ_MA_11_05_034.gif"></formula
> </td>
</tr>
<tr>
<td><formula alineacion="izquierda" src="FQ_MA_11_05_035.gif"></formula
> </td>
</tr>
<tr>
<td><formula alineacion="izquierda" src="FQ_MA_11_05_036.gif"></formula
> </td>
</tr>
</tbody>
</table>
<table border="1"><caption>Primitiva de funciones trascendentes</caption>
<tbody>
<tr>
<td><formula alineacion="izquierda" src="FQ_MA_11_05_037.gif"></formula
> </td>
</tr>
<tr>
<td><formula alineacion="izquierda" src="FQ_MA_11_05_038.gif"></formula
> </td>
</tr>
<tr>
<td><formula alineacion="izquierda" src="FQ_MA_11_05_039.gif"></formula
> </td>
</tr>
</tbody>
</table>
<table border="1"><caption>Primitiva de funciones trigonométricas</caption>
<tbody>
<tr>
<td><formula alineacion="izquierda" src="FQ_MA_11_05_040.gif"></formula
> </td>
</tr>
<tr>
<td><formula alineacion="izquierda" src="FQ_MA_11_05_041.gif"></formula
> </td>
</tr>
<tr>
<td><formula alineacion="izquierda" src="FQ_MA_11_05_042.gif"></formula
> </td>
</tr>
<tr>
<td><formula alineacion="izquierda" src="FQ_MA_11_05_043.gif"></formula
> </td>
</tr>
<tr>
<td><formula alineacion="izquierda" src="FQ_MA_11_05_044.gif"></formula
> </td>
</tr>
<tr>
<td><formula alineacion="izquierda" src="FQ_MA_11_05_045.gif"></formula
> </td>
</tr>
</tbody>
</table>
<p>                 <negrita>Ejemplo 3</negrita>               </p>
<p>Usando la tabla de integrales inmediatas, encontrar la integral
indefinida de cada función.</p>
<formula alineacion="izquierda" src="FQ_MA_11_05_046.gif"></formula>
<formula alineacion="centrada" src="FQ_MA_11_05_047.gif"></formula>
<formula alineacion="centrada" src="FQ_MA_11_05_048.gif"></formula>
<p>Por tanto:</p>
<formula alineacion="centrada" src="FQ_MA_11_05_049.gif"></formula>
<formula alineacion="izquierda" src="FQ_MA_11_05_050.gif"></formula>
<formula alineacion="centrada" src="FQ_MA_11_05_051.gif"></formula>
<p>Se concluye que:</p>
<formula alineacion="centrada" src="FQ_MA_11_05_052.gif"></formula>
<formula alineacion="izquierda" src="FQ_MA_11_05_053.gif"></formula>
<formula alineacion="centrada" src="FQ_MA_11_05_054.gif"></formula>
<p>Por tanto, se obtiene:</p>
<formula alineacion="centrada" src="FQ_MA_11_05_055.gif"></formula>
<formula alineacion="izquierda" src="FQ_MA_11_05_056.gif"></formula>
<formula alineacion="centrada" src="FQ_MA_11_05_057.gif"></formula>
<formula alineacion="centrada" src="FQ_MA_11_05_058.gif"></formula>
<formula alineacion="centrada" src="FQ_MA_11_05_059.gif"></formula>
<p>Finalmente se concluye que:</p>
<formula alineacion="centrada" src="FQ_MA_11_05_060.gif"></formula>
<practica>
<enlace
destino="/LoIdRedirect.aspx?LoId=MA_11_05_CO_Recurso030&amp;IdRecurso=RES-20E557C60A8E4427AD9C601BAE4DD090"
>Practica integración de funciones indefinidas</enlace>
</practica></seccion3Texto></seccion3><seccion3
id="S3_MA_11_05_CO_7DC4F999EF52414D9E8EF826557F96E7">
<seccion3Titulo>Soluciones particulares</seccion3Titulo>
<seccion3Texto>
<p>Se ha dicho que las antiderivadas de una función forman una familia
de funciones, cuyas soluciones se diferencian una de otra solo por
la constante de integración <cursiva>C</cursiva>.</p>
<p>Por ejemplo, la integral de la función <cursiva>f</cursiva>(<cursiva
>x</cursiva>) = 5<cursiva>x</cursiva><superindice>2</superindice> +
2<cursiva>x</cursiva> – 3 es:</p>
<formula alineacion="izquierda" src="FQ_MA_11_05_061.gif"></formula>
<formula alineacion="izquierda" src="FQ_MA_11_05_062.gif"></formula>
<p>Finalmente:</p>
<formula alineacion="izquierda" src="FQ_MA_11_05_063.gif"></formula>
<p>Si se sustituye el valor de <cursiva>C</cursiva> por distintos
valores, se obtienen algunas integrales de la función <cursiva>f</cursiva
>(<cursiva>x</cursiva>) dada.</p>
<p>Ahora, si el planteamiento del ejercicio brinda información adicional,
es posible obtener una solución particular de una integral dada. A
este tipo de información se le llama <negrita>condición inicial</negrita
>.</p>
<recuerda><recuerdaTexto>
<p>Una condición inicial se da cuando se conoce el valor de <cursiva
>F</cursiva>(<cursiva>x</cursiva>) para un valor <cursiva>x</cursiva
> dado.</p>
</recuerdaTexto></recuerda>
<p>Por ejemplo, calcular una solución particular para la función <cursiva
>F</cursiva>(<cursiva>x</cursiva>) = (5<cursiva>x</cursiva><superindice
>2</superindice> + 2<cursiva>x</cursiva> – 3) <cursiva>dx</cursiva
> si <cursiva>F</cursiva>(0) = 2.</p>
<p>En este caso, la solución particular determina que si <cursiva
>F</cursiva>(<cursiva>x</cursiva>) = 5/3<cursiva>x</cursiva><superindice
>3</superindice> + <cursiva>x</cursiva><superindice>2</superindice
> – 3<cursiva>x</cursiva> + <cursiva>C</cursiva>, entonces:</p>
<p centrado="si">2 = 5/3(0)<superindice>3</superindice> + (0)<superindice
>2</superindice> – 0 + <cursiva>C</cursiva></p>
<p>Al resolver la ecuación se obtiene que <cursiva>C</cursiva> = 2.</p>
<p>Así, la solución particular para la integral es:</p>
<p centrado="si"><cursiva>F</cursiva>(<cursiva>x</cursiva>) = 5/3<cursiva
>x</cursiva><superindice>3</superindice> + <cursiva>x</cursiva><superindice
>2</superindice> – 3<cursiva>x</cursiva> + 2</p>
<p>Al igual que la derivación, la integración resulta un método útil
para encontrar la ecuación de una recta o solucionar problemas de
física o de otras áreas.</p>
<p>Veamos:</p>
<p>Encontrar la función <cursiva>f</cursiva>(<cursiva>x</cursiva>)
que pasa por el punto (0, 2), <cursiva>f ”</cursiva> (<cursiva>x</cursiva
>) 2<cursiva>x</cursiva> – 1 y la pendiente de la recta tangente en
dicho punto es <cursiva>m</cursiva> = 4.</p>
<p>Como la función pasa por el punto (0, 2), entonces <cursiva>f</cursiva
>(0) = 2. Además, como la pendiente de la recta tangente de la función
en <cursiva>x</cursiva> = 0 es 4, entonces <cursiva>f ’</cursiva> (0)
= 4. Luego, se halla <cursiva>f ’</cursiva> (<cursiva>x</cursiva>),
con <cursiva>f ’</cursiva> (0) = 4, como sigue:</p>
<formula alineacion="centrada" src="FQ_MA_11_05_064.gif"></formula>
<p>Se sustituye <cursiva>x</cursiva> = 0:</p>
<p centrado="si"><cursiva>f ’</cursiva> (0) = (0)2 – (0) + <cursiva
>C</cursiva></p>
<p>Se sustituye <cursiva>f ’</cursiva> (0) = 4:</p>
<p centrado="si">4 = <cursiva>C</cursiva></p>
<p>De esa forma:</p>
<p centrado="si"><cursiva>f ’</cursiva> (<cursiva>x</cursiva>) = <cursiva
>x</cursiva><superindice>2</superindice> – <cursiva>x</cursiva> +
4</p>
<p>En el campo de la física es posible analizar lo siguiente: si una
partícula se mueve en línea recta, la función de posición <cursiva
>s</cursiva>(<cursiva>t</cursiva>) es una antiderivada de su función
de velocidad <cursiva>v</cursiva>(<cursiva>t</cursiva>); es decir, <cursiva
>s’</cursiva> (<cursiva>t</cursiva>) = <cursiva>v</cursiva>(<cursiva
>t</cursiva>).</p>
<p>Igualmente, como la velocidad es una antiderivada de la aceleración,
se tiene que <cursiva>v’</cursiva> (<cursiva>t</cursiva>) = <cursiva
>a</cursiva>(<cursiva>t</cursiva>).</p>
<p>Teniendo condiciones iníciales, puede determinarse la función de
posición de una partícula a partir de la función de aceleración de
la partícula. Observa.</p>
<p>Determinar la función de posición de una partícula que parte del
reposo, en la posición <cursiva>s</cursiva> = 3 y cuya aceleración
en el tiempo <cursiva>t</cursiva>, es <cursiva>a</cursiva>(<cursiva
>t</cursiva>) = 15 m/s<superindice>2</superindice>.  </p>
<p>Si <cursiva>s</cursiva>(<cursiva>t</cursiva>) es la posición de
un objeto, <cursiva>v</cursiva>(<cursiva>t</cursiva>) su velocidad
y <cursiva>a</cursiva>(<cursiva>t</cursiva>) su aceleración en función
del tiempo <cursiva>t</cursiva>, entonces:</p>
<formula alineacion="centrada" src="FQ_MA_11_05_065.gif"></formula>
<formula alineacion="centrada" src="FQ_MA_11_05_066.gif"></formula>
<p>Así se facilita el cálculo de <cursiva>v</cursiva>(<cursiva>t</cursiva
>).</p>
<formula alineacion="centrada" src="FQ_MA_11_05_067.gif"></formula>
<p>Como la partícula parte del reposo se sabe que <cursiva>C</cursiva
> = 0.</p>
<p>Por tanto, <cursiva>v</cursiva>(<cursiva>t</cursiva>) = 15<cursiva
>t</cursiva> m/s.</p>
<p>Ahora se reemplaza para hallar <cursiva>s</cursiva>(<cursiva>t</cursiva
>).</p>
<formula alineacion="centrada" src="FQ_MA_11_05_068.gif"></formula>
<p>Como <cursiva>B</cursiva> = 3, finalmente se obtiene:</p>
<formula alineacion="centrada" src="FQ_MA_11_05_069.gif"></formula>
<practica>
<enlace
destino="/LoIdRedirect.aspx?LoId=MA_11_05_CO_Recurso040&amp;IdRecurso=RES-7B390C1D3B6C43D1A7D85D180DB2118C"
>Reconoce la derivada y antiderivada de una función</enlace>
</practica><profundiza>
<enlace
destino="/LoIdRedirect.aspx?LoId=MA_11_05_CO_Recurso050&amp;IdRecurso=RES-778F10CA95D943D2A853AB2B09C0EC77"
>El estudio de las integrales</enlace>
</profundiza></seccion3Texto></seccion3></seccion2Texto></seccion2>
<seccion2 id="S2_MA_11_05_CO_7DC4F999EF52414D9E8EF826557F85D6">
<seccion2Titulo>Consolidación</seccion2Titulo>
<seccion2Texto>
<p>Actividades para consolidar lo que has aprendido en esta sección.</p>
<practica>
<enlace
destino="/LoIdRedirect.aspx?LoId=MA_11_05_CO_Recurso060&amp;IdRecurso=RES-9BD910D4877D4A12A0134BF1198F24C0"
>Refuerza tu aprendizaje: La antiderivada</enlace>
</practica></seccion2Texto></seccion2></seccion1Texto></seccion1>
<seccion1 id="S1_MA_11_05_CO_9A53B78C00F0494791F7AD0D3E0F24C4">
<seccion1Titulo>Métodos de integración</seccion1Titulo>
<seccion1Texto>
<p>En ocasiones no es posible calcular la integral inmediata de una
función. Por tal razón, es necesario aplicar otros métodos que permitan
obtener una expresión equivalente que haga posible aplicar las propiedades
de las integrales o alguna fórmula de integrales inmediatas. Los métodos
que se estudiarán en esta sección se denominan la integración por
sustitución y la integración por partes.</p>
<seccion2 id="S2_MA_11_05_CO_DFC776DA258F433591CFBD8A2776B2ED">
<seccion2Titulo>La integración por sustitución</seccion2Titulo>
<seccion2Texto>
<p>La integración por sustitución tiene su fundamento en la regla
de la cadena para derivar funciones compuestas y consiste en realizar
un cambio de variable en la función a la cual se le va a hallar la
integral para obtener una expresión que sea más fácil de integrar.</p>
<destacado><destacadoTitulo>La integración por sustitución</destacadoTitulo>
<destacadoTexto>
<p>Si <cursiva>f</cursiva> y <cursiva>g</cursiva> son funciones derivables
tales que <cursiva>y</cursiva> = <cursiva>f</cursiva>(<cursiva>g</cursiva
>(<cursiva>x</cursiva>)) y <cursiva>F</cursiva> es una antiderivada
de <cursiva>f</cursiva>, entonces:</p>
<formula alineacion="centrada" src="FQ_MA_11_05_070.gif"></formula>
<p>Si se considera que <cursiva>u</cursiva> = <cursiva>g</cursiva
>(<cursiva>x</cursiva>), entonces <cursiva>du</cursiva> = <cursiva
>g’</cursiva> (<cursiva>x</cursiva>) <cursiva>dx</cursiva>, entonces:</p>
<formula alineacion="centrada" src="FQ_MA_11_05_071.gif"></formula>
</destacadoTexto></destacado>
<p>             <negrita>Ejemplo 1</negrita>           </p>
<p>Evaluar la siguiente integral.</p>
<formula alineacion="izquierda" src="FQ_MA_11_05_072.gif"></formula>
<p>Sea <cursiva>g</cursiva>(<cursiva>x</cursiva>) = <cursiva>x</cursiva
><superindice>4</superindice> + 3<cursiva>x</cursiva>; entonces <cursiva
>g´</cursiva> (<cursiva>x</cursiva>) = 4<cursiva>x</cursiva><superindice
>3</superindice> + 3.</p>
<p>Así, por la regla anterior, se obtiene:</p>
<formula alineacion="izquierda" src="FQ_MA_11_05_073.gif"></formula>
<formula alineacion="izquierda" src="FQ_MA_11_05_074.gif"></formula>
<p>             <negrita>Ejemplo 2</negrita>           </p>
<p>Hallar la siguiente integral empleando el método de sustitución.</p>
<formula alineacion="izquierda" src="FQ_MA_11_05_075.gif"></formula>
<p>Sea <cursiva>u</cursiva> = <cursiva>x</cursiva><superindice>3</superindice
> + 6<cursiva>x</cursiva>; entonces <cursiva>du</cursiva> = (3<cursiva
>x</cursiva><superindice>2</superindice> + 6) <cursiva>dx</cursiva
></p>
<p>Pero, (6<cursiva>x</cursiva><superindice>2</superindice> + 12)
= 2(3<cursiva>x</cursiva><superindice>2</superindice> + 6) = 2 <cursiva
>du</cursiva>, y en consecuencia:</p>
<formula alineacion="izquierda" src="FQ_MA_11_05_076.gif"></formula>
<formula alineacion="izquierda" src="FQ_MA_11_05_077.gif"></formula>
<formula alineacion="izquierda" src="FQ_MA_11_05_078.gif"></formula>
<p>Así se puede afirmar que:</p>
<formula alineacion="izquierda" src="FQ_MA_11_05_079.gif"></formula>
<p>             <negrita>Ejemplo 3</negrita>           </p>
<p>Calcular la siguiente integral.</p>
<formula alineacion="izquierda" src="FQ_MA_11_05_080.gif"></formula>
<p>Sea <cursiva>u</cursiva> = (<cursiva>x</cursiva><superindice>2</superindice
> + 4); entonces <cursiva>du</cursiva> = 2<cursiva>x</cursiva><cursiva
>dx</cursiva>, por tanto:</p>
<formula alineacion="izquierda" src="FQ_MA_11_05_081.gif"></formula>
<formula alineacion="izquierda" src="FQ_MA_11_05_082.gif"></formula>
<p>             <negrita>Ejemplo 4</negrita>           </p>
<p>Calcular la siguiente integral.</p>
<formula alineacion="izquierda" src="FQ_MA_11_05_083.gif"></formula>
<formula alineacion="izquierda" src="FQ_MA_11_05_084.gif"></formula>
<formula alineacion="izquierda" src="FQ_MA_11_05_085.gif"></formula>
<p>Si <cursiva>u</cursiva> = <cursiva>x</cursiva><superindice>2</superindice
>, entonces:</p>
<formula alineacion="izquierda" src="FQ_MA_11_05_086.gif"></formula>
<formula alineacion="izquierda" src="FQ_MA_11_05_087.gif"></formula>
<p>Entonces</p>
<formula alineacion="izquierda" src="FQ_MA_11_05_088.gif"></formula>
<p>También se pueden calcular las integrales usando el método de sustitución
o desarrollando el integrando, y observando cómo varían las constantes
de integración.</p>
<p>En el siguiente ejemplo se presenta una aplicación.</p>
<p>             <negrita>Ejemplo 5</negrita>           </p>
<p>Cerca de la superficie de la Tierra, la aceleración a la que cae
un objeto, debida a la gravedad, es de 10 metros por segundo por segundo
(m/s<superindice>2</superindice>), siempre y cuando sea posible despreciar
la resistencia del aire. Si un objeto se lanza directamente hacia
arriba desde una altura inicial de 300 metros a una velocidad de 15
metros por segundo (m/s), ¿cuál es su velocidad y altura 4 segundos
después del lanzamiento?</p>
<imagen src="MA_11_05_CO_IMG17_small.jpg">
<p>Objeto en caída libre.</p>
</imagen>
<p>Supongamos que la altura <cursiva>s</cursiva> se considera positiva
hacia arriba. Entonces <cursiva>v</cursiva> = <cursiva>ds</cursiva
>/<cursiva>dt</cursiva> inicialmente es positiva (<cursiva>s</cursiva
> está aumentando con relación al punto de lanzamiento), pero <cursiva
>a</cursiva> = <cursiva>dv</cursiva>/<cursiva>dt</cursiva> es negativa
(la fuerza que ejerce la gravedad es descendente, por lo que el valor <cursiva
>v</cursiva> disminuye).</p>
<formula alineacion="centrada" src="FQ_MA_11_05_089.gif"></formula>
<formula alineacion="centrada" src="FQ_MA_11_05_090.gif"></formula>
<p>Como <cursiva>v</cursiva> = 15 en <cursiva>t</cursiva> = 0, entonces
se obtiene que <cursiva>C</cursiva> = 15, y así:</p>
<p centrado="si"><cursiva>v</cursiva> = –10<cursiva>t</cursiva> +
15</p>
<p>Ahora, <cursiva>v</cursiva> = <cursiva>ds</cursiva>/<cursiva>dt</cursiva
>, entonces:</p>
<p centrado="si"><cursiva>ds</cursiva>/<cursiva>dt</cursiva> = –10<cursiva
>t</cursiva> + 15</p>
<p centrado="si"><cursiva>ds</cursiva> = (–10<cursiva>t</cursiva> +
15) <cursiva>dt</cursiva></p>
<p>Al integrar ambos términos se obtiene</p>
<formula alineacion="centrada" src="FQ_MA_11_05_091.gif"></formula>
<p centrado="si"><cursiva>s</cursiva> = –5<cursiva>t</cursiva><superindice
>2</superindice> + 15<cursiva>t</cursiva> + <cursiva>K</cursiva></p>
<p>Como <cursiva>s</cursiva> = 300 en <cursiva>t</cursiva> = 0, se
calcula que <cursiva>K</cursiva> = 300, por tanto:</p>
<p centrado="si"><cursiva>s</cursiva> = –5<cursiva>t</cursiva><superindice
>2</superindice> + 15<cursiva>t</cursiva> + 300</p>
<p>Finalmente, en <cursiva>t</cursiva> = 4:</p>
<p centrado="si"><cursiva>v</cursiva> = –10(4) + 15 = –25 m/s</p>
<p centrado="si"><cursiva>s</cursiva> = –5(4)<superindice>2</superindice
> + 15(4) + 300 = 280 m</p>
<p>Observa que si <cursiva>v</cursiva> = <cursiva>v<subindice>o</subindice
></cursiva> y <cursiva>s</cursiva> = <cursiva>s<subindice>o</subindice
></cursiva> en <cursiva>t</cursiva> = 0, se obtienen las conocidas
fórmulas de caída libre de un cuerpo.</p>
<p centrado="si"><cursiva>a</cursiva> = –10</p>
<p centrado="si"><cursiva>v</cursiva> = –5<cursiva>t</cursiva> + <cursiva
>v<subindice>o</subindice></cursiva></p>
<p centrado="si"><cursiva>s</cursiva> = –5<cursiva>t</cursiva><superindice
>2</superindice> + <cursiva>v<subindice>ot</subindice></cursiva> + <cursiva
>s<subindice>o</subindice></cursiva></p>
<practica>
<enlace
destino="/LoIdRedirect.aspx?LoId=MA_11_05_CO_Recurso070&amp;IdRecurso=RES-412742B74436428EB7621CD59EBB05D1"
>Aplica el método de integración por sustitución</enlace>
</practica></seccion2Texto></seccion2><seccion2
id="S2_MA_11_05_CO_DFC776DA258F433591CFBD8A2776C423">
<seccion2Titulo>La integración por partes</seccion2Titulo>
<seccion2Texto>
<p>El procedimiento de integración por partes tiene su fundamento
en la regla de derivación del producto de dos funciones, en el caso
de que una de ellas sea la derivada de una función fácil de obtener.</p>
<p>Así, la derivada de la función (<cursiva>f</cursiva>(<cursiva>x</cursiva
>) <cursiva>g</cursiva>(<cursiva>x</cursiva>))<cursiva>’</cursiva
> = <cursiva>f’</cursiva> (<cursiva>x</cursiva>) <cursiva>g</cursiva
>(<cursiva>x</cursiva>) + <cursiva>f</cursiva>(<cursiva>x</cursiva
>) <cursiva>g’</cursiva> (<cursiva>x</cursiva>), entonces:</p>
<p>             <cursiva>f</cursiva>(<cursiva>x</cursiva>) <cursiva
>g’</cursiva> (<cursiva>x</cursiva>) = (<cursiva>f</cursiva>(<cursiva
>x</cursiva>) <cursiva>g</cursiva>(<cursiva>x</cursiva>))<cursiva
>’</cursiva> – <cursiva>f’</cursiva> (<cursiva>x</cursiva>) <cursiva
>g</cursiva>(<cursiva>x</cursiva>)</p>
<p>Al calcular la integral de los dos miembros de la igualdad, resulta:</p>
<formula alineacion="centrada" src="FQ_MA_11_05_092.gif"></formula>
<destacado><destacadoTitulo>La integración por partes</destacadoTitulo>
<destacadoTexto>
<p>Para calcular la integral de una función por partes se aplica la
siguiente fórmula:</p>
<formula alineacion="centrada" src="FQ_MA_11_05_093.gif"></formula>
</destacadoTexto></destacado>
<p>Generalmente, aplicando cambio de variables se utiliza la fórmula
equivalente:</p>
<formula alineacion="centrada" src="FQ_MA_11_05_094.gif"></formula>
<p>Esta expresión sirve para calcular el producto de dos funciones,
donde una de ellas es la derivada de una función conocida y la integral
original es equivalente a otra más simple de hallar.</p>
<p>Para aplicar el método de integración por partes es conveniente:</p>
<listaNumerada>
<listaElemento>Determinar entre las expresiones del integrando <cursiva
>u</cursiva> y <cursiva>dv</cursiva>.</listaElemento>
<listaElemento>Derivar <cursiva>u</cursiva> para determinar <cursiva
>du</cursiva>.</listaElemento>
<listaElemento>Se integra <cursiva>dv</cursiva> para hallar la función <cursiva
>v</cursiva>.</listaElemento>
<listaElemento>Se aplica la fórmula de integración por partes y se
soluciona la integral dada.</listaElemento>
</listaNumerada>
<p>             <negrita>Ejemplo 6</negrita>           </p>
<p>Hallar la siguiente integral.</p>
<formula alineacion="izquierda" src="FQ_MA_11_05_095.gif"></formula>
<p>Sean <cursiva>u</cursiva> = <cursiva>x</cursiva> y <cursiva>dv</cursiva
> = cos <cursiva>x</cursiva><cursiva>dx</cursiva>.</p>
<p>Entonces: <cursiva>du</cursiva> = <cursiva>dx</cursiva> y <cursiva
>v</cursiva> = sen <cursiva>x</cursiva></p>
<p>Al reemplazar en la fórmula se obtiene:</p>
<formula alineacion="izquierda" src="FQ_MA_11_05_096.gif"></formula>
<p>La integral que aparece a la derecha de esta expresión es conocida.
Por tanto, tenemos:</p>
<formula alineacion="izquierda" src="FQ_MA_11_05_097.gif"></formula>
<p>             <negrita>Ejemplo 7</negrita>           </p>
<p>Hallar la integral dada aplicando la integración por partes.</p>
<formula alineacion="izquierda" src="FQ_MA_11_05_098.gif"></formula>
<p>Sean <cursiva>u</cursiva> = <cursiva>x</cursiva><superindice>2</superindice
> y <cursiva>dv</cursiva> = <cursiva>e<superindice>x</superindice
></cursiva><cursiva>dx</cursiva>.</p>
<p>Entonces: <cursiva>du</cursiva> = <cursiva>2x dx</cursiva> y <cursiva
>v</cursiva> = <cursiva>e<superindice>x</superindice></cursiva></p>
<p>Reemplazando se llega a:</p>
<formula alineacion="izquierda" src="FQ_MA_11_05_099.gif"></formula>
<p>En este caso, la segunda integral es más fácil que la primera,
pero necesitamos continuar de la misma manera. Cuando la segunda integral
se integra por partes así:</p>
<p>             <cursiva>u</cursiva> = <cursiva>x</cursiva> y <cursiva
>dv</cursiva> = <cursiva>e<superindice>x</superindice> dx</cursiva
></p>
<p>De modo que <cursiva>du</cursiva> = <cursiva>dx</cursiva> y <cursiva
>v</cursiva> = <cursiva>e<superindice>x</superindice></cursiva>, entonces: </p>
<formula alineacion="izquierda" src="FQ_MA_11_05_100.gif"></formula>
<p>Se reemplaza en la ecuación 1, y el resultado final es:</p>
<formula alineacion="izquierda" src="FQ_MA_11_05_101.gif"></formula>
<p>En ocasiones ocurre que la integral con la que se comienza aparece
por segunda vez durante la integración por partes. En este caso es
posible resolver la ecuación mediante la aplicación del álgebra elemental.
Veamos.</p>
<p>             <negrita>Ejemplo 8</negrita>           </p>
<p>Resolver la siguiente integral.</p>
<formula alineacion="izquierda" src="FQ_MA_11_05_102.gif"></formula>
<p>Por facilidad, se denota la integral por <cursiva>j</cursiva>.
Según el proceso de integración por partes:</p>
<p>             <cursiva>u</cursiva> = <cursiva>e<superindice>x</superindice
></cursiva> y <cursiva>dv</cursiva> = cos <cursiva>x</cursiva><cursiva
>dx</cursiva></p>
<p>Entonces: <cursiva>du</cursiva> = <cursiva>e<superindice>x</superindice
> dx</cursiva> y <cursiva>v</cursiva> = sen <cursiva>x</cursiva>,
por tanto:</p>
<formula alineacion="izquierda" src="FQ_MA_11_05_103.gif"></formula>
<p>Observa que el segundo término de la derecha de la igualdad no
es tan fácil de integrar, pero se puede aplicar de nuevo la integración
por partes, así:</p>
<p>             <cursiva>u</cursiva> = <cursiva>e<superindice>x</superindice
></cursiva> y <cursiva>dv</cursiva> = sen <cursiva>x</cursiva><cursiva
>dx</cursiva></p>
<p>             <cursiva>du</cursiva> = <cursiva>e<superindice>x</superindice
> dx</cursiva> y <cursiva>v</cursiva> = –cos <cursiva>x</cursiva></p>
<p>Por consiguiente:</p>
<formula alineacion="izquierda" src="FQ_MA_11_05_104.gif"></formula>
<p>Notemos que la integral del segundo miembro es nuevamente <cursiva
>j</cursiva>, por tanto, se escribe:</p>
<formula alineacion="izquierda" src="FQ_MA_11_05_105.gif"></formula>
<p>Al reemplazar esta ecuación en la ecuación 1, se llega a:</p>
<formula alineacion="izquierda" src="FQ_MA_11_05_106.gif"></formula>
<p>Es fácil resolver la ecuación para hallar <cursiva>j</cursiva>:</p>
<formula alineacion="izquierda" src="FQ_MA_11_05_107.gif"></formula>
<p>De donde:</p>
<formula alineacion="izquierda" src="FQ_MA_11_05_108.gif"></formula>
<p>Finalmente, solo se agrega la constante de integración:</p>
<formula alineacion="izquierda" src="FQ_MA_11_05_109.gif"></formula>
<recuerda><recuerdaTexto>
<p>La expresión general para la integración por partes</p>
<formula alineacion="centrada" src="FQ_MA_11_05_110.gif"></formula>
<p>consiste en seleccionar una parte del integrando como <cursiva
>u</cursiva> y la restante como <cursiva>dv</cursiva>, de manera que <cursiva
>dv</cursiva> sea fácilmente integrable para obtener <cursiva>v</cursiva
> y la integral de la derecha corresponde a una integral simple de
fácil deducción.</p>
</recuerdaTexto></recuerda><practica>
<enlace
destino="/LoIdRedirect.aspx?LoId=MA_11_05_CO_Recurso080&amp;IdRecurso=RES-F8F8ED368DF748B4A0D67EE3A174F4DA"
>Ejercita el método de integración por partes</enlace>
</practica></seccion2Texto></seccion2><seccion2
id="S2_MA_11_05_CO_DFC776DA258F433591CFBD8A27760127">
<seccion2Titulo>Integrales de funciones trigonométricas</seccion2Titulo>
<seccion2Texto>
<p>Algunas de las funciones trigonométricas se pueden expresar como
productos o cocientes de otras funciones cuyas integrales ya son conocidas.</p>
<p>             <negrita>Ejemplo 9</negrita>           </p>
<p>Determinar la integral.</p>
<formula alineacion="centrada" src="FQ_MA_11_05_111.gif"></formula>
<p>En este caso, se tiene que la función cos<superindice>3</superindice
><cursiva>x</cursiva> tiene exponente impar y sen<superindice>4</superindice
><cursiva>x</cursiva> exponente par, así que se puede realizar la
siguiente sustitución:</p>
<p>             <cursiva>u</cursiva> = sen <cursiva>x</cursiva> y
al derivar se obtiene <cursiva>du</cursiva> = cos <cursiva>xdx</cursiva
>.</p>
<p>Entonces:</p>
<formula alineacion="izquierda" src="FQ_MA_11_05_112.gif"></formula>
<formula alineacion="izquierda" src="FQ_MA_11_05_113.gif"></formula>
<formula alineacion="izquierda" src="FQ_MA_11_05_114.gif"></formula>
<formula alineacion="izquierda" src="FQ_MA_11_05_115.gif"></formula>
<p>Como <cursiva>u</cursiva> = sen <cursiva>x</cursiva>, entonces:</p>
<formula alineacion="izquierda" src="FQ_MA_11_05_116.gif"></formula>
<p>             <negrita>Ejemplo 10</negrita>           </p>
<p>Calcular la siguiente integral.</p>
<formula alineacion="izquierda" src="FQ_MA_11_05_121.gif"></formula>
<formula alineacion="izquierda" src="FQ_MA_11_05_122.gif"></formula>
<formula alineacion="izquierda" src="FQ_MA_11_05_123.gif"></formula>
<formula alineacion="izquierda" src="FQ_MA_11_05_124.gif"></formula>
<practica>
<enlace
destino="/LoIdRedirect.aspx?LoId=MA_11_05_CO_Recurso090&amp;IdRecurso=RES-D75FCDC5B5AD4140878AA607EF9DDFA4"
>Integra funciones trigonométricas</enlace>
</practica></seccion2Texto></seccion2><seccion2
id="S2_MA_11_05_CO_DFC776DA258F433591CFBD8A2776A1DC">
<seccion2Titulo>Consolidación</seccion2Titulo>
<seccion2Texto>
<p>Actividades para afianzar lo aprendido en esta sección.</p>
<practica>
<enlace
destino="/LoIdRedirect.aspx?LoId=MA_11_05_CO_Recurso100&amp;IdRecurso=RES-1E68A55FA391479DB7F223686965F499"
>Refuerza tu aprendizaje: Los métodos de integración</enlace>
</practica></seccion2Texto></seccion2></seccion1Texto></seccion1>
<seccion1 id="S1_MA_11_05_CO_4CCE11135D3348FC9B5D72ED3F21462B">
<seccion1Titulo>Áreas</seccion1Titulo>
<seccion1Texto>
<p>Es fácil calcular el área de una región plana cuando está limitada
por segmentos de recta. Por ejemplo, si la región es un rectángulo,
un triángulo o cualquier polígono que se pueda dividir en triángulos,
existen fórmulas que permiten determinar su área.</p>
<p>Para encontrar áreas de regiones cuyos límites no son segmentos
rectos, sino gráficas de funciones, es necesario utilizar un proceso
que se fundamenta en el concepto de límite.</p>
<p>Por ejemplo, la siguiente gráfica muestra una región <cursiva>S</cursiva
> en un plano coordenado, limitada por segmentos de rectas verticales
que intersecan al eje <cursiva>X</cursiva> en el punto<br/> <cursiva
>x</cursiva> = <cursiva>a</cursiva> y en el punto <cursiva>x</cursiva
> = <cursiva>b</cursiva>, por el eje <cursiva>X</cursiva> y por la
gráfica de la función <cursiva>y</cursiva> = <cursiva>f</cursiva>(<cursiva
>x</cursiva>), continua y no negativa en el intervalo [<cursiva>a</cursiva
>, <cursiva>b</cursiva>].</p>
<imagen src="MA_11_05_CO_IMG02_small.jpg">
<p>Las áreas de los rectángulos por encima de la curva, son el área
por exceso.</p>
</imagen>
<p>Como ninguna porción de la gráfica está por debajo del eje <cursiva
>X</cursiva>, se dice que <cursiva>S</cursiva> es la región bajo la
gráfica de <cursiva>f</cursiva> entre los puntos <cursiva>a</cursiva
> y <cursiva>b</cursiva>.</p>
<p>Para calcular el área de <cursiva>S</cursiva> se hace una partición
del intervalo [<cursiva>a</cursiva>, <cursiva>b</cursiva>] en partes
iguales, formando rectángulos de igual base. Algunos de estos rectángulos
quedan por encima de la curva y otros por debajo de ella, como se
muestra en la imagen anterior.</p>
<p>La suma de las áreas de los rectángulos de la gráfica, <cursiva
>S<subindice>1</subindice></cursiva>, constituye una aproximación
por <negrita>exceso</negrita> del área que se quiere determinar.</p>
<p>La suma de las áreas de los rectángulos de la gráfica, <cursiva
>S<subindice>2</subindice></cursiva>, constituye una aproximación
por <negrita>defecto</negrita> del área bajo la curva.</p>
<imagen src="MA_11_05_CO_IMG03_small.jpg">
<p>Las áreas sin sombrear, por debajo de la curva, constituyen el
área por defecto.</p>
</imagen>
<p>Si se considera una partición del intervalo [<cursiva>a</cursiva
>, <cursiva>b</cursiva>] en partes iguales, pero con rectángulos de
menor base, se obtiene una aproximación mayor al área buscada.</p>
<p>Luego, el área <cursiva>S</cursiva> de la región bajo la curva
es la suma de las áreas de los rectángulos obtenidos cuando <cursiva
>n</cursiva> (número de rectángulos) es muy grande y su base (∆<cursiva
>x</cursiva>) es muy pequeña. Así:</p>
<formula alineacion="centrada" src="FQ_MA_11_05_125.gif"></formula>
<imagen src="MA_11_05_CO_IMG04_small.jpg">
<p>Cuanto menor sea la base de los rectángulos elementales, menor
será el área sombreada.</p>
</imagen>
<seccion2 id="S2_MA_11_05_CO_683570907482459BB9A200DE533930E6">
<seccion2Titulo>La integral definida</seccion2Titulo>
<seccion2Texto>
<p>Una función <cursiva>f</cursiva> continua y no negativa, tiene
área bajo su gráfica si la amplitud de la partición ∆<cursiva>x</cursiva
> tiende a cero, entonces el límite de las aproximaciones por exceso
es igual al límite de las aproximaciones por defecto.</p>
<destacado><destacadoTitulo>La integral definida</destacadoTitulo>
<destacadoTexto>
<p>Se llama <negrita>integral definida</negrita> entre <cursiva>a</cursiva
> y <cursiva>b</cursiva> de <cursiva>f</cursiva>(<cursiva>x</cursiva
>), al área de la porción de plano limitado por la gráfica de la función <cursiva
>f</cursiva>(<cursiva>x</cursiva>), el eje <cursiva>X</cursiva> y
las rectas <cursiva>x</cursiva> = <cursiva>a</cursiva> y <cursiva
>x</cursiva> = <cursiva>b</cursiva>. Se denota así:</p>
<formula alineacion="centrada" src="FQ_MA_11_05_126.gif"></formula>
<p>Si la integral definida de <cursiva>f</cursiva> desde <cursiva
>a</cursiva> hasta <cursiva>b</cursiva> existe, se dice que <cursiva
>f</cursiva> es <negrita>integrable</negrita> en el intervalo cerrado
[<cursiva>a</cursiva>, <cursiva>b</cursiva>].</p>
<p>Los números <cursiva>a</cursiva> y <cursiva>b</cursiva> se llaman <negrita
>límites de integración</negrita>. El punto <cursiva>a</cursiva> es
el límite inferior y el punto <cursiva>b</cursiva> es el límite superior.</p>
<p>La función <cursiva>f</cursiva>(<cursiva>x</cursiva>) a la derecha
del signo de la integral se llama <negrita>integrando</negrita>.</p>
</destacadoTexto></destacado>
<imagen src="MA_11_05_CO_IMG13_small.jpg">
<p>El área bajo la curva se representa con la integral de <cursiva
>f</cursiva>(<cursiva>x</cursiva>) en el intervalo [<cursiva>a</cursiva
>, <cursiva>b</cursiva>].</p>
</imagen>
</seccion2Texto></seccion2><seccion2
id="S2_MA_11_05_CO_6BFC143D02454DDA8FBA7E39D63A1317">
<seccion2Titulo>Propiedades de la integral definida</seccion2Titulo>
<seccion2Texto>
<p>Para enunciar las propiedades más importantes de la integral definida
es necesario aclarar que las funciones <cursiva>f</cursiva> y <cursiva
>g</cursiva> son integrables en [<cursiva>a</cursiva>, <cursiva>b</cursiva
>], y <cursiva>k</cursiva> es una constante.</p>
<listaSinNumerar>
<listaElemento>               <negrita>Propiedad 1:</negrita> si la
base del área de la región bajo la curva es cero, el área es cero
y se denota así:<br/><formula alineacion="centrada"
src="FQ_MA_11_05_127.gif"></formula></listaElemento>
</listaSinNumerar>
<imagen src="MA_11_05_CO_IMG05_small.jpg">
<p>La base del rectángulo es cero y su área será nula.</p>
</imagen>
<listaSinNumerar>
<listaElemento>               <negrita>Propiedad 2:</negrita> el área
de la región bajo la curva siempre será positiva si <cursiva>f</cursiva
>(<cursiva>x</cursiva>) es positiva. Es decir, para todo <cursiva
>x</cursiva> en el intervalo [<cursiva>a</cursiva>, <cursiva>b</cursiva
>] y <cursiva>f</cursiva>(<cursiva>x</cursiva>) > 0 se cumple que:<br
/><formula alineacion="centrada" src="FQ_MA_11_05_128.gif"></formula
></listaElemento>
</listaSinNumerar>
<imagen src="MA_11_05_CO_IMG06_small.jpg">
<p>El área bajo la curva sobre el eje <cursiva>X</cursiva> es positiva.</p>
</imagen>
<listaSinNumerar>
<listaElemento>               <negrita>Propiedad 3:</negrita> el área
de la región bajo la curva siempre será negativa si <cursiva>f</cursiva
>(<cursiva>x</cursiva>) es negativa. Es decir, para todo <cursiva
>x</cursiva> en el intervalo [<cursiva>a</cursiva>, <cursiva>b</cursiva
>] y <cursiva>f</cursiva>(<cursiva>x</cursiva>) &lt; 0 se cumple que:<br
/><formula alineacion="centrada" src="FQ_MA_11_05_129.gif"></formula
></listaElemento>
</listaSinNumerar>
<imagen src="MA_11_05_CO_IMG07_small.jpg">
<p>El área mostrada, debajo del eje <cursiva>X</cursiva>, es negativa.</p>
</imagen>
<listaSinNumerar>
<listaElemento>               <negrita>Propiedad 4:</negrita> si <cursiva
>f</cursiva> es una función integrable en un intervalo que contiene
los puntos <cursiva>a</cursiva>, <cursiva>b</cursiva> y <cursiva>c</cursiva
>, tal que <cursiva>a</cursiva> &lt; <cursiva>c</cursiva> &lt; <cursiva
>b</cursiva>, entonces: <br/><formula alineacion="centrada"
src="FQ_MA_11_05_130.gif"></formula></listaElemento>
</listaSinNumerar>
<imagen src="MA_11_05_CO_IMG08_small.jpg">
<p>El área total será la suma de las áreas parciales determinadas
por los intervalos.</p>
</imagen>
<listaSinNumerar>
<listaElemento>               <negrita>Propiedad 5:</negrita> si <cursiva
>f</cursiva> y <cursiva>g</cursiva> son funciones integrables en [<cursiva
>a</cursiva>, <cursiva>b</cursiva>], entonces también lo son las funciones <cursiva
>f</cursiva> + <cursiva>g</cursiva> y <cursiva>f</cursiva> – <cursiva
>g</cursiva>. Es decir:<br/><formula alineacion="centrada"
src="FQ_MA_11_05_131.gif"></formula></listaElemento>
<listaElemento>               <negrita>Propiedad 6:</negrita> para
todo real <cursiva>k</cursiva> constante se cumple:<br/><formula
alineacion="centrada" src="FQ_MA_11_05_132.gif"></formula></listaElemento>
<listaElemento>               <negrita>Propiedad 7:</negrita> si se
intercambian los límites de integración cambia el signo de la integral.<br
/><formula alineacion="centrada" src="FQ_MA_11_05_133.gif"></formula
></listaElemento>
<listaElemento>               <negrita>Propiedad 8:</negrita> si <cursiva
>f</cursiva> y <cursiva>g</cursiva> son funciones integrables en el
intervalo [<cursiva>a</cursiva>, <cursiva>b</cursiva>] y si <cursiva
>f</cursiva>(<cursiva>x</cursiva>) ≥ <cursiva>g</cursiva>(<cursiva
>x</cursiva>) para todo <cursiva>x</cursiva> que pertenezca al intervalo,
entonces:<br/><formula alineacion="centrada" src="FQ_MA_11_05_134.gif">
</formula></listaElemento>
<listaElemento>               <negrita>Propiedad 9:</negrita> si la
función es constante, su integral es el producto de la constante por
la diferencia de los límites de integración.<br/><formula
alineacion="centrada" src="FQ_MA_11_05_135.gif"></formula></listaElemento>
</listaSinNumerar>
<p>             <negrita>Ejemplo 1</negrita>           </p>
<p>Realizar la representación gráfica de la integral definida por:</p>
<formula alineacion="centrada" src="FQ_MA_11_05_136.gif"></formula>
<p>La región que representa la integral dada es la limitada por la
función <cursiva>f</cursiva>(<cursiva>x</cursiva>) = <cursiva>x</cursiva
><superindice>2</superindice> + 1, en el intervalo [0, 3]. </p>
<imagen src="MA_11_05_CO_IMG14_small.jpg">
<p>El área de la región sombreada corresponde a la integral de la
función <cursiva>f</cursiva>(<cursiva>x</cursiva>).</p>
</imagen>
<p>             <negrita>Ejemplo 2</negrita>           </p>
<p>Calcular la integral definida de la función que se representa en
la gráfica.</p>
<formula alineacion="centrada" src="FQ_MA_11_05_137.gif"></formula>
<imagen src="MA_11_05_CO_IMG15_small.jpg">
<p>El área de la región sombreada corresponde a la integral de la
función <cursiva>f</cursiva>(<cursiva>x</cursiva>).</p>
</imagen>
<p>En la gráfica se observa que la región que demarca la integral
definida de <cursiva>f</cursiva>(<cursiva>x</cursiva>) es la limitada <cursiva
>f</cursiva>(<cursiva>x</cursiva>) = <cursiva>x</cursiva> + 1, el
eje <cursiva>X</cursiva> y las rectas <cursiva>x</cursiva> = 1 y <cursiva
>x</cursiva> = 5.</p>
<p>La región corresponde a un trapecio de altura 4 cm y bases paralelas
de 2 cm y 6 cm.</p>
<p>Entonces, se aplica la fórmula del área del trapecio:</p>
<formula alineacion="izquierda" src="FQ_MA_11_05_138.gif"></formula>
<formula alineacion="izquierda" src="FQ_MA_11_05_139.gif"></formula>
<p>Luego:</p>
<formula alineacion="izquierda" src="FQ_MA_11_05_140.gif"></formula>
<p>             <negrita>Ejemplo 3</negrita>           </p>
<p>Determinar el valor de las siguientes integrales, si:</p>
<formula alineacion="centrada" src="FQ_MA_11_05_141.gif"></formula>
<formula alineacion="izquierda" src="FQ_MA_11_05_144.gif"></formula>
<formula alineacion="izquierda" src="FQ_MA_11_05_142.gif"></formula>
<p>Entonces:</p>
<formula alineacion="centrada" src="FQ_MA_11_05_143.gif"></formula>
<formula alineacion="izquierda" src="FQ_MA_11_05_145.gif"></formula>
<p>Luego:</p>
<formula alineacion="izquierda" src="FQ_MA_11_05_146.gif"></formula>
<formula alineacion="izquierda" src="FQ_MA_11_05_147.gif"></formula>
<formula alineacion="izquierda" src="FQ_MA_11_05_148.gif"></formula>
<formula alineacion="izquierda" src="FQ_MA_11_05_149.gif"></formula>
<formula alineacion="izquierda" src="FQ_MA_11_05_150.gif"></formula>
<formula alineacion="izquierda" src="FQ_MA_11_05_151.gif"></formula>
<p>Con esa información calcular</p>
<formula alineacion="izquierda" src="FQ_MA_11_05_152.gif"></formula>
<formula alineacion="izquierda" src="FQ_MA_11_05_153.gif"></formula>
<formula alineacion="izquierda" src="FQ_MA_11_05_154.gif"></formula>
<formula alineacion="izquierda" src="FQ_MA_11_05_155.gif"></formula>
<formula alineacion="izquierda" src="FQ_MA_11_05_156.gif"></formula>
<practica>
<enlace
destino="/LoIdRedirect.aspx?LoId=MA_11_05_CO_Recurso120&amp;IdRecurso=RES-339D0079F7274B4E858F38F2CA97AF5F"
>Reconoce propiedades de las integrales a partir de sus aproximaciones
por área bajo la curva</enlace>
</practica></seccion2Texto></seccion2><seccion2
id="S2_MA_11_05_CO_5A5C4AF4B0CD4FCE89EDDC7CACFD7AE4">
<seccion2Titulo>Consolidación</seccion2Titulo>
<seccion2Texto>
<p>Actividades para afianzar lo aprendido en esta sección.</p>
<practica>
<enlace
destino="/LoIdRedirect.aspx?LoId=MA_11_05_CO_Recurso140&amp;IdRecurso=RES-5F3910D654DB4ACCA44BF53F7D0C32A6"
>Refuerza tu aprendizaje: El área bajo la curva</enlace>
</practica></seccion2Texto></seccion2></seccion1Texto></seccion1>
<seccion1 id="S1_MA_11_05_CO_6084D10E5B2C4AE09BAC9AEBFE4A1E2D">
<seccion1Titulo>Relación entre integración y derivación</seccion1Titulo>
<seccion1Texto>
<p>Para establecer la relación entre la derivación y la integración
en esta sección se estudiarán dos teoremas.</p>
<seccion2 id="S2_MA_11_05_CO_CBF37FF036FF4F0281E8E0F0FB5587D8">
<seccion2Titulo>Primer teorema fundamental del cálculo</seccion2Titulo>
<seccion2Texto>
<p>El teorema que se presenta a continuación recibe el nombre de <negrita
>teorema fundamental del cálculo</negrita>, ya que expresa, de manera
concisa, la relación entre el cálculo diferencial y el cálculo integral.</p>
<destacado><destacadoTitulo>Primer teorema fundamental del cálculo</destacadoTitulo>
<destacadoTexto>
<p>Sea <cursiva>f</cursiva> una función continua en un intervalo cerrado
[<cursiva>a</cursiva>, <cursiva>b</cursiva>]. Si <cursiva>F</cursiva
> es una función definida por</p>
<formula alineacion="centrada" src="FQ_MA_11_05_189.gif"></formula>
<p>entonces es <cursiva>F</cursiva> continua y derivable en (<cursiva
>a</cursiva>, <cursiva>b</cursiva>) y, además, es una antiderivada
de <cursiva>f</cursiva> en [<cursiva>a</cursiva>, <cursiva>b</cursiva
>]; es decir, <cursiva>F’</cursiva>(<cursiva>x</cursiva>) = <cursiva
>f</cursiva>(<cursiva>x</cursiva>) para todo <cursiva>x</cursiva> en
el intervalo [<cursiva>a</cursiva>, <cursiva>b</cursiva>].</p>
</destacadoTexto></destacado>
<p>             <negrita>Ejemplo 1</negrita>           </p>
<p>Determinar la función <cursiva>f ’</cursiva> (<cursiva>x</cursiva
>) si</p>
<formula alineacion="izquierda" src="FQ_MA_11_05_157.gif"></formula>
<p>Primero se calcula la integral:</p>
<formula alineacion="izquierda" src="FQ_MA_11_05_158.gif"></formula>
<formula alineacion="izquierda" src="FQ_MA_11_05_159.gif"></formula>
<p>Se evalúa la función entre <cursiva>x</cursiva> y 0 y se obtiene <cursiva
>f</cursiva>(<cursiva>x</cursiva>).</p>
<p>             <cursiva>f</cursiva>(<cursiva>x</cursiva>) = <cursiva
>x</cursiva><superindice>3</superindice></p>
<p>Entonces <cursiva>f ’</cursiva> (<cursiva>x</cursiva>) = 3<cursiva
>x</cursiva><superindice>2</superindice>.</p>
</seccion2Texto></seccion2><seccion2
id="S2_MA_11_05_CO_22870308B6CB466483B9C05C73DA7493">
<seccion2Titulo>Segundo teorema fundamental del cálculo</seccion2Titulo>
<seccion2Texto>
<p>El teorema que se muestra a continuación, y que puede considerarse
como la segunda parte del teorema anterior, suele emplearse para encontrar
la integral definida sin usar límites de sumas. El método se conoce
como <negrita>regla de Barrow</negrita>.</p>
<destacado><destacadoTitulo>La regla de Barrow</destacadoTitulo>
<destacadoTexto>
<p>Si <cursiva>f</cursiva> es una función continua en un intervalo
cerrado [<cursiva>a</cursiva>, <cursiva>b</cursiva>] y si <cursiva
>F</cursiva> es una antiderivada de <cursiva>f</cursiva>, entonces</p>
<formula alineacion="centrada" src="FQ_MA_11_05_160.gif"></formula>
</destacadoTexto></destacado>
<p>Para calcular las integrales definidas usando la regla de Barrow,
se pueden seguir los siguientes pasos:</p>
<listaNumerada>
<listaElemento>Determinar una función <cursiva>F</cursiva>(<cursiva
>x</cursiva>), tal que <cursiva>F’</cursiva> (<cursiva>x</cursiva
>) = <cursiva>f</cursiva>(<cursiva>x</cursiva>).</listaElemento>
<listaElemento>Evaluar <cursiva>F</cursiva>(<cursiva>x</cursiva>)
en los límites de integración, es decir, <cursiva>F</cursiva>(<cursiva
>a</cursiva>) y <cursiva>F</cursiva>(<cursiva>b</cursiva>).</listaElemento>
<listaElemento>Calcular la diferencia entre <cursiva>F</cursiva>(<cursiva
>a</cursiva>) y <cursiva>F</cursiva>(<cursiva>b</cursiva>), es decir, <cursiva
>F</cursiva>(<cursiva>a</cursiva>) – <cursiva>F</cursiva>(<cursiva
>b</cursiva>).</listaElemento>
</listaNumerada>
<p><negrita>Ejemplo 2</negrita></p>
<p>Usando la regla de Barrow, evaluar las siguientes integrales</p>
<formula alineacion="izquierda" src="FQ_MA_11_05_161.gif"></formula>
<formula alineacion="izquierda" src="FQ_MA_11_05_162.gif"></formula>
<formula alineacion="izquierda" src="FQ_MA_11_05_163.gif"></formula>
<formula alineacion="izquierda" src="FQ_MA_11_05_164.gif"></formula>
<formula alineacion="izquierda" src="FQ_MA_11_05_165.gif"></formula>
<formula alineacion="izquierda" src="FQ_MA_11_05_166.gif"></formula>
<formula alineacion="izquierda" src="FQ_MA_11_05_167.gif"></formula>
<formula alineacion="izquierda" src="FQ_MA_11_05_168.gif"></formula>
<p>Al calcular ese valor se obtiene aproximadamente 65,68.</p>
<p>En ocasiones, es necesario utilizar algunos de los métodos de integración,
que ya hemos visto, para calcular la integral definida y aplicar la
regla de Barrow.</p>
<p>             <negrita>Ejemplo 3</negrita>           </p>
<p>Evaluar la siguiente integral.</p>
<formula alineacion="izquierda" src="FQ_MA_11_05_169.gif"></formula>
<p>En este caso se utiliza el método de sustitución así:</p>
<p>Sea <cursiva>u</cursiva> = <cursiva>x</cursiva><superindice>2</superindice
> + <cursiva>x</cursiva>, entonces <cursiva>du</cursiva> = 2<cursiva
>x</cursiva> + 1, por tanto:</p>
<formula alineacion="izquierda" src="FQ_MA_11_05_170.gif"></formula>
<p>Entonces, aplicando el segundo teorema fundamental del cálculo,
se llega a:</p>
<formula alineacion="izquierda" src="FQ_MA_11_05_171.gif"></formula>
<formula alineacion="izquierda" src="FQ_MA_11_05_172.gif"></formula>
<formula alineacion="izquierda" src="FQ_MA_11_05_173.gif"></formula>
<practica>
<enlace
destino="/LoIdRedirect.aspx?LoId=MA_11_05_CO_Recurso160&amp;IdRecurso=RES-0F0A32A12995475EB00254C2E27D35FD"
>Aplica la regla de Barrow</enlace>
</practica></seccion2Texto></seccion2><seccion2
id="S2_MA_11_05_CO_780A044E1F7C48BA88E36FE262A01094">
<seccion2Titulo>Consolidación</seccion2Titulo>
<seccion2Texto>
<p>Actividades para afianzar lo aprendido en esta sección.</p>
<practica>
<enlace
destino="/LoIdRedirect.aspx?LoId=MA_11_05_CO_Recurso170&amp;IdRecurso=RES-1721678988044FF08BDF2C00D339A59B"
>Refuerza tu aprendizaje: La relación entre las derivadas y las integrales</enlace>
</practica></seccion2Texto></seccion2></seccion1Texto></seccion1>
<seccion1 id="S1_MA_11_05_CO_E6855B3AC4E24A0C8E47A0BEBED99D8A">
<seccion1Titulo>Cálculo de áreas por integración</seccion1Titulo>
<seccion1Texto>
<p>Una de las aplicaciones de la integral definida es el cálculo del
área de una región plana.</p>
<destacado><destacadoTitulo>Cálculo del área de una región</destacadoTitulo>
<destacadoTexto>
<p>Sea <cursiva>f</cursiva> una función continua en el intervalo [<cursiva
>a</cursiva>, <cursiva>b</cursiva>], tal que <cursiva>f</cursiva>(<cursiva
>x</cursiva>) ≥ 0.</p>
<p>La región limitada por <cursiva>f</cursiva>(<cursiva>x</cursiva
>), las rectas <cursiva>x</cursiva> = <cursiva>a</cursiva>, <cursiva
>x</cursiva> = <cursiva>b</cursiva> y el eje <cursiva>X</cursiva> tiene
por área</p>
<formula alineacion="centrada" src="FQ_MA_11_05_175.gif"></formula>
</destacadoTexto></destacado>
<imagen src="MA_11_05_CO_IMG09_small.jpg">
<p>El área bajo la curva está determinada por el valor de la integral
en el intervalo [<cursiva>a</cursiva>, <cursiva>b</cursiva>].</p>
</imagen>
<p>         <negrita>Ejemplo 1</negrita>       </p>
<p>Hallar el área de cada región limitada por <cursiva>x</cursiva
> = 1, <cursiva>x</cursiva> = 3 y la función <cursiva>f</cursiva>(<cursiva
>x</cursiva>) = <cursiva>x</cursiva><superindice>2</superindice> – <cursiva
>x</cursiva>. Trazar la gráfica. Para iniciar, se calcula el área
bajo la curva con las condiciones dadas, así:</p>
<formula alineacion="izquierda" src="FQ_MA_11_05_176.gif"></formula>
<formula alineacion="izquierda" src="FQ_MA_11_05_177.gif"></formula>
<formula alineacion="izquierda" src="FQ_MA_11_05_178.gif"></formula>
<p>En la siguiente figura se ilustra la región.</p>
<imagen src="MA_11_05_CO_IMG10_small.jpg">
<p>Gráfica de la función <cursiva>f</cursiva>(<cursiva>x</cursiva
>) = <cursiva>x</cursiva><superindice>2</superindice> – <cursiva>x</cursiva
>.</p>
</imagen>
<p>La función <cursiva>f</cursiva> continua, frecuentemente, determina
dos o más regiones separadas por el eje <cursiva>X</cursiva>. En este
caso, se calculan las áreas de las regiones por separado, adicionando
las áreas que están por encima del eje <cursiva>X</cursiva> y sustrayendo
las áreas que resultan debajo del mismo.</p>
<imagen src="MA_11_05_CO_IMG11_small.jpg">
<p>Función continua con áreas por encima y por debajo del eje <cursiva
>X</cursiva>.</p>
</imagen>
<p>         <negrita>Ejemplo 2</negrita>       </p>
<p>Encontrar el área de la región determinada por <cursiva>y</cursiva
> = <cursiva>x</cursiva><superindice>3</superindice> + <cursiva>x</cursiva
><superindice>2</superindice>  – 5<cursiva>x</cursiva> – 3, y limitada
por las rectas <cursiva>x</cursiva> = –2, <cursiva>x</cursiva> = 2
y el eje <cursiva>X</cursiva>.</p>
<p>En la siguiente figura se ilustra la región.</p>
<imagen src="MA_11_05_CO_IMG12_small.jpg">
<p>Gráfica de la función <cursiva>y</cursiva> = <cursiva>x</cursiva
><superindice>3</superindice> + <cursiva>x</cursiva><superindice>2</superindice
>  – 5<cursiva>x</cursiva> – 3</p>
</imagen>
<p>Se observa que una parte está por encima del eje <cursiva>X</cursiva
> y otra está debajo. Estas dos áreas se calculan por separado.</p>
<p>         <cursiva>A</cursiva> = <cursiva>A</cursiva><subindice
>1</subindice> – <cursiva>A</cursiva><subindice>2</subindice></p>
<formula alineacion="izquierda" src="FQ_MA_11_05_179.gif"></formula>
<formula alineacion="izquierda" src="FQ_MA_11_05_180.gif"></formula>
<formula alineacion="izquierda" src="FQ_MA_11_05_181.gif"></formula>
<p>De otro lado:</p>
<formula alineacion="izquierda" src="FQ_MA_11_05_182.gif"></formula>
<formula alineacion="izquierda" src="FQ_MA_11_05_182a.gif"></formula>
<formula alineacion="izquierda" src="FQ_MA_11_05_183.gif"></formula>
<p>Por tanto: <cursiva>A</cursiva> = <cursiva>A</cursiva><subindice
>1</subindice> – <cursiva>A</cursiva><subindice>2</subindice></p>
<formula alineacion="izquierda" src="FQ_MA_11_05_184.gif"></formula>
<p>         <negrita>Ejemplo 3</negrita>       </p>
<p>Hallar el área de la región limitada por la función <cursiva>f</cursiva
>(<cursiva>x</cursiva>) = cos <cursiva>x</cursiva>, el eje <cursiva
>X</cursiva> y las rectas <br/><cursiva>x</cursiva> = 0 y <cursiva
>x</cursiva> = 5π/2. Para iniciar, se identifican los intervalos donde
la función <cursiva>f</cursiva>(<cursiva>x</cursiva>) es positiva
y los intervalos donde es negativa.</p>
<imagen src="MA_11_05_CO_IMG16_small.jpg">
<p>Gráfica de la función <cursiva>f</cursiva>(<cursiva>x</cursiva
>) = cos <cursiva>x</cursiva> en el intervalo [0, 5π/2].</p>
</imagen>
<p>En la imagen se observa la gráfica de <cursiva>f</cursiva>(<cursiva
>x</cursiva>). En ella se reconoce que en los intervalos [0, π/2]
∪ [3 π/2, 5π/2] la función es positiva y es negativa en el intervalo
[π/2, 3π/2].</p>
<p>Por tanto, se definen las siguientes integrales:</p>
<formula alineacion="centrada" src="FQ_MA_11_05_185.gif"></formula>
<formula alineacion="centrada" src="FQ_MA_11_05_186.gif"></formula>
<formula alineacion="centrada" src="FQ_MA_11_05_187.gif"></formula>
<formula alineacion="centrada" src="FQ_MA_11_05_188.gif"></formula><?Pub
Caret -2?>
<seccion2 id="S2_MA_11_05_CO_780A044E1F7C48BA88E36FE262A05463">
<seccion2Titulo>Consolidación</seccion2Titulo>
<seccion2Texto>
<p>Actividades para afianzar lo aprendido en esta sección.</p>
<practica>
<enlace
destino="/LoIdRedirect.aspx?LoId=MA_11_05_CO_Recurso200&amp;IdRecurso=RES-775637FE032549E3BABB55F710D5F015"
>Refuerza tu aprendizaje: El cálculo de áreas</enlace>
</practica></seccion2Texto></seccion2></seccion1Texto></seccion1>
<seccion1 id="S1_MA_11_05_CO_92909CE066C24600A279F10A929A6E93">
<seccion1Titulo>Competencias</seccion1Titulo>
<seccion1Texto>
<p>Pon a prueba tus capacidades y aplica lo aprendido con estos recursos.</p>
<practica>
<enlace
destino="/LoIdRedirect.aspx?LoId=MA_11_05_CO_Recurso220&amp;IdRecurso=RES-26A9C9045E7A4252B89FC13B3334CF8E"
>Competencias: El área entre dos funciones</enlace>
</practica></seccion1Texto></seccion1><masinformacion
id="MI_MA_11_05_CO_055ABACEBE1A4F829B2D893EE5EBD17E"><mapaconceptual>
<enlace
destino="/LoIdRedirect.aspx?LoId=MA_11_05_CO_Recurso240&amp;IdRecurso=RES-4FE33997477A4B949C09F0CDB4B4BD12"
>Mapa conceptual del tema Las integrales</enlace></mapaconceptual>
<autoevaluate><enlace
destino="/LoIdRedirect.aspx?LoId=MA_11_05_CO_Recurso250&amp;IdRecurso=RES-B0924AE69D0E4C1793F652026DAADEE4"
>Evalúa tus conocimientos sobre el tema Las integrales</enlace>
</autoevaluate><enlacesreferencia>
<enlace
destino="https://es.scribd.com/doc/126648100/Aplicacion-de-las-Integrales-en-la-Vida-Real"
>Lee algunos ejemplos de aplicaciones de las integrales en la vida
cotidiana. </enlace>
<enlace destino="http://www.ecured.cu/Integral_Indefinida">Afianza
el concepto de integral indefinida en la página de EcuRed.</enlace>
<enlace
destino="http://www.vitutor.com/integrales/metodos/integrales_ejercicios.html"
>Practica el cálculo de integrales realizando los ejercicios propuestos
en la página de Vitutor.</enlace>
</enlacesreferencia></masinformacion></libro>
