﻿<?xml version="1.0" encoding="utf-8"?>
<motor tipo="9" clase="b" aprid="m9b">
  <plataforma>
    <grado><![CDATA[2]]></grado>
    <titulo>Practica la ley de los exponentes</titulo>
    <area>0</area>
    <nivel>2</nivel>
    <referencia />
    <idreg><![CDATA[0]]></idreg>
    <motor><![CDATA[M9B]]></motor>
    <lang>es</lang>
  </plataforma>
  <enunciado><![CDATA[Simplifica cada expresión aplicando la ley de los exponentes y arrastra cada resultado a su expresión correspondiente.]]></enunciado>
  <masinfo inicio="0" />
  <calc><![CDATA[0]]></calc>
  <imagen><![CDATA[MA_08_02_REC130_IMG01.png]]></imagen>
  <ampliacion><![CDATA[MA_08_02_REC130_IMG01a.png]]></ampliacion>
  <sonido />
  <textoatexto cantidad="6">
    <cuestion>
      <pregunta>1</pregunta>
      <respuesta><![CDATA[{{cur}}x{{normal}}³{{cur}}y{{normal}}⁴]]></respuesta>
    </cuestion>
    <cuestion>
      <pregunta>2</pregunta>
      <respuesta><![CDATA[{{cur}}x{{normal}}³{{cur}}y{{normal}}⁶]]></respuesta>
    </cuestion>
    <cuestion>
      <pregunta>3</pregunta>
      <respuesta><![CDATA[{{cur}}x{{normal}}⁴{{cur}}y{{normal}}³]]></respuesta>
    </cuestion>
    <cuestion>
      <pregunta>4</pregunta>
      <respuesta><![CDATA[{{cur}}x{{normal}}⁷{{cur}}y{{normal}}⁴]]></respuesta>
    </cuestion>
    <cuestion>
      <pregunta>5</pregunta>
      <respuesta><![CDATA[{{cur}}y{{normal}}⁷]]></respuesta>
    </cuestion>
    <cuestion>
      <pregunta>6</pregunta>
      <respuesta><![CDATA[{{cur}}x{{normal}}⁷]]></respuesta>
    </cuestion>
  </textoatexto>
</motor>