﻿<?xml version="1.0" encoding="UTF-8"?>
<motor tipo="2" clase="a" aprid="M2a">
  <plataforma>
    <grado><![CDATA[2]]></grado>
    <titulo>Repasa los conceptos básicos de los polinomios</titulo>
    <area>3</area>
    <nivel>1</nivel>
    <referencia><![CDATA[MT_10_02_02]]></referencia>
    <idreg><![CDATA[865]]></idreg>
    <motor><![CDATA[M2A]]></motor>
    <lang>es</lang>
  </plataforma>
  <enunciado><![CDATA[Completa el siguiente texto sobre los polinomios.]]></enunciado>
  <masinfo inicio="0" />
  <calc><![CDATA[0]]></calc>
  <sonido />
  <textoacategoria>
    <cuestion>
      <pregunta><![CDATA[Un [*] es una expresión algebraica en la que las únicas operaciones que aparecen son el [*] y la potenciación con exponentes [*], la parte [*] del monomio está formada por las [*] y los exponentes, el [*] es el [*] que aparece [*] a las variables, por ejemplo dos monomios son [*] cuando tienen la misma parte literal. Un [*] es la suma o resta de dos monomios no semejantes. Un [*] es la suma o la resta de [*] monomios.]]></pregunta>
      <respuestas>
        <respuesta orden="1"><![CDATA[monomio]]></respuesta>
        <respuesta orden="2"><![CDATA[producto]]></respuesta>
        <respuesta orden="3"><![CDATA[naturales]]></respuesta>
        <respuesta orden="4"><![CDATA[literal]]></respuesta>
        <respuesta orden="5"><![CDATA[variables]]></respuesta>
        <respuesta orden="6"><![CDATA[coeficiente]]></respuesta>
        <respuesta orden="7"><![CDATA[número]]></respuesta>
        <respuesta orden="8"><![CDATA[multiplicando]]></respuesta>
        <respuesta orden="9"><![CDATA[semejantes]]></respuesta>
        <respuesta orden="10"><![CDATA[binomio]]></respuesta>
        <respuesta orden="11"><![CDATA[polinomio]]></respuesta>
        <respuesta orden="12"><![CDATA[varios]]></respuesta>
      </respuestas>
    </cuestion>
  </textoacategoria>
  <textofalso cantidad="0" />
  <temps>10</temps>
</motor>