﻿<?xml version="1.0" encoding="UTF-8"?>
<motor tipo="2" clase="a" aprid="m2a">
  <plataforma>
    <grado><![CDATA[1]]></grado>
    <titulo>La multiplicación de polinomios</titulo>
    <area>0</area>
    <nivel>3</nivel>
    <referencia />
    <idreg><![CDATA[0]]></idreg>
    <motor><![CDATA[M2A]]></motor>
    <lang>es</lang>
  </plataforma>
  <enunciado><![CDATA[Arrastra la expresión algebraica correspondiente al producto en cada caso.]]></enunciado>
  <masinfo inicio="0" />
  <calc><![CDATA[0]]></calc>
  <sonido />
  <textoacategoria>
    <cuestion>
      <pregunta><![CDATA[(5{{cur}}x²y{{normal}})(–3{{cur}}xy{{normal}}²) = [*] 
(3{{cur}}x³y³z{{normal}})({{cur}}x³yz²{{normal}} ) = [*]
(–3{{cur}}x{{normal}}{{sup}}4{{normal}}{{cur}}y{{normal}})(–3{{cur}}x{{normal}}²) =  [*] 
5{{cur}}x{{normal}}{{sup}}2{{normal}} (3{{cur}}x{{normal}}{{sup}}5{{normal}} – {{cur}}x{{normal}}³ + 3) = [*]
5{{cur}}x{{normal}}{{sup}}5{{normal}} (2{{cur}}x³ – x{{normal}} – 3) = [*]
–2{{cur}}x{{normal}}² (4{{cur}}x³ – 3x² + 2x{{normal}} – 1) = [*]
(2{{cur}}x – y{{normal}})(3{{cur}}x + y{{normal}}) = [*]
(–{{cur}}x² – 2y{{normal}})(3{{cur}}x + 2y{{normal}}³) = [*]

]]></pregunta>
      <respuestas>
        <respuesta orden="1"><![CDATA[–15{{cur}}x³y³{{normal}}]]></respuesta>
        <respuesta orden="2"><![CDATA[3{{cur}}x{{normal}}{{sup}}6{{normal}}{{cur}}y{{normal}}{{sup}}4{{normal}}{{cur}}z{{normal}}³{{cur}}{{normal}}]]></respuesta>
        <respuesta orden="3"><![CDATA[9{{cur}}x{{normal}}{{sup}}6{{normal}}{{cur}}y{{normal}}]]></respuesta>
        <respuesta orden="4"><![CDATA[15{{cur}}x{{normal}}{{sup}}7{{normal}} – 5{{cur}}x{{normal}}{{sup}}5{{normal}} + 15{{cur}}x{{normal}}²]]></respuesta>
        <respuesta orden="5"><![CDATA[10{{cur}}x{{normal}}{{sup}}8{{normal}} – 5{{cur}}x{{normal}}{{sup}}6{{normal}} – 15{{cur}}x{{normal}}{{sup}}5{{normal}}]]></respuesta>
        <respuesta orden="6"><![CDATA[–8{{cur}}x{{normal}}{{sup}}5{{normal}} + 6{{cur}}x{{normal}}{{sup}}4{{normal}} – 4{{cur}}x{{normal}}³ +2{{cur}}x{{normal}}²]]></respuesta>
        <respuesta orden="7"><![CDATA[6{{cur}}x² – xy – y{{normal}}²]]></respuesta>
        <respuesta orden="8"><![CDATA[–3{{cur}}x{{normal}}³ – 2{{cur}}x²y³{{normal}} –6{{cur}}xy{{normal}}–4{{cur}}y{{normal}}{{normal}}{{sup}}4]]></respuesta>
      </respuestas>
    </cuestion>
  </textoacategoria>
  <textofalso cantidad="2">
    <falso><![CDATA[6{{cur}}x² – 5xy – y²{{normal}}]]></falso>
    <falso><![CDATA[15{{cur}}x{{normal}}{{sup}}7{{normal}} + 5{{cur}}x{{normal}}{{sup}}4{{normal}} – 15{{cur}}x{{normal}}²]]></falso>
  </textofalso>
  <temps>
  </temps>
</motor>