﻿<?xml version="1.0" encoding="utf-8"?><motor tipo="101" clase="a" aprid="m101a">
  <plataforma>
    <grado>2</grado>
    <titulo>Refuerza tu aprendizaje: Los repartos proporcionales</titulo>
    <volumen/>
    <nivel><![CDATA[1]]></nivel>
    <referencia/>
    <motor/>
    <lang>es</lang>
  </plataforma>
  <enunciado><![CDATA[Realiza la siguiente actividad. Cuando termines, haz clic en Enviar. Si es necesario, entrega las respuestas a mano o por e-mail a tu profesor para que pueda validarlas.]]></enunciado>
  <masinfo inicio="0"/>
  <calc><![CDATA[0]]></calc>
  <preguntas cantidad="7">
    <pregunta>
      <enunciado><![CDATA[Plantea una situación de repartos {{neg}}directamente{{normal}} proporcionales. Explica paso a paso el procedimiento que empleaste. ]]></enunciado>
      <explicacion/>
      <nivel><![CDATA[3]]></nivel>
      <tipo><![CDATA[M]]></tipo>
      <imagen/>
      <ampliacion/>
      <texto/>
    </pregunta>
    <pregunta>
      <enunciado><![CDATA[Plantea una situación de repartos {{neg}}inversamente{{normal}} proporcionales. Explica paso a paso el procedimiento que empleaste. ]]></enunciado>
      <explicacion/>
      <nivel><![CDATA[3]]></nivel>
      <tipo><![CDATA[M]]></tipo>
      <imagen/>
      <ampliacion/>
      <texto/>
    </pregunta>
    <pregunta>
      <enunciado><![CDATA[Comprueba si las siguientes afirmaciones corresponden a repartos proporcionales y de qué clase. Luego, completa los datos de la tabla. ]]></enunciado>
      <explicacion/>
      <nivel><![CDATA[3]]></nivel>
      <tipo><![CDATA[M]]></tipo>
      <imagen><![CDATA[MA_07_08_CO_REC110_IMG01n.png]]></imagen>
      <ampliacion><![CDATA[MA_07_08_CO_REC110_IMG01a.png]]></ampliacion>
      <texto/>
    </pregunta>
    <pregunta>
      <enunciado><![CDATA[En una situación de repartos directamente proporcionales, mientras una magnitud A aumenta, ¿qué sucede con la magnitud B? Justifica tu respuesta.]]></enunciado>
      <explicacion/>
      <nivel><![CDATA[2]]></nivel>
      <tipo><![CDATA[M]]></tipo>
      <imagen/>
      <ampliacion/>
      <texto/>
    </pregunta>
    <pregunta>
      <enunciado><![CDATA[En una situación de repartos inversamente proporcionales, mientras una magnitud A aumenta, ¿qué sucede con la magnitud B? Justifica tu respuesta.]]></enunciado>
      <explicacion/>
      <nivel><![CDATA[2]]></nivel>
      <tipo><![CDATA[M]]></tipo>
      <imagen/>
      <ampliacion/>
      <texto/>
    </pregunta>
    <pregunta>
      <enunciado><![CDATA[Si en una situación de repartos proporcionales, la magnitud A aumenta y la magnitud B disminuye, ¿qué tipo de situación de reparto es? Justifica tu respuesta.]]></enunciado>
      <explicacion/>
      <nivel><![CDATA[2]]></nivel>
      <tipo><![CDATA[M]]></tipo>
      <imagen/>
      <ampliacion/>
      <texto/>
    </pregunta>
    <pregunta>
      <enunciado><![CDATA[El siguiente cuadro muestra el comportamiento de dos magnitudes. De acuerdo con esto, ¿qué tipo de reparto es? Justifica tu respuesta.]]></enunciado>
      <explicacion/>
      <nivel><![CDATA[2]]></nivel>
      <tipo><![CDATA[M]]></tipo>
      <imagen><![CDATA[MA_07_08_CO_REC110_IMG02n.png]]></imagen>
      <ampliacion><![CDATA[MA_07_08_CO_REC110_IMG02a.png]]></ampliacion>
      <texto/>
    </pregunta>
  </preguntas>
  <temps>30</temps>
</motor>