﻿<?xml version="1.0" encoding="utf-8"?><motor tipo="101" clase="a" aprid="M101a">
  <plataforma>
    <grado><![CDATA[2]]></grado>
    <titulo>Refuerza tu aprendizaje: Los porcentajes</titulo>
    <area>3</area>
    <nivel>2</nivel>
    <referencia><![CDATA[MT_09_06]]></referencia>
    <idreg><![CDATA[4694]]></idreg>
    <motor><![CDATA[M101A]]></motor>
    <lang>es</lang>
  </plataforma>
  <enunciado><![CDATA[Realiza la siguiente actividad. Cuando termines, haz clic en Enviar. Si es necesario, entrega las respuestas a mano o por e-mail a tu profesor para que pueda validarlas.]]></enunciado>
  <masinfo inicio="0"/>
  <calc><![CDATA[1]]></calc>
  <preguntas cantidad="10">
    <pregunta>
      <enunciado><![CDATA[Los precios en una pizzería no incluyen el 16 % de IVA. Si un chico ha pedido una pizza que vale $ 8500 y una bebida que cuesta $ 1400 sin IVA, ¿cuánto pagará en total el cliente? Explica el procedimiento paso a paso.]]></enunciado>
      <explicacion/>
      <nivel><![CDATA[2]]></nivel>
      <tipo/>
      <imagen/>
      <ampliacion/>
      <texto/>
    </pregunta>
    <pregunta>
      <enunciado><![CDATA[Un fabricante de productos de montaña vende sus artículos al 125 % del precio que cuesta fabricarlos. Si el costo de fabricación de los sacos de dormir es $ 17 000, ¿por cuánto venderá el producto? ¿Cuánto ganará por cada saco de dormir vendido? Justifica tu respuesta. ]]></enunciado>
      <explicacion/>
      <nivel><![CDATA[2]]></nivel>
      <tipo/>
      <imagen/>
      <ampliacion/>
      <texto/>
    </pregunta>
    <pregunta>
      <enunciado><![CDATA[Si una casa que cuesta $ 152 000 000 tiene un descuento de 12 % al pagarla de contado, ¿cuánto cuesta la casa después del descuento? ¿Cuánto es el ahorro al pagarla de contado? Justifica tu respuesta.]]></enunciado>
      <explicacion/>
      <nivel><![CDATA[2]]></nivel>
      <tipo/>
      <imagen/>
      <ampliacion/>
      <texto/>
    </pregunta>
    <pregunta>
      <enunciado><![CDATA[La inscripción a una maratón cuesta $ 65 000. Para los primeros 50 participantes que se inscriban hay un descuento de 13 %. ¿Cuánto debe pagar el participante #34? Justifica tu respuesta. ]]></enunciado>
      <explicacion/>
      <nivel><![CDATA[3]]></nivel>
      <tipo/>
      <imagen/>
      <ampliacion/>
      <texto/>
    </pregunta>
    <pregunta>
      <enunciado><![CDATA[El incremento al galón de gasolina es de 15 % mensual. Si en febrero cada galón costaba $ 8350, ¿cuánto es el precio de un galón de gasolina en abril del mismo año? Justifica tu respuesta. ]]></enunciado>
      <explicacion/>
      <nivel><![CDATA[3]]></nivel>
      <tipo/>
      <imagen/>
      <ampliacion/>
      <texto/>
    </pregunta>
    <pregunta>
      <enunciado><![CDATA[A Fernando le descuentan 28,5 % de su sueldo para impuestos. Si Fernando gana $ 1 325 000, ¿cuánto recibe después del descuento? Justifica tu respuesta.]]></enunciado>
      <explicacion/>
      <nivel><![CDATA[1]]></nivel>
      <tipo/>
      <imagen/>
      <ampliacion/>
      <texto/>
    </pregunta>
    <pregunta>
      <enunciado><![CDATA[Escribe una situación de tu entorno donde se apliquen los porcentajes. ]]></enunciado>
      <explicacion/>
      <nivel><![CDATA[1]]></nivel>
      <tipo/>
      <imagen/>
      <ampliacion/>
      <texto/>
    </pregunta>
    <pregunta>
      <enunciado><![CDATA[¿Es lo mismo aplicar 20 % y luego 30 % que aplicar 50 %? Justifica tu respuesta. ]]></enunciado>
      <explicacion/>
      <nivel><![CDATA[3]]></nivel>
      <tipo/>
      <imagen/>
      <ampliacion/>
      <texto/>
    </pregunta>
    <pregunta>
      <enunciado><![CDATA[El precio de una camiseta tiene 10 % de descuento más un 5 % los días festivos. ¿Qué porcentaje total de descuento tendrá la camiseta los domingos?]]></enunciado>
      <explicacion/>
      <nivel><![CDATA[3]]></nivel>
      <tipo/>
      <imagen/>
      <ampliacion/>
      <texto/>
    </pregunta>
    <pregunta>
      <enunciado><![CDATA[Explica con un ejemplo, el procedimiento para hallar el porcentaje respectivo a un aumento en el valor inicial. ]]></enunciado>
      <explicacion/>
      <nivel><![CDATA[2]]></nivel>
      <tipo/>
      <imagen/>
      <ampliacion/>
      <texto/>
    </pregunta>
  </preguntas>
</motor>