﻿<?xml version="1.0" encoding="utf-8"?>
<motor tipo="7" clase="a" aprid="M7a">
  <plataforma>
    <grado><![CDATA[2]]></grado>
    <titulo>Practica las propiedades de las potencias</titulo>
    <area>3</area>
    <nivel>3</nivel>
    <referencia><![CDATA[MT_10_01_05]]></referencia>
    <idreg><![CDATA[313]]></idreg>
    <motor><![CDATA[M7A]]></motor>
    <lang>es</lang>
  </plataforma>
  <enunciado><![CDATA[Aplica las propiedades de las potencias para resolver las operaciones.]]></enunciado>
  <masinfo inicio="0" />
  <sinaleatoriedad><![CDATA[0]]></sinaleatoriedad>
  <calc><![CDATA[1]]></calc>
  <respuestaunica><![CDATA[0]]></respuestaunica>
  <test cantidad="6">
    <cuestion>
      <enunciado><![CDATA[Resuelve la multiplicación.]]></enunciado>
      <imagen><![CDATA[MT_10_01_03-01.jpg]]></imagen>
      <ampliacion><![CDATA[MT_10_01_03-01g.jpg]]></ampliacion>
      <respuestas>
        <respuesta ruta="MT_10_01_03-01-01.jpg" ampliacion="" correcta="1" />
        <respuesta ruta="MT_10_01_03-01-02.jpg" ampliacion="" correcta="0" />
        <respuesta ruta="MT_10_01_03-01-03.jpg" ampliacion="" correcta="0" />
        <respuesta ruta="MT_10_01_03-01-04.jpg" ampliacion="" correcta="0" />
      </respuestas>
    </cuestion>
    <cuestion>
      <enunciado><![CDATA[Simplifica la operación.]]></enunciado>
      <imagen><![CDATA[MT_10_01_03-02.jpg]]></imagen>
      <ampliacion><![CDATA[MT_10_01_03-02g.jpg]]></ampliacion>
      <respuestas>
        <respuesta ruta="MT_10_01_03-02-01.jpg" ampliacion="" correcta="1" />
        <respuesta ruta="MT_10_01_03-02-02.jpg" ampliacion="" correcta="0" />
        <respuesta ruta="MT_10_01_03-02-03.jpg" ampliacion="" correcta="0" />
        <respuesta ruta="MT_10_01_03-02-04.jpg" ampliacion="" correcta="0" />
      </respuestas>
    </cuestion>
    <cuestion>
      <enunciado><![CDATA[Resuelve la operación.]]></enunciado>
      <imagen><![CDATA[MT_10_01_03-03.jpg]]></imagen>
      <ampliacion><![CDATA[MT_10_01_03-03g.jpg]]></ampliacion>
      <respuestas>
        <respuesta ruta="MT_10_01_03-03-01.jpg" ampliacion="" correcta="1" />
        <respuesta ruta="MT_10_01_03-03-02.jpg" ampliacion="" correcta="0" />
        <respuesta ruta="MT_10_01_03-03-03.jpg" ampliacion="" correcta="0" />
        <respuesta ruta="MT_10_01_03-03-04.jpg" ampliacion="" correcta="0" />
      </respuestas>
    </cuestion>
    <cuestion>
      <enunciado><![CDATA[Resuelve la operación.]]></enunciado>
      <imagen><![CDATA[MT_10_01_03-04.jpg]]></imagen>
      <ampliacion><![CDATA[MT_10_01_03-04g.jpg]]></ampliacion>
      <respuestas>
        <respuesta ruta="MT_10_01_03-04-01.jpg" ampliacion="" correcta="1" />
        <respuesta ruta="MT_10_01_03-04-02.jpg" ampliacion="" correcta="0" />
        <respuesta ruta="MT_10_01_03-04-03.jpg" ampliacion="" correcta="0" />
        <respuesta ruta="MT_10_01_03-04-04.jpg" ampliacion="" correcta="0" />
      </respuestas>
    </cuestion>
    <cuestion>
      <enunciado><![CDATA[Simplifica la operación.]]></enunciado>
      <imagen><![CDATA[MT_10_01_03-05.jpg]]></imagen>
      <ampliacion><![CDATA[MT_10_01_03-05g.jpg]]></ampliacion>
      <respuestas>
        <respuesta ruta="MT_10_01_03-05-01.jpg" ampliacion="" correcta="1" />
        <respuesta ruta="MT_10_01_03-05-02.jpg" ampliacion="" correcta="0" />
        <respuesta ruta="MT_10_01_03-05-03.jpg" ampliacion="" correcta="0" />
        <respuesta ruta="MT_10_01_03-05-04.jpg" ampliacion="" correcta="0" />
      </respuestas>
    </cuestion>
    <cuestion>
      <enunciado><![CDATA[Resuelve la multiplicación.]]></enunciado>
      <imagen><![CDATA[MT_10_01_03-06g.jpg]]></imagen>
      <ampliacion><![CDATA[MT_10_01_03-06g.jpg]]></ampliacion>
      <respuestas>
        <respuesta ruta="MT_10_01_03-06-01.jpg" ampliacion="" correcta="1" />
        <respuesta ruta="MT_10_01_03-06-02.jpg" ampliacion="" correcta="0" />
        <respuesta ruta="MT_10_01_03-06-03.jpg" ampliacion="" correcta="0" />
        <respuesta ruta="MT_10_01_03-06-04.jpg" ampliacion="" correcta="0" />
      </respuestas>
    </cuestion>
  </test>
</motor>