﻿<?xml version="1.0" encoding="utf-8"?>
<motor tipo="5" clase="a" aprid="M5a">
  <plataforma>
    <grado><![CDATA[2]]></grado>
    <titulo>Calcula el dominio de una función</titulo>
    <area>3</area>
    <nivel><![CDATA[2]]></nivel>
    <referencia><![CDATA[MT_10_06_13]]></referencia>
    <idreg><![CDATA[3097]]></idreg>
    <motor><![CDATA[M5A]]></motor>
    <lang>es</lang>
  </plataforma>
  <enunciado><![CDATA[Calcula el dominio de cada función.]]></enunciado>
  <masinfo inicio="0" />
  <sinaleatoriedad><![CDATA[0]]></sinaleatoriedad>
  <calc><![CDATA[1]]></calc>
  <respuestaunica><![CDATA[1]]></respuestaunica>
  <test cantidad="6">
    <cuestion>
      <enunciado><![CDATA[Indica cuál es el dominio de la siguiente función:]]></enunciado>
      <explicacion />
      <imagen><![CDATA[MT_10_06_13_P1_286.jpg]]></imagen>
      <ampliacion><![CDATA[MT_10_06_13_P1_500.jpg]]></ampliacion>
      <respuestas>
        <respuesta contestacion="[4, +∞)" correcta="1" />
        <respuesta contestacion="(–∞, 4)" correcta="0" />
        <respuesta contestacion="(–∞, 4]" correcta="0" />
        <respuesta contestacion="(4, +∞)" correcta="0" />
        <respuesta contestacion="[–4, 4]" correcta="0" />
      </respuestas>
    </cuestion>
    <cuestion>
      <enunciado><![CDATA[Indica cuál es el dominio de la siguiente función:]]></enunciado>
      <explicacion />
      <imagen><![CDATA[MT_10_06_13_P2_286.jpg]]></imagen>
      <ampliacion><![CDATA[MT_10_06_13_P2_500.jpg]]></ampliacion>
      <respuestas>
        <respuesta contestacion="[–1, 1]" correcta="1" />
        <respuesta contestacion="(1, +∞)" correcta="0" />
        <respuesta contestacion="(–∞, 1]" correcta="0" />
        <respuesta contestacion="(–1, 1)" correcta="0" />
        <respuesta contestacion="[–1, +∞)" correcta="0" />
      </respuestas>
    </cuestion>
    <cuestion>
      <enunciado><![CDATA[Indica cuál es el dominio de la siguiente función:]]></enunciado>
      <explicacion />
      <imagen><![CDATA[MT_10_06_13_P3_286.jpg]]></imagen>
      <ampliacion><![CDATA[MT_10_06_13_P3_500.jpg]]></ampliacion>
      <respuestas>
        <respuesta contestacion="Todos los reales excepto el 4." correcta="1" />
        <respuesta contestacion="(4, +∞)" correcta="0" />
        <respuesta contestacion="Todos los reales." correcta="0" />
        <respuesta contestacion="[–4, 4]" correcta="0" />
        <respuesta contestacion="(–4, 4)" correcta="0" />
      </respuestas>
    </cuestion>
    <cuestion>
      <enunciado><![CDATA[Indica cuál es el dominio de la siguiente función:]]></enunciado>
      <explicacion />
      <imagen><![CDATA[MT_10_06_13_P4_286.jpg]]></imagen>
      <ampliacion><![CDATA[MT_10_06_13_P4_500.jpg]]></ampliacion>
      <respuestas>
        <respuesta contestacion="Todos los reales excepto el –1 y el 1." correcta="1" />
        <respuesta contestacion="[–1, 1]" correcta="0" />
        <respuesta contestacion="Todos los reales excepto el 1." correcta="0" />
        <respuesta contestacion="(1, +∞)" correcta="0" />
        <respuesta contestacion="[1, +∞)" correcta="0" />
      </respuestas>
    </cuestion>
    <cuestion>
      <enunciado><![CDATA[Indica cuál es el dominio de la siguiente función:]]></enunciado>
      <explicacion />
      <imagen><![CDATA[MT_10_06_13_P5_286.jpg]]></imagen>
      <ampliacion><![CDATA[MT_10_06_13_P5_500.jpg]]></ampliacion>
      <respuestas>
        <respuesta contestacion="Todos los reales." correcta="1" />
        <respuesta contestacion="Todos los reales excepto el 6." correcta="0" />
        <respuesta contestacion="(5, 6)" correcta="0" />
        <respuesta contestacion="Todos los reales excepto el 2 y el 3." correcta="0" />
        <respuesta contestacion="[5, 6]" correcta="0" />
      </respuestas>
    </cuestion>
    <cuestion>
      <enunciado><![CDATA[Indica cuál es el dominio de la siguiente función:]]></enunciado>
      <explicacion />
      <imagen><![CDATA[MT_10_06_13_P6_286.jpg]]></imagen>
      <ampliacion><![CDATA[MT_10_06_13_P6_500.jpg]]></ampliacion>
      <respuestas>
        <respuesta contestacion="Todos los reales excepto el 2 y el 3." correcta="1" />
        <respuesta contestacion="[2, 3]" correcta="0" />
        <respuesta contestacion="(2, 3)" correcta="0" />
        <respuesta contestacion="Todos los reales." correcta="0" />
        <respuesta contestacion="(3, +∞)" correcta="0" />
      </respuestas>
    </cuestion>
  </test>
</motor>