<?xml version='1.0' encoding='UTF-8'?><motor tipo="13" clase="a" aprid="m13a">
  <plataforma>
    <grado><![CDATA[1]]></grado>
    <titulo>Justifica los procedimientos algebraicos usando las propiedades de las operaciones de los números reales.</titulo>
    <area>0</area>
    <nivel>1</nivel>
    <referencia/>
    <idreg><![CDATA[0]]></idreg>
    <motor><![CDATA[M13A]]></motor>
    <lang>es</lang>
  </plataforma>
  <enunciado><![CDATA[El texto describe la resolución de inecuaciones, a través de las propiedades de orden y las operaciones de números reales. Encuentra los errores en el párrafo: ]]></enunciado>
  <masinfo inicio="1"><![CDATA[Para comprender un procedimiento algebraico, es necesario poder justificarlo a través de las propiedades que se aplican. ]]></masinfo>
  <calc><![CDATA[0]]></calc>
  <texto><![CDATA[Sea la inecuación 4(2x – 7) – 8 > 6 + 3x, al aplicar la propiedad [asociativa| distributiva] de la multiplicación con respecto a la adición se obtiene 8x – 28 – 8 > 6 + 3x; de esta manera 8x – 36 > 6 + 3x; por la existencia de opuestos y la [tricotomía| monotonía] de orden se tiene (8x – 42) + (–6) > (6 + 3x) + (–6); por lo tanto 8x – 42 > 3x; luego se aplica la existencia de opuestos y la [transitividad| monotonía] del orden obteniendo (8x – 42) + (–8x) > 3x + (–8x); por las propiedades asociativa y conmutativa de la adición se obtiene –42 > 3x – 8x de esta forma –42 > –5x. Por último, usando la existencia de [opuestos| inversos] de la multiplicación, y la monotonía de orden resulta que 42/5 < x]]></texto>
  <temps>10</temps>
</motor>