﻿<?xml version="1.0" encoding="utf-8"?>
<motor tipo="1" clase="d" aprid="m1d">
  <plataforma>
    <grado><![CDATA[1]]></grado>
    <titulo>Multiplica números enteros</titulo>
    <area>0</area>
    <nivel>1</nivel>
    <referencia />
    <idreg><![CDATA[0]]></idreg>
    <motor><![CDATA[M1D]]></motor>
    <lang>es</lang>
  </plataforma>
  <enunciado><![CDATA[Resuelve las siguientes multiplicaciones entre números enteros. Utiliza la calculadora.]]></enunciado>
  <masinfo inicio="1"><![CDATA[Para realizar la actividad ten presente que:∙ Al escribir la respuesta, los números de 10 000 en adelante deben llevar un espacio entre las unidades de mil, cien mil y millón.∙ Para multiplicar números enteros puedes seguir la estrctura que se plantea a continuación, para multiplicar dos números enteros. ¡Úsala! pero debes generalizarla para cuatro números enteros. Encuentra una regla.1.	Hallar el valor absoluto de los factores.2.	Multiplicar los valores absolutos de los factores.3.	Escribir el signo del producto:       •	Positivo, cuando los números tengan el mismo signo.       •	Negativo, cuando los números tengan diferente signo.]]></masinfo>
  <sinaleatoriedad><![CDATA[0]]></sinaleatoriedad>
  <calc><![CDATA[1]]></calc>
  <textoatexto cantidad="5">
    <cuestion correccionSinMayusculas="1" correccionSinPuntuacion="0" correccionSinPuntuacionFinal="0">
      <pregunta><![CDATA[75 · (–32) · (–345) · (–530)]]></pregunta>
      <respuesta><![CDATA[-438 840 000]]></respuesta>
    </cuestion>
    <cuestion correccionSinMayusculas="1" correccionSinPuntuacion="0" correccionSinPuntuacionFinal="0">
      <pregunta><![CDATA[( –16) · (–7) · (–21) · (–3)  ]]></pregunta>
      <respuesta><![CDATA[7056]]></respuesta>
    </cuestion>
    <cuestion correccionSinMayusculas="1" correccionSinPuntuacion="0" correccionSinPuntuacionFinal="0">
      <pregunta><![CDATA[(–11) · (–14) · 13 · (–17)]]></pregunta>
      <respuesta><![CDATA[-34 034]]></respuesta>
    </cuestion>
    <cuestion correccionSinMayusculas="1" correccionSinPuntuacion="0" correccionSinPuntuacionFinal="0">
      <pregunta><![CDATA[12 · (–131) · 143 · 30 ]]></pregunta>
      <respuesta><![CDATA[-6 743 880]]></respuesta>
    </cuestion>
    <cuestion correccionSinMayusculas="1" correccionSinPuntuacion="0" correccionSinPuntuacionFinal="0">
      <pregunta><![CDATA[(–345) · (–12) · 4 · (–24)   ]]></pregunta>
      <respuesta><![CDATA[-397 440]]></respuesta>
    </cuestion>
  </textoatexto>
  <textofalso cantidad="0" />
</motor>