﻿<?xml version="1.0" encoding="utf-8"?>
<engine copy="Editorial Planeta" version="1" aprid="f4">
  <main title="Análisis de representaciones de una función" path="MA_09_04_CO_REC80_IMG01.png" buttonsHeight="53">
    <text><![CDATA[<p>Recuerda las diversas formas de representar&nbsp;una funci&oacute;n.</p>
]]></text>
  </main>
  <questions respCorrecta="Respuesta correcta." respIncorrecta="Respuesta incorrecta.">
    <question title="¿Cuál es la expresión verbal que describe la función en la gráfica sagital?" path="MA_09_04_CO_REC80_IMG02.jpg">
      <answers>
        <answer correct="0">
          <text><![CDATA[El cuadrado de x]]></text>
          <explanation width="394"><![CDATA[]]></explanation>
        </answer>
        <answer correct="1">
          <text><![CDATA[El cubo de x]]></text>
          <explanation width="394"><![CDATA[]]></explanation>
        </answer>
        <answer correct="0">
          <text><![CDATA[El triple de x]]></text>
          <explanation width="394"><![CDATA[]]></explanation>
        </answer>
        <answer correct="0">
          <text><![CDATA[El cuádruplo de x]]></text>
          <explanation width="394"><![CDATA[]]></explanation>
        </answer>
        <answer correct="0">
          <text><![CDATA[]]></text>
          <explanation width="394"><![CDATA[]]></explanation>
        </answer>
        <answer correct="0">
          <text><![CDATA[]]></text>
          <explanation width="394"><![CDATA[]]></explanation>
        </answer>
        <answer correct="0">
          <text><![CDATA[]]></text>
          <explanation width="394"><![CDATA[]]></explanation>
        </answer>
        <answer correct="0">
          <text><![CDATA[]]></text>
          <explanation width="394"><![CDATA[]]></explanation>
        </answer>
      </answers>
      <info path="">
        <text><![CDATA[]]></text>
      </info>
    </question>
    <question title="Selecciona la expresión que describe la función en la gráfica sagital." path="MA_09_04_CO_REC80_IMG03.jpg">
      <answers>
        <answer correct="0">
          <text><![CDATA[La mitad de x]]></text>
          <explanation width="394"><![CDATA[]]></explanation>
        </answer>
        <answer correct="0">
          <text><![CDATA[La tercera parte de x]]></text>
          <explanation width="394"><![CDATA[]]></explanation>
        </answer>
        <answer correct="0">
          <text><![CDATA[La décima parte de x]]></text>
          <explanation width="394"><![CDATA[]]></explanation>
        </answer>
        <answer correct="1">
          <text><![CDATA[Inv multiplicativo de x]]></text>
          <explanation width="394"><![CDATA[]]></explanation>
        </answer>
        <answer correct="0">
          <text><![CDATA[]]></text>
          <explanation width="394"><![CDATA[]]></explanation>
        </answer>
        <answer correct="0">
          <text><![CDATA[]]></text>
          <explanation width="394"><![CDATA[]]></explanation>
        </answer>
        <answer correct="0">
          <text><![CDATA[]]></text>
          <explanation width="394"><![CDATA[]]></explanation>
        </answer>
        <answer correct="0">
          <text><![CDATA[]]></text>
          <explanation width="394"><![CDATA[]]></explanation>
        </answer>
      </answers>
      <info path="">
        <text><![CDATA[]]></text>
      </info>
    </question>
    <question title="De acuerdo con los valores de la tabla, ¿cómo se describe la función?" path="MA_09_04_CO_REC80_IMG04.jpg">
      <answers>
        <answer correct="0">
          <text><![CDATA[El cubo de x]]></text>
          <explanation width="394"><![CDATA[]]></explanation>
        </answer>
        <answer correct="1">
          <text><![CDATA[El triple de x]]></text>
          <explanation width="394"><![CDATA[]]></explanation>
        </answer>
        <answer correct="0">
          <text><![CDATA[La tercera parte de x]]></text>
          <explanation width="394"><![CDATA[]]></explanation>
        </answer>
        <answer correct="0">
          <text><![CDATA[El siguiente del cuadrado]]></text>
          <explanation width="394"><![CDATA[]]></explanation>
        </answer>
        <answer correct="0">
          <text><![CDATA[]]></text>
          <explanation width="394"><![CDATA[]]></explanation>
        </answer>
        <answer correct="0">
          <text><![CDATA[]]></text>
          <explanation width="394"><![CDATA[]]></explanation>
        </answer>
        <answer correct="0">
          <text><![CDATA[]]></text>
          <explanation width="394"><![CDATA[]]></explanation>
        </answer>
        <answer correct="0">
          <text><![CDATA[]]></text>
          <explanation width="394"><![CDATA[]]></explanation>
        </answer>
      </answers>
      <info path="">
        <text><![CDATA[]]></text>
      </info>
    </question>
    <question title="Selecciona el enunciado que describe la relación entre las variables que muestra la tabla." path="MA_09_04_CO_REC80_IMG05.jpg">
      <answers>
        <answer correct="0">
          <text><![CDATA[El cuadrado de x]]></text>
          <explanation width="394"><![CDATA[]]></explanation>
        </answer>
        <answer correct="0">
          <text><![CDATA[El cubo de x]]></text>
          <explanation width="394"><![CDATA[]]></explanation>
        </answer>
        <answer correct="1">
          <text><![CDATA[Inverso aditivo de x al cuadrado]]></text>
          <explanation width="394"><![CDATA[]]></explanation>
        </answer>
        <answer correct="0">
          <text><![CDATA[x disminuido en su cuadrado]]></text>
          <explanation width="394"><![CDATA[]]></explanation>
        </answer>
        <answer correct="0">
          <text><![CDATA[]]></text>
          <explanation width="394"><![CDATA[]]></explanation>
        </answer>
        <answer correct="0">
          <text><![CDATA[]]></text>
          <explanation width="394"><![CDATA[]]></explanation>
        </answer>
        <answer correct="0">
          <text><![CDATA[]]></text>
          <explanation width="394"><![CDATA[]]></explanation>
        </answer>
        <answer correct="0">
          <text><![CDATA[]]></text>
          <explanation width="394"><![CDATA[]]></explanation>
        </answer>
      </answers>
      <info path="">
        <text><![CDATA[]]></text>
      </info>
    </question>
    <question title="¿Cuál es la fórmula que describe la función?" path="MA_09_04_REC80_IMG06.jpg">
      <answers>
        <answer correct="0">
          <text><![CDATA[y = x]]></text>
          <explanation width="394"><![CDATA[]]></explanation>
        </answer>
        <answer correct="0">
          <text><![CDATA[y = 2]]></text>
          <explanation width="394"><![CDATA[]]></explanation>
        </answer>
        <answer correct="1">
          <text><![CDATA[y = x - 2]]></text>
          <explanation width="394"><![CDATA[]]></explanation>
        </answer>
        <answer correct="0">
          <text><![CDATA[y = x + 2]]></text>
          <explanation width="394"><![CDATA[]]></explanation>
        </answer>
        <answer correct="0">
          <text><![CDATA[]]></text>
          <explanation width="394"><![CDATA[]]></explanation>
        </answer>
        <answer correct="0">
          <text><![CDATA[]]></text>
          <explanation width="394"><![CDATA[]]></explanation>
        </answer>
        <answer correct="0">
          <text><![CDATA[]]></text>
          <explanation width="394"><![CDATA[]]></explanation>
        </answer>
        <answer correct="0">
          <text><![CDATA[]]></text>
          <explanation width="394"><![CDATA[]]></explanation>
        </answer>
      </answers>
      <info path="">
        <text><![CDATA[]]></text>
      </info>
    </question>
    <question title="Señala el enunciado que describe la función." path="MA_09_04_REC80_IMG70.jpg">
      <answers>
        <answer correct="1">
          <text><![CDATA[El cuadrado de x disminuido en 1]]></text>
          <explanation width="394"><![CDATA[]]></explanation>
        </answer>
        <answer correct="0">
          <text><![CDATA[x menos 1]]></text>
          <explanation width="394"><![CDATA[]]></explanation>
        </answer>
        <answer correct="0">
          <text><![CDATA[El doble de x disminuido en 1]]></text>
          <explanation width="394"><![CDATA[]]></explanation>
        </answer>
        <answer correct="0">
          <text><![CDATA[El cuadrado de x]]></text>
          <explanation width="394"><![CDATA[]]></explanation>
        </answer>
        <answer correct="0">
          <text><![CDATA[]]></text>
          <explanation width="394"><![CDATA[]]></explanation>
        </answer>
        <answer correct="0">
          <text><![CDATA[]]></text>
          <explanation width="394"><![CDATA[]]></explanation>
        </answer>
        <answer correct="0">
          <text><![CDATA[]]></text>
          <explanation width="394"><![CDATA[]]></explanation>
        </answer>
        <answer correct="0">
          <text><![CDATA[]]></text>
          <explanation width="394"><![CDATA[]]></explanation>
        </answer>
      </answers>
      <info path="">
        <text><![CDATA[]]></text>
      </info>
    </question>
  </questions>
</engine>