<?xml version='1.0' encoding='UTF-8'?><engine copy="Editorial Planeta" version="1" aprid="f13" title="Competencias: El concepto de límite en nuestro entorno" >
<section title="Presentación" path="ma_11_03_rec270_img01n.jpg" pathAmp="ma_11_03_rec270_img01a.jpg" image1Text="" zoom1="true" zoom2a="false" zoom2b="false" layout="0" >
<![CDATA[<p><span style="font-size:18px"><span style="font-family:verdana,geneva,sans-serif">Los l&iacute;mites de funciones permiten describir el comportamiento de estas cerca a puntos espec&iacute;ficos; cuando estas funciones modelan el comportamiento de alg&uacute;n objeto o fen&oacute;meno, la interpretaci&oacute;n de los l&iacute;mites resulta importante para describir el comportamiento del objeto o fen&oacute;meno que se modela.</span></span></p>

<p><span style="font-size:18px"><span style="font-family:verdana,geneva,sans-serif">Los l&iacute;mites permiten identificar comportamientos de la descomposici&oacute;n de material radiactivo, comportamiento de la cantidad de una dosis de medicamento en el cuerpo, entre otras aplicaciones.</span></span></p>

<p>&nbsp;</p>
]]></section>
<section title="Tarea" path="" pathAmp="" image1Text="" zoom1="false" zoom2a="false" zoom2b="false" layout="2" >
<![CDATA[<p>Realiza las siguientes actividades:</p>

<p>1. Investiga qu&eacute; es la velocidad l&iacute;mite o velocidad terminal; busca varios gr&aacute;ficos de velocidades terminales cuando se deja caer un objeto. A partir de la consulta responde:</p>

<p style="margin-left:40px">a. &iquest;Qu&eacute; caracter&iacute;sticas generales debe tener la gr&aacute;fica de la velocidad <em>V</em>(<em>t</em>) de un objeto con relaci&oacute;n al tiempo <em>t</em>? &iquest;Qu&eacute; l&iacute;mites describen esta funci&oacute;n? &iquest;En qu&eacute; puntos se presentan discontinuidades?</p>

<p style="margin-left:40px">b. &iquest;Qu&eacute; caracter&iacute;sticas generales debe tener la gr&aacute;fica de la aceleraci&oacute;n <em>a</em>(<em>t</em>) de un objeto con relaci&oacute;n al tiempo <em>t</em>? &iquest;Qu&eacute; l&iacute;mites describen esta funci&oacute;n? &iquest;En qu&eacute; puntos se presentan discontinuidades?</p>

<p>2. Investiga qu&eacute; significa que dos variables sean inversamente proporcionales. Busca un ejemplo particular de dos variables inversamente proporcionales y responde:</p>

<p style="margin-left:40px">a. &iquest;C&oacute;mo se puede describir el gr&aacute;fico en t&eacute;rminos de l&iacute;mites?</p>

<p style="margin-left:40px">b. &iquest;D&oacute;nde puede haber discontinuidades?</p>

<p style="margin-left:40px">c. &iquest;C&oacute;mo se pueden interpretar los l&iacute;mites y las discontinuidades descritas en los literales anteriores?</p>
]]></section>
</engine>