<?xml version='1.0' encoding='UTF-8'?><engine copy="Editorial Planeta" version="1" aprid="f10b">
<main mode="f10b" title="Comparando distancias">
<tf><![CDATA[<p><span style="font-size:20px"><span style="font-family:verdana,geneva,sans-serif">Mariana y su familia est&aacute;n planeando sus vacaciones de fin de a&ntilde;o y&nbsp;quieren conocer alguna ciudad&nbsp;de Colombia viajando en su carro.&nbsp;</span></span></p>

<p><span style="font-size:20px"><span style="font-family:verdana,geneva,sans-serif">Entre los posibles destinos tienen tres&nbsp;opciones, de los cuales, eligir&aacute;n la ciudad que tenga la mayor distancia en kil&oacute;metros desde Bogot&aacute;.&nbsp;</span></span></p>

<p><span style="font-size:20px"><span style="font-family:verdana,geneva,sans-serif">Los destinos con las distancias, son:</span></span></p>

<ul>
	<li><span style="font-size:20px"><span style="font-family:verdana,geneva,sans-serif">Bogot&aacute; - Medell&iacute;n:&nbsp;</span><span style="font-size:30px"><span class="math-tex">\(\frac{21\text{ }359}{50}\)</span></span><span style="font-family:verdana,geneva,sans-serif">km</span></span></li>
</ul>

<ul>
	<li><span style="font-size:20px">Bogot&aacute; - Santa Marta:&nbsp;</span><span style="font-family:verdana,geneva,sans-serif; font-size:20px">&nbsp;</span><span style="font-size:30px"><span class="math-tex">\(\frac{39\text{ }902}{50}\)</span></span><span style="font-family:verdana,geneva,sans-serif; font-size:20px">km</span></li>
</ul>

<ul>
	<li><span style="font-size:20px">Bogot&aacute; - Leticia:&nbsp;</span><span style="font-family:verdana,geneva,sans-serif; font-size:20px">&nbsp;</span><span style="font-size:30px"><span class="math-tex">\(\frac{21\text{ }359}{20}\)</span></span><span style="font-family:verdana,geneva,sans-serif; font-size:20px">km</span></li>
</ul>

<p>Observa las diferentes comparaciones entre las distacias.&nbsp;</p>
]]></tf>
</main>
<presentation title="¿Medellín o Santa Marta?" title2="Medellín-Santa Marta" buttons="false" bkclass="slideLexico">
	<definition>
		<title>Medellín - Santa Marta</title>
		<def><![CDATA[<p><span style="font-size:20px"><span style="font-family:verdana,geneva,sans-serif">Para comparar las distancias entre Bogot&aacute; -&nbsp;Medell&iacute;n y Bogot&aacute; - Santa Marta, se deben comparar las dos fracciones que las representan, es decir:&nbsp;</span></span></p>

<ul>
	<li><span style="font-size:20px"><span style="font-family:verdana,geneva,sans-serif">Bogot&aacute; - Medell&iacute;n:&nbsp;<span style="font-size:30px"><span class="math-tex">\(\frac{21\text{ }359}{50}\)</span></span>km</span></span></li>
</ul>

<ul>
	<li><span style="font-size:20px"><span style="font-family:verdana,geneva,sans-serif">Bogot&aacute; - Santa Marta:&nbsp;&nbsp;<span style="font-size:30px"><span class="math-tex">\(\frac{39\text{ }902}{50}\)</span></span>km</span></span></li>
</ul>]]></def>
	</definition>
	<definition>
		<title>Comparación</title>
		<def><![CDATA[<p><span style="font-size:20px"><span style="font-family:verdana,geneva,sans-serif">Para comparar las fracciones:</span></span></p>

<p style="text-align:center"><span style="font-size:20px"><span style="font-family:verdana,geneva,sans-serif"><span style="font-size:30px"><span class="math-tex">\(\frac{21\text{ }359}{50}\)</span></span>&nbsp;y &nbsp;<span style="font-size:30px"><span class="math-tex">\(\frac{39\text{ }902}{50}\)</span></span></span></span></p>

<p><span style="font-size:20px"><span style="font-family:verdana,geneva,sans-serif">Primero se comparan sus denominadores, en este caso, las dos fracciones tienen un denominador com&uacute;n o igual, que es 50, por lo que se deben&nbsp;comparar sus numeradores.&nbsp;</span></span></p>

<p><span style="font-size:20px"><span style="font-family:verdana,geneva,sans-serif">Cuando dos&nbsp;fracciones tienen el mismo denominador, es mayor la fracci&oacute;n que tiene mayor numerador.&nbsp;</span></span></p>

<p><span style="font-size:20px"><span style="font-family:verdana,geneva,sans-serif">En este caso es mayor:&nbsp;</span></span></p>

<p style="text-align:center"><span style="font-size:30px"><span style="font-family:verdana,geneva,sans-serif"><span class="math-tex">\(\frac{39\text{ }902}{50}\)</span></span></span></p>

<p><span style="font-size:20px"><span style="font-family:verdana,geneva,sans-serif">Porque 39 902 &gt; 21 359</span></span></p>
]]></def>
	</definition>
	<definition>
		<title></title>
		<def><![CDATA[<p><span style="font-family:verdana,geneva,sans-serif"><span style="font-size:20px">Por lo tanto la distancia entre Bogot&aacute; y Santa Marta es mayor que la distancia entre Bogot&aacute; y Medell&iacute;n, porque:</span></span></p>

<div style="text-align: center;">&nbsp; &nbsp; &nbsp; &nbsp; &nbsp; &nbsp; &nbsp; &nbsp; &nbsp; &nbsp; &nbsp; &nbsp; &nbsp; &nbsp;</div>

<div>
<p style="text-align:center"><span style="font-size:20px"><span style="font-family:verdana,geneva,sans-serif">Bogot&aacute; - Santa Marta</span></span>&nbsp;<span style="font-family:verdana,geneva,sans-serif; font-size:30px"><span class="math-tex">\(\frac{39\text{ }902}{50}&gt;\frac{21\text{ }359}{50}\)</span></span>&nbsp; <span style="font-family:verdana,geneva,sans-serif"><span style="font-size:20px">Bogot&aacute; - Medell&iacute;n</span></span></p>

<p style="text-align:center"><img alt="" src="data/imagenes/imagendummy_motorf.jpg" style="height:286px; width:500px" /></p>
</div>
]]></def>
	</definition>
</presentation>
<presentation title="¿Medellín o Leticia?" title2="Medellín-Leticia" buttons="false" bkclass="slideLexico">
	<definition>
		<title>Medellín - Leticia</title>
		<def><![CDATA[<p><span style="font-size:20px"><span style="font-family:verdana,geneva,sans-serif">Por otra parte, para comparar las distancias entre Bogot&aacute; -&nbsp;Medell&iacute;n y Bogot&aacute; - Leticia, se deben comparar las dos fracciones que las representan, es decir:&nbsp;</span></span></p>

<ul>
	<li><span style="font-size:20px"><span style="font-family:verdana,geneva,sans-serif">Bogot&aacute; - Medell&iacute;n:&nbsp;<span style="font-size:30px"><span class="math-tex">\(\frac{21\text{ }359}{50}\)</span></span>km</span></span></li>
</ul>

<ul>
	<li><span style="font-size:20px"><span style="font-family:verdana,geneva,sans-serif">Bogot&aacute; - Leticia:&nbsp;&nbsp;<span style="font-size:30px"><span class="math-tex">\(\frac{21\text{ }359}{20}\)</span></span>km</span></span></li>
</ul>

<p>&nbsp;</p>
]]></def>
	</definition>
	<definition>
		<title></title>
		<def><![CDATA[<p><span style="font-size:20px"><span style="font-family:verdana,geneva,sans-serif">Para comparar las fracciones:</span></span></p>

<p style="text-align:center"><span style="font-size:20px"><span style="font-family:verdana,geneva,sans-serif"><span style="font-size:30px"><span class="math-tex">\(\frac{21\text{ }359}{50}\)</span></span>&nbsp;y &nbsp;<span style="font-size:30px"><span class="math-tex">\(\frac{21\text{ }359}{20}\)</span></span></span></span></p>

<p><span style="font-size:20px"><span style="font-family:verdana,geneva,sans-serif">Primero se comparan sus denominadores, en este caso, las dos fracciones tienen diferentes denominadores, por lo que se deben comparar&nbsp;sus numeradores</span></span><span style="font-size:20px"><span style="font-family:verdana,geneva,sans-serif">, que en este caso son iguales. </span></span></p>

<p><span style="font-size:20px"><span style="font-family:verdana,geneva,sans-serif">Cuando dos&nbsp;fracciones tienen el mismo numerador y diferentes denominadores, es mayor la fracci&oacute;n que tiene menor&nbsp;denominador.&nbsp;</span></span></p>

<p><span style="font-size:20px"><span style="font-family:verdana,geneva,sans-serif">En este caso es mayor:&nbsp;</span></span></p>

<p style="text-align:center"><span style="font-size:30px"><span style="font-family:verdana,geneva,sans-serif"><span class="math-tex">\(\frac{21\text{ }359}{20}\)</span></span></span></p>

<p><span style="font-size:20px"><span style="font-family:verdana,geneva,sans-serif">Porque 20&nbsp;&lt;&nbsp;50</span></span></p>
]]></def>
	</definition>
	<definition>
		<title></title>
		<def><![CDATA[<p><span style="font-family:verdana,geneva,sans-serif"><span style="font-size:20px">Por lo tanto la distancia entre Bogot&aacute; y Leticia es mayor que la distancia entre Bogot&aacute; y Medell&iacute;n, porque:</span></span></p>

<div style="text-align: center;">&nbsp; &nbsp; &nbsp; &nbsp; &nbsp; &nbsp; &nbsp; &nbsp; &nbsp; &nbsp; &nbsp; &nbsp; &nbsp; &nbsp;</div>

<div>
<p style="text-align:center"><span style="font-size:20px"><span style="font-family:verdana,geneva,sans-serif">Bogot&aacute; - Leticia&nbsp;</span></span><span style="font-family:verdana,geneva,sans-serif; font-size:30px"><span class="math-tex">\(\frac{21\text{ }359}{20}&gt;\frac{21\text{ }359}{50}\)</span></span>&nbsp; <span style="font-size:20px"><span style="font-family:verdana,geneva,sans-serif">Bogot&aacute; - Medell&iacute;n</span></span></p>

<p style="text-align:center"><img alt="" src="data/imagenes/imagendummy_motorf.jpg" style="height:286px; width:500px" /></p>
</div>
]]></def>
	</definition>
</presentation>
<presentation title="¿Leticia o Santa Marta?" title2="Leticia-Santa Marta" buttons="false" bkclass="slideLexico">
	<definition>
		<title>¿Leticia o Santa Marta?</title>
		<def><![CDATA[<p><span style="font-size:20px"><span style="font-family:verdana,geneva,sans-serif">Luego de comparar las distancias entre: </span></span></p>

<ul>
	<li><span style="font-size:20px"><span style="font-family:verdana,geneva,sans-serif">Bogot&aacute; - Medell&iacute;n y Bogot&aacute; - Santa Marta</span></span></li>
	<li><span style="font-size:20px"><span style="font-family:verdana,geneva,sans-serif">Bogot&aacute; - Medell&iacute;n y Bogot&aacute; - Leticia</span></span></li>
</ul>

<p><span style="font-size:20px"><span style="font-family:verdana,geneva,sans-serif">Mariana y su familia encontraron que son mayores las distancias hacia Leticia y hacia Santa Marta, por lo que finalmente, para decidir cu&aacute;l ser&aacute; el destino de su viaje, deben comparar las distancias de estos dos lugares, as&iacute;:&nbsp;</span></span></p>

<ul>
	<li><span style="font-size:20px"><span style="font-family:verdana,geneva,sans-serif">Bogot&aacute; - Santa Marta:&nbsp;&nbsp;<span style="font-size:30px"><span class="math-tex">\(\frac{39\text{ }902}{50}\)</span></span>km</span></span></li>
</ul>

<ul>
	<li><span style="font-size:20px"><span style="font-family:verdana,geneva,sans-serif">Bogot&aacute; - Leticia:&nbsp;&nbsp;<span style="font-size:30px"><span class="math-tex">\(\frac{21\text{ }359}{20}\)</span></span>km</span></span></li>
</ul>
]]></def>
	</definition>
	<definition>
		<title></title>
		<def><![CDATA[<p><span style="font-family:verdana,geneva,sans-serif"><span style="font-size:20px">Para comparar las fracciones:</span></span></p>

<p style="text-align:center"><span style="font-family:verdana,geneva,sans-serif"><span style="font-size:20px"><span style="font-size:30px"><span class="math-tex">\(\frac{39\text{ }902}{50}\)</span></span>&nbsp;y &nbsp;<span style="font-size:30px"><span class="math-tex">\(\frac{21\text{ }359}{20}\)</span></span></span></span></p>

<p><span style="font-family:verdana,geneva,sans-serif"><span style="font-size:20px">Primero se comparan sus denominadores, en este caso, las dos fracciones tienen diferentes denominadores, por lo que se deben comparar&nbsp;sus numeradores, que en este caso tambi&eacute;n son diferentes.</span></span></p>

<p><span style="font-size:20px"><span style="font-family:verdana,geneva,sans-serif">Cuando dos&nbsp;fracciones tienen diferentes&nbsp;numeradores y denominadores, se debe:</span></span></p>

<p><span style="font-size:20px"><span style="font-family:verdana,geneva,sans-serif">1. Hallar el m&iacute;nimo com&uacute;n m&uacute;ltiplo entre los denominadores:</span></span></p>

<p style="text-align: center;"><span style="font-size:20px"><span style="font-family:verdana,geneva,sans-serif">m.c.m. (50,20) = 100</span></span></p>

<p>&nbsp;</p>
]]></def>
	</definition>
	<definition>
		<title></title>
		<def><![CDATA[<p><span style="font-size:20px"><span style="font-family:verdana,geneva,sans-serif">2. Hallar fracciones equivalentes a las fracciones que se quieren comparar, con denominador igual al m.c.m. hallado en el paso 1.&nbsp;</span></span></p>

<p style="text-align:center"><span style="font-size:20px"><span style="font-family:verdana,geneva,sans-serif"><span style="font-size:30px"><span class="math-tex">\(\frac{39\text{ }902\times 2}{50\times 2}=\frac{79\text{ }804}{100}\)</span></span>&nbsp; &nbsp; &nbsp;y &nbsp; &nbsp; &nbsp;<span style="font-size:30px"><span class="math-tex">\(\frac{21\text{ }359\times 5}{20\times 5}=\frac{106\text{ }795}{100}\)</span></span></span></span></p>

<p><span style="font-size:20px"><span style="font-family:verdana,geneva,sans-serif">3. Se comparan las fracciones equivalentes respectivas. Como ahora tienen igual denominador, basta con comparar los numeradores.&nbsp;</span></span></p>

<p style="text-align:center"><span style="font-size:30px"><span style="font-family:verdana,geneva,sans-serif"><span class="math-tex">\(\frac{79\text{ }804}{100}&lt;\frac{106\text{ }795}{100}\)</span></span></span></p>

<p><span style="font-size:20px"><span style="font-family:verdana,geneva,sans-serif">Porque 79 804 &lt; 106 795</span></span></p>

<p><span style="font-size:20px"><span style="font-family:verdana,geneva,sans-serif">Lo que significa que:</span></span></p>

<p style="text-align:center"><span style="font-size:30px"><span style="font-family:verdana,geneva,sans-serif"><span class="math-tex">\(\frac{39\text{ }902}{50}&lt;\frac{21\text{ }359}{20}\)</span></span></span></p>

<div>&nbsp;</div>

<p>&nbsp;</p>
]]></def>
	</definition>
	<definition>
		<title></title>
		<def><![CDATA[<p><span style="font-family:verdana,geneva,sans-serif"><span style="font-size:20px">Por lo tanto la distancia entre Bogot&aacute; y Leticia&nbsp;es mayor que la distancia entre Bogot&aacute; y Santa Marta, porque:</span></span></p>

<div style="text-align: center;">&nbsp; &nbsp; &nbsp; &nbsp; &nbsp; &nbsp; &nbsp; &nbsp; &nbsp; &nbsp; &nbsp; &nbsp; &nbsp; &nbsp;</div>

<div>
<p style="text-align:center"><span style="font-size:20px"><span style="font-family:verdana,geneva,sans-serif">Bogot&aacute; - Santa Marta&nbsp;</span></span><span style="font-family:verdana,geneva,sans-serif; font-size:30px"><span class="math-tex">\(\frac{39\text{ }902}{50}&lt;\frac{21\text{ }359}{20}\)</span></span>&nbsp;&nbsp;<span style="font-size:20px"><span style="font-family:verdana,geneva,sans-serif">Bogot&aacute; - Leticia</span></span></p>

<p style="text-align:center"><img alt="" src="data/imagenes/imagendummy_motorf.jpg" style="height:286px; width:500px" /></p>
</div>
]]></def>
	</definition>
</presentation>
<presentation title="Lugar de destino" title2="Lugar de destino" buttons="false" bkclass="slideLexico">
	<definition>
		<title></title>
		<def><![CDATA[<p><span style="font-size:20px"><span style="font-family:verdana,geneva,sans-serif">Finalmente, y luego de hacer todas las posibles comparaciones, Mariana y su familia organizaron los destinos del m&aacute;s cercano al m&aacute;s lejano, as&iacute;:&nbsp;</span></span></p>

<p>&nbsp;</p>

<p style="text-align: center;"><span style="font-size:20px"><span style="font-family:verdana,geneva,sans-serif">Bogot&aacute; - Medell&iacute;n &nbsp; &nbsp; &nbsp; &nbsp;Bogot&aacute; - Santa Marta &nbsp; &nbsp; &nbsp; &nbsp; &nbsp; Bogot&aacute; - Leticia</span></span></p>

<p style="text-align: center;"><span style="font-size:20px"><span style="font-family:verdana,geneva,sans-serif"><span style="font-size:30px"><span class="math-tex">\(\frac{21\text{ }359}{50}\text{          }&lt;\text{          }\frac{39\text{ }902}{50}\text{          }&lt;\text{          }\frac{21\text{ }359}{20}\)</span></span></span></span></p>

<p>&nbsp;</p>

<p><span style="font-size:20px"><span style="font-family:verdana,geneva,sans-serif">Por lo que la elecci&oacute;n del lugar con m&aacute;s kil&oacute;metros de distancia desde Bogot&aacute;,&nbsp;fue sencilla. </span></span></p>
]]></def>
	</definition>
	<definition>
		<title></title>
		<def><![CDATA[<p><span style="font-size:20px"><span style="font-family:verdana,geneva,sans-serif">Mariana y su familia viajar&aacute;n en las vacaciones de fin de a&ntilde;o a conocer Leticia.&nbsp;</span></span></p>

<p style="text-align:center"><img alt="" src="data/imagenes/imagendummy_motorf.jpg" style="height:286px; width:500px" /></p>
]]></def>
	</definition>
</presentation>
</engine>