﻿<?xml version="1.0" encoding="utf-8"?><motor tipo="5" clase="a" aprid="m5a">
  <plataforma>
    <grado><![CDATA[2]]></grado>
    <titulo>Aplica las propiedades de la probabilidad</titulo>
    <area>0</area>
    <nivel>2</nivel>
    <referencia/>
    <idreg><![CDATA[0]]></idreg>
    <motor><![CDATA[M5A]]></motor>
    <lang>es</lang>
  </plataforma>
  <enunciado><![CDATA[A  continuación  tendras  experimentos  aleatorios   donde  deberas  aplicar   las  propiedades  de la probabilidad]]></enunciado>
  <masinfo inicio="0"/>
  <sinaleatoriedad><![CDATA[1]]></sinaleatoriedad>
  <calc><![CDATA[0]]></calc>
  <respuestaunica><![CDATA[1]]></respuestaunica>
  <test cantidad="5">
    <cuestion>
      <enunciado><![CDATA[Dados los sucesos aleatorios {{cur}}A{{normal}} y {{cur}}B{{normal}} con la probabilidad, {{cur}}p(A{{normal}}) = 3/7; {{cur}}p(B){{normal}} =1/4; {{cur}}p = (A ∩ B){{normal}} = 1/2. La  probabilidad de {{cur}}p(A ∪ B){{normal}} es:]]></enunciado>
      <explicacion/>
      <imagen><![CDATA[MA_08_12_CO_REC120_IMG01n.png]]></imagen>
      <ampliacion><![CDATA[MA_08_12_CO_REC120_IMG01a.png]]></ampliacion>
      <respuestas>
        <respuesta contestacion="4/11" correcta="0"/>
        <respuesta contestacion="5/28" correcta="1"/>
        <respuesta contestacion="19/28" correcta="0"/>
        <respuesta contestacion="18/26" correcta="0"/>
      </respuestas>
    </cuestion>
    <cuestion>
      <enunciado><![CDATA[Dados los  sucesos aleatorios {{cur}}A{{normal}} y {{cur}}B{{normal}} con la probabilidad: {{cur}}p(A){{normal}} = 3/7; {{cur}}p(B){{normal}} = 1/4; {{cur}}p = (A ∩ B) = {{normal}} 1/2. La  probabilidad de {{cur}}p(A{{sup}}c{{normal}}){{normal}} es:]]></enunciado>
      <explicacion/>
      <imagen><![CDATA[MA_08_12_CO_REC120_IMG01n.png]]></imagen>
      <ampliacion><![CDATA[MA_08_12_CO_REC120_IMG01a.png]]></ampliacion>
      <respuestas>
        <respuesta contestacion="3/7" correcta="0"/>
        <respuesta contestacion="4/7" correcta="1"/>
        <respuesta contestacion="1/4" correcta="0"/>
        <respuesta contestacion="1/2" correcta="0"/>
      </respuestas>
    </cuestion>
    <cuestion>
      <enunciado><![CDATA[Dados los sucesos aleatorios {{cur}}A{{normal}} y {{cur}}B{{normal}} con la probabilidad, {{cur}}p(A) = 3/7; p(B) =1/4; p = (A ∩ B){{normal}} = 1/2. La  probabilidad de {{cur}}p(B ̅){{normal}} es:]]></enunciado>
      <explicacion/>
      <imagen><![CDATA[MA_08_12_CO_REC120_IMG01n.png]]></imagen>
      <ampliacion><![CDATA[MA_08_12_CO_REC120_IMG01a.png]]></ampliacion>
      <respuestas>
        <respuesta contestacion="1/4" correcta="0"/>
        <respuesta contestacion="3/4" correcta="1"/>
        <respuesta contestacion="4/5" correcta="0"/>
        <respuesta contestacion="3/7" correcta="0"/>
      </respuestas>
    </cuestion>
    <cuestion>
      <enunciado><![CDATA[Dados los  sucesos   aleatorio  {{cur}}A{{normal}}  y  {{cur}}{{normal}}B  con la  probabilidad, {{cur}}p(A){{normal}} = 3/7; {{cur}}p(B){{normal}} = 1/4; {{cur}}p = (A ∩ B){{normal}} = 1/2. La  probabilidad de {{cur}}p(A{{sup}}c{{normal}} ∪ B{{sup}}c{{normal}}){{normal}} es:]]></enunciado>
      <explicacion/>
      <imagen><![CDATA[MA_08_12_CO_REC120_IMG01n.png]]></imagen>
      <ampliacion><![CDATA[MA_08_12_CO_REC120_IMG01a.png]]></ampliacion>
      <respuestas>
        <respuesta contestacion="23/28" correcta="1"/>
        <respuesta contestacion="4/27" correcta="0"/>
        <respuesta contestacion="1" correcta="0"/>
        <respuesta contestacion="22/28" correcta="0"/>
      </respuestas>
    </cuestion>
    <cuestion>
      <enunciado><![CDATA[Dados los  sucesos   aleatorio  {{cur}}A{{normal}}  y  {{cur}}B{{normal}}  con la  probabilidad, {{cur}}p(A){{normal}} = 3/7; {{cur}}p(B){{normal}} = 1/4; {{cur}}p = (A ∩ B){{normal}} = 1/2. La  probabilidad de {{cur}}p(A{{sup}}c{{normal}} ∩ B{{sup}}c{{normal}}){{normal}} es:]]></enunciado>
      <explicacion/>
      <imagen><![CDATA[MA_08_12_CO_REC120_IMG01n.png]]></imagen>
      <ampliacion><![CDATA[MA_08_12_CO_REC120_IMG01a.png]]></ampliacion>
      <respuestas>
        <respuesta contestacion="1/2" correcta="1"/>
        <respuesta contestacion="3/4" correcta="0"/>
        <respuesta contestacion="6/7" correcta="0"/>
        <respuesta contestacion="1/4" correcta="0"/>
      </respuestas>
    </cuestion>
  </test>
</motor>