<?xml version="1.0" encoding="iso-8859-1"?>
<metadata xmlns="urn:InfoRecurso">
  <identificador>RES-D0F4BB45B4804CA2BFADC365BC46A5FA</identificador>
  <loid>MA_08_12_CO_Recurso230</loid>
  <titulo>Banco de actividades</titulo>
  <descripcion>Actividades sobre el tema La probabilidad</descripcion>
  <relacionado>0</relacionado>
  <tiporecurso>Recurso sin ficha</tiporecurso>
  <tiempoestimado>30</tiempoestimado>
  <acciondidactica>Generador de actividades</acciondidactica>
  <competencia>Competencia matem�tica</competencia>
  <tipomedia pesado="false" matricula="">Actividad</tipomedia>
  <conceptos>
    <concepto>
    </concepto>
  </conceptos>
  <autonomico>0</autonomico>
</metadata>