<?xml version="1.0" encoding="iso-8859-1"?>
<metadata xmlns="urn:InfoRecurso">
  <identificador>RES-B2572D5450A74142B28616C1038B2A29</identificador>
  <loid>MA_08_12_CO_Recurso120</loid>
  <titulo>Aplica las propiedades de la probabilidad</titulo>
  <descripcion>Actividad para aplicar las propiedades de la probabilidad </descripcion>
  <relacionado>0</relacionado>
  <tiporecurso>Recurso sin ficha</tiporecurso>
  <tiempoestimado>30</tiempoestimado>
  <acciondidactica>Ejercitaci�n</acciondidactica>
  <competencia>Competencia matem�tica</competencia>
  <tipomedia pesado="false" matricula="">Actividad</tipomedia>
  <conceptos>
    <concepto>probabilidad</concepto>
    <concepto>propiedades</concepto>
  </conceptos>
  <autonomico>0</autonomico>
</metadata>