﻿<?xml version="1.0" encoding="utf-8"?>
<engine copy="Editorial Planeta" version="1" aprid="f13" title="La división de expresiones algebraicas">
  <section title="Introducción" path="MA_08_02_REC150-_IMG02.jpg" pathAmp="MA_08_02_REC150_IMG03a.jpg" image1Text="" zoom1="true" zoom2a="false" zoom2b="false" layout="0"><![CDATA[<p style="text-align:justify"><span style="color:#000080">Si el &aacute;rea de un rect&aacute;ngulo se representa con la expresi&oacute;n 8<em>x</em><sup>2</sup> + 4<em>x</em> y uno de sus lados mide 4<em>x</em>, &iquest;cu&aacute;nto mide el otro lado?</span></p>

<p style="text-align:justify"><span style="font-size:18px"><span style="font-family:verdana,geneva,sans-serif">Para resolver este tipo de problemas se debe recurrir a la divisi&oacute;n entre polinomios. Recordando que el &aacute;rea de un rect&aacute;ngulo es el producto del largo por el ancho.</span></span></p>

<p style="text-align:justify"><span style="font-size:18px"><span style="font-family:verdana,geneva,sans-serif"><strong>Datos</strong>&nbsp;</span></span></p>

<p style="text-align:justify"><span style="font-size:18px"><span style="font-family:verdana,geneva,sans-serif"><strong>&nbsp; <span style="color:#FF0000">&Aacute;rea</span> =</strong> 8<em>x</em><sup>2</sup> + 4<em>x</em></span></span></p>

<p style="text-align:justify"><span style="font-size:18px"><span style="font-family:verdana,geneva,sans-serif"><strong>&nbsp; <span style="color:#0000FF">largo</span> =</strong> 4<em>x</em></span></span></p>

<p style="text-align:center"><span style="font-size:18px"><span style="font-family:verdana,geneva,sans-serif"><strong>&nbsp;</strong><span style="color:#FF0000"><em>A</em></span> = <span style="color:#0000FF"><em>l</em></span> &middot;&nbsp;<em>a</em></span></span></p>

<p style="text-align:center"><span style="font-size:18px"><span style="font-family:verdana,geneva,sans-serif"><span style="color:#FF0000">8<em>x</em><sup>2</sup> + 4<em>x</em></span> = <span style="color:#0000FF">4<em>x</em></span>&nbsp;&middot; <em>a</em></span></span></p>

<p style="text-align:center"><span style="font-size:18px"><span style="font-family:verdana,geneva,sans-serif"><span style="color:#FF0000">(8<em>x</em><sup>2</sup><em> + </em>4<em>x</em>)</span>/<span style="color:#0000FF">4</span><em><span style="color:#0000FF">x</span> = a</em></span></span></p>

<p style="text-align:center"><span style="font-size:18px"><span style="font-family:verdana,geneva,sans-serif"><span style="color:#FF0000">4<em>x∙</em>(2x + 1)</span>/<span style="color:#0000FF">4</span><em><span style="color:#0000FF">x </span>= a</em></span></span></p>

<p style="text-align:center"><span style="font-size:18px"><span style="font-family:verdana,geneva,sans-serif">2<em>x</em> + 1 = <em>a</em></span></span></p>

<p style="text-align:justify"><span style="font-size:18px"><span style="font-family:verdana,geneva,sans-serif">Por lo tanto, se tiene que el ancho del rect&aacute;ngulo equivale a 2<em>x</em> + 1<strong>.</strong></span></span></p>
]]></section>
  <section title="Entre monomios" path="MA_08_02_REC150-_IMG04.jpg" pathAmp="MA_08_02_REC150_IMG05.jpg" image1Text="" zoom1="true" zoom2a="false" zoom2b="false" layout="1"><![CDATA[<p style="text-align:justify"><span style="font-size:18px"><span style="font-family:verdana,geneva,sans-serif">Al realizar la <strong>divisi&oacute;n entre dos monomios</strong> se deben tener en cuenta las siguientes normas:</span></span></p>

<p style="text-align:justify"><span style="font-size:18px"><span style="font-family:verdana,geneva,sans-serif"><span style="color:#FF0000"><strong>Signo:</strong></span> El cociente entre dos cantidades de igual signo siempre es positivo (+) y, entre cantidades de diferente signo es (&ndash;).</span></span></p>

<p style="text-align:justify"><span style="font-size:18px"><span style="font-family:verdana,geneva,sans-serif"><span style="color:#0000FF"><strong>Coeficientes:</strong></span> El cociente se halla simplificando, si es posible, los coeficientes de cada monomio.</span></span></p>

<p style="text-align:justify"><span style="font-size:18px"><span style="font-family:verdana,geneva,sans-serif"><span style="color:#008000"><strong>Exponentes:</strong></span> Se tiene en cuenta la propiedad de la potenciaci&oacute;n, si la base es igual se restan los exponentes.</span></span></p>
]]></section>
  <section title="Polinomio y monomio" path="MA_08_02_REC150-_IMG06_01n.jpg" pathAmp="MA_08_02_REC150-_IMG07.jpg" image1Text="" zoom1="true" zoom2a="false" zoom2b="false" layout="0"><![CDATA[<p style="text-align:justify">&nbsp;</p>

<p><span style="font-size:18px"><span style="font-family:verdana,geneva,sans-serif">Para dividir un <strong>polinomio</strong> entre un <strong>monomio</strong>, se divide cada uno de los t&eacute;rminos del polinomio entre el monomio, teniendo en cuenta las normas de <strong><span style="color:#FF0000">signo</span>, <span style="color:#008000">coeficiente</span> y <span style="color:#800000">exponente</span>.</strong></span></span></p>

<p><span style="font-size:18px"><span style="font-family:verdana,geneva,sans-serif">Por ejemplo, dividir:&nbsp;</span></span></p>

<p><span style="font-size:18px"><span style="font-family:verdana,geneva,sans-serif">8<em>m</em><sup>9</sup><em>n</em><sup>2 </sup>&ndash; 10<em>m</em><sup>7</sup><em>n</em><sup>4</sup> &ndash; 20<em>m</em><sup>5</sup><em>n</em><sup>6</sup> + 12<em>m</em><sup>3</sup><em>n</em><sup>8 &nbsp;</sup>entre&nbsp;2<em>m</em><sup>2</sup></span></span></p>

<p>&nbsp;</p>
]]></section>
  <section title="Entre polinomios" path="MA_08_02_REC150_IM08.jpg" pathAmp="MA_08_02_REC150_IMG09.jpg" image1Text="" zoom1="true" zoom2a="false" zoom2b="false" layout="0"><![CDATA[<p><span style="font-size:18px"><span style="font-family:verdana,geneva,sans-serif">Para dividir dos polinomios se debe tener en cuenta:</span></span></p>

<ul>
	<li style="text-align:justify"><span style="font-size:18px"><span style="font-family:verdana,geneva,sans-serif">Los dos polinomios se escriben en forma ordenada respecto a una de las variables.</span></span></li>
	<li style="text-align:justify"><span style="font-size:18px"><span style="font-family:verdana,geneva,sans-serif">Si faltan t&eacute;rminos se dejan los espacios o se completan con ceros.</span></span></li>
	<li style="text-align:justify"><span style="font-size:18px"><span style="font-family:verdana,geneva,sans-serif">Se confirma que el grado del polinomio dividendo sea mayor que el grado del polinomio divisor.</span></span></li>
</ul>

<p>&nbsp;</p>

<p><span style="font-size:18px"><span style="font-family:verdana,geneva,sans-serif"><strong>Procedimiento</strong>:</span></span></p>

<ul>
	<li style="text-align:justify"><span style="font-size:18px"><span style="font-family:verdana,geneva,sans-serif">Se divide el primer t&eacute;rmino del dividendo entre el primer t&eacute;rmino del divisor, este ser&aacute; el primer t&eacute;rmino del cociente.</span></span></li>
	<li><span style="font-size:18px"><span style="font-family:verdana,geneva,sans-serif">Se realiza el producto del primer t&eacute;rmino del cociente por cada uno de los t&eacute;rminos del divisor y el resultado se resta del dividendo.</span></span></li>
	<li><span style="font-size:18px"><span style="font-family:verdana,geneva,sans-serif">Para hallar el segundo t&eacute;rmino del cociente, se divide le primer t&eacute;rmino del residuo entre el primer t&eacute;rmino del divisor.</span></span></li>
	<li><span style="font-size:18px"><span style="font-family:verdana,geneva,sans-serif">El nuevo t&eacute;rmino del cociente se multiplica por los t&eacute;rminos del divisor y el producto se resta al dividendo, cambiando los signos.</span></span></li>
	<li><span style="font-size:18px"><span style="font-family:verdana,geneva,sans-serif">Para hallar los dem&aacute;s t&eacute;rminos se realiza el mismo procedimiento, hasta que el t&eacute;rmino del residuo sea cero sea o de menor grado que el divisor.&nbsp;</span></span></li>
</ul>
]]></section>
</engine>