﻿<?xml version="1.0" encoding="UTF-8"?>
<XMLDatos aprid="F">
  <!-- Pantalla Intro -->
  <titolintro><![CDATA[¿Qué es una función?<br/>
Puntos de corte y signo de la función
]]></titolintro>
  <!--<txt_selecciona><![CDATA[Selecciona un recuadro]]></txt_selecciona>-->
  <text_btn1><![CDATA[Concepto]]></text_btn1>
  <text_btn2><![CDATA[Gráfica]]></text_btn2>
  <text_btn3><![CDATA[Puntos de corte]]></text_btn3>
  <text_btn4><![CDATA[Signo]]></text_btn4>
  <!-- escena_1 -->
  <!-- Pantalla 00 -->
  <titol_00><![CDATA[El concepto de función]]></titol_00>
  <!-- Pantalla 01 -->
  <titol_01><![CDATA[En las ciudades hay obras de ingeniería, como este famoso puente. ¿Reconocéis cuál es?]]></titol_01>
  <!-- Pantalla 02 -->
  <titol_02><![CDATA[¿Y ahora? ¿Ya sabéis cuál es?...]]></titol_02>
  <!-- Pantalla 03 -->
  <titol_03><![CDATA[Es el puente Golden Gate, de San Francisco, en California.
¿Cómo creéis que se proyectó?
]]></titol_03>
  <treball_03><![CDATA[A partir del desarrollo de funciones matemáticas.]]></treball_03>
  <!-- Pantalla 04 -->
  <titol_04><![CDATA[Una operación matemática relaciona <span class="negrita">dos variables</span> numéricas, que suelen designarse <span class="negrita"><span class="cursiva">x</span></span> e <span class="negrita"><span class="cursiva">y</span></span>.]]></titol_04>
  <treball_04><![CDATA[<span class="negrita"><span class="cursiva">x</span></span> es la variable <span class="negrita">independiente</span>.<br/>
<span class="negrita"><span class="cursiva">y</span></span> es la variable <span class="negrita">dependiente</span> (depende de <span class="cursiva">x</span>).
]]></treball_04>
  <!-- Pantalla 05 -->
  <titol_05><![CDATA[La función que asocia a <span class="negrita">cada valor</span> de <span class="negrita"><span class="cursiva">x</span></span> un <span class="negrita">único valor</span>
de <span class="negrita"><span class="cursiva">y</span></span> es una función.]]></titol_05>
  <treball_05><![CDATA[Al valor 0 de <span class="negrita"><span class="cursiva">x</span></span> le corresponden dos valores de <span class="negrita"><span class="cursiva">y</span></span>, el 1 y el 2 por lo que no es una función.]]></treball_05>
  <!-- Pantalla 06 -->
  <titol_05_2><![CDATA[Las funciones se suelen indicar con una <span class="negrita"><span class="cursiva">f</span></span> de la siguiente forma: <span class="negrita"><span class="cursiva">y</span> = <span class="cursiva">f</span>(<span class="cursiva">x</span>)</span>.]]></titol_05_2>
  <titol_06><![CDATA[Si al valor <span class="cursiva">a</span> de la variable <span class="cursiva">x</span> le asociamos el valor <span class="cursiva">b</span> de la variable <span class="cursiva">y</span>, podemos escribir <span class="cursiva">f</span>(<span class="cursiva">a</span>) = <span class="cursiva">b</span> y decimos que <span class="cursiva">b</span> es la imagen de <span class="cursiva">a</span>.]]></titol_06>
  <!-- Pantalla 07 -->
  <titol_07><![CDATA[Si al valor de <span class="negrita"><span class="cursiva">x</span></span> <span class="cursiva">"a"</span>  le asociamos el valor de <span class="negrita"><span class="cursiva">y</span></span> <span class="cursiva">"b"</span>, escribimos 
f(a) = b y decimos que <span class="cursiva">b</span> es la <span class="negrita">imagen</span> de <span class="cursiva">a</span>.]]></titol_07>
  <treball_07><![CDATA[<span class="negrita">a es la IMAGEN de b</span>]]></treball_07>
  <txt_popup_info><![CDATA[El interés del estudio de las funciones se debe a que estas son abstracciones de las leyes que rigen las relaciones de dependencia entre distintas variables. 
Por ejemplo: 
<ul><li>
El volumen de un gas a temperatura constante está relacionado con su presión.
</li><li>El capital final de una inversión está determinado por el importe invertido y el tiempo que dura la inversión.
</li><li>La fuerza de atracción de dos cuerpos está relacionada con su tamaño y la distancia que los separa.</li></ul>]]></txt_popup_info>
  <!-- escena_2-->
  <!-- Pantalla 00 -->
  <titol_00_scn2><![CDATA[La gráfica de una función]]></titol_00_scn2>
  <!-- Pantalla 01 -->
  <titol_01_scn2><![CDATA[Para ver el comportamiento de una función <span class="cursiva">f</span>(<span class="cursiva">x</span>), se representa gráficamente sobre los ejes de coordenadas.]]></titol_01_scn2>
  <treball_01_scn2><![CDATA[En el <span class="negrita">eje horizontal</span>, de <span class="negrita">abscisas</span>, se representan los valores de <span class="negrita"><span class="cursiva">x</span></span> y en el <span class="negrita">vertical</span>, de <span class="negrita">ordenadas</span>, los de <span class="negrita"><span class="cursiva">y</span></span>.]]></treball_01_scn2>
  <!-- Pantalla 02 -->
  <titol_02_scn2><![CDATA[Las coordenadas de cada punto de la gráfica son: (<span class="cursiva">x</span>, <span class="cursiva">f</span>(<span class="cursiva">x</span>)).]]></titol_02_scn2>
  <!-- Pantalla 03 -->
  <titol_03_scn2><![CDATA[Observa la siguiente gráfica. A un valor de <span class="cursiva">x</span> le corresponden tres valores distintos de <span class="cursiva">y</span>.]]></titol_03_scn2>
  <treball_03_scn2><![CDATA[Por lo tanto, NO se trata de una función, porque a <span class="negrita">cada valor de <span class="cursiva">x</span></span> le corresponde <span class="negrita">más de un valor de <span class="cursiva">y</span></span>.]]></treball_03_scn2>
  <!-- escena_3-->
  <!-- Pantalla 00 -->
  <titol_00_scn3><![CDATA[Los puntos de corte]]></titol_00_scn3>
  <!-- Pantalla 01 -->
  <titol_01_scn3><![CDATA[Los <span class="negrita">puntos de corte</span> de una gráfica con los ejes de coordenadas son aquellos en los que la función "cruza" la línea de los ejes.]]></titol_01_scn3>
  <!-- Pantalla 02 -->
  <titol_02_scn3><![CDATA[Como a cada valor de <span class="negrita"><span class="cursiva">x</span></span> le corresponde un único valor de <span class="negrita"><span class="cursiva">y</span></span>, solo puede haber un punto de corte de la función con el eje <span class="negrita">Y</span>.]]></titol_02_scn3>
  <treball_02_scn3><![CDATA[Para calcularlo, hay que generar la imagen del 0, es decir, <span class="cursiva">f</span>(0), sustituyendo la <span class="negrita"><span class="cursiva">x</span></span> por 0. El punto de corte tendrá coordenadas
(0, <span class="cursiva">f</span>(0)).]]></treball_02_scn3>
  <!-- Pantalla 03 -->
  <titol_03_scn3><![CDATA[Los puntos de corte con el eje <span class="negrita">X</span>, son los puntos en los que <br/>
<span class="cursiva">y</span> = 0.]]></titol_03_scn3>
  <treball_03_scn3><![CDATA[Para calcularlos hay que resolver la siguiente ecuación:
<span class="cursiva">f</span>(<span class="cursiva">x</span>) = 0 
<br/><br/>
Los puntos tendrán coordenadas (<span class="cursiva">a</span>, 0), siendo <span class="cursiva">a</span> las soluciones de la ecuación dada por <span class="cursiva">f</span>(<span class="cursiva">x</span>).
]]></treball_03_scn3>
  <!-- escena_4-->
  <!-- Pantalla 00 -->
  <titol_00_scn4><![CDATA[El signo de una función]]></titol_00_scn4>
  <!-- Pantalla 01 -->
  <titol_01_scn4><![CDATA[Una función es <span class="negrita">positiva</span> cuando su <span class="negrita">gráfica</span> está por <span class="negrita">encima</span> del <span class="negrita">eje X</span>.]]></titol_01_scn4>
  <treball_01_scn4><![CDATA[Sea cual sea el valor de <span class="cursiva">x</span>, el <span class="negrita">valor de <span class="cursiva">y</span> siempre</span> será <span class="negrita">positivo</span>.]]></treball_01_scn4>
  <!-- Pantalla 02 -->
  <titol_02_scn4><![CDATA[Una función es <span class="negrita">negativa</span> cuando su <span class="negrita">gráfica</span> está por <span class="negrita">debajo</span> del <span class="negrita">eje X</span>.]]></titol_02_scn4>
  <treball_02_scn4><![CDATA[Sea cual sea el valor de <span class="cursiva">x</span>, el valor de <span class="negrita"><span class="cursiva">y</span></span> siempre será <span class="negrita">negativo</span>.]]></treball_02_scn4>
  <!-- Pantalla 03 -->
  <titol_03_scn4><![CDATA[La mayoría de funciones son positivas en unos tramos y negativas en otros.]]></titol_03_scn4>
  <!-- Pantalla 04 -->
  <titol_04_scn4><![CDATA[Para estudiar el <span class="negrita">signo de una función</span>, es decir, cuándo es <span class="negrita">positiva</span> y cuándo es <span class="negrita">negativa</span>, hay que resolver la inecuación.
<span class="negrita"><span class="cursiva">f</span></span>(<span class="negrita"><span class="cursiva">x</span></span>) ><span class="negrita"> 0</span>]]></titol_04_scn4>
  <treball_04_scn4><![CDATA[El resultado de esta inecuación proporcionará los tramos (los valores de <span class="cursiva">x</span>) en los que la función es positiva.]]></treball_04_scn4>
</XMLDatos>