﻿<?xml version="1.0" encoding="utf-8"?>
<motor tipo="7" clase="a" aprid="m7a">
  <plataforma>
    <grado><![CDATA[2]]></grado>
    <titulo>Encuentro raices de un número entero</titulo>
    <area>0</area>
    <nivel>1</nivel>
    <referencia />
    <idreg><![CDATA[0]]></idreg>
    <motor><![CDATA[M7A]]></motor>
    <lang>es</lang>
  </plataforma>
  <enunciado><![CDATA[A continuación encontrarás ejercicios en los que deberás seleccionar la respuesta correcta, teniendo en cuenta la relación entre la radicación y la potenciación, así como sus propiedades.]]></enunciado>
  <masinfo inicio="0" />
  <sinaleatoriedad><![CDATA[0]]></sinaleatoriedad>
  <calc><![CDATA[1]]></calc>
  <respuestaunica><![CDATA[1]]></respuestaunica>
  <test cantidad="8">
    <cuestion>
      <enunciado><![CDATA[La raíz que se ve a la izquierda puede representarse exponencialmente como:]]></enunciado>
      <imagen><![CDATA[MA_07_03_CO_REC160_F01n.png]]></imagen>
      <ampliacion><![CDATA[MA_07_03_CO_REC160_F01a.png]]></ampliacion>
      <respuestas>
        <respuesta ruta="MA_07_03_CO_REC160_F02.png" ampliacion="" correcta="1" />
        <respuesta ruta="MA_07_03_CO_REC160_F03.png" ampliacion="" correcta="0" />
        <respuesta ruta="MA_07_03_CO_REC160_F04.png" ampliacion="" correcta="0" />
        <respuesta ruta="MA_07_03_CO_REC160_F05.png" ampliacion="" correcta="0" />
      </respuestas>
    </cuestion>
    <cuestion>
      <enunciado><![CDATA[Un cuadrado dividido de tal forma que las partes sombreadas son dos cuadrados más pequeños de áreas, tal como se indica ¿cuál es la longitud del lado del cuadrado más grande?]]></enunciado>
      <imagen><![CDATA[MA_07_03_CO_REC160_IMG06n.png]]></imagen>
      <ampliacion><![CDATA[MA_07_03_CO_REC160_IMG06a.png]]></ampliacion>
      <respuestas>
        <respuesta ruta="MA_07_03_CO_REC160_F07.png" ampliacion="" correcta="1" />
        <respuesta ruta="MA_07_03_CO_REC160_F08.png" ampliacion="" correcta="0" />
        <respuesta ruta="MA_07_03_CO_REC160_F09.png" ampliacion="" correcta="0" />
        <respuesta ruta="MA_07_03_CO_REC160_F10.png" ampliacion="" correcta="0" />
      </respuestas>
    </cuestion>
    <cuestion>
      <enunciado><![CDATA[El área del cuadrado ABCD es 289 cm{{sup}}2{{normal}}, el triángulo es equilátero. ¿Cuál es el perímetro del triángulo?]]></enunciado>
      <imagen><![CDATA[MA_07_03_CO_REC160_IMG11n.png]]></imagen>
      <ampliacion><![CDATA[MA_07_03_CO_REC160_IMG11a.png]]></ampliacion>
      <respuestas>
        <respuesta ruta="MA_07_03_CO_REC160_F012.png" ampliacion="" correcta="1" />
        <respuesta ruta="MA_07_03_CO_REC160_F013.png" ampliacion="" correcta="0" />
        <respuesta ruta="MA_07_03_CO_REC160_F14.png" ampliacion="" correcta="0" />
        <respuesta ruta="MA_07_03_CO_REC160_F15.png" ampliacion="" correcta="0" />
      </respuestas>
    </cuestion>
    <cuestion>
      <enunciado><![CDATA[El resultado de la raíz indicada es:]]></enunciado>
      <imagen><![CDATA[MA_07_03_CO_REC160_F16n.png]]></imagen>
      <ampliacion><![CDATA[MA_07_03_CO_REC160_F16a.png]]></ampliacion>
      <respuestas>
        <respuesta ruta="MA_07_03_CO_REC160_F17.png" ampliacion="" correcta="1" />
        <respuesta ruta="MA_07_03_CO_REC160_F18.png" ampliacion="" correcta="0" />
        <respuesta ruta="MA_07_03_CO_REC160_F19.png" ampliacion="" correcta="0" />
        <respuesta ruta="MA_07_03_CO_REC160_F20.png" ampliacion="" correcta="0" />
      </respuestas>
    </cuestion>
    <cuestion>
      <enunciado><![CDATA[Un cubo Rubik está formado por 27 cubos más pequeños, como el que ves en la figura; en este, un cubo pequeño tiene {{cur}}volumen{{normal}} de 8 mm{{sup}}3{{normal}}. El {{cur}}perímetro{{normal}} de una de las caras es:]]></enunciado>
      <imagen><![CDATA[MA_07_03_CO_REC160_IMG21n.png]]></imagen>
      <ampliacion><![CDATA[MA_07_03_CO_REC160_IMG21a.png]]></ampliacion>
      <respuestas>
        <respuesta ruta="MA_07_03_CO_REC160_F22.png" ampliacion="" correcta="1" />
        <respuesta ruta="MA_07_03_CO_REC160_F23.png" ampliacion="" correcta="0" />
        <respuesta ruta="MA_07_03_CO_REC160_F24.png" ampliacion="" correcta="0" />
        <respuesta ruta="MA_07_03_CO_REC160_F25.png" ampliacion="" correcta="0" />
      </respuestas>
    </cuestion>
    <cuestion>
      <enunciado><![CDATA[Simplifique la raíz.]]></enunciado>
      <imagen><![CDATA[MA_07_03_CO_REC160_F26n.png]]></imagen>
      <ampliacion><![CDATA[MA_07_03_CO_REC160_F26a.png]]></ampliacion>
      <respuestas>
        <respuesta ruta="MA_07_03_CO_REC160_F27.png" ampliacion="" correcta="1" />
        <respuesta ruta="MA_07_03_CO_REC160_F28.png" ampliacion="" correcta="0" />
        <respuesta ruta="MA_07_03_CO_REC160_F29.png" ampliacion="" correcta="0" />
        <respuesta ruta="MA_07_03_CO_REC160_F30.png" ampliacion="" correcta="0" />
      </respuestas>
    </cuestion>
    <cuestion>
      <enunciado><![CDATA[Mónica sabe que la diagonal de un terreno mide cerca de 130 m, al calcular matemáticamente la longitud, encuentra que es la raíz que se muestra a izquierda, que equivale a:]]></enunciado>
      <imagen><![CDATA[MA_07_03_CO_REC160_F31n.png]]></imagen>
      <ampliacion><![CDATA[MA_07_03_CO_REC160_F31a.png]]></ampliacion>
      <respuestas>
        <respuesta ruta="MA_07_03_CO_REC160_F32.png" ampliacion="" correcta="1" />
        <respuesta ruta="MA_07_03_CO_REC160_F33.png" ampliacion="" correcta="0" />
        <respuesta ruta="MA_07_03_CO_REC160_F34.png" ampliacion="" correcta="0" />
        <respuesta ruta="MA_07_03_CO_REC160_F35.png" ampliacion="" correcta="0" />
      </respuestas>
    </cuestion>
    <cuestion>
      <enunciado><![CDATA[María está presentando un examen de matemáticas y le piden simplificar la raíz que está a la izquierda. ¿Puedes ayudar a María a encontrar la expresión equivalente?]]></enunciado>
      <imagen><![CDATA[MA_07_03_CO_REC160_F36n.png]]></imagen>
      <ampliacion><![CDATA[MA_07_03_CO_REC160_F36a.png]]></ampliacion>
      <respuestas>
        <respuesta ruta="MA_07_03_CO_REC160_F37.png" ampliacion="" correcta="1" />
        <respuesta ruta="MA_07_03_CO_REC160_F38.png" ampliacion="" correcta="0" />
        <respuesta ruta="MA_07_03_CO_REC160_F39.png" ampliacion="" correcta="0" />
        <respuesta ruta="MA_07_03_CO_REC160_F40.png" ampliacion="" correcta="0" />
      </respuestas>
    </cuestion>
  </test>
  <temps>30</temps>
</motor>