﻿<?xml version="1.0" encoding="utf-8"?>
<motor tipo="4" clase="a" aprid="m4a">
  <plataforma>
    <grado><![CDATA[2]]></grado>
    <titulo>Identifica el conjugado de un número complejo</titulo>
    <area>0</area>
    <nivel>1</nivel>
    <referencia />
    <idreg><![CDATA[0]]></idreg>
    <motor><![CDATA[M4A]]></motor>
    <lang>es</lang>
  </plataforma>
  <enunciado><![CDATA[Determina el conjugado de un número complejo.]]></enunciado>
  <masinfo inicio="0" />
  <sinaleatoriedad><![CDATA[0]]></sinaleatoriedad>
  <calc><![CDATA[0]]></calc>
  <respuestaunica><![CDATA[0]]></respuestaunica>
  <test cantidad="7">
    <cuestion>
      <enunciado><![CDATA[El conjugado del número complejo 4 + 3{{cur}}i{{normal}} es igual a:]]></enunciado>
      <explicacion />
      <imagen />
      <respuestas>
        <respuesta contestacion="- 4 + 3{{cur}}i{{normal}}" correcta="0" />
        <respuesta contestacion="4 - 3{{cur}}i{{normal}}" correcta="1" />
        <respuesta contestacion="- 4 - 3{{cur}}i{{normal}}" correcta="0" />
        <respuesta contestacion="4 + 3{{cur}}i{{normal}}" correcta="0" />
      </respuestas>
    </cuestion>
    <cuestion>
      <enunciado><![CDATA[El conjugado del número complejo 2 - 4{{cur}}i{{normal}} es igual a:]]></enunciado>
      <explicacion />
      <imagen />
      <respuestas>
        <respuesta contestacion="2 + 4{{cur}}i{{normal}}" correcta="1" />
        <respuesta contestacion="2 - 4{{cur}}i{{normal}}" correcta="0" />
        <respuesta contestacion="- 2 + 4{{cur}}i{{normal}}" correcta="0" />
        <respuesta contestacion="- 2 - 4{{cur}}i{{normal}}" correcta="0" />
      </respuestas>
    </cuestion>
    <cuestion>
      <enunciado><![CDATA[El conjugado del número complejo - 8 - {{cur}}i{{normal}} es igual a:]]></enunciado>
      <explicacion />
      <imagen />
      <respuestas>
        <respuesta contestacion="8 - {{cur}}i{{normal}}" correcta="0" />
        <respuesta contestacion="- 8 - {{cur}}i{{normal}}" correcta="0" />
        <respuesta contestacion="- 8 + {{cur}}i{{normal}}" correcta="1" />
        <respuesta contestacion="8 + {{cur}}i{{normal}}" correcta="0" />
      </respuestas>
    </cuestion>
    <cuestion>
      <enunciado><![CDATA[El conjugado del número complejo 0 - 3{{cur}}i{{normal}} es igual a:]]></enunciado>
      <explicacion />
      <imagen />
      <respuestas>
        <respuesta contestacion="0 - 3{{cur}}i{{normal}}" correcta="0" />
        <respuesta contestacion="- 0 - 3{{cur}}i{{normal}}" correcta="0" />
        <respuesta contestacion="- 3{{cur}}i{{normal}}" correcta="0" />
        <respuesta contestacion="3{{cur}}i{{normal}}" correcta="1" />
      </respuestas>
    </cuestion>
    <cuestion>
      <enunciado><![CDATA[El conjugado del número complejo - 2 + 7{{cur}}i{{normal}} es igual a:]]></enunciado>
      <explicacion />
      <imagen />
      <respuestas>
        <respuesta contestacion="2 + 7{{cur}}i{{normal}}" correcta="0" />
        <respuesta contestacion="- 2 - 7{{cur}}i{{normal}}" correcta="1" />
        <respuesta contestacion="2 - 7{{cur}}i{{normal}}" correcta="0" />
        <respuesta contestacion="- 2 + 7{{cur}}i{{normal}}" correcta="0" />
      </respuestas>
    </cuestion>
    <cuestion>
      <enunciado><![CDATA[El conjugado del número complejo - 5 - 13{{cur}}i{{normal}} es igual a:]]></enunciado>
      <explicacion />
      <imagen />
      <respuestas>
        <respuesta contestacion="5 + 13{{cur}}i{{normal}}" correcta="0" />
        <respuesta contestacion="- 5 - 13{{cur}}i{{normal}}" correcta="0" />
        <respuesta contestacion="5 - 13{{cur}}i{{normal}}" correcta="0" />
        <respuesta contestacion="- 5 + 13{{cur}}i{{normal}}" correcta="1" />
      </respuestas>
    </cuestion>
    <cuestion>
      <enunciado><![CDATA[El conjugado del número complejo - 35 - 12{{cur}}i {{normal}}es igual a:]]></enunciado>
      <explicacion />
      <imagen />
      <respuestas>
        <respuesta contestacion="- 35 + 12{{cur}}i{{normal}}" correcta="1" />
        <respuesta contestacion="- 35 - 12{{cur}}i{{normal}}" correcta="0" />
        <respuesta contestacion="35 + 12{{cur}}i{{normal}}" correcta="0" />
        <respuesta contestacion="35 - 12{{cur}}i{{normal}}" correcta="0" />
      </respuestas>
    </cuestion>
  </test>
</motor>