﻿<?xml version="1.0" encoding="UTF-8"?><motor tipo="1" clase="a" aprid="M1a"><plataforma><grado><![CDATA[2]]></grado><titulo>Practica operaciones mixtas</titulo><area>3</area><nivel><![CDATA[1]]></nivel><referencia><![CDATA[MT_07_06_16]]></referencia><idreg><![CDATA[2782]]></idreg><motor><![CDATA[M1A]]></motor><lang>es</lang></plataforma><enunciado><![CDATA[Relaciona cada operación mixta con fracciones y números enteros con el resultado correcto.
]]></enunciado><masinfo inicio="0" /><sinaleatoriedad><![CDATA[0]]></sinaleatoriedad><calc>1</calc><textoatexto cantidad="6"><cuestion><pregunta><![CDATA[17/7 + 6]]></pregunta><respuesta><![CDATA[59/7]]></respuesta></cuestion><cuestion><pregunta><![CDATA[12/3 – 2]]></pregunta><respuesta><![CDATA[2]]></respuesta></cuestion><cuestion><pregunta><![CDATA[75/3 : 5]]></pregunta><respuesta><![CDATA[5]]></respuesta></cuestion><cuestion><pregunta><![CDATA[73/3 – 9]]></pregunta><respuesta><![CDATA[46/3]]></respuesta></cuestion><cuestion><pregunta><![CDATA[1 – 1/99]]></pregunta><respuesta><![CDATA[98/99]]></respuesta></cuestion><cuestion><pregunta><![CDATA[4 · 4/77]]></pregunta><respuesta><![CDATA[16/77]]></respuesta></cuestion></textoatexto><textofalso cantidad="0" /></motor>