﻿<?xml version="1.0" encoding="utf-8"?><motor tipo="9" clase="b" aprid="m9b">
  <plataforma>
    <grado><![CDATA[2]]></grado>
    <titulo>Completa la demostración de congruencia</titulo>
    <area>0</area>
    <nivel>2</nivel>
    <referencia/>
    <idreg><![CDATA[0]]></idreg>
    <motor><![CDATA[M9B]]></motor>
    <lang>es</lang>
  </plataforma>
  <enunciado><![CDATA[Organiza las afirmaciones de tal manera que puedas demostrar que el triángulo {{cur}}EAG{{normal}} es congruente con el triángulo {{cur}}ABC{{normal}}. ]]></enunciado>
  <masinfo inicio="1"><![CDATA[Las justificaciones en cada paso son:[1] Como el punto {{cur}}A{{normal}} es el centro del círculo, estos lados son congruentes debido a que coinciden con el valor del radio.[2] Los ángulos son congruentes y opuestos por el vértice.[3] Como el punto {{cur}}A{{normal}} es el centro del círculo, estos lados son congruentes debido a que coinciden con el valor del radio.[4] Postulado de la congruencia LAL.]]></masinfo>
  <calc><![CDATA[0]]></calc>
  <imagen><![CDATA[MA_08_09_CO_REC140_IMG01n.png]]></imagen>
  <ampliacion><![CDATA[MA_08_09_CO_REC140_IMG01a.png]]></ampliacion>
  <sonido/>
  <textoatexto cantidad="4">
    <cuestion>
      <pregunta>1</pregunta>
      <respuesta><![CDATA[Lado {{cur}}AB{{normal}} congruente con {{cur}}AG{{normal}}.]]></respuesta>
    </cuestion>
    <cuestion>
      <pregunta>2</pregunta>
      <respuesta><![CDATA[∢{{cur}}EAG{{normal}} congruente con ∢{{cur}}BAC{{normal}}.]]></respuesta>
    </cuestion>
    <cuestion>
      <pregunta>3</pregunta>
      <respuesta><![CDATA[Lado {{cur}}AC{{normal}} congruente con {{cur}}AE{{normal}}.]]></respuesta>
    </cuestion>
    <cuestion>
      <pregunta>4</pregunta>
      <respuesta><![CDATA[∆{{cur}}EAG{{normal}} congruente con el ∆{{cur}}ABC{{normal}}. ]]></respuesta>
    </cuestion>
  </textoatexto>
</motor>