﻿<?xml version="1.0" encoding="utf-8"?><engine copy="Editorial Planeta" version="1" aprid="f6"><main layout="1">
<title>Construcción de triángulos con regla y compás</title>
<footer>Seleccióna la construcción que quieres observar</footer>
</main>
<sections>
<section i="0" star="false" hasSubsections="false">
<menuImage path="MA_08_09_CO_REC60_IMG02.jpg" border="0">
<title><![CDATA[Triángulos equiláteros]]></title>
</menuImage>
<pages>
<page i="0" visible="true" color="">
<title>Construcción de triángulos equiláteros</title>
<description><![CDATA[<p><span style="font-size:18px;"><span style="font-family:verdana,geneva,sans-serif;">Para trazar un tri&aacute;ngulo equil&aacute;tero con regla y comp&aacute;s necesitamos seguir los siguientes pasos:</span></span></p>

<p><span style="font-size:18px;"><span style="font-family:verdana,geneva,sans-serif;"><strong>Paso 1:</strong> a partir de un segmento <em>ED</em> situamos el comp&aacute;s en el punto <em>E</em> y trazamos un arco de circunferencia que pase por el punto <em>D;</em> luego, colocamos el comp&aacute;s sobre el punto <em>D</em> y trazamos de nuevo un arco de circunferencia que pase por el punto <em>E</em>&nbsp;(como se ve en la primer imagen).</span></span></p>

<p><span style="font-size:18px;"><span style="font-family:verdana,geneva,sans-serif;"><strong>Paso 2:</strong> los dos arcos de circunferencia se cortan en un punto <em>M</em>; ahora se trazan los segmentos <em>EM</em> y <em>MD</em>, de manera que se construye un tri&aacute;ngulo equil&aacute;tero como se observa en la segunda imagen.</span></span></p>
]]></description>
<images>
<image path="MA_08_09_CO_REC60_IMG04n.jpg" border = "0" pathbig="MA_08_09_CO_REC60_IMG04a.jpg">
<title><![CDATA[]]></title>
</image>
<image path="MA_08_09_CO_REC60_IMG05n.jpg" border = "0" pathbig="MA_08_09_CO_REC60_IMG05a.jpg">
<title><![CDATA[]]></title>
</image>
</images>
</page>
</pages>
</section><section i="0" star="false" hasSubsections="false">
<menuImage path="MA_08_09_CO_REC60_IMG03.jpg" border="0">
<title><![CDATA[Triángulos isósceles]]></title>
</menuImage>
<pages>
<page i="0" visible="true" color="">
<title>Construcción de triángulos isósceles</title>
<description><![CDATA[<p><span style="font-size:18px;"><span style="font-family:verdana,geneva,sans-serif;">Iniciemos la construcci&oacute;n con un segmento <em>AB.</em> Con el comp&aacute;s hallamos la mediatriz del segmento; luego, establecemos un punto <em>C</em> sobre una recta que pase por la mediatriz y, finalmente, unimos los puntos <em>A</em>, <em>B</em> y <em>C</em>, para as&iacute; obtener un tri&aacute;ngulo is&oacute;sceles. Observemos la construcci&oacute;n paso a paso.</span></span></p>

<p><span style="font-size:18px;"><span style="font-family:verdana,geneva,sans-serif;"><strong>Paso 1:</strong> a partir de un segmento <em>AB</em> se trazan dos arcos de circunferencia, uno con centro en <em>A</em> y radio mayor que la mitad del segmento <em>AB,</em> y otro con centro en <em>B</em> y radio mayor que la mitad del segmento <em>AB</em> (como se muestra en la primera imagen).</span></span></p>
]]></description>
<images>
<image path="MA_08_09_CO_REC60_IMG06n.jpg" border = "0" pathbig="MA_08_09_CO_REC60_IMG06a.jpg">
<title><![CDATA[]]></title>
</image>
</images>
</page>
<page i="0" visible="true" color="">
<title>Construcción de triángulos isósceles</title>
<description><![CDATA[<p><span style="font-size:18px;"><span style="font-family:verdana,geneva,sans-serif;"><strong>Paso 2:</strong> estos arcos se encuentran en dos puntos; al trazar una l&iacute;nea recta que pase por estos puntos se determina la mediatriz del segmento <em>AB</em>.</span></span></p>

<p><span style="font-size:18px;"><span style="font-family:verdana,geneva,sans-serif;"><strong>Paso&nbsp;3:</strong> se selecciona un punto <em>C</em> sobre la recta mediatriz trazada y, despu&eacute;s, se trazan los segmentos <em>AC</em> y <em>BC</em>, de manera que la figura que se obtiene es la de un tri&aacute;ngulo is&oacute;sceles (como se observa en la segunda imagen).</span></span></p>
]]></description>
<images>
<image path="MA_08_09_CO_REC60_IMG07n.jpg" border = "0" pathbig="MA_08_09_CO_REC60_IMG07a.jpg">
<title><![CDATA[]]></title>
</image>
</images>
</page>
</pages>
</section><section i="0" star="false" hasSubsections="false">
<menuImage path="MA_08_09_CO_REC60_IMG01.jpg" border="0">
<title><![CDATA[Triángulos escalenos]]></title>
</menuImage>
<pages>
<page i="0" visible="true" color="">
<title>Construcción de triángulos escalenos</title>
<description><![CDATA[<p><span style="font-size:18px;"><span style="font-family:verdana,geneva,sans-serif;">Para construir un tri&aacute;ngulo escaleno podemos realizar los siguientes pasos:</span></span></p>

<p><span style="font-size:18px;"><span style="font-family:verdana,geneva,sans-serif;"><strong>Paso 1:</strong> iniciamos a partir de un segmento cualquiera <em>FG</em>; con la ayuda del comp&aacute;s tomamos por centro el punto <em>F</em>&nbsp;y trazamos un arco de circunferencia distinto a la medida del segmento <em>FG</em>.</span></span></p>

<p><span style="font-size:18px;"><span style="font-family:verdana,geneva,sans-serif;"><strong>Paso 2:</strong> posteriormente, con centro en el punto <em>G</em> y radio distinto al del anterior arco, trazamos un nuevo arco de circunferencia y buscamos uno de los puntos de corte entre estos dos arcos de circunferencia.</span></span></p>
]]></description>
<images>
<image path="MA_08_09_CO_REC60_IMG09n.jpg" border = "0" pathbig="MA_08_09_CO_REC60_IMG09a.jpg">
<title><![CDATA[]]></title>
</image>
</images>
</page>
<page i="0" visible="true" color="">
<title>Construcción de triángulos escalenos</title>
<description><![CDATA[<p></p>

<p></p>

<p></p>

<p></p>

<p><span style="font-size:18px;"><span style="font-family:verdana,geneva,sans-serif;"><strong>Paso 3:</strong> finalmente, se ubica un punto <em>M</em> donde se encuentran los dos arcos y se trazan los segmentos <em>MG</em> y <em>MF</em>, para as&iacute; obtener un tri&aacute;ngulo escaleno.</span></span></p>
]]></description>
<images>
<image path="MA_08_09_CO_REC60_IMG10n.jpg" border = "0" pathbig="MA_08_09_CO_REC60_IMG10a.jpg">
<title><![CDATA[]]></title>
</image>
</images>
</page>
</pages>
</section></sections>
</engine>