﻿<?xml version="1.0" encoding="utf-8"?><motor tipo="1" clase="d" aprid="M1d">
  <plataforma>
    <grado><![CDATA[2]]></grado>
    <titulo>Determina si se forma un triángulo</titulo>
    <area>3</area>
    <nivel><![CDATA[1]]></nivel>
    <referencia><![CDATA[MT_09_07_02]]></referencia>
    <idreg><![CDATA[3864]]></idreg>
    <motor><![CDATA[M1D]]></motor>
    <lang>es</lang>
  </plataforma>
  <enunciado><![CDATA[Escribe si el enunciado es {{neg}}verdadero{{normal}} o {{neg}}falso{{normal}}.]]></enunciado>
  <masinfo inicio="1"><![CDATA[Recuerda que todos los enunciados se refieren a triángulos. Escribe las letras en minúscula.]]></masinfo>
  <sinaleatoriedad><![CDATA[0]]></sinaleatoriedad>
  <calc><![CDATA[1]]></calc>
  <textoatexto cantidad="6">
    <cuestion correccionSinMayusculas="1" correccionSinPuntuacion="0" correccionSinPuntuacionFinal="0">
      <pregunta><![CDATA[Dos ángulos pueden medir 30º y 90º.]]></pregunta>
      <respuesta><![CDATA[verdadero]]></respuesta>
    </cuestion>
    <cuestion correccionSinMayusculas="1" correccionSinPuntuacion="0" correccionSinPuntuacionFinal="0">
      <pregunta><![CDATA[Los ángulos internos suman 180º.]]></pregunta>
      <respuesta><![CDATA[verdadero]]></respuesta>
    </cuestion>
    <cuestion correccionSinMayusculas="1" correccionSinPuntuacion="0" correccionSinPuntuacionFinal="0">
      <pregunta><![CDATA[Los lados pueden medir 3, 4 y 5 cm.]]></pregunta>
      <respuesta><![CDATA[verdadero]]></respuesta>
    </cuestion>
    <cuestion correccionSinMayusculas="1" correccionSinPuntuacion="0" correccionSinPuntuacionFinal="0">
      <pregunta><![CDATA[Puede tener tres ángulos de 60º.]]></pregunta>
      <respuesta><![CDATA[verdadero]]></respuesta>
    </cuestion>
    <cuestion correccionSinMayusculas="1" correccionSinPuntuacion="0" correccionSinPuntuacionFinal="0">
      <pregunta><![CDATA[Los lados pueden medir 5, 7 y 12 cm.]]></pregunta>
      <respuesta><![CDATA[falso]]></respuesta>
    </cuestion>
    <cuestion correccionSinMayusculas="1" correccionSinPuntuacion="0" correccionSinPuntuacionFinal="0">
      <pregunta><![CDATA[Pueden haber dos ángulos de 90º.]]></pregunta>
      <respuesta><![CDATA[falso]]></respuesta>
    </cuestion>
  </textoatexto>
  <textofalso cantidad="0"/>
</motor>