<?xml version='1.0' encoding='UTF-8'?><engine copy="Editorial Planeta" version="1" aprid="f13" title="Competencias: demuestra propiedades de los cuadriláteros " >
<section title="Presentación" path="" pathAmp="" image1Text="" zoom1="false" zoom2a="false" zoom2b="false" layout="2" >
<![CDATA[
<p><strong>&nbsp;El objetivo de esta pr&aacute;ctica es que compruebes, por medio del plegado de papel, algunas propiedades de los paralelogramos.</strong></p>

<p>Antes de iniciar es importante tener en cuenta que dentro de los paralelogramos existen diferentes cuadril&aacute;teros como: cuadrados, rect&aacute;ngulos, rombos y romboides.</p>

<p>Todos los paralelogramos cumplen unas propiedades importantes que debemos recordar:</p>

<p>1) En todo paralelolagramo los &aacute;ngulos opuestos son congruentes entre s&iacute; y los &aacute;ngulos adyacentes&nbsp;a un mismo lado son suplementarios.</p>

<p>2) En todo paralelogramo los lados opuestos son congruentes entre s&iacute;.</p>

<p>3) En todo paralelogramo las diagonales se intersecan mutuamente en partes iguales.</p>

<p>4) Las diagonales de un rect&aacute;ngulo son congruentes entre s&iacute;.</p>

<p>5) Las diagonales de un rombo son perpendiculares entre s&iacute; y bisectrices de sus &aacute;ngulos.</p>

<p>6) &nbsp;Las diagonales de un cuadrado son congruentes entre si, perpendiculares y bisectrices de sus &aacute;ngulos.</p>
]]></section>
<section title="El rectángulo" path="rec260_img01.jpg" pathAmp="ma_08_09_co_rec260_img02.jpg" path2bAmp="ma_08_09_co_rec260_img02.jpg" image1Text="&lt;p&gt;Las l&amp;iacute;neas rojas son las diagonales del rect&amp;aacute;ngulo.&lt;/p&gt; " zoom1="true" zoom2a="false" zoom2b="true" layout="0" >
<![CDATA[
<p>Observa lo f&aacute;cil que es construir <strong>un rect&aacute;ngulo </strong>e identificar sus propiedades.</p>

<p style="text-align:justify">1. Toma un pedazo de papel, dobla uno de sus lados y c&oacute;rtalo.</p>

<p style="text-align:justify">2. Construye con un doblez una paralela al lado que has cortado.</p>

<p style="text-align:justify">3. Construye dos perpendiculares a las paralelas, tal como se muestra en la figura, para completar los lados que faltan al rect&aacute;ngulo.</p>

<p style="text-align:justify">4. Marca con un l&aacute;piz la figura obtenida.</p>

<p style="text-align:justify"><strong>Elementos del rect&aacute;ngulo:</strong></p>

<p style="text-align:justify">Dobla el rect&aacute;ngulo a trav&eacute;s de dos de sus v&eacute;rtices no consecutivos; este doblez recibe el nombre de diagonal. Construye la otra diagonal siguiendo el mismo procedimiento.</p>
]]></section>
<section title="El rombo" path="rec260_img03.jpg" pathAmp="ma_08_09_co_rec260_img04.jpg" path2bAmp="ma_08_09_co_rec260_img04.jpg" image1Text="&lt;p&gt;Recuerda probar que el rombo elaborado cumpla con las propiedades.&lt;/p&gt; " zoom1="true" zoom2a="false" zoom2b="true" layout="0" >
<![CDATA[
<p>Observa lo f&aacute;cil que es construir <strong>un rombo </strong>e identificar sus propiedades.</p>

<p>1. Construye una regi&oacute;n rectangular <em>B&rsquo;C&rsquo;D&rsquo;E</em>&rsquo;, haz dobleces por la mitad superponiendo el lado <em>B&rsquo;E</em>&rsquo; sobre <em>C&rsquo;D</em>&rsquo; y <em>B&rsquo;C</em>&rsquo; sobre <em>D&rsquo;E</em>&rsquo;, de esta forma se obtienen los puntos medios de los lados <em>B, C, D, E</em>&nbsp;y el punto central <em>O </em>que puedes ver en la imagen.</p>

<p>2. Haz un doblez que vaya de <em>B</em>&nbsp;a <em>C</em>, otro que vaya de <em>C</em>&nbsp;a <em>D</em>, otro de <em>D</em>&nbsp;a <em>E</em>&nbsp;y otro de <em>E</em>&nbsp;a <em>B</em>.</p>

<p>3. Corta las regiones triangulares que se forman con los puntos <em>BB&rsquo;E</em>; <em>BC&rsquo;C</em>; <em>CD&rsquo;D</em>&nbsp;y <em>DE&rsquo;E</em>; observa la imagen ampliada como gu&iacute;a para determinar las regiones que debes cortar.</p>

<p>4. En este paso ya debes tener un rombo.</p>

<p>5. <em>BD</em> y <em>DE</em> son las diagonales del rombo.</p>
]]></section>
<section title="Tarea" path="" pathAmp="" image1Text="" zoom1="false" zoom2a="false" zoom2b="false" layout="2" >
<![CDATA[<p>1) Para poder comprobar las propiedades de los rect&aacute;ngulos, realiza construcciones de diferentes rect&aacute;ngulos por medio del plegado de papel y responde las siguientes preguntas:</p>

<p style="margin-left:40px">-&iquest;Los cuatros &aacute;ngulos son rectos y congruentes?</p>

<p style="margin-left:40px">-&iquest;Las parejas de lados opuestos son congruentes o no?</p>

<p style="margin-left:40px">-&iquest;Las medidas de las diagonales son congruentes?</p>

<p>2) Construye varios rombos y responde:</p>

<p style="margin-left:40px">- &iquest;Los cuatro &aacute;ngulos son congruentes?</p>

<p style="margin-left:40px">- &iquest;Las diagonales son perpendiculares entre s&iacute;?</p>

<p style="margin-left:40px">- Con respecto al punto <em>O</em>, &iquest;es el punto medio de las diagonales?</p>

<p style="margin-left:40px">- Los &aacute;ngulos opuestos, &iquest;son congruentes?</p>

<p style="margin-left:40px">- El rombo, &iquest;es un paralelogramo?</p>

<p>3) Realiza con papel construcciones de los diferentes tipos de paralelogramos y prueba las propiedadas de estos.</p>
]]></section>
</engine>