﻿<?xml version="1.0" encoding="utf-8"?><motor tipo="101" clase="a" aprid="m101a">
  <plataforma>
    <grado>2</grado>
    <titulo>Refuerza tu aprendizaje: Los cuadriláteros</titulo>
    <volumen/>
    <nivel>2</nivel>
    <referencia/>
    <motor/>
    <lang>es</lang>
  </plataforma>
  <enunciado><![CDATA[Responde las siguientes preguntas, dando las debidas justificaciones.Cuando hayas terminado, haz clic en enviar. ]]></enunciado>
  <masinfo inicio="0"/>
  <calc><![CDATA[0]]></calc>
  <preguntas cantidad="10">
    <pregunta>
      <enunciado><![CDATA[Dada la siguiente afirmación explica si es cierta o no:]]></enunciado>
      <explicacion/>
      <nivel><![CDATA[3]]></nivel>
      <tipo><![CDATA[M]]></tipo>
      <imagen/>
      <ampliacion/>
      <texto><![CDATA[ En todo  paralelogramo siempre se cumple que los ángulos consecutivos son suplementarios.]]></texto>
    </pregunta>
    <pregunta>
      <enunciado><![CDATA[¿Cuánto mide el ángulo exterior {{cur}}W{{normal}} del cuadrilátero de la imagen? ]]></enunciado>
      <explicacion/>
      <nivel><![CDATA[2]]></nivel>
      <tipo><![CDATA[M]]></tipo>
      <imagen><![CDATA[MA_08_09_CO_REC240_IMG01n.png]]></imagen>
      <ampliacion><![CDATA[MA_08_09_CO_REC240_IMG01a.png]]></ampliacion>
      <texto/>
    </pregunta>
    <pregunta>
      <enunciado><![CDATA[Los ángulos opuestos de un paralelogramo tienen por medida (θ + 40)° y (θ + 20)°.]]></enunciado>
      <explicacion/>
      <nivel><![CDATA[2]]></nivel>
      <tipo><![CDATA[M]]></tipo>
      <imagen/>
      <ampliacion/>
      <texto><![CDATA[Encuentra la medida en grados de cada uno de los ángulos del paralelogramo. ]]></texto>
    </pregunta>
    <pregunta>
      <enunciado><![CDATA[El cuadrilátero {{cur}}RSQP{{normal}} es un trapecio rectangular. La medida de la base {{cur}}RS{{normal}} es el doble de la medida del segmento {{cur}}PQ{{normal}}, y el segmento {{cur}}PQ{{normal}} es congruente con el segmento {{cur}}RP{{normal}}. Si {{cur}}QP{{normal}} = {{cur}}b{{normal}}, calcula las longitudes de las diagonales en función de {{cur}}b{{normal}}.]]></enunciado>
      <explicacion/>
      <nivel><![CDATA[3]]></nivel>
      <tipo><![CDATA[L]]></tipo>
      <imagen><![CDATA[MA_08_09_CO_REC240_IMG02n.png]]></imagen>
      <ampliacion><![CDATA[MA_08_09_CO_REC240_IMG02a.png]]></ampliacion>
      <texto/>
    </pregunta>
    <pregunta>
      <enunciado><![CDATA[El cuadrilátero {{cur}}RSQP{{normal}} es un trapecio rectangular. La medida de la base {{cur}}RS{{normal}} es el doble de la medida del segmento{{cur}}PQ{{normal}}, y el segmento {{cur}}PQ{{normal}} es congruente con el segmento {{cur}}RP{{normal}}. Si {{cur}}QP{{normal}} = {{cur}}b{{normal}}, calcula en función de {{cur}}b{{normal}}, la longitud del segmento {{cur}}QS{{normal}}.]]></enunciado>
      <explicacion/>
      <nivel><![CDATA[3]]></nivel>
      <tipo><![CDATA[L]]></tipo>
      <imagen><![CDATA[MA_08_09_CO_REC240_IMG03n.png]]></imagen>
      <ampliacion><![CDATA[MA_08_09_CO_REC240_IMG03a.png]]></ampliacion>
      <texto/>
    </pregunta>
    <pregunta>
      <enunciado><![CDATA[Si un ángulo agudo de un trapecio isósceles mide 50°, ¿cuánto mide cada uno de los otros ángulos?]]></enunciado>
      <explicacion/>
      <nivel><![CDATA[2]]></nivel>
      <tipo><![CDATA[M]]></tipo>
      <imagen/>
      <ampliacion/>
      <texto/>
    </pregunta>
    <pregunta>
      <enunciado><![CDATA[Un ángulo interno de un romboide mide 45°, ¿cuánto mide cada uno de los otros tres ángulos?]]></enunciado>
      <explicacion/>
      <nivel><![CDATA[1]]></nivel>
      <tipo><![CDATA[S]]></tipo>
      <imagen/>
      <ampliacion/>
      <texto/>
    </pregunta>
    <pregunta>
      <enunciado><![CDATA[¿Qué figura forman las bisectrices de los ángulos exteriores de un rombo?]]></enunciado>
      <explicacion/>
      <nivel><![CDATA[2]]></nivel>
      <tipo><![CDATA[M]]></tipo>
      <imagen/>
      <ampliacion/>
      <texto/>
    </pregunta>
    <pregunta>
      <enunciado><![CDATA[Responde la siguiente pregunta y justifica tu respuesta.]]></enunciado>
      <explicacion/>
      <nivel><![CDATA[2]]></nivel>
      <tipo><![CDATA[M]]></tipo>
      <imagen/>
      <ampliacion/>
      <texto><![CDATA[¿Es cierto que si se unen consecutivamente los puntos medios de un cuadrilátero cualquiera, resulta un paralelogramo cuyos lados son respectivamente iguales a la mitad de las diagonales?]]></texto>
    </pregunta>
    <pregunta>
      <enunciado><![CDATA[Da argumentos a favor o en contra de la siguiente afirmación:]]></enunciado>
      <explicacion/>
      <nivel><![CDATA[2]]></nivel>
      <tipo><![CDATA[M]]></tipo>
      <imagen/>
      <ampliacion/>
      <texto><![CDATA[En todo cuadrilátero la suma de los lados es mayor que la suma de las diagonales. ]]></texto>
    </pregunta>
  </preguntas>
</motor>