<motor tipo="2" clase="c" aprid="M2C">
  <plataforma>
    <grado><![CDATA[2]]></grado>
    <titulo>Reconoce características de los números decimales</titulo>
    <area>3</area>
    <nivel>2</nivel>
    <referencia><![CDATA[DRIAB]]></referencia>
    <idreg><![CDATA[227]]></idreg>
    <motor><![CDATA[M2C]]></motor>
    <lang>es</lang>
  </plataforma>
  <enunciado><![CDATA[Completa los espacios con la palabra apropiada para completar el texto.]]></enunciado>
  <masinfo inicio="0"/>
  <calc><![CDATA[0]]></calc>
  <sonido/>
  <textoacategoria>
    <cuestion>
      <pregunta><![CDATA[El número 0,36 es un decimal [*] que cuenta con [*]  cifras decimales, la cifra 6 ocupa el lugar de las [*] y la cifra [*] el lugar de las décimas.  El número 3,1604 es un decimal [*] con [*] cifras decimales, cuya parte entera es [*] y cuya parte decimal es [*], la cifra 4 ocupa el lugar de las [*].  Mientras que el número 0,614261426142… es un número decimal [*] cuyo [*] es de 4 cifras y corresponde a [*].]]></pregunta>
      <respuestas>
        <respuesta orden="1">
          <opcion correcta="0"><![CDATA[Infinito]]></opcion>
          <opcion correcta="0"><![CDATA[periódico]]></opcion>
          <opcion correcta="1"><![CDATA[exacto]]></opcion>
          <opcion correcta="0"><![CDATA[periódico mixto]]></opcion>
        </respuesta>
        <respuesta orden="2">
          <opcion correcta="0"><![CDATA[ninguna]]></opcion>
          <opcion correcta="0"><![CDATA[una]]></opcion>
          <opcion correcta="1"><![CDATA[dos]]></opcion>
          <opcion correcta="0"><![CDATA[tres]]></opcion>
        </respuesta>
        <respuesta orden="3">
          <opcion correcta="0"><![CDATA[décimas]]></opcion>
          <opcion correcta="1"><![CDATA[centésimas]]></opcion>
          <opcion correcta="0"><![CDATA[milésimas]]></opcion>
          <opcion correcta="0"><![CDATA[diezmilésimas]]></opcion>
        </respuesta>
        <respuesta orden="4">
          <opcion correcta="0"><![CDATA[0]]></opcion>
          <opcion correcta="0"><![CDATA[2]]></opcion>
          <opcion correcta="1"><![CDATA[3]]></opcion>
          <opcion correcta="0"><![CDATA[6]]></opcion>
        </respuesta>
        <respuesta orden="5">
          <opcion correcta="1"><![CDATA[exacto]]></opcion>
          <opcion correcta="0"><![CDATA[periódico]]></opcion>
          <opcion correcta="0"><![CDATA[periódico mixto]]></opcion>
          <opcion correcta="0"><![CDATA[infinito]]></opcion>
        </respuesta>
        <respuesta orden="6">
          <opcion correcta="0"><![CDATA[infinitas]]></opcion>
          <opcion correcta="0"><![CDATA[dos]]></opcion>
          <opcion correcta="0"><![CDATA[tres]]></opcion>
          <opcion correcta="1"><![CDATA[cuatro]]></opcion>
        </respuesta>
        <respuesta orden="7">
          <opcion correcta="1"><![CDATA[3]]></opcion>
          <opcion correcta="0"><![CDATA[31]]></opcion>
          <opcion correcta="0"><![CDATA[3,16]]></opcion>
          <opcion correcta="0"><![CDATA[1604]]></opcion>
        </respuesta>
        <respuesta orden="8">
          <opcion correcta="0"><![CDATA[3]]></opcion>
          <opcion correcta="0"><![CDATA[16]]></opcion>
          <opcion correcta="0"><![CDATA[3,1604]]></opcion>
          <opcion correcta="1"><![CDATA[1604]]></opcion>
        </respuesta>
        <respuesta orden="9">
          <opcion correcta="0"><![CDATA[décimas]]></opcion>
          <opcion correcta="0"><![CDATA[centésimas]]></opcion>
          <opcion correcta="0"><![CDATA[milésimas]]></opcion>
          <opcion correcta="1"><![CDATA[diezmilésimas]]></opcion>
        </respuesta>
        <respuesta orden="10">
          <opcion correcta="0"><![CDATA[exacto]]></opcion>
          <opcion correcta="1"><![CDATA[periódico puro]]></opcion>
          <opcion correcta="0"><![CDATA[periódico mixto]]></opcion>
          <opcion correcta="0"><![CDATA[infinito no periódico]]></opcion>
        </respuesta>
        <respuesta orden="11">
          <opcion correcta="0"><![CDATA[entero]]></opcion>
          <opcion correcta="1"><![CDATA[período]]></opcion>
          <opcion correcta="0"><![CDATA[valor]]></opcion>
          <opcion correcta="0"><![CDATA[periódico]]></opcion>
        </respuesta>
        <respuesta orden="12">
          <opcion correcta="0"><![CDATA[61]]></opcion>
          <opcion correcta="0"><![CDATA[614]]></opcion>
          <opcion correcta="1"><![CDATA[6142]]></opcion>
          <opcion correcta="0"><![CDATA[61426]]></opcion>
        </respuesta>
      </respuestas>
    </cuestion>
  </textoacategoria>
</motor>