﻿<?xml version="1.0" encoding="utf-8"?>
<motor tipo="5" clase="a" aprid="m5a">
  <plataforma>
    <grado><![CDATA[2]]></grado>
    <titulo>Comportamiento de las funciones a trozos</titulo>
    <area>0</area>
    <nivel>1</nivel>
    <referencia />
    <idreg><![CDATA[0]]></idreg>
    <motor><![CDATA[M5A]]></motor>
    <lang>es</lang>
  </plataforma>
  <enunciado><![CDATA[Identifica la expresión algebraica de los trozos de una función.]]></enunciado>
  <masinfo inicio="0" />
  <sinaleatoriedad><![CDATA[0]]></sinaleatoriedad>
  <calc><![CDATA[0]]></calc>
  <respuestaunica><![CDATA[0]]></respuestaunica>
  <test cantidad="9">
    <cuestion>
      <enunciado><![CDATA[El sector de la función de color rojo está definido por la expresión:]]></enunciado>
      <explicacion />
      <imagen><![CDATA[MA_09_04_CO_REC_20_IMG01n.png]]></imagen>
      <ampliacion><![CDATA[MA_09_04_CO_REC_20_IMG01a.png]]></ampliacion>
      <respuestas>
        <respuesta contestacion="el cuadrado de {{cur}}x{{normal}}" correcta="0" />
        <respuesta contestacion="el doble de {{cur}}x{{normal}}" correcta="0" />
        <respuesta contestacion="el valor de {{cur}}x{{normal}}" correcta="1" />
        <respuesta contestacion="la raíz cuadrada de {{cur}}x{{normal}}" correcta="0" />
      </respuestas>
    </cuestion>
    <cuestion>
      <enunciado><![CDATA[El sector de la función, para los valores del dominio entre 10 y 50, está definido por la expresión:]]></enunciado>
      <explicacion />
      <imagen><![CDATA[MA_09_04_CO_REC_20_IMG02n.png]]></imagen>
      <ampliacion><![CDATA[MA_09_04_CO_REC_20_IMG02a.png]]></ampliacion>
      <respuestas>
        <respuesta contestacion="{{cur}}y{{normal}} = {{cur}}x{{normal}}" correcta="0" />
        <respuesta contestacion="{{cur}}y{{normal}} = 10" correcta="1" />
        <respuesta contestacion="{{cur}}y{{normal}} = 0" correcta="0" />
        <respuesta contestacion="{{cur}}y{{normal}} = {{cur}}x{{normal}} + 10" correcta="0" />
      </respuestas>
    </cuestion>
    <cuestion>
      <enunciado><![CDATA[El primer trozo de la función, que se muestra en rojo, está definido por la expresión:]]></enunciado>
      <explicacion />
      <imagen><![CDATA[MA_09_04_CO_REC_20_IMG03n.png]]></imagen>
      <ampliacion><![CDATA[MA_09_04_CO_REC_20_IMG03a.png]]></ampliacion>
      <respuestas>
        <respuesta contestacion="{{cur}}f(x){{normal}} = 1" correcta="0" />
        <respuesta contestacion="{{cur}}f(x){{normal}} = 0" correcta="0" />
        <respuesta contestacion="{{cur}}f(x){{normal}} = -1" correcta="1" />
        <respuesta contestacion="{{cur}}f(x){{normal}} = {{cur}}x{{normal}} " correcta="0" />
      </respuestas>
    </cuestion>
    <cuestion>
      <enunciado><![CDATA[El trozo de la curva comprendido entre 0 y 4, está definido por la expresión:]]></enunciado>
      <explicacion />
      <imagen><![CDATA[MA_09_04_CO_REC_20_IMG04n.png]]></imagen>
      <ampliacion><![CDATA[MA_09_04_CO_REC_20_IMG04a.png]]></ampliacion>
      <respuestas>
        <respuesta contestacion="{{cur}}g(x){{normal}} = 2{{cur}}x{{normal}}" correcta="0" />
        <respuesta contestacion="{{cur}}g(x){{normal}} = 3" correcta="0" />
        <respuesta contestacion="{{cur}}g(x){{normal}} = -1" correcta="0" />
        <respuesta contestacion="{{cur}}g(x){{normal}} = 1" correcta="1" />
      </respuestas>
    </cuestion>
    <cuestion>
      <enunciado><![CDATA[El trozo de curva de color morado está definido para los valores:]]></enunciado>
      <explicacion />
      <imagen><![CDATA[MA_09_04_CO_REC_20_IMG03n.png]]></imagen>
      <ampliacion><![CDATA[MA_09_04_CO_REC_20_IMG04a.png]]></ampliacion>
      <respuestas>
        <respuesta contestacion="(-4, 0)  " correcta="0" />
        <respuesta contestacion="(1, 10)" correcta="0" />
        <respuesta contestacion="(4, 10)" correcta="1" />
        <respuesta contestacion="(2, 10)" correcta="0" />
      </respuestas>
    </cuestion>
    <cuestion>
      <enunciado><![CDATA[La parte de la curva definida en el intervalo (0, 5) se puede expresar como:]]></enunciado>
      <explicacion />
      <imagen><![CDATA[MA_09_04_CO_REC_20_IMG05n.png]]></imagen>
      <ampliacion><![CDATA[MA_09_04_CO_REC_20_IMG05a.png]]></ampliacion>
      <respuestas>
        <respuesta contestacion="{{cur}}f(x){{normal}} = √{{cur}}x{{normal}}" correcta="0" />
        <respuesta contestacion="{{cur}}f(x){{normal}} = {{cur}}x{{normal}}²" correcta="1" />
        <respuesta contestacion="{{cur}}f(x){{normal}} = 25" correcta="0" />
        <respuesta contestacion="{{cur}}f(x){{normal}} = {{cur}}x{{normal}}" correcta="0" />
      </respuestas>
    </cuestion>
    <cuestion>
      <enunciado><![CDATA[La parte de la curva en el intervalo (10, 35) corresponde a la expresión:]]></enunciado>
      <explicacion />
      <imagen><![CDATA[MA_09_04_CO_REC_20_IMG06n.png]]></imagen>
      <ampliacion><![CDATA[MA_09_04_CO_REC_20_IMG06a.png]]></ampliacion>
      <respuestas>
        <respuesta contestacion="{{cur}}g(x){{normal}} = {{cur}}x{{normal}} - 35" correcta="0" />
        <respuesta contestacion="{{cur}}g(x){{normal}} = 10 " correcta="0" />
        <respuesta contestacion="{{cur}}g(x){{normal}} = -{{cur}}x{{normal}}" correcta="0" />
        <respuesta contestacion="{{cur}}g(x){{normal}} = 35 – {{cur}}x{{normal}}" correcta="1" />
      </respuestas>
    </cuestion>
    <cuestion>
      <enunciado><![CDATA[La parte de la curva definida por la expresión {{cur}}f(x){{normal}} = 2{{cur}}x{{normal}} corresponde a la parte comprendida entre:]]></enunciado>
      <explicacion />
      <imagen><![CDATA[MA_09_04_CO_REC_20_IMG07n.png]]></imagen>
      <ampliacion><![CDATA[MA_09_04_CO_REC_20_IMG07a.png]]></ampliacion>
      <respuestas>
        <respuesta contestacion="(-10, -4)" correcta="0" />
        <respuesta contestacion="(-3, 0)" correcta="0" />
        <respuesta contestacion="(0, 2)" correcta="1" />
        <respuesta contestacion="(-2, 2)" correcta="0" />
      </respuestas>
    </cuestion>
    <cuestion>
      <enunciado><![CDATA[La parte de la curva definida por la expresión {{cur}}f(x){{normal}} = {{cur}}x{{normal}}² corresponde a la parte comprendida entre:]]></enunciado>
      <explicacion />
      <imagen><![CDATA[MA_09_04_CO_REC_20_IMG08n.png]]></imagen>
      <ampliacion><![CDATA[MA_09_04_CO_REC_20_IMG08a.png]]></ampliacion>
      <respuestas>
        <respuesta contestacion="(-10, -2)" correcta="0" />
        <respuesta contestacion="(-2, 0)" correcta="1" />
        <respuesta contestacion="(-3, 0)" correcta="0" />
        <respuesta contestacion="(-2, 2)" correcta="0" />
      </respuestas>
    </cuestion>
  </test>
  <temps>
  </temps>
</motor>