﻿<?xml version="1.0" encoding="utf-8"?><engine copy="Editorial Planeta" version="1" aprid="f13" title="Los porcentajes en la solución de problemas" >
<section title="Presentación" path="MA_06_07_REC320_IMG01n.jpg" pathAmp="MA_06_07_REC320_IMG01a.jpg" image1Text="" zoom1="true" zoom2a="false" zoom2b="false" layout="0" >
<![CDATA[
<p><span style="font-size:20px">Es importante conocer c&oacute;mo est&aacute; constituido el cuerpo humano:&nbsp;los &oacute;rganos y&nbsp;sus funciones, el tama&ntilde;o y su&nbsp;constituci&oacute;n.</span></p>

<p><span style="font-size:20px">Por ejemplo,&nbsp;el cuerpo est&aacute; formado por 640 m&uacute;sculos y&nbsp;m&aacute;s de 95 000 km de vasos sangu&iacute;neos. </span></p>

<p><span style="font-size:20px">Dentro de lo complejo que es el cuerpo humano se pueden reconocer&nbsp;las siguientes curiosidades:</span></p>

<ul>
	<li><span style="font-size:20px">Los dedos pulgares del pie tienen dos huesos, mientras que los dem&aacute;s dedos del pie tienen tres.</span></li>
	<li><span style="font-size:20px">Un par de pies humanos contiene 250&nbsp;000 gl&aacute;ndulas sudor&iacute;paras.</span></li>
	<li><span style="font-size:20px">Siete segundos es lo que demora la comida en ir de la boca al est&oacute;mago.</span></li>
	<li><span style="font-size:20px">El dedo pulgar mide lo mismo que la&nbsp;nariz.</span></li>
	<li><span style="font-size:20px">Un coraz&oacute;n promedio late 72 veces por minuto, 100&nbsp;000 veces por d&iacute;a y 3&nbsp;600&nbsp;000 veces al a&ntilde;o.</span></li>
	<li><span style="font-size:20px">El coraz&oacute;n humano genera, a diario, energ&iacute;a como para arrastrar un cami&oacute;n por 32 kil&oacute;metros.</span></li>
</ul>

<p>&nbsp;</p>
]]></section>
<section title="Tarea" path="MA_06_07_REC320_IMG02n.jpg" pathAmp="MA_06_07_REC320_IMG02a.jpg" image1Text="" zoom1="true" zoom2a="false" zoom2b="false" layout="0" >
<![CDATA[
<p><span style="font-size:20px">En la siguiente actividad se van a calcular porcentajes relacionados con aspectos del cuerpo humano.</span></p>

<p><span style="font-size:20px">1.&nbsp; Determina cu&aacute;l es tu peso corporal.</span></p>

<p><span style="font-size:20px">2. Calcula los siguientes pesos de las partes de tu cuerpo usando los porcentajes.</span></p>

<ul>
	<li><span style="font-size:20px">Cerebro: 2,5 % de tu peso.</span></li>
	<li><span style="font-size:20px">Cantidad de agua: 60 %.</span></li>
	<li><span style="font-size:20px">Masa &oacute;sea: 14 %.</span></li>
	<li><span style="font-size:20px">Tejido magro o masa libre de grasa: 80 %.</span></li>
	<li><span style="font-size:20px">Tejido adiposo&nbsp;o grasa de almacenamiento:&nbsp;20 %.</span></li>
	<li><span style="font-size:20px"><span style="font-size:20px">Tronco sin miembros: 50 %.</span></span></li>
	<li><span style="font-size:20px"><span style="font-size:20px"><span style="font-size:20px">Brazo completo</span>:<span style="font-size:20px"> 5 %.</span></span></span></li>
	<li><span style="font-size:20px">Pierna completa<span style="font-size:20px">:</span> 16 %.</span></li>
	<li><span style="font-size:20px"><span style="font-size:20px">Mano: 0,7 %.</span></span></li>
	<li><span style="font-size:20px"><span style="font-size:20px"><span style="font-size:20px">Muslo</span>:<span style="font-size:20px"> 10,1 %.</span></span></span></li>
</ul>

<p><span style="font-size:20px">3. Calcula tu &iacute;ndice de masa corporal&nbsp;(IMC) y clasifica tu estado de acuerdo con la tabla mostrada.</span></p>

<p style="text-align:center"><span style="font-size:20px">IMC = Peso (kg)/Estatura<sup>2</sup>(m)</span></p>

<table border="1" cellpadding="1" cellspacing="1" style="width:500px">
	<tbody>
		<tr>
			<td style="text-align:center"><span style="font-size:20px"><span style="font-family:verdana,geneva,sans-serif">Menor a 16,00</span></span></td>
			<td style="text-align:center"><span style="font-size:20px"><span style="font-family:verdana,geneva,sans-serif">Delgadez severa</span></span></td>
		</tr>
		<tr>
			<td style="text-align:center"><span style="font-size:20px"><span style="font-family:verdana,geneva,sans-serif">Entre 16,00 y 16,99</span></span></td>
			<td style="text-align:center"><span style="font-size:20px"><span style="font-family:verdana,geneva,sans-serif">Delgadez moderada</span></span></td>
		</tr>
		<tr>
			<td style="text-align:center"><span style="font-size:20px"><span style="font-family:verdana,geneva,sans-serif">Entre 17,00 y 18,49</span></span></td>
			<td style="text-align:center"><span style="font-size:20px"><span style="font-family:verdana,geneva,sans-serif">Delgadez aceptable</span></span></td>
		</tr>
		<tr>
			<td style="text-align:center"><span style="font-size:20px"><span style="font-family:verdana,geneva,sans-serif">Entre 18,50 y 24,99</span></span></td>
			<td style="text-align:center"><span style="font-size:20px"><span style="font-family:verdana,geneva,sans-serif">Peso normal</span></span></td>
		</tr>
		<tr>
			<td style="text-align:center"><span style="font-size:20px"><span style="font-family:verdana,geneva,sans-serif">Entre 25,00 y 29,99</span></span></td>
			<td style="text-align:center"><span style="font-size:20px"><span style="font-family:verdana,geneva,sans-serif">Sobrepeso</span></span></td>
		</tr>
	</tbody>
</table>

<p style="text-align:center">&nbsp;</p>

<p>&nbsp;</p>
]]></section>
</engine>