﻿<?xml version="1.0" encoding="UTF-8"?>
<?xml-stylesheet href="cuadernoestudio/dtd/libro.xslt" type="text/xsl"?>
<!--Arbortext, Inc., 1988-2015, v.4002-->
<!DOCTYPE libro SYSTEM "cuadernoestudio/dtd/libro.dtd">
<libro id="MA_09_08_CO">
<libroTitulo>Las sucesiones y las progresiones</libroTitulo>
<seccion1 id="S1_MA_09_08_CO_25791EB138C94094813A897E2AE543A1">
<seccion1Titulo>Las sucesiones</seccion1Titulo>
<seccion1Texto>
<p>Una <negrita>sucesión</negrita> es un conjunto de elementos denominados <negrita
>términos</negrita>. Por lo general, estos términos son números reales
que están organizados uno a continuación del otro cumpliendo cierto
orden.</p>
<p>Algunos ejemplos de sucesiones son:</p>
<listaNumerada>
<listaElemento>El conjunto de los números pares: {2, 4, 6, 8, 10…}</listaElemento>
<listaElemento>La sucesión de Fibonacci: {1, 1, 2, 3, 5, 8, 13, 21,
34, 55…}</listaElemento>
<listaElemento>La sucesión de niños registrados en una registraduría
en un día, teniendo en cuenta su orden de llegada: {Pedro, Sebastián,
Milena, Luisa, Miriam, Pedro, Samary, Jhon, Milena, Jairo} </listaElemento>
</listaNumerada>
<p>Estas sucesiones se pueden categorizar en dos grupos: las sucesiones
finitas y las sucesiones infinitas. El número de términos que tiene
una sucesión se denomina longitud de la sucesión.</p>
<p>El primer y segundo ejemplos son sucesiones infinitas, mientras
que el tercero es una sucesión finita de longitud 10.  </p>
<p>Nuestro estudio se enfocará en las sucesiones numéricas infinitas.</p>
<destacado><destacadoTitulo>Las sucesiones de números reales</destacadoTitulo>
<destacadoTexto>
<p>Una <negrita>sucesión</negrita> es una función cuyo dominio es
el conjunto de los enteros positivos. </p>
<p>Una sucesión de números reales se representa utilizando la notación
de conjunto. </p>
<p>{<cursiva>a</cursiva><subindice>1</subindice>, <cursiva>a</cursiva
><subindice>2</subindice>, <cursiva>a</cursiva><subindice>3</subindice
>, <cursiva>a</cursiva><subindice>4</subindice>, …<cursiva>a<subindice
>n</subindice></cursiva>,…} o simplemente {an} </p>
<p>Cada elemento de la sucesión se llama <negrita>término</negrita
> y se simboliza con una letra y un <negrita>subíndice</negrita> que
indica el lugar o la posición que ese elemento o término ocupa en
la sucesión. Por tanto, <cursiva>a</cursiva><subindice>1</subindice
> representa el primer término, <cursiva>a</cursiva><subindice>2</subindice
>, el segundo, <cursiva>a</cursiva><subindice>3</subindice>, el tercero,
etc.; <cursiva>a<subindice>n</subindice></cursiva> se identifica como
el enésimo término o el término general y representa cualquier término
de la sucesión.</p>
</destacadoTexto></destacado>
<p>Por ejemplo, el término <cursiva>a</cursiva><subindice>3</subindice
> en la sucesión {2, 4, 6, 8, 10…} es 6.</p>
<profundiza>
<enlace
destino="/LoIdRedirect.aspx?LoId=MA_09_08_CO_Recurso010&amp;IdRecurso=RES-3C7E306380C347E8A3068751CFDB6318"
>Introducción a las sucesiones y progresiones</enlace>
</profundiza>
<p>Algunas sucesiones se pueden establecer por medio de una expresión
algebraica. En la siguiente sección se trabaja con este tipo de sucesiones. </p>
<seccion2 id="S2_MA_09_08_CO_77B0690546B048EBB8E90AFE0C5CEBA0">
<seccion2Titulo>El término general de una sucesión</seccion2Titulo>
<seccion2Texto>
<p>Cuando los términos de una sucesión son números y siguen un patrón
de formación, es posible establecer una expresión algebraica (fórmula)
que permite obtener el valor de cualquier término en función de la
posición que ocupe; esta expresión recibe el nombre de<negrita> término
general de la sucesión</negrita>.</p>
<imagen src="MA_09_08_CO_IMG01_small.jpg">
<p>Los números triangulares y su término general.  </p>
</imagen>
<p>Observa los siguientes ejemplos:</p>
<listaNumerada>
<listaElemento>En la sucesión: {2, 4, 6, 8, 10, 12, 14…}, el término
general es: <cursiva>a<subindice>n</subindice></cursiva> = 2<cursiva
>n</cursiva><p>donde <cursiva>n</cursiva> es la posición del término
en la sucesión; por ejemplo, para determinar el término de la posición
5, se remplaza 5 por <cursiva>n</cursiva>, así:  </p><p centrado="si"
><cursiva>a</cursiva><subindice>5</subindice> = 2<cursiva>n</cursiva
> = 2(5) = 10</p><p>Es decir que en la posición 5 de la sucesión <cursiva
>a<subindice>n</subindice></cursiva> = 2<cursiva>n</cursiva> se encuentra
el número 10.</p></listaElemento>
<listaElemento>En la sucesión: {1, 3, 5, 7, 9, 11, 13, 15, 17, 19…},
el término general es:<p><cursiva>b<subindice>n</subindice></cursiva
> = 2<cursiva>n</cursiva> – 1.</p><p>En este sentido, el término de
la posición 6 de la sucesión se puede encontrar remplazando a <cursiva
>n</cursiva> por 6 en la fórmula   </p><p><cursiva>b</cursiva><subindice
>6</subindice> = 2(6) – 1 = 12 – 1 = 11  </p><p>En este caso, la posición
6 de la sucesión {2<cursiva>n</cursiva> – 1} es 11.</p></listaElemento>
</listaNumerada>
<p>Algunas sucesiones no tienen una regla matemática que permita encontrar
sus términos en función a su posición; estas sucesiones no poseen
término general.</p>
<imagen src="MA_09_08_CO_IMG02_small.jpg">
<p>La sucesión que corresponde al número que portan los competidores
en su pecho cuyo orden está establecido por el orden de llegada a
la meta, es una sucesión que no posee término general, ya que no se
puede predecir el número de quien llegará en la décima posición.</p>
</imagen>
<practica>
<enlace
destino="/LoIdRedirect.aspx?LoId=MA_09_08_CO_Recurso030&amp;IdRecurso=RES-38E92CF025074C79B3E4135742118B18"
>Interpreta el término general de una sucesión</enlace>
</practica></seccion2Texto></seccion2><seccion2
id="S2_MA_09_08_CO_6FBEB53475644A2DB05A041AB888A79F">
<seccion2Titulo>Las sucesiones recurrentes </seccion2Titulo>
<seccion2Texto>
<p>Existen algunas sucesiones en las cuales el término n se obtiene
a partir de los anteriores; estas sucesiones se denominan <negrita
>recurrentes</negrita>. </p>
<destacado><destacadoTitulo>La regla de recurrencia</destacadoTitulo>
<destacadoTexto>
<p>La <negrita>regla de recurrencia de una sucesión </negrita>es la
expresión algebraica de la función que expresa el término <cursiva
>n</cursiva> a partir de los términos anteriores.</p>
</destacadoTexto></destacado>
<p>A continuación se presentan dos ejemplos de sucesiones recurrentes. </p>
<listaNumerada>
<listaElemento>Encontrar los 5 primeros términos de la sucesión dada
por la siguiente ley de recurrencia: <cursiva>a<subindice>n</subindice
></cursiva> = <cursiva>a<subindice>n – 1</subindice> </cursiva> +
2, con <cursiva>a</cursiva><subindice>1</subindice> = 5.  <p>Como
ya se tiene el primer término de la sucesión, se aplica la ley de
recurrencia para encontrar los demás: </p><p><cursiva>a</cursiva><subindice
>1</subindice> = 5 </p><p><cursiva>a</cursiva><subindice>2</subindice
> = <cursiva>a</cursiva><subindice>2 – 1</subindice> + 2 = <cursiva
>a</cursiva><subindice>1</subindice> + 2 = 5 + 2 = 7 </p><p><cursiva
>a</cursiva><subindice>3</subindice> = <cursiva>a</cursiva><subindice
>3</subindice> – 1 + 2 = <cursiva>a</cursiva><subindice>2</subindice
> + 2 = 7 + 2 = 9 </p><p><cursiva>a</cursiva><subindice>4</subindice
> = <cursiva>a</cursiva><subindice>4 – 1</subindice> + 2 = <cursiva
>a</cursiva><subindice>3</subindice> + 2 = 9 + 2 = 11 </p><p><cursiva
>a</cursiva><subindice>5</subindice> = <cursiva>a</cursiva><subindice
>5 – 1</subindice> + 2 = <cursiva>a</cursiva><subindice>4</subindice
> + 2 = 11 + 2 = 13</p><p>Los 5 primeros términos de esta sucesión
son {5, 7, 9, 11, 13}.</p></listaElemento>
<listaElemento>	Encontrar el término <cursiva>a</cursiva><subindice
>6</subindice> de la sucesión, dada por la siguiente ley de recurrencia: <cursiva
>a<subindice>n</subindice></cursiva> = <cursiva>a</cursiva><subindice
><cursiva>n</cursiva> – 2</subindice> + <cursiva>a</cursiva><subindice
><cursiva>n</cursiva> – 1</subindice>, con <cursiva>a</cursiva><subindice
>1</subindice> = 1 y <cursiva>a</cursiva><subindice>2</subindice> =
1. <p>Ya que se tienen el primero y segundo términos de la sucesión,
se aplica la ley de recurrencia para hallar los demás:  </p><p><cursiva
>a</cursiva><subindice>1</subindice> = 1 </p><p><cursiva>a</cursiva
><subindice>2</subindice> = 1 </p><p><cursiva>a</cursiva><subindice
>3</subindice> = <cursiva>a</cursiva><subindice>3 – 2</subindice> + <cursiva
>a</cursiva><subindice>3 – 1</subindice> = <cursiva>a</cursiva><subindice
>1</subindice> + <cursiva>a</cursiva><subindice>2</subindice> = 1
+ 1 = 2 </p><p><cursiva>a</cursiva><subindice>4</subindice> = <cursiva
>a</cursiva><subindice>4 – 2</subindice> + <cursiva>a</cursiva><subindice
>4 – 1</subindice> = <cursiva>a</cursiva><subindice>2</subindice> + <cursiva
>a</cursiva><subindice>3</subindice> = 1 + 2 = 3 </p><p><cursiva>a</cursiva
><subindice>5</subindice> = <cursiva>a</cursiva><subindice>5 – 2</subindice
> + <cursiva>a</cursiva><subindice>5 – 1</subindice> = <cursiva>a</cursiva
><subindice>3</subindice> + <cursiva>a</cursiva><subindice>4</subindice
> = 2 + 3 = 5 </p><p><cursiva>a</cursiva><subindice>6</subindice> = <cursiva
>a</cursiva><subindice>6 – 2</subindice> + <cursiva>a</cursiva><subindice
>6 – 1</subindice> = <cursiva>a</cursiva><subindice>4</subindice> + <cursiva
>a</cursiva><subindice>5</subindice> = 3 + 5 = 8 </p><p>Por lo tanto,
el sexto término de la sucesión es 8; esta sucesión recibe el nombre
de <negrita>sucesión de Fibonacci</negrita>.</p></listaElemento>
</listaNumerada>
<imagen src="MA_09_08_CO_IMG03_small.jpg">
<p>La sucesión de Fibonacci es un ejemplo de las sucesiones recurrentes,
ya que se necesitan los dos términos anteriores para encontrar el
término <cursiva>n</cursiva>. </p>
</imagen>
</seccion2Texto></seccion2><seccion2
id="S2_MA_09_08_CO_D9FD5929A001499587184D92EEEE937E">
<seccion2Titulo>Producto de una sucesión por un número </seccion2Titulo>
<seccion2Texto>
<p>Sea <cursiva>p</cursiva> un número real y {<cursiva>a<subindice
>n</subindice></cursiva>} una sucesión de números reales; el producto
se denota como <cursiva>p</cursiva> · {<cursiva>a<subindice>n</subindice
></cursiva>} = {<cursiva>p</cursiva> · <cursiva>a<subindice>n</subindice
></cursiva>}, es decir:</p>
<p>Si {<cursiva>a<subindice>n</subindice></cursiva>} = <cursiva>a</cursiva
><subindice>1</subindice>, <cursiva>a</cursiva><subindice>2</subindice
>, <cursiva>a</cursiva><subindice>3</subindice>, <cursiva>a</cursiva
><subindice>4</subindice>, <cursiva>a</cursiva><subindice>5</subindice
>, <cursiva>a</cursiva><subindice>6</subindice>…, entonces</p>
<p><cursiva>p</cursiva> · <cursiva>a<subindice>n</subindice></cursiva
> = <cursiva>p</cursiva> · <cursiva>a</cursiva><subindice>1</subindice
>, <cursiva>p</cursiva> · <cursiva>a</cursiva><subindice>2</subindice
>, <cursiva>p</cursiva> · <cursiva>a</cursiva><subindice>3</subindice
>, <cursiva>p</cursiva> · <cursiva>a</cursiva><subindice>4</subindice
>, <cursiva>p</cursiva> · <cursiva>a</cursiva><subindice>5</subindice
>, <cursiva>p</cursiva> · <cursiva>a</cursiva><subindice>6</subindice
>…  </p>
<p>Por ejemplo:</p>
<p>Multiplicar la sucesión {<cursiva>a<subindice>n</subindice></cursiva
>} = <cursiva>n</cursiva> + 3 por –2 (con <cursiva>n</cursiva> entero
positivo) genera una nueva sucesión que se puede definir como: –2
· {<cursiva>n</cursiva> + 3} = –2<cursiva>n</cursiva> – 6. A continuación
se presentan los diez primeros términos de las dos sucesiones:  </p>
<p centrado="si">{<cursiva>a<subindice>n</subindice></cursiva>} =
{4, 5, 6, 7, 8, 9, 10, 11, 12, 13, 14}</p>
<p>De donde se obtiene la sucesión:</p>
<p centrado="si">{–2<cursiva>n</cursiva> – 6} = {–8, –10, –12, –14,
–16, –18, –20, –22, –24, –26, –28…}  </p>
<p>Esta operación cumple las siguientes propiedades:  </p>
<p>Sean <cursiva>p</cursiva> y <cursiva>r</cursiva> números reales,
{<cursiva>a<subindice>n</subindice></cursiva>} y {<cursiva>b<subindice
>n</subindice></cursiva>} sucesiones de números reales:</p>
<p><negrita>Propiedad 1</negrita>: 1 · {<cursiva>a<subindice>n</subindice
></cursiva>} = {<cursiva>a<subindice>n</subindice></cursiva>}  </p>
<p><negrita>Propiedad 2</negrita>: (<cursiva>p</cursiva> + <cursiva
>r</cursiva>) · {<cursiva>a<subindice>n</subindice></cursiva>} = <cursiva
>p</cursiva> · {<cursiva>a<subindice>n</subindice></cursiva>} + <cursiva
>r</cursiva> · {<cursiva>a<subindice>n</subindice></cursiva>} </p>
<p><negrita>Propiedad 3</negrita>: <cursiva>p</cursiva> · [{<cursiva
>a<subindice>n</subindice></cursiva>} + {<cursiva>a<subindice>n</subindice
></cursiva>}] = <cursiva>p</cursiva> · {<cursiva>a<subindice>n</subindice
></cursiva>} + <cursiva>p</cursiva> · {<cursiva>a<subindice>n</subindice
></cursiva>} </p>
<p><negrita>Propiedad 4</negrita>: (<cursiva>p</cursiva> · <cursiva
>r</cursiva>) · {<cursiva>a<subindice>n</subindice></cursiva>} = <cursiva
>p</cursiva> · {<cursiva>r</cursiva> · <cursiva>a<subindice>n</subindice
></cursiva>}</p>
</seccion2Texto></seccion2><seccion2
id="S2_MA_09_08_CO_69769B016B9949BF915390557E2E1759">
<seccion2Titulo>Adición de sucesiones  </seccion2Titulo>
<seccion2Texto>
<p>La<negrita> adición de sucesiones</negrita> es una operación cerrada,
es decir que si se adicionan dos sucesiones de números reales, el
resultado será otra sucesión de números reales, por ejemplo:</p>
<p>Se tienen dos sucesiones definidas como {<cursiva>a<subindice>n</subindice
></cursiva>} = 3<cursiva>n</cursiva> y {<cursiva>b<subindice>n</subindice
></cursiva>} = 2<cursiva>n</cursiva> – 1, y se determinan los seis
primeros términos de cada una de las sucesiones: </p>
<p centrado="si">{<cursiva>a<subindice>n</subindice></cursiva>} =
{3, 6, 9, 12, 15, 18…} </p>
<p centrado="si">{<cursiva>b<subindice>n</subindice></cursiva>} =
{1, 3, 5, 7, 9, 11…} </p>
<p>Se adicionan las sucesiones componente a componente, para generar
una nueva sucesión:</p>
<p centrado="si">{<cursiva>a<subindice>n</subindice></cursiva> + <cursiva
>b<subindice>n</subindice></cursiva>} = {4, 9, 14, 19, 24, 29…}</p>
<destacado><destacadoTitulo>Adición de sucesiones</destacadoTitulo>
<destacadoTexto>
<p>Sean las sucesiones {<cursiva>a<subindice>n</subindice></cursiva
>} y {<cursiva>b<subindice>n</subindice></cursiva>}, donde  </p>
<p>{<cursiva>a<subindice>n</subindice></cursiva>} = {<cursiva>a</cursiva
><subindice>1</subindice>, <cursiva>a</cursiva><subindice>2</subindice
>, <cursiva>a</cursiva><subindice>3</subindice>, <cursiva>a</cursiva
><subindice>4</subindice>, <cursiva>a</cursiva><subindice>5</subindice
>, <cursiva>a</cursiva><subindice>6</subindice>…, <cursiva>a<subindice
>n</subindice></cursiva>,…} y </p>
<p>{<cursiva>b<subindice>n</subindice></cursiva>} = {<cursiva>b</cursiva
><subindice>1</subindice>, <cursiva>b</cursiva><subindice>2</subindice
>, <cursiva>b</cursiva><subindice>3</subindice>, <cursiva>b</cursiva
><subindice>4</subindice>, <cursiva>b</cursiva><subindice>5</subindice
>, <cursiva>b</cursiva><subindice>6</subindice>,… <cursiva>b<subindice
>n</subindice></cursiva>,…}.</p>
<p>La adición de sucesiones {<cursiva>a<subindice>n</subindice></cursiva
> + <cursiva>b<subindice>n</subindice></cursiva>} se define como:
 </p>
<p>{<cursiva>a<subindice>n</subindice></cursiva> + <cursiva>b<subindice
>n</subindice></cursiva>} = {<cursiva>a</cursiva><subindice>1</subindice
> + <cursiva>b</cursiva><subindice>1</subindice>, <cursiva>a</cursiva
><subindice>2</subindice> + <cursiva>b</cursiva><subindice>2</subindice
>, <cursiva>a</cursiva><subindice>3</subindice> + <cursiva>b</cursiva
><subindice>3</subindice>, <cursiva>a</cursiva><subindice>4</subindice
> + <cursiva>b</cursiva><subindice>4</subindice>, <cursiva>a</cursiva
><subindice>5</subindice> + <cursiva>b</cursiva><subindice>5</subindice
>, <cursiva>a</cursiva><subindice>6</subindice> + <cursiva>b</cursiva
><subindice>6</subindice> … <cursiva>a<subindice>n</subindice></cursiva
> + <cursiva>b<subindice>n</subindice></cursiva> …}</p>
<p>Si ambas sucesiones tienen término general, la sucesión {<cursiva
>a<subindice>n</subindice></cursiva> + <cursiva>b<subindice>n</subindice
></cursiva>} se puede determinar adicionando los términos generales
de cada sucesión. </p>
</destacadoTexto></destacado>
<p>En el ejemplo anterior se tiene que {<cursiva>a<subindice>n</subindice
></cursiva>} = 3<cursiva>n</cursiva> y {<cursiva>b<subindice>n</subindice
></cursiva>} = 2n – 1, por lo tanto,  {<cursiva>a<subindice>n</subindice
></cursiva> + <cursiva>b<subindice>n</subindice></cursiva>} = (3<cursiva
>n</cursiva>) + (2<cursiva>n</cursiva> – 1) = 5<cursiva>n</cursiva
> – 1, es decir, la nueva sucesión está determinada por el término
general <cursiva>a<subindice>n</subindice></cursiva> + <cursiva>b<subindice
>n</subindice></cursiva> = 5<cursiva>n</cursiva> – 1.</p>
<p>Las propiedades que cumple la adición de sucesiones son las siguientes: </p>
<p><negrita>Cerradura</negrita>: para toda sucesión de números reales
{<cursiva>a<subindice>n</subindice></cursiva>} y {<cursiva>b<subindice
>n</subindice></cursiva>}, la adición {<cursiva>a<subindice>n</subindice
></cursiva>} + {<cursiva>b<subindice>n</subindice></cursiva>} es una
sucesión de números reales. </p>
<p><negrita>Asociativa</negrita>: para toda sucesión de números reales
{<cursiva>a<subindice>n</subindice></cursiva>}, {<cursiva>b<subindice
>n</subindice></cursiva>} y {<cursiva>c<subindice>n</subindice></cursiva
>} </p>
<p centrado="si">({<cursiva>a<subindice>n</subindice></cursiva>} +
{<cursiva>b<subindice>n</subindice></cursiva>}) + {<cursiva>c<subindice
>n</subindice></cursiva>} = {<cursiva>a<subindice>n</subindice></cursiva
>} + ({<cursiva>b<subindice>n</subindice></cursiva>} + {<cursiva>c<subindice
>n</subindice></cursiva>}) </p>
<p><negrita>Conmutativa</negrita>: sean {<cursiva>a<subindice>n</subindice
></cursiva>} y {<cursiva>b<subindice>n</subindice></cursiva>} sucesiones
de números reales, entonces se cumple que </p>
<p centrado="si">{<cursiva>a<subindice>n</subindice></cursiva>} +
{<cursiva>b<subindice>n</subindice></cursiva>} = {<cursiva>b<subindice
>n</subindice></cursiva>} + {<cursiva>a<subindice>n</subindice></cursiva
>}  </p>
<p><negrita>Elemento neutro</negrita>: sea {0} una sucesión de números
reales que se define como </p>
<p centrado="si">{0} = {0, 0, 0, 0, 0…} </p>
<p>tal que  </p>
<p centrado="si">{<cursiva>a<subindice>n</subindice></cursiva>} +
{0} = {0} + {<cursiva>a<subindice>n</subindice></cursiva>} = {<cursiva
>a<subindice>n</subindice></cursiva>}  </p>
<p><negrita>Existencia del inverso aditivo</negrita>: para todo {<cursiva
>a<subindice>n</subindice></cursiva>} existe {–<cursiva>a<subindice
>n</subindice></cursiva>}, tal que  {<cursiva>a<subindice>n</subindice
></cursiva>} + {–<cursiva>a<subindice>n</subindice></cursiva>} = {–<cursiva
>a<subindice>n</subindice></cursiva>} + {<cursiva>a<subindice>n</subindice
></cursiva>} = {0}</p>
<practica>
<enlace
destino="/LoIdRedirect.aspx?LoId=MA_09_08_CO_Recurso040&amp;IdRecurso=RES-208D9A41E5E94BB3978D52BBB86DC9C3"
>Aplica la adición de sucesiones y producto por un escalar</enlace>
</practica></seccion2Texto></seccion2><seccion2
id="S2_MA_09_08_CO_69769B016B9949BF915390557E2E7755">
<seccion2Titulo>Producto de sucesiones</seccion2Titulo>
<seccion2Texto>
<p>El <negrita>producto entre sucesiones</negrita> es una operación
cerrada, ya que si se multiplican dos sucesiones el resultado es otra
sucesión. La forma como se define el producto entre sucesiones es
la siguiente:</p>
<destacado><destacadoTitulo>Producto de sucesiones</destacadoTitulo>
<destacadoTexto>
<p>Sean las sucesiones {<cursiva>a<subindice>n</subindice></cursiva
>} y {<cursiva>b<subindice>n</subindice></cursiva>}, donde  </p>
<p>{<cursiva>a<subindice>n</subindice></cursiva>} = {<cursiva>a</cursiva
><subindice>1</subindice>, <cursiva>a</cursiva><subindice>2</subindice
>, <cursiva>a</cursiva><subindice>3</subindice>, <cursiva>a</cursiva
><subindice>4</subindice>, <cursiva>a</cursiva><subindice>5</subindice
>, <cursiva>a</cursiva><subindice>6</subindice>… <cursiva>a<subindice
>n</subindice></cursiva>…} y </p>
<p>{<cursiva>b<subindice>n</subindice></cursiva>} = {<cursiva>b</cursiva
><subindice>1</subindice>, <cursiva>b</cursiva><subindice>2</subindice
>, <cursiva>b</cursiva><subindice>3</subindice>, <cursiva>b</cursiva
><subindice>4</subindice>, <cursiva>b</cursiva><subindice>5</subindice
>, <cursiva>b</cursiva><subindice>6</subindice>… <cursiva>b<subindice
>n</subindice></cursiva>…}. </p>
<p>El producto de sucesiones {<cursiva>a<subindice>n</subindice></cursiva
> · <cursiva>b<subindice>n</subindice></cursiva>} se define como:</p>
<p>{<cursiva>a<subindice>n</subindice></cursiva> · <cursiva>b<subindice
>n</subindice></cursiva>} = {<cursiva>a</cursiva><subindice>1</subindice
> · <cursiva>b</cursiva><subindice>1</subindice>, <cursiva>a</cursiva
><subindice>2</subindice> · <cursiva>b</cursiva><subindice>2</subindice
>, <cursiva>a</cursiva><subindice>3</subindice> · <cursiva>b</cursiva
><subindice>3</subindice>, <cursiva>a</cursiva><subindice>4</subindice
> · <cursiva>b</cursiva><subindice>4</subindice>, <cursiva>a</cursiva
><subindice>5</subindice> · <cursiva>b</cursiva><subindice>5</subindice
>, <cursiva>a</cursiva><subindice>6</subindice> · <cursiva>b</cursiva
><subindice>6</subindice>, … <cursiva>a<subindice>n</subindice></cursiva
> · <cursiva>b<subindice>n</subindice></cursiva>, …}</p>
<p>Si ambas sucesiones tienen término general, la sucesión {<cursiva
>a<subindice>n</subindice></cursiva> · <cursiva>b<subindice>n</subindice
></cursiva>} se puede determinar multiplicando los términos generales
de cada sucesión.</p>
</destacadoTexto></destacado>
<p>Por ejemplo: </p>
<p>Sean las sucesiones {<cursiva>a<subindice>n</subindice></cursiva
>} = 2<cursiva>n</cursiva> – 1 y {<cursiva>b<subindice>n</subindice
></cursiva>} = 3<cursiva>n</cursiva> + 1, encontrar el término general
que define la sucesión {<cursiva>a<subindice>n</subindice></cursiva
> · <cursiva>b<subindice>n</subindice></cursiva>} y los 10 primeros
términos:</p>
<listaSinNumerar>
<listaElemento>{<cursiva>a<subindice>n</subindice></cursiva> · <cursiva
>b<subindice>n</subindice></cursiva>} = (2<cursiva>n</cursiva> – 1)(3<cursiva
>n</cursiva> + 1) = 6<cursiva>n</cursiva><superindice>2</superindice
> + 2<cursiva>n</cursiva> – 3<cursiva>n</cursiva> – 1 = 6<cursiva
>n</cursiva><superindice>2</superindice> – <cursiva>n</cursiva> –
1.</listaElemento>
<listaElemento>{<cursiva>a<subindice>n</subindice></cursiva> · <cursiva
>b<subindice>n</subindice></cursiva>} = {4, 21, 50, 91, 144, 209,
289, 400, 532, 682}</listaElemento>
</listaSinNumerar>
<practica>
<enlace
destino="/LoIdRedirect.aspx?LoId=MA_09_08_CO_Recurso070&amp;IdRecurso=RES-78613BDB7BE644C0A5431517428B6365"
>Clasifica las progresiones aritméticas y progresiones geométricas</enlace>
</practica></seccion2Texto></seccion2><seccion2
id="S2_MA_09_08_CO_69769B016B9949BF915390557E2E8866">
<seccion2Titulo>Consolidación</seccion2Titulo>
<seccion2Texto>
<p>Actividades para consolidar lo que has aprendido en esta sección.</p>
<practica>
<enlace
destino="/LoIdRedirect.aspx?LoId=MA_09_08_CO_Recurso080&amp;IdRecurso=RES-B34C51430534434790D89BAE5673CE3E"
>Refuerza tu aprendizaje: Las sucesiones</enlace>
</practica></seccion2Texto></seccion2></seccion1Texto></seccion1>
<seccion1 id="S1_MA_09_08_CO_0B1BD344C7A5442FA2E1456769893AB6">
<seccion1Titulo>Las progresiones aritméticas </seccion1Titulo>
<seccion1Texto>
<p>Las <negrita>progresiones aritméticas</negrita> son un tipo especial
de sucesiones, en las cuales todos sus términos excepto el primero,
se obtienen a partir de la adición del término anterior con una cantidad
fija, que se denomina <negrita>diferencia</negrita>, que por lo general
se representa con la letra <negritacursiva>d</negritacursiva>. A continuación
se presentarán algunos ejemplos de progresiones aritméticas:</p>
<p>{<cursiva>a<subindice>n</subindice></cursiva>} = {1, 4, 7, 10,
13, 16, 19…}, <cursiva>d </cursiva>= 3   </p>
<p>{<cursiva>b<subindice>n</subindice></cursiva>} = {10, 15, 20, 25,
30, 35…}, <cursiva>d</cursiva> = 5</p>
<formula src="MA_09_08_01.gif"></formula>
<p>{<cursiva>d<subindice>n</subindice></cursiva>} = {1, –101, –203,
–305, –407…}, <cursiva>d</cursiva> = –102 </p>
<imagen src="MA_09_08_CO_IMG04_small.jpg">
<p>Las progresiones aritméticas se pueden ver en las construcciones,
por ejemplo, la altura de muchos edificios está en progresión aritmética
respecto al número de pisos que este tenga. </p>
</imagen>
<p>Las progresiones aritméticas pueden ser crecientes o decrecientes;
las sucesiones <cursiva>a<subindice>n</subindice></cursiva> y <cursiva
>b<subindice>n</subindice></cursiva> son crecientes porque su <cursiva
>d</cursiva> > 0, mientras que <cursiva>c<subindice>n</subindice></cursiva
> y <cursiva>d<subindice>n</subindice></cursiva> son decrecientes
porque en estos casos <cursiva>d</cursiva> &lt; 0.</p>
<seccion2 id="S2_MA_09_08_CO_1EA21072A0534239A046BB8136612360">
<seccion2Titulo>El término general de una progresión aritmética</seccion2Titulo>
<seccion2Texto>
<p>El<negrita> término general de una progresión aritmética</negrita
> es la expresión que permite determinar cualquiera de sus términos,
conociendo alguno de los términos de la progresión con su posición
en la sucesión, además, se debe conocer la diferencia (<cursiva>d</cursiva
>) de la progresión.  </p>
<p>Para encontrar la expresión que determina el término general de
una progresión aritmética se partirá de lo que hasta el momento se
conoce:</p>
<listaSinNumerar>
<listaElemento>si se sustraen dos términos consecutivos de la progresión
el resultado será <cursiva>d</cursiva>:</listaElemento>
</listaSinNumerar>
<p centrado="si"><cursiva>a<subindice>n</subindice></cursiva> – <cursiva
>a<subindice>n</subindice></cursiva> – 1 = <cursiva>d</cursiva></p>
<listaSinNumerar>
<listaElemento>se despeja el término <cursiva>a<subindice>n</subindice
></cursiva>:</listaElemento>
</listaSinNumerar>
<p centrado="si"><cursiva>a<subindice>n</subindice></cursiva> = <cursiva
>d</cursiva> + <cursiva>a</cursiva><subindice><cursiva>n</cursiva
> – 1</subindice></p>
<listaSinNumerar>
<listaElemento>se aplica la ley de recurrencia, es decir, para encontrar
el término 2 de la sucesión es necesario utilizar el término 1 de
la sucesión y así sucesivamente hasta <cursiva>n</cursiva>:</listaElemento>
</listaSinNumerar>
<p centrado="si"><cursiva>a</cursiva><subindice>2</subindice> = <cursiva
>a</cursiva><subindice>1</subindice> + <cursiva>d</cursiva> </p>
<p centrado="si"><cursiva>a</cursiva><subindice>3</subindice> = <cursiva
>a</cursiva><subindice>2</subindice> + <cursiva>d</cursiva> = (<cursiva
>a</cursiva><subindice>1</subindice> + <cursiva>d</cursiva>) + <cursiva
>d</cursiva> = <cursiva>a</cursiva><subindice>1</subindice> + 2<cursiva
>d</cursiva> </p>
<p centrado="si"><cursiva>a</cursiva><subindice>4</subindice> = <cursiva
>a</cursiva><subindice>3</subindice> + <cursiva>d</cursiva> = (<cursiva
>a</cursiva><subindice>1</subindice> + 2<cursiva>d</cursiva>) + <cursiva
>d</cursiva> = <cursiva>a</cursiva><subindice>1</subindice> + 3<cursiva
>d</cursiva></p>
<p centrado="si"><cursiva>a</cursiva><subindice>5</subindice> = <cursiva
>a</cursiva><subindice>4</subindice> + <cursiva>d</cursiva> = (<cursiva
>a</cursiva><subindice>1</subindice> + 3<cursiva>d</cursiva>) + <cursiva
>d</cursiva> = <cursiva>a</cursiva><subindice>1</subindice> + 4<cursiva
>d</cursiva> </p>
<p centrado="si">⁞ </p>
<p centrado="si"><cursiva>a<subindice>n</subindice></cursiva> = <cursiva
>a</cursiva><subindice><cursiva>n</cursiva>  – 1</subindice>+ <cursiva
>d</cursiva> = (<cursiva>a</cursiva><subindice>1</subindice> + (<cursiva
>n</cursiva> – 2)<cursiva>d</cursiva>) + <cursiva>d</cursiva> = <cursiva
>a</cursiva><subindice>1</subindice> + (<cursiva>n</cursiva> – 1)<cursiva
>d</cursiva>  </p>
<p centrado="si"><cursiva>a<subindice>n</subindice></cursiva> = <cursiva
>a</cursiva><subindice>1</subindice> + (<cursiva>n</cursiva> – 1)<cursiva
>d</cursiva></p>
<p>Ejemplo:  </p>
<p>Calcular la fórmula del término general de la siguiente progresión
y encontrar el término 30 de la sucesión:  </p>
<p>{<cursiva>a<subindice>n</subindice></cursiva>} = {5, 9, 13, 17…}
entonces</p>
<listaSinNumerar>
<listaElemento><cursiva>a</cursiva><subindice>1</subindice> = 5, <cursiva
>d</cursiva> = 4 </listaElemento>
<listaElemento><cursiva>a<subindice>n</subindice></cursiva> = 5 +
4(<cursiva>n</cursiva> – 1) = 5 + 4<cursiva>n</cursiva> – 4 = 4<cursiva
>n</cursiva> + 1</listaElemento>
</listaSinNumerar>
<p>La fórmula del término general es <cursiva>a<subindice>n</subindice
></cursiva> = 4<cursiva>n</cursiva> + 1</p>
<listaSinNumerar>
<listaElemento>Al remplazar en la fórmula general <cursiva>a</cursiva
><subindice>30</subindice> = 4(30) + 1 = 120 + 1 = 121; entonces,
el término 30 de la sucesión es 121.</listaElemento>
</listaSinNumerar>
</seccion2Texto></seccion2><seccion2
id="S2_MA_09_08_CO_339F72468BFD45F5B305DBB05059448F">
<seccion2Titulo>Suma de <cursiva>n</cursiva> términos consecutivos
de una progresión aritmética</seccion2Titulo>
<seccion2Texto>
<p>Existe un método muy sencillo que permite encontrar la suma de
los n primeros términos consecutivos de una progresión aritmética <cursiva
>S<subindice>n</subindice></cursiva>.</p>
<destacado><destacadoTitulo>Suma de <cursiva>n</cursiva> términos
consecutivos de una progresión aritmética</destacadoTitulo>
<destacadoTexto>
<p>La suma de los primeros <cursiva>n</cursiva> términos de una progresión
aritmética <cursiva>S<subindice>n</subindice></cursiva> = <cursiva
>a</cursiva><subindice>1</subindice> + <cursiva>a</cursiva><subindice
>2</subindice> + ... + <cursiva>a</cursiva><subindice><cursiva>n</cursiva
> – 1</subindice> + <cursiva>a<subindice>n</subindice></cursiva> es </p>
<formula alineacion="centrada" src="FQ_MA_09_08_02.gif"></formula>
<p>donde <cursiva>S<subindice>n</subindice></cursiva> es el resultado
de la suma de los n primeros términos de la progresión aritmética, <cursiva
>a</cursiva><subindice>1</subindice> es el primer término de la progresión
aritmética, <cursiva>a<subindice>n</subindice></cursiva> es el último
término de la sucesión y <cursiva>n</cursiva> es la cantidad de elementos
que se adicionan.</p>
</destacadoTexto></destacado>
<p>Para deducir la fórmula general</p>
<p>Considere la suma de los <cursiva>n</cursiva> primeros elementos
de una progresión aritmética; se intercambian de orden </p>
<formula alineacion="centrada" src="FQ_MA_09_08_01.gif"></formula>
<p>Se adicionan estas sucesiones y se obtiene: </p>
<formula alineacion="centrada" src="MA_09_08_44.gif"></formula>
<p>De esta suma se deduce que 2<cursiva>S<subindice>n</subindice></cursiva
> = (<cursiva>a</cursiva><subindice>1</subindice> + <cursiva>a<subindice
>n</subindice></cursiva>)<cursiva>n</cursiva>, por lo tanto: </p>
<formula alineacion="centrada" src="FQ_MA_09_08_02.gif"></formula>
<p>Por ejemplo, dada la sucesión de los números naturales {<cursiva
>a<subindice>n</subindice></cursiva>} = {1, 2, 3, 4,…}, para determinar
la suma de los 9 primeros números naturales, se aplica la fórmula</p>
<formula alineacion="centrada" src="FQ_MA_09_08_03.gif"></formula>
<p>Se comprueba la suma: 1 + 2 + 3 + 4 + 5 + 6 + 7 + 8 + 9 = 45.</p>
<practica>
<enlace
destino="/LoIdRedirect.aspx?LoId=MA_09_08_CO_Recurso100&amp;IdRecurso=RES-C8A740A827014ECD84A168A306719E38"
>Practica la suma de "n" términos de una progresión aritmética</enlace>
</practica></seccion2Texto></seccion2><seccion2
id="S2_MA_09_08_CO_D0A99C8B8688449F968C01AFBFF32F18">
<seccion2Titulo>Interpolación de <cursiva>k</cursiva> términos diferenciales
entre <cursiva>a</cursiva> y <cursiva>b</cursiva></seccion2Titulo>
<seccion2Texto>
<p>La palabra interpolar se puede interpretar como introducir entre
otros dos; si esta idea se lleva a las progresiones aritméticas, <negrita
>interpolación de <cursiva>k</cursiva> términos diferenciales entre <cursiva
>a</cursiva> y <cursiva>b</cursiva></negrita>, se puede interpretar
como colocar <cursiva>k</cursiva> términos entre dos dados, el término
inicial <cursiva>a</cursiva> y el término final <cursiva>b</cursiva
>, teniendo en cuenta que todos los términos deben estar en progresión
aritmética. </p>
<p>Para lograr la interpolación de <cursiva>k</cursiva> términos entre <cursiva
>a</cursiva> y <cursiva>b</cursiva> lo primero que se debe definir
es el número de términos de la progresión aritmética que será <cursiva
>k</cursiva> + 2, es decir los <cursiva>k</cursiva> términos, el término <cursiva
>a</cursiva> y el término <cursiva>b</cursiva>. Lo segundo es hallar
la diferencia de la progresión, es decir a <cursiva>d</cursiva>; para
ello, se parte de la expresión que define el término general de una
progresión aritmética, se despeja a <cursiva>d</cursiva> y se cambia
a <cursiva>n</cursiva> por <cursiva>n</cursiva> + 2, siendo <cursiva
>n</cursiva> la cantidad de los términos interpolados:</p>
<formula alineacion="centrada" src="MA_09_08_07.gif"></formula>
<p>Luego, se remplaza a <cursiva>n</cursiva> por <cursiva>n</cursiva
> + 2.</p>
<formula alineacion="centrada" src="FQ_MA_09_08_04.gif"></formula>
<p>Con esta fórmula se encuentra a <cursiva>d</cursiva> y se construye
la progresión aritmética agregando a cada término de la progresión,
iniciando por <cursiva>a</cursiva>, la diferencia <cursiva>d</cursiva
> hasta llegar a <cursiva>b</cursiva>.  </p>
<p>Por ejemplo: </p>
<p>1. Construir una progresión aritmética entre 10 y 20 e interpolar
5 términos.</p>
<p>Se remplaza en la fórmula para encontrar <cursiva>d</cursiva> identificando <cursiva
>a<subindice>n</subindice></cursiva> = 22, <cursiva>a</cursiva><subindice
>1</subindice> = 10 y <cursiva>n</cursiva> = 5:</p>
<formula alineacion="centrada" src="FQ_MA_09_08_05.gif"></formula>
<p>Puesto que <cursiva>d</cursiva> = 2, se construye la sucesión iniciando
por<cursiva> a</cursiva><subindice>1</subindice> = 10:  </p>
<p centrado="si">{10, 12, 14, 16, 18, 20, 22}</p>
<p>2. Entre –18 y 12 se quieren interpolar 9 términos; calcular la
progresión aritmética. </p>
<p>Se determina <cursiva>d</cursiva> identificando <cursiva>a<subindice
>n</subindice></cursiva> = 12, <cursiva>a</cursiva><subindice>1</subindice
> = –18, <cursiva>n</cursiva> = 9:</p>
<formula alineacion="centrada" src="FQ_MA_09_08_22.gif"></formula>
<p>•	Luego, los términos interpolados de la progresión sabiendo que <cursiva
>d</cursiva> = 3 y <cursiva>a</cursiva><subindice>1</subindice> =
–18 son:</p>
<p>{–18, –15, –12, –9, –6, –3, 0, 3, 6, 9, 12}</p>
<formula alineacion="centrada" src="MA_09_08_05.gif"></formula>
</seccion2Texto></seccion2><seccion2
id="S2_MA_09_08_CO_D0A99C8B8688449F968C01AFBFF32288">
<seccion2Titulo>Consolidación</seccion2Titulo>
<seccion2Texto>
<p>Actividades para consolidar lo que has aprendido en esta sección.</p>
<practica>
<enlace
destino="/LoIdRedirect.aspx?LoId=MA_09_08_CO_Recurso120&amp;IdRecurso=RES-8D73A36CD38342EDBCB657F80ACF75CC"
>Refuerza tu aprendizaje: Las progresiones aritméticas</enlace>
</practica></seccion2Texto></seccion2></seccion1Texto></seccion1>
<seccion1 id="S1_MA_09_08_CO_CC523890800A48E4AC778376AF0C0E83">
<seccion1Titulo>Las progresiones geométricas   </seccion1Titulo>
<seccion1Texto>
<p>Una <negrita>progresión geométrica </negrita>es una sucesión en
la cual cada término se genera multiplicando al anterior por una cantidad
fija llamada <negrita>razón</negrita>, que por lo general se simboliza
con la letra <cursiva>r</cursiva>; la razón de una progresión geométrica
se determina al hacer el cociente entre dos términos consecutivos:</p>
<formula alineacion="centrada" src="FQ_MA_09_08_06.gif"></formula>
<p>Por ejemplo, la sucesión 1, 3, 9, 27, 81, 243… es una progresión
geométrica porque cada término se obtiene multiplicando por 3 el anterior.</p>
<imagen src="MA_09_08_CO_IMG05_small.jpg">
<p>Observa este ejemplo de progresión geométrica en el que <cursiva
>r</cursiva> = 3. </p>
</imagen>
<p>Para calcular la razón se aplica:</p>
<formula alineacion="centrada" src="FQ_MA_09_08_07.gif"></formula>
<p>Otros ejemplos de progresiones geométricas son:  </p>
<p>{<cursiva>a<subindice>n</subindice></cursiva>} = {2, 4, 8, 16,
64…}, <cursiva>r</cursiva> = 2  </p>
<p>{<cursiva>b<subindice>n</subindice></cursiva>} = {–2, –10, –50,
–250, –1250…}, <cursiva>r</cursiva> = 5 </p>
<formula src="MA_09_08_11.gif"></formula>
<p>Las progresiones geométricas pueden ser crecientes o decrecientes;
la sucesión {<cursiva>a<subindice>n</subindice></cursiva>} es creciente,
mientras que {<cursiva>b<subindice>n</subindice></cursiva>} y {<cursiva
>c<subindice>n</subindice></cursiva>} son decrecientes. </p>
<seccion2 id="S2_MA_09_08_CO_72D2DB2A13EE4E3F889B438648579499">
<seccion2Titulo>El término general de una progresión geométrica   </seccion2Titulo>
<seccion2Texto>
<p> El <negrita>término general de una progresión geométrica</negrita
> es la expresión algebraica que permite encontrar cualquiera de sus
términos, a partir de un término dado. La expresión que determina
el término general de una progresión geométrica se obtiene así:  </p>
<p>Dado que </p>
<p centrado="si"><cursiva>a</cursiva><subindice>2</subindice> = <cursiva
>a</cursiva><subindice>1</subindice><cursiva>r</cursiva> </p>
<p centrado="si"><cursiva>a</cursiva><subindice>3</subindice> = <cursiva
>a</cursiva><subindice>2</subindice><cursiva>r</cursiva> = (<cursiva
>a</cursiva><subindice>1</subindice><cursiva>r</cursiva>)<cursiva
>r</cursiva> = <cursiva>a</cursiva><subindice>1</subindice><cursiva
>r</cursiva><superindice>2</superindice> </p>
<p centrado="si"><cursiva>a</cursiva><subindice>4</subindice> = <cursiva
>a</cursiva><subindice>3</subindice><cursiva>r</cursiva> = (<cursiva
>a</cursiva><subindice>1</subindice><cursiva>r</cursiva><superindice
>2</superindice>)<cursiva>r</cursiva> = <cursiva>a</cursiva><subindice
>1</subindice><cursiva>r</cursiva><superindice>3</superindice></p>
<p centrado="si"><cursiva>a</cursiva><subindice>5</subindice> = <cursiva
>a</cursiva><subindice>4</subindice><cursiva>r</cursiva> = (<cursiva
>a</cursiva><subindice>1</subindice><cursiva>r</cursiva><superindice
>3</superindice>)<cursiva>r</cursiva> = <cursiva>a</cursiva><subindice
>1</subindice><cursiva>r</cursiva><superindice>4</superindice></p>
<p centrado="si">⁞ </p>
<p centrado="si"><cursiva>a<subindice>n</subindice></cursiva> = <cursiva
>a</cursiva><subindice>n – 1</subindice><cursiva>r</cursiva> = (<cursiva
>a</cursiva><subindice>1</subindice><cursiva>r</cursiva><superindice
><cursiva>n</cursiva> – 2</superindice>)<cursiva>r</cursiva> = <cursiva
>a</cursiva><cursiva>1</cursiva><cursiva>r</cursiva><superindice><cursiva
>n</cursiva> – 1</superindice> </p>
<p centrado="si"><cursiva>a<subindice>n</subindice></cursiva> = <cursiva
>a</cursiva><subindice>1</subindice><cursiva>r</cursiva><superindice
><cursiva>n</cursiva> – 1</superindice></p>
<destacado><destacadoTitulo>El término de una progresión geométrica</destacadoTitulo>
<destacadoTexto>
<p>La fórmula del término general de cualquier progresión geométrica
está dada por la expresión: <cursiva>a<subindice>n</subindice></cursiva
> =  <cursiva>a</cursiva><subindice>1</subindice><cursiva>r</cursiva
><superindice><cursiva>n</cursiva> – 1</superindice> donde <cursiva
>a<subindice>n</subindice></cursiva> es el término general, <cursiva
>a</cursiva><subindice>1</subindice> es el primer término de la sucesión, <cursiva
>n</cursiva> la posición del término y <cursiva>r</cursiva> es la
razón.     </p>
</destacadoTexto></destacado>
<p>Ejemplo:</p>
<p>Veamos cómo encontrar el término general de la progresión geométrica
2, 6, 18, 54, 162…: </p>
<p>Identificamos <cursiva>a</cursiva><subindice>1</subindice> = 2. </p>
<p>Calculamos la razón:</p>
<formula alineacion="centrada" src="FQ_MA_09_08_08.gif"></formula>
<p>Aplicamos la fórmula <cursiva>a<subindice>n</subindice></cursiva
> = <cursiva>a</cursiva><subindice>1</subindice> · <cursiva>r</cursiva
><superindice><cursiva>n</cursiva>−1</superindice> = 2 · 3<superindice
><cursiva>n</cursiva> − 1</superindice> </p>
<p>Por tanto, el término general de la progresión aritmética es <cursiva
>a<subindice>n</subindice></cursiva> = 2 · 3<superindice><cursiva
>n</cursiva> − 1</superindice></p>
<practica>
<enlace
destino="/LoIdRedirect.aspx?LoId=MA_09_08_CO_Recurso130&amp;IdRecurso=RES-FA50A903EF284F679D2DCAA418158648"
>Relaciona progresiones geométricas con su expresión general</enlace>
</practica></seccion2Texto></seccion2><seccion2
id="S2_MA_09_08_CO_5213EEAC7EAB4660B2A192E0CB7F071E">
<seccion2Titulo>Suma de <cursiva>n</cursiva> términos consecutivos
de una progresión geométrica </seccion2Titulo>
<seccion2Texto>
<p>Existe un método muy sencillo que permite encontrar la suma de <cursiva
>n</cursiva> términos consecutivos de una progresión geométrica, como
se muestra a continuación:</p>
<destacado><destacadoTitulo>La suma de <cursiva>n</cursiva> términos
consecutivos de una progresión geométrica</destacadoTitulo>
<destacadoTexto>
<p>La fórmula</p>
<formula alineacion="centrada" src="MA_09_08_09.gif"></formula>
<p>permite determinar la suma de <cursiva>n</cursiva> términos de
una progresión geométrica. En esta fórmula, <cursiva>S<subindice>n</subindice
></cursiva> es la suma de los primeros <cursiva>n</cursiva> elementos
de la sucesión geométrica, <cursiva>a</cursiva><subindice>1</subindice
> es el primer término de la sucesión geométrica, <cursiva>n</cursiva
> es el número de elementos consecutivos que se quieren adicionar
y <cursiva>r</cursiva> es la razón de la progresión.</p>
</destacadoTexto></destacado>
<p>Esta fórmula se construye de la siguiente manera: </p>
<p>Sea <cursiva>S<subindice>n</subindice></cursiva> = <cursiva>a</cursiva
><subindice>1</subindice> + <cursiva>a</cursiva><subindice>2</subindice
> + … + <cursiva>a</cursiva><subindice><cursiva>n</cursiva> – 1</subindice
> + <cursiva>a<subindice>n</subindice></cursiva> </p>
<p>Se multiplica por <cursiva>r</cursiva> a ambos lados de la igualdad,
de esta forma: </p>
<p><cursiva>S<subindice>n</subindice></cursiva> · <cursiva>r</cursiva
> = <cursiva>a</cursiva><subindice>1</subindice> · <cursiva>r</cursiva
> + <cursiva>a</cursiva><subindice>2</subindice> · <cursiva>r</cursiva
> + … + <cursiva>a</cursiva><subindice><cursiva>n</cursiva> – 1</subindice
> · <cursiva>r</cursiva> + <cursiva>a<subindice>n</subindice></cursiva
> · <cursiva>r</cursiva>  </p>
<p>Luego, se simplifica la expresión:  </p>
<formula alineacion="centrada" src="MA_09_08_17.gif"></formula>
<p>Por lo tanto:</p>
<p><cursiva>S<subindice>n</subindice></cursiva> · <cursiva>r</cursiva
> = <cursiva>a</cursiva><subindice>2</subindice> + <cursiva>a</cursiva
><subindice>3</subindice> + … + <cursiva>a<subindice>n</subindice
></cursiva> + <cursiva>a<subindice>n</subindice></cursiva> · <cursiva
>r</cursiva>  </p>
<p>Se aplica la diferencia entre <cursiva>S<subindice>n</subindice
></cursiva> · <cursiva>r</cursiva> y <cursiva>S<subindice>n</subindice
></cursiva>, así:</p>
<formula alineacion="centrada" src="FQ_MA_09_08_10.gif"></formula>
<p>Se factoriza y se despeja <cursiva>S<subindice>n</subindice></cursiva
>.</p>
<formula alineacion="centrada" src="FQ_MA_09_08_11.gif"></formula>
<formula alineacion="centrada" src="FQ_MA_09_08_12.gif"></formula>
<p>Así se obtiene la fórmula general de los <cursiva>n</cursiva> primeros
términos de una progresión geométrica de razón <cursiva>r</cursiva
>:</p>
<formula alineacion="centrada" src="FQ_MA_09_08_13.gif"></formula>
<p>Por ejemplo, para calcular la suma de los seis primeros términos
de la progresión geométrica {<cursiva>a<subindice>n</subindice></cursiva
>} = {4, 12, 36, 108…}, se identifica <cursiva>a</cursiva><subindice
>1</subindice> y se calcula la razón <cursiva>r</cursiva>.</p>
<formula alineacion="centrada" src="FQ_MA_09_08_14.gif"></formula>
<p>Como <cursiva>a</cursiva><subindice>1</subindice> = 4 y <cursiva
>r</cursiva> = 3, se remplazan en la fórmula:</p>
<formula alineacion="centrada" src="FQ_MA_09_08_15.gif"></formula>
<p>La suma de los seis primeros términos de la sucesión <cursiva>a<subindice
>n</subindice></cursiva> = 4 · 3<superindice><cursiva>n</cursiva> –
1</superindice> es 1456.</p>
<practica>
<enlace
destino="/LoIdRedirect.aspx?LoId=MA_09_08_CO_Recurso140&amp;IdRecurso=RES-E99794474AA0458193A56F61D9A69ED4"
>Practica la suma de "<cursiva>n</cursiva>" términos de una progresión
geométrica</enlace>
</practica></seccion2Texto></seccion2><seccion2
id="S2_MA_09_08_CO_65DF51E9079642528B8D2048F4C69462">
<seccion2Titulo>Suma de todos los términos de una progresión geométrica
con │<cursiva>r</cursiva>│&lt; 1 </seccion2Titulo>
<seccion2Texto>
<p>Si tenemos una progresión geométrica cuya razón esté comprendida
entre –1 y 1, es decir, cuyo valor absoluto sea menor que 1, podemos
calcular la suma de los infinitos términos de esta progresión.</p>
<p>Examinemos que sucede con la fórmula de la suma de los <cursiva
>n</cursiva> primeros términos de una progresión geométrica cuando
│<cursiva>r</cursiva>│&lt; 1.</p>
<recuerda><recuerdaTexto>
<p>Dado un número real <cursiva>r</cursiva>, tal que –1 &lt; <cursiva
>r</cursiva> &lt; 1, una potencia de <cursiva>r</cursiva> con exponente
un número real grande, se aproxima a cero. </p>
<p>Por ejemplo: 0,1<superindice>2</superindice> = 0,01; 0,1<superindice
>3</superindice> = 0,001; 0,01<superindice>4</superindice> = 0,0001
  </p>
</recuerdaTexto></recuerda>
<p>Como –1 &lt; <cursiva>r</cursiva> &lt; –1, a medida que el número <cursiva
>n</cursiva> de términos que tomamos en la suma crece, el valor de <cursiva
>r<superindice>n</superindice></cursiva> es mas pequeño y se acerca
a 0, de esta forma <cursiva>r<superindice>n</superindice></cursiva
> – 1 se acerca a –1. Además, <cursiva>r</cursiva> – 1 es un número
real negativo.  </p>
<p>De esta forma,</p>
<formula alineacion="centrada" src="MA_09_08_21.gif"></formula>
<destacado><destacadoTitulo>La suma de todos términos consecutivos
de una progresión geométrica, cuando |<cursiva>r</cursiva>| &lt; 1</destacadoTitulo>
<destacadoTexto>
<p>Dada una progresión geométrica cuya razón es un número real entre
–1 y 1, la suma de todos sus términos se calcula mediante la fórmula</p>
<formula alineacion="centrada" src="MA_09_08_22.gif"></formula>
<p>donde <cursiva>S<subindice>n</subindice></cursiva> es la suma de
los términos, <cursiva>a</cursiva><subindice>1</subindice> es el primer
término y <cursiva>r</cursiva> es la razón de la progresión geométrica.</p>
</destacadoTexto></destacado>
<p>Por ejemplo:</p>
<p>1. Encontrar la suma de los infinitos términos de la siguiente
progresión geométrica:</p>
<formula alineacion="centrada" src="MA_09_08_23.gif"></formula>
<p>En esta sucesión  </p>
<p centrado="si"><cursiva>a</cursiva><subindice>1</subindice> = 1</p>
<formula alineacion="centrada" src="MA_09_08_24.gif"></formula>
<p>Se remplazan estos valores en la fórmula y se desarrolla:</p>
<formula alineacion="centrada" src="MA_09_08_25.gif"></formula>
<p>Por lo tanto, la suma de los infinitos términos de la progresión
geométrica es igual a:</p>
<formula alineacion="centrada" src="MA_09_08_26.gif"></formula>
<p>2. Hallar la suma de los infinitos términos de la progresión geométrica
cuyo término general está dado por la fórmula:</p>
<formula alineacion="centrada" src="MA_09_08_27.gif"></formula>
<p>De la fórmula se deduce que </p>
<p centrado="si"><cursiva>a</cursiva><subindice>1</subindice> = 3</p>
<formula alineacion="centrada" src="MA_09_08_28.gif"></formula>
<p>Se remplazan estos valores en la fórmula:</p>
<formula alineacion="centrada" src="MA_09_08_29.gif"></formula>
<p>La suma de los infinitos términos de la progresión geométrica es <cursiva
>S</cursiva> = 6.</p>
<practica>
<enlace
destino="/LoIdRedirect.aspx?LoId=MA_09_08_CO_Recurso150&amp;IdRecurso=RES-852CF1D7868741B281B821937C1A6C6E"
>Calcula la suma de los términos de una progresión geométrica</enlace>
</practica></seccion2Texto></seccion2><seccion2
id="S2_MA_09_08_CO_8EFE6B62401542F4918F785DA684CBA3">
<seccion2Titulo>Producto de <cursiva>n</cursiva> términos de una progresión
geométrica </seccion2Titulo>
<seccion2Texto>
<p>Dada una progresión geométrica {<cursiva>a<subindice>n</subindice
></cursiva>} = {<cursiva>a</cursiva><subindice>1</subindice>, <cursiva
>a</cursiva><subindice>2</subindice>, <cursiva>a</cursiva><subindice
>3</subindice>,… <cursiva>a</cursiva><subindice><cursiva>n</cursiva
> - 2</subindice>, <cursiva>a</cursiva><subindice><cursiva>n</cursiva
> - 1</subindice>, <cursiva>a<subindice>n</subindice></cursiva>},
el producto de los extremos equidistantes de los extremos siempre
es el mismo, es decir:</p>
<p centrado="si"><cursiva>a</cursiva><subindice>1</subindice> · <cursiva
>a<subindice>n</subindice></cursiva> = <cursiva>a</cursiva><subindice
>2</subindice> · <cursiva>a</cursiva><subindice><cursiva>n</cursiva
> - 1</subindice> = <cursiva>a</cursiva><subindice>3</subindice> · <cursiva
>a</cursiva><subindice><cursiva>n</cursiva> – 2</subindice> = …  </p>
<p>Por ejemplo: </p>
<imagen src="MA_09_08_CO_IMG06_small.jpg">
<p>En estos ejemplos se muestra que el producto de los términos equidistantes
a los extremos siempre es el mismo. </p>
</imagen>
<p>De esta manera, la fórmula para determinar el producto de <cursiva
>n</cursiva> términos de una progresión geométrica se obtiene como
sigue. </p>
<p>Sea: </p>
<p><cursiva>P<subindice>n</subindice></cursiva> = <cursiva>a</cursiva
><subindice>1</subindice> · <cursiva>a</cursiva><subindice>2</subindice
> · <cursiva>a</cursiva><subindice>3</subindice> · … · <cursiva>a</cursiva
><subindice><cursiva>n</cursiva> – 2</subindice> · <cursiva>a</cursiva
><subindice><cursiva>n</cursiva> – 1</subindice> · <cursiva>a<subindice
>n</subindice></cursiva> </p>
<p>Asimismo: </p>
<p><cursiva>P<subindice>n</subindice></cursiva> = <cursiva>a<subindice
>n</subindice></cursiva> · <cursiva>a</cursiva><subindice><cursiva
>n</cursiva> – 1</subindice> ·  <cursiva>a</cursiva><subindice><cursiva
>n</cursiva> – 2</subindice> · … · <cursiva>a</cursiva><subindice
>3</subindice> · <cursiva>a</cursiva><subindice>2</subindice> · <cursiva
>a</cursiva><subindice>1</subindice> </p>
<p>Al multiplicar ambas expresiones y aplicar la propiedad asociativa,
se presenta la expresión:  </p>
<p><cursiva>P<subindice>n</subindice></cursiva><superindice>2</superindice
> = (<cursiva>a</cursiva><subindice>1</subindice> · <cursiva>a<subindice
>n</subindice></cursiva>)(<cursiva>a</cursiva><subindice>2</subindice
> · <cursiva>a</cursiva><subindice><cursiva>n</cursiva> – 1</subindice
>)(<cursiva>a</cursiva><subindice>3</subindice> · <cursiva>a</cursiva
><subindice><cursiva>n</cursiva> – 2</subindice>) … (<cursiva>a</cursiva
><subindice><cursiva>n</cursiva> – 2</subindice> · <cursiva>a</cursiva
><subindice>3</subindice>)(<cursiva>a</cursiva><subindice><cursiva
>n</cursiva> – 1</subindice> · <cursiva>a</cursiva><subindice>2</subindice
>)(<cursiva>a<subindice>n</subindice></cursiva> · <cursiva>a</cursiva
><subindice>1</subindice>) </p>
<p>Como <cursiva>a</cursiva><subindice>1</subindice> · <cursiva>a<subindice
>n</subindice></cursiva> = <cursiva>a</cursiva><subindice>2</subindice
> · <cursiva>a</cursiva><subindice><cursiva>n</cursiva> – 1</subindice
> = <cursiva>a</cursiva><subindice>3</subindice> · <cursiva>a</cursiva
><subindice><cursiva>n</cursiva> – 2</subindice> = …, luego  </p>
<p><cursiva>P<subindice>n</subindice></cursiva><superindice>2</superindice
> = (<cursiva>a</cursiva><subindice>1</subindice> · <cursiva>a<subindice
>n</subindice></cursiva>)(<cursiva>a</cursiva><subindice>1</subindice
> · <cursiva>a<subindice>n</subindice></cursiva>)(<cursiva>a</cursiva
><subindice>1</subindice> · <cursiva>a<subindice>n</subindice></cursiva
>) … (<cursiva>a</cursiva><subindice>1</subindice> · <cursiva>a<subindice
>n</subindice></cursiva>)(<cursiva>a</cursiva><subindice>1</subindice
> · <cursiva>a<subindice>n</subindice></cursiva>)(<cursiva>a</cursiva
><subindice>1</subindice> · <cursiva>a<subindice>n</subindice></cursiva
>) = (<cursiva>a</cursiva><subindice>1</subindice> · <cursiva>a<subindice
>n</subindice></cursiva>)<superindice><cursiva>n</cursiva></superindice
> </p>
<p>Por lo tanto: </p>
<p><cursiva>P<subindice>n</subindice></cursiva><superindice>2</superindice
> = (<cursiva>a</cursiva><subindice>1</subindice> · <cursiva>a<subindice
>n</subindice></cursiva>)<superindice>n</superindice> </p>
<p>Se extrae la raíz cuadrada a ambos lados de la igualdad y se obtiene
la fórmula:</p>
<formula alineacion="centrada" src="MA_09_08_30.gif"></formula>
<p>donde <cursiva>P<subindice>n</subindice></cursiva> es el resultado
de multiplicar los n primeros términos consecutivos de la progresión
geométrica, <cursiva>a</cursiva><subindice>1</subindice> es el primer
término de la progresión geométrica y <cursiva>a<subindice>n</subindice
></cursiva> el enésimo término.  </p>
<p>Por ejemplo, encontrar el producto de los primeros 8 términos de
la siguiente progresión geométrica:  </p>
<p>{<cursiva>a<subindice>n</subindice></cursiva>} = {1, 1,5, 2,25,
3,375…}    </p>
<p>Para determinar este producto se deben conocer los términos <cursiva
>a</cursiva><subindice>1</subindice> y <cursiva>a</cursiva><subindice
>8</subindice>. Como se conocen que <cursiva>a</cursiva><subindice
>1</subindice> = 1 y <cursiva>r</cursiva> = 1,5, por lo tanto, se
calcula <cursiva>a</cursiva><subindice>8</subindice>: </p>
<p><cursiva>a</cursiva><subindice>8</subindice> = 1(1,5)<superindice
>8 – 1</superindice> = 1(1,5)<superindice>7</superindice> = 17,0859375
 </p>
<p>Se reemplazan los valores en la fórmula: </p>
<formula alineacion="centrada" src="MA_09_08_31.gif"></formula>
<p>El resultado de multiplicar los primeros 8 términos de la progresión
es 85 222,693. </p>
</seccion2Texto></seccion2><seccion2
id="S2_MA_09_08_CO_811D9790E3324FDCB1F8E2435B98C27A">
<seccion2Titulo>Interpolación de <cursiva>k</cursiva> términos proporcionales
entre <cursiva>a</cursiva> y <cursiva>b</cursiva> </seccion2Titulo>
<seccion2Texto>
<p> Recuerda que interpolar es introducir entre otros dos; en este
caso, <negrita>interpolar <cursiva>k</cursiva> términos proporcionales
entre <cursiva>a</cursiva> y <cursiva>b</cursiva></negrita> se puede
interpretar como colocar <cursiva>k</cursiva> términos entre los términos <cursiva
>a</cursiva> y <cursiva>b</cursiva>, donde <cursiva>a</cursiva> es
el término inicial y <cursiva>b</cursiva> el término final, con la
condición de que estos términos se encuentren en progresión geométrica.
 </p>
<p>Para lograr la interpolación de <cursiva>k</cursiva> términos proporcionales
entre <cursiva>a</cursiva> y <cursiva>b</cursiva> se debe encontrar
la razón mediante la fórmula  </p>
<formula alineacion="centrada" src="MA_09_08_32.gif"></formula>
<p>Teniendo la razón <cursiva>r</cursiva> y el término inicial de
la progresión geométrica, es posible encontrar su término general
y los <cursiva>k</cursiva> términos que estarán interpolados entre <cursiva
>a</cursiva> y <cursiva>b</cursiva>; observa el siguiente ejemplo:</p>
<p>Interpolar 3 términos entre:</p>
<formula alineacion="centrada" src="MA_09_08_33.gif"></formula>
<p>Se aplica la fórmula para encontrar <cursiva>r</cursiva> y se obtiene
que:</p>
<formula alineacion="centrada" src="MA_09_08_34.gif"></formula>
<p>Por lo tanto: </p>
<p><cursiva>a</cursiva><superindice>1</superindice> = 8 </p>
<formula alineacion="centrada" src="MA_09_08_35.gif"></formula>
<formula alineacion="centrada" src="MA_09_08_36.gif"></formula>
<formula alineacion="centrada" src="MA_09_08_37.gif"></formula>
<formula alineacion="centrada" src="MA_09_08_38.gif"></formula>
<p>Es decir que la progresión con sus 3 términos interpolados es:</p>
<formula alineacion="centrada" src="MA_09_08_39.gif"></formula>
</seccion2Texto></seccion2><seccion2
id="S2_MA_09_08_CO_811D9790E3324FDCB1F8E2435B982277">
<seccion2Titulo>Consolidación</seccion2Titulo>
<seccion2Texto>
<p>Actividades para consolidar lo que has aprendido en esta sección.</p>
<practica>
<enlace
destino="/LoIdRedirect.aspx?LoId=MA_09_08_CO_Recurso180&amp;IdRecurso=RES-84DD08B663F74E1FAC650F5B4B105123"
>Refuerza tu aprendizaje: Las progresiones geométricas</enlace>
</practica></seccion2Texto></seccion2></seccion1Texto></seccion1>
<seccion1 id="S1_MA_09_08_CO_ACC7B71BE0824714BFC43F7797798AFB">
<seccion1Titulo>Resolución de problemas de sucesiones y progresiones</seccion1Titulo>
<seccion1Texto>
<p>Las sucesiones y las progresiones pueden ser utilizadas como herramienta
para resolver problemas o ejercicios de las matemáticas o de otros
campos del pensamiento humano. A continuación se presentan algunos
ejemplos de problemas y la forma como se pueden resolver.</p>
<listaSinNumerar>
<listaElemento>Una costurera se plantea una meta de trabajo de 10
días. El primer día quiere coser 10 pantalones y cada día que pasa,
coser tres más que el día anterior, ¿Cuántos pantalones coserá en
el día 12? ¿Cuántos pantalones coserá en total?</listaElemento>
</listaSinNumerar>
<imagen src="MA_09_08_CO_IMG07_small.jpg">
<p>El trabajo realizado puede ser medido en algunas ocasiones por
medio de progresiones. </p>
</imagen>
<p>Se identifica que la relación matemática establecida es una progresión
aritmética donde:  </p>
<p><cursiva>a</cursiva><subindice>1</subindice> = 10 </p>
<p><cursiva>d</cursiva> = 3 </p>
<p>Para saber cuántos pantalones cosió el día 12, se determina el
término general de la progresión aritmética y se halla el término
que ocupa la posición 12, luego: </p>
<p><cursiva>a<subindice>n</subindice></cursiva> = <cursiva>a</cursiva
><subindice>1</subindice> + (n – 1)<cursiva>d</cursiva> → <cursiva
>a<subindice>n</subindice></cursiva> = 10 + (<cursiva>n</cursiva> –
1)3 → <cursiva>a</cursiva><subindice>12</subindice> = 10 + (12 – 1)3
= 10 + 33 = 43</p>
<p>En el día 12 la costurera deberá coser 43 pantalones.</p>
<p>Para determinar cuántos pantalones coserá en los 12 días se debe
utilizar la fórmula para adicionar <cursiva>n</cursiva> términos de
una progresión aritmética partiendo desde la posición 1 hasta la posición
12, donde: </p>
<p><cursiva>a</cursiva><subindice>1</subindice> = 10 </p>
<p><cursiva>a</cursiva><subindice>12</subindice> = 43 </p>
<p><cursiva>n</cursiva> = 12</p>
<p>De esta forma:</p>
<formula alineacion="centrada" src="FQ_MA_09_08_17.gif"></formula>
<p>En total deberá coser 318 pantalones.</p>
<listaSinNumerar>
<listaElemento>Una máquina para estampar fue comprada por 12 380 000
pesos. Si esta máquina se devalúa cada año a la mitad, ¿qué precio
tendrá cuando pasen 5 años, 15 años, 20 años?  </listaElemento>
</listaSinNumerar>
<p>Este problema se puede resolver planteando el término general que
determina la progresión geométrica que modela la situación, donde: <cursiva
>a</cursiva><subindice>1</subindice> = 12 380 000</p>
<formula alineacion="centrada" src="MA_09_08_41.gif"></formula>
<p>Así, el término general es:</p>
<formula alineacion="centrada" src="FQ_MA_09_08_18.gif"></formula>
<p>Ya teniendo el término general que determina la progresión geométrica,
se remplazan los valores dados, es decir, 5 años, 10 años y 15 años
respectivamente:</p>
<formula alineacion="centrada" src="FQ_MA_09_08_19.gif"></formula>
<formula alineacion="centrada" src="FQ_MA_09_08_20.gif"></formula>
<formula alineacion="centrada" src="FQ_MA_09_08_21.gif"></formula>
<p>Pasados 5 años el valor de la máquina será 773 750 pesos, después
de 10 años el valor de la máquina es aproximadamente de 24 179 y pasados
15 años el valor de la máquina será cercano a 755 pesos.</p>
<seccion2 id="S2_MA_09_08_CO_ACC7B71BE0824714BFC43F7797798888">
<seccion2Titulo>Consolidación </seccion2Titulo>
<seccion2Texto>
<p>Actividades para consolidar lo que has aprendido en esta sección.</p>
<practica>
<enlace
destino="/LoIdRedirect.aspx?LoId=MA_09_08_CO_Recurso190&amp;IdRecurso=RES-7FE177FC0FBB4BA2AFBF9CE41F589A44"
>Refuerza tu aprendizaje: Algunas aplicaciones prácticas de sucesiones
y progresiones</enlace>
</practica></seccion2Texto></seccion2></seccion1Texto></seccion1>
<seccion1 id="S1_MA_09_08_CO_53D92D01E70942A3B9F0336C95F4E164">
<seccion1Titulo>Competencias</seccion1Titulo>
<seccion1Texto>
<p>Pon a prueba tus capacidades y aplica lo aprendido con estos recursos.</p>
<practica>
<enlace
destino="/LoIdRedirect.aspx?LoId=MA_09_08_CO_Recurso200&amp;IdRecurso=RES-765C4D67CCF94D04A3F59E8A888F06EF"
>Competencias: Los números poligonales</enlace>
</practica></seccion1Texto></seccion1><masinformacion
id="MI_MA_09_08_CO_513D1F2B1ED7407698C7C0734C2C6A7C"><mapaconceptual>
<enlace
destino="/LoIdRedirect.aspx?LoId=MA_09_08_CO_Recurso230&amp;IdRecurso=RES-9D706A28672647B4BB7926DD59B40498"
>Mapa Conceptual</enlace></mapaconceptual><autoevaluate><enlace
destino="/LoIdRedirect.aspx?LoId=MA_09_08_CO_Recurso240&amp;IdRecurso=RES-026A09C064244FA4AC50E5C983C8985F"
>Evaluación</enlace></autoevaluate><enlacesreferencia>
<enlace
destino="http://vviana.es/doc/LaSorprendente%20SucesionDeFibonacci.pdf"
>La sucesión de Fibonacci</enlace>
<enlace
destino="http://cms.dm.uba.ar/materias/1erCuat2007/geometria/Apunte-2.pdf"
>La media geométrica con regla y compás</enlace>
<enlace
destino="http://datateca.unad.edu.co/contenidos/551109/unidades/UNIDAD_1/captulo_1_las_sucesiones.html"
>Las sucesiones</enlace>
</enlacesreferencia></masinformacion></libro>
