﻿<?xml version="1.0" encoding="utf-8"?><motor tipo="5" clase="a" aprid="m5a">
  <plataforma>
    <grado><![CDATA[2]]></grado>
    <titulo>Aplica la suma de sucesiones y producto por un escalar</titulo>
    <area>0</area>
    <nivel>2</nivel>
    <referencia/>
    <idreg><![CDATA[0]]></idreg>
    <motor><![CDATA[M5A]]></motor>
    <lang>es</lang>
  </plataforma>
  <enunciado><![CDATA[Relaciona las adiciones y multiplicaciones mostradas en las imágenes con sus respectivos resultados.]]></enunciado>
  <masinfo inicio="0"/>
  <sinaleatoriedad><![CDATA[0]]></sinaleatoriedad>
  <calc><![CDATA[0]]></calc>
  <respuestaunica><![CDATA[1]]></respuestaunica>
  <test cantidad="6">
    <cuestion>
      <enunciado><![CDATA[Al desarrollar la adición mostrada en la imagen el resultado es:]]></enunciado>
      <explicacion><![CDATA[Revisar el procedimiento para la adición de sucesiones, término a término.]]></explicacion>
      <imagen><![CDATA[MA_09_08_CO_REC40_IMG01_n.png]]></imagen>
      <ampliacion><![CDATA[MA_09_08_CO_REC40_IMG01_a.png]]></ampliacion>
      <respuestas>
        <respuesta contestacion="11, 9, 9, 11, ..." correcta="1"/>
        <respuesta contestacion="18, 20, –10, –102, ..." correcta="0"/>
        <respuesta contestacion="5, 7, 9, 39, ..." correcta="0"/>
        <respuesta contestacion="2, 4, 6, 8, ..." correcta="0"/>
      </respuestas>
    </cuestion>
    <cuestion>
      <enunciado><![CDATA[Al desarrollar la adición mostrada en la imagen el resultado es:]]></enunciado>
      <explicacion><![CDATA[Revisar el procedimiento para la adición de sucesiones, término a término.]]></explicacion>
      <imagen><![CDATA[MA_09_08_CO_REC40_IMG02_n.png]]></imagen>
      <ampliacion><![CDATA[MA_09_08_CO_REC40_IMG02_a.png]]></ampliacion>
      <respuestas>
        <respuesta contestacion="–2, 8, 0, 31, ..." correcta="1"/>
        <respuesta contestacion="0, 12, –16, 240, ..." correcta="0"/>
        <respuesta contestacion="4, 6, 8, 10, ..." correcta="0"/>
        <respuesta contestacion="6, 8, 9, 10, ..." correcta="0"/>
      </respuestas>
    </cuestion>
    <cuestion>
      <enunciado><![CDATA[Al desarrollar la adición mostrada en la imagen el resultado es:]]></enunciado>
      <explicacion><![CDATA[Revisar el procedimiento para la adición de sucesiones, término a término.]]></explicacion>
      <imagen><![CDATA[MA_09_08_CO_REC40_IMG03_n.png]]></imagen>
      <ampliacion><![CDATA[MA_09_08_CO_REC40_IMG03_a.png]]></ampliacion>
      <respuestas>
        <respuesta contestacion="5/2, 14/3, 27/4, 44/5, 65/6, ..." correcta="1"/>
        <respuesta contestacion="1,4/3, 18/4, 32/5, 50/6, ..." correcta="0"/>
        <respuesta contestacion="3, 56, 67, 3, ..." correcta="0"/>
        <respuesta contestacion="6/7, 3/5, 6/9, 4/6" correcta="0"/>
      </respuestas>
    </cuestion>
    <cuestion>
      <enunciado><![CDATA[Al desarrollar la multiplicación mostrada en la imagen el resultado es:]]></enunciado>
      <explicacion><![CDATA[Revisar el procedimiento para la multiplicación entre un escalar y una sucesión, multiplicando cada término de la sucesión por el escalar correspondiente.]]></explicacion>
      <imagen><![CDATA[MA_09_08_CO_REC40_IMG04_n.png]]></imagen>
      <ampliacion><![CDATA[MA_09_08_CO_REC40_IMG04_a.png]]></ampliacion>
      <respuestas>
        <respuesta contestacion="4/3, 2, 8/3, –10/3, 4, ..." correcta="1"/>
        <respuesta contestacion="4/5, 6/8, –4/5, 6/8, ..." correcta="0"/>
        <respuesta contestacion="4, 6, 7, 9, 29, ..." correcta="0"/>
        <respuesta contestacion="3, 5, 7, 9, 11, ..." correcta="0"/>
      </respuestas>
    </cuestion>
    <cuestion>
      <enunciado><![CDATA[Al desarrollar la multiplicación mostrada en la imagen el resultado es:]]></enunciado>
      <explicacion><![CDATA[Revisar el procedimiento para la multiplicación entre un escalar y una sucesión, multiplicando cada término de la sucesión por el escalar correspondiente.]]></explicacion>
      <imagen><![CDATA[MA_09_08_CO_REC40_IMG05_n.png]]></imagen>
      <ampliacion><![CDATA[MA_09_08_CO_REC40_IMG05_a.png]]></ampliacion>
      <respuestas>
        <respuesta contestacion="–8, –20, –40, –68, –104, ..." correcta="1"/>
        <respuesta contestacion="9, 21, 41, 69, 105, ..." correcta="0"/>
        <respuesta contestacion="–7, –19, –39, –67, –103, ..." correcta="0"/>
        <respuesta contestacion="–8, 20, 40, –68, –104, ..." correcta="0"/>
      </respuestas>
    </cuestion>
    <cuestion>
      <enunciado><![CDATA[Al desarrollar la multiplicación mostrada en la imagen el resultado es:]]></enunciado>
      <explicacion><![CDATA[Revisar el procedimiento para la multiplicación entre un escalar y una sucesión, multiplicando cada término de la sucesión por el escalar correspondiente.]]></explicacion>
      <imagen><![CDATA[MA_09_08_CO_REC40_IMG06_n.png]]></imagen>
      <ampliacion><![CDATA[MA_09_08_CO_REC40_IMG06_a.png]]></ampliacion>
      <respuestas>
        <respuesta contestacion="4/3, 4, 20/3, 28/3, 12, ..." correcta="1"/>
        <respuesta contestacion="12, 25, 34, 36, 45, ..." correcta="0"/>
        <respuesta contestacion="–8, –20, 5/3, –68, –104, ..." correcta="0"/>
        <respuesta contestacion="–8, –20, 56, –68, –104, ..." correcta="0"/>
      </respuestas>
    </cuestion>
  </test>
  <temps>20</temps>
</motor>