<?xml version="1.0" encoding="UTF-8"?>
<XMLDatos aprid="F">

	
   
<titulo>Las progresiones aritméticas: definición y término general</titulo>




<practica><![CDATA[<span class="negrita">PRACTICA</span>]]></practica>
<solucion><![CDATA[<span class="negrita">SOLUCIÓN</span>]]></solucion>



<txt_practica><![CDATA[Halla el término general de la siguiente sucesión.<br><br><span class="negrita">5, 3, 1, –1…</span>]]></txt_practica>

<txt_solucion><![CDATA[Es una <span class="negrita">progresión aritmética</span>. El primer término es <b><span class="cursiva">a</span><sub>1</sub> = 5</b><br>y la diferencia es <span class="negrita"><span class="cursiva">d</span> = –2</span>.<br><br>Por tanto, el término general es<br><span class="negrita"><span class="cursiva">a</span><sub><span class="cursiva">n</span></sub> = 5 + (<span class="cursiva">n</span> – 1) · (–2) = 5 – 2<span class="cursiva">n</span> + 2 = 7 – 2<span class="cursiva">n</span></span>.]]></txt_solucion>

	
<txt_01><![CDATA[¿Sabes cómo continuar la siguiente sucesión?]]></txt_01>

<txt_02_01><![CDATA[Cada término de la sucesión se obtiene sumando un 3 al término anterior.]]></txt_02_01>

<txt_02_02><![CDATA[Este tipo de sucesiones, en las que <span class="negrita">cada término se obtiene sumando una cantidad fija al término anterior</span>, son progresiones aritméticas. La cantidad que se suma <span class="negrita">se llama diferencia</span>.<br><br>Esta sucesión es una progresión aritmética con diferencia <span class="cursiva">d</span> = 3.]]></txt_02_02>



<txt_03><![CDATA[¿Cuál creees que es el término general de esta sucesión?]]></txt_03>

<txt_04><![CDATA[¿Sabes cómo calcular el término que ocupa el lugar 50 en la sucesión?]]></txt_04>


<txt_05><![CDATA[El término que ocupa el lugar 50 es <span class="negrita">148</span>.]]></txt_05>

<txt_06><![CDATA[¿Sabes cómo deducir cuál es el <span class="negrita">término general</span> de una <span class="negrita">progresión aritmética</span> de diferencia <span class="negrita"><span class="cursiva">d</span></span>?]]></txt_06>


    
    <btnpractica><![CDATA[PRACTICA]]></btnpractica>
    <btnsolucion><![CDATA[SOLUCIÓN]]></btnsolucion>

	
	
</XMLDatos>	