﻿<?xml version="1.0" encoding="utf-8"?><motor tipo="4" clase="a" aprid="m4a"><plataforma><grado><![CDATA[2]]></grado><titulo>Encuentra las medidas de posición</titulo><area>0</area><nivel>2</nivel><referencia /><idreg><![CDATA[0]]></idreg><motor><![CDATA[M4A]]></motor><lang>es</lang></plataforma><enunciado><![CDATA[Establece el valor de las medidas de posición solicitado en cada una de las siguientes situaciones.]]></enunciado><masinfo inicio="0" /><sinaleatoriedad><![CDATA[0]]></sinaleatoriedad><calc><![CDATA[1]]></calc><respuestaunica><![CDATA[1]]></respuestaunica><test cantidad="7"><cuestion><enunciado><![CDATA[Una empresa tiene una central de quejas y las llamadas que recibió la semana pasada fueron: el lunes, 9; el martes, 12; el miércoles, 10; el jueves, 4; el viernes, 7; el sábado, 3 y el domingo, 9. ¿Cuántas llamadas en promedio recibió?]]></enunciado><explicacion><![CDATA[se debe hallar el promedio de los datos.]]></explicacion><imagen /><respuestas><respuesta contestacion="Aproximadamente 8." correcta="1" /><respuesta contestacion="Aproximadamente 7." correcta="0" /><respuesta contestacion="Aproximadamente 5." correcta="0" /><respuesta contestacion="Aproximadamente 10." correcta="0" /></respuestas></cuestion><cuestion><enunciado><![CDATA[Una empresa ha credo una central de quejas; el número de llamadas que recibió durante la primera semana es: el lunes, 9; el martes, 12; el miércoles, 10; el jueves, 4; el viernes, 7; el sábado, 3 y el domingo, 9. ¿Cuál es la mediana?]]></enunciado><explicacion><![CDATA[Primero se organizan los datos y luego se establece el valor central.]]></explicacion><imagen /><respuestas><respuesta contestacion="9" correcta="1" /><respuesta contestacion="7" correcta="0" /><respuesta contestacion="10" correcta="0" /><respuesta contestacion="4" correcta="0" /></respuestas></cuestion><cuestion><enunciado><![CDATA[En un equipo de fútbol se tomó el dato del peso de 8 futbolistas: 71 kg, 83 kg, 73 kg, 72 kg, 79 kg, 82 kg y 80 kg. Si se sabe que el promedio es 77 kg, ¿cuál es el peso del futbolista que falta?]]></enunciado><explicacion><![CDATA[Se plantea una ecuación con los datos conocidos y el desconocido.]]></explicacion><imagen /><respuestas><respuesta contestacion="76 kg" correcta="1" /><respuesta contestacion="78 kg" correcta="0" /><respuesta contestacion="70 kg" correcta="0" /><respuesta contestacion="75 kg" correcta="0" /></respuestas></cuestion><cuestion><enunciado><![CDATA[A un grupo de 10 personas se le preguntó sobre el número de veces que consumen frutas en una semana y el resultado fue: 5, 3, 1, 7, 4, 2, 8, 1, 4, 6. ¿Cuál es la mediana?]]></enunciado><explicacion><![CDATA[Hallar la mediana de los datos.]]></explicacion><imagen /><respuestas><respuesta contestacion=" 4" correcta="1" /><respuesta contestacion="1,2" correcta="0" /><respuesta contestacion=" 8" correcta="0" /><respuesta contestacion="3" correcta="0" /></respuestas></cuestion><cuestion><enunciado><![CDATA[Se encuestó a un grupo de 10 personas sobre el número de sitios turísticos que conocen en su región y se obtuvo: 5, 3, 10, 7, 4, 2, 8, 1, 4, 6. ¿Cuál es la media aritmética?]]></enunciado><explicacion><![CDATA[Hallar el promedio de los datos.]]></explicacion><imagen /><respuestas><respuesta contestacion="5" correcta="1" /><respuesta contestacion="6,7" correcta="0" /><respuesta contestacion="4,5" correcta="0" /><respuesta contestacion="4,8" correcta="0" /></respuestas></cuestion><cuestion><enunciado><![CDATA[Supongamos que se tienen 10 observaciones: 8, 2, 8, 6, 2, 2, 6, 8, 2, 4. La media aritmética será:]]></enunciado><explicacion /><imagen /><respuestas><respuesta contestacion="9" correcta="0" /><respuesta contestacion="4,8" correcta="1" /><respuesta contestacion="5,5" correcta="0" /><respuesta contestacion="6" correcta="0" /></respuestas></cuestion><cuestion><enunciado><![CDATA[Las edades de un grupo de estudiantes de grado noveno son: 13, 14, 15, 15, 14, 16, 17, 16, 16, 14, 14, 14, 13, 13, 13. La moda de este grupo de edades es: ]]></enunciado><explicacion /><imagen /><respuestas><respuesta contestacion="13" correcta="0" /><respuesta contestacion="15" correcta="0" /><respuesta contestacion="14" correcta="1" /><respuesta contestacion="16" correcta="0" /></respuestas></cuestion></test></motor>