<?xml version='1.0' encoding='UTF-8'?><mapa aprid="mapa">
  <copyright>(c) Editorial Planeta</copyright>
  <version>1.0</version>
  <botonMapaConceptual>mostrar</botonMapaConceptual>
  <botonMapaMudo>ocultar</botonMapaMudo>
  <botonMudo>0</botonMudo>
  <objeto>
    <ref>00</ref>
    <texto>Estadística</texto>
    <hijos>12,11,10</hijos>
    <padre/>
    <siz>0</siz>
    <negcur>00000000000</negcur>
    <cen>1</cen>
    <img/>
    <audio/>
  </objeto>
  <objeto>
    <ref>10</ref>
    <texto>en cuanto a</texto>
    <hijos>20</hijos>
    <padre>00</padre>
    <siz>14</siz>
    <negcur>00000000000</negcur>
    <cen>1</cen>
    <img/>
    <audio/>
  </objeto>
  <objeto>
    <ref>20</ref>
    <texto>Presentación y
análisis de datos</texto>
    <hijos>30</hijos>
    <padre>10</padre>
    <siz>0</siz>
    <negcur>00000000000000000000000000000000</negcur>
    <cen>1</cen>
    <img/>
    <audio/>
  </objeto>
  <objeto>
    <ref>11</ref>
    <texto>en cuanto a</texto>
    <hijos>21</hijos>
    <padre>00</padre>
    <siz>0</siz>
    <negcur>00000000000</negcur>
    <cen>1</cen>
    <img/>
    <audio/>
  </objeto>
  <objeto>
    <ref>21</ref>
    <texto>Recolección de
datos</texto>
    <hijos>31</hijos>
    <padre>11</padre>
    <siz>0</siz>
    <negcur>00000000000000000000</negcur>
    <cen>1</cen>
    <img/>
    <audio/>
  </objeto>
  <objeto>
    <ref>12</ref>
    <texto>es una</texto>
    <hijos>22</hijos>
    <padre>00</padre>
    <siz>0</siz>
    <negcur>000000</negcur>
    <cen>1</cen>
    <img/>
    <audio/>
  </objeto>
  <objeto>
    <ref>22</ref>
    <texto>Rama de las
matemáticas</texto>
    <hijos>32</hijos>
    <padre>12</padre>
    <siz>0</siz>
    <negcur>00000000000000000000000</negcur>
    <cen>1</cen>
    <img/>
    <audio/>
  </objeto>
  <objeto>
    <ref>30</ref>
    <texto>recogidos con</texto>
    <hijos>41,40</hijos>
    <padre>20</padre>
    <siz>0</siz>
    <negcur>0000000000000</negcur>
    <cen>1</cen>
    <img/>
    <audio/>
  </objeto>
  <objeto>
    <ref>40</ref>
    <texto>variables
cuantitativas</texto>
    <hijos>50</hijos>
    <padre>30</padre>
    <siz>0</siz>
    <negcur>00000000000000000000000</negcur>
    <cen>1</cen>
    <img/>
    <audio/>
  </objeto>
  <objeto>
    <ref>41</ref>
    <texto>variables
cualitativas</texto>
    <hijos>51</hijos>
    <padre>30</padre>
    <siz>0</siz>
    <negcur>0000000000000000000000</negcur>
    <cen>1</cen>
    <img/>
    <audio/>
  </objeto>
  <objeto>
    <ref>50</ref>
    <texto>las</texto>
    <hijos>60</hijos>
    <padre>40</padre>
    <siz>0</siz>
    <negcur>000</negcur>
    <cen>1</cen>
    <img/>
    <audio/>
  </objeto>
  <objeto>
    <ref>60</ref>
    <texto>herramientas</texto>
    <hijos>70</hijos>
    <padre>50</padre>
    <siz>0</siz>
    <negcur>000000000000</negcur>
    <cen>1</cen>
    <img/>
    <audio/>
  </objeto>
  <objeto>
    <ref>70</ref>
    <texto>utilizadas son</texto>
    <hijos>82,81,80</hijos>
    <padre>60</padre>
    <siz>0</siz>
    <negcur>00000000000000</negcur>
    <cen>1</cen>
    <img/>
    <audio/>
  </objeto>
  <objeto>
    <ref>80</ref>
    <texto>medidas de
dispersión</texto>
    <hijos>90</hijos>
    <padre>70</padre>
    <siz>0</siz>
    <negcur>000000000000000000000</negcur>
    <cen>1</cen>
    <img/>
    <audio/>
  </objeto>
  <objeto>
    <ref>81</ref>
    <texto>medidas de
posición</texto>
    <hijos>91</hijos>
    <padre>70</padre>
    <siz>0</siz>
    <negcur>0000000000000000000</negcur>
    <cen>1</cen>
    <img/>
    <audio/>
  </objeto>
  <objeto>
    <ref>82</ref>
    <texto>tabla distribución
frecuencias</texto>
    <hijos>92</hijos>
    <padre>70</padre>
    <siz>0</siz>
    <negcur>000000000000000000000000000000</negcur>
    <cen>1</cen>
    <img/>
    <audio/>
  </objeto>
  <objeto>
    <ref>90</ref>
    <texto>se encargan de</texto>
    <hijos>a0</hijos>
    <padre>80</padre>
    <siz>0</siz>
    <negcur>00000000000000</negcur>
    <cen>1</cen>
    <img/>
    <audio/>
  </objeto>
  <objeto>
    <ref>a0</ref>
    <texto>estudiar la
distribución de los
datos</texto>
    <hijos>b0</hijos>
    <padre>90</padre>
    <siz>0</siz>
    <negcur>0000000000000000000000000000000000000</negcur>
    <cen>1</cen>
    <img/>
    <audio/>
  </objeto>
  <objeto>
    <ref>b0</ref>
    <texto>los cuales son</texto>
    <hijos>c3,c2,c1,c0</hijos>
    <padre>a0</padre>
    <siz>0</siz>
    <negcur>00000000000000</negcur>
    <cen>1</cen>
    <img/>
    <audio/>
  </objeto>
  <objeto>
    <ref>c0</ref>
    <texto>rango</texto>
    <hijos/>
    <padre>b0</padre>
    <siz>0</siz>
    <negcur>00000</negcur>
    <cen>1</cen>
    <img/>
    <audio/>
  </objeto>
  <objeto>
    <ref>c1</ref>
    <texto>desviación media
y típica</texto>
    <hijos/>
    <padre>b0</padre>
    <siz>0</siz>
    <negcur>0000000000000000000000000</negcur>
    <cen>1</cen>
    <img/>
    <audio/>
  </objeto>
  <objeto>
    <ref>c2</ref>
    <texto>varianza</texto>
    <hijos/>
    <padre>b0</padre>
    <siz>0</siz>
    <negcur>00000000</negcur>
    <cen>1</cen>
    <img/>
    <audio/>
  </objeto>
  <objeto>
    <ref>c3</ref>
    <texto>coeficiente de
variación</texto>
    <hijos/>
    <padre>b0</padre>
    <siz>0</siz>
    <negcur>000000000000000000000000</negcur>
    <cen>1</cen>
    <img/>
    <audio/>
  </objeto>
  <objeto>
    <ref>91</ref>
    <texto>permiten</texto>
    <hijos>a1</hijos>
    <padre>81</padre>
    <siz>0</siz>
    <negcur>00000000</negcur>
    <cen>1</cen>
    <img/>
    <audio/>
  </objeto>
  <objeto>
    <ref>a1</ref>
    <texto>reconocer
características de
datos ordenados</texto>
    <hijos>b1</hijos>
    <padre>91</padre>
    <siz>0</siz>
    <negcur>000000000000000000000000000000000000000000000</negcur>
    <cen>1</cen>
    <img/>
    <audio/>
  </objeto>
  <objeto>
    <ref>b1</ref>
    <texto>se dividen en</texto>
    <hijos>c5,c4</hijos>
    <padre>a1</padre>
    <siz>0</siz>
    <negcur>000000000000000</negcur>
    <cen>1</cen>
    <img/>
    <audio/>
  </objeto>
  <objeto>
    <ref>c4</ref>
    <texto>no centrales</texto>
    <hijos>d0</hijos>
    <padre>b1</padre>
    <siz>0</siz>
    <negcur>00000000000000</negcur>
    <cen>1</cen>
    <img/>
    <audio/>
  </objeto>
  <objeto>
    <ref>c5</ref>
    <texto>centrales</texto>
    <hijos>d1</hijos>
    <padre>b1</padre>
    <siz>0</siz>
    <negcur>000000000</negcur>
    <cen>1</cen>
    <img/>
    <audio/>
  </objeto>
  <objeto>
    <ref>d0</ref>
    <texto>son las que</texto>
    <hijos>e0</hijos>
    <padre>c4</padre>
    <siz>0</siz>
    <negcur>0000000000000</negcur>
    <cen>1</cen>
    <img/>
    <audio/>
  </objeto>
  <objeto>
    <ref>e0</ref>
    <texto>localizan valores
no centrales del
conjunto</texto>
    <hijos>f0</hijos>
    <padre>d0</padre>
    <siz>0</siz>
    <negcur>0000000000000000000000000000000000000000000000000</negcur>
    <cen>1</cen>
    <img/>
    <audio/>
  </objeto>
  <objeto>
    <ref>f0</ref>
    <texto/>
    <hijos/>
    <padre>e0</padre>
    <siz>0</siz>
    <negcur/>
    <cen>1</cen>
    <img/>
    <audio/>
  </objeto>
  <objeto>
    <ref>d1</ref>
    <texto>son las que</texto>
    <hijos>e1</hijos>
    <padre>c5</padre>
    <siz>0</siz>
    <negcur>0000000000000</negcur>
    <cen>1</cen>
    <img/>
    <audio/>
  </objeto>
  <objeto>
    <ref>e1</ref>
    <texto>localizan la parte
media del
conjunto</texto>
    <hijos>f1</hijos>
    <padre>d1</padre>
    <siz>0</siz>
    <negcur>0000000000000000000000000000000000000000</negcur>
    <cen>1</cen>
    <img/>
    <audio/>
  </objeto>
  <objeto>
    <ref>f1</ref>
    <texto/>
    <hijos/>
    <padre>e1</padre>
    <siz>0</siz>
    <negcur/>
    <cen>1</cen>
    <img/>
    <audio/>
  </objeto>
  <objeto>
    <ref>92</ref>
    <texto>es utilizada</texto>
    <hijos>a2</hijos>
    <padre>82</padre>
    <siz>0</siz>
    <negcur>000000000000000</negcur>
    <cen>1</cen>
    <img/>
    <audio/>
  </objeto>
  <objeto>
    <ref>a2</ref>
    <texto>asignar a cada
dato sus
frecuencias</texto>
    <hijos>b2</hijos>
    <padre>92</padre>
    <siz>0</siz>
    <negcur>0000000000000000000000000000000000000000</negcur>
    <cen>1</cen>
    <img/>
    <audio/>
  </objeto>
  <objeto>
    <ref>b2</ref>
    <texto>las cuales son</texto>
    <hijos>c9,c8,c7,c6</hijos>
    <padre>a2</padre>
    <siz>0</siz>
    <negcur>00000000000000000</negcur>
    <cen>1</cen>
    <img/>
    <audio/>
  </objeto>
  <objeto>
    <ref>c6</ref>
    <texto>absoluta</texto>
    <hijos/>
    <padre>b2</padre>
    <siz>0</siz>
    <negcur>00000000</negcur>
    <cen>1</cen>
    <img/>
    <audio/>
  </objeto>
  <objeto>
    <ref>c7</ref>
    <texto>absoluta
acumulada</texto>
    <hijos/>
    <padre>b2</padre>
    <siz>0</siz>
    <negcur>0000000000000000000000</negcur>
    <cen>1</cen>
    <img/>
    <audio/>
  </objeto>
  <objeto>
    <ref>c8</ref>
    <texto>relativa</texto>
    <hijos/>
    <padre>b2</padre>
    <siz>0</siz>
    <negcur>00000000</negcur>
    <cen>1</cen>
    <img/>
    <audio/>
  </objeto>
  <objeto>
    <ref>c9</ref>
    <texto>relativa
acumulada</texto>
    <hijos/>
    <padre>b2</padre>
    <siz>0</siz>
    <negcur>000000000000000000000</negcur>
    <cen>1</cen>
    <img/>
    <audio/>
  </objeto>
  <objeto>
    <ref>51</ref>
    <texto>las</texto>
    <hijos>61</hijos>
    <padre>41</padre>
    <siz>0</siz>
    <negcur>000</negcur>
    <cen>1</cen>
    <img/>
    <audio/>
  </objeto>
  <objeto>
    <ref>61</ref>
    <texto>herramientas</texto>
    <hijos>71</hijos>
    <padre>51</padre>
    <siz>0</siz>
    <negcur>000000000000</negcur>
    <cen>1</cen>
    <img/>
    <audio/>
  </objeto>
  <objeto>
    <ref>71</ref>
    <texto>utilizadas son</texto>
    <hijos>87,86,85,84,83</hijos>
    <padre>61</padre>
    <siz>0</siz>
    <negcur>00000000000000000000</negcur>
    <cen>1</cen>
    <img/>
    <audio/>
  </objeto>
  <objeto>
    <ref>83</ref>
    <texto>tabla de
frecuencias</texto>
    <hijos/>
    <padre>71</padre>
    <siz>0</siz>
    <negcur>000000000000000000000</negcur>
    <cen>1</cen>
    <img/>
    <audio/>
  </objeto>
  <objeto>
    <ref>84</ref>
    <texto>gráficos de
sectores</texto>
    <hijos/>
    <padre>71</padre>
    <siz>0</siz>
    <negcur>00000000000000000000000</negcur>
    <cen>1</cen>
    <img/>
    <audio/>
  </objeto>
  <objeto>
    <ref>85</ref>
    <texto>diagramas de
barras y líneas</texto>
    <hijos/>
    <padre>71</padre>
    <siz>0</siz>
    <negcur>0000000000000000000000000000000</negcur>
    <cen>1</cen>
    <img/>
    <audio/>
  </objeto>
  <objeto>
    <ref>86</ref>
    <texto>gráficos de
sectores</texto>
    <hijos/>
    <padre>71</padre>
    <siz>0</siz>
    <negcur>0000000000000000000000</negcur>
    <cen>1</cen>
    <img/>
    <audio/>
  </objeto>
  <objeto>
    <ref>87</ref>
    <texto>moda</texto>
    <hijos/>
    <padre>71</padre>
    <siz>0</siz>
    <negcur>0000</negcur>
    <cen>1</cen>
    <img/>
    <audio/>
  </objeto>
  <objeto>
    <ref>31</ref>
    <texto>las</texto>
    <hijos>42</hijos>
    <padre>21</padre>
    <siz>0</siz>
    <negcur>000</negcur>
    <cen>1</cen>
    <img/>
    <audio/>
  </objeto>
  <objeto>
    <ref>42</ref>
    <texto>herramientas</texto>
    <hijos>52</hijos>
    <padre>31</padre>
    <siz>0</siz>
    <negcur>000000000000</negcur>
    <cen>1</cen>
    <img/>
    <audio/>
  </objeto>
  <objeto>
    <ref>52</ref>
    <texto>utilizadas son</texto>
    <hijos>62</hijos>
    <padre>42</padre>
    <siz>0</siz>
    <negcur>00000000000000000000</negcur>
    <cen>1</cen>
    <img/>
    <audio/>
  </objeto>
  <objeto>
    <ref>62</ref>
    <texto>encuestas, entrevistas,
observación, análisis
documental</texto>
    <hijos/>
    <padre>52</padre>
    <siz>0</siz>
    <negcur>0000000000000000000000000000000000000000000000000000000000000</negcur>
    <cen>1</cen>
    <img/>
    <audio/>
  </objeto>
  <objeto>
    <ref>32</ref>
    <texto>encarga de</texto>
    <hijos>43</hijos>
    <padre>22</padre>
    <siz>0</siz>
    <negcur>000000000000</negcur>
    <cen>1</cen>
    <img/>
    <audio/>
  </objeto>
  <objeto>
    <ref>43</ref>
    <texto>recoger,
representar y
analizar información</texto>
    <hijos>53</hijos>
    <padre>32</padre>
    <siz>0</siz>
    <negcur>0000000000000000000000000000000000000000000000</negcur>
    <cen>1</cen>
    <img/>
    <audio/>
  </objeto>
  <objeto>
    <ref>53</ref>
    <texto>utilizando</texto>
    <hijos>63</hijos>
    <padre>43</padre>
    <siz>0</siz>
    <negcur>0000000000</negcur>
    <cen>1</cen>
    <img/>
    <audio/>
  </objeto>
  <objeto>
    <ref>63</ref>
    <texto>variables</texto>
    <hijos>72</hijos>
    <padre>53</padre>
    <siz>0</siz>
    <negcur>000000000</negcur>
    <cen>1</cen>
    <img/>
    <audio/>
  </objeto>
  <objeto>
    <ref>72</ref>
    <texto>se caracterizan
por que</texto>
    <hijos>89,88</hijos>
    <padre>63</padre>
    <siz>0</siz>
    <negcur>00000000000000000000000000</negcur>
    <cen>1</cen>
    <img/>
    <audio/>
  </objeto>
  <objeto>
    <ref>88</ref>
    <texto>existen dos clases</texto>
    <hijos>93</hijos>
    <padre>72</padre>
    <siz>0</siz>
    <negcur>00000000000000000000</negcur>
    <cen>1</cen>
    <img/>
    <audio/>
  </objeto>
  <objeto>
    <ref>89</ref>
    <texto>describir
características</texto>
    <hijos>94</hijos>
    <padre>72</padre>
    <siz>0</siz>
    <negcur>000000000000000000000000000</negcur>
    <cen>1</cen>
    <img/>
    <audio/>
  </objeto>
  <objeto>
    <ref>93</ref>
    <texto>las</texto>
    <hijos>a4,a3</hijos>
    <padre>88</padre>
    <siz>0</siz>
    <negcur>000</negcur>
    <cen>1</cen>
    <img/>
    <audio/>
  </objeto>
  <objeto>
    <ref>a3</ref>
    <texto>cualitativas</texto>
    <hijos>b3</hijos>
    <padre>93</padre>
    <siz>0</siz>
    <negcur>000000000000</negcur>
    <cen>1</cen>
    <img/>
    <audio/>
  </objeto>
  <objeto>
    <ref>a4</ref>
    <texto>cuantitativas</texto>
    <hijos>b4</hijos>
    <padre>93</padre>
    <siz>0</siz>
    <negcur>0000000000000</negcur>
    <cen>1</cen>
    <img/>
    <audio/>
  </objeto>
  <objeto>
    <ref>b3</ref>
    <texto>son  las que</texto>
    <hijos>cA</hijos>
    <padre>a3</padre>
    <siz>0</siz>
    <negcur>000000000000000</negcur>
    <cen>1</cen>
    <img/>
    <audio/>
  </objeto>
  <objeto>
    <ref>cA</ref>
    <texto>toman valores
numéricamente</texto>
    <hijos>d2</hijos>
    <padre>b3</padre>
    <siz>0</siz>
    <negcur>000000000000000000000000000000</negcur>
    <cen>1</cen>
    <img/>
    <audio/>
  </objeto>
  <objeto>
    <ref>d2</ref>
    <texto>ejemplos</texto>
    <hijos>e2</hijos>
    <padre>cA</padre>
    <siz>0</siz>
    <negcur>00000000</negcur>
    <cen>1</cen>
    <img/>
    <audio/>
  </objeto>
  <objeto>
    <ref>e2</ref>
    <texto>edad, altura,
numero hijos</texto>
    <hijos/>
    <padre>d2</padre>
    <siz>0</siz>
    <negcur>00000000000000000000000000000</negcur>
    <cen>1</cen>
    <img/>
    <audio/>
  </objeto>
  <objeto>
    <ref>b4</ref>
    <texto>son las que</texto>
    <hijos>cB</hijos>
    <padre>a4</padre>
    <siz>0</siz>
    <negcur>00000000000000</negcur>
    <cen>1</cen>
    <img/>
    <audio/>
  </objeto>
  <objeto>
    <ref>cB</ref>
    <texto>no toman valores 
numéricamente</texto>
    <hijos>d3</hijos>
    <padre>b4</padre>
    <siz>0</siz>
    <negcur>00000000000000000000000000000000</negcur>
    <cen>1</cen>
    <img/>
    <audio/>
  </objeto>
  <objeto>
    <ref>d3</ref>
    <texto>ejemplos</texto>
    <hijos>e3</hijos>
    <padre>cB</padre>
    <siz>0</siz>
    <negcur>00000000</negcur>
    <cen>1</cen>
    <img/>
    <audio/>
  </objeto>
  <objeto>
    <ref>e3</ref>
    <texto>nombre, religión,
sexo</texto>
    <hijos/>
    <padre>d3</padre>
    <siz>0</siz>
    <negcur>00000000000000000000000</negcur>
    <cen>1</cen>
    <img/>
    <audio/>
  </objeto>
  <objeto>
    <ref>94</ref>
    <texto>como</texto>
    <hijos>a5</hijos>
    <padre>89</padre>
    <siz>0</siz>
    <negcur>0000</negcur>
    <cen>1</cen>
    <img/>
    <audio/>
  </objeto>
  <objeto>
    <ref>a5</ref>
    <texto>edad, sexo, altura</texto>
    <hijos/>
    <padre>94</padre>
    <siz>0</siz>
    <negcur>00000000000000000000</negcur>
    <cen>1</cen>
    <img/>
    <audio/>
  </objeto>
</mapa>