<?xml version="1.0" encoding="iso-8859-1"?>
<metadata xmlns="urn:InfoRecurso">
  <identificador>RES-C54EE40BE7F848EAAE2AEAAA8B91C86C</identificador>
  <loid>MA_07_04_CO_Recurso060</loid>
  <titulo>Refuerza tu aprendizaje: las ecuaciones</titulo>
  <descripcion>Actividad sobre las ecuaciones.</descripcion>
  <relacionado>0</relacionado>
  <tiporecurso>Recurso sin ficha</tiporecurso>
  <tiempoestimado>30</tiempoestimado>
  <acciondidactica>Ejercitaci�n</acciondidactica>
  <competencia>Competencia matem�tica</competencia>
  <tipomedia pesado="false" matricula="">Actividad</tipomedia>
  <conceptos>
    <concepto>ecuaciones</concepto>
    <concepto>elementos</concepto>
    <concepto>grado</concepto>
    <concepto>primer</concepto>
  </conceptos>
</metadata>