<?xml version='1.0' encoding='UTF-8'?><motor tipo="102" clase="ab" aprid="m102ab">
  <plataforma>
    <grado><![CDATA[2]]></grado>
    <titulo>Competencias: los números decimales en contextos cotidianos</titulo>
    <volumen><![CDATA[1]]></volumen>
    <nivel>3</nivel>
    <referencia><![CDATA[EX_PLANTILLA_M102AB]]></referencia>
    <motor><![CDATA[M102ab]]></motor>
    <lang>es</lang>
  </plataforma>
  <enunciado><![CDATA[Lee con atención la información y desarrolla las actividades propuestas.]]></enunciado>
  <masinfo inicio="0"/>
  <textoupload/>
  <adjunto><![CDATA[Principal.html]]></adjunto>
  <url/>
  <amano><![CDATA[0]]></amano>
</motor>