<?xml version="1.0" encoding="iso-8859-1"?>
<metadata xmlns="urn:InfoRecurso">
  <identificador>RES-57183E2BE094413B831A1E7332BCEDEB</identificador>
  <loid>MA_09_10_CO_Recurso210</loid>
  <titulo>Calcula longitudes de segmentos tangentes y secantes</titulo>
  <descripcion>Actividad para determinar la medida de segmentos tangentes o secantes a una circunferencia</descripcion>
  <relacionado>0</relacionado>
  <tiporecurso>Recurso sin ficha</tiporecurso>
  <tiempoestimado>30</tiempoestimado>
  <acciondidactica>Ejercitaci�n</acciondidactica>
  <competencia>Competencia matem�tica</competencia>
  <tipomedia pesado="false" matricula="">Actividad</tipomedia>
  <conceptos>
    <concepto>circunferencia</concepto>
    <concepto>propiedades</concepto>
    <concepto>secantes</concepto>
    <concepto>segmentos</concepto>
    <concepto>tangentes</concepto>
  </conceptos>
  <autonomico>0</autonomico>
</metadata>