﻿<?xml version="1.0" encoding="utf-8"?><motor tipo="2" clase="b" aprid="m2b">
  <plataforma>
    <grado><![CDATA[1]]></grado>
    <titulo>Define las propiedades de la recta tangente</titulo>
    <area>0</area>
    <nivel>1</nivel>
    <referencia/>
    <idreg><![CDATA[0]]></idreg>
    <motor><![CDATA[M2B]]></motor>
    <lang>es</lang>
  </plataforma>
  <enunciado><![CDATA[Completa correctamente las propiedades de la recta tangente a una circunferencia. ]]></enunciado>
  <masinfo inicio="0"/>
  <calc><![CDATA[0]]></calc>
  <sonido/>
  <textoacategoria>
    <cuestion>
      <pregunta><![CDATA[- Si una recta es tangente a una circunferencia, entonces es [*] al radio en el punto de tangencia. - Si una recta es perpendicular a un radio y esta solo toca a la circunferencia en un punto, entonces es una recta [*]  a la circunferencia. - Los segmentos tangentes a una circunferencia trazados desde un punto externo común, son [*] entre sí, y forman ángulos congruentes con el segmento que une este punto y el [*] de la circunferencia. ]]></pregunta>
      <respuestas>
        <respuesta orden="1" correccionSinMayusculas="1" correccionSinPuntuacion="0" correccionSinPuntuacionFinal="0"><![CDATA[perpendicular]]></respuesta>
        <respuesta orden="2" correccionSinMayusculas="1" correccionSinPuntuacion="0" correccionSinPuntuacionFinal="0"><![CDATA[tangente]]></respuesta>
        <respuesta orden="3" correccionSinMayusculas="1" correccionSinPuntuacion="0" correccionSinPuntuacionFinal="0"><![CDATA[congruentes]]></respuesta>
        <respuesta orden="4" correccionSinMayusculas="1" correccionSinPuntuacion="0" correccionSinPuntuacionFinal="0"><![CDATA[centro]]></respuesta>
      </respuestas>
    </cuestion>
  </textoacategoria>
  <textofalso cantidad="0"/>
</motor>