<?xml version="1.0" encoding="iso-8859-1"?>
<metadata xmlns="urn:InfoRecurso">
  <identificador>RES-C42354A0E6B74F938286CC00C19B6C44</identificador>
  <loid>MA_09_10_CO_Recurso030</loid>
  <titulo>Define las propiedades de la recta tangente</titulo>
  <descripcion>Actividad para enunciar el teorema del radio y la tangente de una circunferencia</descripcion>
  <relacionado>0</relacionado>
  <tiporecurso>Recurso sin ficha</tiporecurso>
  <tiempoestimado>10</tiempoestimado>
  <acciondidactica>Ejercitaci�n</acciondidactica>
  <competencia>Competencia matem�tica</competencia>
  <tipomedia pesado="false" matricula="">Actividad</tipomedia>
  <conceptos>
    <concepto>circunferencia</concepto>
    <concepto>radio</concepto>
    <concepto>recta tangente</concepto>
    <concepto>tangente</concepto>
  </conceptos>
  <autonomico>0</autonomico>
</metadata>