<?xml version="1.0" encoding="iso-8859-1"?>
<metadata xmlns="urn:InfoRecurso">
  <identificador>RES-D41B0E482C864E80AFEDF381838F299C</identificador>
  <loid>MA_08_11_CO_Recurso250</loid>
  <titulo>Competencias: interpretaci�n de los datos de pictogramas</titulo>
  <descripcion>Actividad que propone el desarrollo de las destrezas para interpretar los datos de los pictogramas</descripcion>
  <relacionado>0</relacionado>
  <tiporecurso>Recurso sin ficha</tiporecurso>
  <tiempoestimado>60</tiempoestimado>
  <acciondidactica>Proyecto</acciondidactica>
  <competencia>
  </competencia>
  <tipomedia pesado="false" matricula="">Actividad</tipomedia>
  <conceptos>
    <concepto>datos</concepto>
    <concepto>estad�stica</concepto>
    <concepto>frecuencia relatica</concepto>
    <concepto>pictograma</concepto>
    <concepto>porcentaje</concepto>
  </conceptos>
  <autonomico>0</autonomico>
</metadata>