﻿<?xml version="1.0" encoding="utf-8"?><motor tipo="10" clase="a" aprid="m10a">
  <plataforma>
    <grado><![CDATA[1]]></grado>
    <titulo>Clasifica variables</titulo>
    <area>0</area>
    <nivel>2</nivel>
    <referencia/>
    <idreg><![CDATA[0]]></idreg>
    <motor><![CDATA[M10A]]></motor>
    <lang>es</lang>
  </plataforma>
  <enunciado><![CDATA[Identifica si las variables que se presentan en la parte inferior son cualitativas o cuantitativas y ubícalas en el bloque correspondiente.]]></enunciado>
  <masinfo inicio="0"/>
  <sinaleatoriedad><![CDATA[0]]></sinaleatoriedad>
  <calc><![CDATA[0]]></calc>
  <textoacategoria cantidad="2">
    <cuestion>
      <categoria><![CDATA[Cuantitativa]]></categoria>
      <respuestas>
        <respuesta id="1"><![CDATA[Estrato económico ]]></respuesta>
        <respuesta id="2"><![CDATA[Área de los salones]]></respuesta>
        <respuesta id="3"><![CDATA[Edad estudiantes]]></respuesta>
        <respuesta id="4"><![CDATA[Estatura estudiantes]]></respuesta>
      </respuestas>
      <sonido/>
    </cuestion>
    <cuestion>
      <categoria><![CDATA[Cualitativa]]></categoria>
      <respuestas>
        <respuesta id="1"><![CDATA[Color de auto]]></respuesta>
        <respuesta id="2"><![CDATA[Deportes practicados]]></respuesta>
        <respuesta id="3"><![CDATA[Calidad de servicio]]></respuesta>
        <respuesta id="4"><![CDATA[Gusto musical]]></respuesta>
      </respuestas>
      <sonido/>
    </cuestion>
  </textoacategoria>
</motor>