﻿<?xml version="1.0" encoding="utf-8"?><engine copy="Editorial Planeta" version="1" aprid="f13" title="Introducción a la estadística" >
<section title="Introducción" path="section0.jpg" pathAmp="" image1Text="" zoom1="false" zoom2a="false" zoom2b="false" layout="1" >
<![CDATA[
<p>&quot;Calcul&eacute; que si recogiera toda la comida despilfarrada en Gran Breta&ntilde;a en un solo d&iacute;a, podr&iacute;a ofrecer una comida a 60 millones de personas.&quot; <span style="font-size:15px">Tristram Stuart, <em>Despilfarro.</em> <em>El esc&aacute;ndalo global de la comida</em> (2011) (fragmento).</span></p>

<p>Con respecto a esta situaci&oacute;n:</p>

<p style="margin-left:40px">a) Determina cu&aacute;l es la <strong>poblaci&oacute;n</strong>, colectivo o universo del que se est&aacute; hablando.</p>

<p style="margin-left:40px">b) Si se desea tomar una <strong>muestra</strong> de la poblaci&oacute;n, &iquest;cu&aacute;l podr&iacute;a ser?</p>

<p style="margin-left:40px">c) &iquest;Determinar la cantidad de comida despilfarrada en un d&iacute;a es una variable cualitativa o cuantitativa? Justifica tu respuesta.</p>

<p>Muchas veces o&iacute;mos hablar de las encuestas y las estad&iacute;sticas. Tienen una importancia creciente en nuestra sociedad y constantemente aparecen en los medios de comunicaci&oacute;n o en estudios de opini&oacute;n entre otros.</p>

<p>Utilizamos la estad&iacute;stica tambi&eacute;n para comparar situaciones entre personas, colectivos o pa&iacute;ses entre otras muchas situaciones de nuestro d&iacute;a a d&iacute;a pero, &iquest;entiendes realmente su significado?</p>
]]></section>
<section title="Aplica" path="section1.jpg" pathAmp="" image1Text="" zoom1="false" zoom2a="false" zoom2b="false" layout="1" >
<![CDATA[<p>Te proponemos que veas c&oacute;mo la estad&iacute;stica nos sirve para explicar la realidad social.</p>

<p>Son 2 enlaces llenos de cifras, porcentajes y datos que tratan sobre el hambre y el despilfarro de comida a nivel mundial.</p>

<p>&iquest;Sabr&aacute;s utilizarlos para averiguar aquello que pueda interesarte?</p>

<p><a href="http://www.lasexta.com/programas/salvados/noticias/comida-que-tira-europa-eeuu-puede-alimentar-todo-planeta_2012120900094.html" target="_blank">El despilfarro de comida</a></p>

<p style="margin-left:40px">a) Nombra 3 variables cuantitativas que aparezcan en el art&iacute;culo.</p>

<p style="margin-left:40px">b) Mediante un diagrama de sectores, representa c&oacute;mo se distribuye el desperdicio alimentario.</p>

<p style="margin-left:40px">c) &iquest;Qu&eacute; soluciones propone el video para evitar el despilfarro?</p>

<p><a href="http://www.20minutos.es/noticia/2245033/0/dia-mundial-alimentacion/despilfarro/pobreza/" target="_blank">M&aacute;s datos sobre el despilfarro de comida</a></p>

<p style="margin-left:40px">a) Si la producci&oacute;n mundial de comida es de 4000 millones de toneladas al a&ntilde;o, &iquest;qu&eacute; porcentaje de la producci&oacute;n mundial de comida se tira?</p>

<p style="margin-left:40px">b) Si la poblaci&oacute;n mundial es de 7000 millones de personas, &iquest;qu&eacute; porcentaje de la poblaci&oacute;n mundial pasa hambre?</p>

<p style="margin-left:40px">c) &iquest;Qu&eacute; pa&iacute;s europeo desperdicia m&aacute;s comida? &iquest;Cu&aacute;ntos kg por persona se desperdician?</p>
]]></section>
</engine>