﻿<?xml version="1.0" encoding="utf-8"?><motor tipo="9" clase="b" aprid="m9b"><plataforma><grado><![CDATA[2]]></grado><titulo>Completa tablas de frecuencia</titulo><area>0</area><nivel>2</nivel><referencia /><idreg><![CDATA[0]]></idreg><motor><![CDATA[M9B]]></motor><lang>es</lang></plataforma><enunciado><![CDATA[Organiza los valores de la derecha, de manera que coincidan con los valores correspondientes en lugar de los números que aparecen en rojo en la tabla de frecuencia. ]]></enunciado><masinfo inicio="0" /><calc><![CDATA[0]]></calc><imagen><![CDATA[MA_08_11_CO_REC50_IMG01n.png]]></imagen><ampliacion><![CDATA[MA_08_11_CO_REC50_IMG01a.png]]></ampliacion><sonido /><textoatexto cantidad="6"><cuestion><pregunta>1</pregunta><respuesta><![CDATA[20]]></respuesta></cuestion><cuestion><pregunta>2</pregunta><respuesta><![CDATA[0,22]]></respuesta></cuestion><cuestion><pregunta>3</pregunta><respuesta><![CDATA[10]]></respuesta></cuestion><cuestion><pregunta>4</pregunta><respuesta><![CDATA[0,06]]></respuesta></cuestion><cuestion><pregunta>5</pregunta><respuesta><![CDATA[1]]></respuesta></cuestion><cuestion><pregunta>6</pregunta><respuesta><![CDATA[48]]></respuesta></cuestion></textoatexto></motor>