﻿<?xml version="1.0" encoding="utf-8"?><motor tipo="1" clase="b" aprid="m1b">
  <plataforma>
    <grado><![CDATA[2]]></grado>
    <titulo>Determina el rango de un conjunto de datos</titulo>
    <area>0</area>
    <nivel>2</nivel>
    <referencia/>
    <idreg><![CDATA[0]]></idreg>
    <motor><![CDATA[M1B]]></motor>
    <lang>es</lang>
  </plataforma>
  <enunciado><![CDATA[Observa los siguientes conjuntos de datos y asocia el rango correspondiente para cada uno de ellos. ]]></enunciado>
  <masinfo inicio="0"/>
  <sinaleatoriedad><![CDATA[0]]></sinaleatoriedad>
  <calc><![CDATA[0]]></calc>
  <textoatexto cantidad="5">
    <cuestion>
      <pregunta><![CDATA[3, 8, 12, 7, 16, 15, 9]]></pregunta>
      <respuesta><![CDATA[Rango = 13]]></respuesta>
    </cuestion>
    <cuestion>
      <pregunta><![CDATA[19, 21, 20, 17, 13, 10]]></pregunta>
      <respuesta><![CDATA[Rango = 11]]></respuesta>
    </cuestion>
    <cuestion>
      <pregunta><![CDATA[ 20, 15, 19, 30, 11, 16, 18]]></pregunta>
      <respuesta><![CDATA[Rango = 19]]></respuesta>
    </cuestion>
    <cuestion>
      <pregunta><![CDATA[33, 16, 23, 15, 18, 21, 23]]></pregunta>
      <respuesta><![CDATA[Rango = 18]]></respuesta>
    </cuestion>
    <cuestion>
      <pregunta><![CDATA[26, 38, 29, 32, 40, 35]]></pregunta>
      <respuesta><![CDATA[Rango = 14]]></respuesta>
    </cuestion>
  </textoatexto>
  <textofalso cantidad="0"/>
  <temps>15</temps>
</motor>