﻿<?xml version="1.0" encoding="utf-8"?>
<engine copy="Editorial Planeta" version="1" aprid="f13" title="Literatura y proposiciones">
  <section title="Lee el fragmento" path="MA_06_01_CO_REC100_IMG01Bn.jpg" pathAmp="MA_06_01_CO_REC100_IMG01Ba.jpg" image1Text="" zoom1="true" zoom2a="false" zoom2b="false" layout="0"><![CDATA[<p><span style="font-size:18px"><span style="font-family:verdana,geneva,sans-serif">La l&oacute;gica y el uso de proposiciones puede sernos &uacute;til en diferentes &aacute;reas m&aacute;s all&aacute; de las matem&aacute;ticas. En el siguiente texto identificar&aacute;s c&oacute;mo sucede esto.</span></span></p>

<p><span style="font-size:18px"><span style="font-family:verdana,geneva,sans-serif">&quot;Pero &iquest;por qu&eacute; iba a querer nadie discutir con ella en plena noche? - pregunt&oacute; Robin&nbsp;confirmando inconcientemente su estatus de miembro de la poblaci&oacute;n civ&iacute;l-. Nunca se dijo nada de que ella no se llevara bien con los vecinos, &iquest;no? y desde luego, Tamsy Bestigui no pudo haberlo hecho, &iquest;no es as&iacute;? &iquest;Por qu&eacute; iba a bajar corriendo para decirle al guardia de seguridad que acababa de empujar a Lula por el balc&oacute;n?</span></span></p>

<p><span style="font-size:18px"><span style="font-family:verdana,geneva,sans-serif">Strike no respondi&oacute; inmediatamente. Parec&iacute;a estar siguiendo sus propios pensamientos y contest&oacute; un momento despu&eacute;s: -Bristow se obsesion&oacute; con el cuarto de hora siguiente a que su hermana entrar&aacute;, despu&eacute;s de que los </span></span>fotografos se hubieran ido y el guardia de seguridad hubiera abandonado la caseta porque estaba indispuesto. Eso significa que el vest&iacute;bulo fue transitable durante un breve espacio de tiempo, pero &iquest;c&oacute;mo iba a saber nadie que no estuviera fuera del edificio que Wilson no estaba en su puesto? La puerta de la calle no es de cristal.</p>

<p>-Adem&aacute;s - intervino Robin inteligentemente-, tendr&iacute;an que haber sabido el c&oacute;digo para abrir la puerta.&quot;</p>

<p style="text-align:right"><em>Tomado de &quot;El canto del Cuco de Robert Galbraith&quot;</em></p>
]]></section>
  <section title="Analizando la lectura" path="MA_06_01_CO_REC100_IMG01n.jpg" pathAmp="" image1Text="" zoom1="false" zoom2a="false" zoom2b="false" layout="0"><![CDATA[<p><span style="font-size:18px"><span style="font-family:verdana,geneva,sans-serif">A continuaci&oacute;n se presentar&aacute; un an&aacute;lisis del texto desde la mirada de las proposiciones.</span></span></p>

<ul>
	<li><span style="font-size:18px"><span style="font-family:verdana,geneva,sans-serif">Al ver la oraci&oacute;n:&nbsp;<span style="color:#008000">Nunca se dijo nada de que ella no se llevara bien con los vecinos ...&nbsp;y desde luego, Tamsy Bestigui no pudo haberlo hecho,</span>&nbsp;se puede identificar&nbsp;una negaci&oacute;n al inicio; en&nbsp;seguida&nbsp;una conjunci&oacute;n que conecta otra oraci&oacute;n cuyo valor parece ser verdadero.</span></span></li>
</ul>

<ul>
	<li><span style="font-size:18px"><span style="font-family:verdana,geneva,sans-serif">Al analizar&nbsp;el fragmento: <span style="color:#008000">Eso significa que el vest&iacute;bulo fue transitable durante un breve espacio de tiempo</span>,&nbsp;se puede ver que las primeras palabras indican una implicaci&oacute;n (sin que tenga que estar la palabra entonces).</span></span></li>
</ul>

<ul>
	<li><span style="font-size:18px"><span style="font-family:verdana,geneva,sans-serif">De la misma manera en el fragmento:<span style="color:#008000"> -Adem&aacute;s - intervino Robin inteligentemente-, tendr&iacute;an que haber sabido el c&oacute;digo para abrir la puerta.</span>&quot; la palabra <em>adem&aacute;s</em> est&aacute;&nbsp;indicando una conjunci&oacute;n y una condici&oacute;n que debe cumplirse para que la afirmaci&oacute;n sea verdadera.</span></span></li>
</ul>
]]></section>
  <section title="Oración, proposición" path="MA_06_01_CO_REC100_IMG03a.jpg" pathAmp="MA_06_01_CO_REC100_IMG03a.jpg" image1Text="" zoom1="true" zoom2a="false" zoom2b="false" layout="0"><![CDATA[<p><span style="font-size:18px"><span style="font-family:verdana,geneva,sans-serif">Como se puede ver en el fragmento anterior, cuando se escribe un texto se usan oraciones que no siempre tienen la intenci&oacute;n de ser proposiciones.</span></span></p>

<p><span style="font-size:18px"><span style="font-family:verdana,geneva,sans-serif">Con las oraciones se puede afirmar, negar, interrogar, ordenar, entre otras cosas;&nbsp;pero cuando se habla de proposiciones la idea es mostrar argumentos l&oacute;gicos que pueden ser verdaderos o falsos (pero nunca ambos).</span></span></p>

<p><span style="font-size:18px"><span style="font-family:verdana,geneva,sans-serif">Ambas estructuras (proposici&oacute;n y oraci&oacute;n) tienen sentido completo, pero las oraciones no tienen que expresar necesariamente un valor de verdad, a&uacute;n cuando sean enunciativas.</span></span></p>

<p>&nbsp;</p>
]]></section>
  <section title="Un ejercicio..." path="MA_06_01_CO_REC100_IMG04n.jpg" pathAmp="" image1Text="" zoom1="false" zoom2a="false" zoom2b="false" layout="0"><![CDATA[<p><span style="font-size:18px"><span style="font-family:verdana,geneva,sans-serif">Tu tarea consiste en buscar un art&iacute;culo de revista, peri&oacute;dico&nbsp;o un&nbsp;fragmento de un libro e identificar en este las proposiciones.</span></span></p>

<p><span style="font-size:18px"><span style="font-family:verdana,geneva,sans-serif">Si aparecen proposiciones compuestas deber&aacute;s mencionar qu&eacute;&nbsp;conector l&oacute;gico se est&aacute; usando (recuerda que no siempre est&aacute;n&nbsp;expl&iacute;citos los conectores).</span></span></p>
]]></section>
  <section title="Ejemplos" path="MA_06_01_CO_REC100_IMG06n.jpg" pathAmp="" image1Text="" zoom1="false" zoom2a="false" zoom2b="false" layout="1"><![CDATA[<p><span style="font-size:18px"><span style="font-family:verdana,geneva,sans-serif">En general el sentido l&oacute;gico de una oraci&oacute;n es expresado con proposiciones.</span></span></p>

<p><span style="font-size:18px"><span style="font-family:verdana,geneva,sans-serif">As&iacute; por ejemplo para indicar que &quot;Cartagena es una ciudad de clima c&aacute;lido&quot; (proposici&oacute;n), se puede utilizar todas estas oraciones:</span></span></p>

<ul>
	<li><span style="font-size:18px"><span style="font-family:verdana,geneva,sans-serif">El clima en cartagena es c&aacute;lido.</span></span></li>
	<li><span style="font-size:18px"><span style="font-family:verdana,geneva,sans-serif">Cartagena tiene una temperatura superior a 30 &deg;C.</span></span></li>
	<li><span style="font-size:18px"><span style="font-family:verdana,geneva,sans-serif">En Cartagena hace calor.</span></span></li>
</ul>

<p><span style="font-size:18px"><span style="font-family:verdana,geneva,sans-serif">Todas las oraciones son distintas;&nbsp;sin embargo, su sentido l&oacute;gico es el mismo y tambi&eacute;n lo es su valor de verdad.</span></span></p>

<p><span style="font-size:18px"><span style="font-family:verdana,geneva,sans-serif">En la oraci&oacute;n: &quot;Juan estaba muy confundido y sin embargo hizo sus deberes, es un buen chico&quot; se pueden identificar tres proposiciones simples y adem&aacute;s dos conectores l&oacute;gicos.</span></span></p>

<p>&nbsp;</p>
]]></section>
  <section title="Usos de la lógica" path="MA_06_01_CO_REC100_IMG07n.jpg" pathAmp="" image1Text="" zoom1="false" zoom2a="false" zoom2b="false" layout="0"><![CDATA[<p><span style="font-size:18px"><span style="font-family:verdana,geneva,sans-serif">En el fragmento inicial se mostr&oacute; como la literatura y la l&oacute;gica est&aacute;n relacionadas. A partir de esto es posible afirmar que todos los textos comunican algo y generan un contexto para referenciar el valor de verdad de sus afirmaciones.</span></span></p>

<p><span style="font-size:18px"><span style="font-family:verdana,geneva,sans-serif">En ocasiones existen argumentos que parecen verdaderos, pero al analizar las proposiciones que los conforman&nbsp;son falsos, por ejemplo:</span></span></p>

<p><span style="font-size:18px"><span style="font-family:verdana,geneva,sans-serif"><span style="color:#008080">-D&iacute;gale que no hay nadie en casa</span></span></span></p>

<p><span style="font-size:18px"><span style="font-family:verdana,geneva,sans-serif">Es un argumento compuesto por una proposicion compuesta con una negaci&oacute;n, Se est&aacute; negando que haya nadie en casa, por lo tanto se afirma que hay alguien all&iacute;.</span></span></p>

<p><span style="font-size:18px"><span style="font-family:verdana,geneva,sans-serif">Para finalizar responde las siguientes preguntas:</span></span></p>

<ul>
	<li><span style="font-size:18px"><span style="font-family:verdana,geneva,sans-serif">&iquest;Qu&eacute; otros usos encuentras para la l&oacute;gica?</span></span></li>
	<li><span style="font-size:18px"><span style="font-family:verdana,geneva,sans-serif">&iquest;En qu&eacute; contextos cotidianos se usa la l&oacute;gica?</span></span></li>
</ul>
]]></section>
</engine>