﻿<?xml version="1.0" encoding="utf-8"?><motor tipo="3" clase="a" aprid="m3a">
  <plataforma>
    <grado><![CDATA[2]]></grado>
    <titulo>Identifica tipos de ángulos ubicados en posición canónica</titulo>
    <area>0</area>
    <nivel>2</nivel>
    <referencia/>
    <idreg><![CDATA[0]]></idreg>
    <motor><![CDATA[M3A]]></motor>
    <lang>es</lang>
  </plataforma>
  <enunciado><![CDATA[Reponde las siguientes preguntas sobre los tipos de ángulos ubicados en posición canónica]]></enunciado>
  <masinfo inicio="0"/>
  <sinaleatoriedad><![CDATA[0]]></sinaleatoriedad>
  <calc><![CDATA[0]]></calc>
  <sonidoaimagen cantidad="6">
    <cuestion>
      <imagen etiqueta="1"><![CDATA[MA_10_02_CO_REC20_IMG01.png]]></imagen>
      <respuestas>
        <respuesta etiqueta="Positivo"/>
      </respuestas>
    </cuestion>
    <cuestion>
      <imagen etiqueta="2"><![CDATA[MA_10_02_CO_REC20_IMG02.png]]></imagen>
      <respuestas>
        <respuesta etiqueta="Obtuso"/>
      </respuestas>
    </cuestion>
    <cuestion>
      <imagen etiqueta="3"><![CDATA[MA_10_02_CO_REC20_IMG03.png]]></imagen>
      <respuestas>
        <respuesta etiqueta="Coterminales"/>
      </respuestas>
    </cuestion>
    <cuestion>
      <imagen etiqueta="4"><![CDATA[MA_10_02_CO_REC20_IMG04.png]]></imagen>
      <respuestas>
        <respuesta etiqueta="Agúdo"/>
      </respuestas>
    </cuestion>
    <cuestion>
      <imagen etiqueta="5"><![CDATA[MA_10_02_CO_REC20_IMG05.png]]></imagen>
      <respuestas>
        <respuesta etiqueta="Negativo"/>
      </respuestas>
    </cuestion>
    <cuestion>
      <imagen etiqueta="6"><![CDATA[MA_10_02_CO_REC20_IMG06.png]]></imagen>
      <respuestas>
        <respuesta etiqueta="Recto"/>
      </respuestas>
    </cuestion>
  </sonidoaimagen>
</motor>