﻿<?xml version="1.0" encoding="UTF-8"?><motor tipo="102" clase="ab" aprid="m102ab">
  <plataforma>
    <grado><![CDATA[1]]></grado>
    <titulo>Tomar decisiones</titulo>
    <volumen><![CDATA[1]]></volumen>
    <nivel><![CDATA[2]]></nivel>
    <referencia><![CDATA[EX_PLANTILLA_M102AB]]></referencia>
    <motor><![CDATA[M102ab]]></motor>
    <lang>es</lang>
  </plataforma>
  <enunciado><![CDATA[Lee el documento "Toma de decisiones". Realiza un diagrama en que expliques con tus propias palabras el proceso de toma de decisiones. Contesta: ¿Qué harás al terminar la secundaria? Explica tu respuesta mostrando cada paso que diste para tomar esta decisión.]]></enunciado>
  <masinfo inicio="1"/>
  <textoupload/>
  <adjunto><![CDATA[toma_de_decisiones.pdf]]></adjunto>
  <url/>
  <amano><![CDATA[0]]></amano>
</motor>