﻿<?xml version="1.0" encoding="UTF-8"?><motor tipo="101" clase="ap" aprid="M101ap"><plataforma><grado><![CDATA[2]]></grado><titulo>Banco de actividades: Cuerpos geométricos de revolución</titulo><area>3</area><nivel>2</nivel><referencia><![CDATA[MT_08_10]]></referencia><idreg><![CDATA[4751]]></idreg><motor><![CDATA[M101AP]]></motor><lang>es</lang></plataforma><enunciado><![CDATA[Realiza la siguiente actividad. Cuando termines haz clic en Enviar. Si es necesario, entrega las respuestas en mano o por email a tu profesor para que pueda validarlas.]]></enunciado><masinfo inicio="0" /><calc>1</calc><preguntas cantidad="19"><pregunta><enunciado><![CDATA[Enumera tres cuerpos de revolución que tengas en tu habitación. ]]></enunciado><explicacion /><nivel><![CDATA[1]]></nivel><tipo /><imagen /><ampliacion /></pregunta><pregunta><enunciado><![CDATA[Elige un cuerpo de revolución y describe el proceso de generación. ]]></enunciado><explicacion /><nivel><![CDATA[2]]></nivel><tipo /><imagen /><ampliacion /></pregunta><pregunta><enunciado><![CDATA[Lee y resuelve: un obrero pulimenta una columna cilíndrica de mármol de 0,5 m de radio y 4,25 m de altura. ¿Cuánto cobrará por su trabajo, si lo ejecuta a 3 € el metro cuadrado? Indica las operaciones realizadas para obtener el resultado. ]]></enunciado><explicacion><![CDATA[SOLUCIÓN: 40€ aproximadamente.]]></explicacion><nivel><![CDATA[3]]></nivel><tipo /><imagen /><ampliacion /></pregunta><pregunta><enunciado><![CDATA[Lee y resuelve: el tubo de una estufa mide 14 cm de diámetro y 1,50 m de largo. Calcula la superficie de chapa necesaria para fabricarlo. ]]></enunciado><explicacion><![CDATA[SOLUCIÓN: 65,97 dm{{sup}}2{{normal}} aproximadamente.]]></explicacion><nivel><![CDATA[3]]></nivel><tipo /><imagen /><ampliacion /></pregunta><pregunta><enunciado><![CDATA[Lee y resuelve: un circo de ferias se compone de un cilindro de 12 m de radio y 3,25 m de alto, rematado por un cono de 13 m de generatriz. Determina la cantidad de lona necesaria para montarlo. Describe el procedimiento que has empleado para calcularlo. ]]></enunciado><explicacion><![CDATA[SOLUCIÓN: 735,14 m{{sup}}2{{normal}} aproximadamente.]]></explicacion><nivel><![CDATA[3]]></nivel><tipo /><imagen /><ampliacion /></pregunta><pregunta><enunciado><![CDATA[Lee y resuelve: en una piscina rectangular de 3,15 m de largo y 2,10 m de ancho y 1,90 m de profundidad está llena de agua, se sumerge una bola de 0,70 m de diámetro. Determina cuantos litros de agua se derramarán y cuantos kilolitros de agua quedarán en la piscina. Explica el procedimiento paso a paso. ]]></enunciado><explicacion><![CDATA[SOLUCIÓN: Se derramarán unos 180 l. En la piscina quedarán unos 12.388,5 l.]]></explicacion><nivel><![CDATA[3]]></nivel><tipo /><imagen /><ampliacion /></pregunta><pregunta><enunciado><![CDATA[Compara los prismas y las pirámides con los cilindros y los conos y apunta tus conclusiones. ]]></enunciado><explicacion /><nivel><![CDATA[2]]></nivel><tipo /><imagen /><ampliacion /></pregunta><pregunta><enunciado><![CDATA[Describe el desarrollo plano de un cilindro y dibújalo en una hoja aparte. ]]></enunciado><explicacion /><nivel><![CDATA[1]]></nivel><tipo /><imagen /><ampliacion /></pregunta><pregunta><enunciado><![CDATA[Halla el diámetro interior de una vasija cilíndrica que mide 20 cm de altura en la que caben 2 l de agua. Explica el procedimiento paso a paso.]]></enunciado><explicacion><![CDATA[SOLUCIÓN: El diámetro mide unos 11,28 cm.]]></explicacion><nivel><![CDATA[3]]></nivel><tipo /><imagen /><ampliacion /></pregunta><pregunta><enunciado><![CDATA[Calcula el diámetro de un depósito cilíndrico de 4,25 m de altura lleno hasta la mitad de gasolina si su precio es de 47,31 € y el precio de 1 l de gasolina es 1,4 €. Razona la respuesta.

]]></enunciado><explicacion><![CDATA[SOLUCIÓN: 13,9 cm]]></explicacion><nivel><![CDATA[3]]></nivel><tipo /><imagen /><ampliacion /></pregunta><pregunta><enunciado><![CDATA[Describe el desarrollo plano de un cono.]]></enunciado><explicacion /><nivel><![CDATA[1]]></nivel><tipo /><imagen /><ampliacion /></pregunta><pregunta><enunciado><![CDATA[Determina la cantidad de lona necesaria para fabricar una tienda cónica de 4 m de diámetro y 3,40 m de altura. ¿Y si cambias el diámetro por el que tú quieras? Escoge un diámetro y vuélvelo a hacer.]]></enunciado><explicacion><![CDATA[SOLUCIÓN: 24,78 m]]></explicacion><nivel><![CDATA[2]]></nivel><tipo /><imagen /><ampliacion /></pregunta><pregunta><enunciado><![CDATA[Lee y resuelve: la boca de un embudo cónico mide 1,8 dm de radio.
a) Calcula el área del embudo si tiene 24 cm de profundidad.
b) Repite el cálculo para 12 cm de profundidad.

]]></enunciado><explicacion><![CDATA[SOLUCIÓN: a) 1.696,5 cm{{sup}}2{{normal}}     b) 1.223,33 cm{{sup}}2{{normal}}]]></explicacion><nivel><![CDATA[2]]></nivel><tipo /><imagen /><ampliacion /></pregunta><pregunta><enunciado><![CDATA[Calcula el precio de dorar una esfera de cobre de 0,15 m de radio, si cada decímetro cuadrado cuesta 6,5 €. Razona la respuesta.

]]></enunciado><explicacion><![CDATA[SOLUCIÓN: 182 €]]></explicacion><nivel><![CDATA[2]]></nivel><tipo /><imagen /><ampliacion /></pregunta><pregunta><enunciado><![CDATA[Calcula la cantidad mínima de papel necesaria para cubrir una bola de 1,25 m de radio. Describe el procedimiento utilizado.

]]></enunciado><explicacion><![CDATA[SOLUCIÓN: 20 m2 aproximadamente.]]></explicacion><nivel><![CDATA[3]]></nivel><tipo /><imagen /><ampliacion /></pregunta><pregunta><enunciado><![CDATA[Consigue una lata de refresco y calcula la cantidad de material que se necesita para fabricarla. Razona el proceso seguido.]]></enunciado><explicacion /><nivel><![CDATA[3]]></nivel><tipo /><imagen /><ampliacion /></pregunta><pregunta><enunciado><![CDATA[Lee y resuelve: hemos usado 173,45 m{{sup}}2{{normal}} de chapa para construir un cilindro de 2 m de radio y 9 m de altura rematado por un cono. Calcula la generatriz del cono. Explica el procedimiento paso a paso.

]]></enunciado><explicacion><![CDATA[SOLUCIÓN: La generatriz mide 9,6 m.]]></explicacion><nivel><![CDATA[3]]></nivel><tipo /><imagen /><ampliacion /></pregunta><pregunta><enunciado><![CDATA[Calcula el área de una esfera de 2 cm de radio. Explica el procedimiento paso a paso.]]></enunciado><explicacion><![CDATA[SOLUCIÓN: 33,51 cm{{sup}}2{{normal}}]]></explicacion><nivel><![CDATA[1]]></nivel><tipo /><imagen /><ampliacion /></pregunta><pregunta><enunciado><![CDATA[Calcula el cantidad de material necesaria para construir un cono cuya circunferencia de la base mida 70 cm y su generatriz tenga una longitud de 1,80 m. Razona el procedimiento usado.

]]></enunciado><explicacion><![CDATA[SOLUCIÓN: 3,96 m{{sup}}2{{normal}}]]></explicacion><nivel><![CDATA[2]]></nivel><tipo /><imagen /><ampliacion /></pregunta></preguntas></motor>