﻿<?xml version="1.0" encoding="UTF-8"?><motor tipo="101" clase="a" aprid="M101a"><plataforma><grado><![CDATA[2]]></grado><titulo>Refuerza tu aprendizaje: El cono</titulo><area>3</area><nivel>2</nivel><referencia><![CDATA[MT_08_10]]></referencia><idreg><![CDATA[4751]]></idreg><motor><![CDATA[M101A]]></motor><lang>es</lang></plataforma><enunciado><![CDATA[Realiza la siguiente actividad. Cuando termines haz clic en Enviar. Si es necesario, entrega las respuestas en mano o por email a tu profesor para que pueda validarlas.]]></enunciado><masinfo inicio="0" /><calc>1</calc><preguntas cantidad="3"><pregunta><enunciado><![CDATA[Describe el desarrollo plano de un cono.]]></enunciado><explicacion /><nivel><![CDATA[1]]></nivel><tipo /><imagen /><ampliacion /></pregunta><pregunta><enunciado><![CDATA[Determina la cantidad de lona necesaria para fabricar una tienda cónica de 4 m de diámetro y 3,40 m de altura. ¿Y si cambias el diámetro por el que tú quieras? Escoge un diámetro y vuélvelo a hacer.]]></enunciado><explicacion><![CDATA[SOLUCIÓN: 24,78 m]]></explicacion><nivel><![CDATA[2]]></nivel><tipo /><imagen /><ampliacion /></pregunta><pregunta><enunciado><![CDATA[Lee y resuelve: la boca de un embudo cónico mide 1,8 dm de radio.
a) Calcula el área del embudo si tiene 24 cm de profundidad.
b) Repite el cálculo para 12 cm de profundidad.

]]></enunciado><explicacion><![CDATA[SOLUCIÓN: a) 1.696,5 cm{{sup}}2{{normal}}     b) 1.223,33 cm{{sup}}2{{normal}}]]></explicacion><nivel><![CDATA[2]]></nivel><tipo /><imagen /><ampliacion /></pregunta></preguntas></motor>