﻿<?xml version="1.0" encoding="UTF-8"?><motor tipo="2" clase="a" aprid="M2a"><enunciado>Completa el siguiente texto con las opciones que se presentan.</enunciado><textoacategoria><cuestion><pregunta>Los cuerpos de revolución son cuerpos [*] que han sido generados a partir de un [*] alrededor del [*] de una figura plana. La línea exterior de esta figura plana, cuyo giro genera la superficie del cuerpo de revolución, recibe el nombre de [*].
El [*] se obtiene por el giro de un [*] en torno a un eje, y con su desarrollo se obtienen las siguientes figuras planas: 2 [*] y 1 rectángulo.
El [*] se obtiene por el giro de 1 [*] en torno a un eje y su desarrollo da 1 [*] y 1 sector circular.</pregunta><respuestas><respuesta orden="1">tridimensionales</respuesta><respuesta orden="2">giro</respuesta><respuesta orden="3">eje</respuesta><respuesta orden="4">generatriz</respuesta><respuesta orden="5">cilindro</respuesta><respuesta orden="6">rectángulo</respuesta><respuesta orden="7">círculos</respuesta><respuesta orden="8">cono</respuesta><respuesta orden="9">triángulo rectángulo</respuesta><respuesta orden="10">círculo</respuesta></respuestas></cuestion></textoacategoria><plataforma><grado><![CDATA[2]]></grado><titulo>Completa un texto sobre cuerpos geométricos de revolución</titulo><volumen><![CDATA[3]]></volumen><nivel><![CDATA[1]]></nivel><referencia><![CDATA[mt_08_10_11]]></referencia><id_reg><![CDATA[206]]></id_reg><motor><![CDATA[M2a]]></motor><lang>es</lang></plataforma></motor>