﻿<?xml version="1.0" encoding="UTF-8"?><motor tipo="3" clase="a" aprid="M3a"><enunciado>Relaciona las figuras planas con el objeto y con el cuerpo de revolución que generan al girar en torno al eje.</enunciado><sonidoaimagen cantidad="6"><cuestion><imagen etiqueta="1"><![CDATA[mt_08_10_03a.jpg]]></imagen><respuestas><respuesta etiqueta="Toro" /><respuesta etiqueta="Pulsera" /></respuestas></cuestion><cuestion><imagen etiqueta="2"><![CDATA[mt_08_10_03b.jpg]]></imagen><respuestas><respuesta etiqueta="Esfera hueca" /><respuesta etiqueta="Pelota" /></respuestas></cuestion><cuestion><imagen etiqueta="3"><![CDATA[10_03c_copia.jpg]]></imagen><respuestas><respuesta etiqueta="Media esfera hueca" /><respuesta etiqueta="Cuenco" /></respuestas></cuestion><cuestion><imagen etiqueta="4"><![CDATA[mt_08_10_03d.jpg]]></imagen><respuestas><respuesta etiqueta="Tubo" /><respuesta etiqueta="Lateral cilindro" /></respuestas></cuestion><cuestion><imagen etiqueta="5"><![CDATA[mt_08_10_03e.jpg]]></imagen><respuestas><respuesta etiqueta="Cilindro" /><respuesta etiqueta="Pilón" /></respuestas></cuestion><cuestion><imagen etiqueta="6"><![CDATA[mt_08_10_03f.jpg]]></imagen><respuestas><respuesta etiqueta="Cono" /><respuesta etiqueta="Punta de lápiz" /></respuestas></cuestion></sonidoaimagen><plataforma><grado><![CDATA[2]]></grado><titulo>Reconoce qué objeto o cuerpo se genera</titulo><volumen><![CDATA[3]]></volumen><nivel><![CDATA[1]]></nivel><referencia><![CDATA[mt_08_10_03]]></referencia><id_reg><![CDATA[109]]></id_reg><motor><![CDATA[M3a]]></motor><lang>es</lang></plataforma></motor>