<?xml version="1.0" encoding="UTF-8"?>
<engine title="Estudio de los cuerpos de revolución" copy="Editorial Planeta" version="1" aprid="F13">
  <section title="Presentación" zoom1="false" zoom2a="false" zoom2b="false" layout="2"><![CDATA[<TextFlow><p><span>Un cuerpo de revolución es un cuerpo tridimensional que puede generarse a partir del giro de una figura plana alrededor de un eje.</span></p><p><span></span></p><p><span>La línea exterior de la figura plana cuyo giro genera la superficie del cuerpo de revolución recibe el nombre de generatriz.</span></p><p><span></span></p><p><span>Muchos objetos de nuestro entorno son cuerpos de revolución, por ejemplo, un bolo, un lápiz, un cucurucho de helado, una peonza, etc.</span></p><p><span></span></p><p><span>Johannes Kepler (Weil der Stadt, Baden-Württemberg, 1571 - Ratisbona 1630) fue uno de los matemáticos que más contribuyó al cálculo de áreas y volúmenes de cuerpos geométricos.</span></p><p><span> </span></p><p><span>Según cuenta una anécdota, su interés por este tema empezó cuando se casó por segunda vez. Para celebrar su boda, Kepler compró un barril de vino y se enfadó al saber cómo había calculado el volumen del barril el mercader que se lo vendió. Parece que fue a partir de entonces cuando abordó el estudio del cálculo de áreas y volúmenes de diferentes cuerpos geométricos, en especial de los cuerpos de revolución y escribió una obra al respecto.</span></p><p><span></span></p><p><span fontSize="12" fontWeight="bold">El objetivo de esta práctica es identificar diferentes cuerpos de revolución.</span></p><p><span fontSize="12" fontWeight="bold"></span></p></TextFlow>]]></section>
  <section title="Tarea" path="medias/section1.jpg" image1Text="" zoom1="true" zoom2a="false" zoom2b="false" layout="0"><![CDATA[<TextFlow><p><span>1.º Resume la biografía de Johannes Kepler y menciona alguna de sus obras.</span></p><p><span></span></p><p><span>2.º Entre las figuras de la imagen, identifica cuáles corresponden a un cuerpo de revolución.</span></p><p><span>     </span></p><p><span>3.º Indica cuál es la figura plana que genera cada uno de los cuerpos de revolución que has identificado en el apartado anterior.</span></p><p><span></span></p></TextFlow>]]></section>
</engine>
