﻿<?xml version="1.0" encoding="UTF-8"?>
<?xml-stylesheet href="cuadernoestudio/dtd/libro.xslt" type="text/xsl"?>
<!--Arbortext, Inc., 1988-2015, v.4002-->
<!DOCTYPE libro SYSTEM "cuadernoestudio/dtd/libro.dtd">
<libro id="MA_07_05_CO">
<libroTitulo>Los números racionales</libroTitulo>
<seccion1 id="S1_MA_07_05_CO_64C87B0FFAB84787885331F9BD15FACD">
<seccion1Titulo>La definición del conjunto de los números racionales</seccion1Titulo>
<seccion1Texto>
<p>Para expresar numéricamente las partes iguales de una unidad o
comparar una parte de los elementos de un conjunto respecto al número
total de elementos se usan los <negrita>números fraccionarios</negrita
>.   </p>
<p>Los fraccionarios son números de la forma <cursiva>a/b </cursiva
>donde <cursiva>a</cursiva> es el numerador y el número <cursiva>b</cursiva
> es el denominador. </p>
<listaSinNumerar>
<listaElemento>El <negrita>numerador</negrita> de una fracción indica
el <negrita>número de partes iguales</negrita> que se toman de la
unidad o el <negrita>número de elementos</negrita> que se toman de
un conjunto.</listaElemento>
<listaElemento>El <negrita>denominador</negrita> indica el <negrita
>número total de partes iguales</negrita> que tiene la unidad o el <negrita
>total de elementos</negrita> que tiene el conjunto. </listaElemento>
</listaSinNumerar>
<p>Ejemplos</p>
<listaSinNumerar>
<listaElemento>En un grupo de estudio avanzado hay cuatro estudiantes,
de los cuales dos son mujeres. </listaElemento>
</listaSinNumerar>
<imagen src="MA_07_05_CO_IMG01_small.jpg">
<p>¿Qué parte del total de estudiantes del grupo es mujer?</p>
</imagen>
<p>La respuesta a esta pregunta es un número fraccionario: <negrita
>2/4</negrita> de los estudiantes del grupo son mujeres; el numerador
de la fracción es 2 y el denominador es 4.</p>
<listaSinNumerar>
<listaElemento>¿Qué parte de la rodaja de naranja se cortó?</listaElemento>
</listaSinNumerar>
<imagen src="MA_07_05_CO_IMG02_small.jpg">
<p>Se cortó 1/10 de la rodaja; el numerador de la fracción es 1 y
el denominador es 10.</p>
</imagen>
<destacado><destacadoTitulo>Números racionales</destacadoTitulo>
<destacadoTexto>
<p>El <negrita>conjunto de los números racionales</negrita> está formado
por <negrita>los números de la forma a/b</negrita>, donde <negrita
>a</negrita> y <negrita>b</negrita> <negrita>son números enteros</negrita
> y <negrita>b ≠ 0</negrita>. </p>
</destacadoTexto></destacado>
<p>Son ejemplos de números racionales:</p>
<formula alineacion="centrada" src="MA_G07_05_CO_001.gif"></formula>
<formula alineacion="centrada" src="MA_G07_05_CO_002.gif"></formula>
<formula alineacion="centrada" src="MA_G07_05_CO_003.gif"></formula>
<formula alineacion="centrada" src="MA_G07_05_CO_004.gif"></formula>
<p>porque tanto los numeradores como los denominadores son números
enteros y el denominador es diferente de cero. </p>
<profundiza>
<enlace
destino="/LoIdRedirect.aspx?LoId=MA_07_05_CO_Recurso010&amp;IdRecurso=RES-02A5D88AED6B4AA0810BB92C6C472FA4"
>¿Qué conjuntos numéricos reconoces?</enlace>
<enlace
destino="/LoIdRedirect.aspx?LoId=MA_07_05_CO_Recurso020&amp;IdRecurso=RES-9227C7244BF8428C900B2A263F70CE8E"
>Los números racionales</enlace>
</profundiza><seccion2
id="S2_MA_07_05_CO_2BB07EC3F6A24087B3EC75DD49953EBD"><?Pub Dtl?>
<seccion2Titulo>Las fracciones equivalentes </seccion2Titulo>
<seccion2Texto>
<p>Rocío cortó una rodaja de kiwi para sus mellizos; a uno le dio
½ rodaja y al otro le dio 2/4 de la fruta. ¿Cuál de ellos recibió
mayor cantidad?</p>
<imagen src="MA_07_05_CO_IMG03_small.jpg">
<p>Los dos pedazos pequeños forman la otra mitad del kiwi.</p>
</imagen>
<p>Los mellizos de Rocío recibieron la misma cantidad de kiwi, ½ rodaja,
porque ½ y <negrita>2/4</negrita> son <negrita>fracciones equivalentes</negrita
>, es decir, <negrita>representan la misma parte de la unidad</negrita
> o <negrita>tienen el mismo valor</negrita>.</p>
<destacado><destacadoTitulo>Las fracciones equivalentes</destacadoTitulo>
<destacadoTexto>
<p>Dos <negrita>fracciones</negrita> a/b y c/d <negrita>son equivalentes
si al multiplicar sus términos en cruz el resultado es el mismo</negrita
>. Es decir, cuando se cumple que: </p>
<p centrado="si">a • d = b • c</p>
</destacadoTexto></destacado>
<p>Ejemplo  Las fracciones 1/2 y 2/4 son equivalentes porque  </p>
<p centrado="si">1 • 4 = 2 • 2 = 4  </p>
<p>Existen dos procesos para obtener fracciones equivalentes a una
fracción dada: la <negrita>simplificación</negrita> y la <negrita
>amplificación</negrita>.  </p>
<listaSinNumerar>
<listaElemento><negrita>Simplificar</negrita> una fracción es <negrita
>dividir</negrita> el <negrita>numerador</negrita> y el <negrita>denominador</negrita
> de la fracción por un mismo número.</listaElemento>
<listaElemento><negrita>Amplificar</negrita> una fracción es <negrita
>multiplicar</negrita> el <negrita>numerador</negrita> y el <negrita
>denominador</negrita> de la fracción por un mismo número.</listaElemento>
</listaSinNumerar>
<p>Al analizar los siguientes ejemplos</p>
<imagen src="MA_07_05_CO_IMG04_small.jpg">
<p>Para obtener fracciones equivalentes se utilizan la simplificación
y la amplificación.</p>
</imagen>
<p>se tiene que </p>
<p centrado="si">45/60 y 9/12 son equivalentes porque 45 x 12 = 9
x 60 = 540</p>
<p centrado="si">21/15 y 126/90 son equivalentes porque 21 x 90 =
126 x 15 = 1890  </p>
<p>Para estudiar otros ejemplos y practicar los procesos para encontrar
fracciones equivalentes, se puede visitar la web <enlace
destino="http://www.aplicaciones.info/decimales/fra02.htm">[VER]</enlace
>.</p>
<destacado><destacadoTitulo>Los números racionales y las fracciones
equivalentes</destacadoTitulo><destacadoTexto>
<p>Un <negrita>número racional</negrita> es el <negrita>conjunto de
todas las fracciones equivalentes a una fracción dada</negrita>. Se
toma como representante de la fracción dada a la <negrita>fracción
irreducible</negrita> del conjunto. </p>
</destacadoTexto></destacado><recuerda><recuerdaTexto>
<p>Una <negrita>fracción es irreducible cuando no se puede simplificar</negrita
>; y una fracción no se puede simplificar cuando el máximo común divisor
del numerador y del denominador es la unidad (1).</p>
</recuerdaTexto></recuerda><practica>
<enlace
destino="/LoIdRedirect.aspx?LoId=MA_07_05_CO_Recurso030&amp;IdRecurso=RES-8223E35D43BD4E9DA0BB13A0EB17A4E7"
>Halla el término desconocido en fracciones equivalentes</enlace>
<enlace
destino="/LoIdRedirect.aspx?LoId=MA_07_05_CO_Recurso040&amp;IdRecurso=RES-09F1A4BC7E814A759AD4F560ED63EC30"
>Encuentra fracciones equivalentes</enlace>
<enlace
destino="/LoIdRedirect.aspx?LoId=MA_07_05_CO_Recurso050&amp;IdRecurso=RES-CCCA88C49BA24EA99FB0ECE4D4A44F17"
>Identifica fracciones equivalentes en una situación</enlace>
</practica></seccion2Texto></seccion2><seccion2
id="S2_MA_07_05_CO_2BB07EC3F6A24087B3EC75DD49953388">
<seccion2Titulo>La clasificación de racionales</seccion2Titulo>
<seccion2Texto>
<p>El conjunto de los números racionales está formado por subconjuntos
como los <negrita>números enteros (ℤ)</negrita>, que incluyen los <negrita
>números naturales (ℕ)</negrita> y los <negrita>racionales que no
son enteros</negrita>.</p>
<destacado><destacadoTitulo>El conjunto ℚ</destacadoTitulo>
<destacadoTexto>
<p>El conjunto de los números <negrita>racionales</negrita> se nombra
con la letra <negrita>ℚ</negrita>, por la palabra <negrita>quotient</negrita
> que significa <negrita>cociente</negrita>.</p>
<p centrado="si">  ℚ = {Números de la forma a/b, con a ∈ ℤ, b ∈ ℤ
 y b≠0} </p>
</destacadoTexto></destacado>
<p>El siguiente diagrama muestra varios ejemplos de números racionales
clasificados en racionales no enteros positivos y negativos, números
enteros y números naturales.</p>
<imagen src="MA_07_05_CO_IMG05_small.jpg">
<p>Representación gráfica del conjunto de los <negrita>números racionales</negrita
> (ℚ) que incluye los <negrita>números naturales</negrita> (ℕ) y los <negrita
>números enteros</negrita> (ℤ).</p>
</imagen>
<profundiza>
<enlace
destino="/LoIdRedirect.aspx?LoId=MA_07_05_CO_Recurso060&amp;IdRecurso=RES-F6E9733FC4864AAAB6F2ABB94DA42875"
>Las fracciones inversas, negativas y opuestas</enlace>
</profundiza><seccion3
id="S3_MA_07_05_CO_2BB07EC3F6A24087B3EC75DD49959944"><?Pub Dtl?>
<seccion3Titulo>Los racionales positivos</seccion3Titulo>
<seccion3Texto>
<p>Los <negrita>racionales positivos</negrita> son aquellos cuyo <negrita
>numerador</negrita> y <negrita>denominador son enteros positivos</negrita
>; por lo general no llevan signo, sin embargo, pueden tener adelante
el <negrita>signo</negrita> +.  </p>
<p>Ejemplos</p>
<formula alineacion="centrada" src="MA_G07_05_CO_005.gif"></formula>
<formula alineacion="centrada" src="MA_G07_05_CO_006.gif"></formula>
<formula alineacion="centrada" src="MA_G07_05_CO_007.gif"></formula>
</seccion3Texto></seccion3><seccion3
id="S3_MA_07_05_CO_2BB07EC3F6A24087B3EC75DD49950055"><?Pub Dtl?>
<seccion3Titulo>Los racionales negativos</seccion3Titulo>
<seccion3Texto>
<p>En los números racionales, cuando uno de los dos términos <negrita
><cursiva>a</cursiva></negrita> o <negrita><cursiva>b</cursiva></negrita
> es un <negrita>entero negativo</negrita>, se puede afirmar que el <negrita
>número <cursiva>a/b</cursiva> es un racional negativo</negrita>.
 </p>
<p>Ejemplos</p>
<formula alineacion="centrada" src="MA_G07_05_CO_008.gif"></formula>
<formula alineacion="centrada" src="MA_G07_05_CO_009.gif"></formula>
<formula alineacion="centrada" src="MA_G07_05_CO_010.gif"></formula>
<p>El <negrita>signo negativo</negrita> debe estar, con preferencia, <negrita
>delante de la fracción</negrita>. Si no puede escribirse delante
de la fracción, se coloca delante del numerador; solo como último
recurso se escribe en el denominador. En los tres casos se considera
que la fracción tiene el mismo valor.</p>
<formula alineacion="centrada" src="MA_G07_05_CO_011.gif"></formula>
<p>Entonces</p>
<formula alineacion="centrada" src="MA_G07_05_CO_012.gif"></formula>
<formula alineacion="centrada" src="MA_G07_05_CO_013.gif"></formula>
<formula alineacion="centrada" src="MA_G07_05_CO_014.gif"></formula>
</seccion3Texto></seccion3><seccion3
id="S3_MA_07_05_CO_2BB07EC3F6A24087B3EC75DD49951166"><?Pub Dtl?>
<seccion3Titulo>Los racionales nulos</seccion3Titulo>
<seccion3Texto>
<p>Expresiones de la forma<cursiva> a/b</cursiva> donde <negrita><cursiva
>a</cursiva> es cero</negrita> y <negrita><cursiva>b</cursiva> es
cualquier número entero diferente de cero</negrita> son racionales
nulos; esto significa que son equivalentes a cero.</p>
<formula alineacion="centrada" src="MA_G07_05_CO_015.gif"></formula>
<p>Ejemplos</p>
<formula alineacion="centrada" src="MA_G07_05_CO_016.gif"></formula>
<formula alineacion="centrada" src="MA_G07_05_CO_017.gif"></formula>
<formula alineacion="centrada" src="MA_G07_05_CO_018.gif"></formula>
</seccion3Texto></seccion3><seccion3
id="S3_MA_07_05_CO_2BB07EC3F6A24087B3EC75DD49952277"><?Pub Dtl?>
<seccion3Titulo>Los racionales enteros</seccion3Titulo>
<seccion3Texto>
<p>La <negrita>expresión <cursiva>a/b</cursiva></negrita> que define
a los números racionales también<negrita> representa el cociente <cursiva
>a ÷ b</cursiva></negrita>; es por esto que <negrita>cualquier número
entero <cursiva>n</cursiva></negrita> se puede expresar como el cociente <negrita
><cursiva>n</cursiva> ÷ 1 que es igual a <cursiva>n</cursiva></negrita
> y, por lo tanto, se cumple que</p>
<formula alineacion="centrada" src="MA_G07_05_CO_019.gif"></formula>
<p>Ejemplos</p>
<formula alineacion="centrada" src="MA_G07_05_CO_020.gif"></formula>
<formula alineacion="centrada" src="MA_G07_05_CO_021.gif"></formula>
<p>De esto se concluye que los <negrita>números enteros</negrita> y,
por ende, los <negrita>números naturales</negrita> (enteros positivos) <negrita
>son números racionales</negrita>.</p>
<recuerda><recuerdaTexto>
<p>Todos <negrita>los números enteros son números racionales</negrita
> porque se pueden escribir de la forma a/b, con denominador igual
a 1.</p>
</recuerdaTexto></recuerda></seccion3Texto></seccion3><seccion3
id="S3_MA_07_05_CO_2BB07EC3F6A24087B3EC75DD49953388"><?Pub Dtl?>
<seccion3Titulo>Los racionales inversos</seccion3Titulo>
<seccion3Texto>
<p>El<negrita> racional inverso </negrita>de un número racional dado
es otro cuyo numerador es el denominador del primero y cuyo denominador
es el numerador del primero.  </p>
<imagen src="MA_07_05_CO_IMG06_small.jpg">
<p>Los racionales inversos tienen intercambiados el numerador y el
denominador. </p>
</imagen>
<destacado><destacadoTitulo>El producto de racionales inversos</destacadoTitulo>
<destacadoTexto>
<p>Al multiplicar dos números racionales que son inversos siempre
se obtiene 1.</p>
<formula alineacion="centrada" src="MA_G07_05_CO_022.gif"></formula>
</destacadoTexto></destacado>
<p>Ejemplo </p>
<p>¿Qué número multiplicado por 17/3 da como resultado 1?  </p>
<p>La respuesta es  3/17, porque 17/3 y 3/17 son racionales inversos.</p>
<practica>
<enlace
destino="/LoIdRedirect.aspx?LoId=MA_07_05_CO_Recurso070&amp;IdRecurso=RES-461FD1107E1643ACA285719177DB8598"
>Clasifica números racionales</enlace>
</practica></seccion3Texto></seccion3></seccion2Texto></seccion2>
<seccion2 id="S2_MA_07_05_CO_2BB07EC3F6A24087B3EC75DD49954499"><?Pub Dtl?>
<seccion2Titulo>Consolidación</seccion2Titulo>
<seccion2Texto>
<p>Actividad para afianzar lo que has aprendido en esta sección.</p>
<practica>
<enlace
destino="/LoIdRedirect.aspx?LoId=MA_07_05_CO_Recurso080&amp;IdRecurso=RES-FCEBF045386B4190B5835E49DE3A4B39"
>Refuerza tu aprendizaje: Los números racionales</enlace>
</practica></seccion2Texto></seccion2></seccion1Texto></seccion1>
<seccion1 id="S1_MA_07_05_CO_B0FA2F196DE942E3860CF411C5632CBC">
<seccion1Titulo>La representación decimal de un número racional</seccion1Titulo>
<seccion1Texto>
<p>Los <negrita>números decimales</negrita> son aquellos que sirven
para <negrita>medir con precisión</negrita> magnitudes reales y <negrita
>realizar cálculos</negrita> entre ellas. Se componen de una <negrita
>parte entera</negrita>, una <negrita>coma</negrita> y una <negrita
>parte decimal</negrita>.  </p>
<p>Por ejemplo, cuando se requiere medir la temperatura de un bebé
se utilizan termómetros digitales porque logran mayor exactitud en
el registro que un termómetro de mercurio; además de la parte entera,
usan <negrita>fracciones de unidad</negrita>.</p>
<imagen src="MA_07_05_CO_IMG07_small.jpg">
<p>El termómetro registra 34,4 ºC; significa que la temperatura del
bebé es 34 ºC y 4/10 ºC.</p>
</imagen>
<destacado><destacadoTitulo>Números decimales</destacadoTitulo>
<destacadoTexto>
<p>Los números decimales se obtienen a partir del cociente <negrita
><cursiva>a</cursiva> ÷ <cursiva>b</cursiva></negrita> del número
racional <cursiva><negrita>a/b</negrita></cursiva>.</p>
</destacadoTexto></destacado>
<imagen src="MA_07_05_CO_IMG08_small.jpg">
<p>11,25 es la representación decimal de 45/4</p>
</imagen>
<p>En algunos contextos o medios escritos es posible encontrar un
punto (.) en lugar de la coma (,) para separar la parte entera de
la parte decimal de los números decimales. Es importante tener en
cuenta que, por ejemplo: </p>
<p centrado="si">4,08 = 4.08</p>
<p centrado="si">56,9 = 56.9</p>
<seccion2 id="S2_MA_07_05_CO_B0FA2F196DE942E3860CF411C5630088"><?Pub Dtl?>
<seccion2Titulo>Las fracciones decimales </seccion2Titulo>
<seccion2Texto>
<p>La piscina de pelotas del parque infantil tiene 1000 pelotas de
diferentes colores. En la siguiente imagen se muestra la fracción
de pelotas de cada color que hay en la piscina.</p>
<imagen src="MA_07_05_CO_IMG09_small.jpg">
<p>Las fracciones tienen en común que sus <negrita>denominadores son
potencias de 10 (10, 100, 1000)</negrita>; este tipo de fracciones
se llaman <negrita>fracciones decimales</negrita>.</p>
</imagen>
<p>La representación decimal de las fracciones decimales se logra
usando una tabla de valores posicionales donde a la izquierda del
punto se escribe la parte entera de la fracción y <negrita>a la derecha
se escribe la parte de la fracción que es menor a la unidad, de acuerdo
con su denominador</negrita>.</p>
<table border="1" cellspacing="0"><colgroup align="center"><col/><col/>
<col/><col/><col/><col/><col/></colgroup>
<tbody>
<tr>
<td><negrita>C</negrita>entenas(<negrita>C</negrita>)</td>
<td><negrita>D</negrita>ecenas(<negrita>D</negrita>)</td>
<td><negrita>U</negrita>nidades(<negrita>U</negrita>)</td>
<td>.</td>
<td><negrita>D</negrita>écimas(<negrita>d</negrita>)</td>
<td><negrita>C</negrita>entésimas(<negrita>c</negrita>)</td>
<td><negrita>M</negrita>ilésimas(<negrita>m</negrita>)</td>
</tr>
</tbody>
</table>
<p>Las fracciones decimales del ejemplo de la piscina de pelotas son
fracciones propias (menores que la unidad), por lo tanto, su parte
entera es cero. En la tabla se puede observar cómo se escribe la expresión
decimal de cada una.</p>
<table border="1" cellspacing="0"><colgroup align="center"><col/><col/>
<col/><col/><col/><col/><col/><col/><col/></colgroup>
<tbody>
<tr>
<td><negrita>Número racional</negrita></td>
<td><negrita>Lectura del número</negrita></td>
<td><negrita>C</negrita></td>
<td><negrita>D</negrita></td>
<td><negrita>U</negrita></td>
<td>.</td>
<td><negrita>d</negrita>écimas</td>
<td><negrita>c</negrita>entésimas</td>
<td><negrita>m</negrita>ilésimas</td>
</tr>
<tr>
<td align="left">7/1000</td>
<td align="left">Siete milésimas</td>
<td></td>
<td></td>
<td>0</td>
<td>.</td>
<td>0</td>
<td>0</td>
<td>7</td>
</tr>
<tr>
<td align="left">43/1000</td>
<td align="left">Cuarenta  y tres milésimas</td>
<td></td>
<td></td>
<td>0</td>
<td>.</td>
<td>0</td>
<td>4</td>
<td>3</td>
</tr>
<tr>
<td align="left">1/10</td>
<td align="left">Una décima</td>
<td></td>
<td></td>
<td>0</td>
<td>.</td>
<td>1</td>
<td></td>
<td></td>
</tr>
<tr>
<td align="left">2/10</td>
<td align="left">Dos décimas</td>
<td></td>
<td></td>
<td>0</td>
<td>.</td>
<td>2</td>
<td></td>
<td></td>
</tr>
<tr>
<td align="left">25/100</td>
<td align="left">Veinticinco centésimas</td>
<td></td>
<td></td>
<td>0</td>
<td>.</td>
<td>2</td>
<td>5</td>
<td></td>
</tr>
<tr>
<td align="left">4/10</td>
<td align="left">Cuatro décimas</td>
<td></td>
<td></td>
<td>0</td>
<td>.</td>
<td>4</td>
<td></td>
<td></td>
</tr>
</tbody>
</table>
<p>Otros ejemplos</p>
<imagen src="MA_07_05_CO_IMG10_small.jpg">
<p>Las cifras decimales se leen de izquierda a derecha: <negrita>décimas,
centésimas, milésimas, diezmilésimas, cienmilésimas,…</negrita></p>
</imagen>
<profundiza>
<enlace
destino="/LoIdRedirect.aspx?LoId=MA_07_05_CO_Recurso090&amp;IdRecurso=RES-BD11E05F46A9465D81BEB1FAF827DFBF"
>La fracción decimal</enlace>
</profundiza><practica>
<enlace
destino="/LoIdRedirect.aspx?LoId=MA_07_05_CO_Recurso100&amp;IdRecurso=RES-632E683261AF4B589B3F71AF3E1DEE7A"
>Identifica fracciones decimales</enlace>
</practica></seccion2Texto></seccion2><seccion2
id="S2_MA_07_05_CO_B0FA2F196DE942E3860CF411C5631199"><?Pub Dtl?>
<seccion2Titulo>Consolidación</seccion2Titulo>
<seccion2Texto>
<p>Actividad para afianzar lo que has aprendido en esta sección.</p>
<practica>
<enlace
destino="/LoIdRedirect.aspx?LoId=MA_07_05_CO_Recurso120&amp;IdRecurso=RES-3E8E1F4866604A24B8C9940377A60F6F"
>Refuerza tu aprendizaje: La representación decimal de un número racional</enlace>
</practica></seccion2Texto></seccion2></seccion1Texto></seccion1>
<seccion1 id="S1_MA_07_05_CO_D757483E2594455FB082F86B50356280">
<seccion1Titulo>La clasificación de los números decimales</seccion1Titulo>
<seccion1Texto>
<p>Los<negrita> números racionales decimales</negrita> se clasifican
en función del número de cifras decimales que los componen, así: </p>
<listaSinNumerar>
<listaElemento><negrita>Números decimales exactos</negrita> que tienen <negrita
>finitas cifras decimales</negrita>.</listaElemento>
<listaElemento><negrita>Números decimales no exactos</negrita> cuyas <negrita
>cifras decimales son infinitas</negrita> y tienen un <negrita>periodo</negrita
>.</listaElemento>
</listaSinNumerar>
<profundiza>
<enlace
destino="/LoIdRedirect.aspx?LoId=MA_07_05_CO_Recurso130&amp;IdRecurso=RES-644149AAC15A418EA4863925BA7ECDB8"
>Los números decimales</enlace>
</profundiza><seccion2
id="S2_MA_07_05_CO_D757483E2594455FB082F86B50356688"><?Pub Dtl?>
<seccion2Titulo>Los decimales exactos o finitos</seccion2Titulo>
<seccion2Texto>
<p>Los números decimales que tienen <negrita>un número determinado
(finito) de cifras decimales</negrita> se denominan <negrita>decimales
exacto</negrita>s. Resultan de una <negrita>división exacta</negrita
>, es decir, su residuo es cero.   </p>
<p>Ejemplo</p>
<imagen src="MA_07_05_CO_IMG11_small.jpg">
<p>2,75 es un decimal exacto porque tiene dos cifras decimales.</p>
</imagen>
</seccion2Texto></seccion2><seccion2
id="S2_MA_07_05_CO_D757483E2594455FB082F86B50357799">
<seccion2Titulo>Los decimales no exactos o infinitos</seccion2Titulo>
<seccion2Texto>
<p>Los números racionales decimales que no son exactos tienen <negrita
>infinitas cifras decimales</negrita> que, además, <negrita>poseen
un periodo</negrita>. Se llama <negrita>periodo</negrita> a una cifra
o a un grupo de cifras que <negrita>se repiten indefinidamente</negrita
> en la parte decimal.  </p>
<p>Los números racionales decimales infinitos se clasifican en <negrita
>decimales periódicos puros</negrita> y <negrita>decimales periódicos
mixtos</negrita>. </p>
<seccion3 id="S3_MA_07_05_CO_D757483E2594455FB082F86B50351177"><?Pub Dtl?>
<seccion3Titulo>Los decimales infinitos periódicos puros</seccion3Titulo>
<seccion3Texto>
<p>Un <negrita>decimal es periódico puro</negrita> cuando el periodo
empieza <negrita>inmediatamente</negrita> después de la coma, es decir,
toda su parte decimal se repite.   </p>
<p>Ejemplo  </p>
<p centrado="si">0<negrita>,222222... </negrita> </p>
<p centrado="si">– 643<negrita>,145145145... </negrita> </p>
<p>El <negrita>periodo</negrita> de un <negrita>número decimal se
suele indicar con una línea sobre la cifra o el grupo de cifras que
se repiten</negrita>, así:</p>
<formula alineacion="centrada" src="MA_G07_05_CO_022.gif"></formula>
<formula alineacion="centrada" src="MA_G07_05_CO_023.gif"></formula>
<p>Los números decimales que son periódicos puros constituyen la expresión
decimal de los números racionales cuyo cociente <cursiva>a/b</cursiva
> es una <negrita>división inexacta</negrita> (el residuo es diferente
de cero).  </p>
<p>Ejemplo</p>
<imagen src="MA_07_05_CO_IMG12_small.jpg">
<p>0,222… es un número decimal infinito periódico puro y su periodo
es 2.</p>
</imagen>
</seccion3Texto></seccion3><seccion3
id="S3_MA_07_05_CO_D757483E2594455FB082F86B50352288"><?Pub Dtl?>
<seccion3Titulo>Los decimales infinitos periódicos mixtos</seccion3Titulo>
<seccion3Texto>
<p>Existen números racionales decimales que no son exactos y tampoco
son periódicos puros. Son aquellos <negrita>números decimales</negrita
> que tienen <negrita>infinitas cifras decimales con periodo</negrita
>, pero su periodo <negrita>no empieza inmediatamente después de la
coma</negrita> porque hay una cifra o un grupo de cifras en la parte
decimal del número que no se repite.   </p>
<p centrado="si">Ejemplo – 3081<negrita>,84</negrita>1111... </p>
<p centrado="si"> 465<negrita>,314</negrita>82828282...  </p>
<p>Estos números se llaman <negrita>decimales periódicos mixtos</negrita
> porque sus cifras decimales tienen <negrita>una parte que no se
repite</negrita> antes del periodo, así:</p>
<formula alineacion="centrada" src="MA_G07_05_CO_024.gif"></formula>
<formula alineacion="centrada" src="MA_G07_05_CO_025.gif"></formula>
<p>Los <negrita>números decimales</negrita> que son <negrita>periódicos
mixtos</negrita> son la expresión decimal de los números racionales
cuyo cociente<cursiva> a/b</cursiva> es una <negrita>división inexacta</negrita
> (el residuo es diferente de cero).  </p>
<p>Ejemplo</p>
<imagen src="MA_07_05_CO_IMG13_small.jpg">
<p>0,7111… es un número decimal periódico mixto y su periodo es 1.</p>
</imagen>
<recuerda><recuerdaTexto>
<listaSinNumerar>
<listaElemento>Un número decimal con infinitas cifras decimales que
se repiten se llama decimal periódico.</listaElemento>
<listaElemento>El periodo de un número decimal está formado por la
cifra o las cifras decimales que se repiten.</listaElemento>
<listaElemento>Para señalar el periodo de un número decimal se usa
una línea sobre la cifra o las cifras decimales que se repiten.</listaElemento>
<listaElemento>Los números decimales periódicos pueden ser puros o
mixtos.</listaElemento>
</listaSinNumerar>
</recuerdaTexto></recuerda><practica>
<enlace
destino="/LoIdRedirect.aspx?LoId=MA_07_05_CO_Recurso140&amp;IdRecurso=RES-1466E9968DE24458A687587D6A404453"
>Identifica el decimal que genera una fracción</enlace>
<enlace
destino="/LoIdRedirect.aspx?LoId=MA_07_05_CO_Recurso160&amp;IdRecurso=RES-17B0F0696D3A40D69222D9E55F3F5A5F"
>Identifica expresiones decimales </enlace>
</practica></seccion3Texto></seccion3></seccion2Texto></seccion2>
<seccion2 id="S2_MA_07_05_CO_D757483E2594455FB082F86B50358800"><?Pub Dtl?>
<seccion2Titulo>Consolidación</seccion2Titulo>
<seccion2Texto>
<p>Actividad para afianzar lo que has aprendido en esta sección.</p>
<practica>
<enlace
destino="/LoIdRedirect.aspx?LoId=MA_07_05_CO_Recurso170&amp;IdRecurso=RES-1E3754EE777C49D39C4F0E366CE6D690"
>Refuerza tu aprendizaje: La clasificación de los números racionales
decimales</enlace>
</practica></seccion2Texto></seccion2></seccion1Texto></seccion1>
<seccion1 id="S1_MA_07_05_CO_8ED3846A9C9A46F3907AA2FDABE29A37">
<seccion1Titulo>La conversión de número decimal a racional</seccion1Titulo>
<seccion1Texto>
<p>Para cualquier <negrita>número racional decimal</negrita> se puede
encontrar la expresión <cursiva><negrita>a/b</negrita></cursiva> que
lo <negrita>genera</negrita>. Esta expresión se llama <negrita>fracción
generatriz</negrita>. El proceso para encontrar la fracción generatriz
de un número racional decimal depende del tipo de decimal que se tiene: <negrita
>exacto, periódico puro</negrita> o <negrita>periódico mixto</negrita
>.</p>
<seccion2 id="S2_MA_07_05_CO_8ED3846A9C9A46F3907AA2FDABE29933"><?Pub Dtl?>
<seccion2Titulo>La conversión de número decimal exacto a racional </seccion2Titulo>
<seccion2Texto>
<p>Como los <negrita>números decimales exactos</negrita> tienen finitas
cifras decimales, se pueden escribir de forma fácil usando una <negrita
>fracción decimal</negrita>.  </p>
<p>Los pasos que se deben seguir son:</p>
<listaSinNumerar>
<listaElemento>Escribir como <negrita>numerador</negrita> de la fracción
decimal el <negrita>número decimal completo sin usar la coma</negrita
> que separa la parte entera de la parte decimal.</listaElemento>
<listaElemento>Escribir como <negrita>denominador</negrita> de la
fracción la <negrita>unidad seguida de tantos ceros como cifras decimales
tenga el número decimal</negrita>.</listaElemento>
<listaElemento>Si es posible, <negrita>simplificar</negrita> la fracción
obtenida hasta conseguir la<negrita> fracción irreductible</negrita
>.</listaElemento>
</listaSinNumerar>
<p>Ejemplos</p>
<imagen src="MA_07_05_CO_IMG14_small.jpg">
<p>La fracción generatriz de un decimal exacto es una fracción decimal.</p>
</imagen>
<p>Para expresar un número decimal negativo como fracción se sigue
el mismo procedimiento.  </p>
<p>Ejemplo </p>
<p>Para hallar la fracción generatriz de – 8,34 </p>
<formula alineacion="centrada" src="MA_G07_05_CO_026.gif"></formula>
<p>Para conocer otros ejemplos se puede visitar la web <enlace
destino="http://www.mamutmatematicas.com/lecciones/convertir_decimales_en_fracciones.php"
>[VER]</enlace>.</p>
</seccion2Texto></seccion2><seccion2
id="S2_MA_07_05_CO_8ED3846A9C9A46F3907AA2FDABE20044"><?Pub Dtl?>
<seccion2Titulo>La conversión de un número decimal periódico puro
a racional</seccion2Titulo>
<seccion2Texto>
<p>La <negrita>fracción generatriz</negrita> de los <negrita>decimales
periódicos puros</negrita> se obtiene siguiendo estos pasos.</p>
<listaNumerada>
<listaElemento>Escribir la diferencia entre el <negrita>número decimal
completo sin la coma</negrita>, y la <negrita>parte entera del número
decimal</negrita> como numerador de la fracción.</listaElemento>
<listaElemento>Escribir como <negrita>denominador</negrita> de la
fracción <negrita>tantos nueves como cifras tenga el periodo </negrita
>del número decimal.</listaElemento>
<listaElemento>Si es posible, <negrita>simplificar</negrita> la fracción
obtenida <negrita>hasta conseguir la fracción irreductible</negrita
>.</listaElemento>
</listaNumerada>
<p>Ejemplos:</p>
<imagen src="MA_07_05_CO_IMG15_small.jpg">
<p>Se puede usar la calculadora para verificar que los cocientes a/b
en la última columna sí corresponden al decimal periódico puro.</p>
</imagen>
</seccion2Texto></seccion2><seccion2
id="S2_MA_07_05_CO_8ED3846A9C9A46F3907AA2FDABE21155"><?Pub Dtl?>
<seccion2Titulo>La conversión de un número decimal periódico mixto
a racional</seccion2Titulo>
<seccion2Texto>
<p>Los números <negrita>decimales que son periódicos mixtos</negrita
> empiezan su parte decimal con <negrita>una o más cifras que no se
repiten</negrita> antes de iniciar el <negrita>periodo</negrita>.
 </p>
<p>Ejemplo </p>
<p>El número 1,8969696969… es un número decimal periódico mixto porque </p>
<imagen src="MA_07_05_CO_IMG16_small.jpg">
<p>¿Cómo se obtiene la fracción generatriz de este número decimal?</p>
</imagen>
<p>Para hallar la fracción generatriz de 1,89696969… se siguen estos
pasos.</p>
<listaNumerada>
<listaElemento>Escribir como numerador de la fracción la <negrita
>diferencia</negrita> entre el <negrita>número decimal completo sin
la coma</negrita> y el número formado por la <negrita>parte entera
del número decimal seguida de la o las cifras decimales que no hacen
parte del periodo</negrita>.</listaElemento>
<listaElemento>Escribir como <negrita>denominador</negrita> de la
fracción el número formado por <negrita>tantos nueves como cifras
tenga el periodo</negrita>, seguidos de<negrita> tantos ceros como
cifras no periódicas tenga la parte decimal</negrita>.<formula
alineacion="centrada" src="MA_G07_05_CO_027.gif"></formula></listaElemento>
<listaElemento>Si es posible, <negrita>simplificar</negrita> la fracción
obtenida <negrita>hasta conseguir la fracción irreducible</negrita
>.<formula alineacion="centrada" src="MA_G07_05_CO_028.gif"></formula
></listaElemento>
</listaNumerada>
<p>El número racional que le corresponde es 313/165. Se puede <negrita
>comprobar con la calculadora</negrita>. </p>
<p>Para estudiar otros ejemplos de este proceso se puede visitar la
web [<enlace destino="http://www.vitutor.com/di/r/a_9.html">VER</enlace
>] y verificar el tema desarrollado con el siguiente video [<enlace
destino="http://www.educatina.com/matematicas/aritmetica/numeros-racionales/pasar-de-numero-decimal-a-fraccion/como-pasar-de-decimal-periodico-mixto-a-fraccion-video"
>VER</enlace>].</p>
<practica>
<enlace
destino="/LoIdRedirect.aspx?LoId=MA_07_05_CO_Recurso180&amp;IdRecurso=RES-40B22DD94E244385B28387CF204C0631"
>Relaciona cada decimal con su fracción</enlace>
<enlace
destino="/LoIdRedirect.aspx?LoId=MA_07_05_CO_Recurso190&amp;IdRecurso=RES-3A2CCDE1D2A24D2F9540558469DB2C79"
>Transforma decimales en fracciones</enlace>
<enlace
destino="/LoIdRedirect.aspx?LoId=MA_07_05_CO_Recurso200&amp;IdRecurso=RES-D8F8F1859AD349A7898F98180EEA94FA"
>Determina la fracción generatriz</enlace>
</practica></seccion2Texto></seccion2><seccion2
id="S2_MA_07_05_CO_8ED3846A9C9A46F3907AA2FDABE22266"><?Pub Dtl?>
<seccion2Titulo>Consolidación</seccion2Titulo>
<seccion2Texto>
<p>Actividad para afianzar lo que has aprendido en esta sección.</p>
<practica>
<enlace
destino="/LoIdRedirect.aspx?LoId=MA_07_05_CO_Recurso220&amp;IdRecurso=RES-81C98A9A6D714697904E2736FEEB8A8F"
>Refuerza tu aprendizaje: La conversión de un número decimal a fracción</enlace>
</practica></seccion2Texto></seccion2></seccion1Texto></seccion1>
<seccion1 id="S1_MA_07_05_CO_FC89175FDCF74D45B6A1967810CEB0C9">
<seccion1Titulo>Los números racionales en la recta numérica</seccion1Titulo>
<seccion1Texto>
<p>Para representar los <negrita>números racionales sobre la recta</negrita
> se usa la <negrita>recta numérica de los números enteros</negrita
>.</p>
<recuerda><recuerdaTexto>
<p>La recta de números enteros cumple con las características:</p>
<listaSinNumerar>
<listaElemento>Es una<negrita> línea recta</negrita> que se prolonga
indefinidamente tanto hacia la derecha (números positivos) como hacia
la izquierda (negativos).</listaElemento>
<listaElemento>Para representar la extensión de la recta (infinito)
se utilizan como puntas dos flechas que indican la continuidad de
la secuencia numérica.</listaElemento>
<listaElemento>Contiene al <negrita>0</negrita> como <negrita>punto
de referencia</negrita> para la  ubicación de los números.</listaElemento>
<listaElemento>Los <negrita>números positivos</negrita> se ubican
a la derecha del cero y los <negrita>negativos</negrita> a la izquierda.</listaElemento>
</listaSinNumerar>
</recuerdaTexto></recuerda>
<p>La representación de algunos números <negrita>racionales enteros
en la recta numérica</negrita> se puede observar en la siguiente imagen.</p>
<imagen src="MA_07_05_CO_IMG17_small.jpg">
<p>¿Cómo se representan los racionales que están entre los racionales
enteros?</p>
</imagen>
<seccion2 id="S2_MA_07_05_CO_FC89175FDCF74D45B6A1967810CE8899"><?Pub Dtl?>
<seccion2Titulo>La representación de fraccionarios en la recta numérica</seccion2Titulo>
<seccion2Texto>
<p>Si se trata de representar en la recta numérica los <negrita>racionales
no enteros</negrita>, se <negrita>divide cada unidad</negrita> de
la recta en el <negrita>número de partes que indica el denominador</negrita
> del racional y se <negrita>cuenta a partir de cero el número de
partes que indica el numerador </negrita>del racional, así:</p>
<listaSinNumerar>
<listaElemento>Se cuenta hacia la <negrita>derecha de cero</negrita
> si el número racional es <negrita>positivo</negrita>.</listaElemento>
<listaElemento>Se cuenta hacia la<negrita> izquierda de cero</negrita
> si el número racional es <negrita>negativo</negrita>. </listaElemento>
</listaSinNumerar>
<p>Ejemplos</p>
<listaSinNumerar>
<listaElemento>Para representar números como  2/3, 7/3, –1/3 y –4/3,
cada unidad en la recta de los números enteros se divide en tres partes
iguales; luego, se cuentan las partes desde cero como lo muestra la
imagen.</listaElemento>
</listaSinNumerar>
<imagen src="MA_07_05_CO_IMG18_small.jpg">
<p>En la recta numérica, los <negrita>racionales positivos están a
la derecha de cero</negrita> y los <negrita>racionales negativos a
la izquierda de cero</negrita>.</p>
</imagen>
</seccion2Texto></seccion2><seccion2
id="S2_MA_07_05_CO_FC89175FDCF74D45B6A1967810CE9900"><?Pub Dtl?>
<seccion2Titulo>La representación de decimales en la recta numérica</seccion2Titulo>
<seccion2Texto>
<p>La representación de <negrita>números decimales en la recta</negrita
> también <negrita>se hace sobre la recta de los números enteros</negrita
>. Primero, se ubica <negrita>la parte entera del número sobre la
recta</negrita> y a partir de allí <negrita>se divide la siguiente
unidad así</negrita>:</p>
<listaSinNumerar>
<listaElemento>En <negrita>diez partes </negrita>iguales si el número
decimal tiene <negrita>una sola cifra decimal</negrita>.</listaElemento>
<listaElemento>En <negrita>cien partes</negrita> iguales si el número
decimal tiene <negrita>dos cifras decimales</negrita>.</listaElemento>
<listaElemento>En <negrita>mil partes</negrita> iguales si el número
decimal tiene <negrita>tres cifras decimales</negrita>. </listaElemento>
</listaSinNumerar>
<p>Y así continúa el proceso de acuerdo con el número de cifras decimales
del número.  </p>
<p>Luego, desde el número entero se cuentan las partes de acuerdo
con el número que <negrita>indica la parte decimal</negrita>: hacia
la <negrita>derecha si el número decimal es positivo</negrita> y hacia
la<negrita> izquierda si el número decimal es negativo</negrita>.
 </p>
<p>Ejemplos </p>
<listaSinNumerar>
<listaElemento>Al representar los decimales –0,5, –0,4 y 3,7 en la
recta numérica se obtiene:</listaElemento>
</listaSinNumerar>
<imagen src="MA_07_05_CO_IMG19_small.jpg">
<p>La unidad que le sigue a la parte entera está dividida en <negrita
>10 partes</negrita> porque los números tienen una sola cifra decimal.</p>
</imagen>
<practica>
<enlace
destino="/LoIdRedirect.aspx?LoId=MA_07_05_CO_Recurso230&amp;IdRecurso=RES-9FCB39F25C064E39AB3B9187A376863B"
>Representa números racionales en la recta</enlace>
<enlace
destino="/LoIdRedirect.aspx?LoId=MA_07_05_CO_Recurso250&amp;IdRecurso=RES-080E8CB963014AA7A76B35E0E22C98F6"
>Identifica racionales en la recta</enlace>
</practica></seccion2Texto></seccion2><seccion2
id="S2_MA_07_05_CO_FC89175FDCF74D45B6A1967810CE0011"><?Pub Dtl?>
<seccion2Titulo>Consolidación</seccion2Titulo>
<seccion2Texto>
<p>Actividad para afianzar lo que has aprendido en esta sección.</p>
<practica>
<enlace
destino="/LoIdRedirect.aspx?LoId=MA_07_05_CO_Recurso260&amp;IdRecurso=RES-1D0E709FB786405AB7AF29A5F3691EFB"
>Refuerza tu aprendizaje: La representación de los racionales en la
recta numérica</enlace>
</practica></seccion2Texto></seccion2></seccion1Texto></seccion1>
<seccion1 id="S1_MA_07_05_CO_4BFD56486AB145469E1895B59DBA1A59">
<seccion1Titulo>La ubicación de puntos en el plano cartesiano</seccion1Titulo>
<seccion1Texto>
<p>El plano cartesiano está dividido en <negrita>cuatro cuadrantes</negrita
> que forman las <negrita>rectas perpendiculares</negrita> del sistema
de coordenadas y que se denominan <negrita>ejes</negrita>. El punto
del plano definido por una <negrita>pareja ordenada (x,y)</negrita
> posee las siguientes características según los valores de las coordenadas.</p>
<listaSinNumerar>
<listaElemento>	Si tanto la abscisa (<cursiva>x</cursiva>) como la
ordenada (<cursiva>y</cursiva>) son positivas, el punto se ubica en
el <negrita>primer cuadrante</negrita>. 	</listaElemento>
<listaElemento>Si la abscisa (<cursiva>x</cursiva>) es negativa y
la ordenada (<cursiva>y</cursiva>) es positiva, el punto se ubica
en el <negrita>segundo cuadrant</negrita>e. 	</listaElemento>
<listaElemento>Si tanto la abscisa (<cursiva>x</cursiva>) como la
ordenada (<cursiva>y</cursiva>) son negativas, el punto se ubica en
el <negrita>tercer cuadrante</negrita>. 	</listaElemento>
<listaElemento>Si la abscisa (<cursiva>x</cursiva>) es positiva y
la ordenada (<cursiva>y</cursiva>) es negativa, el punto se ubica
en el <negrita>cuarto cuadrante</negrita>.</listaElemento>
</listaSinNumerar>
<imagen src="MA_07_05_CO_IMG20_small.jpg">
<p>Cada punto del plano se representa con una pareja ordenada de números
racionales (<cursiva>x,y</cursiva>).</p>
</imagen>
<p>Cuando las rectas perpendiculares que forman el sistema de coordenadas
son <negrita>rectas de números racionales</negrita>, entonces en el <negrita
>plano cartesiano</negrita> se logran ubicar puntos como: </p>
<formula alineacion="centrada" src="MA_G07_05_CO_029.gif"></formula>
<formula alineacion="centrada" src="MA_G07_05_CO_030.gif"></formula>
<p centrado="si">(-6,7 , -9,2)</p>
<p centrado="si">(10, -4,3) </p>
<seccion2 id="S2_MA_07_05_CO_4BFD56486AB145469E1895B59DBA1199"><?Pub Dtl?>
<seccion2Titulo>La ubicación de puntos cuyas coordenadas son fracciones</seccion2Titulo>
<seccion2Texto>
<p>Para ubicar en el plano cartesiano<negrita> el punto de coordenadas
(1/2, 9/4)</negrita>:</p>
<listaSinNumerar>
<listaElemento>Se ubica la fracción <negrita>½ en la recta de las
abscisas (eje <cursiva>x</cursiva>)</negrita> y se traza una línea
vertical que pase por allí.</listaElemento>
<listaElemento>Luego se ubica la fracción <negrita>9/4 en la recta
de las ordenadas (eje <cursiva>y</cursiva>)</negrita> y se traza una
línea horizontal que pase por allí.</listaElemento>
<listaElemento>Finalmente, el punto de corte de estas dos líneas es
el punto de coordenadas:</listaElemento>
</listaSinNumerar>
<p centrado="si">(1/2, 9/4)</p>
<imagen src="MA_07_05_CO_IMG21_small.jpg">
<p>El punto (1/2, 9/4) pertenece al primer cuadrante, porque tanto
la abscisa como la ordenada son positivas.</p>
</imagen>
<p>Cuando dos puntos <negrita>comparten la abscisa</negrita> y sus <negrita
>ordenadas son números opuestos</negrita>, se denominan <negrita>puntos
simétricos con respecto al eje <cursiva>x</cursiva></negrita>, puesto
que están a la misma distancia del eje <cursiva>x</cursiva>.  </p>
<p>Ejemplo  </p>
<p>Al ubicar en el plano cartesiano los puntos de coordenadas (-8/3,
4/5) y (-8/3, -4/5) se puede observar que son puntos simétricos con
respecto al eje x, como se muestra en la imagen.</p>
<imagen src="MA_07_05_CO_IMG22_small.png">
<p>Los puntos comparten la abscisa y las ordenadas son números opuestos.</p>
</imagen>
</seccion2Texto></seccion2><seccion2
id="S2_MA_07_05_CO_4BFD56486AB145469E1895B59DBA2200"><?Pub Dtl?>
<seccion2Titulo>La ubicación de puntos cuyas coordenadas son decimales</seccion2Titulo>
<seccion2Texto>
<p>Los pasos que deben seguirse para ubicar en el plano cartesiano
un punto que tiene como coordenadas la<negrita> pareja de números
decimales</negrita> (<cursiva>a</cursiva>,<cursiva>b</cursiva>) son:</p>
<listaSinNumerar>
<listaElemento>Ubicar <negrita>en la recta de las abscisas el número
decimal</negrita> <cursiva>a</cursiva> y trazar por ahí una<negrita
> línea vertical</negrita>.</listaElemento>
<listaElemento>Ubicar <negrita>en la recta de las ordenadas el número
decimal </negrita><cursiva>b</cursiva> y trazar por ahí una<negrita
> línea horizontal</negrita>.</listaElemento>
<listaElemento>Ubicar el punto de<negrita> intersección de las líneas
vertical y horizontal </negrita>trazadas; este punto tiene como coordenadas
(<cursiva>a</cursiva>,<cursiva>b</cursiva>).</listaElemento>
</listaSinNumerar>
<p>Ejemplo  </p>
<p>Al ubicar el punto que tiene como coordenadas (-6,9, -3,4) se obtiene:</p>
<imagen src="MA_07_05_CO_IMG23_small.jpg">
<p>Como la abscisa y la ordenada de este punto son números negativos,
se ubica en el tercer cuadrante.</p>
</imagen>
<destacado><destacadoTitulo>Simetría en el plano cartesiano</destacadoTitulo>
<destacadoTexto>
<p>En el plano cartesiano se pueden identificar dos clases de simetría
con respecto a los ejes.</p>
<listaSinNumerar>
<listaElemento>Dos puntos son <negrita>simétricos con respecto al
eje <cursiva>x</cursiva></negrita> si tienen la <negrita>misma abscisa</negrita
> y las <negrita>ordenadas son números opuestos</negrita>.</listaElemento>
<listaElemento>Dos puntos son <negrita>simétricos con respecto al
eje <cursiva>y</cursiva></negrita> si las <negrita>abscisas son números
opuestos</negrita> y tienen la <negrita>misma ordenada</negrita>.</listaElemento>
</listaSinNumerar>
</destacadoTexto></destacado><practica>
<enlace
destino="/LoIdRedirect.aspx?LoId=MA_07_05_CO_Recurso270&amp;IdRecurso=RES-98C862AE6CAC4A3BB1D653AF7EAD50D7"
>Relaciona puntos del plano con sus coordenadas</enlace>
<enlace
destino="/LoIdRedirect.aspx?LoId=MA_07_05_CO_Recurso280&amp;IdRecurso=RES-FE8FB554C16C472A8B2764238FA282FD"
>Identifica las coordenadas de un punto</enlace>
</practica></seccion2Texto></seccion2><seccion2
id="S2_MA_07_05_CO_4BFD56486AB145469E1895B59DBA3311"><?Pub Dtl?>
<seccion2Titulo>Consolidación </seccion2Titulo>
<seccion2Texto>
<p>Actividad para afianzar lo que has aprendido en esta sección.</p>
<practica>
<enlace
destino="/LoIdRedirect.aspx?LoId=MA_07_05_CO_Recurso290&amp;IdRecurso=RES-753CB9E86C784F75B1221DEC95BD7D61"
>Refuerza tu aprendizaje: La ubicación de puntos en el plano cartesiano</enlace>
</practica></seccion2Texto></seccion2></seccion1Texto></seccion1>
<seccion1 id="S1_MA_07_05_CO_6982173CF5964EA3A209D6A2BE9C6AEA">
<seccion1Titulo>La relación de orden en los números racionales</seccion1Titulo>
<seccion1Texto>
<p>La comparación de números racionales con las relaciones <negrita
>mayor que, menor que</negrita> o<negrita> igual a</negrita> permite
resolver situaciones al interior de la matemática como ordenar una
lista de números de mayor a menor o viceversa; también, resolver situaciones
en contexto como encontrar el mejor precio, determinar qué persona
es la más alta, clasificar ciertos productos de acuerdo con su peso,
comparar la cantidad de líquido que contienen varios recipientes,
entre otras.</p>
<imagen src="MA_07_05_CO_IMG24_small.jpg">
<p>Los números racionales son ordenados.</p>
</imagen>
<p>Para comparar los valores que se ven en la imagen anterior es necesario
conocer cómo se ordenan números racionales en su expresión fraccionaria
y en su expresión decimal.</p>
<seccion2 id="S2_MA_07_05_CO_6982173CF5964EA3A209D6A2BE9C6633"><?Pub Dtl?>
<seccion2Titulo>El orden de racionales con expresión fraccionaria</seccion2Titulo>
<seccion2Texto>
<p>Para comparar u ordenar números racionales con expresión fraccionaria
se debe tener en cuenta: </p>
<listaSinNumerar>
<listaElemento>Las fracciones positivas siempre son mayores que las
fracciones negativas. </listaElemento>
</listaSinNumerar>
<p>Ejemplo</p>
<formula alineacion="centrada" src="MA_G07_05_CO_031.gif"></formula>
<listaSinNumerar>
<listaElemento>Si las fracciones tienen el mismo denominador, es mayor
aquella fracción que tenga mayor numerador.   </listaElemento>
</listaSinNumerar>
<p>Ejemplo</p>
<formula alineacion="centrada" src="MA_G07_05_CO_032.gif"></formula>
<p><negrita>Porque –6 > –7.</negrita></p>
<listaSinNumerar>
<listaElemento>Si las fracciones tienen diferente denominador, se
emplean fracciones equivalentes que tengan como denominador común
el <negrita>mínimo común múltiplo </negrita>entre ellos. </listaElemento>
</listaSinNumerar>
<p>Ejemplo  </p>
<p>Para ordenar de menor a mayor los números racionales</p>
<formula alineacion="centrada" src="MA_G07_05_CO_033.gif"></formula>
<p>-	Se halla el <negrita>mínimo común múltiplo de los denominadores</negrita
>.   </p>
<p centrado="si">mcm (5, 4, 8, 10) = 40  </p>
<p>-	Se <negrita>amplifica</negrita> cada fracción para que su denominador
sea el mcm.</p>
<formula alineacion="centrada" src="MA_G07_05_CO_034.gif"></formula>
<formula alineacion="centrada" src="MA_G07_05_CO_035.gif"></formula>
<formula alineacion="centrada" src="MA_G07_05_CO_036.gif"></formula>
<formula alineacion="centrada" src="MA_G07_05_CO_037.gif"></formula>
<p>-	Se <negrita>ordenan</negrita> las fracciones obtenidas <negrita
>comparando los numeradores</negrita>.</p>
<formula alineacion="centrada" src="MA_G07_05_CO_038.gif"></formula>
<p>-	Se <negrita>escriben</negrita> nuevamente las <negrita>fracciones
simplificadas</negrita>.</p>
<formula alineacion="centrada" src="MA_G07_05_CO_039.gif"></formula>
<destacado><destacadoTitulo>Relaciones de orden en los números de
la forma <cursiva>a/b</cursiva></destacadoTitulo><destacadoTexto>
<listaSinNumerar>
<listaElemento>Al comparar dos fracciones representadas en la recta
numérica, es mayor la que se encuentra a la derecha.</listaElemento>
</listaSinNumerar>
</destacadoTexto></destacado></seccion2Texto></seccion2><seccion2
id="S2_MA_07_05_CO_6982173CF5964EA3A209D6A2BE9C7744"><?Pub Dtl?>
<seccion2Titulo>El orden de racionales con expresión decimal </seccion2Titulo>
<seccion2Texto>
<p>Para <negrita>comparar números racionales expresados como números
decimales</negrita> se tiene en cuenta que:</p>
<listaSinNumerar>
<listaElemento>Es <negrita>mayor</negrita> el número que tiene <negrita
>la mayor parte entera</negrita>.</listaElemento>
<listaElemento>Si los números tienen<negrita> igual parte entera</negrita
>, se revisa <negrita>cada una de las cifras de la parte decimal comparando
sus valores individualmente de izquierda a derecha</negrita>: primero
décimas, luego centésimas, después milésimas..., hasta encontrar la
mayor.</listaElemento>
</listaSinNumerar>
<p>Ejemplo  </p>
<p>Para ordenar los números 64,2; 58,788; –17,16; –17,56; 64,203;
58,9 de mayor a menor, el proceso que debe seguirse es:</p>
<listaSinNumerar>
<listaElemento><negrita>Comparar la parte entera</negrita>. Los números
con la mayor parte entera son:</listaElemento>
</listaSinNumerar>
<p centrado="si"><negrita>64</negrita>,2 y <negrita>64</negrita>,203
 </p>
<p>Como tienen la misma parte entera, se debe comparar la parte decimal. </p>
<listaSinNumerar>
<listaElemento><negrita>Comparar la parte decimal de izquierda a derecha</negrita
>. Como, las décimas (2 = 2) y las centésimas (0 = 0) son iguales,
se comparan las milésimas y se encuentra que:</listaElemento>
</listaSinNumerar>
<p centrado="si">3>0 </p>
<p>Por lo tanto: </p>
<p centrado="si">64,203 > 64,2</p>
<listaSinNumerar>
<listaElemento>La siguiente parte entera mayor después del 64 es el
58. Hay dos números con 58 como parte entera (58,788 y 58,9), así
que se debe comparar la parte decimal.</listaElemento>
<listaElemento>Al comparar las décimas se tiene que 9 > 7; por lo
tanto, no es necesario seguir comparando las demás cifras decimales;
luego:</listaElemento>
</listaSinNumerar>
<p centrado="si">58,9 > 58,788</p>
<listaSinNumerar>
<listaElemento>Para finalizar, se tienen los números –17,16 y –17,56;
puesto que son negativos, serán menores que todos los positivos; como
tienen la misma parte entera se comparan las décimas, –5 &lt; –1;
por consiguiente:</listaElemento>
</listaSinNumerar>
<p centrado="si">–17,56 &lt; –17,16  </p>
<p>La lista de números ordenados de mayor a menor es:  </p>
<p centrado="si">64,203 > 64,200 > 58,900 > 58,788 > –17,16 > –17,56</p>
<destacado><destacadoTitulo>Orden y recta numérica de números decimales</destacadoTitulo>
<destacadoTexto>
<p>Una lista de <negrita>números decimales</negrita> se puede <negrita
>ordenar</negrita> representando cada número decimal en la <negrita
>recta numérica</negrita>. Los números se organizan en función de
la posición que ocupan en la recta: el <negrita>menor es el de la
izquierda</negrita> y el <negrita>mayor es el de la derecha</negrita
>.</p>
</destacadoTexto></destacado><practica>
<enlace
destino="/LoIdRedirect.aspx?LoId=MA_07_05_CO_Recurso300&amp;IdRecurso=RES-67971BB339644D6EB068BA041421B8B4"
>Ordena fracciones</enlace>
<enlace
destino="/LoIdRedirect.aspx?LoId=MA_07_05_CO_Recurso310&amp;IdRecurso=RES-7079F2F753DE41A5B7D354C20523AE1A"
>Completa series de números decimales</enlace>
<enlace
destino="/LoIdRedirect.aspx?LoId=MA_07_05_CO_Recurso320&amp;IdRecurso=RES-91C5AEB6BA6743F6AE65322AD815C951"
>Resuelve situaciones comparando números racionales</enlace>
</practica></seccion2Texto></seccion2><seccion2
id="S2_MA_07_05_CO_6982173CF5964EA3A209D6A2BE9C8855"><?Pub Dtl?>
<seccion2Titulo>Consolidación</seccion2Titulo>
<seccion2Texto>
<p>Actividad para afianzar lo que has aprendido en esta sección.</p>
<practica>
<enlace
destino="/LoIdRedirect.aspx?LoId=MA_07_05_CO_Recurso330&amp;IdRecurso=RES-6C671ED9EA3341B8A696C0DBDEE0F74A"
>Refuerza tu aprendizaje: El orden en los racionales</enlace>
</practica></seccion2Texto></seccion2></seccion1Texto></seccion1>
<seccion1 id="S1_MA_07_05_CO_0EEF60620DCE4FC4BB76A41ED11BC1F7"><?Pub Dtl?>
<seccion1Titulo>Competencias</seccion1Titulo>
<seccion1Texto>
<p>Pon a prueba tus capacidades y aplica lo aprendido con estos recursos.</p>
<practica>
<enlace
destino="/LoIdRedirect.aspx?LoId=MA_07_05_CO_Recurso340&amp;IdRecurso=RES-8ABE4CE9D21249B5942CB5C8A961D0F6"
>Competencias: relaciona notas musicales con fracciones</enlace>
<enlace
destino="/LoIdRedirect.aspx?LoId=MA_07_05_CO_Recurso350&amp;IdRecurso=RES-686FBA86E57B439CA27B76CCDADE8A6D"
>Competencias: estudio de los decimales del número pi</enlace>
</practica></seccion1Texto></seccion1><masinformacion
id="MI_MA_07_05_CO_766EA64E27D8423DA7B141DFD2185D3F"><?Pub Dtl?>
<mapaconceptual><enlace
destino="/LoIdRedirect.aspx?LoId=MA_07_05_CO_Recurso370&amp;IdRecurso=RES-031DBFEE1F5244A3B55224D6FE5BBDAA"
>Mapa Conceptual</enlace></mapaconceptual><autoevaluate><enlace
destino="/LoIdRedirect.aspx?LoId=MA_07_05_CO_Recurso380&amp;IdRecurso=RES-05EDA694069E46FCAC4C080962271A66"
>Evaluación</enlace></autoevaluate><enlacesreferencia>
<enlace
destino="http://recursostic.educacion.es/secundaria/edad/1esomatematicas/1quincena5/1quincena5_contenidos_2a.htm "
>Repasa las fracciones equivalentes.</enlace>
<enlace
destino="http://tecdigital.tec.ac.cr/revistamatematica/AportesPe/Teoria/Racionales/Mod2/node1.html"
>Refuerza la representación de los números racionales en la recta
numérica. </enlace>
<enlace
destino="http://www.eskola20.org/sd/eso/mat/numeros_decimales/modulos/es/content_1_4.html"
>Repasa los números decimales. </enlace>
<enlace destino="http://www.vitutor.com/di/d/a_3e.html">Ejercicios
sobre orden en los números racionales: fracciones y decimales.</enlace>
</enlacesreferencia></masinformacion></libro>
