﻿<?xml version="1.0" encoding="utf-8"?><engine copy="Editorial Planeta" version="1" aprid="f6b"><main layout="0">
<title>Cantidades racionales en contexto</title>
</main>
<sections>
<section i="0" star="false" >
<menuImage>
<title><![CDATA[<p style="text-align: center;"><span style="font-size:20px;"><span style="font-family:verdana,geneva,sans-serif;">Situaci&oacute;n para determinar tiempos en una competencia</span></span></p>
]]></title>
</menuImage>
<pages>
<page i="0">
<title>Interpretemos expresiones racionales</title>
<description><![CDATA[<p><span style="font-size:20px;"><span style="font-family:verdana,geneva,sans-serif;">En una competencia cicl&iacute;stica, Jairo gast&oacute; <span style="font-size:30px;"><span class="math-tex">\(\frac {3} {4}\)</span></span> de hora en el recorrido, Esteban <span style="font-size:30px;"><span class="math-tex">\(\frac {4} {5}\)</span></span>&nbsp;de hora&nbsp;y Carlos <span style="font-size:30px;"><span class="math-tex">\(\frac {7} {9}\)</span></span>&nbsp;de hora.&nbsp; </span></span></p>

<p><span style="font-size:20px;"><span style="font-family:verdana,geneva,sans-serif;">De acuerdo con la situaci&oacute;n, determina si las siguientes afirmaciones son verdaderas (V) o falsas (F).&nbsp;</span></span></p>

<p></p>

<p><span style="font-size:20px;"><span style="font-family:verdana,geneva,sans-serif;"><strong>a) </strong>Jairo hizo el recorrido en 0,25&nbsp;horas.</span></span></p>

<p><span style="font-size:20px;"><span style="font-family:verdana,geneva,sans-serif;"><strong>b) </strong>Esteban gast&oacute;&nbsp;0,8 horas en el recorrido.</span></span></p>

<p><span style="font-size:20px;"><span style="font-family:verdana,geneva,sans-serif;"><strong>c) </strong>Carlos tard&oacute; 0,6&nbsp;horas en el recorrido.</span></span></p>

<p><span style="font-size:20px;"><span style="font-family:verdana,geneva,sans-serif;"><strong>d) </strong>Carlos demor&oacute; un tiempo infinito en el recorrido.</span></span></p>
]]></description>
<images>
<image path="MA_07_05_CO_REC210_IMG01n.jpg" border="false" pathbig="MA_07_05_CO_REC210_IMG01a.jpg" zoomEnabled="true">
<title><![CDATA[]]></title>
</image>
</images>
<questions>
</questions>
</page>
<page i="0">
<title>Resolvamos el problema</title>
<description><![CDATA[<p><span style="font-size:20px;"><span style="font-family:verdana,geneva,sans-serif;">Para resolver el problema, es preciso encontrar las expresiones decimales de las fracciones que aparecen en el enunciado.</span></span></p>

<p><span style="font-size:20px;"><span style="font-family:verdana,geneva,sans-serif;">Las expresiones decimales respectivas se pueden hallar dividiendo cada numerador entre su respectivo denominador.</span></span></p>

<p><span style="font-family:verdana,geneva,sans-serif;"><span style="font-size:20px;">Tiempo de Jairo: <span style="font-size:30px;"><span class="math-tex">\(\frac {3} {4}\)</span></span>&nbsp;de hora <span style="font-size:30px;"><span class="math-tex">\(\Rightarrow \)</span></span>&nbsp;3 &divide; 4 = 0,75</span></span></p>

<p><span style="font-family:verdana,geneva,sans-serif;"><span style="font-size:20px;">Tiempo de Esteban:&nbsp;<span style="font-size:30px;"><span class="math-tex">\(\frac {4} {5}\)</span></span>&nbsp;de hora <span style="font-size:30px;"><span class="math-tex">\(\Rightarrow \)</span></span>&nbsp;4 &divide;&nbsp;5 = 0,8</span></span></p>

<p><span style="font-family:verdana,geneva,sans-serif;"><span style="font-size:20px;">Tiempo de Carlos:&nbsp;<span style="font-size:30px;"><span class="math-tex">\(\frac {7} {9}\)</span></span>&nbsp;de hora <span style="font-size:30px;"><span class="math-tex">\(\Rightarrow \)</span></span>&nbsp;7 <span style="color: rgb(51, 51, 51); background-color: rgb(255, 255, 255);">&divide; 9 = 0,777...</span></span></span></p>
]]></description>
<images>
<image path="MA_07_05_CO_REC210_IMG02n.jpg" border="false" pathbig="MA_07_05_CO_REC210_IMG02a.jpg" zoomEnabled="true">
<title><![CDATA[]]></title>
</image>
</images>
<questions>
<question visible="true">
<text><![CDATA[<p><span style="font-size:20px;"><span style="font-family:verdana,geneva,sans-serif;">La expresi&oacute;n decimal de&nbsp;&frac14; es:</span></span></p>

<p></p>
]]></text><answers>
<answer correct="false">
<![CDATA[

0,4]]></answer>
<answer correct="true">
<![CDATA[

0,25]]></answer>
<answer correct="false">
<![CDATA[

0,0444...]]></answer>
<answer correct="false">
<![CDATA[

0,025]]></answer>
</answers>
</question>
<question visible="true">
<text><![CDATA[<span style="color: rgb(51, 51, 51); font-family: verdana, geneva, sans-serif; font-size: 20px; background-color: rgb(255, 255, 255);">La expresi&oacute;n decimal de ⅖&nbsp;es:</span>]]></text><answers>
<answer correct="false">
<![CDATA[

2,5]]></answer>
<answer correct="false">
<![CDATA[

0,2 ]]></answer>
<answer correct="true">
<![CDATA[

0,4]]></answer>
<answer correct="false">
<![CDATA[

0,25 ]]></answer>
</answers>
</question>
<question visible="true">
<text><![CDATA[<span style="font-size:20px;"><span style="font-family:verdana,geneva,sans-serif;">La expresi&oacute;n decimal de&nbsp;⅔ es:</span></span>]]></text><answers>
<answer correct="true">
<![CDATA[

0,6666...]]></answer>
<answer correct="false">
<![CDATA[

0,666]]></answer>
<answer correct="false">
<![CDATA[

0,3333...]]></answer>
<answer correct="false">
<![CDATA[

2,6]]></answer>
</answers>
</question>
<question visible="true">
<text><![CDATA[<span style="font-size:20px;"><span style="font-family:verdana,geneva,sans-serif;">La expresi&oacute;n decimal de&nbsp;⅟<span style="font-size:12px;">11</span> es:</span></span>]]></text><answers>
<answer correct="false">
<![CDATA[

1,1]]></answer>
<answer correct="false">
<![CDATA[

0,11]]></answer>
<answer correct="false">
<![CDATA[

0,09]]></answer>
<answer correct="true">
<![CDATA[

0,090909...]]></answer>
</answers>
</question>
</questions>
</page>
<page i="0">
<title>Solución </title>
<description><![CDATA[<p><span style="font-size:20px;"><span style="font-family:verdana,geneva,sans-serif;">Conociendo las expresiones decimales de los tiempos empleados por cada uno de los tres ciclistas, se pueden evaluar los enunciados.</span></span></p>

<p></p>

<p><span style="font-size: 20px;"><span style="font-family: verdana, geneva, sans-serif;"><strong>a)&nbsp;</strong>Jairo hizo el recorrido en 0,25&nbsp;horas. <span style="color:#0000CD;"><strong>(F)</strong></span></span></span></p>

<p><span style="font-size: 20px;"><span style="font-family: verdana, geneva, sans-serif;"><strong>b)&nbsp;</strong>Esteban gast&oacute;&nbsp;0,8 horas en el recorrido.&nbsp;</span></span><strong style="color: rgb(0, 0, 205); font-family: verdana, geneva, sans-serif; font-size: 20px;">(V)</strong></p>

<p><span style="font-size: 20px;"><span style="font-family: verdana, geneva, sans-serif;"><strong>c)&nbsp;</strong>Carlos tard&oacute; 0,6&nbsp;horas en el recorrido.&nbsp;</span></span><strong style="color: rgb(0, 0, 205); font-family: verdana, geneva, sans-serif; font-size: 20px;">(F)</strong></p>

<p><span style="font-size: 20px;"><span style="font-family: verdana, geneva, sans-serif;"><strong>d)&nbsp;</strong>Carlos demor&oacute; un tiempo infinito en el recorrido.&nbsp;</span></span><strong style="color: rgb(0, 0, 205); font-family: verdana, geneva, sans-serif; font-size: 20px;">(F)</strong></p>

<p><span style="font-family:verdana,geneva,sans-serif;"><span style="font-size:20px;">Aunque&nbsp;<span class="math-tex">\(7\div 9=0,\overline{7}\)</span>, no tiene sentido decir que Carlos compiti&oacute; un tiempo infinito. En estas situaciones es donde se aplica la aproximaci&oacute;n de los decimales, siendo verdadera la afirmaci&oacute;n:</span></span></p>

<p><span style="font-family:verdana,geneva,sans-serif;"><span style="font-size:20px;">Carlos gast&oacute; aproximadamente 0,8 horas.</span></span></p>

<p></p>

<p></p>
]]></description>
<images>
<image path="MA_07_05_CO_REC210_IMG03n.jpg" border="false" pathbig="MA_07_05_CO_REC210_IMG03a.jpg" zoomEnabled="true">
<title><![CDATA[]]></title>
</image>
</images>
<questions>
</questions>
</page>
</pages>
</section><section i="1" star="false" >
<menuImage>
<title><![CDATA[<p style="text-align: center;"><span style="font-size:20px;"><span style="font-family:verdana,geneva,sans-serif;">Situaci&oacute;n para determinar &aacute;reas asignadas a algunas zonas especiales</span></span></p>
]]></title>
</menuImage>
<pages>
<page i="0">
<title>Situación problema</title>
<description><![CDATA[<p><span style="font-family:verdana,geneva,sans-serif;"><span style="font-size:20px;">Francisco es el arquitecto encargado de construir el nuevo conjunto residencial y para desarrollar el proyecto&nbsp;cuenta&nbsp;</span></span><span style="font-family:verdana,geneva,sans-serif;"><span style="font-size:20px;">con un terreno de una hect&aacute;rea.</span></span></p>

<p><span style="font-family:verdana,geneva,sans-serif;"><span style="font-size:20px;">&Eacute;l decide adecuar 0,4 hect&aacute;reas para escenarios recreativos,</span></span>&nbsp;<span style="font-family:verdana,geneva,sans-serif;"><span style="font-size:20px;">1/3 del terreno para zonas verdes y 0,26666&hellip; para los inmuebles.&nbsp;</span></span></p>

<p><span style="font-family:verdana,geneva,sans-serif;"><span style="font-size:20px;">De acuerdo con&nbsp;la informaci&oacute;n, determina si las siguientes afirmaciones son verdaderas (V) o falsas (F).</span></span></p>

<p><span style="font-family:verdana,geneva,sans-serif;"><span style="font-size:20px;"><strong>a) </strong>Francisco&nbsp;utilizar&aacute;&nbsp;⅖&nbsp;de hect&aacute;rea&nbsp;para&nbsp;los escenarios recreativos.</span></span></p>

<p><strong style="font-family: verdana, geneva, sans-serif; font-size: 20px;">b) </strong><span style="font-family: verdana, geneva, sans-serif;"><span style="font-size: 20px;">Francisco usar&aacute;&nbsp;⅓ de hect&aacute;rea&nbsp;para las zonas verdes.</span></span></p>

<p><strong style="font-family: verdana, geneva, sans-serif; font-size: 20px;">c)&nbsp;</strong><span style="font-family:verdana,geneva,sans-serif;"><span style="font-size:20px;">Francisco destinar&aacute;&nbsp;la mayor parte del terreno para las edificaciones.</span></span></p>

<p><strong style="font-family: verdana, geneva, sans-serif; font-size: 20px;">d)&nbsp;</strong><span style="font-family: verdana, geneva, sans-serif;"><span style="font-size: 20px;">Francisco utilizar&aacute; 4/15&nbsp;para edificaciones.</span></span></p>
]]></description>
<images>
<image path="MA_07_05_CO_REC210_IMG04n.jpg" border="false" pathbig="MA_07_05_CO_REC210_IMG04a.jpg" zoomEnabled="true">
<title><![CDATA[]]></title>
</image>
</images>
<questions>
</questions>
</page>
<page i="0">
<title>Resolvamos el problema</title>
<description><![CDATA[<p><span style="font-size:20px;"><span style="font-family:verdana,geneva,sans-serif;">Para determinar si las afirmaciones son verdaderas o falsas,&nbsp;es necesario conocer las expresiones <strong>fraccionaria</strong> y <strong>decimal </strong>de las cantidades citadas.</span></span></p>

<p></p>

<p><span style="font-size:20px;"><span style="font-family:verdana,geneva,sans-serif;">Para los escenarios recreativos Francisco destina&nbsp;0,4 del terreno; como 0,4 es un <strong>n&uacute;mero&nbsp;decimal exacto</strong> y tiene una cifra decimal, multiplicamos el numerador por 10 y colocamos como denominador la unidad con un solo cero:</span></span></p>

<p style="text-align: center;"><span style="font-size:18px;"><span style="font-family:verdana,geneva,sans-serif;">&nbsp; &nbsp; &nbsp; &nbsp; &nbsp; &nbsp; &nbsp; &nbsp; &nbsp; &nbsp;<span style="font-size:30px;"><span class="math-tex">\(0,4= \frac{4}{10}=\frac{2}{5}\)</span></span> &nbsp; &nbsp;</span></span></p>

<p></p>

<p></p>

<p></p>

<p></p>
]]></description>
<images>
<image path="MA_07_05_CO_REC210_IMG05n.jpg" border="false" pathbig="MA_07_05_CO_REC210_IMG05a.jpg" zoomEnabled="true">
<title><![CDATA[]]></title>
</image>
</images>
<questions>
<question visible="true">
<text><![CDATA[<span style="font-family: verdana, geneva, sans-serif; font-size: 20px;">Determina cu&aacute;l de las siguientes afirmaciones es verdadera.</span>]]></text><answers>
<answer correct="true">
<![CDATA[

0,2 puede expresarse como una fracción decimal.]]></answer>
<answer correct="false">
<![CDATA[

0,2 no puede expresarse como fracción decimal.]]></answer>
<answer correct="false">
<![CDATA[

0,2 se puede expresar como fracción no decimal.]]></answer>
<answer correct="false">
<![CDATA[

0,2 no se puede expresar como fracción.]]></answer>
</answers>
</question>
<question visible="true">
<text><![CDATA[<span style="font-size:20px;"><span style="font-family:verdana,geneva,sans-serif;">Determina cu&aacute;l de las siguientes afirmaciones es falsa.</span></span>]]></text><answers>
<answer correct="false">
<![CDATA[

Todo decimal exacto puede expresarse como fracción.]]></answer>
<answer correct="false">
<![CDATA[

Todo decimal infinito periódico puede expresarse como fracción.]]></answer>
<answer correct="false">
<![CDATA[

Todo decimal periódico mixto puede expresarse como fracción.]]></answer>
<answer correct="true">
<![CDATA[

Todo decimal puede expresarse como fracción.]]></answer>
</answers>
</question>
</questions>
</page>
<page i="0">
<title>Procedimiento</title>
<description><![CDATA[<p></p>

<p><span style="font-size:20px;"><span style="font-family:verdana,geneva,sans-serif;">Para las zonas verdes</span></span><span style="font-size:20px;"><span style="font-family:verdana,geneva,sans-serif;">&nbsp;Francisco destina&nbsp;0,3333... de terreno. Como 0,3333...&nbsp;es un <strong>decimal peri&oacute;dico puro</strong>, para hallar su&nbsp;expresi&oacute;n fraccionaria debemos seguir el procedimiento:</span></span></p>

<p><span style="font-size:20px;"><span style="font-family:verdana,geneva,sans-serif;">1) Para el numerador: del n&uacute;mero decimal sin comas se sustrae la parte entera.&nbsp;</span></span></p>

<p style="text-align: center;"><span style="font-size:20px;"><span style="font-family:verdana,geneva,sans-serif;">3 - 0 = 3</span></span></p>

<p><span style="font-size:20px;"><span style="font-family:verdana,geneva,sans-serif;">2) Para el denominador: se escriben tantos nueves como cifras tenga el per&iacute;odo.&nbsp;</span></span></p>

<p style="text-align: center;"><span style="font-family:verdana,geneva,sans-serif;"><span style="font-size:20px;"><span style="font-size:30px;"><span class="math-tex">\(\frac{3}{9}\)</span></span>&nbsp;</span></span></p>

<p><span style="font-family:verdana,geneva,sans-serif;"><span style="font-size:20px;">3) Finalmente, se simplifica la fracci&oacute;n cuando sea posible.&nbsp;</span></span></p>

<p style="text-align: center;"><span style="font-size:25px;"><span style="font-family:verdana,geneva,sans-serif;"><span class="math-tex">\(0,\overline{3}=\frac{1}{3}\)</span></span></span></p>

<p></p>

<p></p>

<p></p>

<p></p>
]]></description>
<images>
<image path="MA_07_05_CO_REC210_IMG06n.jpg" border="false" pathbig="MA_07_05_CO_REC210_IMG06a.jpg" zoomEnabled="true">
<title><![CDATA[]]></title>
</image>
</images>
<questions>
</questions>
</page>
<page i="0">
<title>Procedimento</title>
<description><![CDATA[<p><span style="font-size:20px;"><span style="font-family: verdana, geneva, sans-serif;">Para la zona de edificaciones Francisco destin&oacute;&nbsp;0,26666... del terreno. Como 0,26666... es un&nbsp;<strong>n&uacute;mero decimal peri&oacute;dico mixto</strong>, se puede expresar como n&uacute;mero fraccionario mediante el siguiente proceso:</span></span></p>

<p><span style="font-size:20px;"><span style="font-family: verdana, geneva, sans-serif;">1) Para el numerador: se halla la diferencia entre el n&uacute;mero sin comas menos la parte entera con las cifras decimales hasta el inicio del per&iacute;odo.&nbsp;</span></span></p>

<p style="text-align: center;"><span style="font-size:20px;"><span style="font-family: verdana, geneva, sans-serif;">26 - 2 = 24</span></span></p>

<p><span style="font-size:20px;"><span style="font-family: verdana, geneva, sans-serif;">2) Para el denominador: se escriben tantos nueves como cifras&nbsp;tenga el per&iacute;odo y tantos ceros como cifras halla entre la coma y antes del inicio del per&iacute;odo.&nbsp;</span></span></p>

<p style="text-align: center;"><span style="font-size:30px;"><span style="font-family:verdana,geneva,sans-serif;"><span class="math-tex">\(\frac{24}{90}\)</span></span></span></p>

<p><span style="font-size:20px;"><span style="font-family: verdana, geneva, sans-serif;">3) Finalmente, se simplifica la fracci&oacute;n siempre que se pueda.&nbsp;</span></span></p>

<p style="text-align: center;"><span style="font-size:25px;"><span style="font-family:verdana,geneva,sans-serif;"><span class="math-tex">\(0,2\overline{6}=\frac{4}{15}\)</span></span></span></p>
]]></description>
<images>
<image path="MA_07_05_CO_REC210_IMG07n.jpg" border="false" pathbig="MA_07_05_CO_REC210_IMG07a.jpg" zoomEnabled="true">
<title><![CDATA[]]></title>
</image>
</images>
<questions>
</questions>
</page>
<page i="0">
<title>Solución</title>
<description><![CDATA[<p><span style="font-family: verdana, geneva, sans-serif;"><span style="font-size: 20px;">Si organizamos la informaci&oacute;n en una tabla, tenemos:&nbsp; </span></span></p>

<p></p>

<table border="1" cellpadding="1" cellspacing="1" style="width: 500px;">
	<tbody>
		<tr>
			<td style="text-align: center;"><span style="font-size:20px;"><span style="font-family:verdana,geneva,sans-serif;">Espacio</span></span></td>
			<td style="text-align: center;"><span style="font-size:20px;"><span style="font-family:verdana,geneva,sans-serif;">Fracci&oacute;n</span></span></td>
			<td style="text-align: center;"><span style="font-size:20px;"><span style="font-family:verdana,geneva,sans-serif;">Decimal</span></span></td>
		</tr>
		<tr>
			<td><span style="font-size:20px;"><span style="font-family:verdana,geneva,sans-serif;">Zonas verdes</span></span></td>
			<td style="text-align: center;"><span style="font-size:20px;"><span style="font-family:verdana,geneva,sans-serif;"><span style="font-size:30px;"><span class="math-tex">\(\frac{1}{3}\)</span></span></span></span></td>
			<td style="text-align: center;"><span style="font-family:verdana,geneva,sans-serif;"><span style="font-size:30px;"><span class="math-tex">\(0,\overline{6}\)</span></span></span></td>
		</tr>
		<tr>
			<td><span style="font-size:20px;"><span style="font-family:verdana,geneva,sans-serif;">Escenarios recreativos</span></span></td>
			<td style="text-align: center;"><span style="font-family:verdana,geneva,sans-serif;"><span style="font-size:30px;"><span class="math-tex">\(\frac{2}{5}\)</span></span></span></td>
			<td style="text-align: center;"><span style="font-family:verdana,geneva,sans-serif;"><span style="font-size:30px;"><span class="math-tex">\(0,4\)</span></span></span></td>
		</tr>
		<tr>
			<td><span style="font-size:20px;"><span style="font-family:verdana,geneva,sans-serif;">Construcciones</span></span></td>
			<td style="text-align: center;"><span style="font-family:verdana,geneva,sans-serif;"><span style="font-size:30px;"><span class="math-tex">\(\frac{4}{15}\)</span></span></span></td>
			<td style="text-align: center;"><span style="font-family:verdana,geneva,sans-serif;"><span style="font-size:30px;"><span class="math-tex">\(0,2\overline{6}\)</span></span></span></td>
		</tr>
	</tbody>
</table>

<p><span style="font-size: 20px;"><span style="font-family: verdana, geneva, sans-serif;">Con esta informaci&oacute;n podemos evaluar las afirmaciones que presenta&nbsp;el problema:</span></span></p>

<p><span style="font-family: verdana, geneva, sans-serif;"><span style="font-size: 20px;"><strong>a)&nbsp;</strong>Francisco&nbsp;utilizar&aacute;&nbsp;⅖&nbsp;de hect&aacute;rea&nbsp;para&nbsp;los escenarios recreativos. <strong><span style="color:#0000CD;">(V)</span></strong></span></span></p>

<p><strong style="font-family: verdana, geneva, sans-serif; font-size: 20px;">b)&nbsp;</strong><span style="font-family: verdana, geneva, sans-serif;"><span style="font-size: 20px;">Francisco usar&aacute;&nbsp;⅓ de hect&aacute;rea&nbsp;para las zonas verdes.&nbsp;</span></span><strong style="font-family: verdana, geneva, sans-serif; font-size: 20px;"><span style="color: rgb(0, 0, 205);">(V)</span></strong></p>

<p><strong style="font-family: verdana, geneva, sans-serif; font-size: 20px;">c)&nbsp;</strong><span style="font-family: verdana, geneva, sans-serif;"><span style="font-size: 20px;">Francisco destinar&aacute;&nbsp;la mayor parte del terreno para las edificaciones.&nbsp;</span></span><strong style="font-family: verdana, geneva, sans-serif; font-size: 20px;"><span style="color: rgb(0, 0, 205);">(F)</span></strong></p>

<p><strong style="font-family: verdana, geneva, sans-serif; font-size: 20px;">d)&nbsp;</strong><span style="font-family: verdana, geneva, sans-serif;"><span style="font-size: 20px;">Francisco utilizar&aacute; 4/15&nbsp;para edificaciones.&nbsp;</span></span><strong style="font-family: verdana, geneva, sans-serif; font-size: 20px;"><span style="color: rgb(0, 0, 205);">(V)</span></strong></p>

<p></p>

<div></div>

<ol style="list-style-type: lower-alpha;">
</ol>
]]></description>
<images>
<image path="MA_07_05_CO_REC210_IMG08n.jpg" border="false" pathbig="MA_07_05_CO_REC210_IMG08a.jpg" zoomEnabled="true">
<title><![CDATA[]]></title>
</image>
</images>
<questions>
</questions>
</page>
</pages>
</section></sections>
</engine>