﻿<?xml version="1.0" encoding="utf-8"?><motor tipo="10" clase="a" aprid="M10A">
  <plataforma>
    <grado><![CDATA[2]]></grado>
    <titulo>Identifica expresiones decimales</titulo>
    <area>3</area>
    <nivel>2</nivel>
    <referencia><![CDATA[FL35O]]></referencia>
    <idreg><![CDATA[228]]></idreg>
    <motor><![CDATA[M10A]]></motor>
    <lang>es</lang>
  </plataforma>
  <enunciado><![CDATA[Clasifica cada expresión decimal en la columna que le corresponde.]]></enunciado>
  <masinfo inicio="0"/>
  <sinaleatoriedad><![CDATA[0]]></sinaleatoriedad>
  <calc><![CDATA[0]]></calc>
  <textoacategoria cantidad="3">
    <cuestion>
      <categoria><![CDATA[Decimal exacto]]></categoria>
      <respuestas>
        <respuesta id="1"><![CDATA[0,368]]></respuesta>
        <respuesta id="2"><![CDATA[0,009]]></respuesta>
        <respuesta id="3"><![CDATA[2,6666]]></respuesta>
        <respuesta id="4"><![CDATA[10,03535]]></respuesta>
      </respuestas>
      <sonido/>
    </cuestion>
    <cuestion>
      <categoria><![CDATA[Decimal periódico puro]]></categoria>
      <respuestas>
        <respuesta id="1"><![CDATA[0,3333333...]]></respuesta>
        <respuesta id="2"><![CDATA[3,252525...]]></respuesta>
        <respuesta id="3"><![CDATA[6,124124124...]]></respuesta>
        <respuesta id="4"><![CDATA[3,016016016...]]></respuesta>
      </respuestas>
      <sonido/>
    </cuestion>
    <cuestion>
      <categoria><![CDATA[Decimal periódico mixto]]></categoria>
      <respuestas>
        <respuesta id="1"><![CDATA[0,1522222...]]></respuesta>
        <respuesta id="2"><![CDATA[1,3242424...]]></respuesta>
        <respuesta id="3"><![CDATA[6,63333333....]]></respuesta>
        <respuesta id="4"><![CDATA[12,0654654654...]]></respuesta>
      </respuestas>
      <sonido/>
    </cuestion>
  </textoacategoria>
</motor>