﻿<?xml version="1.0" encoding="utf-8"?>
<motor tipo="6" clase="b" aprid="M6b">
  <plataforma>
    <grado><![CDATA[2]]></grado>
    <titulo>Escribe fracciones</titulo>
    <volumen><![CDATA[3]]></volumen>
    <nivel>1</nivel>
    <referencia><![CDATA[mt_07_05_04]]></referencia>
    <id_reg><![CDATA[78]]></id_reg>
    <motor><![CDATA[M6b]]></motor>
    <lang>es</lang>
  </plataforma>
  <enunciado><![CDATA[Escucha cada audio y luego escribe la fracción correspondiente. Expresa los resultados utilizando la barra inclinada, por ejemplo: a/b.]]></enunciado>
  <masinfo inicio="0" />
  <calc><![CDATA[0]]></calc>
  <test cantidad="5">
    <cuestion correccionSinMayusculas="1" correccionSinPuntuacion="0" correccionSinPuntuacionFinal="0">
      <enunciado />
      <sonido><![CDATA[mt_07_05_04_01.mp3]]></sonido>
      <respuestas>
        <respuesta contestacion="3/4" />
      </respuestas>
    </cuestion>
    <cuestion correccionSinMayusculas="1" correccionSinPuntuacion="0" correccionSinPuntuacionFinal="0">
      <enunciado />
      <sonido><![CDATA[mt_07_05_04_02.mp3]]></sonido>
      <respuestas>
        <respuesta contestacion="9/10" />
      </respuestas>
    </cuestion>
    <cuestion correccionSinMayusculas="1" correccionSinPuntuacion="0" correccionSinPuntuacionFinal="0">
      <enunciado />
      <sonido><![CDATA[mt_07_05_04_03.mp3]]></sonido>
      <respuestas>
        <respuesta contestacion="4/3" />
      </respuestas>
    </cuestion>
    <cuestion correccionSinMayusculas="1" correccionSinPuntuacion="0" correccionSinPuntuacionFinal="0">
      <enunciado />
      <sonido><![CDATA[mt_07_05_04_04.mp3]]></sonido>
      <respuestas>
        <respuesta contestacion="43/9" />
      </respuestas>
    </cuestion>
    <cuestion correccionSinMayusculas="1" correccionSinPuntuacion="0" correccionSinPuntuacionFinal="0">
      <enunciado />
      <sonido><![CDATA[mt_07_05_04_05.mp3]]></sonido>
      <respuestas>
        <respuesta contestacion="7/11" />
      </respuestas>
    </cuestion>
  </test>
  <anchoespecial><![CDATA[0]]></anchoespecial>
</motor>