﻿<?xml version="1.0" encoding="utf-8"?><motor tipo="5" clase="a" aprid="m5a">
  <plataforma>
    <grado><![CDATA[2]]></grado>
    <titulo>Identifica la representación geométrica del cuadrado de un binomio</titulo>
    <area>0</area>
    <nivel>3</nivel>
    <referencia/>
    <idreg><![CDATA[0]]></idreg>
    <motor><![CDATA[M5A]]></motor>
    <lang>es</lang>
  </plataforma>
  <enunciado><![CDATA[Observa la figura y relaciónala con la expresión algebraica a la que corresponde su área.]]></enunciado>
  <masinfo inicio="0"/>
  <sinaleatoriedad><![CDATA[0]]></sinaleatoriedad>
  <calc><![CDATA[0]]></calc>
  <respuestaunica><![CDATA[1]]></respuestaunica>
  <test cantidad="8">
    <cuestion>
      <enunciado><![CDATA[¿Cuál es la expresión algebraica que corresponde a la siguiente figura?]]></enunciado>
      <explicacion/>
      <imagen><![CDATA[ma_08_03_rec40_img01n.png]]></imagen>
      <ampliacion><![CDATA[ma_08_03_rec40_img01a.png]]></ampliacion>
      <respuestas>
        <respuesta contestacion="{{cur}}x{{normal}}² + 6{{cur}}x{{normal}} + 9" correcta="1"/>
        <respuesta contestacion="{{cur}}x{{normal}}² + 10{{cur}}x{{normal}} + 25" correcta="0"/>
        <respuesta contestacion="4{{cur}}x{{normal}}² + 4{{cur}}xy{{normal}} + {{cur}}y{{normal}}²" correcta="0"/>
        <respuesta contestacion="{{cur}}x{{normal}}² – 6{{cur}}x{{normal}} + 9" correcta="0"/>
        <respuesta contestacion="{{cur}}x{{normal}}² + 2{{cur}}xy{{normal}} + {{cur}}y{{normal}}²" correcta="0"/>
      </respuestas>
    </cuestion>
    <cuestion>
      <enunciado><![CDATA[¿Cuál es la expresión algebraica que corresponde a la siguiente figura?]]></enunciado>
      <explicacion/>
      <imagen><![CDATA[ma_08_03_rec40_img02n.png]]></imagen>
      <ampliacion><![CDATA[ma_08_03_rec40_img02a.png]]></ampliacion>
      <respuestas>
        <respuesta contestacion="(2{{cur}}x{{normal}} + {{cur}}y{{normal}})²" correcta="1"/>
        <respuesta contestacion="({{cur}}x{{normal}} + 3)²" correcta="0"/>
        <respuesta contestacion="({{cur}}x{{normal}} + {{cur}}y{{normal}})²" correcta="0"/>
        <respuesta contestacion="({{cur}}x{{normal}} + 5)²" correcta="0"/>
        <respuesta contestacion="({{cur}}x{{normal}} – 3)²" correcta="0"/>
      </respuestas>
    </cuestion>
    <cuestion>
      <enunciado><![CDATA[¿Cuál es la expresión algebraica que corresponde a la siguiente figura?]]></enunciado>
      <explicacion/>
      <imagen><![CDATA[ma_08_03_rec40_img03n.png]]></imagen>
      <ampliacion><![CDATA[ma_08_03_rec40_img03a.png]]></ampliacion>
      <respuestas>
        <respuesta contestacion="{{cur}}x{{normal}}² + 2{{cur}}xy{{normal}} + {{cur}}y{{normal}}²" correcta="1"/>
        <respuesta contestacion="4{{cur}}x{{normal}}² + 4{{cur}}xy{{normal}} + {{cur}}y{{normal}}²" correcta="0"/>
        <respuesta contestacion="{{cur}}x{{normal}}² + 10{{cur}}x{{normal}} + 25" correcta="0"/>
        <respuesta contestacion="{{cur}}x{{normal}}² – 6{{cur}}x{{normal}} + 9" correcta="0"/>
        <respuesta contestacion="{{cur}}a{{normal}}² – 10{{cur}}a{{normal}} + 25" correcta="0"/>
      </respuestas>
    </cuestion>
    <cuestion>
      <enunciado><![CDATA[¿Cuál es la expresión algebraica que corresponde a la siguiente figura?]]></enunciado>
      <explicacion/>
      <imagen><![CDATA[ma_08_03_rec40_img04n.png]]></imagen>
      <ampliacion><![CDATA[ma_08_03_rec40_img04a.png]]></ampliacion>
      <respuestas>
        <respuesta contestacion="{{cur}}x{{normal}}² + 10{{cur}}x{{normal}} + 25" correcta="1"/>
        <respuesta contestacion="{{cur}}x{{normal}}² – 6{{cur}}x{{normal}} + 9" correcta="0"/>
        <respuesta contestacion="{{cur}}x{{normal}}² + 6{{cur}}x{{normal}} + 9" correcta="0"/>
        <respuesta contestacion="4{{cur}}x{{normal}}² + 4{{cur}}xy{{normal}} + {{cur}}y{{normal}}²" correcta="0"/>
        <respuesta contestacion="{{cur}}x{{normal}}² + 2{{cur}}xy{{normal}} + {{cur}}y{{normal}}²" correcta="0"/>
      </respuestas>
    </cuestion>
    <cuestion>
      <enunciado><![CDATA[¿Cuál es la expresión algebraica que corresponde a la siguiente figura?]]></enunciado>
      <explicacion/>
      <imagen><![CDATA[ma_08_03_rec40_img05n.png]]></imagen>
      <ampliacion><![CDATA[ma_08_03_rec40_img05a.png]]></ampliacion>
      <respuestas>
        <respuesta contestacion="({{cur}}x{{normal}} – 3)²" correcta="1"/>
        <respuesta contestacion="({{cur}}a{{normal}} – 5)²" correcta="0"/>
        <respuesta contestacion="({{cur}}x{{normal}} + 5)²" correcta="0"/>
        <respuesta contestacion="({{cur}}x{{normal}} + {{cur}}y{{normal}})²" correcta="0"/>
        <respuesta contestacion="(2{{cur}}x{{normal}} + {{cur}}y{{normal}})²" correcta="0"/>
      </respuestas>
    </cuestion>
    <cuestion>
      <enunciado><![CDATA[¿Cuál es la expresión algebraica que corresponde a la siguiente figura?]]></enunciado>
      <explicacion/>
      <imagen><![CDATA[ma_08_03_rec40_img05n.png]]></imagen>
      <ampliacion><![CDATA[ma_08_03_rec40_img05a.png]]></ampliacion>
      <respuestas>
        <respuesta contestacion="{{cur}}x{{normal}}² + 2{{cur}}xy{{normal}} + {{cur}}y{{normal}}²" correcta="0"/>
        <respuesta contestacion="{{cur}}x{{normal}}² + 2{{cur}}xy{{normal}} + {{cur}}y{{normal}}²" correcta="0"/>
        <respuesta contestacion="{{cur}}x{{normal}}² + 10{{cur}}x{{normal}} + 25" correcta="0"/>
        <respuesta contestacion="{{cur}}a{{normal}}² – 10{{cur}}a{{normal}} + 25" correcta="0"/>
        <respuesta contestacion="{{cur}}x{{normal}}² – 6{{cur}}x{{normal}} + 9" correcta="1"/>
      </respuestas>
    </cuestion>
    <cuestion>
      <enunciado><![CDATA[¿Cuál es la expresión algebraica que corresponde a la siguiente figura?]]></enunciado>
      <explicacion/>
      <imagen><![CDATA[ma_08_03_rec40_img06n.png]]></imagen>
      <ampliacion><![CDATA[ma_08_03_rec40_img06a.png]]></ampliacion>
      <respuestas>
        <respuesta contestacion="(2{{cur}}x{{normal}} + {{cur}}y{{normal}})²" correcta="0"/>
        <respuesta contestacion="({{cur}}x{{normal}} + {{cur}}y{{normal}})²" correcta="0"/>
        <respuesta contestacion="({{cur}}x{{normal}} + 5)²" correcta="0"/>
        <respuesta contestacion="({{cur}}a{{normal}} – 5)²" correcta="1"/>
        <respuesta contestacion="({{cur}}x{{normal}} – 3)²" correcta="0"/>
      </respuestas>
    </cuestion>
    <cuestion>
      <enunciado><![CDATA[¿Cuál es la expresión algebraica que corresponde a la siguiente figura?]]></enunciado>
      <explicacion/>
      <imagen><![CDATA[ma_08_03_rec40_img06n.png]]></imagen>
      <ampliacion><![CDATA[ma_08_03_rec40_img06a.png]]></ampliacion>
      <respuestas>
        <respuesta contestacion="{{cur}}x{{normal}}² + 10{{cur}}x{{normal}} + 25" correcta="0"/>
        <respuesta contestacion="{{cur}}x{{normal}}² – 6{{cur}}x{{normal}} + 9" correcta="0"/>
        <respuesta contestacion="{{cur}}a{{normal}}² – 10{{cur}}a{{normal}} + 25" correcta="1"/>
        <respuesta contestacion="{{cur}}x{{normal}}² + 2{{cur}}xy{{normal}} + {{cur}}y{{normal}}²" correcta="0"/>
        <respuesta contestacion="{{cur}}x{{normal}}² + 6{{cur}}x{{normal}} + 9" correcta="0"/>
      </respuestas>
    </cuestion>
  </test>
</motor>