<?xml version="1.0" encoding="iso-8859-1"?>
<metadata xmlns="urn:InfoRecurso">
  <identificador>RES-CDA3AC4CA8A14D68A509BD4ABE8AA187</identificador>
  <loid>MA_08_03_CO_Recurso140</loid>
  <titulo>El cubo de un binomio</titulo>
  <descripcion>Interactivo que expone el cubo de un binomio</descripcion>
  <relacionado>0</relacionado>
  <tiporecurso>Recurso con ficha</tiporecurso>
  <tiempoestimado>30</tiempoestimado>
  <acciondidactica>Estudio</acciondidactica>
  <competencia>Competencia matem�tica</competencia>
  <tipomedia pesado="false" matricula="">Interactivo</tipomedia>
  <conceptos>
    <concepto>binomio</concepto>
    <concepto>cubo</concepto>
  </conceptos>
</metadata>