﻿<?xml version="1.0" encoding="UTF-8"?>
<engine copy="Editorial Planeta" version="1" aprid="f13" title="Construcción de la Criba de Eratóstenes">
  <section title="Algo de historia" path="MA_06_04_CO_REC180_IMG01n.jpg" pathAmp="MA_06_04_CO_REC180_IMG01a.jpg" image1Text="&lt;p&gt;Erat&amp;oacute;stenes&lt;/p&gt;&#xA;" zoom1="true" zoom2a="false" zoom2b="false" layout="0"><![CDATA[<p><span style="font-size:20px"><span style="font-family:verdana,geneva,sans-serif">Erat&oacute;stenes fue un astr&oacute;nomo, ge&oacute;grafo, matem&aacute;tico y fil&oacute;sofo griego que vivi&oacute; desde&nbsp;284 a.C&nbsp;hasta 192 a.C.</span></span></p>

<p><span style="font-size:20px"><span style="font-family:verdana,geneva,sans-serif">Fue c&eacute;lebre en matem&aacute;ticas&nbsp;por la criba que lleva su nombre y que fue&nbsp;utilizada para hallar los n&uacute;meros primos. Una Criba es un instrumento para separar lo m&aacute;s fino de la harina o de otras sustancias y por la analog&iacute;a de</span></span><span style="font-size:20px"><span style="font-family:verdana,geneva,sans-serif">&nbsp;este proceso de clasificaci&oacute;n y selecci&oacute;n con el palnteado por Erat&oacute;stenes&nbsp;se llam&oacute; criba al m&eacute;todo planteado.</span></span></p>

<p><span style="font-size:20px"><span style="font-family:verdana,geneva,sans-serif">Es recordado por haber presentado por primera vez la longitud de la circunferencia de la Tierra (252.000 estadios, equivalentes a 40.000 kil&oacute;metros) con un error de s&oacute;lo 90 kil&oacute;metros respecto a las estimaciones actuales.</span></span></p>

<p><span style="font-size:20px"><span style="font-family:verdana,geneva,sans-serif">No s&oacute;lo fue cient&iacute;fico, sino tambi&eacute;n la poeta, fil&oacute;logo&nbsp;y fil&oacute;sofo, por lo que fue llamado&nbsp;&quot;pentatleta&quot;&nbsp;&nbsp;(campe&oacute;n de muchas especialidades).</span></span></p>

<p>&nbsp;</p>

<p>&nbsp;</p>

<p style="text-align:justify">&nbsp;</p>

<p style="text-align:justify">&nbsp;</p>
]]></section>
  <section title="Criba de Eratóstenes" path="MA_06_04_CO_REC180_IMG02n.jpg" pathAmp="MA_06_04_CO_REC180_IMG02a.jpg" image1Text="" zoom1="true" zoom2a="false" zoom2b="false" layout="1"><![CDATA[<p><span style="font-size:20px"><span style="font-family:verdana,geneva,sans-serif">Para construir la Criba de Erat&oacute;stenes se realiza el siguiente proceso:</span></span></p>

<p><span style="font-size:20px"><span style="font-family:verdana,geneva,sans-serif"><strong>Primero</strong>: se construye&nbsp;una tabla con los n&uacute;meros del 1 al 100.</span></span></p>

<p><img alt="" src="data/imagenes/ma_06_04_co_rec180_img04n.jpg" style="height:375px; width:240px" /></p>

<p>&nbsp;</p>

<p><span style="font-size:20px"><span style="font-family:verdana,geneva,sans-serif"><strong>Segundo</strong>: se se&ntilde;alan&nbsp;el n&uacute;mero 1&nbsp;y los m&uacute;ltiplos de 2 excepto el 2.</span></span></p>

<p><img alt="" src="data/imagenes/ma_06_04_co_rec180_img05n.jpg" style="height:375px; width:240px" /></p>

<p><span style="font-size:20px"><span style="font-family:verdana,geneva,sans-serif"><strong>Tercero</strong>: se se&ntilde;alan los m&uacute;ltiplos de 3, de 5 y de 7, excepto&nbsp;3, 5 y 7.</span></span></p>

<p><img alt="" src="data/imagenes/ma_06_04_co_rec180_img06n.jpg" style="height:375px; width:240px" /></p>

<p><span style="font-size:20px"><span style="font-family:verdana,geneva,sans-serif">Finalmente, los n&uacute;meros que quedaron sin se&ntilde;alar son los n&uacute;meros primos entre 1 y 100.</span></span></p>

<p><span style="font-size:20px"><span style="font-family:verdana,geneva,sans-serif">En la imagen, se muestran estos n&uacute;meros.</span></span></p>

<p><img alt="" src="data/imagenes/ma_06_04_co_rec180_img07n.jpg" style="height:375px; width:240px" /></p>
]]></section>
  <section title="Descifra el mensaje" path="MA_06_04_CO_REC180_IMG03n.jpg" pathAmp="MA_06_04_CO_REC180_IMG03a.jpg" image1Text="" zoom1="true" zoom2a="false" zoom2b="false" layout="0"><![CDATA[<p>&nbsp;</p>

<p><span style="font-size:20px">La criptograf&iacute;a es la t&eacute;cnica de escribir con claves secretas, de tal forma que solamente quien dise&ntilde;a la clave puede descifrar lo escrito.</span></p>

<p><span style="font-size:20px">La historia de la criptograf&iacute;a&nbsp;es tan antigua como la de los jerogl&iacute;ficos, pero a principios del siglo XX, la invenci&oacute;n de m&aacute;quinas&nbsp;mec&aacute;nicas y electromec&aacute;nicas complejas&nbsp;proporcionaron m&eacute;todos de cifrado m&aacute;s sofisticados y eficientes.</span></p>

<p><span style="font-size:20px">A partir de la criptograf&iacute;a tambi&eacute;n se ha desarrollado la ciencia del criptoan&aacute;lisis&nbsp;que es el arte de &quot;romper&quot; los c&oacute;digos&nbsp;y los cifrados.</span></p>

<p><span style="font-size:20px">Un caso interesante de mostrar, (incluso llevado al cine en el film <em>Codigo enigma)</em>, es en la Segunda guerra mundial, cuando los alemanes hicieron variantes de una maquina de rotores&nbsp;electromec&aacute;nica llamada <em>Enigma</em>.</span></p>

<p><span style="font-size:20px">Un grupo de matem&aacute;ticos de la &eacute;poca, liderados por Alan Turing, descifraron los c&oacute;digos de Enigma, proporcionando a los aliados elementos que, cuenta la historia, ayudaron a ganar la guerra.</span></p>

<p>&nbsp;</p>

<p><span style="font-size:20px"><span style="font-family:verdana,geneva,sans-serif">Ahora tu misi&oacute;n es decifrar el mensaje teniendo las siguientes reglas</span></span></p>

<ul>
	<li><span style="font-size:20px"><span style="font-family:verdana,geneva,sans-serif">​A cada letra del alfabeto se le asignar&aacute; un n&uacute;mero primo</span></span></li>
	<li><span style="font-size:20px"><span style="font-family:verdana,geneva,sans-serif">Se conservar&aacute; el orden de los n&uacute;meros primos y el orden del alfabeto. Por ejemplo:</span></span></li>
</ul>

<p style="text-align:center"><span style="font-size:20px"><span style="font-family:verdana,geneva,sans-serif">&nbsp;A=2 B=3 C=5 D=7 E=11 F=13 G=17</span></span></p>

<p><span style="font-size:20px"><span style="font-family:verdana,geneva,sans-serif">El mensaje esta escrito de la siguiente forma:</span></span></p>

<p><span style="font-size:20px"><span style="font-family:verdana,geneva,sans-serif">11-61-2-71-47-67-71-11-43-11-67, &nbsp; 97, &nbsp; 37-47-67, &nbsp; 53-61-23-41-47-67</span></span></p>

<p>&nbsp;</p>

<p>&nbsp;</p>
]]></section>
</engine>