﻿<?xml version="1.0" encoding="utf-8"?>
<motor tipo="101" clase="a" aprid="M101a">
  <plataforma>
    <grado><![CDATA[2]]></grado>
    <titulo>Refuerza tu aprendizaje: La multiplicación de números enteros</titulo>
    <area>3</area>
    <nivel>2</nivel>
    <referencia><![CDATA[MT_07_04]]></referencia>
    <idreg><![CDATA[4593]]></idreg>
    <motor><![CDATA[M101A]]></motor>
    <lang>es</lang>
  </plataforma>
  <enunciado><![CDATA[Realiza la siguiente actividad. Cuando termines haz clic en Enviar. Si es necesario, entrega las respuestas en mano o por email a tu profesor, para que pueda validarlas.]]></enunciado>
  <masinfo inicio="0" />
  <calc><![CDATA[1]]></calc>
  <preguntas cantidad="4">
    <pregunta>
      <enunciado><![CDATA[Escribe una situación de la vida cotidiana que se pueda expresar con la multiplicación (–5) · (+4). Luego, resuélvela y efectúa la operación.]]></enunciado>
      <explicacion><![CDATA[Existen varias situaciones pero el resultado de la operación debe darte –20.]]></explicacion>
      <nivel><![CDATA[2]]></nivel>
      <tipo />
      <imagen />
      <ampliacion />
      <texto />
    </pregunta>
    <pregunta>
      <enunciado><![CDATA[Realiza las siguientes operaciones y explica por qué el resultado es positivo o negativo.a) (+5) · (–2) · (–7) · (–3)         b) (–1) · (+2) · (–3) · (+6)]]></enunciado>
      <explicacion><![CDATA[SOLUCIÓN: a) –210    b) +36]]></explicacion>
      <nivel><![CDATA[2]]></nivel>
      <tipo />
      <imagen />
      <ampliacion />
      <texto />
    </pregunta>
    <pregunta>
      <enunciado><![CDATA[Expresa mediante una adición de sumandos iguales la multiplicación 6 · (‒3) y escribe el resultado.]]></enunciado>
      <explicacion><![CDATA[Recuerda que una multiplicación es la suma repetida de un factor una cantidad finita. Aplica esta idea y resuelve el ejercicio: (–3) + (–3) + (–3) + (–3) + (–3) + (–3) o también (–6) + (–6) + (–6). ¿Recuerdas por qué?]]></explicacion>
      <nivel><![CDATA[2]]></nivel>
      <tipo />
      <imagen />
      <ampliacion />
      <texto />
    </pregunta>
    <pregunta>
      <enunciado><![CDATA[Escribe cinco multiplicaciones diferentes cuyo producto sea ‒60.]]></enunciado>
      <explicacion><![CDATA[Puedes descomponer al número 60, así encontrarás más de cinco multiplicaciones cuyo producto sea 60. Luego, aplica las leyes de signos de la multiplicación y tendrás muchas más opciones.]]></explicacion>
      <nivel><![CDATA[3]]></nivel>
      <tipo />
      <imagen />
      <ampliacion />
      <texto />
    </pregunta>
  </preguntas>
  <temps>15</temps>
</motor>