<?xml version='1.0' encoding='UTF-8'?><engine copy="Editorial Planeta" version="1" aprid="f13" title="Realiza demostraciones de ángulos entre rectas paralelas y una transversal" >
<section title="Demostración 1" path="ma_08_08_co_rec200_img01n.jpg" pathAmp="ma_08_08_co_rec200_img01a.jpg" image1Text="&lt;p style=&quot;text-align: center;&quot;&gt;&lt;span style=&quot;font-size:18px&quot;&gt;&lt;span style=&quot;font-family:verdana,geneva,sans-serif&quot;&gt;∡&lt;em&gt;AFG&lt;/em&gt; + ∡&lt;em&gt;DGF&lt;/em&gt;= 180&amp;deg;&lt;/span&gt;&lt;/span&gt;&lt;/p&gt; " zoom1="true" zoom2a="false" zoom2b="false" layout="0" >
<![CDATA[<p style="text-align:center"><strong><span style="font-size:18px"><span style="font-family:verdana,geneva,sans-serif">Teorema de &aacute;ngulos complementarios&nbsp;</span></span></strong></p>

<p><span style="font-size:18px"><span style="font-family:verdana,geneva,sans-serif">Sean las rectas <em>AB</em> y <em>CD</em> cortadas por la transversal <em>EG</em>, como muestra la figura. </span></span></p>

<p><span style="font-size:18px"><span style="font-family:verdana,geneva,sans-serif">∡<em>AFG</em> y ∡<em>DGF</em> son congruentes, pues son internos a un mismo lado de la transversal; se demostrar&aacute; que estos son complementarios.</span></span></p>

<p style="text-align:center"><span style="font-size:18px"><span style="font-family:verdana,geneva,sans-serif">∡<em>AFG + </em>∡<em>AFE </em>= 180&deg;</span></span></p>

<p style="text-align:center"><span style="font-size:18px"><span style="font-family:verdana,geneva,sans-serif">∡<em>DGF + </em>∡<em>DGH </em>= 180&deg;</span></span></p>

<p style="text-align:center"><span style="font-size:18px"><span style="font-family:verdana,geneva,sans-serif">∡<em>AFG + </em>∡<em>AFE +</em> ∡<em>DGF + </em>∡<em>DGH = </em>360&deg;</span></span></p>

<p style="text-align:center"><span style="font-size:18px"><span style="font-family:verdana,geneva,sans-serif">El ∡<em>AFG</em> es congruente con el ∡<em>DGH</em></span></span></p>

<p style="text-align:center"><span style="font-size:18px"><span style="font-family:verdana,geneva,sans-serif">El ∡<em>AFE</em> es congruente con el ∡<em>DGF</em></span></span></p>

<p><span style="font-size:18px"><span style="font-family:verdana,geneva,sans-serif">Por tanto: </span></span></p>

<p style="text-align:center"><span style="font-size:18px"><span style="font-family:verdana,geneva,sans-serif">(2&nbsp;&sdot; ∡<em>AFG</em>) + (2 &sdot; ∡<em>AFE</em>) = 360&deg;</span></span></p>

<p><span style="font-size:18px"><span style="font-family:verdana,geneva,sans-serif">Entonces: </span></span></p>

<p style="text-align:center"><span style="font-size:18px"><span style="font-family:verdana,geneva,sans-serif">∡<em>AFG</em> + ∡<em>DGF</em>= 360&deg;/2</span></span></p>

<p style="text-align:center"><span style="font-size:18px"><span style="font-family:verdana,geneva,sans-serif">∡<em>AFG</em> + ∡<em>DGF</em>= 180&deg;</span></span></p>
]]></section>
<section title="Demostración 2" path="ma_08_08_co_rec200_img02n.jpg" pathAmp="ma_08_08_co_rec200_img02a.jpg" image1Text="&lt;p style=&quot;text-align: center;&quot;&gt;∡&lt;em&gt;A&lt;/em&gt; +&lt;em&gt; &lt;/em&gt;∡&lt;em&gt;B&lt;/em&gt; = 180&amp;deg;&lt;/p&gt; " zoom1="true" zoom2a="false" zoom2b="false" layout="0" >
<![CDATA[<p><strong>Teorema conjugado de &aacute;ngulos internos sobre paralelas</strong></p>

<p>Dadas dos rectas paralelas y una transversal se demostrar&aacute;&nbsp; que ∡<em>A</em> + ∡<em>B</em> = 180&deg;.</p>

<p>Si ∡<em>A&nbsp;</em>+ ∡<em>B</em> = 180&deg; se puede afirmar que:</p>

<p style="text-align: center;">∡<em>B </em>= 180&deg; &ndash; ∡<em>A</em>&nbsp;</p>

<p>Esto sucede por ser &aacute;ngulos alternos internos entre paralelas.</p>

<p>Por tanto, se puede afirmar que:</p>

<p style="text-align: center;">∡<em>A</em> +<em> </em>∡<em>B</em> = 180&deg;</p>
]]></section>
<section title="Demostración 3" path="ma_08_08_co_rec200_img03n.jpg" pathAmp="ma_08_08_co_rec200_img03a.jpg" image1Text="&lt;p style=&quot;text-align: center;&quot;&gt;∡&lt;em&gt;A&lt;/em&gt; es congruente con el ∡&lt;em&gt;B&lt;/em&gt;&lt;/p&gt; " zoom1="true" zoom2a="false" zoom2b="false" layout="0" >
<![CDATA[
<p style="text-align:center">&nbsp;</p>

<p style="text-align:center"><strong>Teorema de igualdad entre &aacute;ngulos alternos internos</strong></p>

<p style="text-align:justify">Dadas dos rectas paralelas y una transversal se demostrar&aacute; que&nbsp;∡<em>A </em>= ∡<em>B</em></p>

<p style="text-align:justify">Considerando el ∡<em>C:</em></p>

<p style="text-align:justify">∡<em>C</em> es congruente con ∡<em>A</em>, por ser &aacute;ngulos opuestos por el v&eacute;rtice.</p>

<p style="text-align:center">∡<em>C</em> es congruente con ∡<em>B</em>,</p>

<p style="text-align:justify">Esto sucede por ser &aacute;ngulos&nbsp;alternos e internos entre rectas paralelas.</p>

<p style="text-align:justify">Como la relaci&oacute;n de congruencia es transitiva, entonces:&nbsp;</p>

<p style="text-align:center">∡<em>A</em> es congruente con el ∡<em>B</em></p>
]]></section>
<section title="Practica" path="ma_08_08_co_rec200_img04n.jpg" pathAmp="ma_08_08_co_rec200_img04a.jpg" image1Text="&lt;p&gt;En la imagen&amp;nbsp;cada color relaciona un par de &amp;aacute;ngulos&amp;nbsp;correspondientes.&lt;/p&gt;
" zoom1="true" zoom2a="false" zoom2b="false" layout="0" >
<![CDATA[<p>&nbsp;</p>

<p>Teniendo en cuenta los anteriores ejemplos demuestra que:</p>

<ul>
	<li>Dadas dos rectas paralelas y una transversal todos los &aacute;ngulos correspondientes son congruentes.</li>
</ul>

<p>Recuerda que en la imagen&nbsp;cada color relaciona un par de &aacute;ngulos&nbsp;correspondientes.</p>
]]></section>
</engine>