﻿<?xml version="1.0" encoding="utf-8"?>
<motor tipo="8" clase="a" aprid="m8a">
  <plataforma>
    <grado><![CDATA[2]]></grado>
    <titulo>Resuelve problemas de aplicación de los criterios de divisibilidad</titulo>
    <area>0</area>
    <nivel>3</nivel>
    <referencia />
    <idreg><![CDATA[0]]></idreg>
    <motor><![CDATA[M8A]]></motor>
    <lang>es</lang>
  </plataforma>
  <enunciado><![CDATA[Responde a las siguientes preguntas o completa la oración sobre los criterios de divisibilidad.]]></enunciado>
  <masinfo inicio="0" />
  <sinaleatoriedad><![CDATA[0]]></sinaleatoriedad>
  <calc><![CDATA[0]]></calc>
  <respuestaunica><![CDATA[0]]></respuestaunica>
  <test cantidad="10">
    <cuestion>
      <enunciado><![CDATA[En un salón de clases hay 36 estudiantes; si el profesor de inglés quiere hacer grupos de igual número de estudiantes, no debería formar:]]></enunciado>
      <imagen><![CDATA[MA_06_04_CO_REC160_IMG01n.png]]></imagen>
      <ampliacion><![CDATA[MA_06_04_CO_REC160_IMG01a.png]]></ampliacion>
      <explicacion><![CDATA[Siete no es un divisor de 36.]]></explicacion>
      <respuestas>
        <respuesta contestacion="doce grupos." correcta="0" />
        <respuesta contestacion="tres grupos." correcta="0" />
        <respuesta contestacion="seis grupos." correcta="0" />
        <respuesta contestacion="siete grupos." correcta="on" />
      </respuestas>
    </cuestion>
    <cuestion>
      <enunciado><![CDATA[Una bolsa contiene 63 gomas. Se pueden repartir en números iguales entre:]]></enunciado>
      <imagen><![CDATA[MA_06_04_CO_REC160_IMG02n.png]]></imagen>
      <ampliacion><![CDATA[MA_06_04_CO_REC160_IMG02a.png]]></ampliacion>
      <explicacion><![CDATA[Al adicionar los dígitos del número 63 da como resultado 9, cumpliendo el criterio de ser divisible entre 3. ]]></explicacion>
      <respuestas>
        <respuesta contestacion="tres amigos y no sobrarían gomas." correcta="on" />
        <respuesta contestacion="tres amigos y sobrarían gomas." correcta="0" />
        <respuesta contestacion="seis amigos y no sobrarían gomas." correcta="0" />
        <respuesta contestacion="seis amigos y sobrarían dos gomas." correcta="0" />
      </respuestas>
    </cuestion>
    <cuestion>
      <enunciado><![CDATA[Un granjero quiere organizar 45 caballos en grupos de igual número. Para esto el granjero debe formar:]]></enunciado>
      <imagen><![CDATA[MA_06_04_CO_REC160_IMG03n.png]]></imagen>
      <ampliacion><![CDATA[MA_06_04_CO_REC160_IMG03a.png]]></ampliacion>
      <explicacion><![CDATA[45 es un número divisible entre 5, porque su última cifra es igual a 5.]]></explicacion>
      <respuestas>
        <respuesta contestacion="diez grupos." correcta="0" />
        <respuesta contestacion="seis grupos." correcta="0" />
        <respuesta contestacion="cinco grupos. " correcta="on" />
        <respuesta contestacion="ocho grupos." correcta="0" />
      </respuestas>
    </cuestion>
    <cuestion>
      <enunciado><![CDATA[En un salón de clase hay 24 estudiantes; si el profesor de sociales quiere hacer grupos de igual número, no debería formar:]]></enunciado>
      <imagen><![CDATA[MA_06_04_CO_REC160_IMG04n.png]]></imagen>
      <ampliacion><![CDATA[MA_06_04_CO_REC160_IMG04a.png]]></ampliacion>
      <explicacion><![CDATA[En el listado el único número que no es divisor de 24 es 5.]]></explicacion>
      <respuestas>
        <respuesta contestacion="dos grupos." correcta="0" />
        <respuesta contestacion="cinco grupos. " correcta="on" />
        <respuesta contestacion="ocho grupos." correcta="0" />
        <respuesta contestacion="tres grupos." correcta="0" />
      </respuestas>
    </cuestion>
    <cuestion>
      <enunciado><![CDATA[Una pizza está dividida en porciones de los siguientes sabores: siete de champiñones, cinco de hawaiana y cuatro de tropical. Se puede repartir en porciones iguales así:]]></enunciado>
      <imagen><![CDATA[MA_06_04_CO_REC160_IMG05n.png]]></imagen>
      <ampliacion><![CDATA[MA_06_04_CO_REC160_IMG05a.png]]></ampliacion>
      <explicacion><![CDATA[La adición total de las porciones es 16 y este número es divisible entre 1, 2, 4, 8 y 16.]]></explicacion>
      <respuestas>
        <respuesta contestacion="cinco grupos con tres porciones." correcta="0" />
        <respuesta contestacion="siete grupos con dos porciones y sobraría una." correcta="0" />
        <respuesta contestacion="Cuatro grupos con cuatro porciones y sobraría una." correcta="0" />
        <respuesta contestacion="ocho grupos con dos porciones. " correcta="on" />
      </respuestas>
    </cuestion>
    <cuestion>
      <enunciado><![CDATA[Santiago ahorró $ 8000 el lunes, $ 13 000 el martes, $ 4000 el jueves y $ 5000 el viernes; si él desea usar este dinero de manera que gaste la misma cantidad cada día, le alcanzará para:  ]]></enunciado>
      <imagen><![CDATA[MA_06_04_CO_REC160_IMG06n.png]]></imagen>
      <ampliacion><![CDATA[MA_06_04_CO_REC160_IMG06a.png]]></ampliacion>
      <explicacion><![CDATA[Santiago ahorra $ 30 000 en total y al quitar la cantidad sobrante se debe obtener una cifra que sea divisible por el número de días. ]]></explicacion>
      <respuestas>
        <respuesta contestacion="siete días y le sobran $ 5000." correcta="0" />
        <respuesta contestacion="diez días y le sobran $ 2000." correcta="0" />
        <respuesta contestacion="tres días y le sobran $ 16 000." correcta="0" />
        <respuesta contestacion="ocho días y le sobran $ 6000. " correcta="on" />
      </respuestas>
    </cuestion>
    <cuestion>
      <enunciado><![CDATA[Un granjero desea cercar una zona rectangular dedicada al cultivo de trigo. Para ello, quiere ubicar las estacas a igual distancia; si la zona tiene 21 metros de largo y 12 metros de ancho, las estacas se deben ubicar cada:]]></enunciado>
      <imagen><![CDATA[MA_06_04_CO_REC160_IMG07n.png]]></imagen>
      <ampliacion><![CDATA[MA_06_04_CO_REC160_IMG07a.png]]></ampliacion>
      <explicacion><![CDATA[12 y 21 son números divisibles entre 3, porque al adicionar los dígitos de cada cifra se obtiene un múltiplo de 3. ]]></explicacion>
      <respuestas>
        <respuesta contestacion="3 metros. " correcta="on" />
        <respuesta contestacion="4 metros." correcta="0" />
        <respuesta contestacion="6 metros." correcta="0" />
        <respuesta contestacion="2 metros." correcta="0" />
      </respuestas>
    </cuestion>
    <cuestion>
      <enunciado><![CDATA[¿Cuántas zapatillas deportivas debe contener una caja, si estas deben estar en pares?]]></enunciado>
      <imagen><![CDATA[MA_06_04_CO_REC160_IMG08n.png]]></imagen>
      <ampliacion><![CDATA[MA_06_04_CO_REC160_IMG08a.png]]></ampliacion>
      <explicacion><![CDATA[62 es el único número divisible entre dos.]]></explicacion>
      <respuestas>
        <respuesta contestacion="29 unidades de zapatillas." correcta="0" />
        <respuesta contestacion="21 unidades de zapatillas." correcta="0" />
        <respuesta contestacion="43 unidades de zapatillas." correcta="0" />
        <respuesta contestacion="62 unidades de zapatillas. " correcta="on" />
      </respuestas>
    </cuestion>
    <cuestion>
      <enunciado><![CDATA[En un salón de clase hay 46 estudiantes; si el profesor de matemáticas desea hacer grupos de igual número, debería formar:]]></enunciado>
      <imagen><![CDATA[MA_06_04_CO_REC160_IMG09n.png]]></imagen>
      <ampliacion><![CDATA[MA_06_04_CO_REC160_IMG09a.png]]></ampliacion>
      <explicacion><![CDATA[El número 46 es divisible entre 2, ya que termina en número par.]]></explicacion>
      <respuestas>
        <respuesta contestacion="trece grupos." correcta="0" />
        <respuesta contestacion="dos grupos. " correcta="on" />
        <respuesta contestacion="nueve grupos." correcta="0" />
        <respuesta contestacion="veintiún grupos." correcta="0" />
      </respuestas>
    </cuestion>
    <cuestion>
      <enunciado><![CDATA[¿Cuántas porciones más de pizza del mismo tamaño se debe comprar si hay veintiún porciones y se deben repartir cuatro porciones para cada uno, sin que sobre pizza?]]></enunciado>
      <imagen><![CDATA[MA_06_04_CO_REC160_IMG010n.png]]></imagen>
      <ampliacion><![CDATA[MA_06_04_CO_REC160_IMG10a.png]]></ampliacion>
      <explicacion><![CDATA[Al agregar 3 trozos más obtenemos 24 porciones. Este número es divisible entre cuatro.]]></explicacion>
      <respuestas>
        <respuesta contestacion="Cuatro porciones más." correcta="0" />
        <respuesta contestacion="Una porción más." correcta="0" />
        <respuesta contestacion="Tres porciones más. " correcta="on" />
        <respuesta contestacion="Dos porciones más." correcta="0" />
      </respuestas>
    </cuestion>
  </test>
</motor>