<?xml version='1.0' encoding='UTF-8'?><engine copy="Editorial Planeta" version="1" aprid="f13" title="Competencias: aplicaciones de la factorización" >
<section title="Presentación" path="" pathAmp="" image1Text="" zoom1="false" zoom2a="false" zoom2b="false" layout="2" >
<![CDATA[<p><span style="font-size:20px"><span style="font-family:verdana,geneva,sans-serif">En matem&aacute;ticas muchos problemas de aplicaci&oacute;n se resuelven planteando una ecuaci&oacute;n. Una de las estrategias para resolver las ecuaciones es factorizar la expresi&oacute;n e igualarla a cero. Una vez se ha escrito de esa forma, se aplica la propiedad de la multiplicaci&oacute;n de n&uacute;mero reales:</span></span></p>

<p style="text-align: center;"><span style="font-size:20px"><span style="font-family:verdana,geneva,sans-serif">Si <em>m</em>&nbsp;∙ <em>n</em> = 0, entonces <em>m</em> = 0 o <em>n</em> = 0.</span></span></p>

<p><span style="font-size:20px"><span style="font-family:verdana,geneva,sans-serif">Es decir, si el producto de dos factores es cero, entonces uno a ambos&nbsp;factores son iguales a cero y de all&iacute; se obtienen las soluciones.</span></span></p>

<p><span style="font-size:20px"><span style="font-family:verdana,geneva,sans-serif">Al final se verifica que la o las respuestas obtenidas tengan sentido para resolver la situaci&oacute;n.</span></span></p>

<p><strong><span style="font-size:20px"><span style="font-family:verdana,geneva,sans-serif">El objetivo de esta pr&aacute;ctica es comprender que la factorizaci&oacute;n es una estrategia de resoluci&oacute;n de problemas, cuando se iguala a cero cada uno de factores y se resuelven las ecuaciones obtenidas.</span></span></strong></p>
]]></section>
<section title="Tarea" path="" pathAmp="" image1Text="" zoom1="false" zoom2a="false" zoom2b="false" layout="2" >
<![CDATA[<p><span style="font-size:20px"><span style="font-family:verdana,geneva,sans-serif">Se necesita construir un ba&uacute;l rectangular que tenga siete cent&iacute;mentos menos de largo&nbsp;que de alto. Tres&nbsp;cent&iacute;metos menos de ancho que de alto y que su volumen sea de 210 cm.</span></span></p>

<p><span style="font-size:20px"><span style="font-family:verdana,geneva,sans-serif"><strong>1.</strong> Si <em>x</em> representa el alto del ba&uacute;l en cent&iacute;metros, entonces, se escriben expresiones para el largo y para el ancho del ba&uacute;l en t&eacute;rminos de <em>x</em>:</span></span></p>

<p style="text-align: center;"><span style="font-size:20px"><span style="font-family:verdana,geneva,sans-serif">Largo del ba&uacute;l: <em>x</em> &ndash; 7</span></span></p>

<p style="text-align: center;"><span style="font-size:20px"><span style="font-family:verdana,geneva,sans-serif">Ancho del ba&uacute;l: <em>x</em> &ndash; 3</span></span></p>

<p><span style="font-size:20px"><span style="font-family:verdana,geneva,sans-serif"><strong>2.</strong> Se escribe una expresi&oacute;n para el volumen del ba&uacute;l en t&eacute;rminos de <em>x</em>.</span></span></p>

<p><span style="font-size:20px"><span style="font-family:verdana,geneva,sans-serif">Volumen del ba&uacute;l (largo x ancho x alto): (<em>x</em>&nbsp;&ndash;&nbsp;7)(<em>x</em>&nbsp;&ndash;&nbsp;3)<em>x</em> = 210</span></span></p>

<p><span style="font-size:20px"><span style="font-family:verdana,geneva,sans-serif"><strong>3.</strong> Se escribe una ecuaci&oacute;n equivalente al volumen del ba&uacute;l, donde uno de sus miembros sea igual a cero.</span></span></p>

<p style="text-align: center;"><span style="font-size:20px"><span style="font-family:verdana,geneva,sans-serif">(<em>x</em>&nbsp;&ndash;&nbsp;7)(<em>x</em>&nbsp;&ndash;&nbsp;3)<em>x</em>&nbsp;</span><span style="font-family:verdana,geneva,sans-serif">&ndash;</span><span style="font-family:verdana,geneva,sans-serif">&nbsp;</span><span style="font-family:verdana,geneva,sans-serif">210&nbsp;</span><span style="font-family:verdana,geneva,sans-serif">= 0&nbsp;</span></span></p>

<p><span style="font-size:20px"><span style="font-family:verdana,geneva,sans-serif"><strong>4.</strong> Se factorizala expresi&oacute;n para resolver la ecuaci&oacute;n.&nbsp;</span></span></p>

<p style="text-align: center;"><span style="font-size:20px"><span style="font-family:verdana,geneva,sans-serif">(<em>x</em><sup>2</sup> </span></span><span style="font-family:verdana,geneva,sans-serif; font-size:20px">&ndash;</span><span style="font-size:20px"><span style="font-family:verdana,geneva,sans-serif"> 10<em>x</em> + 21)<em>x</em> </span></span><span style="font-family:verdana,geneva,sans-serif; font-size:20px">&ndash;</span><span style="font-size:20px"><span style="font-family:verdana,geneva,sans-serif">&nbsp;210&nbsp;= 0</span></span></p>

<p style="text-align: center;"><span style="font-size:20px"><span style="font-family:verdana,geneva,sans-serif"><em>x</em><sup>3</sup> </span></span><span style="font-family:verdana,geneva,sans-serif; font-size:20px">&ndash;</span><span style="font-size:20px"><span style="font-family:verdana,geneva,sans-serif"> 10<em>x</em><sup>2</sup> + 21<em>x</em> </span></span><span style="font-family:verdana,geneva,sans-serif; font-size:20px">&ndash;</span><span style="font-size:20px"><span style="font-family:verdana,geneva,sans-serif"> 210 = 0</span></span></p>

<p style="text-align: center;"><span style="font-size:20px"><span style="font-family:verdana,geneva,sans-serif"><em>x</em><sup>2</sup>(<em>x</em> </span></span><span style="font-family:verdana,geneva,sans-serif; font-size:20px">&ndash;</span><span style="font-size:20px"><span style="font-family:verdana,geneva,sans-serif"> 10) + 21(<em>x</em> </span></span><span style="font-family:verdana,geneva,sans-serif; font-size:20px">&ndash;</span><span style="font-size:20px"><span style="font-family:verdana,geneva,sans-serif"> 10) = 0</span></span></p>

<p style="text-align: center;"><span style="font-size:20px"><span style="font-family:verdana,geneva,sans-serif">(<em>x</em><sup>2</sup> + 21)(<em>x&nbsp;</em>&ndash; 10) = 0 &nbsp; &nbsp; &nbsp;</span></span></p>

<p><span style="font-size:20px"><span style="font-family:verdana,geneva,sans-serif"><strong>5.</strong> Se iguala cada factor a cero y se halla el valor de <em>x</em>.</span></span></p>

<p style="text-align: center;"><span style="font-size:20px"><span style="font-family:verdana,geneva,sans-serif">x<sup>2</sup> + 21 = 0</span></span></p>

<p style="text-align: center;"><span style="font-size:20px"><span style="font-family:verdana,geneva,sans-serif">x<sup>2</sup> = </span></span><span style="font-family:verdana,geneva,sans-serif; font-size:20px">&ndash;</span><span style="font-size:20px"><span style="font-family:verdana,geneva,sans-serif">21</span></span></p>

<p><span style="font-size:20px"><span style="font-family:verdana,geneva,sans-serif">En este caso, no hay un valor real que satisfaga la ecuaci&oacute;n ya que todo n&uacute;mero elevado al cuadrado es positivo.</span></span></p>

<p style="text-align: center;"><span style="font-size:20px"><span style="font-family:verdana,geneva,sans-serif"><em>x</em> </span></span><span style="font-family:verdana,geneva,sans-serif; font-size:20px">&ndash;</span><span style="font-size:20px"><span style="font-family:verdana,geneva,sans-serif"> 10 = 0</span></span></p>

<p style="text-align: center;"><span style="font-size:20px"><span style="font-family:verdana,geneva,sans-serif"><em>x</em> = 10</span></span></p>

<p><span style="font-size:20px"><span style="font-family:verdana,geneva,sans-serif"><strong>6.</strong> Finalmente se verifican las condiciones del problema.</span></span></p>

<p><span style="font-size:20px"><span style="font-family:verdana,geneva,sans-serif">3 ∙ 7 ∙ 10 = 210, que corresponde al volumen del ba&uacute;l.</span></span></p>

<p><span style="font-size:20px"><span style="font-family:verdana,geneva,sans-serif">Aplica la estrategia para resolver los siguientes problemas.</span></span></p>

<p><span style="font-size:20px"><span style="font-family:verdana,geneva,sans-serif"><strong>a.</strong> El &aacute;rea de un cuadro de 150 cm de ancho y 70 cm largo, se ha duplicado al colocarle un marco cuyo grosor es <em>x</em> cm.&nbsp;</span></span></p>

<ul>
	<li><font face="verdana, geneva, sans-serif"><span style="font-size:20px">Realiza un dibujo que ilustre la situaci&oacute;n y ubica los datos.</span></font></li>
	<li><font face="verdana, geneva, sans-serif"><span style="font-size:20px">Calcula el ancho de la banda.</span></font></li>
</ul>

<p><span style="font-size:20px"><span style="font-family:verdana,geneva,sans-serif"><strong>b.</strong> El &aacute;rea de un tri&aacute;ngulo rect&aacute;ngulo es 168 cm<sup>2 </sup>y su hipotenusa s 1 cm m&aacute;s larga que uno de sus catetos de longitud x.&nbsp;</span></span></p>

<ul>
	<li><span style="font-size:20px"><span style="font-family:verdana,geneva,sans-serif">Escribe una expresi&oacute;n algebraica para la longitud del otro cateto.</span></span></li>
	<li><span style="font-size:20px"><span style="font-family:verdana,geneva,sans-serif">Escribe una expresi&oacute;n algebrica para el per&iacute;meto del tri&aacute;ngulo.</span></span></li>
	<li><span style="font-size:20px"><span style="font-family:verdana,geneva,sans-serif">Si el per&iacute;metro es 56 cm, &iquest;cu&aacute;les son las longitudes de los tres lados?</span></span></li>
	<li><span style="font-size:20px"><span style="font-family:verdana,geneva,sans-serif">Calcula el &aacute;rea del tri&aacute;ngulo.</span></span></li>
</ul>

<p>&nbsp;</p>

<p>&nbsp;</p>

<p>&nbsp;</p>

<p>&nbsp;</p>
]]></section>
</engine>