﻿<?xml version="1.0" encoding="utf-8"?>
<motor tipo="3" clase="b" aprid="m3b">
  <plataforma>
    <grado><![CDATA[1]]></grado>
    <titulo>Reconoce conectores en una proposición</titulo>
    <area>0</area>
    <nivel>3</nivel>
    <referencia />
    <idreg><![CDATA[0]]></idreg>
    <motor><![CDATA[M3B]]></motor>
    <lang>es</lang>
  </plataforma>
  <enunciado><![CDATA[En cada audio escucharás una proposición compuesta. Relaciona cada proposición con el conector lógico empleado.]]></enunciado>
  <masinfo inicio="1"><![CDATA[Recuerda que las proposiciones compuestas están formadas por proposiciones simples que se relacionan mediante un conector lógico.]]></masinfo>
  <sinaleatoriedad><![CDATA[0]]></sinaleatoriedad>
  <calc><![CDATA[0]]></calc>
  <textoasonido cantidad="6">
    <cuestion>
      <sonido><![CDATA[audioDummy.mp3]]></sonido>
      <respuestas>
        <respuesta valor="Conjunción" />
      </respuestas>
    </cuestion>
    <cuestion>
      <sonido><![CDATA[audioDummy.mp3]]></sonido>
      <respuestas>
        <respuesta valor="Disyunción " />
      </respuestas>
    </cuestion>
    <cuestion>
      <sonido><![CDATA[audioDummy.mp3]]></sonido>
      <respuestas>
        <respuesta valor="Negación" />
      </respuestas>
    </cuestion>
    <cuestion>
      <sonido><![CDATA[audioDummy.mp3]]></sonido>
      <respuestas>
        <respuesta valor="Implicación" />
      </respuestas>
    </cuestion>
    <cuestion>
      <sonido><![CDATA[audioDummy.mp3]]></sonido>
      <respuestas>
        <respuesta valor="Equivalencia" />
      </respuestas>
    </cuestion>
    <cuestion>
      <sonido><![CDATA[audioDummy.mp3]]></sonido>
      <respuestas>
        <respuesta valor="Disyunción excluyente" />
      </respuestas>
    </cuestion>
  </textoasonido>
  <temps>10</temps>
</motor>