﻿<?xml version="1.0" encoding="utf-8"?><motor tipo="3" clase="a" aprid="m3a">
  <plataforma>
    <grado><![CDATA[2]]></grado>
    <titulo>Relaciona cada gráfica con sus elementos</titulo>
    <area>0</area>
    <nivel>1</nivel>
    <referencia/>
    <idreg><![CDATA[0]]></idreg>
    <motor><![CDATA[M3A]]></motor>
    <lang>es</lang>
  </plataforma>
  <enunciado><![CDATA[Observa cada una de las siguientes gráficas y ubica en cada una de ellas su vértice y su ecuación respectiva.]]></enunciado>
  <masinfo inicio="0"/>
  <sinaleatoriedad><![CDATA[0]]></sinaleatoriedad>
  <calc><![CDATA[0]]></calc>
  <sonidoaimagen cantidad="6">
    <cuestion>
      <imagen etiqueta=""><![CDATA[MA_09_06_CO_REC60_IMG01.png]]></imagen>
      <respuestas>
        <respuesta etiqueta="{{cur}}V{{normal}}(–1, 9)"/>
        <respuesta etiqueta="{{cur}}f{{normal}}({{cur}}x{{normal}}) = – ({{cur}}x{{normal}} + 1)²  + 9"/>
      </respuestas>
    </cuestion>
    <cuestion>
      <imagen etiqueta=""><![CDATA[MA_09_06_CO_REC60_IMG02.png]]></imagen>
      <respuestas>
        <respuesta etiqueta="{{cur}}V{{normal}}(3, 4)"/>
        <respuesta etiqueta="{{cur}}t{{normal}}({{cur}}x{{normal}}) = 2({{cur}}x{{normal}} – 3)² + 4"/>
      </respuestas>
    </cuestion>
    <cuestion>
      <imagen etiqueta=""><![CDATA[MA_09_06_CO_REC60_IMG03.png]]></imagen>
      <respuestas>
        <respuesta etiqueta="{{cur}}V{{normal}}(½, 0)"/>
        <respuesta etiqueta="{{cur}}f{{normal}}({{cur}}x{{normal}}) = –4({{cur}}x{{normal}} – ½)²"/>
      </respuestas>
    </cuestion>
    <cuestion>
      <imagen etiqueta=""><![CDATA[MA_09_06_CO_REC60_IMG04.png]]></imagen>
      <respuestas>
        <respuesta etiqueta="{{cur}}V{{normal}}(–1, –2)"/>
        <respuesta etiqueta="{{cur}}g{{normal}}({{cur}}x{{normal}}) = –3({{cur}}x{{normal}} + 1)² – 2"/>
      </respuestas>
    </cuestion>
    <cuestion>
      <imagen etiqueta=""><![CDATA[MA_09_06_CO_REC60_IMG05.png]]></imagen>
      <respuestas>
        <respuesta etiqueta="{{cur}}V{{normal}}(3/2, –1/2)"/>
        <respuesta etiqueta="{{cur}}g{{normal}}({{cur}}x{{normal}}) = ({{cur}}x {{normal}} – 3/2)² – 1/2"/>
      </respuestas>
    </cuestion>
    <cuestion>
      <imagen etiqueta=""><![CDATA[MA_09_06_CO_REC60_IMG06.png]]></imagen>
      <respuestas>
        <respuesta etiqueta="{{cur}}V{{normal}}(–1, 9)"/>
        <respuesta etiqueta="{{cur}}g{{normal}}({{cur}}x{{normal}}) = –{{cur}}x{{normal}}² – 2{{cur}}x{{normal}} + 8"/>
      </respuestas>
    </cuestion>
  </sonidoaimagen>
</motor>