﻿<?xml version="1.0" encoding="utf-8"?><motor tipo="4" clase="a" aprid="M4a"><plataforma><grado><![CDATA[2]]></grado><titulo>Practica la división de polinomios</titulo><area>3</area><nivel>2</nivel><referencia><![CDATA[MT_10_02_05]]></referencia><idreg><![CDATA[443]]></idreg><motor><![CDATA[M4A]]></motor><lang>es</lang></plataforma><enunciado><![CDATA[Calcula el resto y el cociente de las siguientes divisiones.]]></enunciado><masinfo inicio="0" /><sinaleatoriedad><![CDATA[0]]></sinaleatoriedad><calc><![CDATA[1]]></calc><respuestaunica><![CDATA[1]]></respuestaunica><test cantidad="4"><cuestion><enunciado><![CDATA[(2{{cur}}x{{normal}}³ – 5{{cur}}x{{normal}}² + 4{{cur}}x{{normal}} + 1) ÷ ({{cur}}x{{normal}}² – 2)]]></enunciado><explicacion /><imagen /><respuestas><respuesta contestacion="Cociente: 2{{cur}}x{{normal}} – 5. Resto: 8{{cur}}x{{normal}} – 9" correcta="1" /><respuesta contestacion="Cociente: 2{{cur}}x{{normal}}. Resto: 5{{cur}}x{{normal}}² +8{{cur}}x{{normal}} + 1" correcta="0" /><respuesta contestacion="Cociente: {{cur}}x{{normal}} – 5. Resto:  – 9" correcta="0" /><respuesta contestacion="Cociente: {{cur}}x{{normal}} – 5. Resto: 4{{cur}}x{{normal}} – 9" correcta="0" /></respuestas></cuestion><cuestion><enunciado><![CDATA[({{cur}}x{{normal}}⁵ – 2{{cur}}x{{normal}}⁴ + {{cur}}x{{normal}}³ – {{cur}}x{{normal}} + 4) ÷ ({{cur}}x{{normal}}³ + 2{{cur}}x{{normal}} – 1)]]></enunciado><explicacion /><imagen /><respuestas><respuesta contestacion="Cociente: {{cur}}x{{normal}}² – 2{{cur}}x{{normal}} – 1. Resto: 5{{cur}}x{{normal}}² – {{cur}}x{{normal}} + 3" correcta="1" /><respuesta contestacion="Cociente: {{cur}}x{{normal}}² + 2{{cur}}x{{normal}} + 1. Resto: 5{{cur}}x{{normal}}² + {{cur}}x{{normal}} – 3" correcta="0" /><respuesta contestacion="Cociente: 2{{cur}}x{{normal}}² + 2{{cur}}x{{normal}} + 7. Resto: 4{{cur}}x{{normal}}² – {{cur}}x{{normal}} – 6" correcta="0" /><respuesta contestacion="Cociente: 2{{cur}}x{{normal}}² – 2{{cur}}x{{normal}} – 7. Resto: 4{{cur}}x{{normal}}² – {{cur}}x{{normal}} + 6" correcta="0" /></respuestas></cuestion><cuestion><enunciado><![CDATA[({{cur}}x{{normal}}⁶ – {{cur}}x{{normal}}⁵ + 5{{cur}}x{{normal}}² – 3) ÷ ({{cur}}x{{normal}}² + {{cur}}x{{normal}} – 1)]]></enunciado><explicacion /><imagen /><respuestas><respuesta contestacion="Cociente: {{cur}}x{{normal}}{{sup}}4{{normal}} – 2{{cur}}x{{normal}}³ + 3{{cur}}x{{normal}}² – 5{{cur}}x{{normal}} + 13. Resto: –18{{cur}}x{{normal}} + 10" correcta="1" /><respuesta contestacion="Cociente: {{cur}}x{{normal}}{{sup}}4{{normal}} – 2{{cur}}x{{normal}}³ + 3{{cur}}x{{normal}}² – 5{{cur}}x{{normal}} + 13. Resto: 6{{cur}}x{{normal}}² – 18{{cur}}x{{normal}} + 13" correcta="0" /><respuesta contestacion="Cociente: {{cur}}x{{normal}}{{sup}}4{{normal}} – 2{{cur}}x{{normal}}³ + 3{{cur}}x{{normal}}² – 6{{cur}}x{{normal}} – 13. Resto: –8{{cur}}x{{normal}} – 10" correcta="0" /><respuesta contestacion="Cociente: {{cur}}x{{normal}}{{sup}}4{{normal}} – 2{{cur}}x{{normal}}³ + 3{{cur}}x{{normal}}² – 5{{cur}}x{{normal}} + 13. Resto: 5{{cur}}x{{normal}}² – 3{{cur}}x{{normal}} + 12" correcta="0" /></respuestas></cuestion><cuestion><enunciado><![CDATA[({{cur}}x{{normal}}³ – 5{{cur}}x{{normal}} + 6) ÷ ({{cur}}x{{normal}}² + 4)]]></enunciado><explicacion /><imagen /><respuestas><respuesta contestacion="Cociente: {{cur}}x{{normal}}. Resto: –9{{cur}}x{{normal}} + 6" correcta="1" /><respuesta contestacion="Cociente: {{cur}}x{{normal}} – 9. Resto: –9{{cur}}x{{normal}} + 30" correcta="0" /><respuesta contestacion="Cociente: {{cur}}x{{normal}}. Resto: –{{cur}}x{{normal}} + 6" correcta="0" /><respuesta contestacion="Cociente: {{cur}}x{{normal}}. Resto: {{cur}}x{{normal}} + 6" correcta="0" /></respuestas></cuestion></test></motor>