<?xml version='1.0' encoding='UTF-8'?><engine copy="Editorial Planeta" version="1" aprid="f13" title="Cálculo del volumen de cilindros" >
<section title="Presentación" path="" pathAmp="" image1Text="" zoom1="false" zoom2a="false" zoom2b="false" layout="2" >
<![CDATA[<p><span style="font-size:18px"><span style="font-family:verdana,geneva,sans-serif">El cilindro es un cuerpo de revoluci&oacute;n formado por el giro de un rect&aacute;ngulo alrededor de uno de sus lados, tomado como eje de giro.</span></span></p>

<p><span style="font-size:18px"><span style="font-family:verdana,geneva,sans-serif">El volumen del cilindro es igual al &aacute;rea de su base por su altura:</span></span></p>

<p style="text-align: center;"><span style="font-size:18px"><span style="font-family:verdana,geneva,sans-serif"><em>V</em><sub>cilindro</sub> = <em>A</em><sub>base</sub>&nbsp;&sdot; <em>h</em></span></span></p>

<p><span style="font-size:18px"><span style="font-family:verdana,geneva,sans-serif">En el caso del cilindro, la base es un c&iacute;rculo, por lo tanto:</span></span></p>

<p style="text-align:center"><span style="font-size:18px"><span style="font-family:verdana,geneva,sans-serif"><em>V</em><sub>cilindro</sub> =&nbsp;<em>&pi;</em>&nbsp;&sdot; <em>r</em><sup>2</sup> &sdot; <em>h</em></span></span></p>

<p style="text-align: justify;"><span style="font-size:18px"><span style="font-family:verdana,geneva,sans-serif"><strong>El objetivo de esta actividad es que determines si dos cilindros tienen el mismo volumen.</strong></span></span></p>

<p style="text-align: justify;"><span style="font-size:18px"><span style="font-family:verdana,geneva,sans-serif">Antes de realizar la actividad, responde a estas cuestiones:</span></span></p>

<ul>
	<li style="text-align: justify;"><span style="font-size:18px"><span style="font-family:verdana,geneva,sans-serif">&iquest;Cu&aacute;l es el eje del cilindro?</span></span></li>
	<li style="text-align: justify;"><span style="font-size:18px"><span style="font-family:verdana,geneva,sans-serif">El lado del rect&aacute;ngulo paralelo al eje de giro se llama ...</span></span></li>
	<li style="text-align: justify;"><span style="font-size:18px"><span style="font-family:verdana,geneva,sans-serif">&iquest;La base del cilindro es igual a la generatriz? &iquest;Y es igual a la distancia entre las dos bases? Justifica tu respuesta.</span></span></li>
</ul>
]]></section>
<section title="Tarea" path="" pathAmp="" image1Text="" zoom1="false" zoom2a="false" zoom2b="false" layout="2" >
<![CDATA[<p><span style="font-size:18px"><span style="font-family:verdana,geneva,sans-serif">Disponemos de un trozo de papel en forma de rect&aacute;ngulo que mide 10 cm de largo y 5 cm de ancho. Podemos hacerlo girar alrededor de cualquiera de sus lados, de manera que obtendremos dos cilindros distintos:</span></span></p>

<ul>
	<li><span style="font-size:18px"><span style="font-family:verdana,geneva,sans-serif">Si hacemos girar el papel alrededor del lado corto, el cilindro tendr&aacute; una altura de 5 cm.</span></span></li>
	<li><span style="font-size:18px"><span style="font-family:verdana,geneva,sans-serif">Si hacemos girar el papel alrededor del lado largo, el cilindro tendr&aacute; una altura de 10 cm.</span></span></li>
</ul>

<p><span style="font-size:18px"><span style="font-family:verdana,geneva,sans-serif">Vamos a comprobar si estos dos cilindros tienen el mismo volumen, para ello, sigue estos pasos:</span></span></p>

<p style="margin-left: 40px;"><span style="font-size:18px"><span style="font-family:verdana,geneva,sans-serif">1. Dibuja los dos cilindros con los datos conocidos y los que se desconocen enunciados con una letra.</span></span></p>

<p style="margin-left: 40px;"><span style="font-size:18px"><span style="font-family:verdana,geneva,sans-serif">2. Determina el radio del cilindro que tiene una altura de 5 cm; para ello, ten en cuenta que la longitud del lado de 10 cm ahora es la longitud de la base del cilindro.</span></span></p>

<p style="margin-left: 40px;"><span style="font-size:18px"><span style="font-family:verdana,geneva,sans-serif">3. Calcula el volumen de este cilindro.</span></span></p>

<p style="margin-left: 40px;"><span style="font-size:18px"><span style="font-family:verdana,geneva,sans-serif">4. Repite los pasos 2 y 3 para calcular el volumen del segundo cilindro.</span></span></p>

<p style="margin-left: 40px;"><span style="font-size:18px"><span style="font-family:verdana,geneva,sans-serif">5. Indica si los dos cilindros tienen el mismo volumen o no. Justifica tu respuesta.</span></span></p>
]]></section>
</engine>