﻿<?xml version="1.0" encoding="utf-8"?>
<motor tipo="5" clase="a" aprid="m5a">
  <plataforma>
    <grado><![CDATA[2]]></grado>
    <titulo>Reconoce las propiedades de la radicación</titulo>
    <area>0</area>
    <nivel>1</nivel>
    <referencia />
    <idreg><![CDATA[0]]></idreg>
    <motor><![CDATA[M5A]]></motor>
    <lang>es</lang>
  </plataforma>
  <enunciado><![CDATA[Usa las propiedades de la radicación de números enteros para resolver cada ejercicio.]]></enunciado>
  <masinfo inicio="0" />
  <sinaleatoriedad><![CDATA[0]]></sinaleatoriedad>
  <calc><![CDATA[1]]></calc>
  <respuestaunica><![CDATA[1]]></respuestaunica>
  <test cantidad="8">
    <cuestion>
      <enunciado><![CDATA[¿Qué propiedad de la radicación se aplica para calcular el resultado de la expresión? ]]></enunciado>
      <explicacion />
      <imagen><![CDATA[MA_07_03_CO_REC200_F01n.png]]></imagen>
      <ampliacion><![CDATA[MA_07_03_CO_REC200_F01a.png]]></ampliacion>
      <respuestas>
        <respuesta contestacion="La raíz de un cociente." correcta="1" />
        <respuesta contestacion="La raíz de un producto." correcta="0" />
        <respuesta contestacion="La raíz de una raíz." correcta="0" />
        <respuesta contestacion="La raíz de una potencia." correcta="0" />
      </respuestas>
    </cuestion>
    <cuestion>
      <enunciado><![CDATA[¿Qué propiedad simboliza la expresión en la imagen?]]></enunciado>
      <explicacion />
      <imagen><![CDATA[MA_07_03_CO_REC200_F02n.png]]></imagen>
      <ampliacion><![CDATA[MA_07_03_CO_REC200_F02a.png]]></ampliacion>
      <respuestas>
        <respuesta contestacion="La raíz de una potencia." correcta="1" />
        <respuesta contestacion="La raíz de una raíz." correcta="0" />
        <respuesta contestacion="La raíz de un cociente." correcta="0" />
        <respuesta contestacion="La raíz de un producto." correcta="0" />
      </respuestas>
    </cuestion>
    <cuestion>
      <enunciado><![CDATA[Para simplificar la expresión dada, ¿qué propiedad de la radicación se usa?]]></enunciado>
      <explicacion />
      <imagen><![CDATA[MA_07_03_CO_REC200_F03n.png]]></imagen>
      <ampliacion><![CDATA[MA_07_03_CO_REC200_F03a.png]]></ampliacion>
      <respuestas>
        <respuesta contestacion="La raíz de un producto." correcta="1" />
        <respuesta contestacion="La raíz de un cociente." correcta="0" />
        <respuesta contestacion="La raíz de una raíz." correcta="0" />
        <respuesta contestacion="La raíz de una potencia." correcta="0" />
      </respuestas>
    </cuestion>
    <cuestion>
      <enunciado><![CDATA[Cuando se aplica la propiedad de la raíz de un producto, la forma radical más simple de la expresión de la imagen es:]]></enunciado>
      <explicacion />
      <imagen><![CDATA[MA_07_03_CO_REC200_F04n.png]]></imagen>
      <ampliacion><![CDATA[MA_07_03_CO_REC200_F04a.png]]></ampliacion>
      <respuestas>
        <respuesta contestacion="3 raíz cuadrada de 5." correcta="1" />
        <respuesta contestacion="9 raíz cuadrada de 5." correcta="0" />
        <respuesta contestacion="5 raíz cuadrada de 3." correcta="0" />
        <respuesta contestacion="5 raíz cuadrada de 9." correcta="0" />
      </respuestas>
    </cuestion>
    <cuestion>
      <enunciado><![CDATA[La raíz positiva de la expresión de la imagen es: ]]></enunciado>
      <explicacion />
      <imagen><![CDATA[MA_07_03_CO_REC200_F05n.png]]></imagen>
      <ampliacion><![CDATA[MA_07_03_CO_REC200_F05a.png]]></ampliacion>
      <respuestas>
        <respuesta contestacion="2" correcta="1" />
        <respuesta contestacion="4" correcta="0" />
        <respuesta contestacion="5" correcta="0" />
        <respuesta contestacion="32" correcta="0" />
        <respuesta contestacion="indeterminada" correcta="0" />
      </respuestas>
    </cuestion>
    <cuestion>
      <enunciado><![CDATA[La propiedad que se muestra es: ]]></enunciado>
      <explicacion />
      <imagen><![CDATA[MA_07_03_CO_REC200_F06n.png]]></imagen>
      <ampliacion><![CDATA[MA_07_03_CO_REC200_F06a.png]]></ampliacion>
      <respuestas>
        <respuesta contestacion="la raíz de un producto." correcta="0" />
        <respuesta contestacion="la raíz de un cociente." correcta="0" />
        <respuesta contestacion="la raíz de una raíz." correcta="0" />
        <respuesta contestacion="la raíz de una potencia." correcta="0" />
        <respuesta contestacion="ninguna propiedad." correcta="1" />
      </respuestas>
    </cuestion>
    <cuestion>
      <enunciado><![CDATA[La propiedad que {{cur}}no{{normal}} se utiliza al simplificar la expresión es: ]]></enunciado>
      <explicacion />
      <imagen><![CDATA[MA_07_03_CO_REC200_F07n.png]]></imagen>
      <ampliacion><![CDATA[MA_07_03_CO_REC200_F07a.png]]></ampliacion>
      <respuestas>
        <respuesta contestacion="la raíz de un producto." correcta="0" />
        <respuesta contestacion="la raíz de un cociente." correcta="0" />
        <respuesta contestacion="la raíz de una raíz." correcta="0" />
        <respuesta contestacion="la raíz de una potencia." correcta="1" />
        <respuesta contestacion="todas se usan." correcta="0" />
      </respuestas>
    </cuestion>
    <cuestion>
      <enunciado><![CDATA[La expresión simplificada es:]]></enunciado>
      <explicacion />
      <imagen><![CDATA[MA_07_03_CO_REC200_F08n.png]]></imagen>
      <ampliacion><![CDATA[MA_07_03_CO_REC200_F08a.png]]></ampliacion>
      <respuestas>
        <respuesta contestacion="un medio." correcta="1" />
        <respuesta contestacion="un tercio." correcta="0" />
        <respuesta contestacion="un medio de la raíz cuadrada de 3." correcta="0" />
        <respuesta contestacion="un tercio de la raíz sexta de 2." correcta="0" />
        <respuesta contestacion="un medio de la raíz cúbica de 3." correcta="0" />
      </respuestas>
    </cuestion>
  </test>
</motor>