<?xml version='1.0' encoding='UTF-8'?><engine copy="Editorial Planeta" version="1" aprid="f6"><main layout="0">
<title>Conoce algunas propiedades de las operaciones entre conjuntos</title>
<footer>Haz clic en la imagen; mira qué operaciones cumplen la propiedad.</footer>
</main>
<sections>
<section i="0" star="false" hasSubsections="false">
<menuImage path="ma_05_01_co_rec160_img01.jpg" border="0">
<title><![CDATA[A ∪ B = B ∪ A]]></title>
</menuImage>
<pages>
<page i="0" visible="true" color="">
<title>La unión entre conjuntos cumple la propiedad conmutativa.</title>
<description><![CDATA[<p>La uni&oacute;n entre conjuntos cumple la propiedad conmutativa.</p>

<p>&nbsp;</p>

<p>Para los conjuntos <em>A</em> y <em>B</em>, <em>A</em> <span dir="ltr" lang="es">&cup;</span> <em>B</em> = <em>B</em> <em>&cup;</em> <em>A</em>. En t&eacute;rminos conjuntistas, <em>A</em> <em>&cup;</em> <em>B</em> = {<em>x</em>/<em>x</em> pertenece a <em>A </em>o <em>x</em> pertenece a <em>B</em>} y <em>B</em> <em>&cup;</em> <em>A =</em> {<em>x</em>/<em>x</em> pertenece a <em>B </em>o <em>x</em> pertenece a <em>A</em>}. Por ejemplo, sean</p>

<p><em>A </em>= {s&aacute;bado, domingo, lunes} y <em>B</em> = {mi&eacute;rcoles, jueves, viernes}</p>

<p>Entonces,</p>

<p>&nbsp;</p>

<p><em>A</em> <em>&cup;</em> <em>B</em> = {s&aacute;bado, domingo, lunes, mi&eacute;rcoles, jueves, viernes}</p>

<p><em>B</em> <em>&cup;</em> <em>A</em> = {s&aacute;bado, domingo, lunes, mi&eacute;rcoles, jueves, viernes}</p>
]]></description>
<images>
<image path="ma_05_01_co_rec160_img01_small.jpg" border = "0" pathbig="ma_05_01_co_rec160_img01_zoom.jpg">
<title><![CDATA[A ∪ B = B ∪ A]]></title>
</image>
</images>
</page>
<page i="0" visible="true" color="">
<title>La intersección de conjuntos cumple la propiedad conmutativa.</title>
<description><![CDATA[<p>La Intersecci&oacute;n entre conjuntos cumple la propiedad conmutativa.</p>

<p>&nbsp;</p>

<p>Sean los conjuntos A y B, <em>A</em> &cap; <em>B </em>= <em>B</em> &cap; <em>A. </em>En t&eacute;rminos conjuntistas.</p>

<p>&nbsp;</p>

<p><em>A</em> &cap; <em>B </em>= {<em>x</em>/<em>x</em> pertenece a <em>A</em> y x pertenece a <em>B</em>} y <em>B</em> &cap; <em>A</em> = {<em>x</em>/<em>x</em> pertenece a <em>B</em> y <em>x</em> pertenece a <em>A</em>}.</p>

<p>&nbsp;</p>

<p>Por ejemplo, sean</p>

<p><em>A </em>= {s&aacute;bado, domingo, lunes, martes, mi&eacute;rcoles, jueves} y <em>B</em> = {martes, mi&eacute;rcoles, jueves, viernes}</p>

<p>Entonces,</p>

<p>&nbsp;</p>

<p><em>A</em> &cap; <em>B </em>= {martes, mi&eacute;rcoles, jueves}</p>

<p><em>B</em> &cap; <em>A</em> = {martes, mi&eacute;rcoles, jueves}</p>
]]></description>
<images>
<image path="ma_05_01_co_rec160_img02_small.jpg" border = "0" pathbig="ma_05_01_co_rec160_img02_zoom.jpg">
<title><![CDATA[A ∩ B = B ∩ A]]></title>
</image>
</images>
</page>
<page i="0" visible="true" color="">
<title>La diferencia de conjuntos no cumple la propiedad conmutativa.</title>
<description><![CDATA[<p>La diferencia entre conjuntos no cumple la propiedad conmutativa.</p>

<p>&nbsp;</p>

<p>Para los conjuntos <em>A</em> y <em>B</em>, <em>A</em> &ndash; <em>B</em> es diferente de <em>B</em> &ndash; <em>A</em>. En t&eacute;rminos conjuntistas,</p>

<p><em>A </em>&ndash; <em>B</em> = {<em>x</em>/<em>x</em> pertenece a A y x no pertenece a B} y <em>B</em> &ndash; <em>A</em> = {<em>x</em>/<em>x</em> pertenece a B y x no pertenece a A}</p>

<p>&nbsp;</p>

<p>Por ejemplo, sean</p>

<p>&nbsp;</p>

<p><em>A</em> = {s&aacute;bado, domingo, lunes, martes, mi&eacute;rcoles, jueves} y <em>B</em> = {martes, mi&eacute;rcoles, jueves, viernes}</p>

<p>Entonces,</p>

<p>&nbsp;</p>

<p><em>A </em>&ndash; <em>B</em> = {s&aacute;bado, domingo, lunes}</p>

<p><em>B</em> &ndash; <em>A</em> = {viernes}</p>

<p>&nbsp;</p>

<p>Por lo tanto, <em>A </em>&ndash; <em>B</em> es diferente de <em>B</em> &ndash; <em>A</em>.</p>
]]></description>
<images>
<image path="ma_05_01_co_rec160_img03_small.jpg" border = "0" pathbig="ma_05_01_co_rec160_img03_zoom.jpg">
<title><![CDATA[A – B es diferente de B – A.]]></title>
</image>
</images>
</page>
</pages>
</section><section i="0" star="false" hasSubsections="false">
<menuImage path="ma_05_01_co_img07_small.jpg" border="0">
<title><![CDATA[H es un elemento neutro para la unión de conjuntos.]]></title>
</menuImage>
<pages>
<page i="0" visible="true" color="">
<title>Elemento neutro en la unión entre conjuntos</title>
<description><![CDATA[<p>Cuando se realiza la <strong>uni&oacute;n</strong> entre un conjunto <em>A</em> y un conjunto vac&iacute;o <em>V</em>, el resultado es el conjunto <em>A</em>. Es decir,</p>

<p><em>A</em> <span style="color:rgb(37, 37, 37); font-family:sans-serif; font-size:14px">&cup;</span> <em>V</em> = <em>A</em></p>

<p>En t&eacute;rminos conjuntistas, <em>A</em> <span style="color:rgb(37, 37, 37); font-family:sans-serif; font-size:14px">&cup;</span> <em>V</em> = {<em>x</em>/<em>x</em> pertenece a <em>A</em> o <em>x </em>pertenece a <em>V</em>}</p>

<p>&nbsp;</p>

<p>Por ejemplo, sean</p>

<p><em>A</em> = {1, 2} y <em>V</em> = { }</p>

<p>Entonces,</p>

<p>&nbsp;</p>

<p><em>A</em> <span style="color:rgb(37, 37, 37); font-family:sans-serif; font-size:14px">&cup;</span> <em>V </em>= {1, 2}</p>
]]></description>
<images>
<image path="ma_05_01_co_rec160_img05.jpg" border = "0" pathbig="ma_05_01_co_rec160_img05_zoom.jpg">
<title><![CDATA[]]></title>
</image>
</images>
</page>
</pages>
</section></sections>
</engine>