﻿<?xml version="1.0" encoding="UTF-8"?>
<motor tipo="101" clase="a" aprid="M101a">
  <plataforma>
    <grado><![CDATA[2]]></grado>
    <titulo>Refuerza tu aprendizaje: Operaciones con números reales</titulo>
    <area>3</area>
    <nivel>2</nivel>
    <referencia><![CDATA[MT_09_01]]></referencia>
    <idreg><![CDATA[4668]]></idreg>
    <motor><![CDATA[M101A]]></motor>
    <lang>es</lang>
  </plataforma>
  <enunciado><![CDATA[Realiza la siguiente actividad. Cuando termines haz clic en Enviar. Si es necesario, entrega las respuestas en mano o por email a tu profesor para que pueda validarlas.]]></enunciado>
  <masinfo inicio="0" />
  <calc><![CDATA[1]]></calc>
  <preguntas cantidad="3">
    <pregunta>
      <enunciado><![CDATA[Resuelve la siguiente operación, escribiendo todos los pasos que realices. ]]></enunciado>
      <explicacion><![CDATA[SOLUCIÓN:  (35v2 – 3) / 21 ]]></explicacion>
      <nivel><![CDATA[2]]></nivel>
      <tipo />
      <imagen><![CDATA[MT_09_01_13_286.jpg]]></imagen>
      <ampliacion><![CDATA[MT_09_01_13_500.jpg]]></ampliacion>
      <texto />
    </pregunta>
    <pregunta>
      <enunciado><![CDATA[Resuelve la siguiente operación, indicando todos los pasos que realices. ]]></enunciado>
      <explicacion><![CDATA[SOLUCIÓN: (15v3 – 4v5) / 6 ]]></explicacion>
      <nivel><![CDATA[2]]></nivel>
      <tipo />
      <imagen><![CDATA[MT_09_01_14_286.jpg]]></imagen>
      <ampliacion><![CDATA[MT_09_01_14_500.jpg]]></ampliacion>
      <texto />
    </pregunta>
    <pregunta>
      <enunciado><![CDATA[Resuelve la siguiente operación, indicando todos los pasos que realices. ]]></enunciado>
      <explicacion><![CDATA[SOLUCIÓN:  (14 – 15v5 +18v2) / 24 ) ]]></explicacion>
      <nivel><![CDATA[3]]></nivel>
      <tipo />
      <imagen><![CDATA[MT_09_01_15_286.jpg]]></imagen>
      <ampliacion><![CDATA[MT_09_01_15_500.jpg]]></ampliacion>
      <texto />
    </pregunta>
  </preguntas>
  <temps>20</temps>
</motor>