﻿<?xml version="1.0" encoding="utf-8"?>
<motor tipo="3" clase="a" aprid="m3a">
  <plataforma>
    <grado><![CDATA[2]]></grado>
    <titulo>Reconocer cuándo dos rectas son: coincidentes, secantes, paralelas o perpendiculares.</titulo>
    <area>0</area>
    <nivel>2</nivel>
    <referencia />
    <idreg><![CDATA[0]]></idreg>
    <motor><![CDATA[M3A]]></motor>
    <lang>es</lang>
  </plataforma>
  <enunciado><![CDATA[Cada ecuación representa una recta. Asigna dos de ellas a cada una de las imágenes, teniendo en cuenta que las rectas cumplan lo que describe la gráfica.]]></enunciado>
  <masinfo inicio="0"><![CDATA[Cada una de las imágenes representa la posición de dos rectas en el plano cartesiano (coincidentes, secantes, paralelas, perpendiculares).]]></masinfo>
  <sinaleatoriedad><![CDATA[1]]></sinaleatoriedad>
  <calc><![CDATA[0]]></calc>
  <sonidoaimagen cantidad="4">
    <cuestion>
      <imagen etiqueta="Rectas perpendiculares "><![CDATA[MA_09_05_CO_REC80_IMG01.png]]></imagen>
      <respuestas>
        <respuesta etiqueta="{{cur}}y{{normal}} = 0,5{{cur}}x{{normal}} + 3" />
        <respuesta etiqueta="{{cur}}y{{normal}} = -2{{cur}}x{{normal}} + 7" />
      </respuestas>
    </cuestion>
    <cuestion>
      <imagen etiqueta="Rectas coincidentes "><![CDATA[MA_09_05_CO_REC80_IMG02.png]]></imagen>
      <respuestas>
        <respuesta etiqueta="{{cur}}y{{normal}} = 3{{cur}}x{{normal}} + 4" />
        <respuesta etiqueta="2{{cur}}y{{normal}} = 6{{cur}}x{{normal}} + 8" />
      </respuestas>
    </cuestion>
    <cuestion>
      <imagen etiqueta="Rectas secantes no perpendiculares"><![CDATA[MA_09_05_CO_REC80_IMG03.png]]></imagen>
      <respuestas>
        <respuesta etiqueta="{{cur}}y{{normal}} = -5{{cur}}x{{normal}} + 2" />
        <respuesta etiqueta="{{cur}}y{{normal}} = -3{{cur}}x{{normal}} + 2 " />
      </respuestas>
    </cuestion>
    <cuestion>
      <imagen etiqueta="Rectas paralelas"><![CDATA[MA_09_05_CO_REC80_IMG04.png]]></imagen>
      <respuestas>
        <respuesta etiqueta="{{cur}}y{{normal}} = 7{{cur}}x{{normal}} + 2" />
        <respuesta etiqueta="{{cur}}y{{normal}} = 7{{cur}}x{{normal}} - 3" />
      </respuestas>
    </cuestion>
  </sonidoaimagen>
  <temps>5</temps>
</motor>