﻿<?xml version="1.0" encoding="utf-8"?>
<motor tipo="10" clase="b" aprid="m10b">
  <plataforma>
    <grado><![CDATA[2]]></grado>
    <titulo>Encuentra los múltiplos de un número</titulo>
    <area>0</area>
    <nivel>1</nivel>
    <referencia />
    <idreg><![CDATA[0]]></idreg>
    <motor><![CDATA[M10B]]></motor>
    <lang>es</lang>
  </plataforma>
  <enunciado><![CDATA[Unir cada contenedor con los múltiplos correspondientes.]]></enunciado>
  <masinfo inicio="0" />
  <sinaleatoriedad><![CDATA[0]]></sinaleatoriedad>
  <calc><![CDATA[0]]></calc>
  <textoacategoria cantidad="3">
    <cuestion>
      <categoria><![CDATA[Múltiplos de trece.]]></categoria>
      <respuestas>
        <respuesta id="1" ruta="MA_06_04_CO_REC20_IMG01.png" />
        <respuesta id="2" ruta="MA_06_04_CO_REC20_IMG02.png" />
        <respuesta id="3" ruta="MA_06_04_CO_REC20_IMG03.png" />
      </respuestas>
    </cuestion>
    <cuestion>
      <categoria><![CDATA[Múltiplos de quince.]]></categoria>
      <respuestas>
        <respuesta id="1" ruta="MA_06_04_CO_REC20_IMG04.png" />
        <respuesta id="2" ruta="MA_06_04_CO_REC20_IMG05.png" />
        <respuesta id="3" ruta="MA_06_04_CO_REC20_IMG06.png" />
      </respuestas>
    </cuestion>
    <cuestion>
      <categoria><![CDATA[Múltiplos de 23.]]></categoria>
      <respuestas>
        <respuesta id="1" ruta="MA_06_04_CO_REC20_IMG07.png" />
        <respuesta id="2" ruta="MA_06_04_CO_REC20_IMG08.png" />
        <respuesta id="3" ruta="MA_06_04_CO_REC20_IMG09.png" />
      </respuestas>
    </cuestion>
  </textoacategoria>
</motor>