﻿<?xml version="1.0" encoding="utf-8"?><motor tipo="5" clase="a" aprid="M5a">
  <plataforma>
    <grado><![CDATA[2]]></grado>
    <titulo>Resuelve problemas de probabilidad</titulo>
    <area>3</area>
    <nivel><![CDATA[2]]></nivel>
    <referencia><![CDATA[MT_09_12_05]]></referencia>
    <idreg><![CDATA[281]]></idreg>
    <motor><![CDATA[M5A]]></motor>
    <lang>es</lang>
  </plataforma>
  <enunciado><![CDATA[Encuentra la solución a los siguientes problemas.]]></enunciado>
  <masinfo inicio="0"/>
  <sinaleatoriedad><![CDATA[0]]></sinaleatoriedad>
  <calc><![CDATA[1]]></calc>
  <respuestaunica><![CDATA[1]]></respuestaunica>
  <test cantidad="7">
    <cuestion>
      <enunciado><![CDATA[Si en una cesta hay 2 peras, 3 naranjas y 5 manzanas, ¿cuál es la probabilidad de sacar una pera?]]></enunciado>
      <explicacion/>
      <imagen><![CDATA[MT_09_12_05_01.jpg]]></imagen>
      <ampliacion/>
      <respuestas>
        <respuesta contestacion="1/5" correcta="1"/>
        <respuesta contestacion="2/5" correcta="0"/>
        <respuesta contestacion="1/10" correcta="0"/>
        <respuesta contestacion="1/2" correcta="0"/>
        <respuesta contestacion="5/10" correcta="0"/>
      </respuestas>
    </cuestion>
    <cuestion>
      <enunciado><![CDATA[Jugando en una ruleta de 36 números más el cero, ¿cuál es probabilidad de que salga un 8, un 16 o un 25? ]]></enunciado>
      <explicacion/>
      <imagen><![CDATA[MT_09_12_05_02.jpg]]></imagen>
      <ampliacion/>
      <respuestas>
        <respuesta contestacion="3/37" correcta="1"/>
        <respuesta contestacion="8/37" correcta="0"/>
        <respuesta contestacion="16//37" correcta="0"/>
        <respuesta contestacion="25/37" correcta="0"/>
        <respuesta contestacion="2/37" correcta="0"/>
      </respuestas>
    </cuestion>
    <cuestion>
      <enunciado><![CDATA[En una bolsa hay 10 bolas amarillas, 20 bolas azules, 30 bolas rojas y 40 bolas verdes. ¿Qué probabilidad existe de que al sacar una bola al azar esta sea de color rojo?]]></enunciado>
      <explicacion/>
      <imagen><![CDATA[MT_09_12_05_03.jpg]]></imagen>
      <ampliacion/>
      <respuestas>
        <respuesta contestacion="3/10" correcta="1"/>
        <respuesta contestacion="4/10" correcta="0"/>
        <respuesta contestacion="1/10" correcta="0"/>
        <respuesta contestacion="2/10" correcta="0"/>
      </respuestas>
    </cuestion>
    <cuestion>
      <enunciado><![CDATA[Si tengo un dado de 4 caras y uno de 6, ¿con cuál es más probable sacar un 3? ]]></enunciado>
      <explicacion/>
      <imagen><![CDATA[MT_09_12_05_04.jpg]]></imagen>
      <ampliacion/>
      <respuestas>
        <respuesta contestacion="Con el de 6 caras." correcta="0"/>
        <respuesta contestacion="Con el de 4 caras." correcta="1"/>
        <respuesta contestacion="Existe la misma probabilidad." correcta="0"/>
        <respuesta contestacion="Depende de las condiciones." correcta="0"/>
      </respuestas>
    </cuestion>
    <cuestion>
      <enunciado><![CDATA[En una baraja francesa, que tiene 52 cartas, ¿qué probabilidad hay de que al sacar una carta al azar, esta sea del palo de corazones?]]></enunciado>
      <explicacion/>
      <imagen><![CDATA[MT_09_12_05_05.jpg]]></imagen>
      <ampliacion/>
      <respuestas>
        <respuesta contestacion="1/5" correcta="0"/>
        <respuesta contestacion="1/4" correcta="1"/>
        <respuesta contestacion="2/5" correcta="0"/>
        <respuesta contestacion="1/52" correcta="0"/>
        <respuesta contestacion="15/52" correcta="0"/>
      </respuestas>
    </cuestion>
    <cuestion>
      <enunciado><![CDATA[Si en una cesta hay 2 plátanos, 3 limones y 5 melocotones, ¿cuál es la probabilidad de sacar un melocotón?]]></enunciado>
      <explicacion/>
      <imagen><![CDATA[MT_09_12_05_06.jpg]]></imagen>
      <ampliacion/>
      <respuestas>
        <respuesta contestacion="2/5" correcta="0"/>
        <respuesta contestacion="1/2" correcta="1"/>
        <respuesta contestacion="1/10" correcta="0"/>
        <respuesta contestacion="2/10" correcta="0"/>
        <respuesta contestacion="2/2" correcta="0"/>
      </respuestas>
    </cuestion>
    <cuestion>
      <enunciado><![CDATA[En una baraja francesa, que tiene 52 cartas, ¿qué probabilidad hay de que al sacar una carta al azar, esta sea un as?]]></enunciado>
      <explicacion/>
      <imagen><![CDATA[MT_09_12_05_07.jpg]]></imagen>
      <ampliacion/>
      <respuestas>
        <respuesta contestacion="5/13" correcta="0"/>
        <respuesta contestacion="2/13" correcta="0"/>
        <respuesta contestacion="1/13" correcta="1"/>
        <respuesta contestacion="6/52" correcta="0"/>
        <respuesta contestacion="1/52" correcta="0"/>
      </respuestas>
    </cuestion>
  </test>
</motor>