﻿<?xml version="1.0" encoding="utf-8"?><motor tipo="5" clase="a" aprid="M5a">
  <plataforma>
    <grado><![CDATA[2]]></grado>
    <titulo>Practica operaciones con sucesos</titulo>
    <area>3</area>
    <nivel><![CDATA[2]]></nivel>
    <referencia><![CDATA[MT_09_12_02]]></referencia>
    <idreg><![CDATA[280]]></idreg>
    <motor><![CDATA[M5A]]></motor>
    <lang>es</lang>
  </plataforma>
  <enunciado><![CDATA[Lee con atención el enunciado y responde a las siguientes preguntas.]]></enunciado>
  <masinfo inicio="0"/>
  <sinaleatoriedad><![CDATA[0]]></sinaleatoriedad>
  <calc><![CDATA[1]]></calc>
  <respuestaunica><![CDATA[1]]></respuestaunica>
  <test cantidad="7">
    <cuestion>
      <enunciado><![CDATA[Si lanzamos un dado al aire y tenemos que el suceso {{cur}}A{{normal}} es sacar par y el suceso {{cur}}B{{normal}} es sacar mayor que 5, la intersección del suceso {{cur}}A{{normal}} y {{cur}}B{{normal}} es...]]></enunciado>
      <explicacion/>
      <imagen><![CDATA[MT_09_12_02_01.jpg]]></imagen>
      <ampliacion/>
      <respuestas>
        <respuesta contestacion="... sacar un 5." correcta="0"/>
        <respuesta contestacion="... sacar un 6." correcta="1"/>
        <respuesta contestacion="... sacar un 2, un 4 o un 6." correcta="0"/>
        <respuesta contestacion="... sacar un 2." correcta="0"/>
        <respuesta contestacion="... sacar un 5 o un 6." correcta="0"/>
      </respuestas>
    </cuestion>
    <cuestion>
      <enunciado><![CDATA[Si jugamos a la ruleta y el suceso {{cur}}A{{normal}} es sacar un número menor que 9 y el suceso {{cur}}B{{normal}} sacar un 5, la unión de estos dos sucesos es...]]></enunciado>
      <explicacion/>
      <imagen><![CDATA[MT_09_12_02_02.jpg]]></imagen>
      <ampliacion/>
      <respuestas>
        <respuesta contestacion="... {{cur}}A{{normal}} U {{cur}}B{{normal}} = {0, 1, 2, 3, 4, 5, 6, 7, 8, 9}." correcta="0"/>
        <respuesta contestacion="... {{cur}}A{{normal}} U {{cur}}B{{normal}} = {0, 1, 4, 5, 6, 7, 8}." correcta="0"/>
        <respuesta contestacion="... {{cur}}A{{normal}} U {{cur}}B{{normal}} = {0, 1, 2, 3, 4, 6, 7, 8}." correcta="0"/>
        <respuesta contestacion="... {{cur}}A{{normal}} U {{cur}}B{{normal}} = {0, 1, 2, 3, 4, 5, 6, 7, 8}." correcta="1"/>
        <respuesta contestacion="... {{cur}}A{{normal}} U {{cur}}B{{normal}} = {0, 1, 2, 3, 4, 5}." correcta="0"/>
      </respuestas>
    </cuestion>
    <cuestion>
      <enunciado><![CDATA[Si tiramos un dado y el suceso {{cur}}A{{normal}} es sacar par y el suceso {{cur}}B{{normal}} sacar mayor que 5, la unión del suceso {{cur}}A{{normal}} y {{cur}}B{{normal}} es...]]></enunciado>
      <explicacion/>
      <imagen><![CDATA[MT_09_12_02_03.jpg]]></imagen>
      <ampliacion/>
      <respuestas>
        <respuesta contestacion="... sacar un 4 o un 6." correcta="0"/>
        <respuesta contestacion="... sacar un 2." correcta="0"/>
        <respuesta contestacion="... sacar un 5 o un 6." correcta="0"/>
        <respuesta contestacion="... sacar un 2, un 4 o un 6." correcta="1"/>
        <respuesta contestacion="... sacar un 6." correcta="0"/>
      </respuestas>
    </cuestion>
    <cuestion>
      <enunciado><![CDATA[Si en la baraja de póquer un suceso {{cur}}A{{normal}} es sacar un 6, un 7, un 8, un 9 o un 10, ¿cuál es el suceso contrario de {{cur}}A{{normal}}?]]></enunciado>
      <explicacion/>
      <imagen><![CDATA[MT_09_12_02_04.jpg]]></imagen>
      <ampliacion/>
      <respuestas>
        <respuesta contestacion="Sacar un número menor que 6 o una figura." correcta="1"/>
        <respuesta contestacion="Sacar solo una figura." correcta="0"/>
        <respuesta contestacion="Sacar solo un número menor que 5." correcta="0"/>
        <respuesta contestacion="Sacar un 6, un 7, un 8 o un 9." correcta="0"/>
      </respuestas>
    </cuestion>
    <cuestion>
      <enunciado><![CDATA[Si jugamos a la ruleta y el suceso {{cur}}A{{normal}} es sacar un número menor que 9 y el suceso {{cur}}B{{normal}} sacar un 5, la intersección de estos dos sucesos es...]]></enunciado>
      <explicacion/>
      <imagen><![CDATA[MT_09_12_02_05.jpg]]></imagen>
      <ampliacion/>
      <respuestas>
        <respuesta contestacion="... {{cur}}A{{normal}} ∩ {{cur}}B{{normal}} = {9}." correcta="0"/>
        <respuesta contestacion="... {{cur}}A{{normal}} ∩ {{cur}}B{{normal}} = {5}." correcta="1"/>
        <respuesta contestacion="... {{cur}}A{{normal}} ∩ {{cur}}B{{normal}} = {5, 6, 7}." correcta="0"/>
        <respuesta contestacion="... {{cur}}A{{normal}} ∩ {{cur}}B{{normal}} = {1, 2, 3, 4, 5}." correcta="0"/>
        <respuesta contestacion="... {{cur}}A{{normal}} ∩ {{cur}}B{{normal}} = {5, 6, 7, 8, 9}." correcta="0"/>
      </respuestas>
    </cuestion>
    <cuestion>
      <enunciado><![CDATA[Si en un sorteo de lotería el suceso {{cur}}A{{normal}} es sacar un número menor o igual que 3.000, y el {{cur}}B{{normal}} es sacar un número menor o igual que 2.000, el suceso diferencia {{cur}}A{{normal}} - {{cur}}B{{normal}} es...]]></enunciado>
      <explicacion/>
      <imagen><![CDATA[MT_09_12_02_06.jpg]]></imagen>
      <ampliacion/>
      <respuestas>
        <respuesta contestacion="... sacar un número mayor de 3.000." correcta="0"/>
        <respuesta contestacion="... sacar un número entre 1 y 4.000." correcta="0"/>
        <respuesta contestacion="... sacar un número entre 2.001 y 3.000." correcta="1"/>
        <respuesta contestacion="... sacar un número entre 1 y 3.000." correcta="0"/>
        <respuesta contestacion="... sacar un número entre 1 y 2.000." correcta="0"/>
      </respuestas>
    </cuestion>
    <cuestion>
      <enunciado><![CDATA[Si al tirar un dado de 12 caras, el suceso {{cur}}A{{normal}} es {{cur}}A{{normal}} = {3, 7, 8, 9, 12} y el suceso {{cur}}B{{normal}} es {{cur}}B{{normal}} = {2, 7, 9, 11}, la intersección de estos dos sucesos es ...]]></enunciado>
      <explicacion/>
      <imagen><![CDATA[MT_09_12_02_07.jpg]]></imagen>
      <ampliacion/>
      <respuestas>
        <respuesta contestacion="... {{cur}}A{{normal}} ∩ {{cur}}B{{normal}} = {2, 7, 9, 11}." correcta="0"/>
        <respuesta contestacion="... {{cur}}A{{normal}} ∩ {{cur}}B{{normal}} = {7}." correcta="0"/>
        <respuesta contestacion="... {{cur}}A{{normal}} ∩ {{cur}}B{{normal}} = {9}." correcta="0"/>
        <respuesta contestacion="... {{cur}}A{{normal}} ∩ {{cur}}B{{normal}} = {3, 7, 8, 9, 12}." correcta="0"/>
        <respuesta contestacion="... {{cur}}A{{normal}} ∩ {{cur}}B{{normal}} = {7, 9}." correcta="1"/>
      </respuestas>
    </cuestion>
  </test>
</motor>