﻿<?xml version="1.0" encoding="UTF-8"?>
<motor tipo="5" clase="a" aprid="M5A">
  <plataforma>
    <grado><![CDATA[1]]></grado>
    <titulo>Resuelve multiplicaciones y divisiones entre medidas de ángulos</titulo>
    <area>1</area>
    <nivel>1</nivel>
    <referencia><![CDATA[IHGPC]]></referencia>
    <idreg><![CDATA[219]]></idreg>
    <motor><![CDATA[M5A]]></motor>
    <lang>es</lang>
  </plataforma>
  <enunciado><![CDATA[Observa las imágenes y selecciona las opciones correctas según corresponda.]]></enunciado>
  <masinfo inicio="0" />
  <sinaleatoriedad><![CDATA[0]]></sinaleatoriedad>
  <calc><![CDATA[0]]></calc>
  <respuestaunica><![CDATA[0]]></respuestaunica>
  <test cantidad="6">
    <cuestion>
      <enunciado><![CDATA[Si α = 30⁰, las expresiones verdaderas son:]]></enunciado>
      <explicacion />
      <imagen><![CDATA[MA_06_10_CO_REC190_IMG01n.png]]></imagen>
      <ampliacion><![CDATA[MA_06_10_CO_REC190_IMG01a.png]]></ampliacion>
      <respuestas>
        <respuesta contestacion="3 x α = β" correcta="1" />
        <respuesta contestacion="β = 90⁰" correcta="1" />
        <respuesta contestacion="3 x β = α" correcta="0" />
        <respuesta contestacion="β = 45⁰" correcta="0" />
      </respuestas>
    </cuestion>
    <cuestion>
      <enunciado><![CDATA[Si β = 40⁰, las expresiones verdaderas son:]]></enunciado>
      <explicacion />
      <imagen><![CDATA[MA_06_10_CO_REC190_IMG02n.png]]></imagen>
      <ampliacion><![CDATA[MA_06_10_CO_REC190_IMG02a.png]]></ampliacion>
      <respuestas>
        <respuesta contestacion="α = 10⁰" correcta="1" />
        <respuesta contestacion="β dividido 4 es igual a α" correcta="1" />
        <respuesta contestacion="α dividido 4 es igula a β" correcta="0" />
        <respuesta contestacion="α = 15⁰" correcta="0" />
      </respuestas>
    </cuestion>
    <cuestion>
      <enunciado><![CDATA[Si β = 360⁰, las expresiones verdaderas son:]]></enunciado>
      <explicacion />
      <imagen><![CDATA[MA_06_10_CO_REC190_IMG03n.png]]></imagen>
      <ampliacion><![CDATA[MA_06_10_CO_REC190_IMG03a.png]]></ampliacion>
      <respuestas>
        <respuesta contestacion="β dividido 6 es igual a α" correcta="1" />
        <respuesta contestacion="α = 60⁰" correcta="1" />
        <respuesta contestacion="α dividido 6 es igual a β" correcta="0" />
        <respuesta contestacion="α = 55⁰" correcta="0" />
      </respuestas>
    </cuestion>
    <cuestion>
      <enunciado><![CDATA[Si α = 15⁰, las expresiones verdaderas son:]]></enunciado>
      <explicacion />
      <imagen><![CDATA[MA_06_10_CO_REC190_IMG04n.png]]></imagen>
      <ampliacion><![CDATA[MA_06_10_CO_REC190_IMG04a.png]]></ampliacion>
      <respuestas>
        <respuesta contestacion="5 x α = β" correcta="1" />
        <respuesta contestacion="β = 75⁰" correcta="1" />
        <respuesta contestacion="5 x β = α" correcta="0" />
        <respuesta contestacion="β = 80⁰" correcta="0" />
      </respuestas>
    </cuestion>
    <cuestion>
      <enunciado><![CDATA[Si β = 90⁰, las expresiones verdaderas son:]]></enunciado>
      <explicacion />
      <imagen><![CDATA[MA_06_10_CO_REC190_IMG05n.png]]></imagen>
      <ampliacion><![CDATA[MA_06_10_CO_REC190_IMG05a.png]]></ampliacion>
      <respuestas>
        <respuesta contestacion="La mitad de β es α" correcta="1" />
        <respuesta contestacion="α = 45⁰" correcta="1" />
        <respuesta contestacion="La mitad de α es β" correcta="0" />
        <respuesta contestacion="α = 50⁰" correcta="0" />
      </respuestas>
    </cuestion>
    <cuestion>
      <enunciado><![CDATA[Si α = 45⁰,, las expresiones verdaderas son:]]></enunciado>
      <explicacion />
      <imagen><![CDATA[MA_06_10_CO_REC190_IMG06n.png]]></imagen>
      <ampliacion><![CDATA[MA_06_10_CO_REC190_IMG06a.png]]></ampliacion>
      <respuestas>
        <respuesta contestacion="β = 225⁰" correcta="1" />
        <respuesta contestacion="5 x α = β" correcta="1" />
        <respuesta contestacion="β = 245⁰" correcta="0" />
        <respuesta contestacion="5 x β = α" correcta="0" />
      </respuestas>
    </cuestion>
  </test>
</motor>