﻿<?xml version="1.0" encoding="UTF-8"?>
<?xml-stylesheet href="cuadernoestudio/dtd/libro.xslt" type="text/xsl"?>
<!--Arbortext, Inc., 1988-2015, v.4002-->
<!DOCTYPE libro SYSTEM "cuadernoestudio/dtd/libro.dtd">
<libro id="MA_08_05_CO">
<libroTitulo>Las fracciones algebraicas</libroTitulo><?Pub Caret -1?>
<seccion1 id="S1_MA_08_05_CO_3E429769E3764A698F715AF7F227008D">
<seccion1Titulo>El máximo común divisor y el mínimo común múltiplo</seccion1Titulo>
<seccion1Texto>
<p>Los polinomios algebraicos al igual que los números enteros poseen
máximo común divisor y mínimo común múltiplo, es decir que entre dos
polinomios es posible hallar un polinomio que los divida exactamente,
y también es factible hallar un polinomio que sea múltiplo de los
polinomios. Ahora estudiaremos cada caso.</p>
<profundiza>
<enlace
destino="/LoIdRedirect.aspx?LoId=MA_08_05_CO_Recurso010&amp;IdRecurso=RES-33C1587EA5A44D0D8422CD6992524748"
>Máximos y mínimos de expresiones racionales</enlace>
</profundiza><seccion2
id="S2_MA_08_05_CO_4E925B01B1FA47319A7C37E4B031A31B">
<seccion2Titulo>El máximo común divisor (m.c.d.)</seccion2Titulo>
<seccion2Texto><recuerda><recuerdaTexto>
<p>El máximo común divisor (m.c.d.) es el mayor número que divide
a dos o más cantidades de forma exacta. Se halla haciendo descomposición
factorial de cada número, tomando las cantidades comunes de menor
exponente y multiplicándolas entre sí. </p>
</recuerdaTexto></recuerda>
<p>Recuerda mediante el siguiente ejemplo cómo se halla el m.c.d.
de dos números enteros.  </p>
<listaSinNumerar>
<listaElemento>Hallar el m.c.d. de 48 y 72.</listaElemento>
</listaSinNumerar>
<imagen src="MA_08_05_CO_IMG01_small.jpg">
<p>Simplificación de 48 y 72.</p>
</imagen>
<p>Tomamos los factores repetidos en cada número que tengan el menor
exponente, es decir, 2<superindice>3</superindice> y 3; por tanto:</p>
<p centrado="si">m.c.d. (48, 72) =  2<superindice>3</superindice> ∙
3 = 24</p>
<seccion3 id="S3_MA_08_05_CO_4C0294B7A13040918BE67B5F8E714EB3">
<seccion3Titulo>El máximo común divisor de monomios</seccion3Titulo>
<seccion3Texto>
<p>El máximo común divisor de dos o más <negrita>monomios</negrita
> es el monomio que es común y tiene el mayor coeficiente y el menor
exponente de la parte literal, que está contenido exactamente en cada
monomio.</p>
<p>Para hallar el m.c.d. entre dos o más monomios se realizan los
siguientes pasos:</p>
<listaSinNumerar>
<listaElemento>Se halla el m.c.d. de cada coeficiente.</listaElemento>
<listaElemento>Se encuentra la parte literal que sea común en cada
monomio y que, además, tenga el menor exponente.</listaElemento>
</listaSinNumerar>
<p>Observemos algunos ejemplos:</p>
<listaSinNumerar>
<listaElemento>Hallar el m.c.d. entre 36<cursiva>x</cursiva><superindice
>4</superindice><cursiva>y</cursiva><superindice>6</superindice>,
48<cursiva>x</cursiva><superindice>8</superindice><cursiva>y</cursiva
><superindice>4</superindice> y 60<cursiva>x</cursiva><superindice
>3</superindice><cursiva>y</cursiva><superindice>7</superindice>.</listaElemento>
</listaSinNumerar>
<p>Descomponiendo en factores primos los coeficientes tenemos:  </p>
<p centrado="si">36<cursiva>x</cursiva><superindice>4</superindice
><cursiva>y</cursiva><superindice>6</superindice> = 2<superindice
>2</superindice> ∙ 3<superindice>2</superindice> ∙ <cursiva>x</cursiva
><superindice>4</superindice><cursiva>y</cursiva><superindice>6</superindice
></p>
<p centrado="si">48<cursiva>x</cursiva><superindice>8</superindice
><cursiva>y</cursiva><superindice>4</superindice> = 2<superindice
>4</superindice> ∙ 3 ∙ <cursiva>x</cursiva><superindice>8</superindice
><cursiva>y</cursiva><superindice>4</superindice></p>
<p centrado="si">60<cursiva>x</cursiva><superindice>3</superindice
><cursiva>y</cursiva><superindice>7</superindice> = 2<superindice
>2</superindice> ∙ 3 ∙ 5 ∙ <cursiva>x</cursiva><superindice>3</superindice
><cursiva>y</cursiva><superindice>7</superindice></p>
<p>Observa que los coeficientes comunes con menor exponente son 2<superindice
>2</superindice> y 3, es decir: 2<superindice>2</superindice> ∙ 3
= 12 y en la parte literal se tiene <cursiva>x</cursiva><superindice
>3</superindice><cursiva>y</cursiva><superindice>4</superindice>,
por tanto:</p>
<p centrado="si"><negrita>m.c.d. (36<cursiva>x</cursiva><superindice
>4</superindice><cursiva>y</cursiva><superindice>6</superindice>,
48<cursiva>x</cursiva><superindice>8</superindice><cursiva>y</cursiva
><superindice>4</superindice>, 60<cursiva>x</cursiva><superindice
>3</superindice><cursiva>y</cursiva><superindice>7</superindice>)
= 12<cursiva>x</cursiva><superindice>3</superindice><cursiva>y</cursiva
><superindice>4</superindice></negrita></p>
<listaSinNumerar>
<listaElemento>Hallar el m.c.d. entre 24<cursiva>x</cursiva><superindice
>8</superindice><cursiva>y</cursiva><superindice>2</superindice>,
18<cursiva>x</cursiva><superindice>6</superindice><cursiva>y</cursiva
><superindice>4</superindice> y 54<cursiva>x</cursiva><superindice
>4</superindice><cursiva>y</cursiva><superindice>6</superindice>.</listaElemento>
</listaSinNumerar>
<p>Descomponiendo en factores primos los coeficientes tenemos:</p>
<p centrado="si">24<cursiva>x</cursiva><superindice>8</superindice
><cursiva>y</cursiva><superindice>2</superindice> = 2<superindice
>3</superindice> ∙ 3 ∙ <cursiva>x</cursiva><superindice>8</superindice
><cursiva>y</cursiva><superindice>2</superindice></p>
<p centrado="si">18<cursiva>x</cursiva><superindice>6</superindice
><cursiva>y</cursiva><superindice>4</superindice> = 2 ∙ 3<superindice
>2</superindice> ∙ <cursiva>x</cursiva><superindice>6</superindice
><cursiva>y</cursiva><superindice>4</superindice></p>
<p centrado="si">54<cursiva>x</cursiva><superindice>4</superindice
><cursiva>y</cursiva><superindice>6</superindice> = 2 ∙ 3<superindice
>3</superindice> ∙ <cursiva>x</cursiva><superindice>4</superindice
><cursiva>y</cursiva><superindice>6</superindice></p>
<p>Observa que los coeficientes comunes con menor exponente son 2
y 3, es decir: 2 ∙ 3 = 6 y en la parte literal se tiene <cursiva>x</cursiva
><superindice>4</superindice><cursiva>y</cursiva><superindice>2</superindice
>, por tanto:</p>
<p centrado="si"><negrita>m.c.d. (24<cursiva>x</cursiva><superindice
>8</superindice><cursiva>y</cursiva><superindice>2</superindice>,
18<cursiva>x</cursiva><superindice>6</superindice><cursiva>y</cursiva
><superindice>4</superindice>, 54<cursiva>x</cursiva><superindice
>4</superindice><cursiva>y</cursiva><superindice>6</superindice>)
= 6<cursiva>x</cursiva><superindice>4</superindice><cursiva>y</cursiva
><superindice>2</superindice></negrita></p>
<practica>
<enlace
destino="/LoIdRedirect.aspx?LoId=MA_08_05_CO_Recurso020&amp;IdRecurso=RES-D142973130804636A9BDA8CF19BA8FB2"
>Calcula el máximo común divisor de monomios</enlace>
</practica></seccion3Texto></seccion3><seccion3
id="S3_MA_08_05_CO_49B0EC404A614D44B280297853F3C72B">
<seccion3Titulo>El máximo común divisor de polinomios</seccion3Titulo>
<seccion3Texto>
<p>Para hallar el m.c.d. entre dos o más polinomios, se factoriza
cada uno de ellos y se multiplican los factores que sean comunes a
todos los polinomios. Observa los siguientes ejemplos:</p>
<listaSinNumerar>
<listaElemento>Hallar el m.c.d. entre 4<cursiva>x</cursiva><superindice
>4</superindice> + 2<cursiva>x</cursiva><superindice>3</superindice
><cursiva>y</cursiva> y 16<cursiva>x</cursiva><superindice>6</superindice
> – 4<cursiva>x</cursiva><superindice>4</superindice><cursiva>y</cursiva
><superindice>2</superindice>.</listaElemento>
</listaSinNumerar>
<p>Factorizando cada expresión. </p>
<p>Factor común: </p>
<p centrado="si">4<cursiva>x</cursiva><superindice>4</superindice
> + 2<cursiva>x</cursiva><superindice>3</superindice><cursiva>y</cursiva
> = 2<cursiva>x</cursiva><superindice>3</superindice>(2<cursiva>x</cursiva
> + <cursiva>y</cursiva>)</p>
<p>Factor común y diferencia de cuadrados: </p>
<p centrado="si">16<cursiva>x</cursiva><superindice>6</superindice
> – 4<cursiva>x</cursiva><superindice>4</superindice><cursiva>y</cursiva
><superindice>2</superindice> = 4<cursiva>x</cursiva><superindice
>4</superindice>(4<cursiva>x</cursiva><superindice>2</superindice
> – <cursiva>y</cursiva><superindice>2</superindice>) = 4<cursiva
>x</cursiva><superindice>4</superindice>(2<cursiva>x</cursiva> – <cursiva
>y</cursiva>)(2<cursiva>x</cursiva> + <cursiva>y</cursiva>)</p>
<p>Los términos comunes en cada polinomio son 2<cursiva>x</cursiva
><superindice>3</superindice> y (2<cursiva>x</cursiva> + <cursiva
>y</cursiva>), luego:   </p>
<p centrado="si"><negrita>m.c.d. (4<cursiva>x</cursiva><superindice
>4</superindice> + 2<cursiva>x</cursiva><superindice>3</superindice
><cursiva>y</cursiva> y 16<cursiva>x</cursiva><superindice>6</superindice
> – 4<cursiva>x</cursiva><superindice>4</superindice><cursiva>y</cursiva
><superindice>2</superindice>) = 2<cursiva>x</cursiva><superindice
>3</superindice>(2<cursiva>x</cursiva> + <cursiva>y</cursiva>)</negrita
></p>
<listaSinNumerar>
<listaElemento>Hallar el m.c.d. de 9<cursiva>x</cursiva><superindice
>2</superindice> – 36, 9<cursiva>x</cursiva><superindice>2</superindice
> – 9<cursiva>x</cursiva> – 54 y 9<cursiva>x</cursiva><superindice
>2</superindice> + 36<cursiva>x</cursiva> + 36.</listaElemento>
</listaSinNumerar>
<p>Factorizando cada expresión tenemos:</p>
<p centrado="si">9<cursiva>x</cursiva><superindice>2</superindice
> – 36 = 9(<cursiva>x</cursiva><superindice>2</superindice> – 4) =
9(<cursiva>x</cursiva> – 2)(<cursiva>x</cursiva> + 2)</p>
<p centrado="si">9<cursiva>x</cursiva><superindice>2</superindice
> – 9<cursiva>x</cursiva> – 54 = 9(<cursiva>x</cursiva><superindice
>2</superindice> – <cursiva>x</cursiva> – 6) = 9(<cursiva>x</cursiva
> – 3)(<cursiva>x</cursiva> + 2)</p>
<p centrado="si">9<cursiva>x</cursiva><superindice>2</superindice
> + 36<cursiva>x</cursiva> + 36 = 9(<cursiva>x</cursiva><superindice
>2</superindice> + 4<cursiva>x</cursiva> + 4) = 9(<cursiva>x</cursiva
> + 2)<superindice>2</superindice></p>
<p>Los términos comunes en cada polinomio son 9 y (<cursiva>x</cursiva
> + 2), luego: </p>
<p centrado="si"><negrita>m.c.d. (9<cursiva>x</cursiva><superindice
>2</superindice> – 36, 9<cursiva>x</cursiva><superindice>2</superindice
> – 9<cursiva>x</cursiva> – 54, 9<cursiva>x</cursiva><superindice
>2</superindice> + 36<cursiva>x</cursiva> + 36) = 9(<cursiva>x</cursiva
> + 2)</negrita></p>
<destacado><destacadoTitulo>Máximo común divisor</destacadoTitulo>
<destacadoTexto>
<p>Para hallar el m.c.d. de dos o más polinomios se factorizan los
polinomios como el producto de factores primos y el m.c.d. es el producto
de los factores comunes con su menor exponente.</p>
</destacadoTexto></destacado><practica>
<enlace
destino="/LoIdRedirect.aspx?LoId=MA_08_05_CO_Recurso030&amp;IdRecurso=RES-27250A07CBE84097BF8D654ED8691182"
>Determina el máximo común divisor de polinomios</enlace>
</practica></seccion3Texto></seccion3></seccion2Texto></seccion2>
<seccion2 id="S2_MA_08_05_CO_5CFB834B1A124DAF9A62CC64CB050FCA">
<seccion2Titulo>El mínimo común múltiplo (m.c.m.)</seccion2Titulo>
<seccion2Texto><recuerda><recuerdaTexto>
<p>El m.c.m. de dos o más cantidades es el menor número que es múltiplo
común a las cantidades dadas.</p>
</recuerdaTexto></recuerda>
<p>Recordemos mediante el siguiente ejemplo cómo se calcula el m.c.m.
de dos números.  </p>
<listaSinNumerar>
<listaElemento>Hallar el m.c.m. de 48 y 72.</listaElemento>
</listaSinNumerar>
<imagen src="MA_08_05_CO_IMG02_small.jpg">
<p>Simplificación de 48 y 72.</p>
</imagen>
<p>Tomamos los factores repetidos y no repetidos en cada número que
tengan el mayor exponente, es decir, 2<superindice>4</superindice
> y 3<superindice>2</superindice>; por tanto:  </p>
<p centrado="si">m.c.m. (48, 72) = 2<superindice>4</superindice> ∙
3<superindice>2</superindice> = 16 ∙ 9 = 144</p>
<seccion3 id="S3_MA_08_05_CO_49B0EC404A614D44B280297853F37722">
<seccion3Titulo>El mínimo común múltiplo de monomios </seccion3Titulo>
<seccion3Texto>
<p>Para hallar el m.c.m. entre dos o más monomios, se halla el m.c.m.
de los coeficientes y la parte literal son todas las letras, comunes
y no comunes, que tengan el mayor exponente.</p>
<listaSinNumerar>
<listaElemento>Hallar el m.c.m. entre 12<cursiva>x</cursiva><superindice
>4</superindice><cursiva>y</cursiva><superindice>6</superindice> y
18<cursiva>x</cursiva><superindice>8</superindice><cursiva>y</cursiva
><superindice>4</superindice>. </listaElemento>
</listaSinNumerar>
<p>Descomponiendo en factores primos los coeficientes se tiene:</p>
<p centrado="si">12<cursiva>x</cursiva><superindice>4</superindice
><cursiva>y</cursiva><superindice>6</superindice> = 2<superindice
>2</superindice> ∙ 3 ∙ <cursiva>x</cursiva><superindice>4</superindice
><cursiva>y</cursiva><superindice>6</superindice></p>
<p centrado="si">18<cursiva>x</cursiva><superindice>8</superindice
><cursiva>y</cursiva><superindice>4</superindice> = 2 ∙ 3<superindice
>2</superindice> ∙ <cursiva>x</cursiva><superindice>8</superindice
><cursiva>y</cursiva><superindice>4</superindice></p>
<p>Los coeficientes comunes con mayor exponente son 2<superindice
>2</superindice> y 3<superindice>2</superindice>, es decir: 2<superindice
>2</superindice> ∙ 3<superindice>2</superindice> = 36 y en la parte
literal se tiene <cursiva>x</cursiva><superindice>8</superindice><cursiva
>y</cursiva><superindice>6</superindice>, por tanto:</p>
<p centrado="si"><negrita>m.c.m. (12<cursiva>x</cursiva><superindice
>4</superindice><cursiva>y</cursiva><superindice>6</superindice>,
18<cursiva>x</cursiva><superindice>8</superindice><cursiva>y</cursiva
><superindice>4</superindice>) = 36<cursiva>x</cursiva><superindice
>8</superindice><cursiva>y</cursiva><superindice>6</superindice></negrita
></p>
<listaSinNumerar>
<listaElemento>Hallar el m.c.m. entre 12<cursiva>x</cursiva><superindice
>8</superindice><cursiva>y</cursiva><superindice>2</superindice><cursiva
>z</cursiva>, 18<cursiva>x</cursiva><superindice>6</superindice><cursiva
>y</cursiva><superindice>4</superindice><cursiva>z</cursiva><superindice
>2</superindice> y 8<cursiva>x</cursiva><superindice>3</superindice
><cursiva>y</cursiva><superindice>7</superindice>.</listaElemento>
</listaSinNumerar>
<p>Descomponiendo en factores primos los coeficientes tenemos:</p>
<p centrado="si">12<cursiva>x</cursiva><superindice>8</superindice
><cursiva>y</cursiva><superindice>2</superindice><cursiva>z</cursiva
> = 2<superindice>2</superindice> ∙ 3 ∙ <cursiva>x</cursiva><superindice
>8</superindice><cursiva>y</cursiva><superindice>2</superindice><cursiva
>z</cursiva></p>
<p centrado="si">18<cursiva>x</cursiva><superindice>6</superindice
><cursiva>y</cursiva><superindice>4</superindice><cursiva>z</cursiva
><superindice>2</superindice> = 2 ∙ 3<superindice>2</superindice> ∙ <cursiva
>x</cursiva><superindice>6</superindice><cursiva>y</cursiva><superindice
>4</superindice><cursiva>z</cursiva><superindice>2</superindice></p>
<p centrado="si">8<cursiva>x</cursiva><superindice>3</superindice
><cursiva>y</cursiva><superindice>7</superindice> = 2<superindice
>3</superindice> ∙ <cursiva>x</cursiva><superindice>3</superindice
><cursiva>y</cursiva><superindice>7</superindice></p>
<p>Observa que los coeficientes comunes con mayor exponente son 2<superindice
>3</superindice> y 3<superindice>2</superindice>, es decir: 2<superindice
>3</superindice> ∙  3<superindice>2</superindice> = 72 y en la parte
literal se tiene <cursiva>x</cursiva><superindice>8</superindice><cursiva
>y</cursiva><superindice>7</superindice><cursiva>z</cursiva><superindice
>2</superindice>, por tanto:</p>
<p centrado="si"><negrita>m.c.m. (12<cursiva>x</cursiva><superindice
>8</superindice><cursiva>y</cursiva><superindice>2</superindice><cursiva
>z</cursiva>, 18<cursiva>x</cursiva><superindice>6</superindice><cursiva
>y</cursiva><superindice>4</superindice><cursiva>z</cursiva><superindice
>2</superindice>, 8<cursiva>x</cursiva><superindice>3</superindice
><cursiva>y</cursiva><superindice>7</superindice>) = 72<cursiva>x</cursiva
><superindice>8</superindice><cursiva>y</cursiva><superindice>7</superindice
><cursiva>z</cursiva><superindice>2</superindice></negrita></p>
<practica>
<enlace
destino="/LoIdRedirect.aspx?LoId=MA_08_05_CO_Recurso040&amp;IdRecurso=RES-9B920624ADFC4990AC95C8AF2D951511"
>Encuentra el mínimo común múltiplo de monomios</enlace>
</practica></seccion3Texto></seccion3><seccion3
id="S3_MA_08_05_CO_49B0EC404A614D44B280297853F38833">
<seccion3Titulo>El mínimo común múltiplo de polinomios</seccion3Titulo>
<seccion3Texto>
<p>Para hallar el m.c.m. de dos o más polinomios, se factoriza cada
polinomio y se hallan los términos comunes y no comunes que tengan
mayor exponente. Por ejemplo:</p>
<listaSinNumerar>
<listaElemento>Hallar el m.c.m. de 4<cursiva>xy</cursiva><superindice
>2</superindice> – 8<cursiva>xyz</cursiva> + 4<cursiva>xz</cursiva
><superindice>2</superindice> y 8<cursiva>ym</cursiva><superindice
>2</superindice> – 8<cursiva>zm</cursiva><superindice>2</superindice
>.</listaElemento>
</listaSinNumerar>
<p>Factorizando cada polinomio se tiene:</p>
<p centrado="si">4<cursiva>xy</cursiva><superindice>2</superindice
> – 8<cursiva>xyz</cursiva> + 4<cursiva>xz</cursiva><superindice>2</superindice
> = 4<cursiva>x</cursiva>(<cursiva>y</cursiva><superindice>2</superindice
> – 2<cursiva>yz</cursiva> + <cursiva>z</cursiva><superindice>2</superindice
>) = 4<cursiva>x</cursiva>(<cursiva>y</cursiva> – <cursiva>z</cursiva
>)<superindice>2</superindice> = 2<superindice>2</superindice><cursiva
>x</cursiva>(<cursiva>y</cursiva> – <cursiva>z</cursiva>)<superindice
>2</superindice></p>
<p>8<cursiva>ym</cursiva><superindice>2</superindice> – 8<cursiva
>zm</cursiva><superindice>2</superindice> = 8<cursiva>m</cursiva><superindice
>2</superindice>(<cursiva>y</cursiva> – <cursiva>z</cursiva>) = 2<superindice
>3</superindice><cursiva>m</cursiva><superindice>2</superindice>(<cursiva
>y</cursiva> – <cursiva>z</cursiva>)</p>
<p centrado="si">El coeficiente con mayor exponente es 2<superindice
>3</superindice> y las partes literales son <cursiva>x</cursiva>, <cursiva
>m</cursiva><superindice>2</superindice>, (<cursiva>y</cursiva> – <cursiva
>z</cursiva>)<superindice>2</superindice>, luego:</p>
<p centrado="si"><negrita>m.c.m. (4<cursiva>xy</cursiva><superindice
>2</superindice> – 8<cursiva>xyz</cursiva> + 4<cursiva>xz</cursiva
><superindice>2</superindice>, 8<cursiva>ym</cursiva><superindice
>2</superindice> – 8<cursiva>zm</cursiva><superindice>2</superindice
>) = 8<cursiva>xm</cursiva><superindice>2</superindice>(<cursiva>y</cursiva
> – <cursiva>z</cursiva>)<superindice>2</superindice></negrita></p>
<listaSinNumerar>
<listaElemento>Hallar el m.c.m. de <cursiva>x</cursiva><superindice
>3</superindice><cursiva>z</cursiva> – 4<cursiva>xzk</cursiva><superindice
>2</superindice>, <cursiva>x</cursiva><superindice>3</superindice
> + 2<cursiva>kx</cursiva><superindice>2</superindice>, <cursiva>x</cursiva
><superindice>2</superindice><cursiva>z</cursiva><superindice>2</superindice
> + 4<cursiva>kxz</cursiva><superindice>2</superindice> + 4<cursiva
>k</cursiva><superindice>2</superindice><cursiva>z</cursiva><superindice
>2</superindice>. </listaElemento>
</listaSinNumerar>
<p>Factorizando cada polinomio se tiene:</p>
<p centrado="si"><cursiva>x</cursiva><superindice>3</superindice><cursiva
>z</cursiva> – 4<cursiva>xzk</cursiva><superindice>2</superindice
> = <cursiva>xz</cursiva>(<cursiva>x</cursiva> – 2<cursiva>k</cursiva
>) (<cursiva>x</cursiva> + 2<cursiva>k</cursiva>)</p>
<p centrado="si"><cursiva>x</cursiva><superindice>3</superindice> +
2<cursiva>kx</cursiva><superindice>2</superindice> = <cursiva>x</cursiva
><superindice>2</superindice>(<cursiva>x</cursiva> + 2<cursiva>k</cursiva
>)</p>
<p centrado="si"><cursiva>x</cursiva><superindice>2</superindice><cursiva
>z</cursiva><superindice>2</superindice> + 4<cursiva>kxz</cursiva
><superindice>2</superindice> + 4<cursiva>k</cursiva><superindice
>2</superindice><cursiva>z</cursiva><superindice>2</superindice> = <cursiva
>z</cursiva><superindice>2</superindice>(<cursiva>x</cursiva><superindice
>2</superindice> + 4<cursiva>kx</cursiva> + 4<cursiva>k</cursiva><superindice
>2</superindice>) = <cursiva>z</cursiva><superindice>2</superindice
>(<cursiva>x</cursiva> + 2<cursiva>k</cursiva>)<superindice>2</superindice
></p>
<p>En este caso el coeficiente común es 1, y la parte literal común
y no común con mayor exponente es <cursiva>x</cursiva><superindice
>2</superindice>, <cursiva>z</cursiva><superindice>2</superindice
>, (<cursiva>x</cursiva> + 2<cursiva>k</cursiva>)<superindice>2</superindice
> y (<cursiva>x</cursiva><superindice>2</superindice> – 4<cursiva
>k</cursiva><superindice>2</superindice>), luego:</p>
<p centrado="si"><negrita>m.c.m. (<cursiva>x</cursiva><superindice
>3</superindice><cursiva>z</cursiva> – 4<cursiva>xzk</cursiva><superindice
>2</superindice>,  <cursiva>x</cursiva><superindice>3</superindice
> + 2<cursiva>kx</cursiva><superindice>2</superindice>,  <cursiva
>x</cursiva><superindice>2</superindice><cursiva>z</cursiva><superindice
>2</superindice> + 4<cursiva>kxz</cursiva><superindice>2</superindice
> + 4<cursiva>k</cursiva><superindice>2</superindice><cursiva>z</cursiva
><superindice>2</superindice>) = <cursiva>x</cursiva><superindice
>2</superindice><cursiva>z</cursiva><superindice>2</superindice>(<cursiva
>x</cursiva> + 2<cursiva>k</cursiva>)<superindice>2</superindice>(<cursiva
>x</cursiva><superindice>2</superindice> – 4<cursiva>k</cursiva><superindice
>2</superindice>)</negrita></p>
<destacado><destacadoTitulo>Mínimo  común múltiplo</destacadoTitulo>
<destacadoTexto>
<p>Para hallar el m.c.m. de dos o más polinomios se factorizan los
polinomios como el producto de factores primos y el m.c.m. es el producto
de los factores comunes y no comunes con mayor exponente.</p>
</destacadoTexto></destacado><practica>
<enlace
destino="/LoIdRedirect.aspx?LoId=MA_08_05_CO_Recurso050&amp;IdRecurso=RES-D92157C88AEE4541A94364C0DC443564"
>Halla el mínimo común múltiplo de polinomios</enlace>
</practica></seccion3Texto></seccion3></seccion2Texto></seccion2>
<seccion2 id="S2_MA_08_05_CO_5CFB834B1A124DAF9A62CC64CB05FFAA">
<seccion2Titulo>Propiedad del m.c.m. y el m.c.d.</seccion2Titulo>
<seccion2Texto>
<p>Dados dos polinomios cualesquiera <cursiva>P</cursiva>(<cursiva
>x</cursiva>) y <cursiva>Q</cursiva>(<cursiva>x</cursiva>), el producto
entre <cursiva>P</cursiva>(<cursiva>x</cursiva>) y <cursiva>Q</cursiva
>(<cursiva>x</cursiva>) es igual al producto del m.c.m. por el m.c.d.
de los polinomios dados.   Por lo tanto:</p>
<p centrado="si"><negrita><cursiva>P</cursiva>(<cursiva>x</cursiva
>) ∙ <cursiva>Q</cursiva>(<cursiva>x</cursiva>) = m.c.m. (<cursiva
>P</cursiva>(<cursiva>x</cursiva>), <cursiva>Q</cursiva>(<cursiva
>x</cursiva>)) ∙ m.c.d. (<cursiva>P</cursiva>(<cursiva>x</cursiva
>), <cursiva>Q</cursiva>(<cursiva>x</cursiva>))</negrita></p>
<p>Por ejemplo:  </p>
<p>Sean <cursiva>P</cursiva>(<cursiva>x</cursiva>) = <cursiva>x</cursiva
><superindice>2</superindice> – 1 y <cursiva>Q</cursiva>(<cursiva
>x</cursiva>) = <cursiva>x</cursiva><superindice>2</superindice> +
4<cursiva>x</cursiva> + 3; hallar el m.c.m. y el m.c.d.</p>
<p centrado="si">m.c.m. (<cursiva>x</cursiva><superindice>2</superindice
> – 1, <cursiva>x</cursiva><superindice>2</superindice> + 4<cursiva
>x</cursiva> + 3) = <cursiva>x</cursiva><superindice>3</superindice
> + 3<cursiva>x</cursiva><superindice>2</superindice> – <cursiva>x</cursiva
> – 3</p>
<p centrado="si">m.c.d. (<cursiva>x</cursiva><superindice>2</superindice
> – 1, <cursiva>x</cursiva><superindice>2</superindice> + 4<cursiva
>x</cursiva> + 3) = <cursiva>x</cursiva> + 1</p>
<p>Ahora hacemos el producto de <cursiva>P</cursiva>(<cursiva>x</cursiva
>) ∙ <cursiva>Q</cursiva>(<cursiva>x</cursiva>) y el producto de m.c.m.
(<cursiva>P</cursiva>(<cursiva>x</cursiva>), <cursiva>Q</cursiva>(<cursiva
>x</cursiva>)), ∙ m.c.d. (<cursiva>P</cursiva>(<cursiva>x</cursiva
>), <cursiva>Q</cursiva>(<cursiva>x</cursiva>)). Con lo cual se tiene
que:</p>
<p centrado="si"><cursiva>P</cursiva>(<cursiva>x</cursiva>) ∙ <cursiva
>Q</cursiva>(<cursiva>x</cursiva>) = (<cursiva>x</cursiva><superindice
>2</superindice> – 1) ∙ (<cursiva>x</cursiva><superindice>2</superindice
> + 4<cursiva>x</cursiva> + 3) = <cursiva>x</cursiva><superindice
>4</superindice> + 4<cursiva>x</cursiva><superindice>3</superindice
> + 2<cursiva>x</cursiva><superindice>2</superindice> – 4<cursiva
>x</cursiva> – 3</p>
<p>m.c.m. (<cursiva>P</cursiva>(<cursiva>x</cursiva>), <cursiva>Q</cursiva
>(<cursiva>x</cursiva>)) ∙ m.c.d. (<cursiva>P</cursiva>(<cursiva>x</cursiva
>), <cursiva>Q</cursiva>(<cursiva>x</cursiva>)) = (<cursiva>x</cursiva
><superindice>3</superindice> + 3<cursiva>x</cursiva><superindice
>2</superindice> – <cursiva>x</cursiva> – 3) ∙ (<cursiva>x</cursiva
> + 1) = <cursiva>x</cursiva><superindice>4</superindice> + 4<cursiva
>x</cursiva><superindice>3</superindice> + 2<cursiva>x</cursiva><superindice
>2</superindice> – 4<cursiva>x</cursiva> – 3</p>
<p>Por tanto, se puede decir que:  </p>
<p>(<cursiva>x</cursiva><superindice>2</superindice> – 1) ∙ (<cursiva
>x</cursiva><superindice>2</superindice> + 4<cursiva>x</cursiva> +
3) = (<cursiva>x</cursiva><superindice>3</superindice> + 3<cursiva
>x</cursiva><superindice>2</superindice> – <cursiva>x</cursiva> –
3) ∙ (<cursiva>x</cursiva> + 1)</p>
</seccion2Texto></seccion2><seccion2
id="S2_MA_08_05_CO_5CFB834B1A124DAF9A62CC64CB05GGBB">
<seccion2Titulo>Consolidación</seccion2Titulo>
<seccion2Texto>
<p>Actividades para consolidar lo que has aprendido en esta sección. </p>
<practica>
<enlace
destino="/LoIdRedirect.aspx?LoId=MA_08_05_CO_Recurso060&amp;IdRecurso=RES-89FDC9CA3AA14E83964CEB5D08F21755"
>Refuerza tu aprendizaje: El máximo común divisor y el mínimo común
múltiplo</enlace>
</practica></seccion2Texto></seccion2></seccion1Texto></seccion1>
<seccion1 id="S1_MA_08_05_CO_BBC81455A8254C989730966E4ABFDEC6">
<seccion1Titulo>Las expresiones algebraicas racionales</seccion1Titulo>
<seccion1Texto>
<p>Una expresión algebraica racional es una fracción de la forma:</p>
<formula alineacion="centrada" src="MC_08_05_004.gif"></formula>
<p>Con <cursiva>q</cursiva>(<cursiva>x</cursiva>) ≠ 0.</p>
<practica>
<enlace
destino="/LoIdRedirect.aspx?LoId=MA_08_05_CO_Recurso070&amp;IdRecurso=RES-1E75D50B0C624FE39C9B8FE41857DE7E"
>Establece fracciones algebraicas equivalentes</enlace>
</practica><seccion2
id="S2_MA_08_05_CO_0EAD44B0BAD24F17A3CD8ED3AB67F23B">
<seccion2Titulo>La ley de los signos en las expresiones algebraicas</seccion2Titulo>
<seccion2Texto>
<p>Como toda expresión algebraica es un cociente indicado debemos
aplicar la ley de los signos estudiada para los números enteros.</p>
<recuerda><recuerdaTexto>
<p>La ley de los signos para la división de números enteros se define
de la siguiente forma:</p>
<formula alineacion="centrada" src="MC_08_05_005.gif"></formula>
<formula alineacion="centrada" src="MC_08_05_006.gif"></formula>
<formula alineacion="centrada" src="MC_08_05_007.gif"></formula>
<formula alineacion="centrada" src="MC_08_05_008.gif"></formula>
</recuerdaTexto></recuerda>
<p>Las fracciones algebraicas pueden ser positivas o negativas y para
ello el signo se coloca antes de la fracción; si la fracción no tiene
signo escrito se interpreta como positiva, y si tiene el signo menos
es porque es negativa. Veamos algunos ejemplos.</p>
<listaSinNumerar>
<listaElemento>Fracciones positivas :<formula alineacion="centrada"
src="MC_08_05_009.gif"></formula><formula alineacion="centrada"
src="MC_08_05_010.gif"></formula><formula alineacion="centrada"
src="MC_08_05_011.gif"></formula></listaElemento>
<listaElemento>Fracciones negativas:<formula alineacion="centrada"
src="MC_08_05_011a.gif"></formula><formula alineacion="centrada"
src="MC_08_05_012.gif"></formula><formula alineacion="centrada"
src="MC_08_05_013.gif"></formula></listaElemento>
</listaSinNumerar>
<p>En las fracciones algebraicas se pueden factorizar su signo ya
sea en el numerador, el denominador o en los dos y obtener así fracciones
algebraicas equivalentes. </p>
<listaSinNumerar>
<listaElemento>Ejemplo 1:<formula alineacion="centrada"
src="MC_08_05_014.gif"></formula><p>Si factorizamos el signo menos
en el numerador se tiene:</p><formula alineacion="centrada"
src="MC_08_05_015.gif"></formula><p>Si <cursiva>x</cursiva> ≠ 2.</p
></listaElemento>
<listaElemento>Ejemplo 2:<formula alineacion="centrada"
src="MC_08_05_016.gif"></formula><p>Si se factoriza el signo menos
en el denominador se tiene:</p> <formula alineacion="centrada"
src="MC_08_05_017.gif"></formula><p>Si <cursiva>x</cursiva> ≠ 2.</p
></listaElemento>
</listaSinNumerar>
<p>La utilidad de factorizar el signo de una fracción algebraica radica
en que a partir de ello es posible simplificar y factorizar algunas
expresiones algebraicas.</p>
<listaSinNumerar>
<listaElemento>Ejemplo 1. Factorizar el signo del numerador y simplificar.<formula
alineacion="centrada" src="MC_08_05_018.gif"></formula><p>Al factorizar
el signo menos del numerador se tiene:</p><formula alineacion="centrada"
src="MC_08_05_019.gif"></formula><p>Ahora en el denominador se factoriza
la diferencia de cuadrados y se simplifican los términos semejantes.</p
><formula alineacion="centrada" src="MC_08_05_020.gif"></formula><p
>Así:</p><formula alineacion="centrada" src="MC_08_05_021.gif">
</formula><p>Para <cursiva>x</cursiva> ≠ 1 y <cursiva>x</cursiva> ≠
–1.</p></listaElemento>
<listaElemento>Ejemplo 2. Factorizar el signo del denominador y simplificar.<formula
alineacion="centrada" src="MC_08_05_022.gif"></formula><p>Al factorizar
el signo menos del denominador tenemos:</p><formula
alineacion="centrada" src="MC_08_05_023.gif"></formula><p>Ahora factorizamos
el denominador como el producto de dos binomios y simplificamos los
términos semejantes.</p><formula alineacion="centrada"
src="MC_08_05_024.gif"></formula><p>Así:</p><formula
alineacion="centrada" src="MC_08_05_025.gif"></formula><p>Siempre
y cuando <cursiva>x</cursiva> ≠ 3 y <cursiva>x</cursiva> ≠ –2.</p
></listaElemento>
</listaSinNumerar>
</seccion2Texto></seccion2><seccion2
id="S2_MA_08_05_CO_0EAD44B0BAD24F17A3CD8ED3AB672233">
<seccion2Titulo>Simplificación de fracciones algebraicas cuyos términos
son monomios</seccion2Titulo>
<seccion2Texto>
<p>Si en una expresión algebraica el numerador y el denominador son <negrita
>dos</negrita> monomios, se simplifican los coeficientes si tienen
divisores comunes y se simplifican los coeficientes mediante la ley
de los exponentes.</p>
<listaSinNumerar>
<listaElemento>Simplificar:<formula alineacion="centrada"
src="MC_08_05_026.gif"></formula><p>Se simplifican los coeficientes
72 y 32 como una fracción, y se sustraen los exponentes de las partes
literales que son iguales.</p><formula alineacion="centrada"
src="MC_08_05_027.gif"></formula></listaElemento>
<listaElemento>Simplificar:<formula alineacion="centrada"
src="MC_08_05_028.gif"></formula><p>Se simplifican los coeficientes
54 y 36 como una fracción, y se aplica la ley de los exponentes.</p
><formula alineacion="centrada" src="MC_08_05_029.gif"></formula></listaElemento>
</listaSinNumerar>
<practica>
<enlace
destino="/LoIdRedirect.aspx?LoId=MA_08_05_CO_Recurso090&amp;IdRecurso=RES-90F836F4ED554A9BA0F55F16E1BF145E"
>Simplifica fracciones cuyos términos son monomios</enlace>
</practica></seccion2Texto></seccion2><seccion2
id="S2_MA_08_05_CO_0EAD44B0BAD24F17A3CD8ED3AB673344">
<seccion2Titulo>Simplificación de fracciones algebraicas cuyos términos
son polinomios</seccion2Titulo>
<seccion2Texto>
<p>Para simplificar fracciones en las que intervienen polinomios,
se debe factorizar tanto el numerador como el denominador, luego cancelar
términos semejantes en el numerador y el denominador. En los siguientes
ejemplos se aplican los casos de factorización para simplificar una
expresión algebraica.</p>
<listaSinNumerar>
<listaElemento>Ejemplo 1. Factorizar el numerador y el denominador
para cancelar términos semejantes:<formula alineacion="centrada"
src="MC_08_05_030.gif"></formula><p>Factorizando el numerador como
una diferencia de cuadrados y el denominador como el producto de dos
binomios se tiene:</p><formula alineacion="centrada"
src="MC_08_05_031.gif"></formula><p>Luego se cancelan los términos
semejantes en el numerador y el denominador para obtener finalmente:</p
><formula alineacion="centrada" src="MC_08_05_032.gif"></formula><p
>Para <cursiva>x</cursiva> ≠ –3.</p></listaElemento>
<listaElemento>Ejemplo 2. Factorizar el numerador y el denominador
para cancelar términos semejantes:<formula alineacion="centrada"
src="MC_08_05_033.gif"></formula><p>Factorizando el numerador como
un trinomio cuadrado perfecto y el denominador como el producto de
dos binomios:</p><formula alineacion="centrada" src="MC_08_05_034.gif">
</formula><p>Luego se cancelan los términos semejantes en el numerador
y denominador para obtener finalmente:</p><formula alineacion="centrada"
src="MC_08_05_035.gif"></formula><p>Siendo <cursiva>x</cursiva> ≠
3/2 y <cursiva>x</cursiva> ≠ –1.</p></listaElemento>
<listaElemento>Ejemplo 3. Si el área de un rectángulo se representa
por 4<cursiva>x</cursiva><superindice>2</superindice> + 10<cursiva
>xy</cursiva> + 6<cursiva>y</cursiva><superindice>2</superindice> y
la base del rectángulo se representa por <cursiva>x</cursiva> + <cursiva
>y</cursiva>, ¿cuál es la expresión que representa la altura del rectángulo?</listaElemento>
</listaSinNumerar>
<p>Sabemos que el área de un rectángulo se halla multiplicando la
base por la altura, es decir, <cursiva>A</cursiva> = <cursiva>b</cursiva
> ∙ <cursiva>h</cursiva>. Como conocemos el área y la base despejamos
la altura y obtenemos la expresión <cursiva>h</cursiva> = <cursiva
>A</cursiva>/<cursiva>b</cursiva>; al reemplazar los datos:</p>
<formula alineacion="centrada" src="MA_08_05_110.gif"></formula>
<p>Factorizando el numerador como un trinomio de la forma <cursiva
>ax</cursiva><superindice>2</superindice> + <cursiva>bx</cursiva> + <cursiva
>c</cursiva>:</p>
<formula alineacion="centrada" src="MA_08_05_111.gif"></formula>
<p>Y hallando factor común en la segunda expresión del numerador:</p>
<formula alineacion="centrada" src="MA_08_05_112.gif"></formula>
<p>Se cancelan los términos semejantes en el numerador y el denominador
y se aplica la propiedad distributiva:</p>
<formula alineacion="centrada" src="MA_08_05_113.gif"></formula>
<formula alineacion="centrada" src="MA_08_05_114.gif"></formula>
<imagen ampliable="no" src="MA_08_05_CO_IMG03_small.jpg">
<p>Las fracciones algebraicas se pueden utilizar para determinar la
medida de un lado de un polígono cuando se conocen su área y la medida
de otro de sus lados.</p>
</imagen>
<destacado><destacadoTitulo>Fracciones algebraicas</destacadoTitulo>
<destacadoTexto>
<p>Simplificar una fracción algebraica es reducirla a su más mínima
expresión de tal forma que sus términos sean primos entre sí. Por
ejemplo:</p>
<formula alineacion="centrada" src="MC_08_05_039.gif"></formula>
<p>Para <cursiva>x</cursiva> ≠ 2.</p>
<p>Se factoriza el numerador y el denominador para que queden expresados
como el producto de factores primos.  </p>
<p>Se cancelan los términos que son semejantes en el numerador y el
denominador.</p>
<p>Se descartan los valores que anulan el denominador.</p>
</destacadoTexto></destacado><practica>
<enlace
destino="/LoIdRedirect.aspx?LoId=MA_08_05_CO_Recurso100&amp;IdRecurso=RES-FC99048D5C4B4FF0A42778ACBD9599C8"
>Simplifica fracciones algebraicas con polinomios</enlace>
<enlace
destino="/LoIdRedirect.aspx?LoId=MA_08_05_CO_Recurso110&amp;IdRecurso=RES-A7D08D4552374F2C9718661FAD207A1A"
>Completa expresiones algebraicas equivalentes</enlace>
<enlace
destino="/LoIdRedirect.aspx?LoId=MA_08_05_CO_Recurso120&amp;IdRecurso=RES-2E65718D5E494E4E8E4A2BAB8F68FBD2"
>Descarta valores en el denominador</enlace>
</practica><profundiza>
<enlace
destino="/LoIdRedirect.aspx?LoId=MA_08_05_CO_Recurso130&amp;IdRecurso=RES-4F38326C5A5044FC9A6CFD80D98C432D"
>Expresiones algebraicas racionales</enlace>
</profundiza></seccion2Texto></seccion2><seccion2
id="S2_MA_08_05_CO_0EAD44B0BAD24F17A3CD8ED3AB674455">
<seccion2Titulo>Consolidación</seccion2Titulo>
<seccion2Texto>
<p>Actividades para consolidar lo que has aprendido en esta sección.</p>
<practica>
<enlace
destino="/LoIdRedirect.aspx?LoId=MA_08_05_CO_Recurso140&amp;IdRecurso=RES-E642343E325C40CE8D1805BFF3A3A609"
>Refuerza tu aprendizaje: Las expresiones racionales</enlace>
</practica></seccion2Texto></seccion2></seccion1Texto></seccion1>
<seccion1 id="S1_MA_08_05_CO_5C2A553DBB6B4722B8A2A5D5D7F031C0">
<seccion1Titulo>Las operaciones entre fracciones algebraicas </seccion1Titulo>
<seccion1Texto>
<p>Al igual que con los polinomios, para las fracciones algebraicas
es posible definir operaciones como la adición, la sustracción, la
multiplicación y la división.</p>
<seccion2 id="S2_MA_08_05_CO_CCB0178DE40D44CD8367EE6A15CA3BBD">
<seccion2Titulo>La adición y la sustracción de fracciones algebraicas</seccion2Titulo>
<seccion2Texto>
<p>Para adicionar y sustraer fracciones algebraicas se debe considerar
si los denominadores son iguales o diferentes para operar del mismo
modo que se realiza con los números reales.</p>
<seccion3 id="S3_MA_08_05_CO_CCB0178DE40D44CD8367EE6A15CA4488">
<seccion3Titulo>La adición de fracciones algebraicas homogéneas</seccion3Titulo>
<seccion3Texto>
<p>Para adicionar dos o más fracciones algebraicas con igual denominador,
se deja el mismo denominador, y se adicionan los numeradores haciendo
agrupación de términos semejantes. Si es posible factorizar y simplificar,
se realiza este procedimiento.</p>
<listaSinNumerar>
<listaElemento>Adicionar:<formula alineacion="centrada"
src="MC_08_05_097.gif"></formula><formula alineacion="centrada"
src="MC_08_05_098.gif"></formula><formula alineacion="centrada"
src="MC_08_05_099.gif"></formula><p>Siempre que <cursiva>x</cursiva
> no sea igual a cero.</p><p>En este ejercicio se dejó el mismo denominador
que es 2<cursiva>x</cursiva>, y se agruparon los términos semejantes
de los numeradores para ser adicionados entre sí. Como no hay ningún
factor común, no es posible simplificar más la fracción.</p></listaElemento>
<listaElemento>Adicionar:  <formula alineacion="centrada"
src="MC_08_05_041.gif"></formula><p>Siempre que <cursiva>x</cursiva
> ≠ 2/3.</p><p>En este ejercicio se tiene como denominador común 3<cursiva
>y</cursiva> – 2 y se adicionaron los numeradores; sin embargo, en
este caso, en los numeradores no hay términos semejantes, por tanto,
se deja la adición expresada.</p></listaElemento>
<listaElemento>Adicionar: <formula alineacion="centrada"
src="MC_08_05_042.gif"></formula><p>Siempre que <cursiva>x</cursiva
> no sea igual a ¾.</p><p>En este ejercicio al operar los términos
semejantes de los numeradores, queda una diferencia de cuadrados,
por tanto, es posible factorizarla. Como el factor (4<cursiva>x</cursiva
> – 3) es común para el numerador y el denominador, se pueden simplificar
y el resultado es 4<cursiva>x</cursiva> + 3.</p></listaElemento>
</listaSinNumerar>
</seccion3Texto></seccion3><seccion3
id="S3_MA_08_05_CO_CCB0178DE40D44CD8367EE6A15CA5599">
<seccion3Titulo>La sustracción de fracciones algebraicas homogéneas</seccion3Titulo>
<seccion3Texto>
<p>Para sustraer dos fracciones algebraicas con igual denominador,
se deja el mismo denominador, y se sustraen los numeradores teniendo
en cuenta que el signo menos cambia todos los signos del sustraendo;
luego, se agrupan los términos semejantes. Si es posible factorizar
y simplificar, se realiza este procedimiento.</p>
<listaSinNumerar>
<listaElemento>Sustraer:<formula alineacion="centrada"
src="MC_08_05_043.gif"></formula><p>Siempre que <cursiva>x</cursiva
> no sea igual a 5.</p></listaElemento>
<listaElemento>Sustraer:<formula alineacion="centrada"
src="MC_08_05_044.gif"></formula><p>Siempre que <cursiva>x</cursiva
> no sea igual a cero.</p></listaElemento>
</listaSinNumerar>
<practica>
<enlace
destino="/LoIdRedirect.aspx?LoId=MA_08_05_CO_Recurso150&amp;IdRecurso=RES-B8979F665BBC4CAA9467A117B40870BA"
>Adiciona o sustrae fracciones algebraicas con el mismo denominador</enlace>
</practica></seccion3Texto></seccion3><seccion3
id="S3_MA_08_05_CO_CCB0178DE40D44CD8367EE6A15CA6600">
<seccion3Titulo>La adición de fracciones algebraicas heterogéneas </seccion3Titulo>
<seccion3Texto>
<p>Para adicionar dos o más fracciones algebraicas heterogéneas, se
realizan los siguientes pasos:</p>
<p>Paso 1. Se halla el<negrita> m.c.m. </negrita>de los denominadores
de cada fracción.</p>
<p>Paso 2. Se busca una fracción equivalente a cada fracción algebraica
dada; luego, se amplifica cada fracción para obtener todos los denominadores
iguales al <negrita>m.c.m.</negrita> hallado.</p>
<p>Paso 3. Se adicionan o sustraen al igual que las fracciones homogéneas.</p>
<listaSinNumerar>
<listaElemento>Resolver:<formula alineacion="centrada"
src="MC_08_05_045.gif"></formula><p>Se halla el <negrita>m.c.m.</negrita
> de 2<cursiva>x</cursiva> y 6<cursiva>x</cursiva><superindice>2</superindice
> que es 6<cursiva>x</cursiva><superindice>2</superindice>.</p><p
>Dividiendo el m.c.m. por cada denominador se tiene:</p><formula
alineacion="centrada" src="MC_08_05_046.gif"></formula><p>Ahora se
multiplica este resultado por cada expresión del numerador de los
sumandos:</p><formula alineacion="centrada" src="MC_08_05_047.gif">
</formula><p>Siempre que <cursiva>x</cursiva> no sea igual a cero.</p
></listaElemento>
<listaElemento>Resolver:<formula alineacion="centrada"
src="MC_08_05_048.gif"></formula><p>Se halla el m.c.m. de <cursiva
>x</cursiva> – 1 y <cursiva>x</cursiva> + 2 que es (<cursiva>x</cursiva
> – 1)(<cursiva>x</cursiva> + 2). </p><p>Dividiendo el m.c.m. por
cada denominador se tiene:</p><formula alineacion="centrada"
src="MC_08_05_049.gif"></formula><p>Ahora se multiplica este resultado
por cada expresión del numerador de los sumandos:</p><formula
alineacion="centrada" src="MC_08_05_050.gif"></formula><p>Siempre
que <cursiva>x</cursiva> ≠ 1; <cursiva>x</cursiva> ≠ –2.</p></listaElemento>
</listaSinNumerar>
</seccion3Texto></seccion3><seccion3
id="S3_MA_08_05_CO_CCB0178DE40D44CD8367EE6A15CA7711">
<seccion3Titulo>La sustracción de fracciones algebraicas heterogéneas</seccion3Titulo>
<seccion3Texto>
<p>Para sustraer dos fracciones algebraicas con diferente denominador,
se siguen los mismos pasos de la adición; adicionalmente, se tiene
en cuenta que el signo menos cambia los signos del numerador en el
sustraendo para luego operar los términos semejantes.</p>
<listaSinNumerar>
<listaElemento>Resolver:<formula alineacion="centrada"
src="MC_08_05_051.gif"></formula><p>Se halla el m.c.m. de 3<cursiva
>x</cursiva> y 4<cursiva>x</cursiva> que es 12<cursiva>x</cursiva
><superindice>2</superindice>.  </p><p>Dividiendo el m.c.m. por cada
denominador se tiene:</p><formula alineacion="centrada"
src="MC_08_05_052.gif"></formula><p>Ahora se multiplica este resultado
por cada expresión de los numeradores del minuendo y el sustraendo
así:</p><formula alineacion="centrada" src="MC_08_05_053.gif"></formula
><p>Siempre que <cursiva>x</cursiva> no sea igual a cero.</p></listaElemento>
<listaElemento>Resolver:<formula alineacion="centrada"
src="MC_08_05_054.gif"></formula><p>Se halla el m.c.m. de <cursiva
>x</cursiva> – 1 y <cursiva>x</cursiva> que es <cursiva>x</cursiva
>(<cursiva>x</cursiva> – 1). </p><p>Dividiendo el m.c.m. por cada
denominador:</p><formula alineacion="centrada" src="MC_08_05_055.gif">
</formula><p>Ahora se multiplica este resultado por cada expresión
de los numeradores del minuendo y el sustraendo así:</p><formula
alineacion="centrada" src="MC_08_05_106.gif"></formula><formula
alineacion="centrada" src="MC_08_05_107.gif"></formula><formula
alineacion="centrada" src="MC_08_05_108.gif"></formula><p>Siempre
que <cursiva>x</cursiva> ≠ 0; <cursiva>x</cursiva> ≠ 1.</p></listaElemento>
</listaSinNumerar>
<practica>
<enlace
destino="/LoIdRedirect.aspx?LoId=MA_08_05_CO_Recurso160&amp;IdRecurso=RES-7FE4FE9EB87146EDA5157305E7B5D565"
>Adiciona o sustrae fracciones algebraicas con diferente denominador</enlace>
</practica><profundiza>
<enlace
destino="/LoIdRedirect.aspx?LoId=MA_08_05_CO_Recurso190&amp;IdRecurso=RES-74539CD05BFB40E89F694A22CE430B17"
>Adición y sustracción de fracciones algebraicas</enlace>
</profundiza>
<p>Las fracciones algebraicas permiten modelar y representar algunas
situaciones; revisemos algunas de ellas.</p>
<listaSinNumerar>
<listaElemento>Situación 1. ¿Cuál es la fracción algebraica que representa
la diferencia de un número y su recíproco?</listaElemento>
</listaSinNumerar>
<p>Como no se conoce el número, se representa con la <cursiva>x</cursiva
>. </p>
<p>El número es <cursiva>x</cursiva> y su recíproco es 1/<cursiva
>x</cursiva>, por tanto, su sustracción se representa y se resuelve
como:</p>
<formula alineacion="centrada" src="MC_08_05_057.gif"></formula>
<p>Siempre que <cursiva>x</cursiva> ≠ 0.</p>
<listaSinNumerar>
<listaElemento>Situación 2. ¿Cuál es la fracción algebraica que representa
la adición de los inversos multiplicativos de tres números consecutivos?</listaElemento>
</listaSinNumerar>
<p>Tres números consecutivos se escriben como <cursiva>x</cursiva
>, <cursiva>x</cursiva> + 1 y <cursiva>x</cursiva> + 2, y sus inversos
multiplicativos como: 1/<cursiva>x</cursiva>, 1/(<cursiva>x</cursiva
> + 1) y 1/(<cursiva>x</cursiva> + 2); la adición se representa como:</p>
<formula alineacion="centrada" src="MC_08_05_058.gif"></formula>
<p>Se halla el mínimo común múltiplo de los denominadores que es:
 </p>
<p centrado="si">m.c.m. (<cursiva>x</cursiva>, <cursiva>x</cursiva
> + 1, <cursiva>x</cursiva> + 2) = <cursiva>x</cursiva><superindice
>3</superindice> + 3<cursiva>x</cursiva><superindice>2</superindice
> + 2<cursiva>x</cursiva>  </p>
<p>Se amplifica cada fracción para que todas tengan el mismo denominador:</p>
<formula alineacion="centrada" src="MC_08_05_059.gif"></formula>
<p>Se adicionan como fracciones con igual denominador:</p>
<formula alineacion="centrada" src="MC_08_05_060.gif"></formula>
<p>Por consiguiente, la fracción algebraica que representa la adición
de los inversos multiplicativos de tres números consecutivos es:</p>
<formula alineacion="centrada" src="MC_08_05_061.gif"></formula>
<p>Hay que descartar los valores <cursiva>x</cursiva> = 0; <cursiva
>x</cursiva> = –1; <cursiva>x</cursiva> = –2, ya que la fracción no
está definida en esos puntos.</p>
<listaSinNumerar>
<listaElemento>Situación 3. Las dimensiones de un rectángulo vienen
dadas por las expresiones: <cursiva>b</cursiva> = <cursiva>x</cursiva
>/(<cursiva>x</cursiva> + 1) y <cursiva>h</cursiva> = (<cursiva>x</cursiva
> – 1)/<cursiva>x</cursiva>; ¿cuál es la expresión algebraica que
representa el perímetro del rectángulo? </listaElemento>
</listaSinNumerar>
<imagen src="MA_08_05_CO_IMG04_small.jpg">
<p>Las fracciones algebraicas representan el perímetro de un rectángulo
si sus dimensiones se simbolizan mediante fracciones algebraicas.</p>
</imagen>
<p>El perímetro de un rectángulo es dos veces la suma de la base con
su altura, es decir: <cursiva>P</cursiva> = 2(<cursiva>b</cursiva
> + <cursiva>h</cursiva>); por tanto, se tiene que:</p>
<formula alineacion="centrada" src="MC_08_05_062.gif"></formula>
<p>Se halla el mínimo común múltiplo de los denominadores que es:</p>
<p centrado="si">m.c.m. (<cursiva>x</cursiva> + 1, <cursiva>x</cursiva
>) = <cursiva>x</cursiva><superindice>2</superindice> + <cursiva>x</cursiva
></p>
<p>Se amplifica cada fracción para que todas tengan el mismo denominador:</p>
<formula alineacion="centrada" src="MC_08_05_063.gif"></formula>
<p>Se adicionan como fracciones con igual denominador: </p>
<formula alineacion="izquierda" src="MC_08_05_064.gif"></formula>
<p>Por tanto, el perímetro del rectángulo viene dado por la expresión:</p>
<formula alineacion="centrada" src="MC_08_05_065.gif"></formula>
<p>Siempre que <cursiva>x</cursiva> ≠ 0 y <cursiva>x</cursiva> ≠ –1.</p>
</seccion3Texto></seccion3></seccion2Texto></seccion2><seccion2
id="S2_MA_08_05_CO_CCB0178DE40D44CD8367EE6A15CA3388">
<seccion2Titulo>La multiplicación de fracciones algebraicas</seccion2Titulo>
<seccion2Texto>
<p>Para multiplicar dos fracciones algebraicas realiza el producto
entre los numeradores y el producto entre los denominadores.</p>
<formula alineacion="centrada" src="MC_08_05_066.gif"></formula>
<p>Veamos algunos ejemplos:</p>
<listaSinNumerar>
<listaElemento>	Resolver:  <formula alineacion="izquierda"
src="MC_08_05_067.gif"></formula><p>Siempre que <cursiva>x</cursiva
> ≠ 0 y <cursiva>x</cursiva> ≠ 1.</p></listaElemento>
<listaElemento>Resolver:<formula alineacion="izquierda"
src="MC_08_05_068.gif"></formula></listaElemento>
<listaElemento>Las dimensiones de un rectángulo vienen dadas por las
expresiones <formula alineacion="centrada" src="MA_08_05_115.gif">
</formula> ¿Cuál es la expresión algebraica que representa el área
del rectángulo?<p>Como sabemos, el área de un rectángulo es el producto
de la base por la altura, es decir: <cursiva>A</cursiva> = <cursiva
>b</cursiva> ∙ <cursiva>h</cursiva>, por lo tanto, tenemos que:</p
><formula alineacion="centrada" src="MC_08_05_069.gif"></formula>Luego
el área del rectángulo viene dada por la expresión:<formula
alineacion="centrada" src="MC_08_05_070.gif"></formula><p>Siempre
que <cursiva>x</cursiva> no sea igual a menos uno.</p></listaElemento>
</listaSinNumerar>
<imagen src="MA_08_05_CO_IMG05_small.jpg">
<p>Las fracciones algebraicas representan el área de un rectángulo
si sus dimensiones se expresan mediante fracciones algebraicas.</p>
</imagen>
<practica>
<enlace
destino="/LoIdRedirect.aspx?LoId=MA_08_05_CO_Recurso210&amp;IdRecurso=RES-0D48F7FE772348F698740537330A53A7"
>Multiplica expresiones racionales</enlace>
<enlace
destino="/LoIdRedirect.aspx?LoId=MA_08_05_CO_Recurso230&amp;IdRecurso=RES-05E54F8A5C56451BB329B68467298903"
>Calcula el volumen de los prismas</enlace>
</practica></seccion2Texto></seccion2><seccion2
id="S2_MA_08_05_CO_CCB0178DE40D44CD8367EE6A15CA4499">
<seccion2Titulo>La división de fracciones algebraicas</seccion2Titulo>
<seccion2Texto>
<p>Para dividir dos fracciones algebraicas podemos proceder de dos
formas: una es multiplicar el dividendo por el inverso multiplicativo
del divisor, y la otra forma es escribir la fracción como una fracción
sobre otra fracción y aplicar el producto de extremos sobre el producto
de medios; en ambos casos llegamos a un mismo resultado. Después,
simplificamos la fracción si es posible.  </p>
<p>Observemos los siguientes ejemplos:</p>
<listaSinNumerar>
<listaElemento>Dividir 4<cursiva>x</cursiva>/3<cursiva>z</cursiva
> entre (9<cursiva>x</cursiva><superindice>2</superindice>)/(16<cursiva
>z</cursiva><superindice>3</superindice>).</listaElemento>
</listaSinNumerar>
<p>Primero hallamos el inverso multiplicativo de (9<cursiva>x</cursiva
><superindice>2</superindice>)/(16<cursiva>z</cursiva><superindice
>3</superindice>) que es (16<cursiva>z</cursiva><superindice>3</superindice
>)/ (9<cursiva>x</cursiva><superindice>2</superindice>) y efectuamos
la multiplicación así:</p>
<formula alineacion="centrada" src="MC_08_05_071.gif"></formula>
<p>Siempre que <cursiva>x</cursiva> no sea igual a cero.</p>
<p>Se realizó la multiplicación entre numeradores y denominadores;
luego, se simplificaron las partes literales mediante la ley de los
exponentes. </p>
<listaSinNumerar>
<listaElemento>Dividir 4<cursiva>x</cursiva>/3<cursiva>z</cursiva
> entre (9<cursiva>x</cursiva><superindice>2</superindice>)/(16<cursiva
>z</cursiva><superindice>3</superindice>) aplicando producto de extremos
sobre el producto de medios.<formula alineacion="centrada"
src="MC_08_05_072.gif"></formula><p>Siempre que <cursiva>x</cursiva
> no sea igual a cero.</p></listaElemento>
</listaSinNumerar>
<p>Observa cómo en los dos ejemplos se realizó el mismo ejercicio
con diferentes procedimientos y el resultado que se obtuvo es el mismo.</p>
<practica>
<enlace
destino="/LoIdRedirect.aspx?LoId=MA_08_05_CO_Recurso240&amp;IdRecurso=RES-1907E2CA7DE449A6A076E6439A4145E7"
>Divide expresiones algebraicas con monomios</enlace>
</practica>
<p>Si las expresiones algebraicas que se encuentran en el numerador
y el denominador son polinomios se procede a factorizar los numeradores
y denominadores, y luego se multiplica en cruz como se realiza con
los números racionales. Observa los siguientes ejemplos.</p>
<listaSinNumerar>
<listaElemento>Ejemplo 1<formula alineacion="centrada"
src="MC_08_05_073.gif"></formula><p>Primero se factoriza cada polinomio
como el producto de dos binomios obteniendo:</p><formula
alineacion="centrada" src="MC_08_05_074.gif"></formula><p>Ahora se
procede a multiplicar en cruz, con lo que se obtiene:</p><formula
alineacion="centrada" src="MC_08_05_075.gif"></formula><p>Por último,
se simplifican los términos semejantes que estén en el numerador y
el denominador con lo que finalmente se obtiene:</p><formula
alineacion="centrada" src="MC_08_05_076.gif"></formula><p>Por tanto:</p
><formula alineacion="centrada" src="MC_08_05_077.gif"></formula><p
>Siempre que <cursiva>x</cursiva> ≠ –3; <cursiva>x</cursiva> ≠ 8; <cursiva
>x</cursiva> ≠ 7.</p></listaElemento>
<listaElemento>Ejemplo 2<formula alineacion="centrada"
src="MC_08_05_078.gif"></formula><p>Se factoriza la primera fracción
como una diferencia de cuadrados y como factor común, y la segunda
fracción se factoriza como el producto de dos binomios y como una
diferencia de cuadrados.</p><formula alineacion="centrada"
src="MC_08_05_079.gif"></formula><p>Ahora se procede a multiplicar
en cruz, con lo que se obtiene:</p><formula alineacion="centrada"
src="MC_08_05_075.gif"></formula><p>Por último, se simplifican los
términos semejantes que estén en el numerador y el denominador con
lo que finalmente se obtiene:</p><formula alineacion="centrada"
src="MC_08_05_076.gif"></formula><p>Por tanto:</p><formula
alineacion="centrada" src="MC_08_05_077.gif"></formula><p>Siempre
que <cursiva>x</cursiva> ≠ 0; <cursiva>x</cursiva> ≠ 1; <cursiva>x</cursiva
> ≠ –1.</p></listaElemento>
</listaSinNumerar>
<practica>
<enlace
destino="/LoIdRedirect.aspx?LoId=MA_08_05_CO_Recurso250&amp;IdRecurso=RES-A94348F4CEC541759366701774866920"
>Resuelve las divisiones de fracciones con polinomios</enlace>
</practica></seccion2Texto></seccion2><seccion2
id="S2_MA_08_05_CO_CCB0178DE40D44CD8367EE6A15CA5500">
<seccion2Titulo>Polinomios con fracciones algebraicas</seccion2Titulo>
<seccion2Texto>
<p>Algunas situaciones en diferentes contextos requieren del uso de
operaciones combinadas entre divisiones y multiplicaciones de fracciones
algebraicas.</p>
<profundiza>
<enlace
destino="/LoIdRedirect.aspx?LoId=MA_08_05_CO_Recurso260&amp;IdRecurso=RES-F91A335ECE7A4C5083F754112F2F00F9"
>Multiplicación y división de expresiones algebraicas</enlace>
</profundiza><practica>
<enlace
destino="/LoIdRedirect.aspx?LoId=MA_08_05_CO_Recurso270&amp;IdRecurso=RES-EBA9EB947566497581D298F8E971CD25"
>Analiza situaciones de expresiones racionales</enlace>
</practica></seccion2Texto></seccion2><seccion2
id="S2_MA_08_05_CO_CCB0178DE40D44CD8367EE6A15CA6611"><?Pub Dtl?>
<seccion2Titulo>Consolidación</seccion2Titulo>
<seccion2Texto>
<p>Actividades para consolidar lo que has aprendido en esta sección.</p>
<practica>
<enlace
destino="/LoIdRedirect.aspx?LoId=MA_08_05_CO_Recurso280&amp;IdRecurso=RES-103B7A02695646CA8B2640A02A82B59E"
>Refuerza tu aprendizaje: Las operaciones con fracciones algebraicas</enlace>
</practica></seccion2Texto></seccion2></seccion1Texto></seccion1>
<seccion1 id="S1_MA_08_05_CO_71EC94A28EA24CDF992D64B67DDE9FB6">
<seccion1Titulo>Las fracciones complejas</seccion1Titulo>
<seccion1Texto>
<p>Las fracciones complejas son aquellas en las que el numerador y
el denominador son también fracciones y, además, se combinan las diferentes
operaciones que se han revisado hasta el momento.</p>
<profundiza>
<enlace
destino="/LoIdRedirect.aspx?LoId=MA_08_05_CO_Recurso290&amp;IdRecurso=RES-657D02EC44FC4B2F8A59FD601FFAFC44"
>Las fracciones complejas</enlace>
</profundiza>
<p>Para resolver y simplificar fracciones complejas primero se deben
desarrollar las operaciones indicadas en el numerador y el denominador,
y luego factorizar si es posible. Por último, aplicar producto de
extremos y producto de medios para reducir la fracción compleja a
una fracción simple.</p>
<listaSinNumerar>
<listaElemento>Solucionar:<formula alineacion="centrada"
src="MC_08_05_092.gif"></formula><p>Primero se desarrollan la sustracción
en el numerador y la adición en el denominador.</p><formula
alineacion="centrada" src="MC_08_05_106.gif"></formula><p>Se aplica
producto de extremos y producto de medios para reducir la fracción: </p
><formula alineacion="centrada" src="MC_08_05_107.gif"></formula><p
>Se factoriza el trinomio del denominador como un trinomio cuadrado
perfecto.</p><formula alineacion="centrada" src="MC_08_05_108.gif">
</formula><p>Siempre que <cursiva>x</cursiva> no sea igual a menos
uno o cero.</p></listaElemento>
<listaElemento>Solucionar: <formula alineacion="centrada"
src="MC_08_05_089.gif"></formula><p>Para <cursiva>x</cursiva> ≠ 0; <cursiva
>y</cursiva> ≠ 0.</p><p>Primero se desarrollan la sustracción del
numerador y la adición del denominador:</p><formula
alineacion="centrada" src="MC_08_05_090.gif"></formula><p>Ahora se
aplica la ley de la oreja para reducir la fracción:</p><formula
alineacion="centrada" src="MC_08_05_091.gif"></formula><p>Se simplifican
los términos semejantes y finalmente se obtiene: <cursiva>x</cursiva
></p></listaElemento>
</listaSinNumerar>
<practica>
<enlace
destino="/LoIdRedirect.aspx?LoId=MA_08_05_CO_Recurso300&amp;IdRecurso=RES-65526EDF1F144E9797AEBB6E993A06E5"
>Simplifica fracciones algebraicas complejas</enlace>
</practica><seccion2
id="S2_MA_08_05_CO_E7DD0A1785A94D7E8A6659C8C91EDCA9">
<seccion2Titulo>Consolidación</seccion2Titulo>
<seccion2Texto>
<p>Actividades para consolidar lo que has aprendido en esta sección.</p>
<practica>
<enlace
destino="/LoIdRedirect.aspx?LoId=MA_08_05_CO_Recurso310&amp;IdRecurso=RES-A0D6CC47B2914E68BF11A9470A58B62C"
>Refuerza tu aprendizaje: Las fracciones complejas</enlace>
</practica></seccion2Texto></seccion2></seccion1Texto></seccion1>
<seccion1 id="S1_MA_08_05_CO_A5185B36DC2C4283A4F14BAAFB1AE49F">
<seccion1Titulo>Competencias</seccion1Titulo>
<seccion1Texto><practica>
<enlace
destino="/LoIdRedirect.aspx?LoId=MA_08_05_CO_Recurso320&amp;IdRecurso=RES-C4604E791E1446AAAFA7E61C84B47CB0"
>Competencias: Las fracciones algebraicas en el sistema financiero</enlace>
</practica></seccion1Texto></seccion1><masinformacion
id="MI_MA_08_05_CO_0EEE764CD3714FC7B0850C83B934171E"><mapaconceptual>
<enlace
destino="/LoIdRedirect.aspx?LoId=MA_08_05_CO_Recurso340&amp;IdRecurso=RES-14D5EF147E1042FEAF04E29E1119E23A"
>Mapa Conceptual</enlace></mapaconceptual><autoevaluate><enlace
destino="/LoIdRedirect.aspx?LoId=MA_08_05_CO_Recurso350&amp;IdRecurso=RES-CE68EF2ACBA64C64850313F3F0E085DA"
>Evaluación</enlace></autoevaluate><enlacesreferencia>
<enlace destino="http://www.vitutor.com/ab/p/a_13e.html ">Ejercicios
interactivos de fracciones algebraicas</enlace>
<enlace
destino="http://www.juntadeandalucia.es/averroes/averroes/html/adjuntos/2008/05/09/0003/recurso/tests/polinomios/fracciones/simplificacion/simpli01.htm "
>Fracciones algebraicas: simplificación</enlace>
</enlacesreferencia></masinformacion></libro>
