﻿<?xml version="1.0" encoding="UTF-8"?>
<?xml-stylesheet href="cuadernoestudio/dtd/libro.xslt" type="text/xsl"?>
<!--Arbortext, Inc., 1988-2015, v.4002-->
<!DOCTYPE libro SYSTEM "cuadernoestudio/dtd/libro.dtd">
<libro id="MA_06_11_CO">
<libroTitulo>Los polígonos y la circunferencia</libroTitulo>
<seccion1 id="S1_MA_06_11_CO_5530FCC98F194C95B693750D1BBC4B0C">
<seccion1Titulo>Los polígonos</seccion1Titulo>
<seccion1Texto>
<p>En la naturaleza y en el entorno se pueden observar diferentes
formas geométricas: el disco del Sol, una mariposa, una estrella de
mar, el panal que construyen las abejas, las flores, el arco iris,
un edificio, un parapente, una casa, un armario y muchos más objetos.</p>
<imagen src="MA_06_11_CO_IMG01_small.jpg">
<p>Diferentes formas geométricas que se observan en la naturaleza.</p>
</imagen>
<profundiza>
<enlace
destino="/LoIdRedirect.aspx?LoId=MA_06_11_CO_Recurso010&amp;IdRecurso=RES-2174D7A04DAC478AAFF57F3BB146DAA5"
>Repaso de los conceptos básicos de la Geometría</enlace>
</profundiza><destacado><destacadoTitulo>El polígono</destacadoTitulo>
<destacadoTexto>
<p>Un <negrita>polígono</negrita> es una figura plana cerrada y limitada
por segmentos. La palabra polígono es de origen griego y está formada
por <cursiva>polys</cursiva>, que significa muchos, y <cursiva>gonía</cursiva
>, que significa ángulos.   </p>
<p>Para que una figura sea un polígono se deben cumplir las siguientes
condiciones:</p>
<listaSinNumerar>
<listaElemento>Cada par de segmentos se intersecan solamente en sus
puntos extremos.</listaElemento>
<listaElemento>Los segmentos que se intersecan no deben ser colineales.</listaElemento>
</listaSinNumerar>
</destacadoTexto></destacado>
<imagen src="MA_06_11_CO_IMG02_small.jpg">
<p>En el polígono de la izquierda se observa que los segmentos se
intersecan en los puntos extremos. </p>
<p>En la figura de la derecha, ningún par de segmentos son colineales.</p>
</imagen>
<seccion2 id="S2_MA_06_11_CO_0319CA6E57B041B090448CC5BD6B02CC"><?Pub Dtl?>
<seccion2Titulo>Los elementos de un polígono </seccion2Titulo>
<seccion2Texto>
<p>En todo polígono se identifican los siguientes elementos:</p>
<listaSinNumerar>
<listaElemento><negrita>Lados</negrita>. Son los segmentos que delimitan
la figura. En la imagen: <cursiva>AB, BC, CD, DE, EF, FG</cursiva
> y <cursiva>GA</cursiva></listaElemento>
<listaElemento><negrita>Vértices</negrita>. Son los puntos donde se
interseca cada para de lados del polígono. En la imagen: <cursiva
>A, B, C, D, E, F</cursiva> y <cursiva>G</cursiva>.</listaElemento>
<listaElemento><negrita>Ángulos interiores</negrita>. Son los ángulos
determinados por los lados del polígono. Los ángulos interiores son:
&lt;<cursiva>A</cursiva>, &lt;<cursiva>B</cursiva>, &lt;<cursiva>C</cursiva
>, &lt;<cursiva>D</cursiva>, &lt;<cursiva>E</cursiva>, &lt;<cursiva
>F</cursiva> y &lt;<cursiva>G</cursiva>.</listaElemento>
<listaElemento><negrita>Diagonales</negrita>. Son los segmentos que
unen dos vértices no consecutivos del polígono; por ejemplo, en la
imagen, desde el vértice A se traza la siguiente diagonal <cursiva
>AD</cursiva></listaElemento>
</listaSinNumerar>
<p>Otra característica de los polígonos, se basa en que tienen igual
número de lados, vértices y ángulos interiores. El número de diagonales
varía dependiendo el número de lados: los únicos polígonos que no
tienen diagonales son los triángulos porque todos sus vértices son
consecutivos.  </p>
<p>Existe una manera de hallar el número total de diagonales de un
determinado polígono y es por medio de la siguiente fórmula:</p>
<formula alineacion="centrada" src="MA_06_11_001.gif"></formula>
<p>Donde <cursiva>n</cursiva> es el número de vértices del polígono.</p>
<imagen src="MA_06_11_CO_IMG03_small.jpg">
<p>Lados, vértices, ángulos internos y diagonales del polígono <cursiva
>ABCDEFG</cursiva>.</p>
</imagen>
<listaSinNumerar>
<listaElemento><negrita>Ángulos exteriores</negrita>. Son los ángulos
que se forman a partir de la prolongación de cada lado del polígono
y forman 180º con el respectivo ángulo interior.</listaElemento>
</listaSinNumerar>
<imagen src="MA_06_11_CO_IMG04_small.jpg">
<p>Los ángulos exteriores de un polígono se obtienen prolongando sus
lados.</p>
</imagen>
<listaSinNumerar>
<listaElemento><negrita>Apotema</negrita>. Es el segmento perpendicular
que va desde el centro del polígono hasta cualquiera de sus lados.</listaElemento>
</listaSinNumerar>
<imagen src="MA_06_11_CO_IMG05_small.jpg">
<p>Apotema del polígono <cursiva>ABCDEFG</cursiva>.</p>
</imagen>
</seccion2Texto></seccion2><seccion2
id="S2_MA_06_11_CO_0319CA6E57B041B090448CC5BD6B2200">
<seccion2Titulo>La clasificación de los polígonos</seccion2Titulo>
<seccion2Texto>
<p>Los polígonos se pueden clasificar según tres criterios: </p>
<listaSinNumerar>
<listaElemento>Su número de lados.</listaElemento>
<listaElemento>Su forma.</listaElemento>
<listaElemento>La medida de sus ángulos interiores y sus lados.</listaElemento>
</listaSinNumerar>
<seccion3 id="S3_MA_06_11_CO_0319CA6E57B041B090448CC5BD6B1133"><?Pub Dtl?>
<seccion3Titulo>La clasificación según el número de lados</seccion3Titulo>
<seccion3Texto>
<p>La siguiente tabla muestra la clasificación de los polígonos de
acuerdo con su número de lados. Es importante anotar que cuando los
polígonos tienen más de 10 lados se acostumbra nombrarlos con la expresión
polígono de “<cursiva>n</cursiva>” lados.</p>
<imagen src="MA_06_11_CO_IMG06_small.jpg">
<p>Clasificación de polígonos según su número de lados.</p>
</imagen>
<profundiza>
<enlace
destino="/LoIdRedirect.aspx?LoId=MA_06_11_CO_Recurso020&amp;IdRecurso=RES-9FB4732E02EA40DABA6D4B3CAAF42E05"
>La clasificación de los polígonos</enlace>
</profundiza></seccion3Texto></seccion3><seccion3
id="S3_MA_06_11_CO_0319CA6E57B041B090448CC5BD6B2244"><?Pub Dtl?>
<seccion3Titulo>La clasificación según la forma</seccion3Titulo>
<seccion3Texto>
<p>De acuerdo con su forma, los polígonos se pueden clasificar en <negrita
>cóncavos y convexos</negrita>. Esta clasificación tiene en cuenta
la medida de los ángulos interiores del polígono.</p>
<listaSinNumerar>
<listaElemento>Un polígono es <negrita>convexo</negrita> si todos
sus ángulos interiores son menores de 180° y, por lo tanto, todas
las diagonales están en su interior.</listaElemento>
</listaSinNumerar>
<imagen src="MA_06_11_CO_IMG07_small.jpg">
<p>Todos los ángulos del polígono son menores de 180° y las diagonales
están en el interior.</p>
</imagen>
<listaSinNumerar>
<listaElemento>Un polígono es <negrita>cóncavo</negrita> si tiene
al menos un ángulo interior mayor de 180° y por lo tanto alguna de
sus diagonales es exterior.</listaElemento>
</listaSinNumerar>
<imagen src="MA_06_11_CO_IMG08_small.jpg">
<p>Al menos uno de los ángulos es mayor de 180° y tiene una diagonal
exterior.</p>
</imagen>
</seccion3Texto></seccion3><seccion3
id="S3_MA_06_11_CO_0319CA6E57B041B090448CC5BD6B3355">
<seccion3Titulo>La clasificación según la medida de los ángulos y
de los lados</seccion3Titulo>
<seccion3Texto>
<p>De acuerdo con la medida de sus ángulos y sus lados, un polígono
puede ser equilátero, equiángulo, regular o irregular.</p>
<listaSinNumerar>
<listaElemento>Un polígono es <negrita>equilátero</negrita> si todos
sus lados son congruentes, es decir, tienen la misma medida.</listaElemento>
</listaSinNumerar>
<imagen ampliable="no" src="MA_06_11_CO_IMG09_small.jpg">
<p>El rombo es un polígono equilátero. Las marcas sobre los lados
indican que son congruentes.</p>
</imagen>
<listaSinNumerar>
<listaElemento>Un polígono es <negrita>equiángulo</negrita> si todos
sus ángulos son congruentes.</listaElemento>
</listaSinNumerar>
<imagen src="MA_06_11_CO_IMG10_small.jpg">
<p>El rectángulo es un polígono equiángulo.</p>
</imagen>
<listaSinNumerar>
<listaElemento>Un polígono es <negrita>regular</negrita> si es simultáneamente
equilátero y equiángulo.</listaElemento>
</listaSinNumerar>
<imagen src="MA_06_11_CO_IMG11_small.jpg">
<p>El cuadrado es un polígono regular.</p>
</imagen>
<p>Un polígono es <negrita>irregular</negrita> si no es equilátero
o no es equiángulo.</p>
<imagen src="MA_06_11_CO_IMG12_small.jpg">
<p>El decágono de la figura es irregular.</p>
</imagen>
<practica>
<enlace
destino="/LoIdRedirect.aspx?LoId=MA_06_11_CO_Recurso030&amp;IdRecurso=RES-F7C0AEEB7DE84D86A573420AD6760C56"
>Conoce los elementos de los polígonos regulares</enlace>
<enlace
destino="/LoIdRedirect.aspx?LoId=MA_06_11_CO_Recurso040&amp;IdRecurso=RES-A9824A980CE04D3C8C660630EFFF30A6"
>Clasifica polígonos según su forma</enlace>
<enlace
destino="/LoIdRedirect.aspx?LoId=MA_06_11_CO_Recurso050&amp;IdRecurso=RES-2767B7D80A7F46DB9CF6D709248FD1AD"
>Clasifica polígonos según su número de lados</enlace>
<enlace
destino="/LoIdRedirect.aspx?LoId=MA_06_11_CO_Recurso060&amp;IdRecurso=RES-E699CD3339144691AFAF7E83EF7D332E"
>Clasifica polígonos</enlace>
<enlace
destino="/LoIdRedirect.aspx?LoId=MA_06_11_CO_Recurso070&amp;IdRecurso=RES-31C3041194A64BA99E2128D474D02418"
>Afianza conceptos de Geometría</enlace>
</practica></seccion3Texto></seccion3></seccion2Texto></seccion2>
<seccion2 id="S2_MA_06_11_CO_0319CA6E57B041B090448CC5BD6B3311"><?Pub Dtl?>
<seccion2Titulo>La construcción de polígonos regulares</seccion2Titulo>
<seccion2Texto>
<p>En los objetos que nos rodean podemos determinar algunos polígonos
regulares.</p>
<practica>
<enlace
destino="/LoIdRedirect.aspx?LoId=MA_06_11_CO_Recurso080&amp;IdRecurso=RES-F816160AF14C453C8826C7F32B382879"
>Relaciona los cuerpos geométricos y los polígonos regulares</enlace>
</practica>
<p>El cuadrado es un polígono regular, ya que los cuatro ángulos que
lo forman son congruentes de 90º; además, los cuatro lados de un cuadrado
son congruentes.  Para construir un cuadrado se procede de la siguiente
manera.  </p>
<p><negrita>Primero</negrita>. Se dibuja una circunferencia y en ella
se traza un radio cualquiera. Se marca con la letra <cursiva>O</cursiva
> el centro de la circunferencia y con la letra <cursiva>S</cursiva
> el punto final del radio.</p>
<imagen src="MA_06_11_CO_IMG13_small.jpg">
<p>Paso 1 de la construcción de un cuadrado.</p>
</imagen>
<p><negrita>Segundo</negrita>. Tomando como lado inicial el radio <cursiva
>OS</cursiva> y con centro en <cursiva>O</cursiva>, se construye un
ángulo de 90º. Se marca el punto de intersección entre el ángulo y
la circunferencia, en este caso con la letra <cursiva>M</cursiva>.</p>
<imagen src="MA_06_11_CO_IMG14_small.jpg">
<p>Paso 2 de la construcción de un cuadrado.</p>
</imagen>
<p><negrita>Tercero</negrita>. Tomando como lado inicial el segmento <cursiva
>OM</cursiva> y con centro en <cursiva>O</cursiva>, se construye otro
ángulo de 90º. Se marca el punto de intersección entre el ángulo y
la circunferencia, en este caso con la letra <cursiva>N</cursiva>.</p>
<imagen src="MA_06_11_CO_IMG15_small.jpg">
<p>Paso 3 de la construcción de un cuadrado.</p>
</imagen>
<p><negrita>Cuarto</negrita>. Tomando como lado inicial el segmento <cursiva
>ON</cursiva> y con centro en <cursiva>O</cursiva>, se construye otro
ángulo de 90º. Se marca el punto de intersección entre el ángulo y
la circunferencia, en este caso con la letra <cursiva>L</cursiva>.</p>
<imagen src="MA_06_11_CO_IMG16_small.jpg">
<p>Paso 4 de la construcción de un cuadrado.</p>
</imagen>
<p><negrita>Quinto</negrita>. Finalmente, se unen con segmentos los
puntos <cursiva>L</cursiva> y <cursiva>S, S</cursiva> y<cursiva> M,
M</cursiva> y <cursiva>N, N </cursiva>y <cursiva>L</cursiva>.</p>
<imagen src="MA_06_11_CO_IMG17_small.jpg">
<p>Paso 5 de la construcción de un cuadrado.</p>
</imagen>
<p>La construcción de otros polígonos regulares se plantea con un
proceso similar, pero es importante tener en cuenta que hay que dividir
los 360º de la circunferencia entre el número de lados del polígono
que se va a construir.  </p>
<p>Por ejemplo, si el polígono es un pentágono regular, los ángulos
que se deben construir son de 72º cada uno; si el polígono es un hexágono
regular los ángulos que se van a construir son de 60º cada uno, y
así con todos los otros polígonos regulares. En la siguiente tabla
se muestra esta información hasta el octágono regular.</p>
<table border="1" cellspacing="0"><colgroup align="center"><col/><col/>
<col/></colgroup>
<tbody>
<tr>
<td><negrita>Polígono</negrita></td>
<td><negrita>División</negrita></td>
<td><negrita>Ángulos para la construcción</negrita></td>
</tr>
<tr>
<td align="left">Pentágono</td>
<td align="left">360º entre 5 es 72º</td>
<td align="left">Cinco de 72º cada uno</td>
</tr>
<tr>
<td align="left">Hexágono</td>
<td align="left">360º entre 6 es 60º</td>
<td align="left">Seis de 60º cada uno</td>
</tr>
<tr>
<td align="left">Heptágono</td>
<td align="left">360º entre 7 es 51,4º</td>
<td align="left">Siete de 51,4º aproximadamente</td>
</tr>
<tr>
<td align="left">Octágono</td>
<td align="left">360º entre 8 es 45º</td>
<td align="left">Ocho de 45º cada uno</td>
</tr>
</tbody>
</table>
<profundiza>
<enlace
destino="/LoIdRedirect.aspx?LoId=MA_06_11_CO_Recurso090&amp;IdRecurso=RES-3A4E23D06F284B91A5BD456501CBCA98"
>La construcción de polígonos regulares</enlace>
</profundiza></seccion2Texto></seccion2><seccion2
id="S2_MA_06_11_CO_0319CA6E57B041B090448CC5BD6B4422"><?Pub Dtl?>
<seccion2Titulo>Consolidación</seccion2Titulo>
<seccion2Texto>
<p>Actividades para afianzar lo que has aprendido en esta sección.</p>
<practica>
<enlace
destino="/LoIdRedirect.aspx?LoId=MA_06_11_CO_Recurso100&amp;IdRecurso=RES-DB7F54C06B5D4E6EAA257CCE1D72B0F3"
>Refuerza tu aprendizaje: Los polígonos</enlace>
</practica></seccion2Texto></seccion2></seccion1Texto></seccion1>
<seccion1 id="S1_MA_06_11_CO_B77821ABEC184C38930BBD46110E29A7">
<seccion1Titulo>Los triángulos</seccion1Titulo>
<seccion1Texto>
<p>En los contextos cotidianos se encuentran objetos que tienen forma
de triángulo: la señal de tránsito que indica ceda el paso, las velas
de un velero y el diseño de un reloj, entre otros.</p>
<imagen src="MA_06_11_CO_IMG18_small.jpg">
<p>Las señales de tránsito, un velero y un reloj representan un triángulo.</p>
</imagen>
<destacado><destacadoTitulo>Triángulos</destacadoTitulo><destacadoTexto>
<p>Un <negrita>triángulo</negrita> es un polígono que tiene tres lados
y tres ángulos; son los únicos polígonos que no tienen diagonales,
pues todos sus vértices son consecutivos.  </p>
<p>Para nombrarlos se escribe este símbolo Δ seguido de las letras
mayúsculas que indican los vértices.</p>
</destacadoTexto></destacado>
<imagen src="MA_06_11_CO_IMG19_small.jpg">
<p>Los triángulos de la imagen se nombran Δ<cursiva>ABC</cursiva> y
Δ<cursiva>XYZ</cursiva>, respectivamente.</p>
</imagen>
<p>En todo triángulo, cada lado se nombra usando la letra minúscula
correspondiente a la letra de su vértice opuesto. Por ejemplo, el
lado opuesto al vértice <cursiva>A</cursiva> se nombra con la letra <cursiva
>a</cursiva>. </p>
<imagen src="MA_06_11_CO_IMG20_small.jpg">
<p>Los lados de un triángulo se notan con la letra minúscula correspondiente
al vértice opuesto.</p>
</imagen>
<destacado><destacadoTitulo>Propiedad fundamental de los triángulos</destacadoTitulo>
<destacadoTexto>
<p>En todo triángulo se cumple que la suma de las medidas de los tres
ángulos interiores es igual a 180°. </p>
</destacadoTexto></destacado>
<imagen src="MA_06_11_CO_IMG21A_small.jpg">
<p>La suma de las medidas de los tres ángulos interiores es igual
a 180°. </p>
</imagen>
<seccion2 id="S2_MA_06_11_CO_B77821ABEC184C38930BBD46110E9977"><?Pub Dtl?>
<seccion2Titulo>La clasificación de los triángulos</seccion2Titulo>
<seccion2Texto>
<p>Los triángulos se clasifican teniendo en cuenta dos criterios:
según la <negrita>medida de sus lados</negrita> y según la <negrita
>medida de sus ángulos interiores</negrita>.  </p>
<p>Según la medida de sus <negrita>lados</negrita>, un triángulo puede
ser equilátero, isósceles o escaleno.</p>
<listaSinNumerar>
<listaElemento>Triángulo <negrita>equilátero</negrita>. Tiene los
tres lados de igual medida.</listaElemento>
<listaElemento>Triángulo <negrita>isósceles</negrita>. Tiene dos lados
de la misma medida.</listaElemento>
<listaElemento>Triángulo <negrita>escaleno</negrita>. Tiene los tres
lados de diferente medida.</listaElemento>
</listaSinNumerar>
<imagen src="MA_06_11_CO_IMG21_small.jpg">
<p>Clasificación de los triángulos según la medida de sus lados.</p>
</imagen>
<p>Según la medida de sus ángulos, un triángulo puede ser acutángulo,
rectángulo u obtusángulo.</p>
<listaSinNumerar>
<listaElemento>Triángulo <negrita>acutángulo</negrita>. Tiene los
tres ángulos interiores agudos.</listaElemento>
<listaElemento>Triángulo <negrita>rectángulo</negrita>. Uno de sus
ángulos interiores mide 90°, es decir, es un ángulo recto.</listaElemento>
<listaElemento>Triángulo <negrita>obtusángulo</negrita>. Uno de los
ángulos interiores es mayor de 90°, es decir, es un ángulo obtuso.</listaElemento>
</listaSinNumerar>
<imagen src="MA_06_11_CO_IMG22_small.jpg">
<p>Clasificación de los triángulos según la medida de sus ángulos.</p>
</imagen>
<practica>
<enlace
destino="/LoIdRedirect.aspx?LoId=MA_06_11_CO_Recurso110&amp;IdRecurso=RES-D232B38D6D25492EBFA2538383AAB782"
>Identifica los triángulos</enlace>
</practica></seccion2Texto></seccion2><seccion2
id="S2_MA_06_11_CO_B77821ABEC184C38930BBD46110E0088">
<seccion2Titulo>La construcción de un triángulo</seccion2Titulo>
<seccion2Texto>
<p>Para construir un triángulo es importante tener en cuenta la forma
en que se presenta la información de sus lados y de sus ángulos. Por
ejemplo:</p>
<listaSinNumerar>
<listaElemento>Para el triángulo <cursiva>PQR</cursiva> se tiene lo
siguiente:</listaElemento>
</listaSinNumerar>
<p centrado="si"><cursiva>p</cursiva> = 5 cm, <cursiva>q</cursiva
> = 4 cm, <cursiva>r</cursiva> = 3 cm  </p>
<p>En este caso están dadas las medidas de sus tres lados.</p>
<listaSinNumerar>
<listaElemento>Para el mismo triángulo <cursiva>PQR</cursiva> se puede
plantear la información así:</listaElemento>
</listaSinNumerar>
<p centrado="si"><cursiva>P</cursiva> = 90º, <cursiva>q</cursiva> =
4 cm, <cursiva>r</cursiva> = 3 cm  </p>
<p>En este caso está dada la medida de dos de sus lados y del ángulo
comprendido entre ellos.</p>
<imagen src="MA_06_11_CO_IMG23_small.jpg">
<p>Notación del triángulo <cursiva>PQR</cursiva>, rectángulo y escaleno,
teniendo en cuenta la medida de sus lados.</p>
</imagen>
<p>A continuación se presentan los pasos para la construcción del
triángulo <cursiva>MNT</cursiva> para el cual se tiene la siguiente
información: <cursiva>t</cursiva> = 8 cm, <cursiva>M</cursiva> = 120º, <cursiva
>n</cursiva> = 8 cm. </p>
<p><negrita>Paso 1</negrita>. Se dibuja el lado <cursiva>t</cursiva
> con la medida indicada.</p>
<imagen src="MA_06_11_CO_IMG24_small.jpg">
<p>Paso 1 de la construcción del triángulo <cursiva>MNT</cursiva>.</p>
</imagen>
<p><negrita>Paso 2</negrita>. Tomando a <cursiva>t</cursiva> como
lado inicial se construye el ángulo <cursiva>M</cursiva>, teniendo
en cuenta que mide 120º.</p>
<imagen src="MA_06_11_CO_IMG25_small.jpg">
<p>Paso 2 de la construcción del triángulo <cursiva>MNT</cursiva>.</p>
</imagen>
<p><negrita>Paso 3</negrita>. Con el compás, se toma la medida del
lado <cursiva>t</cursiva> y esta se marca sobre el lado final del
ángulo que se construyó; en este caso es el lado <cursiva>n</cursiva
>. </p>
<imagen src="MA_06_11_CO_IMG26_small.jpg">
<p>Paso 3 de la construcción del triángulo <cursiva>MNT</cursiva>.</p>
</imagen>
<p><negrita>Paso 4</negrita>. Finalmente, se traza el lado <cursiva
>m</cursiva> frente al ángulo <cursiva>M</cursiva>; luego se escribe
la notación correspondiente de los otros dos ángulos.</p>
<imagen src="MA_06_11_CO_IMG27_small.jpg">
<p>Paso 4 de la construcción del triángulo <cursiva>MNT</cursiva>.</p>
</imagen>
<p>El triángulo <cursiva>MNT</cursiva> es obtusángulo e isósceles;
por lo tanto, la medida de los ángulos <cursiva>T</cursiva> y <cursiva
>N</cursiva> es la misma, es decir, 30º. En forma similar se puede
deducir que si un triángulo tiene dos ángulos congruentes, entonces
dicho triángulo es isósceles.</p>
<destacado><destacadoTitulo>Propiedad fundamental de los triángulos
isósceles</destacadoTitulo><destacadoTexto>
<p>En todo triángulo isósceles, los ángulos que están sobre el lado
de diferente medida son congruentes. </p>
</destacadoTexto></destacado></seccion2Texto></seccion2><seccion2
id="S2_MA_06_11_CO_B77821ABEC184C38930BBD46110E1199">
<seccion2Titulo>La construcción de un triángulo equilátero</seccion2Titulo>
<seccion2Texto>
<p>Para construir el triángulo <cursiva>XYZ</cursiva> para el cual <cursiva
>x</cursiva> = 4 cm, <cursiva>y</cursiva> = 4 cm, <cursiva>z</cursiva
> = 4 cm, se procede de la siguiente manera.  </p>
<p><negrita>Paso 1</negrita>. Se traza el lado <cursiva>y</cursiva
> = 4 cm y sobre él se marcan los vértices correspondientes, en este
caso <cursiva>X</cursiva> y <cursiva>Z</cursiva>.</p>
<imagen src="MA_06_11_CO_IMG28_small.jpg">
<p>Paso 1 de la construcción del triángulo <cursiva>XYZ</cursiva>.</p>
</imagen>
<p><negrita>Paso 2</negrita>. Con el compás, se elige como centro
el vértice <cursiva>X</cursiva> y se toma la distancia entre <cursiva
>X</cursiva> y <cursiva>Z</cursiva>;  luego, se traza un arco.</p>
<imagen src="MA_06_11_CO_IMG29_small.jpg">
<p>Paso 2 de la construcción del triángulo <cursiva>XYZ</cursiva>.</p>
</imagen>
<p><negrita>Paso 3</negrita>. Haciendo centro en el vértice <cursiva
>Z</cursiva>, y con la misma distancia entre <cursiva>X</cursiva> y <cursiva
>Z</cursiva>, se traza otro arco que corte el anterior; este será
el vértice <cursiva>Y</cursiva>.</p>
<imagen src="MA_06_11_CO_IMG30_small.jpg">
<p>Paso 3 de la construcción del triángulo <cursiva>XYZ</cursiva>.</p>
</imagen>
<p><negrita>Paso 4</negrita>. Finalmente, se trazan los segmentos
que unen los tres vértices, para generar el triángulo. </p>
<imagen src="MA_06_11_CO_IMG31_small.jpg">
<p>Paso 4 de la construcción del triángulo <cursiva>XYZ</cursiva>.</p>
</imagen>
<destacado><destacadoTitulo>Propiedad fundamental de los triángulos
equiláteros</destacadoTitulo><destacadoTexto>
<p>En todo triángulo equilátero, los ángulos interiores son congruentes
y su medida de 60º. </p>
</destacadoTexto></destacado><practica>
<enlace
destino="/LoIdRedirect.aspx?LoId=MA_06_11_CO_Recurso120&amp;IdRecurso=RES-5A746CD09EAD4E858FE6739D9F3C5B19"
>Organiza los pasos para construir un triángulo</enlace>
</practica></seccion2Texto></seccion2><seccion2
id="S2_MA_06_11_CO_B77821ABEC184C38930BBD46110E2200">
<seccion2Titulo>Las líneas notables en un triángulo</seccion2Titulo>
<seccion2Texto>
<p>En un triángulo se pueden construir cuatro tipos diferentes de
líneas que reciben el nombre de <negrita>notables</negrita>. La intersección
entre cada grupo de estas líneas genera los <negrita>puntos notables</negrita
>. Las líneas notables de un triángulo son las alturas, las medianas,
las mediatrices y las bisectrices.  </p>
<p><negrita>Alturas</negrita>. La altura es un segmento perpendicular
a un lado y que pasa por el vértice opuesto a este lado. El punto
de intersección entre las tres alturas de un triángulo recibe el nombre
de <negrita>ortocentro</negrita>.</p>
<imagen src="MA_06_11_CO_IMG32_small.jpg">
<p>Alturas del triángulo acutángulo <cursiva>DEF</cursiva> y su respectivo
ortocentro.</p>
</imagen>
<p><negrita>Medianas</negrita>. La mediana es un segmento que pasa
por el punto medio del lado de un triángulo y por su respectivo vértice
opuesto. El punto de intersección entre las tres medianas de un triángulo
recibe el nombre de <negrita>baricentro</negrita>.</p>
<imagen src="MA_06_11_CO_IMG33_small.jpg">
<p>Medianas del triángulo obtusángulo <cursiva>MPT</cursiva> y su
respectivo baricentro.</p>
</imagen>
<p><negrita>Mediatrices</negrita>. La mediatriz es una recta perpendicular
que pasa por el punto medio del lado de un  triángulo. El punto de
intersección entre las tres mediatrices de un triángulo recibe el
nombre de <negrita>circuncentro</negrita>. </p>
<imagen src="MA_06_11_CO_IMG34_small.jpg">
<p>Mediatrices del triángulo rectángulo <cursiva>PQR</cursiva> y su
respectivo circuncentro.</p>
</imagen>
<p> <negrita>Bisectrices</negrita>. La bisectriz es una semirrecta
que divide un ángulo en dos congruentes. El punto de corte entre las
tres bisectrices de un triángulo recibe el nombre de <negrita>incentro</negrita
>.</p>
<imagen src="MA_06_11_CO_IMG35_small.jpg">
<p>Bisectrices del triángulo equilátero <cursiva>LBA</cursiva> y su
respectivo incentro.</p>
</imagen>
<profundiza>
<enlace
destino="/LoIdRedirect.aspx?LoId=MA_06_11_CO_Recurso130&amp;IdRecurso=RES-20A464E8B78A4B91A26DD4393D105C2B"
>Las líneas notables</enlace>
</profundiza></seccion2Texto></seccion2><seccion2
id="S2_MA_06_11_CO_B77821ABEC184C38930BBD46110E3311"><?Pub Dtl?>
<seccion2Titulo>Consolidación</seccion2Titulo>
<seccion2Texto>
<p>Actividades para afianzar lo que has aprendido en esta sección.</p>
<practica>
<enlace
destino="/LoIdRedirect.aspx?LoId=MA_06_11_CO_Recurso140&amp;IdRecurso=RES-0C150AFC35824BC099AA1677133B0A10"
>Refuerza tu aprendizaje: Los triángulos</enlace>
</practica></seccion2Texto></seccion2></seccion1Texto></seccion1>
<seccion1 id="S1_MA_06_11_CO_3044D5DC8266421AA82CF82DE32880EA">
<seccion1Titulo>Los cuadriláteros</seccion1Titulo>
<seccion1Texto>
<p>Muchos de los objetos que se observan en lo cotidiano tienen forma
de cuadrilátero: un cuaderno, una ventana, una puerta, un tablero,
la baldosa del piso, la pantalla de un televisor, entre otros.</p>
<imagen src="MA_06_11_CO_IMG36_small.jpg">
<p>Objetos del entorno que tienen forma de cuadrilátero.</p>
</imagen>
<p>Los cuadriláteros son polígonos que tienen cuatro lados, cuatro
ángulos y cuatro vértices. Poseen dos diagonales y la suma de sus
ángulos interiores es 360°.</p>
<imagen src="MA_06_11_CO_IMG37_small.jpg">
<p>Los cuadriláteros.  </p>
</imagen>
<seccion2 id="S2_MA_06_11_CO_3044D5DC8266421AA82CF82DE3280033"><?Pub Dtl?>
<seccion2Titulo>La clasificación de los cuadriláteros</seccion2Titulo>
<seccion2Texto>
<p>Según la disposición de sus lados, los cuadriláteros se pueden
clasificar en paralelogramos, trapecios y trapezoides.</p>
<p>Los <negrita>paralelogramos</negrita> son cuadriláteros que tienen
dos pares de lados opuestos paralelos. Son paralelogramos el cuadrado,
el rectángulo, el rombo y el romboide.</p>
<imagen src="MA_06_11_CO_IMG38_small.jpg">
<p>En los paralelogramos, los lados opuestos tienen la misma medida
y los ángulos opuestos tienen la misma amplitud.</p>
</imagen>
<p>Los <negrita>trapecios</negrita> son cuadriláteros que tienen un
solo par de lados opuestos paralelos. Los trapecios pueden ser isósceles,
escalenos o rectángulos.</p>
<imagen src="MA_06_11_CO_IMG39_small.jpg">
<p>Diferentes clases de trapecios. </p>
</imagen>
<p>Los <negrita>trapezoides</negrita> son cuadriláteros que no tienen
ningún par de lados paralelos. Se clasifican en simétricos y asimétricos.</p>
<imagen src="MA_06_11_CO_IMG40_small.jpg">
<p>Diferentes clases de trapezoides.</p>
</imagen>
<practica>
<enlace
destino="/LoIdRedirect.aspx?LoId=MA_06_11_CO_Recurso150&amp;IdRecurso=RES-C85AB529BA9546119C35BF59F03946E0"
>Reconoce información sobre los cuadriláteros</enlace>
<enlace
destino="/LoIdRedirect.aspx?LoId=MA_06_11_CO_Recurso160&amp;IdRecurso=RES-31028AA96D6F4597BEFCBE390ED7E3A9"
>Identifica cuadriláteros</enlace>
<enlace
destino="/LoIdRedirect.aspx?LoId=MA_06_11_CO_Recurso170&amp;IdRecurso=RES-63A5BE96D21440FDA027B1033DE7DB5C"
>Clasifica cuadriláteros</enlace>
</practica></seccion2Texto></seccion2><seccion2
id="S2_MA_06_11_CO_3044D5DC8266421AA82CF82DE3281144"><?Pub Dtl?>
<seccion2Titulo>Consolidación</seccion2Titulo>
<seccion2Texto>
<p>Actividades para afianzar lo que has aprendido en esta sección.</p>
<practica>
<enlace
destino="/LoIdRedirect.aspx?LoId=MA_06_11_CO_Recurso180&amp;IdRecurso=RES-1B6546CD2607458298DF60A8B55C6AA6"
>Refuerza tu aprendizaje: Los cuadriláteros</enlace>
</practica></seccion2Texto></seccion2></seccion1Texto></seccion1>
<seccion1 id="S1_MA_06_11_CO_6EC2BA03348E40C7B4534143AC6AC280">
<seccion1Titulo>La circunferencia</seccion1Titulo>
<seccion1Texto>
<p>La circunferencia es el conjunto de todos los puntos del plano
que están a la misma distancia de un punto llamado <negrita>centro</negrita
>.</p>
<imagen src="MA_06_11_CO_IMG41_small.jpg">
<p>La rueda de una bicicleta es una circunferencia; los nombres de
dos de sus componentes coinciden con elementos de la circunferencia:
centro y radios.</p>
</imagen>
<seccion2 id="S2_MA_06_11_CO_6EC2BA03348E40C7B4534143AC6A2288"><?Pub Dtl?>
<seccion2Titulo>Los elementos de la circunferencia</seccion2Titulo>
<seccion2Texto>
<p>En una circunferencia se pueden distinguir los siguientes elementos:
centro, radio, diámetro, cuerda, arco y semicircunferencia.</p>
<listaSinNumerar>
<listaElemento>El <negrita>centro</negrita> es el punto equidistante
a todos los puntos de la circunferencia.</listaElemento>
<listaElemento>El <negrita>radio</negrita> es el segmento que une
el centro con un punto cualquiera de la circunferencia.</listaElemento>
</listaSinNumerar>
<imagen src="MA_06_11_CO_IMG42_small.jpg">
<p>En esta circunferencia se han señalado el centro y varios de sus
radios.</p>
</imagen>
<listaSinNumerar>
<listaElemento>El <negrita>diámetro</negrita> es un segmento que une
dos puntos opuestos de la circunferencia y pasa por el centro de ella.</listaElemento>
<listaElemento>La <negrita>cuerda</negrita> es un segmento que une
dos puntos de la circunferencia y que no pasa por el centro de ella.</listaElemento>
</listaSinNumerar>
<imagen src="MA_06_11_CO_IMG43_small.jpg">
<p>En esta circunferencia se han señalado un diámetro y dos cuerdas.</p>
</imagen>
<listaSinNumerar>
<listaElemento>Un <negrita>arco</negrita> es la parte de la circunferencia
comprendida entre dos de sus puntos.</listaElemento>
<listaElemento>Una <negrita>semicircunferencia</negrita> es un arco
para el cual sus dos puntos son los extremos de un diámetro.</listaElemento>
</listaSinNumerar>
<imagen src="MA_06_11_CO_IMG44_small.jpg">
<p>En esta circunferencia se han señalado un arco y una semicircunferencia.</p>
</imagen>
</seccion2Texto></seccion2><seccion2
id="S2_MA_06_11_CO_6EC2BA03348E40C7B4534143AC6A3399"><?Pub Dtl?>
<seccion2Titulo>Las posiciones relativas de una recta y de una circunferencia</seccion2Titulo>
<seccion2Texto>
<p>Respecto a una circunferencia, una recta puede ser exterior, tangente
o secante.</p>
<listaSinNumerar>
<listaElemento><negrita>Exterior</negrita>. La recta y la circunferencia
no tienen puntos en común.</listaElemento>
<listaElemento><negrita>Tangente</negrita>. La recta y la circunferencia
tienen un solo punto en común.</listaElemento>
<listaElemento><negrita>Secante</negrita>. La recta y la circunferencia
tienen dos puntos en común, es decir, se intersecan en dos puntos.</listaElemento>
</listaSinNumerar>
<imagen src="MA_06_11_CO_IMG45_small.jpg">
<p>Rectas exterior, tangente y secante.</p>
</imagen>
<profundiza>
<enlace
destino="/LoIdRedirect.aspx?LoId=MA_06_11_CO_Recurso190&amp;IdRecurso=RES-DC9F9D5305274A5F82F5C5E579873BDB"
>La circunferencia: elementos, posiciones relativas con las rectas</enlace>
</profundiza></seccion2Texto></seccion2><seccion2
id="S2_MA_06_11_CO_6EC2BA03348E40C7B4534143AC6A4400"><?Pub Dtl?>
<seccion2Titulo>Las posiciones relativas de dos circunferencias</seccion2Titulo>
<seccion2Texto>
<p>Entre dos circunferencias se pueden presentar las siguientes posiciones.</p>
<listaSinNumerar>
<listaElemento><negrita>Interior</negrita>: una circunferencia está
en el interior de la otra.</listaElemento>
<listaElemento><negrita>Concéntricas</negrita>: comparten el mismo
centro.</listaElemento>
<listaElemento><negrita>Tangentes interiores</negrita>: circunferencias
interiores con un solo punto en común.</listaElemento>
<listaElemento><negrita>Exteriores</negrita>: una circunferencia se
encuentra al exterior de otra.</listaElemento>
<listaElemento><negrita>Tangentes exteriores</negrita>: circunferencias
exteriores que tienen un solo punto en común.</listaElemento>
<listaElemento><negrita>Secantes</negrita>: circunferencias que tienen
dos puntos en común.</listaElemento>
</listaSinNumerar>
<imagen src="MA_06_11_CO_IMG46_small.jpg">
<p>Posiciones relativas de dos circunferencias.</p>
</imagen>
<profundiza>
<enlace
destino="/LoIdRedirect.aspx?LoId=MA_06_11_CO_Recurso200&amp;IdRecurso=RES-4371E04413354EC7A868F882CC4EC4FF"
>Conoce las posiciones relativas de una circunferencia</enlace>
</profundiza></seccion2Texto></seccion2><seccion2
id="S2_MA_06_11_CO_6EC2BA03348E40C7B4534143AC6A5511"><?Pub Dtl?>
<seccion2Titulo>Consolidación</seccion2Titulo>
<seccion2Texto>
<p>Actividades para afianzar lo que has aprendido en esta sección.</p>
<practica>
<enlace
destino="/LoIdRedirect.aspx?LoId=MA_06_11_CO_Recurso210&amp;IdRecurso=RES-3D72FEB7CFD8484A9E460034C538363C"
>Refuerza tu aprendizaje: La circunferencia</enlace>
</practica></seccion2Texto></seccion2></seccion1Texto></seccion1>
<seccion1 id="S1_MA_06_11_CO_8EAAD5B3E84140C4BD504322BC3EF0C6">
<seccion1Titulo>Competencias</seccion1Titulo><?Pub Caret 0?>
<seccion1Texto>
<p>Pon a prueba tus capacidades y aplica lo aprendido con estos recursos.</p>
<practica>
<enlace
destino="/LoIdRedirect.aspx?LoId=MA_06_11_CO_Recurso220&amp;IdRecurso=RES-752EB6FE02CA439889492DB728C1862C"
>Competencias: estudio de los elementos de la circunferencia</enlace>
</practica></seccion1Texto></seccion1><masinformacion
id="MI_MA_06_11_CO_B6EF2BB7343249FE8C770EDA437241DE"><?Pub Dtl?>
<mapaconceptual><enlace
destino="/LoIdRedirect.aspx?LoId=MA_06_11_CO_Recurso250&amp;IdRecurso=RES-4730C8723B024034AF8C2FE4D8D69FEA"
>Mapa Conceptual</enlace></mapaconceptual><autoevaluate><enlace
destino="/LoIdRedirect.aspx?LoId=MA_06_11_CO_Recurso260&amp;IdRecurso=RES-F6B8E49CD1694E5B9146BC1513816AD1"
>Evaluación</enlace></autoevaluate><enlacesreferencia>
<enlace destino="http://www.vitutor.com/geo/eso/s_2.html">Vitutor</enlace>
<enlace
destino="http://www.educaplus.org/play-178-%C3%81ngulos-externos.html"
>Educaplus </enlace>
<enlace
destino="http://www.educaplus.org/play-178-%C3%81ngulos-externos.html"
>Genmagic</enlace>
</enlacesreferencia></masinformacion></libro>
