﻿<?xml version="1.0" encoding="utf-8"?><motor tipo="2" clase="c" aprid="m2c">
  <plataforma>
    <grado><![CDATA[1]]></grado>
    <titulo>Reconoce información sobre los cuadriláteros</titulo>
    <area>0</area>
    <nivel>2</nivel>
    <referencia/>
    <idreg><![CDATA[0]]></idreg>
    <motor><![CDATA[M2C]]></motor>
    <lang>es</lang>
  </plataforma>
  <enunciado><![CDATA[Selecciona la palabra que completa cada oración.]]></enunciado>
  <masinfo inicio="0"/>
  <calc><![CDATA[0]]></calc>
  <sonido/>
  <textoacategoria>
    <cuestion>
      <pregunta><![CDATA[Un [*] es un polígono con cuatro lados y cuatro ángulos. La suma de sus [*] internos es igual a 360º. En [*] cuadriláteros se pueden trazar dos [*]; en los cuadriláteros [*] las diagonales son interiores, mientras que en los cuadriláteros cóncavos [*] diagonal puede ser [*].Un rombo es un [*] y un [*] tiene solo un par de lados paralelos. Además, los trapezoides pueden ser [*].En un paralelogramo sus dos pares de lados opuestos son [*] y sus ángulos [*] son congruentes.]]></pregunta>
      <respuestas>
        <respuesta orden="1">
          <opcion correcta="0"><![CDATA[rombo]]></opcion>
          <opcion correcta="0"><![CDATA[cuadrado]]></opcion>
          <opcion correcta="1"><![CDATA[cuadrilátero]]></opcion>
          <opcion correcta="0"><![CDATA[trapecio]]></opcion>
        </respuesta>
        <respuesta orden="2">
          <opcion correcta="1"><![CDATA[ángulos]]></opcion>
          <opcion correcta="0"><![CDATA[lados]]></opcion>
          <opcion correcta="0"><![CDATA[longitudes]]></opcion>
          <opcion correcta="0"><![CDATA[caras]]></opcion>
        </respuesta>
        <respuesta orden="3">
          <opcion correcta="0"><![CDATA[los ]]></opcion>
          <opcion correcta="0"><![CDATA[ninguno de los]]></opcion>
          <opcion correcta="0"><![CDATA[algunos de los]]></opcion>
          <opcion correcta="1"><![CDATA[todos los]]></opcion>
        </respuesta>
        <respuesta orden="4">
          <opcion correcta="0"><![CDATA[lados]]></opcion>
          <opcion correcta="1"><![CDATA[diagonales]]></opcion>
          <opcion correcta="0"><![CDATA[ángulos]]></opcion>
          <opcion correcta="0"><![CDATA[vértices]]></opcion>
        </respuesta>
        <respuesta orden="5">
          <opcion correcta="1"><![CDATA[convexos]]></opcion>
          <opcion correcta="0"><![CDATA[concavos]]></opcion>
          <opcion correcta="0"><![CDATA[grandres]]></opcion>
          <opcion correcta="0"><![CDATA[simétricos]]></opcion>
        </respuesta>
        <respuesta orden="6">
          <opcion correcta="0"><![CDATA[toda]]></opcion>
          <opcion correcta="0"><![CDATA[ninguna]]></opcion>
          <opcion correcta="0"><![CDATA[una]]></opcion>
          <opcion correcta="1"><![CDATA[alguna]]></opcion>
        </respuesta>
        <respuesta orden="7">
          <opcion correcta="1"><![CDATA[exterior]]></opcion>
          <opcion correcta="0"><![CDATA[superior]]></opcion>
          <opcion correcta="0"><![CDATA[interior]]></opcion>
          <opcion correcta="0"><![CDATA[diferente]]></opcion>
        </respuesta>
        <respuesta orden="8">
          <opcion correcta="0"><![CDATA[trapecio]]></opcion>
          <opcion correcta="1"><![CDATA[paralelogramo]]></opcion>
          <opcion correcta="0"><![CDATA[trapezoide]]></opcion>
          <opcion correcta="0"><![CDATA[rectángulo]]></opcion>
        </respuesta>
        <respuesta orden="9">
          <opcion correcta="0"><![CDATA[cuadrado]]></opcion>
          <opcion correcta="0"><![CDATA[trapezoide]]></opcion>
          <opcion correcta="1"><![CDATA[trapecio]]></opcion>
          <opcion correcta="0"><![CDATA[rombiode]]></opcion>
        </respuesta>
        <respuesta orden="10">
          <opcion correcta="0"><![CDATA[regulares]]></opcion>
          <opcion correcta="0"><![CDATA[cuadrados]]></opcion>
          <opcion correcta="0"><![CDATA[paralelogramos]]></opcion>
          <opcion correcta="1"><![CDATA[asimétricos]]></opcion>
        </respuesta>
        <respuesta orden="11">
          <opcion correcta="1"><![CDATA[congruentes]]></opcion>
          <opcion correcta="0"><![CDATA[distintos]]></opcion>
          <opcion correcta="0"><![CDATA[irregulares]]></opcion>
          <opcion correcta="0"><![CDATA[pequeños]]></opcion>
        </respuesta>
        <respuesta orden="12">
          <opcion correcta="0"><![CDATA[congruentes]]></opcion>
          <opcion correcta="0"><![CDATA[simétricos]]></opcion>
          <opcion correcta="1"><![CDATA[opuestos]]></opcion>
          <opcion correcta="0"><![CDATA[diferentes]]></opcion>
        </respuesta>
      </respuestas>
    </cuestion>
  </textoacategoria>
</motor>