﻿<?xml version="1.0" encoding="utf-8"?><engine copy="Editorial Planeta" version="1" aprid="f13" title="Las líneas notables" >
<section title="Alturas" path2a="MA_06_11_CO_REC130_IMG01n.jpg" path2b="MA_06_11_CO_REC130_IMG02n.jpg" path2aAmp="MA_06_11_CO_REC130_IMG01a.jpg" path2bAmp="MA_06_11_CO_REC130_IMG02a.jpg" image2aText="Alturas en un triángulo obtusángulo." image2bText="&lt;p&gt;Alturas en un tri&amp;aacute;ngulo rect&amp;aacute;ngulo.&lt;/p&gt;
" zoom1="true" zoom2a="true" zoom2b="true" layout="3" >
<![CDATA[<p><span style="font-size:20px"><span style="font-family:verdana,geneva,sans-serif">La <strong>altura</strong> es una recta perpendicular a un lado, que pasa por el v&eacute;rtice opuesto a este lado.</span></span></p>

<p><span style="font-size:20px"><span style="font-family:verdana,geneva,sans-serif">El punto de corte entre las tres alturas de un tri&aacute;ngulo recibe el nombre de <strong>ortocentro</strong>.</span></span></p>

<p><span style="font-size:20px"><span style="font-family:verdana,geneva,sans-serif">La palabra ortocentro significa <strong>perpendicular</strong>.</span></span></p>

<ul>
	<li><span style="font-size:20px"><span style="font-family:verdana,geneva,sans-serif">Aunque la definici&oacute;n es la misma para cualquier tipo de tri&aacute;ngulo, un caso especial del trazo de las alturas se presenta en un tri&aacute;ngulo obtus&aacute;ngulo. En este caso el ortocentro est&aacute; ubicado fuera del tri&aacute;ngulo.</span></span></li>
</ul>

<p><span style="font-size:20px"><span style="font-family:verdana,geneva,sans-serif">​Al ampliar la primera imagen se puede observar la construcci&oacute;n de las alturas en un tri&aacute;ngulo obtus&aacute;ngulo.</span></span></p>

<ul>
	<li><span style="font-size:20px"><span style="font-family:verdana,geneva,sans-serif">Para el caso de un tri&aacute;ngulo rect&aacute;ngulo, el ortocentro est&aacute; situado en el v&eacute;rtice del &aacute;ngulo recto.</span></span></li>
</ul>

<p><span style="font-size:20px"><span style="font-family:verdana,geneva,sans-serif">​Al ampliar la segunda imagen se puede observar la construcci&oacute;n de las alturas en un tri&aacute;ngulo rect&aacute;ngulo.</span></span></p>
]]></section>
<section title="Medianas" path="MA_06_11_CO_REC130_IMG03n.jpg" pathAmp="MA_06_11_CO_REC130_IMG03a.jpg" image1Text="&lt;p&gt;Medianas en un tri&amp;aacute;ngulo acut&amp;aacute;ngulo.&lt;/p&gt;
" zoom1="true" zoom2a="false" zoom2b="false" layout="0" >
<![CDATA[<p><span style="font-family:verdana,geneva,sans-serif"><span style="font-size:20px">La mediana es una recta que pasa por el punto medio del lado de un tri&aacute;ngulo y por su respectivo v&eacute;rtice opuesto.</span></span></p>

<p><span style="font-family:verdana,geneva,sans-serif"><span style="font-size:20px">El punto de intersecci&oacute;n entre las tres medianas de un tri&aacute;ngulo recibe el nombre de <strong>baricentro</strong>.</span></span></p>

<p><span style="font-size:20px">El baricentro tambi&eacute;n se conoce con el nombre de <strong>centroide.</strong></span></p>

<p><span style="font-size:20px">En la imagen se puede observar la construcci&oacute;n de las medianas en un tri&aacute;ngulo acut&aacute;ngulo.</span></p>
]]></section>
<section title="Bisectrices" path="MA_06_11_CO_REC130_IMG04n.jpg" pathAmp="MA_06_11_CO_REC130_IMG04a.jpg" image1Text="Incentro y circunferencia inscrita en un triángulo. " zoom1="true" zoom2a="false" zoom2b="false" layout="1" >
<![CDATA[<p><span style="font-size:20px"><span style="font-family:verdana,geneva,sans-serif">La bisectriz es una recta que divide un &aacute;ngulo en dos &aacute;ngulos congruentes.</span></span></p>

<p><span style="font-size:20px"><span style="font-family:verdana,geneva,sans-serif">El punto de corte entre las tres bisectrices de un tri&aacute;ngulo recibe el nombre de <strong>incentro</strong>.</span></span></p>

<p><span style="font-size:20px"><span style="font-family:verdana,geneva,sans-serif">La palabra incentro significa &ldquo;en el centro&rdquo; y es el punto de equilibrio del tri&aacute;ngulo. </span></span></p>

<p><span style="font-size:20px"><span style="font-family:verdana,geneva,sans-serif">Adem&aacute;s, el incentro es el centro de la circunferencia inscrita en el tri&aacute;ngulo en el que se genera.</span></span></p>
]]></section>
<section title="Mediatrices" path="MA_06_11_CO_REC130_IMG05n.jpg" pathAmp="MA_06_11_CO_REC130_IMG05a.jpg" image1Text="&lt;p&gt;Circuncentro y circunferencia circunscrita a un tri&amp;aacute;ngulo.&lt;/p&gt;
" zoom1="true" zoom2a="false" zoom2b="false" layout="0" >
<![CDATA[<p><span style="font-size:20px"><span style="font-family:verdana,geneva,sans-serif">La mediatriz es una recta perpendicular que pasa por el punto medio del lado de un tri&aacute;ngulo.</span></span></p>

<p><span style="font-size:20px"><span style="font-family:verdana,geneva,sans-serif">El punto de intersecci&oacute;n entre las tres mediatrices de un tri&aacute;ngulo recibe el nombre de <strong>circuncentro</strong>.</span></span></p>

<p><span style="font-size:20px"><span style="font-family:verdana,geneva,sans-serif">El circuncentro es el centro de la circunferencia circunscrita al tri&aacute;ngulo que lo genera.</span></span></p>
]]></section>
</engine>