﻿<?xml version="1.0" encoding="utf-8"?><motor tipo="8" clase="a" aprid="m8a">
  <plataforma>
    <grado><![CDATA[2]]></grado>
    <titulo>Soluciona problemas empleando diferenciales</titulo>
    <area>0</area>
    <nivel>3</nivel>
    <referencia/>
    <idreg><![CDATA[0]]></idreg>
    <motor><![CDATA[M8A]]></motor>
    <lang>es</lang>
  </plataforma>
  <enunciado><![CDATA[Lee con atención los enunciados y selecciona la respuesta correcta.]]></enunciado>
  <masinfo inicio="0"/>
  <sinaleatoriedad><![CDATA[0]]></sinaleatoriedad>
  <calc><![CDATA[0]]></calc>
  <respuestaunica><![CDATA[0]]></respuestaunica>
  <test cantidad="10">
    <cuestion>
      <enunciado><![CDATA[Cuando una placa cuadrada metálica de 15 cm de longitud se calienta, el valor de sus lados aumenta 0,5 cm. ¿Cuál es la diferencial para el área final de la placa?]]></enunciado>
      <imagen><![CDATA[MA_11_04_REC230_IMG01n.png]]></imagen>
      <ampliacion/>
      <explicacion><![CDATA[Se debe encontrar la diferencia entre el área inicial y el área después de su aumento y este valor se debe comparar con el diferencial para el área del cuadrado.]]></explicacion>
      <respuestas>
        <respuesta contestacion="0,25 cm" correcta="on"/>
        <respuesta contestacion="0,50 cm" correcta="0"/>
        <respuesta contestacion="0,30 cm" correcta="0"/>
        <respuesta contestacion="0,20 cm" correcta="0"/>
      </respuestas>
    </cuestion>
    <cuestion>
      <enunciado><![CDATA[Cuando una placa rectangular de 10 cm x 20 cm se calienta, aumenta 0,02 cm sus lados. ¿Cuál es la diferencial para el área final de la placa?]]></enunciado>
      <imagen><![CDATA[MA_11_04_REC230_IMG02n.png]]></imagen>
      <ampliacion/>
      <explicacion><![CDATA[Se debe encontrar la diferencia entre el área inicial y el área después de su aumento y este valor se debe comparar con el diferencial para el área del rectángulo.]]></explicacion>
      <respuestas>
        <respuesta contestacion="0,6004 cm" correcta="on"/>
        <respuesta contestacion="0,5004 cm" correcta="0"/>
        <respuesta contestacion="0,4004 cm" correcta="0"/>
        <respuesta contestacion="0,7004 cm" correcta="0"/>
      </respuestas>
    </cuestion>
    <cuestion>
      <enunciado><![CDATA[Al enfriar una placa cuadrada metálica de 15 cm de longitud, su lado disminuye un 0,02 %. ¿Cuánto disminuirá porcentualmente su área original?]]></enunciado>
      <imagen><![CDATA[MA_11_04_REC230_IMG03n.png]]></imagen>
      <ampliacion/>
      <explicacion><![CDATA[Se debe encontrar el porcentaje que representa la disminución del área teniendo en cuenta que el 100 % = 225 cm{{sup}}2{{normal}}.]]></explicacion>
      <respuestas>
        <respuesta contestacion="0,04 %" correcta="on"/>
        <respuesta contestacion="0,03 %" correcta="0"/>
        <respuesta contestacion="0,02 %" correcta="0"/>
        <respuesta contestacion="0,05 %" correcta="0"/>
      </respuestas>
    </cuestion>
    <cuestion>
      <enunciado><![CDATA[Al enfriar una placa cuadrada metálica de 50 cm de longitud su lado disminuye un 0,01 %. ¿Cuánto disminuirá porcentualmente su área original?]]></enunciado>
      <imagen><![CDATA[MA_11_04_REC230_IMG04n.png]]></imagen>
      <ampliacion/>
      <explicacion><![CDATA[Se debe encontrar el porcentaje que representa la disminución del área teniendo en cuenta que el 100 % = 2500 cm{{sup}}2{{normal}}.]]></explicacion>
      <respuestas>
        <respuesta contestacion="0,02 %" correcta="on"/>
        <respuesta contestacion="0,01 %" correcta="0"/>
        <respuesta contestacion="0,04 %" correcta="0"/>
        <respuesta contestacion="0,03 %" correcta="0"/>
      </respuestas>
    </cuestion>
    <cuestion>
      <enunciado><![CDATA[La pared lateral de un cilindro de radio 10 cm y altura 1 m, debe revestirse con una capa de concreto de 3 cm de espesor. ¿Cuál es la cantidad de concreto que se requiere?]]></enunciado>
      <imagen><![CDATA[MA_11_04_REC230_IMG05n.png]]></imagen>
      <ampliacion/>
      <explicacion><![CDATA[Se debe espitar la variación del volumen ({{cur}}V{{normal}}) por medio de {{cur}}dV{{normal}}, donde {{cur}}V{{normal}}({{cur}}r{{normal}}) = 100π {{cur}}r{{normal}}{{sup}}2{{normal}}, {{cur}}r{{normal}} = 10, {{cur}}dr{{normal}} = 3]]></explicacion>
      <respuestas>
        <respuesta contestacion="18 849,555 cm{{sup}}3{{normal}}" correcta="on"/>
        <respuesta contestacion="17 849,555 cm{{sup}}3{{normal}}" correcta="0"/>
        <respuesta contestacion="19 849,655 cm{{sup}}3{{normal}}" correcta="0"/>
        <respuesta contestacion="16 849,455 cm{{sup}}3{{normal}}" correcta="0"/>
      </respuestas>
    </cuestion>
    <cuestion>
      <enunciado><![CDATA[De acuerdo con la imagen presentada halla el error máximo que se puede cometer al calcular la altura de la montaña, sabiendo que la medición del ángulo tiene un error de 0,3º.]]></enunciado>
      <imagen><![CDATA[MA_11_04_REC230_IMG06n.png]]></imagen>
      <ampliacion/>
      <explicacion><![CDATA[Debes tener en cuenta que la derivada de tan({{cur}}x{{normal}}) es sec{{sup}}2{{normal}}{{cur}}x{{normal}} y que 0,3º equivale a 0,005235987 radianes.]]></explicacion>
      <respuestas>
        <respuesta contestacion="1,3962 m" correcta="on"/>
        <respuesta contestacion="1,5692 m" correcta="0"/>
        <respuesta contestacion="1,3269 m" correcta="0"/>
        <respuesta contestacion="1,5269 m" correcta="0"/>
      </respuestas>
    </cuestion>
    <cuestion>
      <enunciado><![CDATA[Con base en la imagen presentada encuentra el error máximo que puede cometer al calcular la altura del edificio, sabiendo que la medición del ángulo tiene un error de 0,2º.]]></enunciado>
      <imagen><![CDATA[MA_11_04_REC230_IMG07n.png]]></imagen>
      <ampliacion/>
      <explicacion><![CDATA[Debes tener en cuenta que la derivada de tan {{cur}}x{{normal}} es sec{{sup}}2{{normal}}{{cur}}x{{normal}} y que 0,2º equivale a 0,00349066 radianes.]]></explicacion>
      <respuestas>
        <respuesta contestacion="2,37 m" correcta="on"/>
        <respuesta contestacion="3,73 m" correcta="0"/>
        <respuesta contestacion="3,27 m" correcta="0"/>
        <respuesta contestacion="7,23 m" correcta="0"/>
      </respuestas>
    </cuestion>
    <cuestion>
      <enunciado><![CDATA[La pared lateral de un cubo de lado 70 cm, debe revestirse con una capa de concreto de 10 cm de espesor. ¿Cuál es la cantidad de concreto que se requiere?]]></enunciado>
      <imagen><![CDATA[MA_11_04_REC230_IMG08n.png]]></imagen>
      <ampliacion/>
      <explicacion><![CDATA[Recuerda que el volumen de un cubo es {{cur}}x{{normal}}{{sup}}3{{normal}} y su derivada es 3{{cur}}x{{normal}}{{sup}}2{{normal}}; se debe multiplicar la derivada de la función del volumen por el grosor de la capa de concreto (10).]]></explicacion>
      <respuestas>
        <respuesta contestacion="147 000 cm{{sup}}3{{normal}}" correcta="on"/>
        <respuesta contestacion="174 000 cm{{sup}}3{{normal}}" correcta="0"/>
        <respuesta contestacion="127 000 cm{{sup}}3{{normal}}" correcta="0"/>
        <respuesta contestacion="172 000 cm{{sup}}3{{normal}}" correcta="0"/>
      </respuestas>
    </cuestion>
    <cuestion>
      <enunciado><![CDATA[Se necesita rellenar el espacio entre las dos esferas, teniendo en cuenta que el radio mayor es 14 m y el espacio a rellenar debe tener un grosor de 2 m; ¿cuál es el volumen que se debe rellenar?]]></enunciado>
      <imagen><![CDATA[MA_11_04_REC230_IMG09n.png]]></imagen>
      <ampliacion/>
      <explicacion><![CDATA[Recuerda que el volumen de una esfera es 4/3 π {{cur}}x{{normal}}{{sup}}3{{normal}} y su derivada es 4π{{cur}}x{{normal}}{{sup}}2{{normal}}; se debe multiplicar la derivada de la función del volumen por el grosor de la capa de concreto (2).]]></explicacion>
      <respuestas>
        <respuesta contestacion="4926,017 m{{sup}}3{{normal}}" correcta="on"/>
        <respuesta contestacion="4629,017 m{{sup}}3{{normal}}" correcta="0"/>
        <respuesta contestacion="4296,017 m{{sup}}3{{normal}}" correcta="0"/>
        <respuesta contestacion="4269,017 m{{sup}}3{{normal}}" correcta="0"/>
      </respuestas>
    </cuestion>
    <cuestion>
      <enunciado><![CDATA[Se necesita rellenar la mitad del espacio entre las dos esferas, teniendo en cuenta que el radio es 2 m y el espacio a rellenar debe tener un grosor de 1 m; ¿cuál es el volumen que se debe rellenar?]]></enunciado>
      <imagen><![CDATA[MA_11_04_REC230_IMG10n.png]]></imagen>
      <ampliacion/>
      <explicacion><![CDATA[Recuerda que el volumen de una esfera es 4/3 π {{cur}}x{{normal}}{{sup}}3{{normal}} y su derivada es 4π{{cur}}x{{normal}}{{sup}}2{{normal}}; se debe multiplicar la derivada de la función del volumen por el grosor de la capa de concreto (1) y esto dividirlo entre 2, pues piden la mitad.]]></explicacion>
      <respuestas>
        <respuesta contestacion="6,2831 m{{sup}}3{{normal}}" correcta="on"/>
        <respuesta contestacion="12,5663 m{{sup}}3{{normal}}" correcta="0"/>
        <respuesta contestacion="14,432 m{{sup}}3{{normal}}" correcta="0"/>
        <respuesta contestacion="7,216 m{{sup}}3{{normal}}" correcta="0"/>
      </respuestas>
    </cuestion>
  </test>
</motor>