﻿<?xml version="1.0" encoding="utf-8"?><motor tipo="101" clase="a" aprid="m101a">
  <plataforma>
    <grado>2</grado>
    <titulo>Refuerza tu aprendizaje: Las operaciones aditivas entre polinomios</titulo>
    <volumen/>
    <nivel><![CDATA[1]]></nivel>
    <referencia/>
    <motor/>
    <lang>es</lang>
  </plataforma>
  <enunciado><![CDATA[Desarrolla la siguiente actividad y luego haz clic en enviar o envíala a mano o por e-mail a tu profesor para que pueda ser evaluada. ]]></enunciado>
  <masinfo inicio="0"/>
  <calc><![CDATA[0]]></calc>
  <preguntas cantidad="5">
    <pregunta>
      <enunciado><![CDATA[Dados los polinomios {{cur}}p{{normal}}({{cur}}x{{normal}}) = 2{{cur}}x{{normal}}{{sup}}3{{normal}} + 3{{cur}}x{{normal}}{{sup}}2{{normal}} – 4{{cur}}x{{normal}} – 7,  {{cur}}q{{normal}}({{cur}}x{{normal}}) = ½{{cur}}x{{normal}}{{sup}}3{{normal}} + ½{{cur}}x{{normal}}{{sup}}2{{normal}} + 7, {{cur}}r{{normal}}({{cur}}x{{normal}}) = {{cur}}x{{normal}}{{sup}}3{{normal}} + 4{{cur}}x{{normal}} – 4y  {{cur}}s{{normal}}({{cur}}x{{normal}}) = –2{{cur}}x{{normal}}{{sup}}3{{normal}} + 4{{cur}}x{{normal}}{{sup}}2{{normal}} – 2/3{{cur}}x{{normal}} + ½, efectúa las operaciones indicadas mostrando cada paso del procedimiento.]]></enunciado>
      <explicacion><![CDATA[En esta actividad se consolida la ejercitación de la adición y sustracción de polinomios.]]></explicacion>
      <nivel><![CDATA[3]]></nivel>
      <tipo><![CDATA[L]]></tipo>
      <imagen><![CDATA[MA_08_02_REC120_IMG01n.png]]></imagen>
      <ampliacion><![CDATA[MA_08_02_REC120_IMG01a.png]]></ampliacion>
      <texto/>
    </pregunta>
    <pregunta>
      <enunciado><![CDATA[Construye dos ejemplos de polinomios {{cur}}p{{normal}}({{cur}}x{{normal}}) y {{cur}}q{{normal}}({{cur}}x{{normal}}) que cumplan las siguientes condiciones: ]]></enunciado>
      <explicacion><![CDATA[En esta actividad se consolida la ejercitación de la adición y sustracción de polinomios.]]></explicacion>
      <nivel><![CDATA[2]]></nivel>
      <tipo><![CDATA[M]]></tipo>
      <imagen/>
      <ampliacion/>
      <texto><![CDATA[{{cur}}p{{normal}}({{cur}}x{{normal}}) + {{cur}}q{{normal}}({{cur}}x{{normal}}) = 3{{cur}}x{{normal}}{{sup}}2{{normal}} + 2{{cur}}x{{normal}} + 1{{cur}}q{{normal}}({{cur}}x{{normal}}) – {{cur}}p{{normal}}({{cur}}x{{normal}}) = 2{{cur}}x{{normal}}{{sup}}3{{normal}}]]></texto>
    </pregunta>
    <pregunta>
      <enunciado><![CDATA[Determina el perímetro y el área de la siguiente figura mostrando cada paso del procedimiento. Ten en cuenta que los lados opuestos son congruentes.]]></enunciado>
      <explicacion/>
      <nivel><![CDATA[2]]></nivel>
      <tipo/>
      <imagen><![CDATA[MA_08_02_REC120_IMG02n.png]]></imagen>
      <ampliacion><![CDATA[MA_08_02_REC120_IMG02a.png]]></ampliacion>
      <texto/>
    </pregunta>
    <pregunta>
      <enunciado><![CDATA[Determina el perímetro del polígono regular, mostrando cada paso del procedimiento. Recuerda que un polígono regular tiene todos los lados de la misma longitud.]]></enunciado>
      <explicacion/>
      <nivel><![CDATA[2]]></nivel>
      <tipo/>
      <imagen><![CDATA[MA_08_02_REC120_IMG03n.png]]></imagen>
      <ampliacion><![CDATA[MA_08_02_REC120_IMG03a.png]]></ampliacion>
      <texto/>
    </pregunta>
    <pregunta>
      <enunciado><![CDATA[Determina el perímetro y el área del rectángulo de la figura mostrando cada paso del procedimiento.]]></enunciado>
      <explicacion/>
      <nivel><![CDATA[2]]></nivel>
      <tipo/>
      <imagen><![CDATA[MA_08_02_REC120_IMG04n.png]]></imagen>
      <ampliacion><![CDATA[MA_08_02_REC120_IMG02a.png]]></ampliacion>
      <texto/>
    </pregunta>
  </preguntas>
</motor>