﻿<?xml version="1.0" encoding="utf-8"?>
<engine copy="Editorial Planeta" version="1" aprid="f7b">
  <main layout="2">
    <title> Algunos sistemas de numeración antiguos</title>
    <footer>Selecciona un sistema de numeración</footer>
  </main>
  <sections>
    <section i="0" star="false" hasSubsections="false">
      <menuImage path="MA_06_02_CO_REC10_IMG01a.jpg" border="0">
        <title><![CDATA[Sistema de numeración egipcio ]]></title>
      </menuImage>
      <pages>
        <page i="0" visible="true" color="">
          <title>Sistema jeroglífico egipcio</title>
          <description><![CDATA[<p><span style="font-size:20px"><span style="font-family:verdana,geneva,sans-serif">Durante el crecimiento de la civilizaci&oacute;n egipcia se cre&oacute; un sistema de numeraci&oacute;n que se caracteriz&oacute; por ser aditivo y decimal, pues estaba compuesto por 7 jerogl&iacute;ficos que indicaban la unidad y las primeras seis potencias de diez.&nbsp;</span></span></p>

<p><span style="font-size:20px"><span style="font-family:verdana,geneva,sans-serif">En la imagen de la izquierda se puede observar la representaci&oacute;n simb&oacute;lica del sistema num&eacute;rico egipcio. </span></span></p>

<p><span style="font-size:20px"><span style="font-family:verdana,geneva,sans-serif">Para representar cualquier cantidad diferente de una potencia de diez se sumaba el valor representado por los s&iacute;mbolos sin importar el orden.</span></span></p>
]]></description>
          <images>
            <image path="MA_06_02_CO_REC10_IMG01n.jpg" border="0" pathbig="MA_06_02_CO_REC10_IMG01a.jpg">
              <title><![CDATA[Símbolos del sistema numérico egipcio]]></title>
            </image>
          </images>
        </page>
        <page i="0" visible="true" color="">
          <title>¿Cómo se escribían los números en el sistema egipcio?</title>
          <description><![CDATA[<ul>
	<li><span style="font-size:20px"><span style="font-family:verdana,geneva,sans-serif">De sistema decimal a sistema egipcio:</span></span></li>
</ul>

<p><span style="font-size:20px"><span style="font-family:verdana,geneva,sans-serif">En este caso se toma&nbsp;como referencia el uno (1) y las potencias de diez hasta un mill&oacute;n (1 000 000).&nbsp;Para convertirlos en n&uacute;meros egipcios se descompone la cantidad de acuerdo al valor posicional de cada cifra, por ejemplo:</span></span></p>

<p><span style="font-size:20px"><span style="font-family:verdana,geneva,sans-serif">345 678= 300 000 + 40 000 + 5000 + 600 + 70 + 8</span></span></p>

<p><span style="font-size:20px"><span style="font-family:verdana,geneva,sans-serif">Luego, se utilizan los s&iacute;mbolos correspondientes para representar:</span></span></p>

<ul>
	<li><span style="font-size:20px"><span style="font-family:verdana,geneva,sans-serif">3 veces 100 000 = 300 000</span></span></li>
	<li><span style="font-size:20px"><span style="font-family:verdana,geneva,sans-serif">4 veces 10 000 = 40 000</span></span></li>
	<li><span style="font-size:20px"><span style="font-family:verdana,geneva,sans-serif">5 veces 1 000 = 5000</span></span></li>
	<li><span style="font-size:20px"><span style="font-family:verdana,geneva,sans-serif">6 veces 100 = 600</span></span></li>
	<li><span style="font-size:20px"><span style="font-family:verdana,geneva,sans-serif">7 veces 10 = 70</span></span></li>
	<li><span style="font-size:20px"><span style="font-family:verdana,geneva,sans-serif">8 veces 1 = 8</span></span></li>
</ul>

<p><span style="font-size:20px"><span style="font-family:verdana,geneva,sans-serif">Finalmente, los s&iacute;mbolos se escriben juntos sin importar el orden. Al ampliar la imagen izquierda se puede observar la representaci&oacute;n de 345 678.</span></span></p>

<p>&nbsp;</p>

<ul>
	<li><span style="font-size:20px"><span style="font-family:verdana,geneva,sans-serif">De sistema&nbsp;egipcio a sistema&nbsp;decimal:</span></span></li>
</ul>

<p><span style="font-size:20px"><span style="font-family:verdana,geneva,sans-serif">En este caso, se buscan las equivalencias bas&aacute;ndose en el sistema decimal, una vez que se tienen dichos valores se suman todos para obtener el resultado final.</span></span></p>
]]></description>
          <images>
            <image path="MA_06_02_CO_REC10_IMG02n.jpg" border="0" pathbig="MA_06_02_CO_REC10_IMG02a.jpg">
              <title><![CDATA[Representación de 345 678 en sistema egipcio]]></title>
            </image>
          </images>
        </page>
      </pages>
    </section>
    <section i="0" star="false" hasSubsections="false">
      <menuImage path="MA_06_02_CO_REC10_IMG05a.jpg" border="0">
        <title><![CDATA[Sistema de numeración babilonico ]]></title>
      </menuImage>
      <pages>
        <page i="0" visible="true" color="">
          <title>Sistema de numeración babilónico</title>
          <description><![CDATA[<p><span style="font-size:20px"><span style="font-family:verdana,geneva,sans-serif">El sistema de numeraci&oacute;n Babil&oacute;nica es aditivo para los valores del 1 al 59, y es posicional para los valores mayores o iguales a 60. </span></span></p>

<p><span style="font-size:20px"><span style="font-family:verdana,geneva,sans-serif">Por lo tanto, el sistema de numeraci&oacute;n es sexagesimal o tambi&eacute;n llamado de <strong>base 60</strong>.</span></span></p>

<p>&nbsp;</p>
]]></description>
          <images>
            <image path="MA_06_02_CO_REC10_IMG03n.jpg" border="0" pathbig="MA_06_02_CO_REC10_IMG03a.jpg">
              <title><![CDATA[Representación simbólica de los números babilonicos]]></title>
            </image>
          </images>
        </page>
        <page i="0" visible="true" color="">
          <title>¿Cómo se escribían los números en el sistema babilónico?</title>
          <description><![CDATA[<ul>
	<li><span style="font-size:20px"><span style="font-family:verdana,geneva,sans-serif">Escritura de los n&uacute;meros del 1 al 59</span></span></li>
</ul>

<p><span style="font-size:20px"><span style="font-family:verdana,geneva,sans-serif">Se usa el s&iacute;mbolo clavo para representar la unidad y la espiga para representar el diez. &nbsp;En la imagen de la izquierda se observa&nbsp;como utilizaban&nbsp;estas representaciones para escribir los n&uacute;meros.</span></span></p>

<p><span style="font-size:20px"><span style="font-family:verdana,geneva,sans-serif">Por ejemplo, para representar el n&uacute;mero 37 que se descompone en 30 y 7, dibujaban 3 espigas y 7 clavos, como se muestra en la imagen.</span></span></p>

<p style="text-align:center"><span style="font-size:20px"><span style="font-family:verdana,geneva,sans-serif">37</span></span></p>

<p style="text-align:center"><span style="font-size:20px"><span style="font-family:verdana,geneva,sans-serif">30 (3 espigas) + 7 (7 clavos)</span></span><span style="font-size:20px"><span style="font-family:verdana,geneva,sans-serif">&nbsp;</span></span></p>

<p style="text-align:center">&nbsp;</p>

<ul>
	<li><span style="font-size:20px"><span style="font-family:verdana,geneva,sans-serif">Escritura de los n&uacute;meros iguales o mayores de 60:</span></span></li>
</ul>

<p><span style="font-size:20px"><span style="font-family:verdana,geneva,sans-serif">Para las cantidades iguales o mayores de 60 se agrupaban los s&iacute;mbolos y se multiplicaba por potencias de 60 de izquierda a derecha.&nbsp;Por ejemplo, el n&uacute;mero 135 se representaba de la siguiente manera:</span></span></p>

<p style="text-align:center"><span style="font-size:20px"><span style="font-family:verdana,geneva,sans-serif">135&nbsp;</span></span></p>

<p style="text-align:center"><span style="font-size:20px"><span style="font-family:verdana,geneva,sans-serif">(2 clavos) x 60<sup>1</sup> + (Una espiga y cinco clavos) x 60<sup>0</sup></span></span></p>

<p><span style="font-size:20px"><span style="font-family:verdana,geneva,sans-serif">Que es el equivalente a:</span></span></p>

<p style="text-align:center"><span style="font-size:20px"><span style="font-family:verdana,geneva,sans-serif">135 = 2 x 60<sup>1</sup> + 15 x 60<sup>0</sup></span></span></p>

<p><span style="font-size:20px"><span style="font-family:verdana,geneva,sans-serif">En la imagen se muestra la representaci&oacute;n del n&uacute;mero 135 en el sistema babil&oacute;nico.</span></span></p>
]]></description>
          <images>
            <image path="MA_06_02_CO_REC10_IMG04n.jpg" border="0" pathbig="MA_06_02_CO_REC10_IMG04a.jpg">
              <title><![CDATA[Ejemplos de cantidades en sistema babilonico]]></title>
            </image>
          </images>
        </page>
        <page i="0" visible="true" color="">
          <title>Curiosidades de los sistemas de numeración antiguos</title>
          <description><![CDATA[<p><span style="font-size:20px"><span style="font-family:verdana,geneva,sans-serif">Parece incre&iacute;ble, pero en la actualidad los intereses de la humanidad y algunos artefactos tecnol&oacute;gicos emplean sistemas de numeraci&oacute;n muy antiguos, por ejemplo, artefactos como GPS, las&nbsp;tablets y los smarthphones tienen aplicaciones que usan <em>grados</em> para determinar:</span></span></p>

<ul>
	<li><span style="font-size:20px"><span style="font-family:verdana,geneva,sans-serif">Nuestra posici&oacute;n en cualquier lugar del planeta.</span></span></li>
	<li><span style="font-size:20px"><span style="font-family:verdana,geneva,sans-serif">Ubicaci&oacute;n de planetas y constelaciones.</span></span></li>
	<li><span style="font-size:20px"><span style="font-family:verdana,geneva,sans-serif"><span style="font-size:20px"><span style="font-family:verdana,geneva,sans-serif">La ruta que debemos realizar de un lugar a otro.</span></span></span></span></li>
</ul>

<p><span style="font-size:20px"><span style="font-family:verdana,geneva,sans-serif">Fueron los babil&oacute;nicos quienes desarrollaron un sistema de numeraci&oacute;n en base 60, raz&oacute;n por la cual se llama sexagesimal y es el sistema sexagesimal el empleado para medir &aacute;ngulos.</span></span></p>
]]></description>
          <images>
            <image path="MA_06_02_CO_REC10_IMG05n.jpg" border="0" pathbig="MA_06_02_CO_REC10_IMG05a.jpg">
              <title><![CDATA[Brujula y globo terráqueo]]></title>
            </image>
          </images>
        </page>
      </pages>
    </section>
    <section i="0" star="false" hasSubsections="false">
      <menuImage path="MA_06_02_CO_REC10_IMG06a.jpg" border="0">
        <title><![CDATA[Sistema de numeración romano ]]></title>
      </menuImage>
      <pages>
        <page i="0" visible="true" color="">
          <title>Sistema de numeración Romano</title>
          <description><![CDATA[<p><span style="font-size:20px"><span style="font-family:verdana,geneva,sans-serif">Es un sistema aditivo que utiliza cuatro s&iacute;mbolos principales y tres s&iacute;mbolos secundarios.</span></span></p>

<p><span style="font-size:20px"><span style="font-family:verdana,geneva,sans-serif">Los s&iacute;mbolos principales se pueden repetir hasta tres veces&nbsp;y los tres s&iacute;mbolos secundarios no se pueden repetir. &nbsp;</span></span></p>

<table align="center" border="1" cellpadding="0" cellspacing="0">
	<tbody>
		<tr>
			<td colspan="4" style="height:28px; width:519px">
			<p style="text-align:center"><strong><span style="font-size:20px"><span style="font-family:verdana,geneva,sans-serif">S&iacute;mbolos principales</span></span></strong></p>
			</td>
		</tr>
		<tr>
			<td style="height:30px; width:130px">
			<p style="text-align:center"><span style="font-size:20px"><span style="font-family:verdana,geneva,sans-serif">I&nbsp;= 1</span></span></p>
			</td>
			<td style="height:30px; width:130px">
			<p style="text-align:center"><span style="font-size:20px"><span style="font-family:verdana,geneva,sans-serif">X = 10</span></span></p>
			</td>
			<td style="height:30px; width:130px">
			<p style="text-align:center"><span style="font-size:20px"><span style="font-family:verdana,geneva,sans-serif">C = 100</span></span></p>
			</td>
			<td style="height:30px; width:130px">
			<p style="text-align:center"><span style="font-size:20px"><span style="font-family:verdana,geneva,sans-serif">M = 1 000</span></span></p>
			</td>
		</tr>
	</tbody>
</table>

<div style="clear:both;">&nbsp;</div>

<table align="center" border="1" cellpadding="0" cellspacing="0">
	<tbody>
		<tr>
			<td colspan="3" style="height:31px; width:411px">
			<p style="text-align:center"><strong><span style="font-size:20px"><span style="font-family:verdana,geneva,sans-serif">S&iacute;mbolos secundarios</span></span></strong></p>
			</td>
		</tr>
		<tr>
			<td style="height:34px; width:137px">
			<p style="text-align:center"><span style="font-size:20px"><span style="font-family:verdana,geneva,sans-serif">V = 5</span></span></p>
			</td>
			<td style="height:34px; width:137px">
			<p style="text-align:center"><span style="font-size:20px"><span style="font-family:verdana,geneva,sans-serif">L = 50</span></span></p>
			</td>
			<td style="height:34px; width:137px">
			<p style="text-align:center"><span style="font-size:20px"><span style="font-family:verdana,geneva,sans-serif">D = 500</span></span></p>
			</td>
		</tr>
	</tbody>
</table>

<div style="clear:both;">&nbsp;</div>
]]></description>
          <images>
            <image path="MA_06_02_CO_REC10_IMG06n.jpg" border="0" pathbig="MA_06_02_CO_REC10_IMG06a.jpg">
              <title><![CDATA[Reloj con números romanos]]></title>
            </image>
          </images>
        </page>
        <page i="0" visible="true" color="">
          <title>¿Cómo se escriben los números en el sistema romano?</title>
          <description><![CDATA[<p><span style="font-size:20px">Para escribir los n&uacute;meros en el sistema romano se tienen en cuenta las siguientes reglas.</span></p>

<p><span style="font-size:20px"><strong>Regla 1</strong></span></p>

<p><span style="font-size:20px"><span style="font-family:verdana,geneva,sans-serif">Si el s&iacute;mbolo de menor valor est&aacute; a la derecha del s&iacute;mbolo de mayor valor,&nbsp;entonces se debe sumar a este;&nbsp;&nbsp;si est&aacute; a la izquierda, se debe restar.</span></span></p>

<p><span style="font-size:20px"><span style="font-family:verdana,geneva,sans-serif">Ejemplo:</span></span></p>

<ul>
	<li><span style="font-size:20px">En el&nbsp;n&uacute;mero IV est&aacute;n representados 1(menor) y 5 (mayor), por lo tanto es 5 - 1 = 4.</span></li>
</ul>

<p>&nbsp;</p>

<ul>
	<li><span style="font-size:20px">En el&nbsp;n&uacute;mero LX&nbsp;est&aacute;n representados 50 (mayor) y 10&nbsp;(menor), por lo tanto es&nbsp;</span></li>
</ul>

<p><span style="font-size:20px">​&nbsp;&nbsp; &nbsp; &nbsp;</span><span style="font-size:20px">50 + 10 = 60.</span></p>
]]></description>
          <images>
            <image path="MA_06_02_CO_REC10_IMG07n.jpg" border="0" pathbig="MA_06_02_CO_REC10_IMG07a.jpg">
              <title><![CDATA[Números romanos del 1 al 10]]></title>
            </image>
          </images>
        </page>
        <page i="0" visible="true" color="">
          <title>¿Cómo se escriben los números en el sistema romano?</title>
          <description><![CDATA[<p><strong><span style="font-size:20px"><span style="font-family:verdana,geneva,sans-serif">Regla 2</span></span></strong></p>

<p><span style="font-size:20px"><span style="font-family:verdana,geneva,sans-serif">Los valores que se pueden adicionar o sustraer:</span></span></p>

<p style="margin-left:72pt"><span style="font-size:20px"><span style="font-family:verdana,geneva,sans-serif">a. La letra I&nbsp;solo se resta o adiciona de V y de X.</span></span></p>

<p style="margin-left:72pt"><span style="font-size:20px"><span style="font-family:verdana,geneva,sans-serif">Ejemplo: XII = 12 &nbsp; &nbsp;VIII = 8 &nbsp; &nbsp;IX = 9</span></span></p>

<p style="margin-left:72pt"><span style="font-size:20px"><span style="font-family:verdana,geneva,sans-serif">b. La letra X solo se resta o adiciona de L y de C.</span></span></p>

<p style="margin-left:72pt"><span style="font-size:20px"><span style="font-family:verdana,geneva,sans-serif">Ejemplo: LX = 40 &nbsp; &nbsp;CXX = 120 &nbsp; &nbsp;XC = 90</span></span></p>

<p style="margin-left:72pt"><span style="font-size:20px"><span style="font-family:verdana,geneva,sans-serif">c. La letra C solo se resta o adiciona de D y de M.</span></span></p>

<p style="margin-left:72pt"><span style="font-size:20px"><span style="font-family:verdana,geneva,sans-serif">Ejemplo</span></span></p>

<ul>
	<li style="margin-left: 72pt;"><span style="font-size:20px"><span style="font-family:verdana,geneva,sans-serif">DC = 600</span></span></li>
	<li style="margin-left: 72pt;"><span style="font-size:20px"><span style="font-family:verdana,geneva,sans-serif">MC = 1 100</span></span></li>
	<li style="margin-left: 72pt;"><span style="font-size:20px"><span style="font-family:verdana,geneva,sans-serif">CD = 400</span></span></li>
</ul>

<p style="margin-left:72pt">&nbsp;</p>

<p style="margin-left:72pt">&nbsp;</p>
]]></description>
          <images>
            <image path="MA_06_02_CO_REC10_IMG07n.jpg" border="0" pathbig="MA_06_02_CO_REC10_IMG07a.jpg">
              <title><![CDATA[Números romanos del 1 al 10]]></title>
            </image>
          </images>
        </page>
        <page i="0" visible="true" color="">
          <title>¿Cómo se escriben los números en el sistema romano?</title>
          <description><![CDATA[<p><span style="font-size:20px"><strong>Regla 3</strong></span></p>

<p><span style="font-size:20px">Para escribir cantidades mayores de&nbsp;3 000 (MMM), se agrega un segmento horizontal en la parte superior del n&uacute;meros, lo cual indica que la cantidad se&ntilde;alada se multiplica por mil.&nbsp;<span style="font-family:verdana,sans-serif">Al ampliar la imagen se puede ver la representaci&oacute;n del n&uacute;mero 57 000.</span></span></p>
]]></description>
          <images>
            <image path="MA_06_02_CO_REC10_IMG08n.jpg" border="0" pathbig="MA_06_02_CO_REC10_IMG08a.jpg">
              <title><![CDATA[Representación de 57 000 en sistema romano]]></title>
            </image>
          </images>
        </page>
        <page i="0" visible="true" color="">
          <title>Los números romanos en la actualidad</title>
          <description><![CDATA[<p><span style="font-size:20px"><span style="font-family:verdana,geneva,sans-serif">Debido a la gran influencia del impero romano su sistema de numeraci&oacute;n se extendi&oacute; alrededor del mundo. Actualmente, este sistema&nbsp;es poco utilizado en la cotidianidad, sin embargo se usa&nbsp;en:</span></span></p>

<ul>
	<li><span style="font-size:20px"><span style="font-family:verdana,geneva,sans-serif">La descripci&oacute;n de los siglos.</span></span></li>
	<li><span style="font-size:20px"><span style="font-family:verdana,geneva,sans-serif">Nombres de pont&iacute;fices y reyes.</span></span></li>
	<li><span style="font-size:20px"><span style="font-family:verdana,geneva,sans-serif">Algunos relojes.</span></span></li>
</ul>
]]></description>
          <images>
            <image path="MA_06_02_CO_REC10_IMG07n.jpg" border="0" pathbig="MA_06_02_CO_REC10_IMG07a.jpg">
              <title><![CDATA[Números romanos del 1 al 10]]></title>
            </image>
          </images>
        </page>
      </pages>
    </section>
    <section i="0" star="false" hasSubsections="false">
      <menuImage path="MA_06_02_CO_REC10_IMG09a.jpg" border="0">
        <title><![CDATA[Sistema de numeración maya ]]></title>
      </menuImage>
      <pages>
        <page i="0" visible="true" color="">
          <title>Sistema de numeración Maya</title>
          <description><![CDATA[<p><span style="font-size:20px"><span style="font-family:verdana,geneva,sans-serif">Esta civilizaci&oacute;n utiliz&oacute; el punto y la barra para representar los n&uacute;meros del 1 al 19. El punto representa la unidad y la barra representa 5 unidades. El cero lo representaban con una concha y el veinte con una cocha y un punto en la parte superior. En la imagen de la izquierda se puede observar la representaci&oacute;n de los n&uacute;meros del 1 al 19&nbsp;en sistema num&eacute;rico maya.</span></span></p>

<p><span style="font-size:20px"><span style="font-family:verdana,geneva,sans-serif">Este sistema de numeraci&oacute;n era posicional y la escritura vertical, por niveles y de abajo hacia arriba.</span></span></p>
]]></description>
          <images>
            <image path="MA_06_02_CO_REC10_IMG09n.jpg" border="0" pathbig="MA_06_02_CO_REC10_IMG09a.jpg">
              <title><![CDATA[Sistema de numeración maya del 1 al 19]]></title>
            </image>
          </images>
        </page>
        <page i="0" visible="true" color="">
          <title>¿Cómo se escribían los números cuando eran mayores de 19?</title>
          <description><![CDATA[<p><span style="font-size:20px"><span style="font-family:verdana,geneva,sans-serif">El sistema de numeraci&oacute;n maya se descompone por niveles de abajo hacia arriba. En el primer nivel van representados los n&uacute;meros del 1 al 19 multiplicado por 1, en el segundo nivel se multiplica por 20, en el tercer nivel se multiplica por 20<sup>2</sup>, el cuarto nivel por 20<sup>3 </sup>y as&iacute; sucesivamente.</span></span></p>

<p><span style="font-size:20px"><span style="font-family:verdana,geneva,sans-serif">Al ampliar la imagen podr&aacute;s observar cuatro ejemplos de representaci&oacute;n num&eacute;rica maya mayores de 19.&nbsp;</span></span></p>
]]></description>
          <images>
            <image path="MA_06_02_CO_REC10_IMG10n.jpg" border="0" pathbig="MA_06_02_CO_REC10_IMG10a.jpg">
              <title><![CDATA[Ejemplos cantidades mayores de 19 en sistema maya]]></title>
            </image>
          </images>
        </page>
      </pages>
    </section>
  </sections>
  <practica actividad="" boton="Practica" boton2="">
    <pantalla1><![CDATA[<p style="text-align:center"><span style="font-size:20px"><span style="font-family:verdana,geneva,sans-serif"><strong>Un Viaje a Trav&eacute;s&nbsp;de la Historia</strong>&nbsp;</span></span></p>

<p style="text-align:justify"><span style="font-size:20px"><span style="font-family:verdana,geneva,sans-serif">Reescribe el siguiente texto en el cuaderno de tal manera que los n&uacute;meros romanos queden escritos en egipcio.</span></span></p>

<p style="text-align:justify"><span style="font-size:20px"><span style="font-family:verdana,geneva,sans-serif">&quot;En febrero de 1328 muri&oacute; Carlos IV de Francia. Eduardo III ten&iacute;a derechos por ser sobrino de Carlos, pero los nobles franceses prefirieron a Felipe de Valois, quien rein&oacute; con el nombre de Felipe VI.</span></span></p>

<p style="text-align:justify"><span style="font-size:20px"><span style="font-family:verdana,geneva,sans-serif">Entre 1331-1334, en el marco de la guerra civil escocesa, Eduardo III apoy&oacute; a Eduardo Balliol, coronado en 1334. David II, rival de Balliol, busc&oacute; refugio en Francia y rindi&oacute; homenaje a Felipe VI.</span></span></p>

<p style="text-align:justify"><span style="font-size:20px"><span style="font-family:verdana,geneva,sans-serif">En 1337, Felipe VI confisc&oacute; el ducado de Aquitania. Esto acab&oacute; por desencadenar la guerra abierta entre Inglaterra y Francia que se llamar&iacute;a <em>Guerra de los cien a&ntilde;os</em>. Las primeras victorias fueron para los ingleses, superiores militarmente: En 1340, en la batalla naval de Sluys. En el siglo XIV en Cr&eacute;cy y en el siglo XV en Calais. Esta ciudad permanecer&aacute; en poder de los ingleses hasta el siglo XVI.&quot;</span></span></p>

<p style="text-align: right;"><span style="font-size:20px"><span style="font-family:verdana,geneva,sans-serif">Tomado de: <em>Guerra de los Cien A&ntilde;os</em></span></span></p>

<p style="text-align:justify">&nbsp;</p>

<p style="text-align:justify">&nbsp;</p>
]]></pantalla1>
  </practica>
</engine>