﻿<?xml version="1.0" encoding="UTF-8"?>
<?xml-stylesheet href="cuadernoestudio/dtd/libro.xslt" type="text/xsl"?>
<!--Arbortext, Inc., 1988-2015, v.4002-->
<!DOCTYPE libro SYSTEM "cuadernoestudio/dtd/libro.dtd">
<libro id="MA_09_11_CO">
<libroTitulo>Cuerpos geométricos</libroTitulo>
<seccion1 id="S1_MA_09_11_CO_CCE642DC17C04DC3A0BF0C8E96E91623">
<seccion1Titulo>Los cuerpos redondos</seccion1Titulo>
<seccion1Texto>
<p><negrita>El cilindro</negrita> es un cuerpo geométrico delimitado
por dos bases circulares paralelas que son congruentes entre sí y
una superficie curva cerrada; se forma por el giro de un rectángulo
alrededor de uno de sus lados, tomado como eje de giro. Los elementos
del cilindro son:</p>
<seccion2 id="S2_MA_09_11_CO_6F4BC2B8B526424292461424EAF7FA80">
<seccion2Titulo>El cilindro </seccion2Titulo>
<seccion2Texto>
<p>El <negrita>cilindro</negrita> es un cuerpo geométrico delimitado
por dos bases circulares que son congruentes y una superficie curva
continua cerrada; se genera al girar un rectángulo en torno a cualquiera
de sus lados. Los elementos que hacen parte del cilindro son: </p>
<listaSinNumerar>
<listaElemento><negrita>El eje</negrita>: es la recta que pasa por
los centros de las dos circunferencias que son caras del cilindro;
también se define como el lado en torno al cual gira el rectángulo
para producir el cilindro.</listaElemento>
<listaElemento><negrita>Las bases</negrita>: las caras circulares
y paralelas entre sí que son perpendiculares al eje.</listaElemento>
<listaElemento><negrita>La generatriz</negrita>: es el lado del rectángulo
opuesto al eje que genera al cilindro. Es igual a la altura.</listaElemento>
<listaElemento><negrita>La altura</negrita>: es la distancia que hay
entre las dos bases.</listaElemento>
<listaElemento><negrita>La cara lateral:</negrita>: es la superficie
curva que se genera al girar la generatriz.</listaElemento>
<listaElemento><negrita>El radio</negrita>: es el segmento que une
el centro de la base (círculo) con cualquier punto que esté sobre
la circunferencia de la base.  </listaElemento>
</listaSinNumerar>
<p>La siguiente imagen presenta de forma gráfica los elementos del
cilindro.</p>
<imagen src="MA_09_11_CO_IMG01_small.jpg">
<p>Al rotar un rectángulo en torno a uno de sus lados se genera un
cilindro. El lado paralelo al eje de giro se llama <negrita>generatriz</negrita
>.</p>
</imagen>
<p>Existen algunas medidas que son fundamentales en la resolución
de problemas que involucran al cilindro; estas medidas son el área
lateral, el área total y el volumen del cilindro.</p>
<imagen src="MA_09_11_CO_IMG02_small.jpg">
<p>En la imagen se muestra que el cilindro está formado por los dos
círculos de sus bases y un rectángulo que es la superficie lateral
del cilindro.</p>
</imagen>
<p><negrita>El área lateral de un cilindro</negrita>: corresponde
al área de la superficie lateral, es decir, el área del rectángulo
cuyas dimensiones son el perímetro de la circunferencia de la base
del cilindro y su altura. El área lateral se calcula mediante la fórmula:</p>
<formula alineacion="centrada" src="MA_09_11_01.gif"></formula>
<p>donde <cursiva>A<subindice>L</subindice> </cursiva>es el área lateral, <cursiva
>r</cursiva> es el radio de la base y <cursiva>h</cursiva> es la altura
del cilindro. </p>
<p><negrita>El área total del cilindro</negrita>: se obtiene al adicionar
el área de las dos bases y el área lateral; se calcula mediante la
fórmula:</p>
<formula alineacion="centrada" src="MA_09_11_02.gif"></formula>
<p>donde <cursiva>A<subindice>T</subindice></cursiva> es el área total, <cursiva
>r</cursiva> es el radio de una de sus bases y <cursiva>h</cursiva
> la altura del cilindro. </p>
<p>La fórmula del área total se deduce adicionando cada una de las
áreas que forma la superficie, así:</p>
<formula alineacion="centrada" src="MA_09_11_25.gif"></formula>
<p>Al aplicar factor común se obtiene la fórmula:</p>
<formula alineacion="centrada" src="MA_09_11_02.gif"></formula>
<destacado><destacadoTitulo>El volumen del cilindro </destacadoTitulo>
<destacadoTexto>
<p>El volumen es la magnitud que representa el espacio que ocupa un
cuerpo geométrico; en el caso específico del cilindro se calcula multiplicando
el área de la base por la altura, de donde se deduce la fórmula:</p>
<formula alineacion="centrada" src="MA_09_11_03.gif"></formula>
<p>donde <cursiva>V</cursiva> es el volumen del cilindro, <cursiva
>r</cursiva> el radio de la base y <cursiva>h</cursiva> la altura
del cilindro.</p>
</destacadoTexto></destacado><practica>
<enlace
destino="/LoIdRedirect.aspx?LoId=MA_09_11_CO_Recurso020&amp;IdRecurso=RES-734C5B9A01434D309CEB0DF0141C3F21"
>Calcula área y volumen del cilindro</enlace>
</practica></seccion2Texto></seccion2><seccion2
id="S2_MA_09_11_CO_6F4BC2B8B526424292461424EAF73300">
<seccion2Titulo>El cono </seccion2Titulo>
<seccion2Texto>
<p>El <negrita>cono</negrita> es un cuerpo geométrico limitado por
una base circular, un punto fuera del círculo que se denomina vértice
y una superficie que es curva, continua y cerrada que une la circunferencia
de la base con el vértice.  </p>
<p><negrita>El cono recto</negrita> es una clase de cono que se genera
al rotar sobre uno de sus catetos, un triángulo rectángulo; cuando
el eje del cono no es perpendicular a la base el cono se denomina <negrita
>cono oblicuo</negrita>.</p>
<imagen src="MA_09_11_CO_IMG03_small.jpg">
<p>En la figura, el cono de la izquierda es recto y el cono de la
derecha es oblicuo.</p>
</imagen>
<p>Los elementos que hacen parte del cono son:</p>
<listaSinNumerar>
<listaElemento><negrita>La base</negrita>: es el círculo que se encuentra
en uno de los extremos del cono.</listaElemento>
<listaElemento><negrita>El vértice</negrita>: es el punto fijo que
se halla en el lado opuesto de la base.</listaElemento>
<listaElemento><negrita>El eje</negrita>: es la recta que pasa por
el centro de la base circular y por el vértice del cono.</listaElemento>
<listaElemento><negrita>La generatriz</negrita>: es el segmento cuyos
extremos son el vértice del cono y uno de los puntos de la circunferencia
de la base.</listaElemento>
<listaElemento><negrita>La altura</negrita>: es la distancia del vértice
a la base.</listaElemento>
<listaElemento><negrita>El radio</negrita>: es el segmento que une
al centro del círculo de la base con cualquier punto sobre su circunferencia.</listaElemento>
<listaElemento><negrita>La superficie lateral</negrita>: es la superficie
curva que se genera al girar la generatriz.</listaElemento>
</listaSinNumerar>
<imagen src="MA_09_11_CO_IMG04_small.jpg">
<p>La imagen presenta la generación de un cono recto a partir de la
rotación de un triángulo rectángulo; además, se muestran los elementos
que se relacionan con el cono.</p>
</imagen>
<p>Existen ciertos procedimientos para determinar algunas de las medidas
del cono; estas fórmulas se aplican específicamente en un cono recto,
puesto que la longitud de la generatriz no varía; estas medidas son
la longitud de la generatriz, el área lateral y el área total del
cono. La fórmula del volumen del cono se puede utilizar en cualquier
tipo de cono.</p>
<imagen src="MA_09_11_CO_IMG05_small.jpg">
<p>En la figura se muestra la superficie lateral del cono.</p>
</imagen>
<p><negrita>La generatriz de un cono recto</negrita>: se calcula por
medio de la aplicación el teorema de Pitágoras mediante la fórmula: </p>
<formula alineacion="centrada" src="MA_09_11_27.gif"></formula>
<p>donde <cursiva>g</cursiva> es la generatriz del cono, <cursiva
>h</cursiva> la altura y <cursiva>r</cursiva> el radio de la base.</p>
<p><negrita>El área lateral del cono</negrita>: es el área de su superficie
lateral y se calcula a través de la fórmula: </p>
<formula alineacion="centrada" src="MA_09_11_05.gif"></formula>
<p>donde <cursiva>A<subindice>L</subindice></cursiva> es la área lateral, <cursiva
>g</cursiva> es la longitud de la generatriz del cono y <cursiva>r</cursiva
> el radio de la base. </p>
<p><negrita>El área total del cono</negrita>: resulta de la adición
del área de la base y el área lateral; se calcula mediante la fórmula:</p>
<formula alineacion="centrada" src="MA_09_11_06.gif"></formula>
<p>donde <cursiva>A<subindice>T</subindice></cursiva> es el área total, <cursiva
>g</cursiva> es la generatriz y <cursiva>r</cursiva> el radio de la
base. Esta fórmula se deduce así:</p>
<formula alineacion="centrada" src="MA_09_11_26.gif"></formula>
<p>Las fórmulas anteriores solo se pueden aplicar cuando el cono es
recto.</p>
<destacado><destacadoTitulo>El volumen del cono </destacadoTitulo>
<destacadoTexto>
<p>El volumen de cualquier cono equivale a la tercera parte del volumen
de un cilindro que tiene la misma base y la misma altura; se puede
calcular mediante la fórmula: </p>
<formula alineacion="centrada" src="MA_09_11_07.gif"></formula>
<p>donde <cursiva>V</cursiva> es el volumen del cono, <cursiva>h</cursiva
> es su altura y <cursiva>r</cursiva> el radio de su base.</p>
</destacadoTexto></destacado><practica>
<enlace
destino="/LoIdRedirect.aspx?LoId=MA_09_11_CO_Recurso030&amp;IdRecurso=RES-DF464D4FBCE74C278C5E6DB7FF7EE3A1"
>Determina área y volumen del cono</enlace>
</practica></seccion2Texto></seccion2><seccion2
id="S2_MA_09_11_CO_6F4BC2B8B526424292461424EAF74411">
<seccion2Titulo>La esfera </seccion2Titulo>
<seccion2Texto>
<p><negrita>La esfera </negrita>es un cuerpo geométrico limitado por
una superficie curva, en la cual todos los puntos que la componen
están a la misma distancia de un mismo punto denominado centro. La
esfera se puede generar haciendo girar una circunferencia sobre uno
de sus diámetros. Los elementos que hacen parte de la esfera son: </p>
<listaSinNumerar>
<listaElemento><negrita>El radio</negrita>: es el segmento que une
al centro de la esfera con cualquier punto de su superficie.  </listaElemento>
<listaElemento><negrita>El diámetro</negrita>: es el segmento que
une dos puntos de la esfera y que pasa por el centro de la esfera. </listaElemento>
<listaElemento><negrita>La circunferencia máxima</negrita>: es la
intersección de la superficie de la esfera con un plano que pasa por
el centro de la circunferencia. </listaElemento>
<listaElemento><negrita>El círculo máximo</negrita>: es el círculo
que determina la circunferencia máxima. </listaElemento>
<listaElemento><negrita>Los polos</negrita>: son los puntos del diámetro
que están sobre la superficie esférica.</listaElemento>
</listaSinNumerar>
<imagen src="MA_09_11_CO_IMG06_small.jpg">
<p>Una esfera se genera al rotar una semicircunferencia alrededor
de uno de sus diámetros.</p>
</imagen>
<p>El área de la superficie de la esfera es 4 veces el área de su
circunferencia máxima y su fórmula es: </p>
<p centrado="si"><cursiva>A<subindice>T</subindice></cursiva> = 4π<cursiva
>r</cursiva><superindice>2</superindice> </p>
<p>donde <cursiva>A<subindice>T</subindice></cursiva> es el área total
de la superficie de la esfera y <cursiva>r</cursiva> es su radio.</p>
<destacado><destacadoTitulo>El volumen de la esfera </destacadoTitulo>
<destacadoTexto>
<p>El volumen de una esfera se calcula mediante la fórmula: </p>
<formula alineacion="centrada" src="MA_09_11_28.gif"></formula>
<p>donde <cursiva>V</cursiva> es el volumen y <cursiva>r</cursiva
> es el radio de la esfera.</p>
</destacadoTexto></destacado><practica>
<enlace
destino="/LoIdRedirect.aspx?LoId=MA_09_11_CO_Recurso040&amp;IdRecurso=RES-8E51E83A546A495A92EB3FE2D20794F0"
>Encuentra el área y el volumen de una esfera</enlace>
<enlace
destino="/LoIdRedirect.aspx?LoId=MA_09_11_CO_Recurso050&amp;IdRecurso=RES-0547E5812B0048F7A6870F171B051347"
>Halla el área y el volumen de sólidos de revolución</enlace>
</practica></seccion2Texto></seccion2><seccion2
id="S2_MA_09_11_CO_6F4BC2B8B526424292461424EAF75522">
<seccion2Titulo>Consolidación</seccion2Titulo>
<seccion2Texto>
<p>Actividades para consolidar lo que has aprendido en esta sección. </p>
<practica>
<enlace
destino="/LoIdRedirect.aspx?LoId=MA_09_11_CO_Recurso060&amp;IdRecurso=RES-F1CDBE26F8E64FC28DA7012733F73EB9"
>Refuerza tu aprendizaje: Los cuerpos redondos</enlace>
</practica></seccion2Texto></seccion2></seccion1Texto></seccion1>
<seccion1 id="S1_MA_09_11_CO_BCAAE6AF59B742E3BA837A846AB20C98">
<seccion1Titulo>Los poliedros</seccion1Titulo>
<seccion1Texto>
<p>Los <negrita>poliedros</negrita> son aquellos cuerpos geométricos
en los cuales todas sus caras se caracterizan por ser polígonos; sus
elementos son:  </p>
<listaSinNumerar>
<listaElemento><negrita>Las caras</negrita>: son los polígonos que
limitan al poliedro. </listaElemento>
<listaElemento><negrita>Las aristas</negrita>: son los segmentos que
intersecan las caras del poliedro. </listaElemento>
<listaElemento><negrita>Los vértices</negrita>: son los puntos donde
se intersecan las aristas del poliedro.</listaElemento>
</listaSinNumerar>
<imagen src="MA_09_11_CO_IMG08_small.jpg">
<p>El cubo es un poliedro; en la imagen se presentan los elementos
del poliedro. </p>
</imagen>
<p>Los poliedros se clasifican en poliedros regulares e irregulares,
como se observa a continuación:</p>
<listaSinNumerar>
<listaElemento><negrita>Los poliedros regulares</negrita>: son aquellos
poliedros donde todas sus caras corresponden al mismo polígono regular;
dichos polígonos deben ser congruentes. Solo existen cinco poliedros
regulares que se denominan poliedros platónicos.</listaElemento>
</listaSinNumerar>
<imagen src="MA_09_11_CO_IMG09_small.jpg">
<p> La imagen presenta los poliedros regulares ordenados según el
número de lados; estos poliedros son el tetraedro, hexaedro, octaedro,
dodecaedro e icosaedro.</p>
</imagen>
<listaSinNumerar>
<listaElemento><negrita>Los poliedros irregulares</negrita>: son aquellos
poliedros en los que por lo menos una de sus caras no es congruente
con las demás.</listaElemento>
</listaSinNumerar>
<imagen src="MA_09_11_CO_IMG10_small.jpg">
<p>La pirámide cuadrangular es un poliedro irregular cuyas caras son
cuatro triángulos y un cuadrilátero. </p>
</imagen>
<profundiza>
<enlace
destino="/LoIdRedirect.aspx?LoId=MA_09_11_CO_Recurso070&amp;IdRecurso=RES-56AB14353D654A958045E09D14530519"
>Los poliedros</enlace>
</profundiza><seccion2
id="S2_MA_09_11_CO_BCAAE6AF59B742E3BA837A846AB29988">
<seccion2Titulo>El prisma</seccion2Titulo>
<seccion2Texto>
<p>El <negrita>prisma</negrita> es un poliedro que tiene dos polígonos
congruentes opuestos que forman las dos bases del mismo, las caras
laterales son paralelogramos congruentes entre sí. Los elementos del
prisma son:</p>
<listaSinNumerar>
<listaElemento><negrita>Las bases</negrita>: son las caras paralelas
y congruentes entre sí. </listaElemento>
<listaElemento><negrita>La altura</negrita>: es la distancia entre
las dos bases.  </listaElemento>
<listaElemento><negrita>Las caras laterales</negrita>: son las caras
en forma de paralelogramo que se encuentran entre las dos bases. </listaElemento>
<listaElemento><negrita>Aristas laterales</negrita>: son los segmentos
donde se unen las caras laterales. </listaElemento>
</listaSinNumerar>
<p><negrita>Los prismas se clasifican según la forma de sus bases</negrita
> en prismas triangulares, cuadrangulares, rectangulares, pentagonales,
hexagonales, heptagonales, entre otros.    </p>
<p>Otra clasificación de los prismas se realiza mediante el ángulo
de inclinación de sus caras laterales respecto a las bases.</p>
<imagen ampliable="no" src="MA_09_11_CO_IMG11_small.jpg">
<p>En un <negrita>prisma recto</negrita> sus caras laterales son perpendiculares
a sus bases. Cuando las caras laterales no son perpendiculares a las
bases, el prisma se denomina <negrita>prisma oblicuo</negrita>.</p>
</imagen>
<p>Algunas clases especiales de prismas son: </p>
<p><negrita>El cubo</negrita>: es el único prisma regular. </p>
<p><negrita>El paralelepípedo</negrita>: sus bases son paralelogramos;
el prisma rectangular es un tipo especial de paralelepípedo en el
que sus aristas forman ángulos de 90°.</p>
<destacado><destacadoTitulo>El área lateral y el volumen de un prisma </destacadoTitulo>
<destacadoTexto>
<p><negrita>El área lateral</negrita> se obtiene de la adición de
las áreas de los paralelogramos que corresponden a las caras laterales.
En los prismas rectos se calcula mediante la fórmula: </p>
<p centrado="si"><cursiva>A<subindice>L</subindice></cursiva> = <cursiva
>P<subindice>B</subindice>h</cursiva> </p>
<p>donde <cursiva>A<subindice>L</subindice></cursiva> es el área lateral
del prisma, <cursiva>P<subindice>B</subindice></cursiva> es el perímetro
de la base y <cursiva>h</cursiva> es la altura del prisma.  </p>
<p><negrita>El área total</negrita> es la adición del área de las
bases y del área lateral del prisma, y se calcula mediante la fórmula:
  </p>
<p centrado="si"><cursiva>A<subindice>T</subindice></cursiva> = <cursiva
>A<subindice>L</subindice></cursiva> + 2<cursiva>A<subindice>B</subindice
></cursiva> </p>
<p>donde <cursiva>A<subindice>T</subindice></cursiva> es el área total
del prisma y <cursiva>A<subindice>B</subindice></cursiva> es el área
de las bases. </p>
</destacadoTexto></destacado>
<p>Es importante resaltar que la expresión para calcular el área de
la base varía de acuerdo con la forma de la base del prisma.</p>
<destacado><destacadoTitulo>El volumen de un prisma</destacadoTitulo>
<destacadoTexto>
<p>Para determinar el volumen de un prisma se multiplica el área de
la base por la altura del prisma, así: </p>
<p centrado="si"><cursiva>V</cursiva> = <cursiva>A<subindice>B</subindice
></cursiva> · <cursiva>h</cursiva> </p>
<p>donde <cursiva>V</cursiva> es el volumen del prisma, <cursiva>A<subindice
>B</subindice></cursiva> es el área de la base y <cursiva>h</cursiva
> es la altura del prisma. </p>
</destacadoTexto></destacado></seccion2Texto></seccion2><seccion2
id="S2_MA_09_11_CO_BCAAE6AF59B742E3BA837A846AB20099">
<seccion2Titulo>La pirámide</seccion2Titulo>
<seccion2Texto>
<p>Las <negrita>pirámides</negrita> son poliedros limitados por un
polígono que se denomina base; las demás caras se llaman caras laterales
y son triángulos que tienen un vértice en común. Algunos elementos
de la pirámide son los siguientes:</p>
<listaSinNumerar>
<listaElemento><negrita>El vértice o ápice</negrita>: es el punto
exterior a la base donde se unen todas las caras laterales.</listaElemento>
<listaElemento><negrita>La altura</negrita>: es el segmento perpendicular
a la base que une la base de la pirámide con el ápice.</listaElemento>
<listaElemento><negrita>La base</negrita>: es el polígono opuesto
al vértice de la pirámide.</listaElemento>
<listaElemento><negrita>Las aristas de la base</negrita>: son los
segmentos que forman el polígono de la base.</listaElemento>
<listaElemento><negrita>Las aristas laterales</negrita>: son los segmentos
que forman las caras laterales de la pirámide.</listaElemento>
</listaSinNumerar>
<p><negrita>Las pirámides se clasifican según la forma de su base</negrita
> en pirámide triangular, cuadrada, pentagonal, hexagonal, entre otras;
también se clasifican en pirámides rectas u oblicuas, así:</p>
<imagen src="MA_09_11_CO_IMG13_small.jpg">
<p>Las caras laterales de una <negrita>pirámide recta</negrita> son
triángulos isósceles; si alguna de las caras de la pirámide es un
triángulo escaleno, la pirámide se clasifica como <negrita>oblicua</negrita
>.</p>
</imagen>
<destacado><destacadoTitulo>El área lateral y el área total de la
pirámide  </destacadoTitulo><destacadoTexto>
<p><negrita>El área lateral</negrita> es la adición de las áreas de
las caras laterales de la pirámide. El área lateral de una pirámide
de base regular recta se calcula por medio de la fórmula:  </p>
<p centrado="si"><cursiva>A<subindice>L</subindice></cursiva> = <cursiva
>nA</cursiva> </p>
<p>donde <cursiva>n</cursiva> es el número de lados de la base y <cursiva
>A</cursiva> es el área de cada una de las caras laterales.  </p>
<p><negrita>El área total</negrita> de la pirámide es la adición del
área lateral de la pirámide con el área de la base. De esta forma: </p>
<p centrado="si"><cursiva>A<subindice>T</subindice></cursiva> = <cursiva
>A<subindice>B</subindice></cursiva> + <cursiva>A<subindice>L</subindice
></cursiva> </p>
<p>donde <cursiva>A<subindice>T</subindice></cursiva> es el área total, <cursiva
>A<subindice>B</subindice></cursiva> es el área de la base y <cursiva
>A<subindice>L</subindice></cursiva> es el área lateral de la pirámide.</p>
</destacadoTexto></destacado>
<p>Una pirámide también se clasifica en cóncava o convexa según sea
la clasificación del polígono de su base, de esta manera, si la base
es un polígono convexo, la pirámide es <negrita>convexa</negrita> y
si el polígono de la base es cóncavo, la pirámide es <negrita>cóncava</negrita
>.</p>
<destacado><destacadoTitulo>El volumen de la pirámide  </destacadoTitulo>
<destacadoTexto>
<p><negrita>El volumen de una pirámide</negrita> es la tercera parte
del volumen de un prisma con la misma base y la misma altura; a partir
de esta afirmación se obtiene la fórmula:</p>
<formula alineacion="centrada" src="MA_09_11_17.gif"></formula>
</destacadoTexto></destacado><practica>
<enlace
destino="/LoIdRedirect.aspx?LoId=MA_09_11_CO_Recurso080&amp;IdRecurso=RES-FE151D67C61948A28D47CC55790B7AA6"
>Calcula área y volumen de poliedros</enlace>
</practica></seccion2Texto></seccion2><seccion2
id="S2_MA_09_11_CO_BCAAE6AF59B742E3BA837A846AB21100">
<seccion2Titulo>Consolidación</seccion2Titulo>
<seccion2Texto>
<p>Actividades para consolidar lo que has aprendido en esta sección. </p>
<practica>
<enlace
destino="/LoIdRedirect.aspx?LoId=MA_09_11_CO_Recurso090&amp;IdRecurso=RES-58982601618E41558087B12B5D6F0133"
>Refuerza tu aprendizaje: Los poliedros</enlace>
</practica></seccion2Texto></seccion2></seccion1Texto></seccion1>
<seccion1 id="S1_MA_09_11_CO_7EC5A1F6A3EF43EE8FE6FC21DC75E26A">
<seccion1Titulo>Otros cuerpos geométricos</seccion1Titulo>
<seccion1Texto>
<p>Los <negrita>otros cuerpos geométricos </negrita>son aquellos que
se generan al cortar cuerpos redondos o poliedros con un plano; dicho
plano de corte deberá cumplir ciertas condiciones según el cuerpo
geométrico que se quiera generar, como por ejemplo el tronco de cono
o el tronco de pirámide. </p>
<seccion2 id="S2_MA_09_11_CO_7EC5A1F6A3EF43EE8FE6FC21DC752266">
<seccion2Titulo>El tronco de cono</seccion2Titulo>
<seccion2Texto>
<p>El <negrita>tronco de cono</negrita> es un cuerpo geométrico que
resulta de realizar un corte a un cono con un plano paralelo a la
base; el cuerpo limitado por la base del cono y el plano paralelo
a esta se denomina tronco de cono.   </p>
<p>El tronco de cono se clasifica en tronco de cono recto y tronco
de cono oblicuo. El tronco de cono recto es aquel que se puede generar
rotando un trapecio rectangular utilizando como eje de rotación el
diámetro del cono que es perpendicular a las bases del trapecio; en
otro caso, el tronco del cono es oblicuo.  </p>
<p>Debido a que el tronco forma parte de un cono, casi todos sus elementos
coinciden, excepto que el tronco de cono no tiene vértice, sino que
posee una base mayor y una base menor; asimismo, el radio de la base
mayor se representa como <cursiva>R</cursiva> y el de la base menor
como <cursiva>r</cursiva>. </p>
<imagen src="MA_09_11_CO_IMG15_small.jpg">
<p>La figura presenta un tronco de cono recto y sus elementos.</p>
</imagen>
<p>Para calcular <negrita>el área lateral del tronco de cono</negrita
> se utiliza la expresión:  </p>
<p centrado="si"><cursiva>A<subindice>L</subindice></cursiva> = π·<cursiva
>g</cursiva>(<cursiva>R</cursiva> + <cursiva>r</cursiva>)  </p>
<p>donde <cursiva>A<subindice>L</subindice></cursiva> es el área lateral, <cursiva
>g</cursiva> es la generatriz, <cursiva>R</cursiva> es el radio de
la base mayor y <cursiva>r</cursiva> el radio de la base menor del
tronco de cono.  </p>
<p><negrita>El área total del tronco de cono</negrita> se calcula
a través de la fórmula:  </p>
<p centrado="si"><cursiva>A<subindice>T</subindice></cursiva> = π·[<cursiva
>g</cursiva>(<cursiva>R</cursiva> + <cursiva>r</cursiva>) + <cursiva
>R</cursiva><superindice>2</superindice> + <cursiva>r</cursiva><superindice
>2</superindice>] </p>
<p>donde <cursiva>A<subindice>T</subindice></cursiva> es el área total,
g es la longitud de la generatriz, <cursiva>R</cursiva> es el radio
de la base mayor y <cursiva>r</cursiva> es el radio de la base menor.</p>
<destacado><destacadoTitulo>El volumen del tronco de cono  </destacadoTitulo>
<destacadoTexto>
<p><negrita>El volumen de un tronco de cono</negrita> se calcula mediante
la fórmula: </p>
<formula alineacion="centrada" src="MA_09_11_29.gif"></formula>
<p>donde <cursiva>V</cursiva> es el volumen del tronco de cono, <cursiva
>g</cursiva> la medida de su generatriz, <cursiva>R</cursiva> y <cursiva
>r</cursiva> los radios de las bases mayor y menor, respectivamente.</p>
</destacadoTexto></destacado></seccion2Texto></seccion2><seccion2
id="S2_MA_09_11_CO_7EC5A1F6A3EF43EE8FE6FC21DC753377">
<seccion2Titulo>El tronco de pirámide</seccion2Titulo>
<seccion2Texto>
<p>El <negrita>tronco de pirámide </negrita>es la sección de la pirámide
limitada por la base de la pirámide y un plano paralelo a esta. </p>
<p>Los elementos que hacen parte de la pirámide son:</p>
<listaSinNumerar>
<listaElemento><negrita>La base menor</negrita>: es el polígono que
se genera al realizar el corte con el plano.</listaElemento>
<listaElemento><negrita>La base mayor</negrita>: es la base de la
pirámide original.</listaElemento>
<listaElemento><negrita>La apotema lateral</negrita>: es la altura
de las caras laterales del tronco de pirámide.</listaElemento>
<listaElemento><negrita>La altura</negrita>: es la distancia entre
las dos bases del troco de pirámide.</listaElemento>
<listaElemento><negrita>Las caras laterales</negrita>: son los trapecios
comprendidos entre la base mayor y la base menor del tronco de pirámide.</listaElemento>
</listaSinNumerar>
<imagen src="MA_09_11_CO_IMG16_small.jpg">
<p>La imagen presenta un tronco de pirámide pentagonal recta y algunos
de sus elementos.</p>
</imagen>
<p><negrita>El área lateral del tronco de pirámide</negrita> se calcula
con la fórmula:</p>
<formula alineacion="centrada" src="MA_09_11_22.gif"></formula>
<p>donde <cursiva>A<subindice>L</subindice></cursiva> es el área lateral
del tronco de cono, <cursiva>P<subindice>M</subindice></cursiva> es
el perímetro de la base mayor, <cursiva>P<subindice>m</subindice></cursiva
> es el perímetro de la base menor y <cursiva>a</cursiva> es la apotema
del tronco de la pirámide.</p>
<p><negrita>El área total del tronco de pirámide</negrita> es la adición
del área lateral con las áreas de las bases mayor y menor, por lo
tanto, se calcula mediante la expresión:</p>
<formula alineacion="centrada" src="MA_09_11_23.gif"></formula>
<p>donde <cursiva>A<subindice>T</subindice></cursiva> es el área total
del tronco de pirámide, <cursiva>P<subindice>M</subindice></cursiva
> es el perímetro de la base mayor, <cursiva>P<subindice>m</subindice
></cursiva> es el perímetro de la base menor, <cursiva>a</cursiva
> es la apotema, <cursiva>A<subindice>M</subindice></cursiva> es el
área de la base mayor y <cursiva>A<subindice>m</subindice></cursiva
> es el área de la base menor del tronco de pirámide.</p>
<destacado><destacadoTitulo>El volumen del tronco de pirámide   </destacadoTitulo>
<destacadoTexto>
<p>El volumen del tronco de pirámide es la medida del espacio que
ocupa este cuerpo y se calcula con la expresión: </p>
<formula alineacion="centrada" src="MA_09_11_24.gif"></formula>
</destacadoTexto></destacado><practica>
<enlace
destino="/LoIdRedirect.aspx?LoId=MA_09_11_CO_Recurso110&amp;IdRecurso=RES-472708D18D424DB2B21DA0D1748EA4EA"
>Calcula área y volumen de otros cuerpos geométricos</enlace>
<enlace
destino="/LoIdRedirect.aspx?LoId=MA_09_11_CO_Recurso120&amp;IdRecurso=RES-993878C12A6E4AC0A5ADB955DE9BDFC5"
>Relaciona cada sólido con su área y su volumen</enlace>
</practica></seccion2Texto></seccion2><seccion2
id="S2_MA_09_11_CO_7EC5A1F6A3EF43EE8FE6FC21DC754488">
<seccion2Titulo>Consolidación</seccion2Titulo>
<seccion2Texto>
<p>Actividades para consolidar lo que has aprendido en esta sección. </p>
<practica>
<enlace
destino="/LoIdRedirect.aspx?LoId=MA_09_11_CO_Recurso130&amp;IdRecurso=RES-ED0B3D6CFC4B4B66B79D4A2B37899B40"
>Refuerza tu aprendizaje: Otros cuerpos geométricos</enlace>
</practica></seccion2Texto></seccion2></seccion1Texto></seccion1>
<seccion1 id="S1_MA_09_11_CO_ED13A5D9D83E4DC08AF524BE3C06F5C7">
<seccion1Titulo>La cartografía</seccion1Titulo>
<seccion1Texto>
<p>La <negrita>cartografía</negrita> es la ciencia encargada del estudio
y el trazado de los mapas que representan a la Tierra o parte de ella;
para hacerlo utiliza diferentes técnicas que permiten pasar de una
representación real con tres dimensiones, a una representación bidimensional.
Recuerda que la Tierra es redonda y se quiere llevar a una representación
plana llamada mapa.</p>
<imagen src="MA_09_11_CO_IMG17_small.jpg">
<p>Mapa antiguo del mundo creado por Abraham Ortelius, alrededor del
año 1570.</p>
</imagen>
<p>¿Cómo se puede pasar de una representación de forma esférica como
la de la Tierra, a una figura plana como son los mapas? Para poder
responder es necesario definir las <negrita>proyecciones cartográficas</negrita
>.</p>
<profundiza>
<enlace
destino="/LoIdRedirect.aspx?LoId=MA_09_11_CO_Recurso140&amp;IdRecurso=RES-1BB890FF083C41C8A017C5AF5E5CED8C"
>Los sólidos para representar cartográficamente la Tierra</enlace>
</profundiza><seccion2
id="S2_MA_09_11_CO_ED13A5D9D83E4DC08AF524BE3C065577">
<seccion2Titulo>Las proyecciones cartográficas</seccion2Titulo>
<seccion2Texto>
<p>Las <negrita>proyecciones cartográficas</negrita> se definen como
las técnicas que permiten representar la superficie esférica de la
Tierra, o parte de ella, en un plano conocido como mapa, es decir,
convertir las coordenadas geográficas (latitud y longitud) en coordenadas
del plano cartesiano de la forma (<cursiva>X</cursiva>, <cursiva>Y</cursiva
>).</p>
<destacado><destacadoTitulo>Las coordenadas geográficas</destacadoTitulo>
<destacadoTexto>
<p><negrita>Las coordenadas geográficas</negrita> son el sistema que
permite a través de un conjunto de líneas imaginarias, ubicar cualquier
punto en la superficie terrestre; estos conjuntos de líneas corresponden
a los <negrita>paralelos</negrita> y los <negrita>meridianos</negrita
>. </p>
</destacadoTexto></destacado>
<p><negrita>Línea del ecuador</negrita>: es una línea imaginaria que
divide a la Tierra en dos hemisferios, se encuentra a la misma distancia
del Polo Sur y del Polo Norte y, adicionalmente, es una circunferencia
máxima de la esfera terrestre.</p>
<destacado><destacadoTitulo>Los paralelos y los meridianos</destacadoTitulo>
<destacadoTexto>
<p><negrita>Los paralelos</negrita>: son todas las circunferencias
paralelas a la <negrita>línea del ecuador</negrita>; estas circunferencias
se encuentran dibujadas una tras otra a intervalos de 10° de distancia.
En total hay 180 paralelos, 90 de ellos situados en la parte superior
de la línea del ecuador hasta el Polo Norte, y los otros 90 están
por debajo de la línea del ecuador hasta el Polo Sur. <negrita>La
latitud</negrita> se define como la distancia que existe entre cualquier
paralelo a la línea del ecuador, medida que está dada en grados. 
  </p>
<p><negrita>Los meridianos</negrita>: son los círculos máximos que
pasan por los dos polos. El meridiano de origen es el <negrita>meridiano
de Greenwich</negrita>, el cual divide a la Tierra en dos hemisferios,
el hemisferio occidental y el hemisferio oriental. En total se tienen
360 meridianos, 180 están en el hemisferio occidental y los otros
180 en el hemisferio oriental; cada meridiano está a una distancia
de 10°. La <negrita>longitud</negrita> se define como la distancia
de cualquier meridiano al meridiano de Greenwich, medida que está
dada en grados. </p>
</destacadoTexto></destacado>
<p>Cualquier lugar de la superficie de la Tierra puede ser ubicado
en la intersección de un paralelo (latitud) y un meridiano (longitud). </p>
<p>Cabe aclarar que dichas proyecciones no son perfectas, ya que distorsionan
la realidad de alguna manera, pues recuerda que se está pasando de
tercera dimensión a dos dimensiones. A lo largo de la historia muchos
matemáticos y cartógrafos han creado sus propias proyecciones de la
Tierra.</p>
<imagen src="MA_09_11_CO_IMG18_small.jpg">
<p>Las líneas fundamentales de las coordenadas geográficas. </p>
</imagen>
<p>Las proyecciones cartográficas se pueden clasificar en tres grupos:
proyecciones cilíndricas, proyecciones cónicas y proyecciones acimutales.</p>
<seccion3 id="S3_MA_09_11_CO_ED13A5D9D83E4DC08AF524BE3C068866">
<seccion3Titulo>Las proyecciones cilíndricas </seccion3Titulo>
<seccion3Texto>
<p>Una<negrita> proyección cilíndrica </negrita>es un sistema de representación
que permite establecer una relación ordenada entre los puntos de una
superficie esférica (superficie curva de la Tierra) y los puntos de
un plano.  </p>
<p>Para desarrollar una proyección cilíndrica se debe circunscribir
un cilindro en la esfera terrestre de forma que la cara lateral del
cilindro se interseque con la línea del ecuador; posteriormente, es
necesario proyectar todos los puntos de la superficie de la esfera
por la parte interna de la cara lateral del cilindro, a partir del
centro de la esfera. Luego de esto, es indispensable extender la cara
lateral del cilindro para formar un plano y observar la proyección. </p>
<imagen src="MA_09_11_CO_IMG19_small.jpg">
<p>Ejemplo de una proyección cilíndrica de la Tierra.</p>
</imagen>
<p>Las proyecciones cilíndricas tienen las siguientes características:</p>
<listaSinNumerar>
<listaElemento>El resultado es un mapa de forma rectangular que representa
todo el mundo.</listaElemento>
<listaElemento>Sus meridianos y paralelos son líneas rectas que se
cortan entre sí.</listaElemento>
<listaElemento>Todas las proyecciones cilíndricas son similares, solo
se diferencian por el espacio que se establece o la escala.</listaElemento>
<listaElemento>Son utilizadas en el mapamundi.</listaElemento>
<listaElemento>Los meridianos se deforman en altas latitudes debido
a la curvatura de la esfera que representa el globo terráqueo.  </listaElemento>
</listaSinNumerar>
<imagen src="MA_09_11_CO_IMG20_small.jpg">
<p>Mapa del mundo creado por una proyección cilíndrica. </p>
</imagen>
</seccion3Texto></seccion3><seccion3
id="S3_MA_09_11_CO_ED13A5D9D83E4DC08AF524BE3C069977">
<seccion3Titulo>Las proyecciones cónicas </seccion3Titulo>
<seccion3Texto>
<p>Una <negrita>proyección cónica </negrita>es un sistema de representación
gráfico que permite relacionar de manera ordenada los puntos de la
superficie de una esfera con los puntos de un plano mediante un cono
que tiene su vértice fuera de la esfera que representa la Tierra y
cuya cara lateral es tangente a la esfera terrestre. </p>
<p>Para obtener la proyección cónica se proyectan los puntos de la
superficie de la esfera sobre la cara lateral del cono a partir del
centro de la esfera y se extiende la cara lateral del cono para formar
un plano y observar la proyección.</p>
<imagen src="MA_09_11_CO_IMG21_small.jpg">
<p>Esquema de una proyección cónica.</p>
</imagen>
<p>Las características de las proyecciones cónicas cartográficas son: </p>
<listaSinNumerar>
<listaElemento>El resultado es un mapa en forma de semicircunferencia
que representa una parte de la Tierra.</listaElemento>
<listaElemento>Para representar toda la Tierra es imprescindible realizar
dos proyecciones cónicas, una para el hemisferio sur y otra para el
hemisferio norte.</listaElemento>
<listaElemento>Las proyecciones cónicas son utilizadas para la construcción
de los mapas topográficos, cartas de navegación, cartas aeronáuticas.
  </listaElemento>
</listaSinNumerar>
<imagen src="MA_09_11_CO_IMG22_small.jpg">
<p>Mapa del hemisferio norte de la Tierra creado con una proyección
cónica. </p>
</imagen>
</seccion3Texto></seccion3><seccion3
id="S3_MA_09_11_CO_ED13A5D9D83E4DC08AF524BE3C061199">
<seccion3Titulo>Las proyecciones acimutales</seccion3Titulo>
<seccion3Texto>
<p>Una <negrita>proyección acimutal</negrita> es un sistema de representación
que relaciona los puntos de la superficie de una esfera con los puntos
de un plano, proyectándolos desde el centro de la esfera sobre un
plano tangente que interseca la esfera en uno de los polos.</p>
<imagen src="MA_09_11_CO_IMG23_small.jpg">
<p>Ubicar un plano tangente a la esfera ejemplificando el esquema
de la proyección acimutal.</p>
</imagen>
<p>Las características de las proyecciones acimutales son:</p>
<listaSinNumerar>
<listaElemento>Se genera un mapa de forma circular que representa
una parte de la Tierra.</listaElemento>
<listaElemento>Para representar toda la Tierra es necesario realizar
dos proyecciones acimutales, una por cada hemisferio.</listaElemento>
<listaElemento>La zona de menos distorsión será la que se encuentra
en el medio del plano.</listaElemento>
<listaElemento>Los paralelos forman círculos y los meridianos son
líneas rectas que se unen en el centro.  </listaElemento>
</listaSinNumerar>
<imagen src="MA_09_11_CO_IMG24_small.jpg">
<p>Mapa del hemisferio norte de la Tierra creado por una proyección
acimutal.</p>
</imagen>
</seccion3Texto></seccion3></seccion2Texto></seccion2><seccion2
id="S2_MA_09_11_CO_ED13A5D9D83E4DC08AF524BE3C066688">
<seccion2Titulo>Consolidación</seccion2Titulo>
<seccion2Texto>
<p>Actividades para consolidar lo que has aprendido en esta sección. </p>
<practica>
<enlace
destino="/LoIdRedirect.aspx?LoId=MA_09_11_CO_Recurso160&amp;IdRecurso=RES-44DDC1C78FF14F65ABBA55C45398144E"
>Refuerza tu aprendizaje: Los sólidos en la cartografía</enlace>
</practica></seccion2Texto></seccion2></seccion1Texto></seccion1>
<seccion1 id="S1_MA_09_11_CO_94750CE877CC4E37A4BB67766390C4C6">
<seccion1Titulo>Competencias</seccion1Titulo>
<seccion1Texto>
<p>Pon a prueba tus capacidades y aplica lo aprendido con estos recursos.</p>
<practica>
<enlace
destino="/LoIdRedirect.aspx?LoId=MA_09_11_CO_Recurso170&amp;IdRecurso=RES-F1B7593450184321AB4315B667CC7500"
>Competencias: Resuelve problemas de áreas y volúmenes de sólidos
geométricos</enlace>
</practica></seccion1Texto></seccion1><masinformacion
id="MI_MA_09_11_CO_0D461E7C746642FB9F15C8FD778FE30E"><mapaconceptual>
<enlace
destino="/LoIdRedirect.aspx?LoId=MA_09_11_CO_Recurso190&amp;IdRecurso=RES-1F972483A1E7447195FA490155586276"
>Mapa Conceptual</enlace></mapaconceptual><autoevaluate><enlace
destino="/LoIdRedirect.aspx?LoId=MA_09_11_CO_Recurso200&amp;IdRecurso=RES-217986E309164A92A58EFEA9C3644B17"
>Evaluación</enlace></autoevaluate><enlacesreferencia>
<enlace
destino="http://www.matematicasvisuales.com/html/geometria/construccionpoliedros/origami.html"
>Poliedros con origami</enlace>
<enlace
destino="https://revistadelprofesor.files.wordpress.com/2012/05/revista-del-profesor-de-matematicas_ancc83o-1_nc2b0-1_pag-25-37.pdf"
>Arquímedes y el volumen de la esfera</enlace>
<enlace destino="https://www.youtube.com/watch?v=0LX2y6h1WpQ">Experimento
que relaciona el volumen del cono, de la esfera y del cilindro.</enlace>
</enlacesreferencia></masinformacion></libro>
