﻿<?xml version="1.0" encoding="UTF-8"?><XMLDatos aprid="F"><titulo>Los números decimales</titulo><tit1><![CDATA[Transformación de un decimal en fracción]]></tit1><tit2><![CDATA[Completa las igualdades con las fracciones.]]></tit2><tit3><![CDATA[Aproximación de números decimales]]></tit3><tit4><![CDATA[Escribe cada decimal en la casilla correspondiente para que se cumplan las aproximaciones al número p.
   <br/><br/>
p = 3,14159265389793238446…]]></tit4><tit5><![CDATA[Comparación de números decimales]]></tit5><tit6><![CDATA[¿Cómo ordenarías de mayor a menor los siguientes decimales?]]></tit6><tit7><![CDATA[Escribe estos números de mayor a menor en las casillas. Fíjate bien en el valor de cada uno.]]></tit7><tit8><![CDATA[]]></tit8><tit9><![CDATA[]]></tit9><tit10><![CDATA[]]></tit10><tit11><![CDATA[]]></tit11><tit12><![CDATA[]]></tit12><tit13><![CDATA[]]></tit13><tit14><![CDATA[]]></tit14><tit15><![CDATA[]]></tit15><tit16><![CDATA[]]></tit16><tit17><![CDATA[]]></tit17><tit18><![CDATA[]]></tit18><tit19><![CDATA[]]></tit19><tit20><![CDATA[]]></tit20><text1><![CDATA[Un número decimal tiene dos partes, separadas por una coma. En este caso, 12 es la parte entera y 34 la parte decimal. A cada cifra de este número decimal corresponde un orden.<br/><br/><br/><br/><br/><br/><br/>Para leer un número decimal empieza por la parte entera, seguida de la palabra <i>unidades</i>, y luego la parte decimal, seguida del orden más pequeño. Así, este número se leerá: <i>doce unidades treinta y cuatro centésimas</i>.]]></text1><text2><![CDATA[Los números racionales se pueden expresar en forma de fracción, llamada <b>fracción generatriz</b>. El método de transformación depende del tipo de decimal.
<br/><ol ><li>
Decimal <b>exacto</b>: se escribe en el numerador el número (sin la coma) y
    en el denominador la unidad seguida de tantos ceros como cifras tenga 
    la parte decimal. 
</li><li>
Decimal <b>periódico puro</b>: se escribe en el numerador el número (sin la
coma), se le sustrae la cifra de la parte entera y en el denominador tantos      nueves como cifras tenga el período.
</li><li>
Decimal <b>periódico mixto</b>: se escribe en el numerador el número (sin la
    coma) y se le sustrae la cifra de la parte entera seguida de la parte decimal no
periódica sin la coma. En el denominador, tantos nueves como cifras tiene el período, seguidos de tantos ceros como cifras tiene la parte decimal no periódica.</li></ol> ]]></text2><text3><![CDATA[Al trabajar con números decimales, a veces hay algunos números con largas cifras de decimales. En estos casos, es necesario aproximarlos al orden al que se quiera trabajar. Esta aproximación se hace de dos formas distintas:
<ul style="list-style-type:none;text-indent: -195px;padding-left: 195px"><li>
     <b>• Truncamiento</b>: se eliminan todas las cifras que ocupan órdenes
                                  inferiores al orden de aproximación.
<br/><br/>
        Truncamiento:  1,2682 = 1,26

                            
      </li><li><b>• Redondeo</b>: &nbsp;&nbsp;&nbsp;&nbsp;&nbsp;&nbsp; se considera la cifra que ocupa el orden que sigue al de la
                           aproximación, si la cifra es igual a  5, se adiciona 1 a la cifra del orden de
                           la aproximación.<br/><br/>
Redondeo:   1,2682 = 1,27</li></ul>
]]></text3><text4><![CDATA[Para saber si un número decimal es mayor o menor que otros números decimales, se deben seguir estos pasos:
<br/><br/>
<ol><li>Se compara la parte entera.
<br/><br/>
<ul><li> Es mayor el que tenga la parte entera mayor. 
</li><li> Si las partes enteras son iguales, se efectúa el siguiente paso.</li></ul>

</li><li>Se compara la parte decimal.
<br/><br/>
<ul><li> De izquierda a derecha: empezando por las décimas, luego las centésimas, milésimas...</li></ul></li></ol>]]></text4><text5><![CDATA[• <b>Primero</b>: Se ajustan todos al mismo orden, añadiendo los ceros necesarios:]]></text5><text6><![CDATA[• <b>Segundo</b>: Se ordenan según las indicaciones anteriores:]]></text6><text7><![CDATA[]]></text7><text8><![CDATA[]]></text8><text9><![CDATA[]]></text9><text10><![CDATA[]]></text10><text11><![CDATA[]]></text11><text12><![CDATA[]]></text12><text13><![CDATA[]]></text13><text14><![CDATA[]]></text14><text15><![CDATA[]]></text15><text16><![CDATA[]]></text16><text17><![CDATA[]]></text17><text18><![CDATA[]]></text18><text19><![CDATA[]]></text19><text20><![CDATA[]]></text20><btnpractica><![CDATA[PRACTICA]]></btnpractica><btnsolucion><![CDATA[SOLUCIÓN]]></btnsolucion></XMLDatos>