﻿<?xml version="1.0" encoding="UTF-8"?>
<?xml-stylesheet href="cuadernoestudio/dtd/libro.xslt" type="text/xsl"?>
<!--Arbortext, Inc., 1988-2015, v.4002-->
<!DOCTYPE libro SYSTEM "cuadernoestudio/dtd/libro.dtd">
<libro id="MA_06_03_CO">
<libroTitulo>Las operaciones con números naturales</libroTitulo>
<seccion1 id="S1_MA_06_03_CO_C513808910CA4151BCF4D4D8CD72FFC2">
<seccion1Titulo>La adición de números naturales</seccion1Titulo>
<seccion1Texto>
<p>Las operaciones con los números naturales permiten modelar situaciones
del entorno. Por ejemplo, la adición se usa para conocer el valor
total de los gastos en un mes, para hallar la distancia que hay entre
dos ciudades, para hallar el total de goles anotados en los partidos
jugados en un torneo y en muchas otras situaciones.</p>
<p>La adición es una operación que consiste en agregar, añadir o unir
varias cantidades en una sola.</p>
<destacado><destacadoTitulo>La adición</destacadoTitulo><destacadoTexto>
<p>Si <cursiva>a, b, c</cursiva> ϵ N se define la adición como <cursiva
>a + b = c</cursiva>, donde  <cursiva><negrita>a</negrita></cursiva
> y <cursiva><negrita>b</negrita></cursiva> se denominan <negrita
>sumandos</negrita> y <negrita><cursiva>c</cursiva> suma o total.</negrita
></p>
<p centrado="si"><cursiva>a  +   b      =     c</cursiva></p>
</destacadoTexto></destacado>
<p>El siguiente es un ejemplo de aplicación.  </p>
<p>Valentina le prestó a Camilo $12 345 por tres meses. Camilo, cumplido
los tres meses le devolvió el dinero más $4861 de intereses. ¿Cuánto
dinero recibió Valentina?  </p>
<p>Para solucionar esta situación se debe resolver la siguiente adición:</p>
<p centrado="si">12 345 + 4861 = 17 206</p>
<p>12 345 → Sumando: Dinero prestado </p>
<p>4861 → Sumando: intereses </p>
<p>17 206 → Suma o total  </p>
<p>Valentina recibió $ 17 206 en total.</p>
<seccion2 id="S2_MA_06_03_CO_68A6EDB39DFB489380EFFD6DAEB88F85"><?Pub Dtl?>
<seccion2Titulo>Las propiedades de la adición</seccion2Titulo>
<seccion2Texto>
<p>La adición, en el conjunto de números naturales, cumple las siguientes
propiedades:</p>
<imagen src="MA_6_03_CO_IMG01_small.jpg">
<p>Clausurativa, conmutativa, asociativa y el elemento neutro son
las propiedades de la adición.</p>
</imagen>
<profundiza>
<enlace
destino="/LoIdRedirect.aspx?LoId=MA_06_03_CO_Recurso010&amp;IdRecurso=RES-D66C32035B1A407D860C274D10AC8671"
>La adición de números naturales y sus propiedades</enlace>
</profundiza><practica>
<enlace
destino="/LoIdRedirect.aspx?LoId=MA_06_03_CO_Recurso020&amp;IdRecurso=RES-5BB1BAB9859F49C58116EEC47B9F8601"
>Justifica resultados utilizando las propiedades de la adición</enlace>
<enlace
destino="/LoIdRedirect.aspx?LoId=MA_06_03_CO_Recurso030&amp;IdRecurso=RES-9F8C7530E15D480AB4015EDF1FC568A5"
>Aplica las propiedades de la adición de números naturales</enlace>
</practica></seccion2Texto></seccion2><seccion2
id="S2_MA_06_03_CO_A065CA100D65411EB4FF05315A319845">
<seccion2Titulo>Consolidación</seccion2Titulo>
<seccion2Texto>
<p>Actividades para afianzar lo que has aprendido en esta sección.</p>
<practica>
<enlace
destino="/LoIdRedirect.aspx?LoId=MA_06_03_CO_Recurso040&amp;IdRecurso=RES-17623424AF234C6FBC6628FDDF5A4EF6"
>Refuerza tu aprendizaje: La adición de números naturales</enlace>
</practica></seccion2Texto></seccion2></seccion1Texto></seccion1>
<seccion1 id="S1_MA_06_03_CO_7BB44110CDCB4287874BCAE387BD4B82">
<seccion1Titulo>La sustracción de números naturales</seccion1Titulo>
<seccion1Texto>
<p>La sustracción es la operación inversa a la adición. Esto significa,
quitar, reducir, recortar, separar, eliminar o extraer algo de un
todo.</p>
<destacado><destacadoTitulo>La sustracción</destacadoTitulo>
<destacadoTexto>
<p>Si <cursiva>a, b, c</cursiva> ϵ N y <cursiva>a</cursiva> > <cursiva
>b</cursiva> se define la sustracción como <cursiva>a – b = c</cursiva
>, donde <cursiva><negrita>a</negrita></cursiva>, se denomina minuendo; <cursiva
><negrita>b</negrita></cursiva>, se denomina sustraendo y <cursiva
><negrita>c</negrita></cursiva>, diferencia.                     
       </p>
</destacadoTexto></destacado>
<p>El siguiente ejemplo de una situación que se resuelve aplicando
la sustracción.  </p>
<p>Andrea debe pagar $21 900 de la factura de su plan de datos. Tiene
$42 550 en su billetera. ¿Le alcanza el dinero para pagar? ¿Cuánto
dinero le queda?  </p>
<p>Para resolver las preguntas es necesario resolver una sustracción: </p>
<p centrado="si">42 550 – 21 900 = 20 650</p>
<p>42 550 → Minuendo</p>
<p>21 900 → Sustraendo</p>
<p>20 650 → Diferencia</p>
<p>El dinero que tiene Andrea le alcanza para pagar y le sobran $20
650.</p>
<seccion2 id="S2_MA_06_03_CO_7F8F2254862E4AE893C2BE2F337B9CE1">
<seccion2Titulo>¿Qué propiedades cumple la sustracción de números
naturales?</seccion2Titulo>
<seccion2Texto>
<p>En la sustracción de números naturales no se cumplen todas las
propiedades vistas en la adición, pues solo se cumple la propiedad
del elemento neutro.</p>
<profundiza>
<enlace
destino="/LoIdRedirect.aspx?LoId=MA_06_03_CO_Recurso050&amp;IdRecurso=RES-40DCDF52EF8343A9AE572E956DCC919E"
>La sustracción de números naturales y sus propiedades</enlace>
</profundiza><practica>
<enlace
destino="/LoIdRedirect.aspx?LoId=MA_06_03_CO_Recurso060&amp;IdRecurso=RES-53AF28A722834CE2BC123F1AFF6B40D4"
>Ejemplifica las propiedades de la adición y sustracción</enlace>
<enlace
destino="/LoIdRedirect.aspx?LoId=MA_06_03_CO_Recurso070&amp;IdRecurso=RES-56DF07E296834C1AA32ECE69A33A76B0"
>Aplica las propiedades de la adición y sustracción de números naturales</enlace>
</practica></seccion2Texto></seccion2><seccion2
id="S2_MA_06_03_CO_7F8F2254862E4AE893C2BE2F337B9911">
<seccion2Titulo>Consolidación</seccion2Titulo>
<seccion2Texto>
<p>Actividades para afianzar lo que has aprendido en esta sección.</p>
<practica>
<enlace
destino="/LoIdRedirect.aspx?LoId=MA_06_03_CO_Recurso080&amp;IdRecurso=RES-4C0587047D9E4B7FAB646FAB4CC7CB71"
>Refuerza tu aprendizaje: La sustracción de números naturales</enlace>
</practica></seccion2Texto></seccion2></seccion1Texto></seccion1>
<seccion1 id="S1_MA_06_03_CO_3F7C409CE05A474D8BB41398D1244173">
<seccion1Titulo>La multiplicación de números naturales</seccion1Titulo>
<seccion1Texto>
<p>La multiplicación se define como la suma abreviada de términos
iguales, por ejemplo:</p>
<p centrado="si">4 + 4 + 4 = 12 </p>
<p centrado="si">3 veces 4</p>
<p>Escrito de otra forma 4 × 3 = 12.</p>
<p centrado="si">12 + 12 + 12 +12 + 12 = 60 </p>
<p centrado="si">5 veces 12</p>
<p>Escrito de otra forma 12 × 5 = 60.  </p>
<p>Se pueden utilizar varias formas para representar la multiplicación
entre números naturales. La primera usando el signo (×) y otra utilizando
un punto (•).  </p>
<p>Así, expresiones como 7 × 8 = 56 y 7 • 8 = 56 representan la misma
operación</p>
<destacado><destacadoTitulo>Definición formal de la multiplicación</destacadoTitulo>
<destacadoTexto>
<p>Si <cursiva>a, b, c</cursiva> ϵ N, entonces, se define la multiplicación
como  <cursiva><negrita>a • b = c</negrita></cursiva>, donde <cursiva
><negrita>a</negrita></cursiva> y <cursiva><negrita>b</negrita></cursiva
>, se denominan factores y <cursiva><negrita>c</negrita></cursiva
>, producto. </p>
<p centrado="si"><cursiva><negrita>a • b = c</negrita></cursiva> </p>
<p centrado="si"><cursiva><negrita>a × b = c</negrita></cursiva></p>
</destacadoTexto></destacado>
<p>Por ejemplo, Wilson compró un carro a crédito y debe pagar una
cuota mensual de  $5 137 000 durante 12 meses. ¿Cuál es el precio
del carro?</p>
<imagen src="MA_6_03_CO_IMG02_small.jpg">
<p>En situaciones diarias hacemos uso de las multiplicaciones, por
ejemplo, costo del vehículo, distancia recorrida por el automóvil
durante un mes, entre otras.</p>
</imagen>
<p>Para solucionar este problema, se resuelve una multiplicación:
  </p>
<p centrado="si">5 137 000 • 12 = 61 644 000  </p>
<p>En conclusión,  el carro que compró Wilson costó $61 644 000.  </p>
<p>En esta situación se pueden identificar los términos de la multiplicación:
 </p>
<p>5 137 000 	→ Factor </p>
<p>12 	 	 	 	 → Factor </p>
<p>61 644 000 → Producto</p>
<seccion2 id="S2_MA_06_03_CO_1DD10CB238E84F39BE6518B7E01A8311">
<seccion2Titulo>Las propiedades de la multiplicación de números naturales</seccion2Titulo>
<seccion2Texto>
<p>La multiplicación en el conjunto de números naturales también cumple
algunas propiedades.</p>
<profundiza>
<enlace
destino="/LoIdRedirect.aspx?LoId=MA_06_03_CO_Recurso090&amp;IdRecurso=RES-CC0055443E89470B971AED4A173FC847"
>La multiplicación de números naturales y sus propiedades</enlace>
</profundiza><practica>
<enlace
destino="/LoIdRedirect.aspx?LoId=MA_06_03_CO_Recurso100&amp;IdRecurso=RES-3BD75589D28F498EA2037C9966B1199D"
>La multiplicación de números naturales y sus propiedades</enlace>
<enlace
destino="/LoIdRedirect.aspx?LoId=MA_06_03_CO_Recurso110&amp;IdRecurso=RES-461C60FB0BD145569F6A79C6E54C54C1"
>Aplica las propiedades de la multiplicación </enlace>
<enlace
destino="/LoIdRedirect.aspx?LoId=MA_06_03_CO_Recurso120&amp;IdRecurso=RES-AF95FC76F9B247B28B9A2B8A4A57CAE3"
>Resuelve situaciones de multiplicación</enlace>
</practica></seccion2Texto></seccion2><seccion2
id="S2_MA_06_03_CO_1DD10CB238E84F39BE6518B7E01A8833">
<seccion2Titulo>Consolidación</seccion2Titulo>
<seccion2Texto>
<p>Actividades para afianzar lo que has aprendido en esta sección.</p>
<practica>
<enlace
destino="/LoIdRedirect.aspx?LoId=MA_06_03_CO_Recurso130&amp;IdRecurso=RES-1A81669F952B4256BF110C17BB82D19B"
>Refuerza tu aprendizaje: La multiplicación de números naturales</enlace>
</practica></seccion2Texto></seccion2></seccion1Texto></seccion1>
<seccion1 id="S1_MA_06_03_CO_90724EF05BD84882AFB3DB92193BCD5E">
<seccion1Titulo>La división de números naturales</seccion1Titulo>
<seccion1Texto>
<p>La división es una operación que consiste en repartir una cantidad
en partes iguales. Se pueden usar varias formas para representar la
división entre números naturales; la primera usando el símbolo ÷. </p>
<p>La segunda usando la línea de las fracciones (a/b) y la tercera
utilizando el arreglo que se muestra a continuación:</p>
<imagen src="MA_6_03_CO_IMG03_small.jpg">
<p>Términos de la división.</p>
</imagen>
<p>Por ejemplo:</p>
<imagen src="MA_6_03_CO_IMG04_small.jpg">
<p>Proceso para resolver la división 1054 ÷ 3 </p>
</imagen>
<p>Es posible determinar dos clases de divisiones: <negrita>exactas</negrita
> e <negrita>inexactas</negrita>.</p>
<destacado><destacadoTitulo>División exacta</destacadoTitulo>
<destacadoTexto>
<p>Si <cursiva>a, b, c</cursiva> ϵ N, se define la división exacta
como  </p>
<p centrado="si"><cursiva>a ÷ b = c </cursiva></p>
<p>en donde el residuo <cursiva>r</cursiva> es igual a 0.</p>
</destacadoTexto></destacado>
<p>Veamos un ejemplo, </p>
<imagen src="MA_6_03_CO_IMG05_small.jpg">
<p>Términos de la división en el ejemplo 350 136 ÷ 24</p>
</imagen>
<destacado><destacadoTitulo>División Inexacta</destacadoTitulo>
<destacadoTexto>
<p>Si <cursiva>a, b, c</cursiva> ϵ <cursiva>N</cursiva>, se define
la división inexacta como aquella en la cual el residuo es diferente
de cero </p>
<p centrado="si"><cursiva>a</cursiva>   ÷   <cursiva>b</cursiva> 
    =     <cursiva>c</cursiva> </p>
<p>y el residuo <cursiva><negrita>r</negrita></cursiva> es diferente
de 0. </p>
</destacadoTexto></destacado>
<p>Observemos el siguiente ejemplo.</p>
<imagen src="MA_6_03_CO_IMG06_small.jpg">
<p>Términos de la división en el ejemplo 54 937÷35</p>
</imagen>
<p>Analicemos el siguiente ejemplo.   </p>
<p>Andrea tiene 215 gomitas para distribuir en 8 paquetes y en cantidades
iguales. ¿Cuántas gomitas tendrá cada paquete? ¿Cuántas gomitas le
hacen falta para completar un paquete más?  </p>
<p>Como Andrea tiene 215 gomitas para repartirlas en 8 paquetes, es
necesario realizar una división.</p>
<imagen src="MA_6_03_CO_IMG07_small.jpg">
<p>División 215 ÷ 8</p>
</imagen>
<p>Para responder la primera pregunta se usa el cociente de la división.
Así, cada paquete debe contener 26 gomitas.  </p>
<p>Para responder la segunda pregunta, se observa que el residuo es
7, esto significa que sobraron 7 gomas; por lo tanto, faltan 19 gomas
para completar otro paquete  (7 + 19 = 26).</p>
<seccion2 id="S2_MA_06_03_CO_70F0B97E5725451BB736497A507AFF03">
<seccion2Titulo>¿Qué propiedades cumple la división de números naturales?</seccion2Titulo>
<seccion2Texto>
<p>La división de números naturales no cumple todas las propiedades
vistas en la multiplicación.</p>
<profundiza>
<enlace
destino="/LoIdRedirect.aspx?LoId=MA_06_03_CO_Recurso140&amp;IdRecurso=RES-B555B6D53BDE4B66AB0A64F46BD2801C"
>La división de números naturales y sus propiedades</enlace>
</profundiza><practica>
<enlace
destino="/LoIdRedirect.aspx?LoId=MA_06_03_CO_Recurso150&amp;IdRecurso=RES-27616C097F3240CBAE64289CA6A043DE"
>Evalúa expresiones usando las propiedades de la división de números
naturales</enlace>
<enlace
destino="/LoIdRedirect.aspx?LoId=MA_06_03_CO_Recurso160&amp;IdRecurso=RES-6E8C5367A5FF428F881BDAB8C4068C8E"
>Utiliza la división para resolver situaciones problema</enlace>
</practica></seccion2Texto></seccion2><seccion2
id="S2_MA_06_03_CO_70F0B97E5725451BB736497A507AGG33">
<seccion2Titulo>Consolidación</seccion2Titulo>
<seccion2Texto>
<p>Actividades para afianzar lo que has aprendido en esta sección.</p>
<practica>
<enlace
destino="/LoIdRedirect.aspx?LoId=MA_06_03_CO_Recurso170&amp;IdRecurso=RES-DC9DD962D8AE4FB0B6B644F5D95967EC"
>Refuerza tu aprendizaje: La división de números naturales </enlace>
</practica></seccion2Texto></seccion2></seccion1Texto></seccion1>
<seccion1 id="S1_MA_06_03_CO_241C1FDA20A446659420C063BD411246">
<seccion1Titulo>Las operaciones combinadas de números naturales</seccion1Titulo>
<seccion1Texto>
<p>Las operaciones combinadas son expresiones que involucran varias
operaciones como adiciones, sustracciones, multiplicaciones y divisiones.
Por ejemplo:  </p>
<p centrado="si">8 × 5 + 27 ÷ 9 – 4 × 3  </p>
<p centrado="si">12 • {[36 ÷ 4] + (5 • 6)}</p>
<p>Para resolver las operaciones combinadas es necesario tener en
cuenta el siguiente orden:</p>
<listaNumerada>
<listaElemento>Si hay signos de agrupación como paréntesis ( ), corchetes
[ ] o llaves { }, se deben resolver primero las operaciones que hay
dentro de estos.  </listaElemento>
<listaElemento>Se resuelven las multiplicaciones y divisiones indicadas
en el orden respectivo de izquierda a derecha.  </listaElemento>
<listaElemento>Por último, se resuelven las adiciones y las sustracciones,
de izquierda a derecha.</listaElemento>
</listaNumerada>
<p>Observa cómo se desarrolla la siguiente operación.  </p>
<p centrado="si">100 – {56 – [11 × (16 ÷ 4)]}</p>
<p><negrita>Paso 1.</negrita> Se resuelven las operaciones dentro
de los paréntesis,</p>
<p centrado="si"> (16 ÷ 4) = 4  </p>
<p centrado="si">100 – {56 – [11 × 4]}</p>
<p><negrita>Paso 2.</negrita> Se resuelven las operaciones dentro
de los corchetes, es decir,</p>
<p centrado="si">[11 × 4] = 44</p>
<p centrado="si">100 – {56 – 44}</p>
<p><negrita>Paso 3.</negrita> Se resuelven las operaciones dentro
de las llaves, {56 – 44} = 12</p>
<p centrado="si">100 – 12</p>
<p><negrita>Paso 4.</negrita> Se resuelve la sustracción   </p>
<p centrado="si">100 – 12 = 88</p>
<p>En el siguiente contexto se observa cómo se aplican las operaciones
combinadas para resolver situaciones.</p>
<p>Un teatro tiene una capacidad para 480 personas. Si en una función
se vendió la mitad de la boletería en la taquilla y 30 por medio telefónico,
¿cuántas boletas quedaron sin vender?</p>
<imagen src="MA_6_03_CO_IMG08_small.jpg">
<p>Localidades del teatro.</p>
</imagen>
<p>Se debe plantear la siguiente operación: </p>
<p centrado="si">480 – [(480 ÷ 2) + 30] </p>
<p>480: Total de boletas que se pueden vender </p>
<p>480 ÷ 2: Mitad del total de la boletería </p>
<p>30: Boletas que se vendieron por teléfono</p>
<table bgcolor="#FFC0CB" border="1" cellpadding="5" cellspacing="0">
<colgroup align="left"><col/><col/></colgroup>
<tbody>
<tr>
<td>480 – [(480 ÷2) + 30]   </td>
<td>Operación inicial.</td>
</tr>
<tr>
<td>480 – [240 + 30]           </td>
<td>Se resuelve la operación dentro paréntesis.</td>
</tr>
<tr>
<td>480 – [270]                   </td>
<td>Se resuelve la operación entre corchetes.</td>
</tr>
<tr>
<td>210 </td>
<td>Resultado de la sustracción</td>
</tr>
</tbody>
</table>
<p>Se concluye que quedaron 210 boletas sin vender.</p>
<profundiza>
<enlace
destino="/LoIdRedirect.aspx?LoId=MA_06_03_CO_Recurso180&amp;IdRecurso=RES-6D091467BAFA442984191C620089F746"
>Las operaciones combinadas con números naturales</enlace>
</profundiza><practica>
<enlace
destino="/LoIdRedirect.aspx?LoId=MA_06_03_CO_Recurso190&amp;IdRecurso=RES-D15C7234D3184D8882072BCB07C7ED51"
>Calcula resultados de operaciones combinadas con números naturales</enlace>
<enlace
destino="/LoIdRedirect.aspx?LoId=MA_06_03_CO_Recurso200&amp;IdRecurso=RES-1DDA7B1EA85B4469BF9FA0AB98B67A01"
>Contextualiza resultados de operaciones combinadas de números naturales</enlace>
<enlace
destino="/LoIdRedirect.aspx?LoId=MA_06_03_CO_Recurso210&amp;IdRecurso=RES-82C7242FB4034426B75208323C51B2A0"
>Visualiza como problema matemático una situación con operaciones
combinadas</enlace>
</practica><seccion2
id="S2_MA_06_03_CO_70F0B97E5725451BB736497A507A7733">
<seccion2Titulo>Consolidación</seccion2Titulo>
<seccion2Texto>
<p>Actividad para reforzar lo aprendido en esta sección.</p>
<practica>
<enlace
destino="/LoIdRedirect.aspx?LoId=MA_06_03_CO_Recurso220&amp;IdRecurso=RES-BC305017BC5E4E87A4CD99B0EA74A1ED"
>Refuerza tu aprendizaje: Las operaciones combinadas con números naturales</enlace>
</practica></seccion2Texto></seccion2></seccion1Texto></seccion1>
<seccion1 id="S1_MA_06_03_CO_70A2AC425F0B40839A02C64395D821EE">
<seccion1Titulo>Las ecuaciones</seccion1Titulo>
<seccion1Texto>
<p>En algunas situaciones de la vida cotidiana es posible plantear
y resolver expresiones en las cuales hay términos desconocidos, por
ejemplo:</p>
<listaSinNumerar>
<listaElemento>Los intereses que cobran los bancos por un crédito.</listaElemento>
<listaElemento>La cantidad de minutos de un plan telefónico.</listaElemento>
<listaElemento>El salario que puede recibir un empleado si recibe
comisiones.</listaElemento>
</listaSinNumerar>
<p>Estas expresiones se pueden plantear en términos de <negrita>ecuaciones</negrita
>.</p>
<destacado><destacadoTitulo>Definición de ecuación</destacadoTitulo>
<destacadoTexto>
<p>Una ecuación es una igualdad en la que hay uno o varios valores
desconocidos llamados <negrita>incógnitas</negrita> o <negrita>variables</negrita
>. </p>
<p>En una ecuación se pueden identificar los siguientes elementos:
 </p>
<p><negrita>Incógnitas o variables:</negrita> se representan generalmente
con letras minúsculas, por ejemplo <cursiva>a, b, c, x, y, z </cursiva
></p>
<p><negrita>Primer miembro:</negrita> es la expresión que se encuentra
antes del signo igual (=). </p>
<p><negrita>Segundo miembro:</negrita> es la expresión que se encuentra
después del signo igual (=). </p>
<p><negrita>Solución de la ecuación: </negrita>es el valor que verifica
la igualdad.</p>
</destacadoTexto></destacado><seccion2
id="S2_MA_06_03_CO_35CA2358DEC145A8A85E98286684EBED">
<seccion2Titulo>Las ecuaciones aditivas</seccion2Titulo>
<seccion2Texto>
<p>Una ecuación aditiva es aquella en la cual hay únicamente operaciones
de adición y/o sustracción en sus dos miembros, por ejemplo:</p>
<p centrado="si"><cursiva>x</cursiva> + 3 = 5              <cursiva
>x</cursiva> – 8 = 12</p>
<p>Para resolver ecuaciones aditivas de la forma <cursiva>x + a =
b o x – a = b</cursiva>, se debe utilizar la <negrita>propiedad uniforme
de las igualdades.</negrita> </p>
<destacado><destacadoTitulo>Propiedad uniforme en ecuaciones aditivas</destacadoTitulo>
<destacadoTexto>
<p>Es posible adicionar o sustraer, en ambos miembros de una igualdad,
el mismo número y la igualdad se conserva. Por ejemplo:</p>
<p centrado="si">7 = 5 + 2 </p>
<p centrado="si">7 <negrita>+ 3</negrita> = 5 + 2 <negrita>+ 3</negrita
> </p>
</destacadoTexto></destacado><profundiza>
<enlace
destino="/LoIdRedirect.aspx?LoId=MA_06_03_CO_Recurso230&amp;IdRecurso=RES-71B18FA8E07E4D128EC42A47E4406924"
>Ecuaciones aditivas</enlace>
</profundiza><practica>
<enlace
destino="/LoIdRedirect.aspx?LoId=MA_06_03_CO_Recurso240&amp;IdRecurso=RES-39D0FA26AD004660B0C1A984E75B4E75"
>Calcular el valor desconocido en una ecuación aditiva</enlace>
</practica><practica>
<enlace
destino="/LoIdRedirect.aspx?LoId=MA_06_03_CO_Recurso250&amp;IdRecurso=RES-E78F94CDDC5E45E8A5E84B270871DE42"
>Dibuja esquemas para resolver situaciones con ecuaciones aditivas</enlace>
</practica></seccion2Texto></seccion2><seccion2
id="S2_MA_06_03_CO_DC69FEAAE42B43FDB9E07083E024C037">
<seccion2Titulo>Las ecuaciones multiplicativas</seccion2Titulo>
<seccion2Texto>
<p>Una ecuación multiplicativa es aquella en la cual hay únicamente
operaciones de multiplicación y/o división en sus dos miembros, por
ejemplo:</p>
<p centrado="si">3<cursiva>x</cursiva> = 15</p>
<p centrado="si"><cursiva>x</cursiva> ÷ 4 = 8</p>
<p>Para resolver una ecuación multiplicativa, de la forma <cursiva
>a • x = b</cursiva>, se debe utilizar la <negrita>propiedad uniforme</negrita
>.</p>
<destacado><destacadoTitulo>Propiedad uniforme en ecuaciones multiplicativas</destacadoTitulo>
<destacadoTexto>
<p>Es posible multiplicar o dividir, en ambos miembros de una igualdad,
el mismo número y la igualdad se conserva.Por ejemplo: </p>
<p centrado="si">(10 + 2) = (8 + 4) </p>
<p centrado="si">(10 + 2)<negrita> ÷ 3</negrita> = (8 + 4)<negrita
> ÷ 3</negrita> </p>
</destacadoTexto></destacado><profundiza>
<enlace
destino="/LoIdRedirect.aspx?LoId=MA_06_03_CO_Recurso260&amp;IdRecurso=RES-3CAA97E82B7849539CA369545F8AD626"
>Ecuaciones multiplicativas</enlace>
<enlace
destino="/LoIdRedirect.aspx?LoId=MA_06_03_CO_Recurso270&amp;IdRecurso=RES-A377EAEF575947C0929C4DEBD991D385"
>Justifica procedimientos para resolver ecuaciones multiplicativas</enlace>
<enlace
destino="/LoIdRedirect.aspx?LoId=MA_06_03_CO_Recurso280&amp;IdRecurso=RES-9EBFFC1B3E5544F991AC2EF21EAE5012"
>Resuelve ecuaciones aditivas y multiplicativas en el conjunto de
los números naturales</enlace>
</profundiza></seccion2Texto></seccion2><seccion2
id="S2_MA_06_03_CO_D0CB8C82677F4CB99EF549F215AA7BE2">
<seccion2Titulo>Consolidación</seccion2Titulo>
<seccion2Texto>
<p>Actividades para afianzar lo que has aprendido en esta sección.</p>
<practica>
<enlace
destino="/LoIdRedirect.aspx?LoId=MA_06_03_CO_Recurso320&amp;IdRecurso=RES-1230DC20768140F39AF98D7A33ABF739"
>Refuerza tu aprendizaje: Las ecuaciones y las inecuaciones en números
naturales </enlace>
</practica></seccion2Texto></seccion2></seccion1Texto></seccion1>
<seccion1 id="S1_MA_06_03_CO_69EC157371C84C688FEE80CE6187F88F">
<seccion1Titulo>Competencias</seccion1Titulo>
<seccion1Texto>
<p>Este recurso permite reforzar tus capacidades y aplicar lo aprendido.</p>
<practica>
<enlace
destino="/LoIdRedirect.aspx?LoId=MA_06_03_CO_Recurso340&amp;IdRecurso=RES-E7D44FA6A3EE488583B91628F3685EE7"
>Proyecto: el costo de la vida</enlace>
</practica></seccion1Texto></seccion1><masinformacion
id="MI_MA_06_03_CO_0C584813F86B48FBA4E8F87A675D07B0"><mapaconceptual>
<enlace
destino="/LoIdRedirect.aspx?LoId=MA_06_03_CO_Recurso350&amp;IdRecurso=RES-315B67BDDE3A4479A20D6D8891D75AB9"
>Mapa Conceptual</enlace></mapaconceptual><autoevaluate><enlace
destino="/LoIdRedirect.aspx?LoId=MA_06_03_CO_Recurso360&amp;IdRecurso=RES-02AF7C9076794AC28E5EAF23EA395DC7"
>Evaluación</enlace></autoevaluate><enlacesreferencia>
<enlace
destino="http://laescuelaencasa.com/examenes/examenes-de-matematicas/examenes-de-matematicas-de-1o-eso/"
>Examenes resueltos relacionados con las operaciones con números naturales.</enlace>
</enlacesreferencia></masinformacion></libro>
