﻿<?xml version="1.0" encoding="UTF-8"?><motor tipo="101" clase="a" aprid="M101a"><plataforma><grado><![CDATA[2]]></grado><titulo>Refuerza tu aprendizaje: Los poliedros</titulo><area>3</area><nivel>2</nivel><referencia><![CDATA[MT_09_08]]></referencia><idreg><![CDATA[4695 ]]></idreg><motor><![CDATA[M101A]]></motor><lang>es</lang></plataforma><enunciado><![CDATA[Realiza la siguiente actividad. Cuando termines haz clic en Enviar. Si es necesario, entrega las respuestas en mano o por email a tu profesor para que pueda validarlas.]]></enunciado><masinfo inicio="0" /><calc>1</calc><preguntas cantidad="2"><pregunta><enunciado><![CDATA[Describe una situación de la vida cotidiana en la cual se usen los poliedros.]]></enunciado><explicacion /><nivel><![CDATA[1]]></nivel><tipo /><imagen /><ampliacion /></pregunta><pregunta><enunciado><![CDATA[Elige un poliedro e indica el número de caras, aristas y vértices que tiene.]]></enunciado><explicacion /><nivel><![CDATA[2]]></nivel><tipo /><imagen /><ampliacion /></pregunta></preguntas></motor>