<?xml version="1.0" encoding="iso-8859-1"?>
<metadata xmlns="urn:InfoRecurso">
  <identificador>RES-8A96D6F7E75142ECBD80F9258524A33B</identificador>
  <loid>MT_09_08_Recurso210</loid>
  <titulo>Competencias: c�lculo del volumen de cilindros</titulo>
  <descripcion>Actividad que propone realizar el procedimiento para averiguar si dos cilindros dados tienen el mismo volumen</descripcion>
  <relacionado>0</relacionado>
  <tiporecurso>Recurso sin ficha</tiporecurso>
  <tiempoestimado>60</tiempoestimado>
  <acciondidactica>Proyecto</acciondidactica>
  <competencia>Competencia para aprender a aprender</competencia>
  <competencias>
    <descriptor>2_1_2</descriptor>
    <descriptor>2_2_1</descriptor>
    <descriptor>2_2_5</descriptor>
    <descriptor>2_3_5</descriptor>
  </competencias>
  <tipomedia pesado="false" matricula="">Actividad</tipomedia>
  <conceptos>
    <concepto>cilindro</concepto>
    <concepto>volumen</concepto>
    <concepto>c�lculo</concepto>
    <concepto>radio</concepto>
    <concepto>base</concepto>
    <concepto>altura</concepto>
  </conceptos>
  <autonomico>0</autonomico>
</metadata>