﻿<?xml version="1.0" encoding="UTF-8"?>
<?xml-stylesheet href="cuadernoestudio/dtd/libro.xslt" type="text/xsl"?>
<!--Arbortext, Inc., 1988-2015, v.4002-->
<!DOCTYPE libro SYSTEM "cuadernoestudio/dtd/libro.dtd">
<libro id="MA_06_05_CO">
<libroTitulo>Los números fraccionarios</libroTitulo>
<seccion1 id="S1_MA_06_05_CO_274823CF0E7545E0BF57760472E02B93">
<seccion1Titulo>Los significados de las fraccciones</seccion1Titulo>
<seccion1Texto>
<p>Los números fraccionarios o <negrita>fracciones</negrita> son números
que hacen referencia a una cantidad dividida entre otra. La forma
general de representar una fracción es:</p>
<imagen src="MA_06_05_CO_IMG01_small.jpg">
<p><cursiva>Forma general de la fracción.</cursiva></p>
</imagen>
<p>El numerador, en este caso a, se interpreta como el dividendo en
una división; el denominador, en este caso b, se interpreta como el
divisor en una división.</p>
<imagen src="MA_06_05_CO_IMG02_small.jpg">
<p>Tres maneras diferentes de presentar una división.</p>
</imagen>
<p>Por ejemplo, el famoso juego del tangram está dividido en varias
partes y cada una de ellas puede representarse con una fracción. </p>
<imagen src="MA_06_05_CO_IMG03_small.jpg">
<p>El triángulo de menor tamaño representa 1/16 del total del juego.</p>
</imagen>
<p>Hay varias maneras de leer una fracción. La más común consiste
en leer el numerador como se lee un número cualquiera y pronunciar
el denominador según la siguiente tabla.</p>
<imagen ampliable="no" src="MA_06_05_CO_IMG04_small.png">
<p>Si el denominador es mayor que 10, se lee pronunciando el número
con la terminación avos: onceavos, doceavos, treceavos, etc. </p>
</imagen>
<p>Por ejemplo:</p>
<p><negrita>Tres cuartos</negrita> de los niños de sexto prefieren
el jugo de fresa.</p>
<p>Juan Carlos ha leído <negrita>cinco octavos</negrita> del libro
“El crimen de la Hipotenusa”.</p>
<p>Las fracciones pueden interpretarse de diferentes maneras:</p>
<listaSinNumerar>
<listaElemento><negrita>Parte de un todo</negrita>: cuando se divide
el todo o la unidad en partes iguales y se toman algunas de esas partes.</listaElemento>
<listaElemento><negrita>Razón</negrita>: cuando se comparan dos cantidades
de una misma magnitud.</listaElemento>
<listaElemento><negrita>Cociente</negrita>: cuando se reparte una
cantidad entre otra.</listaElemento>
<listaElemento><negrita>Operador</negrita>: cuando se toma de un número
la parte que la fracción indica.</listaElemento>
</listaSinNumerar>
<profundiza>
<enlace
destino="/LoIdRedirect.aspx?LoId=MA_06_05_CO_Recurso010&amp;IdRecurso=RES-E631D541BD2A47B5ABD20E176BD8119E"
>Las interpretaciones de una fracción</enlace>
</profundiza><practica>
<enlace
destino="/LoIdRedirect.aspx?LoId=MA_06_05_CO_Recurso020&amp;IdRecurso=RES-1081A07091D7430FB5B1ACF4A77DCE1D"
>Escribe fracciones</enlace>
<enlace
destino="/LoIdRedirect.aspx?LoId=MA_06_05_CO_Recurso030&amp;IdRecurso=RES-FC30252716424C0A9257733DE764AB4B"
>Practica la fracción como operador</enlace>
<enlace
destino="/LoIdRedirect.aspx?LoId=MA_06_05_CO_Recurso040&amp;IdRecurso=RES-44059184854A43E0A76CCBB9E9C1C43C"
>Ejercita con un tangram de fracciones</enlace>
</practica><seccion2
id="S2_MA_06_05_CO_5420A3E9E7F243FA8DB22204EAD3A00E">
<seccion2Titulo>Consolidación</seccion2Titulo>
<seccion2Texto>
<p>Actividades para afianzar lo que has aprendido en esta sección.</p>
<practica>
<enlace
destino="/LoIdRedirect.aspx?LoId=MA_06_05_CO_Recurso060&amp;IdRecurso=RES-A06DD22338944659B924D80CAA47A3B3"
>Refuerza tu aprendizaje: Los significados de las fracciones</enlace>
</practica></seccion2Texto></seccion2></seccion1Texto></seccion1>
<seccion1 id="S1_MA_06_05_CO_799E62C5C7DB4928B4404685BAAF585B">
<seccion1Titulo>Las clases de fracciones</seccion1Titulo>
<seccion1Texto>
<p>Según la relación que existe entre el numerador y el denominador,
las fracciones se clasifican en tres tipos: propias, impropias y equivalentes
a la unidad.</p>
<listaSinNumerar>
<listaElemento><negrita>Las fracciones propias</negrita>: son aquellas
que representan números menores que 1 y se identifican porque el numerador
es menor que el denominador. En forma general:<formula
alineacion="centrada" src="MA_06_05_001.gif"></formula></listaElemento>
</listaSinNumerar>
<imagen src="MA_06_05_CO_IMG05_small.jpg">
<p>Tres cuartos del planeta Tierra está cubierto por agua; tres cuartos
es una fracción propia. </p>
</imagen>
<p>Por ejemplo:</p>
<formula alineacion="centrada" src="MA_06_05_002.gif"></formula>
<imagen src="MA_06_05_CO_IMG06_small.jpg">
<p>La parte sombreada representa cuatro sextos de la figura; cuatro
sextos es una fracción propia pues es menor que 1.</p>
</imagen>
<listaSinNumerar>
<listaElemento><negrita>Las fracciones impropias</negrita>: son aquellas
que representan números mayores que 1 y se identifican porque el numerador
es mayor que el denominador.</listaElemento>
</listaSinNumerar>
<p>En general:</p>
<formula alineacion="centrada" src="MA_06_05_003.gif"></formula>
<imagen src="MA_06_05_CO_IMG07_small.jpg">
<p>Para representar nueve sextos es necesario emplear más de una unidad,
pues la fracción nueve sextos es mayor que uno; por lo tanto, es una
fracción impropia.</p>
</imagen>
<listaSinNumerar>
<listaElemento><negrita>Las fracciones equivalentes a la unidad</negrita
>: son aquellas que representan números iguales a 1. Es decir, en
estas fracciones el numerador es igual al denominador.</listaElemento>
</listaSinNumerar>
<formula alineacion="centrada" src="MA_06_05_005.gif"></formula>
<p>Por ejemplo:</p>
<formula alineacion="centrada" src="MA_06_05_006.gif"></formula>
<imagen src="MA_06_05_CO_IMG08_small.jpg">
<p>Seis sextos es una fracción igual a 1; por eso, en su representación
gráfica se emplea toda la unidad.</p>
</imagen>
<practica>
<enlace
destino="/LoIdRedirect.aspx?LoId=MA_06_05_CO_Recurso070&amp;IdRecurso=RES-2258F645F10A46EE92DCECFEDEC6C0A1"
>Clasifica fracciones</enlace>
</practica><seccion2
id="S2_MA_06_05_CO_799E62C5C7DB4928B4404685BAAF5588">
<seccion2Titulo>La representación de fracciones en la recta numérica</seccion2Titulo>
<seccion2Texto>
<p>Los números fraccionarios o fracciones, como cualquier otro número
también se pueden representar en la recta numérica. </p>
<imagen src="MA_06_05_CO_IMG09_small.jpg">
<p>Representación gráfica de un medio y cinco tercios en la recta
numérica.</p>
</imagen>
<p>Si se considera cada espacio comprendido entre dos números naturales
(iniciando en cero) como una unidad, se puede dividir dicho espacio
en tantas partes iguales como indique el denominador, y tomar el número
de partes que indique el numerador así:</p>
<imagen src="MA_06_05_CO_IMG10_small.jpg">
<p>Se divide la unidad en el número de partes que indique el denominador
y se toma la cantidad de partes que indique el numerador; siempre
se empieza en cero.</p>
</imagen>
<practica>
<enlace
destino="/LoIdRedirect.aspx?LoId=MA_06_05_CO_Recurso080&amp;IdRecurso=RES-CA9156DCC5D54177A0FD248DC9261DF7"
>Representa fracciones en la recta numérica</enlace>
</practica></seccion2Texto></seccion2><seccion2
id="S2_MA_06_05_CO_799E62C5C7DB4928B4404685BAAF6699">
<seccion2Titulo>Consolidación</seccion2Titulo>
<seccion2Texto>
<p>Actividades para afianzar lo que has aprendido en esta sección.</p>
<practica>
<enlace
destino="/LoIdRedirect.aspx?LoId=MA_06_05_CO_Recurso090&amp;IdRecurso=RES-8B995A33C3C943B6A4FD714D018455B2"
>Refuerza tu aprendizaje: Las clases de fracciones</enlace>
</practica></seccion2Texto></seccion2></seccion1Texto></seccion1>
<seccion1 id="S1_MA_06_05_CO_4926D7FB50CB446DAF7943A894A9B623">
<seccion1Titulo>Los números mixtos</seccion1Titulo>
<seccion1Texto>
<p>Una fracción impropia se pueden expresar como un <negrita>número
mixto</negrita>.</p>
<p>Un número mixto es una expresión que está formada por un número
entero y una fracción propia.</p>
<imagen src="MA_06_05_CO_IMG11_small.jpg">
<p>Forma general de un número mixto.</p>
</imagen>
<recuerda><recuerdaTexto>
<p>Una fracción impropia es aquella en la que el numerador es mayor
que el denominador.</p>
</recuerdaTexto></recuerda><seccion2
id="S2_MA_06_05_CO_4926D7FB50CB446DAF7943A894A96633">
<seccion2Titulo>La conversión de una fracción a número mixto</seccion2Titulo>
<seccion2Texto>
<p>Observa el procedimiento para convertir una fracción impropia en
número mixto.</p>
<formula alineacion="centrada" src="MA_06_05_007.gif"></formula>
<listaNumerada>
<listaElemento>Se divide el numerador entre el denominador.</listaElemento>
<listaElemento>Se escribe el cociente como la parte entera del número
mixto.</listaElemento>
<listaElemento>Se escribe el residuo de la división como el numerador
de la fracción propia.</listaElemento>
<listaElemento>Se mantiene el mismo denominador. </listaElemento>
</listaNumerada>
<imagen src="MA_06_05_CO_IMG12_small.jpg">
<p>Conversión de una fracción impropia a número mixto.</p>
</imagen>
<practica>
<enlace
destino="/LoIdRedirect.aspx?LoId=MA_06_05_CO_Recurso100&amp;IdRecurso=RES-ED4BA51013004291BBF1349608BDA867"
>Convierte fracciones a números mixtos</enlace>
</practica></seccion2Texto></seccion2><seccion2
id="S2_MA_06_05_CO_4926D7FB50CB446DAF7943A894A97744">
<seccion2Titulo>La conversión de un número mixto a una fracción</seccion2Titulo>
<seccion2Texto>
<p>Un número mixto también se puede escribir como fracción impropia
siguiendo el proceso inverso.</p>
<formula alineacion="centrada" src="MA_06_05_008.gif"></formula>
<listaNumerada>
<listaElemento>Se multiplica el número entero por el denominador.</listaElemento>
<listaElemento>A este producto se le suma el numerador de la fracción.</listaElemento>
<listaElemento>El numerador de la fracción impropia será el resultado
anterior.</listaElemento>
<listaElemento>El denominador de la fracción impropia será el mismo
denominador del número mixto.</listaElemento>
</listaNumerada>
<imagen src="MA_06_05_CO_IMG13_small.jpg">
<p>Conversión de número mixto a fracción impropia. </p>
</imagen>
<practica>
<enlace
destino="/LoIdRedirect.aspx?LoId=MA_06_05_CO_Recurso110&amp;IdRecurso=RES-F8AEB3AF999C4CE5AAEA51E8991ADE98"
>Practica la conversión de números mixtos</enlace>
</practica></seccion2Texto></seccion2><seccion2
id="S2_MA_06_05_CO_4926D7FB50CB446DAF7943A894A98855">
<seccion2Titulo>Consolidación</seccion2Titulo>
<seccion2Texto>
<p>Actividades para afianzar lo que has aprendido en esta sección.</p>
<practica>
<enlace
destino="/LoIdRedirect.aspx?LoId=MA_06_05_CO_Recurso120&amp;IdRecurso=RES-05897F34F35D4F229363EA961CC6E244"
>Refuerza tu aprendizaje: Los números mixtos</enlace>
</practica></seccion2Texto></seccion2></seccion1Texto></seccion1>
<seccion1 id="S1_MA_06_05_CO_59BF6CF6A0DC47A4B7898C42C17FD7CE">
<seccion1Titulo>Las fracciones equivalentes</seccion1Titulo>
<seccion1Texto>
<p>Dos o más fracciones que representen la misma cantidad se denominan <negrita
>fracciones equivalentes</negrita>.</p>
<imagen src="MA_06_05_CO_IMG14_small.jpg">
<p>Las fracciones son equivalentes porque representan la misma cantidad.</p>
</imagen>
<p>De acuerdo con la imagen se observa que las dos fracciones son
equivalentes, es decir, representan la misma fracción de la unidad.</p>
<formula alineacion="centrada" src="MA_06_05_009.gif"></formula>
<p>Para comprobar si dos fracciones son equivalentes se multiplica
el numerador de la primera fracción por el denominador de la segunda,
y el denominador de la primera por el numerador de la segunda; si
los dos productos son iguales, las fracciones son equivalentes.</p>
<imagen src="MA_06_05_CO_IMG15_small.jpg">
<p>Este procedimiento se conoce como producto en cruz. Las fracciones
son equivalentes porque sus productos en cruz son iguales.</p>
</imagen>
<p>Para obtener fracciones equivalentes se pueden utilizar dos procedimientos:
la <negrita>complificación</negrita> y la <negrita>simplificación</negrita
>.</p>
<seccion2 id="S2_MA_06_05_CO_59BF6CF6A0DC47A4B7898C42C17F7744">
<seccion2Titulo>La complificación de fracciones</seccion2Titulo>
<seccion2Texto>
<p>La complificación o amplificación consiste en multiplicar tanto
el numerador como el denominador de la fracción por el mismo número
natural.</p>
<p>Por ejemplo, para amplificar la fracción</p>
<formula alineacion="centrada" src="MA_06_05_010.gif"></formula>
<p>se pueden multiplicar por 7 el numerador y el denominador, así:</p>
<formula alineacion="centrada" src="MA_06_05_011.gif"></formula>
<p>En conclusión, las fracciones son equivalentes y se escribe:</p>
<formula alineacion="centrada" src="MA_06_05_012.gif"></formula>
<destacado><destacadoTitulo>Amplificar fracciones</destacadoTitulo>
<destacadoTexto>
<p>El proceso de amplificar fracciones consiste en multiplicar el
numerador y el denominador por el mismo número.</p>
<p>En general,</p>
<formula alineacion="centrada" src="MA_06_05_013.gif"></formula>
<p>Donde <cursiva>n</cursiva> es cualquier número natural.</p>
</destacadoTexto></destacado></seccion2Texto></seccion2><seccion2
id="S2_MA_06_05_CO_59BF6CF6A0DC47A4B7898C42C17F8855">
<seccion2Titulo>La simplificación de fracciones</seccion2Titulo>
<seccion2Texto>
<p>Las fracciones equivalentes también se pueden hallar por medio
de la simplificación.  Este proceso consiste en dividir el numerador
y el denominador entre el mismo número natural.</p>
<p>Por ejemplo, para simplificar la fracción</p>
<formula alineacion="centrada" src="MA_06_05_014.gif"></formula>
<p>se pueden dividir tanto el numerador como el denominador entre
2, puesto que los dos números son pares.</p>
<formula alineacion="centrada" src="MA_06_05_015.gif"></formula>
<p>También se puede dividir entre 3, porque tanto 12 como 60 son múltiplos
de 3.</p>
<formula alineacion="centrada" src="MA_06_05_016.gif"></formula>
<p>Por medio de la simplificación se hallaron dos fracciones equivalentes,
es decir,</p>
<formula alineacion="centrada" src="MA_06_05_017.gif"></formula>
<destacado><destacadoTitulo>Simplificar fracciones</destacadoTitulo>
<destacadoTexto>
<p>El proceso de simplificar fracciones consiste en dividir el numerador
y el denominador por el mismo número.</p>
<p>En general,</p>
<formula alineacion="centrada" src="MA_06_05_018.gif"></formula>
<p>Donde <cursiva>n</cursiva> es debe ser divisor de <cursiva>a</cursiva
> y de <cursiva>b</cursiva>.</p>
</destacadoTexto></destacado>
<imagen src="MA_06_05_CO_IMG16_small.jpg">
<p>Al simplificar fracciones se llega a la fracción irreducible.</p>
</imagen>
<imagen src="MA_06_05_CO_IMG17_small.jpg">
<p>En una fracción irreducible, el numerador y el denominador son
primos entre sí, es decir, su máximo común divisor es 1.</p>
</imagen>
<p>La forma más sencilla de obtener la fracción irreducible equivalente
a una fracción dada es hallar el máximo común divisor (m.c.d.) entre
el numerador y el denominador y dividir ambos términos entre ese número.</p>
<p>Por ejemplo, para hallar la fracción irreducible de</p>
<formula alineacion="centrada" src="MA_06_05_019.gif"></formula>
<p>se halla el M.C.D. entre 24 y 18, que es 6; luego, se divide tanto
el numerador como el denominador entre este número.</p>
<formula alineacion="centrada" src="MA_06_05_020.gif"></formula>
<destacado><destacadoTitulo>Fracción irreducible</destacadoTitulo>
<destacadoTexto>
<p>Una fracción irreducible es aquella en la que el m.c.d. entre el
numerador y el denominador es 1.</p>
</destacadoTexto></destacado><profundiza>
<enlace
destino="/LoIdRedirect.aspx?LoId=MA_06_05_CO_Recurso130&amp;IdRecurso=RES-267A16BD861E452391256CE906564EBC"
>La fracción irreducible</enlace>
</profundiza><practica>
<enlace
destino="/LoIdRedirect.aspx?LoId=MA_06_05_CO_Recurso140&amp;IdRecurso=RES-DCA87B0140C14F96A59899DFE3C3E961"
>Ejercita fracciones equivalentes</enlace>
<enlace
destino="/LoIdRedirect.aspx?LoId=MA_06_05_CO_Recurso150&amp;IdRecurso=RES-4B5D0871A3754CE18165006E2FF9EC1C"
>Escribe fracciones irreducibles</enlace>
<enlace
destino="/LoIdRedirect.aspx?LoId=MA_06_05_CO_Recurso160&amp;IdRecurso=RES-AE3044AA6EBE4AD38C1CF8DBBD781B81"
>Completa un texto sobre fracciones equivalentes</enlace>
<enlace
destino="/LoIdRedirect.aspx?LoId=MA_06_05_CO_Recurso170&amp;IdRecurso=RES-C1A47B6B44894658B645851C922AACED"
>Resuelve problemas con fracciones</enlace>
</practica></seccion2Texto></seccion2><seccion2
id="S2_MA_06_05_CO_59BF6CF6A0DC47A4B7898C42C17F9966">
<seccion2Titulo>Consolidación</seccion2Titulo>
<seccion2Texto>
<p>Actividades para afianzar lo que has aprendido en esta sección.</p>
<practica>
<enlace
destino="/LoIdRedirect.aspx?LoId=MA_06_05_CO_Recurso180&amp;IdRecurso=RES-6E9BBF4DBC06486AAD9F35C2C1B4B997"
>Refuerza tu aprendizaje: Las fracciones equivalentes</enlace>
</practica></seccion2Texto></seccion2></seccion1Texto></seccion1>
<seccion1 id="S1_MA_06_05_CO_93259902924E4D9BB795C18394F0F4F3">
<seccion1Titulo>La comparación de fracciones</seccion1Titulo>
<seccion1Texto>
<p>Las fracciones, al igual que los números naturales, se pueden comparar.
Este procedimiento se utiliza para saber cuál fracción es mayor, menor
o igual a otra o simplemente para organizar un grupo de fracciones
en forma ascendente o descendente.</p>
<p>Cuando se comparan dos fracciones se deben tener en cuenta tres
situaciones.</p>
<listaSinNumerar>
<listaElemento>Las fracciones tienen el mismo denominador.</listaElemento>
<listaElemento>Las fracciones tienen el mismo numerador.</listaElemento>
<listaElemento>Las fracciones tienen numerador y denominador diferentes.</listaElemento>
</listaSinNumerar>
<profundiza>
<enlace
destino="/LoIdRedirect.aspx?LoId=MA_06_05_CO_Recurso190&amp;IdRecurso=RES-DFA840E14E8C49C7BBA86ACCB1AC20EB"
>La comparación de fracciones</enlace>
</profundiza><practica>
<enlace
destino="/LoIdRedirect.aspx?LoId=MA_06_05_CO_Recurso200&amp;IdRecurso=RES-63CAED6C75C841DCA503C205F476CD38"
>Compara fracciones</enlace>
</practica><seccion2
id="S1_MA_06_05_CO_93259902924E4D9BB795C18394F04433">
<seccion2Titulo>Consolidación</seccion2Titulo>
<seccion2Texto>
<p>Actividades para afianzar lo que has aprendido en esta sección.</p>
<practica>
<enlace
destino="/LoIdRedirect.aspx?LoId=MA_06_05_CO_Recurso220&amp;IdRecurso=RES-3C7500DBA33244BD937B632C9AEF713E"
>Refuerza tu aprendizaje: La comparación de fracciones</enlace>
</practica></seccion2Texto></seccion2></seccion1Texto></seccion1>
<seccion1 id="S1_MA_06_05_CO_1BCC10A685A5434B86E63A19B1FF8C9D">
<seccion1Titulo>Competencias</seccion1Titulo>
<seccion1Texto><practica>
<enlace
destino="/LoIdRedirect.aspx?LoId=MA_06_05_CO_Recurso230&amp;IdRecurso=RES-D321EEF5DFC0420893C3EA21D0F431FD"
>Competencias: El empleo de las fracciones como operador</enlace>
<enlace
destino="/LoIdRedirect.aspx?LoId=MA_06_05_CO_Recurso240&amp;IdRecurso=RES-0093FF695CB048AC952A540C0695EDD2"
>Competencias: Resuelve problemas que involucran fracciones</enlace>
</practica></seccion1Texto></seccion1><masinformacion
id="MI_MA_06_05_CO_4A9B85BB06784558A981B9BF9BCA7BF8"><mapaconceptual>
<enlace
destino="/LoIdRedirect.aspx?LoId=MA_06_05_CO_Recurso260&amp;IdRecurso=RES-A9E1E0917B014D83AE1248D5F9A5097C"
>Mapa Conceptual</enlace></mapaconceptual><autoevaluate><enlace
destino="/LoIdRedirect.aspx?LoId=MA_06_05_CO_Recurso270&amp;IdRecurso=RES-5340DEF4A22C4111A904A6BC454EFF2C"
>Evaluación</enlace></autoevaluate><enlacesreferencia>
<enlace destino="http://www.educaplus.org/play-44-Fracciones.html "
>Fracciones</enlace>
<enlace
destino="http://www.educaplus.org/play-90-Fracciones-equivalentes-II.html "
>Practica las fracciones equivalentes</enlace>
<enlace
destino="http://www.educaplus.org/play-91-Fracciones-impropias.html "
>Fracciones impropias y números mixtos</enlace><?Pub Caret -3?>
</enlacesreferencia></masinformacion></libro>
