﻿<?xml version="1.0" encoding="utf-8"?>
<motor tipo="5" clase="a" aprid="m5a">
  <plataforma>
    <grado><![CDATA[2]]></grado>
    <titulo>Divide fracciones algebraicas</titulo>
    <area>0</area>
    <nivel>3</nivel>
    <referencia />
    <idreg><![CDATA[0]]></idreg>
    <motor><![CDATA[M5A]]></motor>
    <lang>es</lang>
  </plataforma>
  <enunciado><![CDATA[Resuelve los siguientes cocientes.]]></enunciado>
  <masinfo inicio="0" />
  <sinaleatoriedad><![CDATA[0]]></sinaleatoriedad>
  <calc><![CDATA[0]]></calc>
  <respuestaunica><![CDATA[1]]></respuestaunica>
  <test cantidad="5">
    <cuestion>
      <enunciado><![CDATA[Efectúa la siguiente operación.]]></enunciado>
      <explicacion />
      <imagen><![CDATA[MA_08_05_REC240_IMG01n.png]]></imagen>
      <ampliacion><![CDATA[MA_08_05_REC240_IMG01a.png]]></ampliacion>
      <respuestas>
        <respuesta contestacion="4{{cur}}wy{{normal}}" correcta="1" />
        <respuesta contestacion="36{{cur}}w{{normal}}³{{cur}}y{{normal}}⁵" correcta="0" />
        <respuesta contestacion="{{cur}}wy{{normal}}" correcta="0" />
        <respuesta contestacion="36{{cur}}w{{normal}}³{{cur}}y{{normal}}²" correcta="0" />
      </respuestas>
    </cuestion>
    <cuestion>
      <enunciado><![CDATA[Efectúa la siguiente operación.]]></enunciado>
      <explicacion />
      <imagen><![CDATA[MA_08_05_REC240_IMG02n.png]]></imagen>
      <ampliacion><![CDATA[MA_08_05_REC240_IMG02a.png]]></ampliacion>
      <respuestas>
        <respuesta contestacion="1" correcta="1" />
        <respuesta contestacion="{{cur}}x{{normal}} – 3 " correcta="0" />
        <respuesta contestacion="18({{cur}}x{{normal}} – 1)" correcta="0" />
        <respuesta contestacion="2" correcta="0" />
      </respuestas>
    </cuestion>
    <cuestion>
      <enunciado><![CDATA[Efectúa la siguiente operación.]]></enunciado>
      <explicacion />
      <imagen><![CDATA[MA_08_05_REC240_IMG03n.png]]></imagen>
      <ampliacion><![CDATA[MA_08_05_REC240_IMG03a.png]]></ampliacion>
      <respuestas>
        <respuesta contestacion="{{cur}}abc{{normal}}" correcta="1" />
        <respuesta contestacion="3{{cur}}abc{{normal}}" correcta="0" />
        <respuesta contestacion="120{{cur}}a{{normal}}⁵{{cur}}b{{normal}}³{{cur}}c{{normal}}³" correcta="0" />
        <respuesta contestacion="2{{cur}}abc{{normal}}" correcta="0" />
      </respuestas>
    </cuestion>
    <cuestion>
      <enunciado><![CDATA[Efectúa la siguiente operación.]]></enunciado>
      <explicacion />
      <imagen><![CDATA[MA_08_05_REC240_IMG04n.png]]></imagen>
      <ampliacion><![CDATA[MA_08_05_REC240_IMG04a.png]]></ampliacion>
      <respuestas>
        <respuesta contestacion="50{{cur}}dfe{{normal}}³" correcta="1" />
        <respuesta contestacion="{{cur}}de{{normal}}³{{cur}}f{{normal}}" correcta="0" />
        <respuesta contestacion="100{{cur}}d{{normal}}⁷{{cur}}e{{normal}}⁷" correcta="0" />
        <respuesta contestacion="10{{cur}}fe{{normal}}{{cur}}d{{normal}}³" correcta="0" />
      </respuestas>
    </cuestion>
    <cuestion>
      <enunciado><![CDATA[Determina la expresión algebraica que representa la medida de la base del triángulo.]]></enunciado>
      <explicacion />
      <imagen><![CDATA[MA_08_05_REC240_IMG05n.png]]></imagen>
      <ampliacion><![CDATA[MA_08_05_REC240_IMG05a.png]]></ampliacion>
      <respuestas>
        <respuesta contestacion="36{{cur}}a{{normal}}²{{cur}}nt{{normal}}" correcta="0" />
        <respuesta contestacion="72{{cur}}m{{normal}}⁴{{cur}}n{{normal}}⁷{{cur}}a{{normal}}⁵" correcta="0" />
        <respuesta contestacion="36{{cur}}atn{{normal}}" correcta="0" />
        <respuesta contestacion="{{cur}}a{{normal}}/(9{{cur}}nt{{normal}})" correcta="1" />
      </respuestas>
    </cuestion>
  </test>
</motor>