﻿<?xml version="1.0" encoding="utf-8"?>
<motor tipo="1" clase="b" aprid="m1b">
  <plataforma>
    <grado><![CDATA[2]]></grado>
    <titulo>Practica las equivalencias de las potencias de {{cur}}i{{normal}}</titulo>
    <area>0</area>
    <nivel>2</nivel>
    <referencia />
    <idreg><![CDATA[0]]></idreg>
    <motor><![CDATA[M1B]]></motor>
    <lang>es</lang>
  </plataforma>
  <enunciado><![CDATA[Analiza cada potencia de {{cur}}i{{normal}}. Escoge el enunciado correspondiente.]]></enunciado>
  <masinfo inicio="0"><![CDATA[Recuerda que: {{cur}}i{{normal}}°  = 1 {{cur}}i{{normal}}¹  = {{cur}}i{{normal}}{{cur}}i{{normal}}² = -1{{cur}}i{{normal}}³ = -1 x {{cur}}i{{normal}}  =  -{{cur}}i{{normal}}{{cur}}i{{normal}}{{sup}}4{{normal}} = -1 x -1 = 1]]></masinfo>
  <sinaleatoriedad><![CDATA[0]]></sinaleatoriedad>
  <calc><![CDATA[0]]></calc>
  <textoatexto cantidad="4">
    <cuestion>
      <pregunta><![CDATA[{{cur}}i{{normal}}¹²]]></pregunta>
      <respuesta><![CDATA[El resultado de esta potencia es 1 porque al dividir el exponente entre 4, el residuo es 0.        ]]></respuesta>
    </cuestion>
    <cuestion>
      <pregunta><![CDATA[{{cur}}i{{normal}}²5]]></pregunta>
      <respuesta><![CDATA[El resultado de esta potencia es {{cur}}i{{normal}} porque al dividir el exponente entre 4, el residuo es 1.        ]]></respuesta>
    </cuestion>
    <cuestion>
      <pregunta><![CDATA[{{cur}}i{{normal}}³47]]></pregunta>
      <respuesta><![CDATA[El resultado de esta potencia es -{{cur}}i{{normal}} porque al dividir el exponente entre 4, el residuo es 3.       ]]></respuesta>
    </cuestion>
    <cuestion>
      <pregunta><![CDATA[{{cur}}i{{normal}}¹°³4]]></pregunta>
      <respuesta><![CDATA[El resultado de esta potencia es -1 porque al dividir el exponente entre 4, el residuo es 2.   ]]></respuesta>
    </cuestion>
  </textoatexto>
  <textofalso cantidad="0" />
  <temps>20</temps>
</motor>