﻿<?xml version="1.0" encoding="UTF-8"?><motor tipo="4" clase="a" aprid="M4a"><plataforma><grado><![CDATA[2]]></grado><titulo>Calcula probabilidades</titulo><area>3</area><nivel><![CDATA[2]]></nivel><referencia><![CDATA[MT_09_12_07]]></referencia><idreg><![CDATA[3724]]></idreg><motor><![CDATA[M4A]]></motor><lang>es</lang></plataforma><enunciado><![CDATA[Resuelve los siguientes ejercicios sobre probabilidades.]]></enunciado><masinfo inicio="0" /><sinaleatoriedad><![CDATA[0]]></sinaleatoriedad><calc>1</calc><respuestaunica><![CDATA[1]]></respuestaunica><test cantidad="6"><cuestion><enunciado><![CDATA[Si extraemos una carta de una baraja de 48 cartas y lanzamos una moneda al aire, calcula la probabilidad de que salga espadas y cara.]]></enunciado><explicacion /><imagen /><respuestas><respuesta contestacion="0,125" correcta="1" /><respuesta contestacion="0,5" correcta="0" /><respuesta contestacion="0,25" correcta="0" /></respuestas></cuestion><cuestion><enunciado><![CDATA[Si un jugador tiene un 80 % de aciertos en los tiros libres, ¿cuál es la probabilidad de que solo acierte uno de los dos si lanza 2 tiros libres seguidos?]]></enunciado><explicacion /><imagen /><respuestas><respuesta contestacion="0,32" correcta="1" /><respuesta contestacion="0,04" correcta="0" /><respuesta contestacion="0,16" correcta="0" /></respuestas></cuestion><cuestion><enunciado><![CDATA[En una clase hay 19 chicas y 21 chicos. Si seleccionamos al azar 2 alumnos, ¿cuál es la probabilidad de que sean dos chicas?]]></enunciado><explicacion /><imagen /><respuestas><respuesta contestacion="0,219" correcta="1" /><respuesta contestacion="0,226" correcta="0" /><respuesta contestacion="0,55" correcta="0" /></respuestas></cuestion><cuestion><enunciado><![CDATA[Calcula la probabilidad de que la suma sea 6 si lanzamos 2 dados y sumamos los puntos conseguidos.]]></enunciado><explicacion /><imagen /><respuestas><respuesta contestacion="0,28" correcta="0" /><respuesta contestacion="0,14" correcta="1" /><respuesta contestacion="0,35" correcta="0" /></respuestas></cuestion><cuestion><enunciado><![CDATA[Calcula la probabilidad de sacar un 6 de una urna con 10 bolas numeradas del 0 al 9.]]></enunciado><explicacion /><imagen /><respuestas><respuesta contestacion="0,1" correcta="1" /><respuesta contestacion="0,6" correcta="0" /><respuesta contestacion="0,5" correcta="0" /></respuestas></cuestion><cuestion><enunciado><![CDATA[Calcula la probabilidad de ganar el gordo de la loteria nacional si el número consta de 5 cifras.]]></enunciado><explicacion /><imagen /><respuestas><respuesta contestacion="0,00001" correcta="1" /><respuesta contestacion="0,0001" correcta="0" /><respuesta contestacion="0,001" correcta="0" /></respuestas></cuestion></test></motor>