﻿<?xml version="1.0" encoding="UTF-8"?><engine copy="Editorial Planeta" version="1" aprid="f1"><css><![CDATA[.defaultCSSBox2 {
	background: #000000;
}
.defaultCSSBox3 {
	background: #ffffff;
}
.popupbox {
	-webkit-border-radius: 10px;
    -moz-border-radius: 10px;
    border-radius: 10px;
    border:2px solid #000000;
    background-color:#FFFFFF;
}]]></css><pantallas><pantalla id="pantalla_5"><event id="onPrepare" language="DO"><![CDATA[]]></event><event id="onShown" language="DO"><![CDATA[]]></event><components><component _type="_compSlider" id="diaporama_77" x="0" y="0" width="950" height="608" alpha="1" visible="1" enabled="1" transMode="1" /><component _type="_compSliderNav" id="slidernav_122" x="45" y="526" width="162" height="37" alpha="1" visible="1" enabled="1" sliderId="diaporama_77" showHome="1" whiteButtons="0" mode="1" /></components><animaciones></animaciones><slider id="diaporama_77"><pantalla id="pantalla_11"><event id="onPrepare" language="DO"><![CDATA[]]></event><event id="onShown" language="DO"><![CDATA[]]></event><components><component _type="_compImage" id="image_15" x="236" y="148" width="478" height="447" alpha="1" visible="1" enabled="1" cssClass="" adjustMode="4" alignMode="0" image="data/imagenes/image_12.jpg" /><component _type="_compRichText" id="texto_126" x="-5" y="55" width="957" height="90" alpha="1" visible="1" enabled="1" scrollable="1"><content><![CDATA[<p style="text-align:center"><span style="font-size:30px"><span style="font-family:georgia,serif">Experimentos aleatorios y sucesos
</span></span></p>
]]></content></component></components><animaciones></animaciones></pantalla><pantalla id="pantalla_15"><event id="onPrepare" language="DO"><![CDATA[]]></event><event id="onShown" language="DO"><![CDATA[]]></event><components><component _type="_compRichText" id="texto_126" x="107" y="127" width="374" height="134" alpha="1" visible="1" enabled="1" scrollable="1"><content><![CDATA[<p><span style="font-size:20px"><span style="font-family:verdana,geneva,sans-serif">¿Creéis que se puede predecir cuál será el resultado de tirar una moneda al aire?
</span></span></p>
]]></content></component><component _type="_compImage" id="image_15" x="506" y="149" width="287" height="447" alpha="1" visible="1" enabled="1" cssClass="" adjustMode="4" alignMode="0" image="data/imagenes/image_25.jpg" /></components><animaciones></animaciones></pantalla><pantalla id="pantalla_19"><event id="onPrepare" language="DO"><![CDATA[]]></event><event id="onShown" language="DO"><![CDATA[]]></event><components><component _type="_compRichText" id="texto_126" x="107" y="127" width="389" height="241" alpha="1" visible="1" enabled="1" scrollable="1"><content><![CDATA[<p><span style="font-size:20px"><span style="font-family:verdana,geneva,sans-serif"> ¿Verdad que no? Es un <b>experimento aleatorio</b>. Pero, ¿y si se lanza una pelota al aire? ¿Podéis predecir si volverá a caer al suelo?
 </span></span></p>
]]></content></component><component _type="_compImage" id="image_15" x="516" y="149" width="359" height="447" alpha="1" visible="1" enabled="1" cssClass="" adjustMode="4" alignMode="0" image="data/imagenes/image_35.jpg" /></components><animaciones></animaciones></pantalla><pantalla id="pantalla_23"><event id="onPrepare" language="DO"><![CDATA[]]></event><event id="onShown" language="DO"><![CDATA[]]></event><components><component _type="_compImage" id="image_15" x="506" y="149" width="359" height="447" alpha="1" visible="1" enabled="1" cssClass="" adjustMode="4" alignMode="0" image="data/imagenes/image_43.jpg" /><component _type="_compRichText" id="texto_126" x="107" y="127" width="379" height="241" alpha="1" visible="1" enabled="1" scrollable="1"><content><![CDATA[<p><span style="font-size:20px"><span style="font-family:verdana,geneva,sans-serif">¡Correcto! <b>Se puede predecir</b> que la pelota volverá a caer. En este caso, como  se  puede predecir el <b>resultado</b> de este experimento, se denomina <b>experimento determinista</b>.
</span></span></p>
]]></content></component></components><animaciones></animaciones></pantalla><pantalla id="pantalla_27"><event id="onPrepare" language="DO"><![CDATA[]]></event><event id="onShown" language="DO"><![CDATA[]]></event><components><component _type="_compRichText" id="texto_126" x="107" y="127" width="379" height="200" alpha="1" visible="1" enabled="1" scrollable="1"><content><![CDATA[<p><span style="font-size:20px"><span style="font-family:verdana,geneva,sans-serif">Un <b>suceso</b> es un subconjunto de uno o varios <b>resultados posibles</b> del experimento. Al lanzar un dado se puede dar el suceso llamado <i>A</i> que sea "sacar número par".
  </span></span></p>
]]></content></component><component _type="_compImage" id="image_15" x="506" y="149" width="359" height="447" alpha="1" visible="1" enabled="1" cssClass="" adjustMode="4" alignMode="0" image="data/imagenes/image_43.jpg" /><component _type="_compRichText" id="texto_31" x="107" y="297" width="379" height="136" alpha="1" visible="1" enabled="1" scrollable="1"><content><![CDATA[<p><span style="font-size:20px"><span style="font-family:verdana,geneva,sans-serif"><b>SACAR NÚMERO PAR:</b>
</span></span></p>
]]></content></component><component _type="_compRichText" id="aa" x="107" y="341" width="239" height="107" alpha="1" visible="1" enabled="1" scrollable="1"><content><![CDATA[<p><span style="font-size:20px"><span style="font-family:verdana,geneva,sans-serif"><strong>A = { 2 , 4 , 6}</strong></span></span></p>
]]></content></component></components><animaciones><anim id="Entrada"><![CDATA[{"aa":[],"aa.x":[{"time":0,"value":107,"easing":"Linear.EaseNone"}],"aa.y":[{"time":0,"value":337,"easing":"Linear.EaseNone"}],"aa.width":[{"time":0,"value":239,"easing":"Linear.EaseNone"}],"aa.height":[{"time":0,"value":107,"easing":"Linear.EaseNone"}],"aa.alpha":[{"time":0,"value":1,"easing":"Linear.EaseNone"}]}]]></anim></animaciones></pantalla><pantalla id="pantalla_36"><event id="onPrepare" language="DO"><![CDATA[]]></event><event id="onShown" language="DO"><![CDATA[]]></event><components><component _type="_compRichText" id="texto_126" x="107" y="127" width="379" height="200" alpha="1" visible="1" enabled="1" scrollable="1"><content><![CDATA[<p><span style="font-size:20px"><span style="font-family:verdana,geneva,sans-serif">Un <b>suceso</b> puede ser <b>elemental</b> o <b>compuesto</b>. ¿Creéis que el suceso "sacar un 3 al lanzar un dado" es un suceso elemental o compuesto?
</span></span></p>
]]></content></component><component _type="_compImage" id="image_15" x="506" y="149" width="347" height="447" alpha="1" visible="1" enabled="1" cssClass="" adjustMode="4" alignMode="0" image="data/imagenes/image_60.jpg" /></components><animaciones></animaciones></pantalla><pantalla id="pantalla_40"><event id="onPrepare" language="DO"><![CDATA[]]></event><event id="onShown" language="DO"><![CDATA[]]></event><components><component _type="_compRichText" id="texto_126" x="107" y="127" width="362" height="296" alpha="1" visible="1" enabled="1" scrollable="1"><content><![CDATA[<p><span style="font-size:20px"><span style="font-family:verdana,geneva,sans-serif">&iexcl;Exactamente! Es un <strong>suceso elemental</strong> ya que <strong>solo</strong> contempla un <strong>resultado posible</strong>.<br />
<br />
&iquest;Y sacar un n&uacute;mero menor o igual que 2?</span></span></p>
]]></content></component><component _type="_compImage" id="image_15" x="506" y="149" width="347" height="371" alpha="1" visible="1" enabled="1" cssClass="" adjustMode="4" alignMode="0" image="data/imagenes/image_63.jpg" /></components><animaciones></animaciones></pantalla><pantalla id="pantalla_44"><event id="onPrepare" language="DO"><![CDATA[]]></event><event id="onShown" language="DO"><![CDATA[]]></event><components><component _type="_compImage" id="image_15" x="506" y="149" width="334" height="371" alpha="1" visible="1" enabled="1" cssClass="" adjustMode="4" alignMode="0" image="data/imagenes/image_66.jpg" /><component _type="_compRichText" id="texto_126" x="107" y="127" width="345" height="296" alpha="1" visible="1" enabled="1" scrollable="1"><content><![CDATA[<p><span style="font-size:20px"><span style="font-family:verdana,geneva,sans-serif">Ahora se trata de un <strong>suceso compuesto</strong>, ya que contempla varios <strong>resultados posibles</strong>, el 1, y el 2. </span></span></p>
]]></content></component><component _type="_compIconButton" id="iconbutton_34" x="226" y="526" width="37" height="37" alpha="1" visible="1" enabled="1" cssClass="iconInfoButton" group="-1"><event id="onClick" language="DO"><![CDATA[popup_open("pantalla_48")]]></event></component></components><animaciones></animaciones></pantalla></slider></pantalla></pantallas><popups><pantalla id="pantalla_48"><event id="onPrepare" language="DO"><![CDATA[]]></event><event id="onShown" language="DO"><![CDATA[]]></event><components><component _type="_compCSSBox" id="fondo_154" x="-2" y="82" width="868" height="608" alpha="1" visible="1" enabled="1" cssClass="defaultCSSBox3" /><component _type="_compCSSBox" id="fondo_52" x="81" y="2" width="868" height="608" alpha="1" visible="1" enabled="1" cssClass="defaultCSSBox3" /><component _type="_compIconButton" id="iconbutton_40" x="868" y="45" width="37" height="37" alpha="1" visible="1" enabled="1" cssClass="iconCloseButton" group="-1"><event id="onClick" language="DO"><![CDATA[popup_close()]]></event></component><component _type="_compRichText" id="texto_126" x="101" y="109" width="426" height="435" alpha="1" visible="1" enabled="1" scrollable="1"><content><![CDATA[<p><span style="font-size:18px"><span style="font-family:verdana,geneva,sans-serif">Un experimento aleatorio puede ser <strong>equiprobable</strong> o no. Por ejemplo, al lanzar un dado al aire, todos sus resultados posibles son <strong>equiprobables</strong> ya que tienen la misma probabilidad de suceder, es decir, tiene un 1/6 de probabilidades de suceder.<br />
<br />
Pero si el experimento consiste en sumar el resultado de dos dados, no tiene la misma probabilidad el resultado &quot;sacar un 2&quot; que el resultado &quot;sacar un 7&quot; ya que hay muchas m&aacute;s combinaciones posibles para sacar un 7. Entonces, se tratar&iacute;a de un suceso aleatorio pero no <strong>equiprobable.</strong> </span></span></p>
]]></content></component><component _type="_compImage" id="image_15" x="568" y="142" width="276" height="369" alpha="1" visible="1" enabled="1" cssClass="" adjustMode="4" alignMode="0" image="data/imagenes/image_82.jpg" /></components><animaciones></animaciones></pantalla></popups></engine>