<?xml version="1.0" encoding="iso-8859-1"?>
<metadata xmlns="urn:InfoRecurso">
  <identificador>RES-0EE3ED317A954068BC351833ECA1A39E</identificador>
  <loid>MT_09_12_Recurso280</loid>
  <titulo>Refuerza tu aprendizaje: Los experimentos aleatorios compuestos</titulo>
  <descripcion>Actividades sobre Los experimentos aleatorios compuestos</descripcion>
  <relacionado>0</relacionado>
  <tiporecurso>Recurso sin ficha</tiporecurso>
  <tiempoestimado>20</tiempoestimado>
  <acciondidactica>Preguntas con respuesta libre</acciondidactica>
  <competencia>Competencia matem�tica</competencia>
  <competencias>
    <descriptor>1_1_4</descriptor>
    <descriptor>2_1_1</descriptor>
    <descriptor>2_1_2</descriptor>
    <descriptor>2_2_1</descriptor>
    <descriptor>2_3_4</descriptor>
    <descriptor>2_3_5</descriptor>
    <descriptor>2_3_7</descriptor>
  </competencias>
  <tipomedia pesado="false" matricula="">Actividad</tipomedia>
  <conceptos>
    <concepto>experimento</concepto>
    <concepto>aleatorio</concepto>
    <concepto>suceso</concepto>
    <concepto>elemental</concepto>
    <concepto>compuesto</concepto>
    <concepto>frecuencia</concepto>
    <concepto>absoluta</concepto>
    <concepto>relativa</concepto>
    <concepto>probabilidad</concepto>
  </conceptos>
</metadata>