﻿<?xml version="1.0" encoding="UTF-8"?>
<?xml-stylesheet href="cuadernoestudio/dtd/libro.xslt" type="text/xsl"?>
<!--Arbortext, Inc., 1988-2015, v.4002-->
<!DOCTYPE libro SYSTEM "cuadernoestudio/dtd/libro.dtd">
<libro id="MA_09_06_CO">
<libroTitulo>La función y la ecuación cuadrática </libroTitulo>
<seccion1 id="S1_MA_09_06_CO_7848532F7E984E7AA409F8C5D5B8B1CE">
<seccion1Titulo>La función cuadrática</seccion1Titulo>
<seccion1Texto>
<p>La <negrita>funciones cuadráticas</negrita> se definen como las
funciones que se pueden escribir de la forma <cursiva>f</cursiva>(<cursiva
>x</cursiva>) = <cursiva>ax</cursiva><superindice>2</superindice> + <cursiva
>bx</cursiva> + <cursiva>c</cursiva>, donde <cursiva>a, b, c</cursiva
> son números reales con <cursiva>a</cursiva> ≠ 0.  </p>
<p>Por ejemplo, las funciones <cursiva>f</cursiva>(<cursiva>x</cursiva
>) = <cursiva>x</cursiva><superindice>2</superindice> + 3<cursiva
>x</cursiva> + 1; <cursiva>g</cursiva>(<cursiva>x</cursiva>) = –5<cursiva
>x</cursiva><superindice>2</superindice> – 8 y <cursiva>h</cursiva
>(<cursiva>x</cursiva>) = –<cursiva>x</cursiva><superindice>2</superindice
> son funciones cuadráticas. A este tipo de funciones cuadráticas
también se les conoce como funciones de segundo grado porque el exponente
del término <cursiva>ax</cursiva><superindice>2</superindice> es 2.
En cada una de ellas se identifican los valores de <cursiva>a, b</cursiva
> y <cursiva>c</cursiva>. </p>
<p>Así, en la función <cursiva>f</cursiva>(<cursiva>x</cursiva>) = <cursiva
>x</cursiva><superindice>2</superindice> + 3<cursiva>x</cursiva> +
1, <cursiva>a</cursiva> = 1, <cursiva>b</cursiva> = 3 y <cursiva>c</cursiva
> = 1; en la función <cursiva>g</cursiva>(<cursiva>x</cursiva>) =
–5<cursiva>x</cursiva><superindice>2</superindice> – 8, <cursiva>a</cursiva
> = –5, <cursiva>b</cursiva> = 0 y <cursiva>c</cursiva> = –8 y en <cursiva
>h</cursiva>(<cursiva>x</cursiva>) = –<cursiva>x</cursiva><superindice
>2</superindice>, <cursiva>a</cursiva> = –1; <cursiva>b</cursiva> =
0 y <cursiva>c</cursiva> = 0.</p>
<seccion2 id="S2_MA_09_06_CO_B74D4D73027544E6A7198EF03CC728A7">
<seccion2Titulo>La representación gráfica de las funciones cuadráticas</seccion2Titulo>
<seccion2Texto>
<p>Para obtener la representación gráfica de una función cuadrática,
debemos construir una tabla de valores y, después, ubicar los pares
ordenados obtenidos en un sistema de coordenadas cartesianas. Para
ello, debemos asignar valores a la variable <cursiva>x</cursiva> y
calcular mediante la función los que corresponden a la variable dependiente <cursiva
>y</cursiva>.   </p>
<p>Ejemplos</p>
<listaSinNumerar>
<listaElemento>La función <cursiva>f</cursiva>(<cursiva>x</cursiva
>) = <cursiva>x</cursiva><superindice>2</superindice>, con <cursiva
>x</cursiva> ∈ ℝ es una función cuadrática, con <cursiva>a</cursiva
> = 1, <cursiva>b</cursiva> = 0 y <cursiva>c</cursiva> = 0. Para obtener
una representación gráfica se asignan valores a la variable independiente <cursiva
>x</cursiva>, luego se determinan los valores de <cursiva>f</cursiva
>(<cursiva>x</cursiva>) así: </listaElemento>
</listaSinNumerar>
<table cellpadding="5" cellspacing="0"><caption>Tabla de valores para
la función <cursiva>f</cursiva>(<cursiva>x</cursiva>) = <cursiva>x</cursiva
><superindice>2</superindice></caption><colgroup align="center"><col/>
<col/><col/><col/><col/><col/><col/><col/></colgroup>
<tbody>
<tr>
<td><cursiva>x</cursiva></td>
<td>0</td>
<td>1</td>
<td>–1</td>
<td>2</td>
<td>–2</td>
<td>3</td>
<td>–3</td>
</tr>
<tr>
<td><cursiva>f</cursiva>(<cursiva>x</cursiva>)</td>
<td>0</td>
<td>1</td>
<td>1</td>
<td>4</td>
<td>4</td>
<td>9</td>
<td>9</td>
</tr>
</tbody>
</table>
<p>Teniendo estos puntos se puede trazar su gráfica.</p>
<imagen src="MA_09_06_CO_IMG02_small.png">
<p>Gráfica de la función <cursiva>f</cursiva>(<cursiva>x</cursiva
>) = <cursiva>x</cursiva><superindice>2</superindice>.</p>
</imagen>
<listaSinNumerar>
<listaElemento>La función <cursiva>f</cursiva>(<cursiva>x</cursiva
>) = <cursiva>x</cursiva><superindice>2</superindice> + 2<cursiva
>x</cursiva>, con <cursiva>x</cursiva> ∈  ℝ es una función cuadrática
puesto que <cursiva>a</cursiva> = 1, <cursiva>b</cursiva> = 2 y <cursiva
>c</cursiva> = 0. La representación gráfica se obtiene asignando valores
a <cursiva>x</cursiva> para encontrar los valores de <cursiva>f</cursiva
>(<cursiva>x</cursiva>):</listaElemento>
</listaSinNumerar>
<table cellpadding="5" cellspacing="0"><colgroup align="center"><col/>
<col/><col/><col/><col/><col/><col/><col/></colgroup>
<tbody>
<tr>
<td><cursiva>x</cursiva></td>
<td>0</td>
<td>1</td>
<td>–1</td>
<td>2</td>
<td>–2</td>
<td>3</td>
<td>–3</td>
</tr>
<tr>
<td><cursiva>f</cursiva>(<cursiva>x</cursiva>)</td>
<td>0</td>
<td>3</td>
<td>–1</td>
<td>8</td>
<td>0</td>
<td>15</td>
<td>3</td>
</tr>
</tbody>
</table>
<p>Su gráfica se muestra en la imagen.</p>
<imagen src="MA_09_06_CO_IMG03_small.png">
<p>Gráfica de la función <cursiva>f</cursiva>(<cursiva>x</cursiva
>) = <cursiva>x</cursiva><superindice>2</superindice> + 2<cursiva
>x</cursiva>.  </p>
</imagen>
<p>La representación gráfica de esta clase de funciones son curvas
que pueden abrir para arriba o para abajo y se identifican con el
nombre de <negrita>parábolas</negrita>.</p>
<imagen src="MA_09_06_CO_IMG25_small.png">
<p>Representaciones de curvas con forma de parábolas.</p>
</imagen>
<p>En nuestro entorno podemos encontrar objetos o elementos de la
naturaleza que puede tener esa forma.</p>
<imagen src="MA_09_06_CO_IMG01_small.png">
<p>En la naturaleza, el arco iris describe la forma de una parábola.</p>
</imagen>
<imagen src="MA_09_06_CO_IMG04_small.png">
<p>Creación del hombre con parábolas en las bases de un puente. </p>
</imagen>
<p>La gráfica de una función <cursiva>f</cursiva>(<cursiva>x</cursiva
>) = <cursiva>ax</cursiva><superindice>2</superindice> + <cursiva
>bx</cursiva> + <cursiva>c</cursiva> tiene las siguientes características.</p>
<listaSinNumerar>
<listaElemento>Abre <negrita>hacia arriba</negrita> si el valor de <cursiva
>a</cursiva>, es mayor que cero.</listaElemento>
<listaElemento>Abre <negrita>hacia abajo</negrita> si el valor <cursiva
>a</cursiva>, es menor que cero.</listaElemento>
<listaElemento>Tiene un <negrita>vértice</negrita> que corresponde
al punto mínimo de la parábola si <cursiva>a</cursiva> > 0, o al punto
máximo si <cursiva>a</cursiva> &lt; 0.</listaElemento>
<listaElemento>Interseca al eje <cursiva>X</cursiva> en los puntos
donde el valor de la función es 0. Es decir donde <cursiva>f</cursiva
>(<cursiva>x</cursiva>) = 0.</listaElemento>
<listaElemento>Interseca al eje <cursiva>Y</cursiva>, en el punto
(0, <cursiva>c</cursiva>).</listaElemento>
<listaElemento>Posee <negrita>eje de simetría </negrita>que corresponde
a la recta paralela al eje <cursiva>Y</cursiva> que pasa por las coordenadas
del vértice.</listaElemento>
</listaSinNumerar>
<p>Por ejemplo, la función que relaciona el área de un cuadrado con
su triple se expresa como <cursiva>f</cursiva>(<cursiva>x</cursiva
>) = 3<cursiva>x</cursiva><superindice>2</superindice>. En la tabla
se representan algunos valores y en la imagen su representación gráfica.</p>
<table cellpadding="5" cellspacing="0"><caption>Tabla de valores para
la función <cursiva>f</cursiva>(<cursiva>x</cursiva>) = 3<cursiva
>x</cursiva><superindice>2</superindice></caption><colgroup
align="center"><col/><col/><col/><col/><col/><col/><col/><col/>
</colgroup>
<tbody>
<tr>
<td><cursiva>x</cursiva></td>
<td>–3</td>
<td>–2</td>
<td>–1</td>
<td>0</td>
<td>1</td>
<td>2</td>
<td>2</td>
</tr>
<tr>
<td><cursiva>f</cursiva>(<cursiva>x</cursiva>)</td>
<td>27</td>
<td>12</td>
<td>3</td>
<td>0</td>
<td>3</td>
<td>12</td>
<td>27</td>
</tr>
</tbody>
</table>
<imagen src="MA_09_06_CO_IMG07_small.png">
<p>Gráfica de la función <cursiva>f</cursiva>(<cursiva>x</cursiva
>) = 3<cursiva>x</cursiva><superindice>2</superindice>. En este caso, <cursiva
>b</cursiva> = 0 y <cursiva>c</cursiva> = 0.</p>
</imagen>
<listaSinNumerar>
<listaElemento>La curva es una parábola que abre hacia arriba porque <cursiva
>a</cursiva> = 3, es mayor que cero.</listaElemento>
<listaElemento>Su vértice es el punto (0, 0) y es el único punto donde
la gráfica interseca al eje <cursiva>X</cursiva>.</listaElemento>
<listaElemento>Su eje de simetría es el eje <cursiva>Y</cursiva>.</listaElemento>
</listaSinNumerar>
<recuerda><recuerdaTexto>
<p>Si el coeficiente de <cursiva>x</cursiva><superindice>2</superindice
> es negativo, las ramas de la parábola se dirigen hacia abajo, y
si es positivo, hacia arriba.</p>
</recuerdaTexto></recuerda>
<p>El valor absoluto del coeficiente del término con <cursiva>x</cursiva
><superindice>2</superindice> determina la abertura de la parábola.
Observemos la representación gráfica de las siguientes seis funciones
cuadráticas, que difieren solo en el coeficiente de <cursiva>x</cursiva
><superindice>2</superindice>:</p>
<table cellpadding="5" cellspacing="0"><colgroup align="center"><col/>
<col/><col/></colgroup>
<tbody>
<tr>
<td><cursiva>y</cursiva> = 25<cursiva>x</cursiva><superindice>2</superindice
></td>
<td><cursiva>y</cursiva> = <cursiva>x</cursiva><superindice>2</superindice
></td>
<td><cursiva>y</cursiva> = 0,1<cursiva>x</cursiva><superindice>2</superindice
></td>
</tr>
<tr>
<td><cursiva>y</cursiva> = –<cursiva>x</cursiva><superindice>2</superindice
></td>
<td><cursiva>y</cursiva> = –<cursiva>x</cursiva><superindice>2</superindice
></td>
<td><cursiva>y</cursiva> = –0,1<cursiva>x</cursiva><superindice>2</superindice
></td>
</tr>
</tbody>
</table>
<imagen src="MA_09_06_CO_IMG26_small.png">
<p>Observa cómo cambian las configuraciones de estas funciones cuadráticas
según el valor del coeficiente del término de segundo grado.</p>
</imagen>
<p>Si observamos el signo y el valor del coeficiente del término de
segundo grado, vemos lo siguiente:</p>
<listaSinNumerar>
<listaElemento>A mayor valor absoluto del coeficiente de las x, menor
abertura de la parábola.</listaElemento>
<listaElemento>Si el coeficiente es negativo, la parábola tiene sus
ramas hacia abajo, y si es positivo, hacia arriba.</listaElemento>
</listaSinNumerar>
<destacado><destacadoTitulo>Las funciones cuadráticas de la forma <cursiva
>y</cursiva> = <cursiva>ax</cursiva><superindice>2</superindice></destacadoTitulo>
<destacadoTexto>
<p>La gráfica de una función cuadrática de la forma <cursiva>y</cursiva
> = <cursiva>ax</cursiva><superindice>2</superindice> es una parábola
con el vértice en el origen (0, 0) y simétrica respecto al eje <cursiva
>Y</cursiva>.</p>
<listaSinNumerar>
<listaElemento>Si <cursiva>a</cursiva> > 0, la parábola presenta un
mínimo en su vértice y sus ramas están dirigidas hacia arriba.</listaElemento>
<listaElemento>Si <cursiva>a</cursiva> &lt; 0, la parábola presenta
un máximo en su vértice y las ramas están dirigidas hacia abajo.</listaElemento>
<listaElemento>Cuanto mayor es el valor absoluto de <cursiva>a</cursiva
>, menor es la abertura de las ramas de la parábola.</listaElemento>
</listaSinNumerar>
</destacadoTexto></destacado>
<p>El siguiente ejemplo muestra la representación de una función cuadrática
con <cursiva>b</cursiva> = 0 y <cursiva>c</cursiva> ≠ 0.</p>
<listaSinNumerar>
<listaElemento>Representemos gráficamente la función</listaElemento>
</listaSinNumerar>
<formula alineacion="centrada" src="MA_09_06_formula1.gif"></formula>
<p>Se construye una tabla de valores asignando valores arbitrarios
a <cursiva>x</cursiva>, tanto positivos como negativos; luego se ubican
en el plano cartesiano las parejas ordenadas y se traza la gráfica.</p>
<table cellpadding="5" cellspacing="0"><caption>Tabla de valores para
la función <cursiva>f</cursiva>(<cursiva>x</cursiva>) = –5/6<cursiva
>x</cursiva><superindice>2</superindice> + 3</caption><colgroup
align="center"><col/><col/><col/><col/><col/><col/><col/><col/>
</colgroup>
<tbody>
<tr>
<td><cursiva>x</cursiva></td>
<td>–3</td>
<td>–2</td>
<td>–1</td>
<td>0</td>
<td>1</td>
<td>2</td>
<td>2</td>
</tr>
<tr>
<td><cursiva>f</cursiva>(<cursiva>x</cursiva>)</td>
<td>–4,5</td>
<td>–0,3</td>
<td>2,17</td>
<td>3</td>
<td>2,17</td>
<td>–0,3</td>
<td>–4,5</td>
</tr>
</tbody>
</table>
<p>La gráfica de la función se muestra en la imagen:</p>
<imagen src="MA_09_06_CO_IMG27_small.png">
<p>Gráfica de la función <cursiva>f</cursiva>(<cursiva>x</cursiva
>) = –5/6<cursiva>x</cursiva><superindice>2</superindice> + 3.</p>
</imagen>
<p>Esta parábola abre hacia abajo porque <cursiva>a</cursiva> = –5/6
es menor que cero. Tiene vértice en el punto (0, 3) y su eje de simetría
es el eje <cursiva>Y</cursiva>.</p>
</seccion2Texto></seccion2><seccion2
id="S2_MA_09_06_CO_14C0B38C8F644F4B8E5ABB76E743F8A7">
<seccion2Titulo>Las traslaciones de la función cuadrática</seccion2Titulo>
<seccion2Texto>
<p>Una función cuadrática de la forma <cursiva>y</cursiva> = <cursiva
>ax</cursiva><superindice>2</superindice> se representa gráficamente
mediante una parábola simétrica respecto al eje <cursiva>Y</cursiva
>, con el vértice en el origen de coordenadas (0, 0). Si trasladamos
esta parábola a lo largo del eje <cursiva>Y</cursiva> o del eje <cursiva
>X</cursiva>, podemos obtener nuevas parábolas que mantendrán la misma
abertura, pero que se diferenciarán en la posición del vértice o del
eje de simetría. </p>
<p>Para analizar qué tipos de funciones cuadráticas generan estos
desplazamientos, veamos los tipos de traslaciones que podemos hacer
(vertical, horizontal y oblicua) y cómo se modifica la ecuación de
la parábola original.</p>
<seccion3 id="S3_MA_09_06_CO_14C0B38C8F644F4B8E5ABB76E7438877">
<seccion3Titulo>La traslación vertical</seccion3Titulo>
<seccion3Texto>
<p>Si trasladamos la parábola en vertical a lo largo del eje <cursiva
>Y</cursiva>, obtendremos nuevas parábolas que tendrán la misma abertura
y el mismo eje de simetría, pero diferentes vértices. En la siguiente
imagen se observa la parábola de la función <cursiva>y</cursiva> = <cursiva
>x</cursiva><superindice>2</superindice> (en azul) y la misma parábola
trasladada tres unidades hacia arriba (en rojo) y dos unidades hacia
abajo (en verde), ambas traslaciones a lo largo del eje <cursiva>Y</cursiva
>.</p>
<imagen src="MA_09_06_CO_IMG28_small.png">
<p>Gráficos de la parábola <cursiva>y</cursiva> = <cursiva>x</cursiva
><superindice>2</superindice> y de dos de sus <negrita>traslaciones
verticales</negrita>.</p>
</imagen>
<p>Las dos nuevas parábolas poseen la misma forma que la original,
pero tienen sus vértices en el punto de coordenadas (0, <cursiva>c</cursiva
>), con <cursiva>c</cursiva> ≠ 0. Sus ecuaciones serán de la forma: </p>
<p centrado="si"><cursiva>y</cursiva> = <cursiva>x</cursiva><superindice
>2</superindice> + <cursiva>c</cursiva> </p>
<p>Así, en el ejemplo, las dos nuevas parábolas representadas responden
a las siguientes ecuaciones y vértices:</p>
<listaSinNumerar>
<listaElemento>Tres unidades hacia arriba: <cursiva>y</cursiva> = <cursiva
>x</cursiva><superindice>2</superindice> + 3, con vértice en (0, 3).</listaElemento>
<listaElemento>Dos unidades hacia abajo: <cursiva>y</cursiva> = <cursiva
>x</cursiva><superindice>2</superindice> − 2, con vértice en (0, −2).</listaElemento>
</listaSinNumerar>
<p>Si <cursiva>c</cursiva> > 0, la parábola se desplaza hacia arriba
y si <cursiva>c</cursiva> &lt; 0, la parábola se desplaza hacia abajo.</p>
<destacado><destacadoTitulo>La traslación a lo largo del eje <cursiva
>Y</cursiva></destacadoTitulo><destacadoTexto>
<p>La traslación vertical de una parábola de ecuación <cursiva>y</cursiva
> = <cursiva>x</cursiva><superindice>2</superindice> da como resultado
otra parábola con la misma abertura, pero con vértice en el punto
de coordenadas (0, <cursiva>c</cursiva>) y ecuación de la forma  </p>
<p centrado="si"><negrita><cursiva>f</cursiva>(<cursiva>x</cursiva
>) = <cursiva>x</cursiva><superindice>2</superindice> + <cursiva>c</cursiva
></negrita></p>
</destacadoTexto></destacado></seccion3Texto></seccion3><seccion3
id="S3_MA_09_06_CO_14C0B38C8F644F4B8E5ABB76E7439988">
<seccion3Titulo>La traslación horizontal</seccion3Titulo>
<seccion3Texto>
<p>Si trasladamos la parábola en horizontal a lo largo del eje <cursiva
>X</cursiva>, se obtienen nuevas parábolas que tendrán la misma abertura,
pero distinto eje de simetría y distinto vértice. </p>
<p>En la siguiente imagen se observa la parábola de la función <cursiva
>y</cursiva> = <cursiva>x</cursiva><superindice>2</superindice> (en
azul) y la misma parábola trasladada tres unidades hacia la derecha
(en rojo) y dos unidades hacia la izquierda (en verde), en ambas ocasiones
a lo largo del eje <cursiva>X</cursiva>.</p>
<imagen src="MA_09_06_CO_IMG29_small.png">
<p>Gráficos de la parábola <cursiva>y</cursiva> = <cursiva>x</cursiva
><superindice>2</superindice> y de dos de sus <negrita>traslaciones
horizontales</negrita>.</p>
</imagen>
<p>Las dos nuevas parábolas tienen la misma forma que la original,
de ecuación <cursiva>y</cursiva> = <cursiva>x</cursiva><superindice
>2</superindice>, pero tienen sus vértices en el punto de coordenadas
(−<cursiva>h</cursiva>, 0), con <cursiva>h</cursiva> ≠ 0. Sus ecuaciones
serán de la forma: </p>
<p centrado="si"><cursiva>y</cursiva> = <cursiva>a</cursiva>(<cursiva
>x</cursiva> + <cursiva>h</cursiva>)<superindice>2</superindice> </p>
<p>Así, en el ejemplo, las dos nuevas parábolas representadas responden
a las siguientes ecuaciones y vértices:</p>
<listaSinNumerar>
<listaElemento>Tres unidades hacia la derecha: <cursiva>y</cursiva
> = (<cursiva>x</cursiva> − 3)<superindice>2</superindice>, con vértice
en (3, 0).</listaElemento>
<listaElemento>Dos unidades hacia la izquierda: <cursiva>y</cursiva
> = (<cursiva>x</cursiva> + 2)<superindice>2</superindice>, con vértice
en (−2, 0).</listaElemento>
</listaSinNumerar>
<p>Si <cursiva>h</cursiva> > 0, la parábola se desplaza hacia la izquierda,
y si <cursiva>h</cursiva> &lt; 0, la parábola se desplaza hacia la
derecha.</p>
<destacado><destacadoTitulo>La traslación a lo largo del eje <cursiva
>X</cursiva></destacadoTitulo><destacadoTexto>
<p>La traslación horizontal de una parábola de ecuación <cursiva>y</cursiva
> = <cursiva>x</cursiva><superindice>2</superindice> da como resultado
otra parábola con la misma abertura pero con distinto eje de simetría,
con vértice en el punto de coordenadas (−<cursiva>h</cursiva>, 0)
y la siguiente ecuación general: </p>
<p centrado="si"><negrita><cursiva>y</cursiva> = (<cursiva>x</cursiva
> + <cursiva>h</cursiva>)<superindice>2</superindice></negrita></p>
</destacadoTexto></destacado></seccion3Texto></seccion3><seccion3
id="S3_MA_09_06_CO_14C0B38C8F644F4B8E5ABB76E7430099">
<seccion3Titulo>La traslación oblicua</seccion3Titulo>
<seccion3Texto>
<p>Si se efectúan de forma sucesiva dos desplazamientos, uno horizontal
y otro vertical, se dice que se ha realizado una <negrita>traslación
oblicua</negrita>. Las nuevas parábolas tendrán la misma abertura,
pero distinto eje de simetría y vértice. </p>
<p>En la siguiente imagen se observa la parábola de la función <cursiva
>y</cursiva> = <cursiva>x</cursiva><superindice>2</superindice> (en
azul) y la misma parábola trasladada tres unidades hacia la derecha
y tres unidades hacia arriba (en rojo) y dos unidades hacia la izquierda
y dos unidades hacia abajo (en verde).</p>
<imagen src="MA_09_06_CO_IMG30_small.png">
<p>Gráficos de la parábola <cursiva>y</cursiva> = <cursiva>x</cursiva
><superindice>2</superindice> y de dos de sus <negrita>traslaciones
oblicuas</negrita>...</p>
</imagen>
<p>Las dos nuevas parábolas tienen la misma forma que la original,
de ecuación <cursiva>y</cursiva> =  <cursiva>x</cursiva><superindice
>2</superindice>, pero tienen sus vértices en el punto de coordenadas
(–<cursiva>h</cursiva>, <cursiva>k</cursiva>). Sus ecuaciones son
de la forma: </p>
<p centrado="si"><cursiva>y</cursiva> = (<cursiva>x</cursiva> + <cursiva
>h</cursiva>)<superindice>2</superindice> + <cursiva>k</cursiva></p>
<p>Así, en el ejemplo, las dos nuevas parábolas representadas responden
a las siguientes ecuaciones y vértices:</p>
<listaSinNumerar>
<listaElemento>Tres unidades hacia la derecha y hacia arriba: <cursiva
>y</cursiva> = (<cursiva>x</cursiva> − 3)<superindice>2</superindice
> + 3, con vértice en (3, 3).</listaElemento>
<listaElemento>Dos unidades hacia la izquierda y hacia abajo: <cursiva
>y</cursiva> = (<cursiva>x</cursiva> + 2)<superindice>2</superindice
> − 2, con vértice en (−2, −2).</listaElemento>
</listaSinNumerar>
<table cellpadding="5" cellspacing="0"><caption>Las traslaciones de
la función cuadrática <cursiva>y</cursiva> = <cursiva>ax</cursiva
><superindice>2</superindice></caption><colgroup align="left"><col/>
<col/><col/><col/></colgroup>
<tbody>
<tr>
<td> TRASLACIÓN</td>
<td>VÉRTICE</td>
<td>ECUACIÓN</td>
<td>DESPLAZAMIENTO</td>
</tr>
<tr>
<td rowspan="2">Vertical</td>
<td rowspan="2">(0, <cursiva>q</cursiva>)</td>
<td rowspan="2"><cursiva>y</cursiva> = <cursiva>ax</cursiva><superindice
>2</superindice> + <cursiva>c</cursiva></td>
<td><cursiva>c</cursiva> &lt; 0, <cursiva>q</cursiva> unidades hacia
abajo. </td>
</tr>
<tr>
<td> <cursiva>c</cursiva> > 0, <cursiva>q</cursiva> unidades hacia
arriba.</td>
</tr>
<tr>
<td rowspan="2">Horizontal</td>
<td rowspan="2">(–<cursiva>h</cursiva>, 0)</td>
<td rowspan="2"><cursiva>y</cursiva> = <cursiva>a</cursiva>(<cursiva
>x</cursiva> + <cursiva>h</cursiva>)<superindice>2</superindice></td>
<td><cursiva>h</cursiva> &lt; 0, <cursiva>p</cursiva> unidades hacia
la derecha.</td>
</tr>
<tr>
<td><cursiva>h</cursiva> > 0, <cursiva>p</cursiva> unidades hacia
la izquierda.</td>
</tr>
<tr>
<td rowspan="4">Oblicua</td>
<td rowspan="4">(–<cursiva>h</cursiva>, <cursiva>k</cursiva>)</td>
<td rowspan="4"><cursiva>y</cursiva> = <cursiva>a</cursiva>(<cursiva
>x</cursiva> + <cursiva>k</cursiva>)<superindice>2</superindice> + <cursiva
>k</cursiva></td>
<td><cursiva>k</cursiva> &lt; 0, <cursiva>q</cursiva> unidades hacia
abajo. </td>
</tr>
<tr>
<td><cursiva>k</cursiva> > 0, <cursiva>q</cursiva> unidades hacia
arriba.</td>
</tr>
<tr>
<td><cursiva>h</cursiva> &lt; 0, <cursiva>p</cursiva> unidades hacia
la derecha.</td>
</tr>
<tr>
<td><cursiva>h</cursiva> > 0, <cursiva>p</cursiva> unidades hacia
la izquierda.</td>
</tr>
</tbody>
</table>
<profundiza>
<enlace
destino="/LoIdRedirect.aspx?LoId=MA_09_06_CO_Recurso010&amp;IdRecurso=RES-724830DA81B04D94B57CFF3F59E365AC"
>El estudio de la función cuadrática</enlace>
</profundiza><practica>
<enlace
destino="/LoIdRedirect.aspx?LoId=MA_09_06_CO_Recurso100&amp;IdRecurso=RES-7A88C6D12EE94A5DA4F8C007662B75ED"
>Reconoce las traslaciones de la función cuadrática </enlace>
</practica></seccion3Texto></seccion3></seccion2Texto></seccion2>
<seccion2 id="S2_MA_09_06_CO_72140E2C18354BBA9BE1BB241BF58968">
<seccion2Titulo>El cálculo de las coordenadas del vértice de una parábola</seccion2Titulo>
<seccion2Texto>
<p>La fórmula general de cualquier parábola es:  </p>
<p centrado="si"><negrita><cursiva>y</cursiva> = <cursiva>ax</cursiva
><superindice>2</superindice> + <cursiva>bx</cursiva> + <cursiva>c</cursiva
> </negrita></p>
<p>Donde <cursiva>a, b</cursiva> y <cursiva>c</cursiva> son tres números
cualesquiera, con <cursiva>a</cursiva> ≠ 0, y <cursiva>x</cursiva
> e <cursiva>y</cursiva> son las variables independiente y dependiente,
respectivamente. </p>
<p>Por ejemplo, en la ecuación: </p>
<p centrado="si"><cursiva>y</cursiva> = <cursiva>x</cursiva><superindice
>2</superindice> – 6<cursiva>x</cursiva> + 12 </p>
<p>se tiene que <cursiva>a</cursiva> = 1, <cursiva>b</cursiva> = –6
y <cursiva>c</cursiva> = 12. </p>
<p>La fórmula general para calcular la coordenada <cursiva>x</cursiva
> del vértice de una parábola cualquiera es:</p>
<formula alineacion="centrada" src="MA_09_06_formula2.gif"></formula>
<p>Una vez hemos hallado <cursiva>x</cursiva>, solo hay que sustituir
su valor en la ecuación de la función para encontrar la coordenada
y el vértice. Por ejemplo, calculemos las coordenadas de los vértices
de las parábolas cuyas ecuaciones son: </p>
<p centrado="si"><cursiva>y</cursiva> = <cursiva>x</cursiva><superindice
>2</superindice> – 6<cursiva>x</cursiva> + 12 </p>
<p centrado="si"><cursiva>y</cursiva> = <cursiva>x</cursiva><superindice
>2</superindice> + 4<cursiva>x</cursiva> + 2</p>
<listaNumerada>
<listaElemento>Calculamos la coordenada <cursiva>x</cursiva> del vértice
para la primera ecuación:<formula alineacion="centrada"
src="MA_09_06_formula3.gif"></formula></listaElemento>
<listaElemento>Para calcular la coordenada <cursiva>y</cursiva>, sustituimos
el valor de <cursiva>x</cursiva> en la ecuación de la parábola: <p
><cursiva>y</cursiva> = <cursiva>x</cursiva><superindice>2</superindice
> – 6<cursiva>x</cursiva> + 12 </p><p><cursiva>y</cursiva> = 3<superindice
>2</superindice> · 6(3) + 12 = 9 –18 + 12 = 3</p></listaElemento>
<listaElemento>Repetimos el mismo procedimiento para calcular las
coordenadas del vértice de la parábola de ecuación <cursiva>y</cursiva
> = <cursiva>x</cursiva><superindice>2</superindice> + 4<cursiva>x</cursiva
> + 2:<formula alineacion="centrada" src="MA_09_06_formula4.gif">
</formula></listaElemento>
<listaElemento>Para calcular la coordenada <cursiva>y</cursiva>, sustituimos
el valor hallado de <cursiva>x</cursiva>: <p><cursiva>y</cursiva> = <cursiva
>x</cursiva><superindice>2</superindice> + 4<cursiva>x</cursiva> +
2 </p><p>(–2)<superindice>2</superindice> + 4 · (–2) + 2 = 4 – 8 +
2 = –2</p></listaElemento>
</listaNumerada>
<p>Así, las coordenadas de los vértices son:</p>
<listaSinNumerar>
<listaElemento>Para la parábola de ecuación <cursiva>x</cursiva><superindice
>2</superindice> − 6<cursiva>x</cursiva> + 12 el vértice es (3, 3).</listaElemento>
<listaElemento>Para la parábola de ecuación <cursiva>x</cursiva><superindice
>2</superindice> + 4<cursiva>x</cursiva> + 2 el vértice es (−2, −2).</listaElemento>
</listaSinNumerar>
<imagen src="MA_09_06_CO_IMG31_small.png">
<p>Gráfico de las funciones <cursiva>y</cursiva> = <cursiva>x</cursiva
><superindice>2</superindice> − 6<cursiva>x</cursiva> + 12 e <cursiva
>y</cursiva> = <cursiva>x</cursiva><superindice>2</superindice> +
4<cursiva>x</cursiva> + 2, en los que se comprueba la <negrita>posición
de los vértices</negrita>....</p>
</imagen>
<destacado><destacadoTitulo>Las coordenadas del vértice de una parábola</destacadoTitulo>
<destacadoTexto>
<p>Las <negrita>coordenadas</negrita> <cursiva>x</cursiva> e <cursiva
>y</cursiva> del <negrita>vértice de una parábola</negrita> cualquiera
se pueden expresar mediante las siguientes fórmulas:</p>
<formula alineacion="centrada" src="MA_09_06_formula5.gif"></formula>
</destacadoTexto></destacado>
<p>Por ejemplo, para calcular el vértice de la siguiente parábola: <cursiva
>y</cursiva> = – <cursiva>x</cursiva><superindice>2</superindice> +
4<cursiva>x</cursiva> + 5, se aplican las fórmulas:</p>
<formula alineacion="centrada" src="MA_09_06_formula6.gif"></formula>
<formula alineacion="centrada" src="MA_09_06_formula7.gif"></formula>
<p>El vértice de la parábola será el punto de coordenadas (2, 9);
como el coeficiente de <cursiva>x</cursiva><superindice>2</superindice
> es menor que cero, se trata de un máximo y las ramas de la parábola
apuntan hacia abajo.</p>
<imagen src="MA_09_06_CO_IMG32_small.png">
<p>Gráfica de la función <cursiva>y</cursiva> = – <cursiva>x</cursiva
><superindice>2</superindice> + 4<cursiva>x</cursiva> + 5. Abre hacia
abajo porque <cursiva>a</cursiva> = –1. Su vertice es el punto (2,
9).</p>
</imagen>
<p>En general, según los valores de <cursiva>a</cursiva>, <cursiva
>b</cursiva> y <cursiva>c</cursiva> de la función <cursiva>f</cursiva
>(<cursiva>x</cursiva>) = <cursiva>ax</cursiva><superindice>2</superindice
> + <cursiva>bx</cursiva> + <cursiva>c</cursiva> es posible clasificar
las gráficas de las funciones cuadráticas de la siguiente forma.</p>
<listaNumerada>
<listaElemento>Las parábolas con el vértice en el origen (0, 0) y
que abren hacia arriba: su ecuación es de la forma <cursiva>y</cursiva
> = <cursiva>ax</cursiva><superindice>2</superindice> donde <cursiva
>a</cursiva> > 0.</listaElemento>
<listaElemento>Las parábolas con el vértice en el origen (0, 0) y
que abren hacia abajo: su ecuación es de la forma <cursiva>y</cursiva
> = –<cursiva>ax</cursiva><superindice>2</superindice>  donde  <cursiva
>a</cursiva> &lt; 0.<imagen src="MA_09_06_CO_IMG33_small.png">
<p>Gráficas de las funciones <cursiva>y</cursiva> = <cursiva>f</cursiva
>(<cursiva>x</cursiva>)  = 3<cursiva>x</cursiva><superindice>2</superindice
> (azul) y, <cursiva>f</cursiva>(<cursiva>x</cursiva>) = –3<cursiva
>x</cursiva><superindice>2</superindice>, con vértice en (0, 0); en
el primer caso, la parábola abre hacia arriba porque <cursiva>a</cursiva
> = 3 > 0, y en el segundo caso, abre hacia abajo porque <cursiva
>a</cursiva> = –3 &lt; 0.</p>
</imagen></listaElemento>
<listaElemento>Las parábolas con vértice en (0, <cursiva>c</cursiva
>) y que abren hacia arriba: su ecuación es de la forma   <cursiva
>y</cursiva> = <cursiva>ax</cursiva><superindice>2</superindice> + <cursiva
>c</cursiva> donde  <cursiva>a</cursiva> > 0.</listaElemento>
<listaElemento>Las parábolas con el vértice en (0, <cursiva>c</cursiva
>) y que abren para abajo: su ecuación es de la forma   <cursiva>y</cursiva
> = <cursiva>ax</cursiva><superindice>2</superindice> + <cursiva>c</cursiva
>  donde <cursiva>a</cursiva> &lt; 0.<imagen
src="MA_09_06_CO_IMG09_small.png">
<p>En la función <cursiva>y</cursiva> = 2<cursiva>x</cursiva><superindice
>2</superindice> + 3 (color rojo) el vértice es (0, 3), y abre para
arriba porque  <cursiva>a</cursiva> = 2 > 0 y <cursiva>c</cursiva
> = 3.</p>
</imagen><imagen src="MA_09_06_CO_IMG10_small.png">
<p> En la función <cursiva>y</cursiva> = –2<cursiva>x</cursiva><superindice
>2</superindice> + 1 el vértice es (0, 1), y abre para abajo porque
 <cursiva>a</cursiva> = –2 &lt; 0 y <cursiva>c</cursiva> = 1. </p>
</imagen></listaElemento>
<listaElemento>Las parábolas que abren para arriba y no tienen el
vértice en el eje <cursiva>Y</cursiva>: su ecuación es de la forma
 <cursiva>y</cursiva> = <cursiva>ax</cursiva><superindice>2</superindice
> + <cursiva>bx</cursiva> + <cursiva>c</cursiva>  donde  <cursiva
>a</cursiva> > 0 y <cursiva>b</cursiva> ≠ 0.<imagen
src="MA_09_06_CO_IMG11_small.png">
<p>En la función <cursiva>y</cursiva> = 4<cursiva>x</cursiva><superindice
>2</superindice> + 2<cursiva>x</cursiva>, <cursiva>a</cursiva> = 4,
 <cursiva>b</cursiva> = 2 y <cursiva>c</cursiva> = 0; por lo tanto,
se cumple que <cursiva>a</cursiva> es un número real positivo y <cursiva
>b</cursiva> ≠ 0. De esta forma, la parábola abre hacia arriba y el
vértice tiene las coordenadas que se muestra en la imagen.</p>
</imagen></listaElemento>
<listaElemento>Las parábolas que abren para arriba y no tienen el
vértice en el eje <cursiva>Y</cursiva>: su ecuación es de la forma
 y = <cursiva>ax</cursiva><superindice>2</superindice> + <cursiva
>bx</cursiva> + <cursiva>c</cursiva>, con <cursiva>a</cursiva> &lt;
0, <cursiva>b</cursiva> ≠ 0. Observa la imagen.<imagen
src="MA_09_06_CO_IMG12_small.png">
<p>En la función <cursiva>y</cursiva> = –2<cursiva>x</cursiva><superindice
>2</superindice> + 12<cursiva>x</cursiva> + 1 el vértice es (3, 19),
y abre para abajo porque <cursiva>a</cursiva> = –2 &lt; 0 y <cursiva
>b</cursiva> = 12 ≠ 0.</p>
</imagen></listaElemento>
</listaNumerada>
<imagen src="MA_09_06_CO_IMG06_small.png">
<p> Gráfica de la parábola <cursiva>y</cursiva> = 2<cursiva>x</cursiva
><superindice>2</superindice> + 8<cursiva>x</cursiva> + 1.</p>
</imagen>
<practica>
<enlace
destino="/LoIdRedirect.aspx?LoId=MA_09_06_CO_Recurso030&amp;IdRecurso=RES-87DD71F0D7484C928FF13F9DE112D827"
>Identifica funciones cuadráticas</enlace>
<enlace
destino="/LoIdRedirect.aspx?LoId=MA_09_06_CO_Recurso060&amp;IdRecurso=RES-9CFE600640CA4C069FBEEF56F8EF0DAA"
>Relaciona cada gráfica con sus elementos</enlace>
</practica></seccion2Texto></seccion2><seccion2
id="S2_MA_09_06_CO_72140E2C18354BBA9BE1BB241BF59966">
<seccion2Titulo>Los ceros de la función cuadrática </seccion2Titulo>
<seccion2Texto>
<p>Los ceros de una función cuadrática, o las raíces, son los valores
de <cursiva>x</cursiva> cuando la función es igual a cero; gráficamente,
son los valores de <cursiva>x</cursiva> cuando la función pasa por
el eje de las ordenadas; estos se denominan <cursiva>x</cursiva><subindice
>1</subindice> y <cursiva>x</cursiva><subindice>2</subindice>.  </p>
<p>Las funciones cuadráticas pueden tener dos raíces, una raíz, o
no tener raíces, como se expone a continuación.</p>
<listaSinNumerar>
<listaElemento><negrita>Funciones cuadráticas con dos raíces</negrita
>: son aquellas funciones que al reemplazar <cursiva>x</cursiva> por
las raíces de la función, su imagen es cero.  <p>Por ejemplo, la función <cursiva
>f</cursiva>(<cursiva>x</cursiva>) = 2<cursiva>x</cursiva><superindice
>2</superindice> + 4<cursiva>x</cursiva>  tiene dos ceros o dos  raíces,
que son   <cursiva>x</cursiva><subindice>1</subindice> = –2  y  <cursiva
>x</cursiva><subindice>2</subindice> = 0, ya que para <cursiva>x</cursiva
><subindice>1</subindice> = –2, se tiene: <cursiva>f</cursiva>(–2)
= 2(–2)2 + 4(–2) = 8 – 8 = 0 y, para <cursiva>x</cursiva><subindice
>2</subindice> = 0 se tiene que  <cursiva>f</cursiva>(0)= 2(0)<superindice
>2</superindice> + 4(0) = 0 + 0 = 0. </p><p>Gráficamente se observa
que la parábola pasa por dos puntos en el eje <cursiva>X</cursiva
>, como se muestra en la imagen.</p></listaElemento>
</listaSinNumerar>
<imagen src="MA_09_06_CO_IMG16_small.png">
<p>En la  gráfica de la función <cursiva>f</cursiva>(<cursiva>x</cursiva
>) = 2<cursiva>x</cursiva><superindice>2</superindice> + 4<cursiva
>x</cursiva> se muestra que   sus ceros son  <cursiva>x</cursiva><subindice
>1</subindice> = –2 y <cursiva>x</cursiva><subindice>2</subindice
> = 0.</p>
</imagen>
<listaSinNumerar>
<listaElemento><negrita>Funciones cuadráticas con única raíz</negrita
>: son aquellas funciones que tienen el vértice en el eje <cursiva
>X</cursiva>. <p>Por ejemplo: la función <cursiva>f</cursiva>(<cursiva
>x</cursiva>) = 2<cursiva>x</cursiva><superindice>2</superindice> –
12<cursiva>x</cursiva> + 18 tiene un solo cero <cursiva>x</cursiva
><subindice>1</subindice> = 3; este es el único valor que se si se
reemplaza en la función, la imagen es cero.</p></listaElemento>
</listaSinNumerar>
<imagen src="MA_09_06_CO_IMG17_small.png">
<p>En la gráfica de la función <cursiva>f</cursiva>(<cursiva>x</cursiva
>) = 2<cursiva>x</cursiva><superindice>2</superindice> – 12<cursiva
>x</cursiva> + 18 se observa que  <cursiva>x</cursiva><subindice>1</subindice
> = 3 y el punto (3, 0) es el vértice de la parábola. </p>
</imagen>
<listaSinNumerar>
<listaElemento><negrita>Funciones cuadráticas sin raíces</negrita
>: son aquellas cuya gráfica no interseca el eje <cursiva>X</cursiva
>; por lo tanto, no existe un valor en el dominio de la función que
tenga como imagen cero. <p>Por ejemplo, la función <cursiva>f</cursiva
>(<cursiva>x</cursiva>) = 2<cursiva>x</cursiva><superindice>2</superindice
> – 4<cursiva>x</cursiva> + 4 no tiene ningún cero o raíz, ya que
su gráfica no interseca al eje <cursiva>X</cursiva>, es decir, no
existe ningún valor de <cursiva>x</cursiva> que al reemplazarlo en
la función arroje como resultado cero. </p></listaElemento>
</listaSinNumerar>
<imagen src="MA_09_06_CO_IMG18_small.png">
<p>La gráfica de la función <cursiva>y</cursiva> = 2<cursiva>x</cursiva
><superindice>2</superindice> – 4<cursiva>x</cursiva> + 4 no pasa
por el eje X, por lo tanto no tiene ceros.</p>
</imagen>
<p>Para encontrar <negrita>los ceros</negrita> de una función cuadrática
se debe solucionar la ecuación que resulta de igualar la función a
cero. En las siguientes secciones se mostrarán algunos métodos para
encontrar las raíces de la función cuadrática y solucionar esta ecuación. </p>
<practica>
<enlace
destino="/LoIdRedirect.aspx?LoId=MA_09_06_CO_Recurso080&amp;IdRecurso=RES-435B838FF9D64B258CB3D2BA4C902808"
>Identifica los ceros de una función cuadrática</enlace>
<enlace
destino="/LoIdRedirect.aspx?LoId=MA_09_06_CO_Recurso130&amp;IdRecurso=RES-34473E41210D4B2B8A14DDD9E1D1E015"
>Representa gráficamente la función cuadrática</enlace>
</practica></seccion2Texto></seccion2><seccion2
id="S2_MA_09_06_CO_72140E2C18354BBA9BE1BB241BF50077">
<seccion2Titulo>Consolidación</seccion2Titulo>
<seccion2Texto>
<p>Actividades para afianzar lo que has aprendido en esta sección.</p>
<practica>
<enlace
destino="/LoIdRedirect.aspx?LoId=MA_09_06_CO_Recurso140&amp;IdRecurso=RES-57C71A9F368A427BB1A60CAC21A87B18"
>Refuerza tu aprendizaje: la función cuadrática</enlace>
</practica></seccion2Texto></seccion2></seccion1Texto></seccion1>
<seccion1 id="S1_MA_09_06_CO_473135FF8CEB4C34A4D071EEA413CE28">
<seccion1Titulo>La ecuación cuadrática  </seccion1Titulo>
<seccion1Texto>
<p>Una <negrita>ecuación cuadrática</negrita> se caracteriza porque
el mayor exponente de la  incógnita es 2,  y se puede  expresar de
la forma <cursiva>ax</cursiva><superindice>2</superindice> + <cursiva
>bx</cursiva> + <cursiva>c</cursiva> = 0, donde <cursiva>a, b, c</cursiva
> ∈ ℝ y <cursiva>a</cursiva> ≠ 0. También se conoce con el nombre
de ecuación de segundo grado con una incógnita. Algunos ejemplos de
ella son: </p>
<p centrado="si">2<cursiva>x</cursiva><superindice>2</superindice
> + 3<cursiva>x</cursiva> + 5 = 0</p>
<p centrado="si"><cursiva>x</cursiva><superindice>2</superindice> =
–1</p>
<p centrado="si">23<cursiva>x</cursiva><superindice>2</superindice
> = 2<cursiva>x</cursiva></p>
<imagen src="MA_09_06_CO_IMG19_small.png">
<p>El tiempo, la distancia y la altura del lanzamiento de jabalina
pueden ser modelados por ecuaciones cuadráticas. </p>
</imagen>
<p>Las ecuaciones cuadráticas pueden categorizarse en dos grupos. </p>
<p><negrita>Las ecuaciones cuadráticas completas</negrita>; son de
la forma <cursiva>ax</cursiva><superindice>2</superindice> + <cursiva
>bx</cursiva> + <cursiva>c</cursiva> = 0 donde las constantes son
diferentes de 0.</p>
<p>Por ejemplo, la ecuación 3<cursiva>x</cursiva><superindice>2</superindice
> – 3<cursiva>x</cursiva> = 4 se puede expresar como 3<cursiva>x</cursiva
><superindice>2</superindice> – 3<cursiva>x</cursiva> – 4 = 0 con <cursiva
>a</cursiva> = 3, <cursiva>b</cursiva> = –3 y <cursiva>c</cursiva
> = 4; por lo tanto, es una ecuación cuadrática completa. </p>
<p><negrita>Las ecuaciones cuadráticas incompletas</negrita>; como
su nombre lo indica, son aquellas ecuaciones en las cuales algunos
de los valores <cursiva>b</cursiva> y <cursiva>c</cursiva> son cero
o ambos lo son. Es decir, <cursiva>b</cursiva> = 0, o <cursiva>c</cursiva
> = 0 o <cursiva>b</cursiva> = <cursiva>c</cursiva> = 0. </p>
<p>De este tipo de ecuaciones incompletas se  desprenden tres clasificaciones.</p>
<listaSinNumerar>
<listaElemento>Las ecuaciones que se pueden expresar de la forma <cursiva
>ax</cursiva><superindice>2</superindice> = 0, es decir, que <cursiva
>b</cursiva> = 0 y <cursiva>c</cursiva> = 0; estas  se  denominan <negrita
>ecuaciones incompletas puras</negrita>. <p>Por ejemplo las siguientes
son ecuaciones de este tipo. </p><p>2<cursiva>x</cursiva><superindice
>2</superindice> = 0  </p><p>–4<cursiva>x</cursiva><superindice>2</superindice
> = 0</p></listaElemento>
<listaElemento>Las ecuaciones que se pueden expresar de la forma <cursiva
>ax</cursiva><superindice>2</superindice> + <cursiva>c</cursiva> =
0, es decir, que <cursiva>b</cursiva> = 0  y <cursiva>c</cursiva> ≠
0. <p>Por ejemplo estas ecuaciones cumplen esta característica. </p
><p>3<cursiva>x</cursiva><superindice>2</superindice> – 7 = 0 </p
><p>–12<cursiva>x</cursiva><superindice>2</superindice> + 2 = 0</p
></listaElemento>
<listaElemento>Las ecuaciones que se pueden expresar de la forma <cursiva
>ax</cursiva>2 + <cursiva>bx</cursiva> = 0, donde <cursiva>b</cursiva
> ≠ 0 y <cursiva>c</cursiva> = 0; esta clase de ecuaciones se denomina <negrita
>ecuaciones incompletas  binomiales</negrita>. <p>Son ejemplo:  </p
><p>3<cursiva>x</cursiva><superindice>2</superindice> – 2<cursiva
>x</cursiva> = 0 </p><p>6<cursiva>x</cursiva><superindice>2</superindice
> + 7<cursiva>x</cursiva> = 0</p></listaElemento>
</listaSinNumerar>
<imagen src="MA_09_06_CO_IMG20_small.png">
<p>Algunas ecuaciones cuadráticas pueden representarse   por áreas
rectangulares o cuadradas: <cursiva>x</cursiva><superindice>2</superindice
> + 2<cursiva>x</cursiva> = 25.</p>
</imagen>
<profundiza>
<enlace
destino="/LoIdRedirect.aspx?LoId=MA_09_06_CO_Recurso150&amp;IdRecurso=RES-9F2C6C25A2144F9797A9A0D32D16B15B"
>Las ecuaciones cuadráticas</enlace>
</profundiza><seccion2
id="S2_MA_09_06_CO_840EA64BB10646BA96AF0BB2A0A8D2D7">
<seccion2Titulo>La solución de  ecuaciones cuadráticas incompletas</seccion2Titulo>
<seccion2Texto>
<p>A continuación se presentan algunos métodos para resolver ecuaciones
cuadráticas incompletas.</p>
<seccion3 id="S3_MA_09_06_CO_840EA64BB10646BA96AF0BB2A0A82277">
<seccion3Titulo>Ecuaciones de la forma <cursiva>ax</cursiva><superindice
>2</superindice> = 0 </seccion3Titulo>
<seccion3Texto>
<p>Para resolver este tipo de ecuaciones se realiza el siguiente procedimiento.</p>
<p>Se despeja <cursiva>x</cursiva> en la ecuación, así:</p>
<p><cursiva>ax</cursiva><superindice>2</superindice> = 0 </p>
<p><cursiva>x</cursiva><superindice>2</superindice> = 0, se divide
la igualdad entre <cursiva>a</cursiva>. </p>
<p><cursiva>x</cursiva> = 0, se extrae la raíz cuadrada. </p>
<p>De esta manera, todas las ecuaciones de la forma <cursiva>ax</cursiva
><superindice>2</superindice> = 0 tienen como única solución a <cursiva
>x</cursiva> = 0. </p>
<p>Ejemplo: </p>
<p>La ecuación 5<cursiva>x</cursiva><superindice>2</superindice> =
0 tiene como solución <cursiva>x</cursiva> = 0, que se obtiene al
despejar el valor de <cursiva>x</cursiva>. </p>
<p>Al comprobar la solución de la ecuación se obtiene que   </p>
<p>5(0)<superindice>2</superindice> = 0  </p>
<p>5(0) = 0 </p>
</seccion3Texto></seccion3><seccion3
id="S3_MA_09_06_CO_840EA64BB10646BA96AF0BB2A0A83388">
<seccion3Titulo>Ecuaciones de la forma <cursiva>ax</cursiva><superindice
>2</superindice> + <cursiva>c</cursiva> = 0</seccion3Titulo>
<seccion3Texto>
<p>Para resolver las ecuaciones cuadráticas que tiene esta forma se
sigue este procedimiento.  </p>
<p>Se despeja <cursiva>x</cursiva> en la ecuación: </p>
<p centrado="si"><cursiva>ax</cursiva><superindice>2</superindice
> + <cursiva>c</cursiva> = 0 </p>
<p centrado="si"><cursiva>ax</cursiva><superindice>2</superindice
> = –<cursiva>c</cursiva> </p>
<p centrado="si"><cursiva>x</cursiva><superindice>2</superindice> =
–<cursiva>c</cursiva>/<cursiva>a</cursiva></p>
<formula alineacion="centrada" src="MA_09_06_formula8.gif"></formula>
<p>Por lo tanto, la ecuación de la ecuación <cursiva>ax</cursiva><superindice
>2</superindice> + <cursiva>c</cursiva> = 0, tiene solución en el
conjunto de los números reales, si y solo si</p>
<formula alineacion="centrada" src="MA_09_06_formula9.gif"></formula>
<p>Además es necesario considerar dos soluciones:</p>
<formula alineacion="centrada" src="MA_09_06_formula9a.gif"></formula>
<formula alineacion="centrada" src="MA_09_06_formula9b.gif"></formula>
<p>Ejemplos:</p>
<listaSinNumerar>
<listaElemento>Resolvamos la ecuación 3<cursiva>x</cursiva><superindice
>2</superindice> – 27 = 0. </listaElemento>
</listaSinNumerar>
<p>Primero se comprueba que la ecuación tenga solución reemplazando
los valores <cursiva>a</cursiva> = 3 y <cursiva>c</cursiva> = –27
 en la expresión –<cursiva>c</cursiva>/<cursiva>a</cursiva>.</p>
<formula alineacion="centrada" src="MA_09_06_formula10.gif"></formula>
<p>Como el radicando es mayor que cero, entonces la ecuación sí tiene
solución en los números reales. </p>
<p>Ahora, mediante la fórmula se busca su solución.</p>
<formula alineacion="centrada" src="MA_09_06_formula11.gif"></formula>
<formula alineacion="centrada" src="MA_09_06_formula12.gif"></formula>
<formula alineacion="centrada" src="MA_09_06_formula13.gif"></formula>
<p>De esta forma, las soluciones de la ecuación son <cursiva>x</cursiva
><subindice>1</subindice> = 3 y <cursiva>x</cursiva><subindice>2</subindice
> = –3.  </p>
<p>Para comprobar si los resultados obtenidos son solución, se reemplazan
los valores encontrados de <cursiva>x</cursiva> en la ecuación, así:</p>
<table cellpadding="5" cellspacing="0"><colgroup align="left"><col/>
<col/></colgroup>
<tbody>
<tr>
<td><negrita>Cuando <cursiva>x</cursiva><subindice>1</subindice> =
3: </negrita></td>
<td><negrita>Cuando <cursiva>x</cursiva><subindice>2</subindice> =
–3:</negrita></td>
</tr>
<tr>
<td>3<cursiva>x</cursiva><superindice>2</superindice> – 27 = 0 </td>
<td>3<cursiva>x</cursiva><superindice>2</superindice> – 27 = 0 </td>
</tr>
<tr>
<td>3(3)<superindice>2</superindice> – 27 = 0 </td>
<td>3(–3)<superindice>2</superindice> – 27 =0 </td>
</tr>
<tr>
<td>3(9) – 27 = 0 </td>
<td>3(9) – 27 = 0 </td>
</tr>
<tr>
<td>27 – 27 = 0 </td>
<td>27 – 27 = 0 </td>
</tr>
</tbody>
</table>
<listaSinNumerar>
<listaElemento>Resolver 2<cursiva>x</cursiva><superindice>2</superindice
> + 8 = 0. Se comprueba que la ecuación tenga solución reemplazando <cursiva
>a</cursiva> = 2 y <cursiva>c</cursiva> = 8. <formula
alineacion="centrada" src="MA_09_06_formula14.gif"></formula><p>Esto
significa que esta ecuación no tiene solución en el conjunto de los
números reales. </p></listaElemento>
</listaSinNumerar>
<recuerda><recuerdaTexto>
<p>En el caso de que se obtenga</p>
<formula alineacion="centrada" src="MA_09_06_formula9.gif"></formula>
<p>la ecuación no tiene solución en el conjunto de los números reales;
las soluciones son números complejos  debido a que la raíz cuadrada
de números negativos no existe en el conjunto de los números reales.</p>
</recuerdaTexto></recuerda></seccion3Texto></seccion3><seccion3
id="S3_MA_09_06_CO_840EA64BB10646BA96AF0BB2A0A84499">
<seccion3Titulo>Ecuaciones de la forma <cursiva>ax</cursiva><superindice
>2</superindice> + <cursiva>bx</cursiva> = 0</seccion3Titulo>
<seccion3Texto>
<p>Para solucionar este tipo de ecuaciones se factoriza la variable <cursiva
>x</cursiva>, así: </p>
<p><cursiva>ax</cursiva><superindice>2</superindice> + <cursiva>bx</cursiva
> = 0   </p>
<p><cursiva>x</cursiva>(<cursiva>ax</cursiva> + <cursiva>b</cursiva
>) = 0 </p>
<p>En este caso se cumple que, <cursiva>x</cursiva> = 0 o (<cursiva
>ax</cursiva> + <cursiva>b</cursiva>) = 0 </p>
<p>Al resolver la ecuación se obtiene: <cursiva>x</cursiva> = –<cursiva
>b</cursiva>/<cursiva>a</cursiva> </p>
<p>Por lo tanto, para la ecuación <cursiva>ax</cursiva><superindice
>2</superindice> + <cursiva>bx</cursiva> = 0 se obtienen las soluciones:
 </p>
<p><cursiva>x</cursiva> = 0</p>
<formula alineacion="izquierda" src="MA_09_06_formula15.gif"></formula>
<p>Ejemplo:</p>
<listaSinNumerar>
<listaElemento>Resolver  la ecuación 4<cursiva>x</cursiva><superindice
>2</superindice> + 7<cursiva>x</cursiva> = 0.   <p>Primero se factoriza <cursiva
>x</cursiva>: <cursiva>x</cursiva>(4<cursiva>x</cursiva> + 7) = 0 </p
><p>Luego se iguala cada factor a cero: <cursiva>x</cursiva> = 0 o
4<cursiva>x</cursiva> + 7 = 0 y despeja <cursiva>x</cursiva>:  </p
><p>4<cursiva>x</cursiva> = –7</p><formula alineacion="centrada"
src="MA_09_06_formula16.gif"></formula><p>Las soluciones de la ecuación
son:</p><formula alineacion="centrada" src="MA_09_06_formula17.gif">
</formula></listaElemento>
</listaSinNumerar>
<recuerda><recuerdaTexto>
<p>Cuando el producto de dos números es cero, por lo menos uno de
los dos factores es cero.</p>
</recuerdaTexto></recuerda><practica>
<enlace
destino="/LoIdRedirect.aspx?LoId=MA_09_06_CO_Recurso160&amp;IdRecurso=RES-63DFBCE0B6D14FA9B4DD557A00451D3F"
>Identifica ecuaciones cuadráticas</enlace>
</practica></seccion3Texto></seccion3></seccion2Texto></seccion2>
<seccion2 id="S2_MA_09_06_CO_C4A523AB5D384809AB55C9808C037E2B">
<seccion2Titulo>La solución de una ecuación cuadrática completa </seccion2Titulo>
<seccion2Texto>
<p>Las <negrita>ecuaciones cuadráticas completas</negrita> tienen
la forma <cursiva>ax</cursiva><superindice>2</superindice> + <cursiva
>bx</cursiva> + <cursiva>c</cursiva> = 0,  donde <cursiva>a</cursiva
>, <cursiva>b</cursiva> y <cursiva>c</cursiva> son números reales
y <cursiva>b</cursiva> ≠ 0 y <cursiva>c</cursiva> ≠ 0. Para resolver
esta clase de ecuaciones existen diferentes técnicas: la factorización,
completando el cuadrado perfecto y la fórmula general.</p>
<imagen src="MA_09_06_CO_IMG21_small.png">
<p> El lanzamiento de un balón de baloncesto puede ser modelado por
una ecuación cuadrática.</p>
</imagen>
<seccion3 id="S3_MA_09_06_CO_C4A523AB5D384809AB55C9808C037788"><?Pub Dtl?>
<seccion3Titulo>Solución por factorización</seccion3Titulo>
<seccion3Texto>
<p>Un gran número de <negrita>ecuaciones cuadráticas completas</negrita
> se puede resolver mediante la factorización,  siempre y cuando después
de expresar la ecuación como <cursiva>ax</cursiva><superindice>2</superindice
> + <cursiva>bx</cursiva> + <cursiva>c</cursiva> = 0, la expresión <cursiva
>ax</cursiva><superindice>2</superindice> + <cursiva>bx</cursiva> + <cursiva
>c</cursiva>  se pueda escribir como el producto de dos o más expresiones
algebraicas. </p>
<destacado><destacadoTitulo>Solución de ecuaciones cuadráticas por
factorización</destacadoTitulo><destacadoTexto>
<p> El siguiente es el procedimiento para resolver ecuaciones aplicando
la factorización. </p>
<listaSinNumerar>
<listaElemento>Se expresa la ecuación en su forma general, <cursiva
>ax</cursiva><superindice>2</superindice> + <cursiva>bx</cursiva> + <cursiva
>c</cursiva> = 0.</listaElemento>
<listaElemento>Se factoriza el trinomio.</listaElemento>
<listaElemento>Se resuelve cada una de las ecuaciones obtenidas para
encontrar la solución de la ecuación.</listaElemento>
</listaSinNumerar>
</destacadoTexto></destacado>
<p>Ejemplos:</p>
<listaSinNumerar>
<listaElemento>Resolver la ecuación  4<cursiva>x</cursiva><superindice
>2</superindice> + 12<cursiva>x</cursiva>  = –9</listaElemento>
</listaSinNumerar>
<p>Se expresa en su forma general: 4<cursiva>x</cursiva><superindice
>2</superindice> + 12<cursiva>x</cursiva> + 9 = 0  </p>
<p>Se factoriza el trinomio. En este caso es un trinomio cuadrado
perfecto. </p>
<p centrado="si">4<cursiva>x</cursiva><superindice>2</superindice
> + 12<cursiva>x</cursiva> + 9 = 0 </p>
<p centrado="si">(2<cursiva>x</cursiva> + 3)<superindice>2</superindice
> = 0 </p>
<p centrado="si">(2<cursiva>x</cursiva> + 3)(2<cursiva>x</cursiva
> + 3) = 0</p>
<p>Se iguala cada factor a cero y se obtiene la ecuación 2<cursiva
>x</cursiva> + 3 = 0.  </p>
<p>Se resuelve la ecuación obtenida. </p>
<p centrado="si">2<cursiva>x</cursiva> + 3 = 0 </p>
<p centrado="si">2<cursiva>x</cursiva> = –3</p>
<formula alineacion="centrada" src="MA_09_06_formula18.gif"></formula>
<p>Por lo tanto, la solución de la ecuación 4<cursiva>x</cursiva><superindice
>2</superindice> + 12<cursiva>x</cursiva>  = –9 es:</p>
<formula alineacion="centrada" src="MA_09_06_formula19.gif"></formula>
<listaSinNumerar>
<listaElemento>Resolver la ecuación <cursiva>x</cursiva><superindice
>2</superindice> + 9<cursiva>x</cursiva> + 14 = 0</listaElemento>
</listaSinNumerar>
<p>En este caso, la ecuación ya está en su forma general: <cursiva
>x</cursiva><superindice>2</superindice> + 9<cursiva>x</cursiva> +
14 = 0.  </p>
<p>Se factoriza el trinomio que en este caso es de la forma <cursiva
>x</cursiva><superindice>2</superindice> + <cursiva>bx</cursiva> + <cursiva
>c</cursiva> = 0. </p>
<p centrado="si"><cursiva>x</cursiva><superindice>2</superindice> +
9<cursiva>x</cursiva> + 14 = 0 </p>
<p centrado="si">(<cursiva>x</cursiva> + 7)(<cursiva>x</cursiva> +
2) = 0 </p>
<p>Ahora se buscan los valores de <cursiva>x</cursiva> que hacen que
el producto sea igual a cero.  </p>
<p centrado="si">(<cursiva>x</cursiva> + 7)(<cursiva>x</cursiva> +
2) = 0   </p>
<p centrado="si"><cursiva>x</cursiva> + 7 = 0, entonces <cursiva>x</cursiva
> = –7, y   </p>
<p centrado="si"><cursiva>x</cursiva> + 2 = 0  entonces <cursiva>x</cursiva
> = –2 </p>
<p>Esta ecuación tiene dos soluciones: <cursiva>x</cursiva> = –7 y <cursiva
>x</cursiva> = –2. Compruébalas reemplazando sus valores en la ecuación.
 </p>
<practica>
<enlace
destino="/LoIdRedirect.aspx?LoId=MA_09_06_CO_Recurso180&amp;IdRecurso=RES-ACE3C6E9E2524839B04B4611904E65BF"
>Resuelve ecuaciones cuadráticas con el método de factorización</enlace>
<enlace
destino="/LoIdRedirect.aspx?LoId=MA_09_06_CO_Recurso190&amp;IdRecurso=RES-C785E6B6B5924E0893E37E0B56FE0800"
>Halla la solución de ecuaciones cuadráticas completando el cuadrado</enlace>
</practica></seccion3Texto></seccion3><seccion3
id="S3_MA_09_06_CO_C4A523AB5D384809AB55C9808C038899">
<seccion3Titulo>La fórmula general </seccion3Titulo>
<seccion3Texto>
<p>Cuando una ecuación cuadrática no se puede resolver mediante la
factorización, se utiliza la fórmula general. Esta fórmula general
permite reconocer si una ecuación cuadrática tiene solución o no en
el conjunto de los números reales y la determina sin importar si la
ecuación es completa o incompleta. </p>
<destacado><destacadoTitulo>La fórmula general para resolver ecuaciones
cuadráticas</destacadoTitulo><destacadoTexto>
<p>Para resolver una ecuación de la forma <cursiva>ax</cursiva><superindice
>2</superindice> + <cursiva>bx</cursiva> + <cursiva>c</cursiva> =
0, se aplica la fórmula  general para resolver ecuaciones de segundo
grado.</p>
<formula alineacion="centrada" src="MA_09_06_formula20.gif"></formula>
</destacadoTexto></destacado>
<p>Observemos en los siguientes ejemplos como se aplica la fórmula
general para resolver ecuaciones cuadráticas.</p>
<listaSinNumerar>
<listaElemento>Resolver la ecuación 3<cursiva>x</cursiva><superindice
>2</superindice> + 2<cursiva>x</cursiva> = 4.</listaElemento>
</listaSinNumerar>
<listaNumerada>
<listaElemento>Se expresa de la forma <cursiva>ax</cursiva><superindice
>2</superindice> + <cursiva>bx</cursiva> + <cursiva>c</cursiva>.  <p
>3<cursiva>x</cursiva><superindice>2</superindice> + 2<cursiva>x</cursiva
> – 4 = 0, donde <cursiva>a</cursiva> = 3, <cursiva>b</cursiva> =
2 y  <cursiva>c</cursiva> = –4 </p></listaElemento>
<listaElemento>Se reemplazan por los valores  <cursiva>a, b</cursiva
> y <cursiva>c</cursiva> en la fórmula.<formula alineacion="centrada"
src="MA_09_06_formula21.gif"></formula><formula alineacion="centrada"
src="MA_09_06_formula22.gif"></formula><formula alineacion="centrada"
src="MA_09_06_formula23.gif"></formula><p>Las soluciones de la ecuación
3<cursiva>x</cursiva><superindice>2</superindice> + 2<cursiva>x</cursiva
> = 4 son:</p><formula alineacion="centrada"
src="MA_09_06_formula24.gif"></formula><formula alineacion="centrada"
src="MA_09_06_formula25.gif"></formula></listaElemento>
</listaNumerada>
<p>La siguiente situación es una aplicación de la fórmula cuadrática.</p>
<listaSinNumerar>
<listaElemento>Se tiene una caja para regalo con un volumen de 36
dam<superindice>3</superindice>, como la que se muestra en la imagen.
¿Cuáles pueden ser las dimensiones de la imagen?</listaElemento>
</listaSinNumerar>
<imagen src="MA_09_06_CO_IMG22_small.png">
<p> Averigua las dimensiones de la caja se sabe que tiene un volumen
de 36 dm<superindice>3</superindice>.</p>
</imagen>
<p>Para determinar las dimensiones de la caja se escribe la ecuación
que modela la situación:  </p>
<p>3<cursiva>x</cursiva>(<cursiva>x</cursiva> + 4) = 36  </p>
<p>Su expresión equivalente de la forma <cursiva>ax</cursiva><superindice
>2</superindice> + <cursiva>bx</cursiva> + <cursiva>c</cursiva> es: </p>
<p>3<cursiva>x</cursiva><superindice>2</superindice> + 12<cursiva
>x</cursiva> – 36 = 0 </p>
<p>Se identifican los valores de <cursiva>a, b </cursiva>y <cursiva
>c</cursiva> y se aplica la fórmula general. </p>
<p><cursiva>a</cursiva> = 3; <cursiva>b</cursiva> = 12 y <cursiva
>c</cursiva> = 36  </p>
<p>Ahora se reemplazan en la fórmula.</p>
<formula alineacion="centrada" src="MA_09_06_formula26.gif"></formula>
<formula alineacion="centrada" src="MA_09_06_formula27.gif"></formula>
<formula alineacion="centrada" src="MA_09_06_formula28.gif"></formula>
<p>De esta expresión se obtienen dos valores:</p>
<formula alineacion="centrada" src="MA_09_06_formula29.gif"></formula>
<formula alineacion="centrada" src="MA_09_06_formula30.gif"></formula>
<p>Luego la caja mide 2 dm de ancho, 6 dm de alto y 6 dm de largo.
 </p>
<p>La expresión que está dentro del radical en la fórmula se conoce
como el <negrita>discriminante</negrita> de la ecuación cuadrática;
este valor  permite determinar si la ecuación tiene soluciones en
el conjunto de los números reales o no, y si las tiene cuántas son.</p>
<destacado><destacadoTitulo>El discriminante de una ecuación cuadrática</destacadoTitulo>
<destacadoTexto>
<p>El discriminante de cualquier ecuación cuadrática <cursiva>ax</cursiva
><superindice>2</superindice> + <cursiva>bx</cursiva> + <cursiva>c</cursiva
> = 0 se define como  <cursiva>D</cursiva> = <cursiva>b</cursiva><superindice
>2</superindice> – 4<cursiva>ac</cursiva>.</p>
<listaSinNumerar>
<listaElemento>Si <cursiva>D</cursiva> > 0, la ecuación cuadrática
tiene dos soluciones distintas en el conjunto de los números reales.</listaElemento>
<listaElemento>Si <cursiva>D</cursiva> = 0, la ecuación cuadrática
tiene una única solución en los números reales.</listaElemento>
<listaElemento>Si <cursiva>D</cursiva> &lt; 0, la ecuación no tiene
solución en el conjunto de los números reales.</listaElemento>
</listaSinNumerar>
</destacadoTexto></destacado>
<p>Por ejemplo el discriminante de la ecuación 3<cursiva>x</cursiva
><superindice>2</superindice> + 2<cursiva>x</cursiva> – 4 = 0 es: </p>
<p centrado="si"><cursiva>D</cursiva> = 2<superindice>2</superindice
> – 4(3)( –4) = 4 + 48 = 52 </p>
<p>Como 52 > 0, entonces, la ecuación tiene dos soluciones diferentes
en el conjunto de los números reales. </p>
<listaSinNumerar>
<listaElemento>Resolver la ecuación que se indica en la siguiente
expresión.</listaElemento>
</listaSinNumerar>
<formula alineacion="centrada" src="MA_09_06_formula31.gif"></formula>
<listaNumerada>
<listaElemento>La ecuación se encuentra en su forma estándar. Entonces
se identifican los valores de <cursiva>a</cursiva>, <cursiva>b</cursiva
> y <cursiva>c</cursiva>.<formula alineacion="centrada"
src="MA_09_06_formula32.gif"></formula><p>El discriminante de esta
ecuación es:</p><formula alineacion="centrada"
src="MA_09_06_formula33.gif"></formula><p>Como el discriminante es
mayor que cero, entonces la ecuación tiene dos soluciones diferentes
en los números reales.</p></listaElemento>
<listaElemento>Para hallar los valores se utiliza la fórmula general.<formula
alineacion="centrada" src="MA_09_06_formula34.gif"></formula><formula
alineacion="centrada" src="MA_09_06_formula35.gif"></formula><formula
alineacion="centrada" src="MA_09_06_formula36.gif"></formula><formula
alineacion="centrada" src="MA_09_06_formula37.gif"></formula></listaElemento>
</listaNumerada>
<listaSinNumerar>
<listaElemento>Resolver la ecuación 10<cursiva>x</cursiva><superindice
>2</superindice> + 3<cursiva>x</cursiva> = –2</listaElemento>
</listaSinNumerar>
<listaNumerada>
<listaElemento>Se expresa la ecuación cuadrática en su forma estándar. <p
>10<cursiva>x</cursiva><superindice>2</superindice> + 3<cursiva>x</cursiva
> = –2 = 10<cursiva>x</cursiva><superindice>2</superindice> + 3<cursiva
>x</cursiva> + 2 = 0, donde <cursiva>a</cursiva> = 10, <cursiva>b</cursiva
> = 3 y <cursiva>c</cursiva> = 2.</p></listaElemento>
<listaElemento>Se calcula el discriminante de la ecuación.  <p><cursiva
>D</cursiva> = 3<superindice>2</superindice> – 4(10)(2) = 9 – 80 =
–71 y –71 &lt; 0.</p></listaElemento>
</listaNumerada>
<p>Como el discriminante es menor que cero, esta ecuación no tiene
solución en el conjunto de los números reales.  </p>
<p>Como se puede observar, la <negrita>fórmula cuadrática</negrita
> puede utilizarse para resolver cualquier ecuación cuadrática. Además,
el discriminante permite saber si la ecuación tiene solución en el
conjunto de los números reales, y si tiene, cuántas son. </p>
<practica>
<enlace
destino="/LoIdRedirect.aspx?LoId=MA_09_06_CO_Recurso200&amp;IdRecurso=RES-6FC78A5F654E4F699325189D39D68165"
>Resuelve ecuaciones cuadráticas con la fórmula cuadrática</enlace>
<enlace
destino="/LoIdRedirect.aspx?LoId=MA_09_06_CO_Recurso210&amp;IdRecurso=RES-F7C52FBF5F8D443D9AB1452FCD455FA8"
>Resuelve ecuaciones cuadráticas con la fórmula cuadrática</enlace>
</practica>
<p>Las ecuaciones de la forma <cursiva>ax</cursiva><superindice>2</superindice
> + <cursiva>bx</cursiva> + <cursiva>c</cursiva> = 0 tienen máximo
dos soluciones o dos raíces que se pueden definir por <negrita>la
fórmula cuadrática </negrita>como:</p>
<formula alineacion="centrada" src="MA_09_06_formula38.gif"></formula>
<p><negrita>Suma y producto de las soluciones de una ecuación cuadrática </negrita
></p>
<p>Si <cursiva>x</cursiva><subindice>1</subindice> y <cursiva>x</cursiva
><subindice>2</subindice> son las raíces o soluciones de una ecuación
cuadrática se cumple que:</p>
<formula alineacion="centrada" src="MA_09_06_formula39.gif"></formula>
<formula alineacion="centrada" src="MA_09_06_formula40.gif"></formula>
<p>Estas dos propiedades permiten determinar la ecuación cuadrática
a partir de la suma y del producto de sus dos soluciones de la siguiente
manera.  </p>
<p>Sea <cursiva>S</cursiva> la suma de las raíces y <cursiva>P</cursiva
> su producto, es decir, que</p>
<formula alineacion="centrada" src="MA_09_06_formula41.gif"></formula>
<p>Se despeja <cursiva>b</cursiva> y se obtiene que  <cursiva>b</cursiva
> = –<cursiva>a</cursiva> · <cursiva>S</cursiva>  </p>
<p>Asimismo,</p>
<formula alineacion="centrada" src="MA_09_06_formula42.gif"></formula>
<p>Al despejar <cursiva>c</cursiva> se obtiene la siguiente ecuación <cursiva
>c</cursiva> = <cursiva>a</cursiva> · <cursiva>P</cursiva> </p>
<p>Se reemplazan <cursiva>a, b</cursiva> y <cursiva>c</cursiva> en
la ecuación <cursiva>ax</cursiva><superindice>2</superindice> + <cursiva
>bx</cursiva> + <cursiva>c</cursiva> = 0 y se obtiene: </p>
<p><cursiva>ax</cursiva><superindice>2</superindice> – <cursiva>aSx</cursiva
> + <cursiva>aP</cursiva>  = 0 </p>
<p>Se divide por <cursiva>a</cursiva>, resultando:</p>
<p centrado="si"><cursiva>x</cursiva><superindice>2</superindice> – <cursiva
>Sx</cursiva> + <cursiva>P</cursiva> = 0  </p>
<p>Analicemos el siguiente ejemplo: </p>
<listaSinNumerar>
<listaElemento>Determinar la ecuación de segundo grado cuya suma de
sus raíces es 6 y su producto es 8.</listaElemento>
</listaSinNumerar>
<p>Se reemplaza a <cursiva>S</cursiva> = 6 y <cursiva>P</cursiva> =
8 en la ecuación <cursiva>x</cursiva><superindice>2</superindice> – <cursiva
>Sx</cursiva> + <cursiva>P</cursiva> = 0  y se obtiene </p>
<p><cursiva>x</cursiva><superindice>2</superindice> – 6<cursiva>x</cursiva
>  + 8 = 0.  </p>
<p>Para comprobar si esta ecuación tiene como solución dos números
reales cuya suma es 6 y cuyo producto es 8, se soluciona la ecuación <cursiva
>x</cursiva><superindice>2</superindice>  – 6<cursiva>x</cursiva> +
8 = 0. Para ello, se utiliza la fórmula cuadrática donde <cursiva
>a</cursiva> = 1, <cursiva>b</cursiva> = –6 y <cursiva>c</cursiva
> = 8. </p>
<formula alineacion="centrada" src="MA_09_06_formula43.gif"></formula>
<formula alineacion="centrada" src="MA_09_06_formula44.gif"></formula>
<formula alineacion="centrada" src="MA_09_06_formula45.gif"></formula>
<p>La suma de las dos soluciones es: <cursiva>x</cursiva><subindice
>1</subindice> + <cursiva>x</cursiva><subindice>2</subindice> = 4
+ 2 = 6 y el producto corresponde a <cursiva>x</cursiva><subindice
>1</subindice> · <cursiva>x</cursiva><subindice>2</subindice> = 4
· 2 = 8, que son los valores que cumplen la condición inicial.</p>
<practica>
<enlace
destino="/LoIdRedirect.aspx?LoId=MA_09_06_CO_Recurso230&amp;IdRecurso=RES-6C3776364FE34A73A0D1822D0C1A6BD0"
>Practica las propiedades de una ecuación cuadrática</enlace>
</practica></seccion3Texto></seccion3></seccion2Texto></seccion2>
<seccion2 id="S2_MA_09_06_CO_C4A523AB5D384809AB55C9808C032277">
<seccion2Titulo>Consolidación  </seccion2Titulo>
<seccion2Texto>
<p>Actividades para afianzar lo que has aprendido en esta sección.</p>
<practica>
<enlace
destino="/LoIdRedirect.aspx?LoId=MA_09_06_CO_Recurso240&amp;IdRecurso=RES-89B8443B207E4CC79A319975BC661778"
>Practica las propiedades de una ecuación cuadrática</enlace>
</practica></seccion2Texto></seccion2></seccion1Texto></seccion1>
<seccion1 id="S1_MA_09_06_CO_75E347C8DECB4E9EAEBAEFEF9C04A0B0">
<seccion1Titulo>Las ecuaciones reducibles a ecuaciones cuadráticas </seccion1Titulo>
<seccion1Texto>
<p>Existen dos clases de ecuaciones, <negrita>con radicales</negrita
> y <negrita>bicuadráticas</negrita>, que a simple vista no se relacionan
directamente con una ecuación <cursiva>ax</cursiva><superindice>2</superindice
> + <cursiva>bx</cursiva> + <cursiva>c</cursiva> = 0; pero si se les
realizan algunas transformaciones algebraicas se pueden convertir
en ecuaciones cuadráticas. </p>
<p>Además, existen otras clases de ecuaciones cuadráticas en las cuales
no se busca un resultado numérico sino que su resultado algebraico
en el que intervengan letras.  Estas ecuaciones se denominan <negrita
>cuadráticas literales</negrita>.</p>
<p>El estudio de esta clase de ecuaciones se mostrará en esta sección
de una manera amplia y clara.</p>
<seccion2 id="S2_MA_09_06_CO_E59EC378D0E544EFAB40DA11F89D8332">
<seccion2Titulo>Las ecuaciones con radicales</seccion2Titulo>
<seccion2Texto>
<p>Las<negrita> ecuaciones con radicales</negrita> son aquellas en
las cuales la incógnita aparece en el radicando de alguna raíz; particularmente,
las que se relacionan con las ecuaciones cuadráticas son aquellas
en las cuales la variable aparece en los radicandos de las raíces
cuadradas. Algunos ejemplos de ellas son:</p>
<formula alineacion="centrada" src="MA_09_06_formula46.gif"></formula>
<formula alineacion="centrada" src="MA_09_06_formula47.gif"></formula>
<formula alineacion="centrada" src="MA_09_06_formula48.gif"></formula>
<p>Un  método para resolver este tipo de ecuaciones es el siguiente. </p>
<p>Paso1: se despeja un radical, no importa si en la otra parte de
la igualdad queden más radicales. </p>
<p>Paso 2: se eleva al cuadrado cada lado de la igualdad, y se desarrolla. </p>
<p>Paso 3: se verifica que se hayan eliminado todos los radicales
de la ecuación; si  no es así, se repiten los pasos 1 y 2 hasta cuando
no quede ningún radical en la ecuación y se  pueda escribir de la
forma <cursiva>ax</cursiva><superindice>2</superindice> + <cursiva
>bx</cursiva> + <cursiva>c</cursiva> = 0.  </p>
<p>Paso 4: se resuelve la ecuación cuadrática por el método que se
quiera. </p>
<p>Paso 5: se verifican las respuestas obtenidas. Este paso es muy
importante, pues como se ha elevado al cuadrado, cabe la posibilidad
de que aparezcan resultados que no son solución de la ecuación original.</p>
<p>Ejemplos:</p>
<p>Resuelve la ecuación </p>
<formula alineacion="centrada" src="MA_09_06_formula49.gif"></formula>
<p>Paso 1: se despaja el radical.</p>
<formula alineacion="centrada" src="MA_09_06_formula50.gif"></formula>
<formula alineacion="centrada" src="MA_09_06_formula51.gif"></formula>
<p> Paso 2: se elevan al cuadrado las dos expresiones y se desarrollan. </p>
<formula alineacion="centrada" src="MA_09_06_formula52.gif"></formula>
<formula alineacion="centrada" src="MA_09_06_formula53.gif"></formula>
<p>Paso 3: Se expresa de la forma <cursiva>ax</cursiva><superindice
>2</superindice> + <cursiva>bx</cursiva> + <cursiva>c</cursiva>.</p>
<formula alineacion="centrada" src="MA_09_06_formula54.gif"></formula>
<formula alineacion="centrada" src="MA_09_06_formula55.gif"></formula>
<p>Paso 4: se soluciona la ecuación cuadrática obtenida, si se conoce
que <cursiva>a</cursiva> = 1, <cursiva>b</cursiva> = –27 y <cursiva
>c</cursiva> = 170. </p>
<formula alineacion="centrada" src="MA_09_06_formula56.gif"></formula>
<formula alineacion="centrada" src="MA_09_06_formula57.gif"></formula>
<formula alineacion="centrada" src="MA_09_06_formula58.gif"></formula>
<formula alineacion="centrada" src="MA_09_06_formula59.gif"></formula>
<p>Las dos posibles respuestas son:   </p>
<formula alineacion="centrada" src="MA_09_06_formula60.gif"></formula>
<formula alineacion="centrada" src="MA_09_06_formula61.gif"></formula>
<p>Paso 5: se reemplazan los dos valores encontrados en la ecuación
original.  </p>
<p>Cuando <cursiva>x</cursiva> = 17:</p>
<formula alineacion="centrada" src="MA_09_06_formula62.gif"></formula>
<p>No es solución porque no satisface la ecuación.</p>
<p> Cuando <cursiva>x</cursiva> = 10:  </p>
<formula alineacion="centrada" src="MA_09_06_formula63.gif"></formula>
<p>Por tanto, tiene única solución cuando <cursiva>x</cursiva> = 10.</p>
<listaSinNumerar>
<listaElemento>Resolver la ecuación</listaElemento>
</listaSinNumerar>
<formula alineacion="centrada" src="MA_09_06_formula64.gif"></formula>
<p> Paso 1:</p>
<formula alineacion="centrada" src="MA_09_06_formula65.gif"></formula>
<formula alineacion="centrada" src="MA_09_06_formula66.gif"></formula>
<p>Pasos 2 y 3:</p>
<formula alineacion="centrada" src="MA_09_06_formula67.gif"></formula>
<formula alineacion="centrada" src="MA_09_06_formula68.gif"></formula>
<formula alineacion="centrada" src="MA_09_06_formula69.gif"></formula>
<formula alineacion="centrada" src="MA_09_06_formula70.gif"></formula>
<formula alineacion="centrada" src="MA_09_06_formula71.gif"></formula>
<formula alineacion="centrada" src="MA_09_06_formula72.gif"></formula>
<formula alineacion="centrada" src="MA_09_06_formula73.gif"></formula>
<p>Paso 4: </p>
<p>Como <cursiva>a</cursiva> = 1, <cursiva>b</cursiva> = 150 y <cursiva
>c</cursiva> = 725, se resuelve la ecuación aplicando la fórmula cuadrática.</p>
<formula alineacion="centrada" src="MA_09_06_formula74.gif"></formula>
<formula alineacion="centrada" src="MA_09_06_formula75.gif"></formula>
<formula alineacion="centrada" src="MA_09_06_formula76.gif"></formula>
<p>Por lo tanto, las soluciones son</p>
<formula alineacion="centrada" src="MA_09_06_formula77.gif"></formula>
<formula alineacion="centrada" src="MA_09_06_formula78.gif"></formula>
<p>Paso 5: se reemplazan los dos valores encontrados en la ecuación
original. En este caso solo <cursiva>x</cursiva> = 5 es la única solución
de esta ecuación, ya que satisface la igualdad. Verifícalo.</p>
<practica>
<enlace
destino="/LoIdRedirect.aspx?LoId=MA_09_06_CO_Recurso260&amp;IdRecurso=RES-F081717218314F5C9CA949C0D40A5FD9"
>Simplifica ecuaciones con radicales</enlace>
</practica></seccion2Texto></seccion2><seccion2
id="S2_MA_09_06_CO_8D005C5A425249E78B47C3EF41ED3A86">
<seccion2Titulo>Las ecuaciones bicuadráticas </seccion2Titulo>
<seccion2Texto>
<p>Las ecuaciones bicuadráticas son las ecuaciones de la forma <cursiva
>ax</cursiva><superindice>4</superindice> + <cursiva>bx</cursiva><superindice
>2</superindice> + <cursiva>c</cursiva> = 0 con <cursiva>a, b, c</cursiva
> ∈ ℝ y con <cursiva>a</cursiva> ≠ 0. Ejemplo de estas ecuaciones
son: </p>
<p centrado="si"><cursiva>x</cursiva><superindice>4</superindice> –
17<cursiva>x</cursiva><superindice>2</superindice> + 16 = 0</p>
<p centrado="si"><cursiva>x</cursiva><superindice>4</superindice> –
13<cursiva>x</cursiva><superindice>2</superindice> + 36 = 0</p>
<p centrado="si">4<cursiva>x</cursiva><superindice>4</superindice
> + 4 = 0  </p>
<p>Un  método para resolver este tipo de ecuaciones es mediante una
variación de la fórmula cuadrática en la cual se reemplace a <cursiva
>x</cursiva> por <cursiva>u</cursiva><superindice>2</superindice>;
la nueva fórmula para resolver este tipo de ecuaciones bicuadráticas
es: </p>
<formula alineacion="centrada" src="MA_09_06_formula79.gif"></formula>
<p>Debe resaltarse que este tipo de ecuaciones puede tener como máximo
cuatro soluciones. Esto se debe a que ya no se busca a <cursiva>x</cursiva
> sino a <cursiva>x</cursiva><superindice>2</superindice>. Observa
los siguientes ejemplos de cómo resolver ecuaciones bicuadráticas
utilizando la variación de la  fórmula cuadrática.</p>
<listaSinNumerar>
<listaElemento>Resolver la ecuación bicuadrática  <cursiva>x</cursiva
><superindice>4</superindice>  – 17<cursiva>x</cursiva><superindice
>2</superindice> + 16 = 0</listaElemento>
</listaSinNumerar>
<p>En esta ecuación, <cursiva>a</cursiva> = 1, <cursiva>b</cursiva
> = –17 y <cursiva>c</cursiva> = 16 y se remplaza la variable <cursiva
>x</cursiva><superindice>2</superindice> por <cursiva>u</cursiva>.
Estos valores se reemplazan y se desarrolla la fórmula.</p>
<p>Si <cursiva>u</cursiva> = <cursiva>x</cursiva><superindice>2</superindice
> entonces <cursiva>x</cursiva><superindice>4</superindice>  – 17<cursiva
>x</cursiva><superindice>2</superindice> + 16 = 0 = (<cursiva>u</cursiva
>)<superindice>2</superindice> – 17<cursiva>u</cursiva><superindice
>2</superindice> + 16</p>
<formula alineacion="centrada" src="MA_09_06_formula80.gif"></formula>
<formula alineacion="centrada" src="MA_09_06_formula81.gif"></formula>
<p>De ahí se desprenden dos soluciones: <cursiva>u</cursiva> = 16
y <cursiva>u</cursiva> = 1 </p>
<p>Como <cursiva>u</cursiva> = <cursiva>x</cursiva><superindice>2</superindice
>, entonces  </p>
<p>Las soluciones se escriben de la siguiente manera:</p>
<listaSinNumerar>
<listaElemento><cursiva>x</cursiva><superindice>2</superindice> =
16 de donde se obtiene que <cursiva>x</cursiva> = 4 y <cursiva>x</cursiva
> = –4</listaElemento>
<listaElemento><cursiva>x</cursiva><superindice>2</superindice> =
1 de donde se obtiene que <cursiva>x</cursiva> = 1 y <cursiva>x</cursiva
> = –1</listaElemento>
</listaSinNumerar>
<p>Esto significa que las soluciones de la ecuación son <cursiva>x</cursiva
><subindice>1</subindice> = 4,  <cursiva>x</cursiva><subindice>2</subindice
> = –4,  <cursiva>x</cursiva><subindice>3</subindice> = 1 y  <cursiva
>x</cursiva><subindice>4</subindice> = –1  </p>
<p>Ahora se debe comprobar cada una de las soluciones en la ecuación
original.    </p>
<p><cursiva>x</cursiva><superindice>4</superindice> – 17<cursiva>x</cursiva
><superindice>2</superindice> + 16 = 0</p>
<listaSinNumerar>
<listaElemento>Cuando <cursiva>x</cursiva><subindice>1</subindice
> = 4:</listaElemento>
</listaSinNumerar>
<p> 4<superindice>4</superindice> – 17(4)2 + 16 = 0  </p>
<p>256 – 17(16) + 16 = 0 →256 – 272 + 16 = 0 </p>
<listaSinNumerar>
<listaElemento>Cuando <cursiva>x</cursiva><subindice>2</subindice
> = –4: </listaElemento>
</listaSinNumerar>
<p>(–4)<superindice>4</superindice> – 17(–4)<superindice>2</superindice
> + 16 = 0  </p>
<p>256 – 17(16) + 16 = 0  </p>
<p>256 – 272 + 16 = 0 </p>
<listaSinNumerar>
<listaElemento>Cuando <cursiva>x</cursiva><subindice>3</subindice
> = 1:</listaElemento>
</listaSinNumerar>
<p>1<superindice>4</superindice> – 17(1)<superindice>2</superindice
> + 16   </p>
<p>1 – 17 + 16 = 0  </p>
<p>–16 + 16 = 0 </p>
<listaSinNumerar>
<listaElemento>Cuando <cursiva>x</cursiva><subindice>4</subindice
> = –1:</listaElemento>
</listaSinNumerar>
<p> (–1)<superindice>4</superindice> – 17(–1)<superindice>2</superindice
> + 16   </p>
<p>1 – 17 + 16 = –16 + 16 = 0  </p>
<p>Como se comprobó que <cursiva>x</cursiva><subindice>1</subindice
> = 4, <cursiva>x</cursiva><subindice>2</subindice> = –4, <cursiva
>x</cursiva><subindice>3</subindice> = 1 y <cursiva>x</cursiva><subindice
>4</subindice> = –1, son las soluciones de la ecuación bicuadrática <cursiva
>x</cursiva><superindice>4</superindice> – 17<cursiva>x</cursiva><superindice
>2</superindice> + 16 = 0.</p>
<practica>
<enlace
destino="/LoIdRedirect.aspx?LoId=MA_09_06_CO_Recurso270&amp;IdRecurso=RES-323FB682E9E64D0AA6EA8EE85E4ECD2A"
>Simplifica ecuaciones bicuadráticas</enlace>
</practica></seccion2Texto></seccion2><seccion2
id="S2_MA_09_06_CO_8D005C5A425249E78B47C3EF41ED3366"><?Pub Dtl?>
<seccion2Titulo>Las ecuaciones cuadráticas con expresiones literales</seccion2Titulo>
<seccion2Texto>
<p>Las <negrita>ecuaciones cuadráticas con expresiones literales</negrita
> son aquellas en las que los coeficientes de <cursiva>x</cursiva
><superindice>2</superindice>, <cursiva>x</cursiva>  y el término
independiente son expresiones algebraicas que representan cantidades
conocidas. Algunos ejemplos de este tipo de ecuaciones son:</p>
<p centrado="si"><cursiva>x</cursiva><superindice>2</superindice> –
7<cursiva>ax</cursiva> + 12<cursiva>a</cursiva><superindice>2</superindice
> = 0</p>
<p centrado="si"><cursiva>b</cursiva><superindice>2</superindice><cursiva
>x</cursiva><superindice>2</superindice> – 3<cursiva>a</cursiva><superindice
>2</superindice> = –2<cursiva>abx</cursiva></p>
<p centrado="si">4<cursiva>x</cursiva>(<cursiva>x – b</cursiva>) + <cursiva
>b</cursiva><superindice>2</superindice> = 4<cursiva>c</cursiva><superindice
>2</superindice></p>
<p>Recuerda que la incógnita de estas ecuaciones se representa por
la letra <cursiva>x</cursiva>; las demás letras en este tipo de ecuaciones
representan números reales. Una forma para resolver estas ecuaciones
es la siguiente. </p>
<p>Paso 1: escribir la ecuación en su forma  general,  <cursiva>ax</cursiva
><superindice>2</superindice> + <cursiva>bx</cursiva> + <cursiva>c</cursiva
> = 0, y determinar los valores de <cursiva>a, b</cursiva> y <cursiva
>c</cursiva> en la ecuación. </p>
<p>Paso 2: resolver la ecuación mediante la fórmula general. </p>
<p>Paso 3: comprobar las soluciones encontradas en la ecuación inicial.
 </p>
<p>Ejemplo:</p>
<listaSinNumerar>
<listaElemento>Resolver la ecuación <cursiva>b</cursiva><superindice
>2</superindice><cursiva>x</cursiva><superindice>2</superindice> –
3<cursiva>a</cursiva><superindice>2</superindice> = –2<cursiva>abx</cursiva
></listaElemento>
</listaSinNumerar>
<p>Paso 1:  </p>
<p centrado="si"><cursiva>b</cursiva><superindice>2</superindice><cursiva
>x</cursiva><superindice>2</superindice> – 3<cursiva>a</cursiva><superindice
>2</superindice> = –2<cursiva>abx</cursiva> → <cursiva>b</cursiva
><superindice>2</superindice><cursiva>x</cursiva><superindice>2</superindice
> + 2<cursiva>abx</cursiva> – 3<cursiva>a</cursiva><superindice>2</superindice
> = 0  </p>
<p>Donde, <cursiva>a</cursiva> = <cursiva>b</cursiva><superindice
>2</superindice>, <cursiva>b</cursiva> = 2<cursiva>ab</cursiva>  y <cursiva
>c</cursiva> = –3<cursiva>a</cursiva><superindice>2</superindice> </p>
<p>Paso 2: se reemplazan en la fórmula general los valores de <cursiva
>a, b, c</cursiva>.</p>
<formula alineacion="centrada" src="MA_09_06_formula82.gif"></formula>
<formula alineacion="centrada" src="MA_09_06_formula83.gif"></formula>
<formula alineacion="centrada" src="MA_09_06_formula84.gif"></formula>
<formula alineacion="centrada" src="MA_09_06_formula85.gif"></formula>
<p>De donde se desprenden dos soluciones:</p>
<formula alineacion="centrada" src="MA_09_06_formula86.gif"></formula>
<formula alineacion="centrada" src="MA_09_06_formula87.gif"></formula>
<p>Paso 3: Comprueba las dos soluciones en la ecuación original: <cursiva
>b</cursiva><superindice>2</superindice><cursiva>x</cursiva><superindice
>2</superindice> – 3<cursiva>a</cursiva><superindice>2</superindice
> = –2<cursiva>abx</cursiva>. </p>
<p>En este caso, ambas soluciones satisfacen la ecuación <cursiva
>b</cursiva><superindice>2</superindice><cursiva>x</cursiva><superindice
>2</superindice> – 3<cursiva>a</cursiva><superindice>2</superindice
> = –2<cursiva>abx</cursiva>. Verifícalo.</p>
<practica>
<enlace
destino="/LoIdRedirect.aspx?LoId=MA_09_06_CO_Recurso280&amp;IdRecurso=RES-9227F4378C0246AEAD90142983D1D925"
>Resuelve ecuaciones con expresiones literales</enlace>
</practica></seccion2Texto></seccion2><seccion2
id="S2_MA_09_06_CO_8D005C5A425249E78B47C3EF41ED4477">
<seccion2Titulo>Consolidación</seccion2Titulo>
<seccion2Texto>
<p>Actividades para afianzar lo que has aprendido en esta sección.</p>
<practica>
<enlace
destino="/LoIdRedirect.aspx?LoId=MA_09_06_CO_Recurso290&amp;IdRecurso=RES-78FDBAAAF85547FA9F6C512FD1856291"
>Refuerza tu aprendizaje: Las ecuaciones reducibles a ecuaciones cuadráticas</enlace>
</practica></seccion2Texto></seccion2></seccion1Texto></seccion1>
<seccion1 id="S1_MA_09_06_CO_51426A267F9E45B1B165EC015B4F33BC">
<seccion1Titulo>Los problemas de aplicación de ecuaciones de segundo
grado</seccion1Titulo>
<seccion1Texto>
<p>Existen algunas situaciones y problemas en las Matemáticas, la
vida cotidiana y las Ciencias, que pueden ser modelados a través de
alguna ecuación cuadrática.    </p>
<p>Para abordar los problemas que se pueden modelar con ecuaciones
cuadráticas es importante tener en cuenta las siguientes indicaciones.</p>
<listaNumerada>
<listaElemento><negrita>Comprender el problema</negrita>: para ello,
es necesario leer detenidamente e identificar las incógnitas y los
términos independientes que harán parte de la ecuación o de las ecuaciones.</listaElemento>
<listaElemento><negrita>Plantear o modelar el problema</negrita>:
plantear la ecuación que modela el problema.</listaElemento>
<listaElemento><negrita>Resolver la ecuación</negrita>: solucionar
la ecuación por medio del método que más se facilite.</listaElemento>
<listaElemento><negrita>Comprobar la solución</negrita>: reemplazar
los resultados obtenidos en la o las ecuaciones, y verificar si son
solución; analizar si los resultados obtenidos tienen sentido en el
contexto en que se planteó el problema.  </listaElemento>
</listaNumerada>
<p>Ejemplos:</p>
<listaSinNumerar>
<listaElemento><negrita>Problema 1</negrita>: La base de un rectángulo
mide 4 cm más que su altura; si se disminuye la altura del rectángulo
en 5 cm, el área del nuevo rectángulo será 36 cm<superindice>2</superindice
>. ¿Cuánto miden los dos lados del rectángulo original?</listaElemento>
</listaSinNumerar>
<imagen src="MA_09_06_CO_IMG23_small.png">
<p>Representación del rectángulo (base y altura). </p>
</imagen>
<p>1.	Comprender el problema: se establece que la base del rectángulo
es <cursiva>x</cursiva> + 4, la altura del nuevo rectángulo sería <cursiva
>x</cursiva> – 5, y su área es 36 cm<superindice>2</superindice>. </p>
<p>2.	Plantear o modelar el problema: la ecuación que modela el problema
es:   </p>
<p centrado="si">(<cursiva>x</cursiva> + 4)(<cursiva>x</cursiva> –
5) = 36</p>
<p>3.	Resolver la ecuación: se debe resolver (<cursiva>x</cursiva
> + 4)(<cursiva>x</cursiva> – 5) = 36 </p>
<p centrado="si"><cursiva>x</cursiva><superindice>2</superindice> –
5<cursiva>x</cursiva> + 4<cursiva>x</cursiva> – 20 = 36 </p>
<p centrado="si"><cursiva>x</cursiva><superindice>2</superindice> – <cursiva
>x</cursiva> – 20 = 36 </p>
<p centrado="si"><cursiva>x</cursiva><superindice>2</superindice> – <cursiva
>x</cursiva> – 56  = 0 </p>
<p>Se resuelve la ecuación cuadrática por cualquiera de los métodos
trabajados, en este caso, por factorización.  </p>
<p centrado="si"><cursiva>x</cursiva><superindice>2</superindice> – <cursiva
>x</cursiva> – 56 = 0  </p>
<p centrado="si">(<cursiva>x</cursiva> – 8)(<cursiva>x</cursiva> +
7) = 56 </p>
<p>Por lo tanto, se presentan las siguientes opciones: <cursiva>x</cursiva
> – 8  = 0 y  <cursiva>x</cursiva> + 7 = 0. Al despejar cada una de
las ecuaciones se obtienen las soluciones <cursiva>x</cursiva> = 8
y <cursiva>x</cursiva> = –7.</p>
<p>4.	Comprobar la solución: al reemplazar las soluciones en la ecuación
inicial, se obtiene que  </p>
<p>Para <cursiva>x</cursiva> = 8 </p>
<p centrado="si">(<cursiva>x</cursiva> + 4)(<cursiva>x</cursiva> –
5) = 36  </p>
<p centrado="si">(8 + 4)(8 – 5) = 36 </p>
<p centrado="si">12(3) = 36 </p>
<p>Para <cursiva>x</cursiva> = –7 </p>
<p centrado="si">(<cursiva>x</cursiva> + 4)(<cursiva>x</cursiva> –
5) = 36  </p>
<p centrado="si">(–7 + 4)( –7 – 5) = 36  </p>
<p centrado="si">(–3)( –12) = 36</p>
<p>Aunque las dos respuestas satisfacen la ecuación original, en una
situación real no puede existir un rectángulo cuya altura sea –7 cm.
Esto quiere decir que la respuesta al problema es que la altura es
8 cm y por tanto, la base es 12 cm. </p>
<p><negrita>Problema 2</negrita>: Los costos para preparar un terreno
para cultivo de cebolla de forma cuadrada son los siguientes: poner
una cerca alrededor del terreno cuesta $3000 por cada decámetro; preparar
cada metro cuadrado del terreno para el cultivo cuesta $10 000.  </p>
<p>Si para preparar y cercar el terreno se gastan en total $1 240
000, ¿cuáles  son las dimensiones del terreno?</p>
<p>1.	Comprender el problema: en algunos casos, elaborar dibujos permite
interpretar con mayor claridad el problema.</p>
<imagen ampliable="no" src="MA_09_06_CO_IMG24_small.png">
<p>El número de metros para la cerca se representa con la expresión
4<cursiva>x</cursiva> y el área del terreno como <cursiva>x</cursiva
><superindice>2</superindice>.</p>
</imagen>
<p>Para determinar el costo del cercado es necesario multiplicar el
perímetro del terreno por el costo de cada metro, así:</p>
<p centrado="si"> (4<cursiva>x</cursiva>)(3000)= 12 000<cursiva>x</cursiva
> </p>
<p>De la misma manera, la preparación de cada metro cuadrado se puede
interpretar como 10 000<cursiva>x</cursiva><superindice>2</superindice
>, ya que esta expresión es el producto del área del terreno por el
precio que cuesta preparar cada metro cuadrado del terreno:  </p>
<p centrado="si">(10 000)(<cursiva>x</cursiva><superindice>2</superindice
>) = 10 000<cursiva>x</cursiva><superindice>2</superindice> </p>
<p>El costo total de hacer estas dos labores es de $1 240 400.</p>
<p>2.	Plantear la ecuación que modela este problema es: </p>
<p centrado="si">12 000<cursiva>x</cursiva> + 10 000<cursiva>x</cursiva
><superindice>2</superindice>  = 1240 000 </p>
<p>3.	Resolver la ecuación:  </p>
<p>12 000<cursiva>x</cursiva><superindice>2</superindice>  + 10 000<cursiva
>x</cursiva> – 1 240 000 = 0 es equivalente a 12<cursiva>x</cursiva
><superindice>2</superindice> + 10<cursiva>x</cursiva><superindice
>2</superindice> – 1240, si se divide entre 1000.</p>
<p>De esa ecuación se obtiene que <cursiva>a</cursiva> = 12, <cursiva
>b</cursiva> = 32 y <cursiva>c</cursiva> = –1240. Si se aplica la
fórmula general se obtiene:</p>
<formula alineacion="centrada" src="MA_09_06_formula88.gif"></formula>
<formula alineacion="centrada" src="MA_09_06_formula89.gif"></formula>
<p>De donde se desprenden dos posibles respuestas:</p>
<formula alineacion="centrada" src="MA_09_06_formula90.gif"></formula>
<formula alineacion="centrada" src="MA_09_06_formula91.gif"></formula>
<p>4.	Comprobar la solución: las dos respuestas satisfacen la ecuación
original, pero en el contexto del problema la medida de los lados
del terreno no puede ser negativa; por tal razón, el terreno es un
cuadrado de lado 9 decámetros. </p>
<practica>
<enlace
destino="/LoIdRedirect.aspx?LoId=MA_09_06_CO_Recurso300&amp;IdRecurso=RES-EE2884F3C1C340A5B29E4DC6C50462CC"
>Soluciona situaciones problema con la aplicación de sistemas de ecuaciones
de segundo grado</enlace>
</practica><seccion2
id="S2_MA_09_06_CO_51426A267F9E45B1B165EC015B4F5500">
<seccion2Titulo>Consolidación</seccion2Titulo>
<seccion2Texto>
<p>Actividades para afianzar lo que has aprendido en esta sección.</p>
<practica>
<enlace
destino="/LoIdRedirect.aspx?LoId=MA_09_06_CO_Recurso310&amp;IdRecurso=RES-F64FC26F147D474CA483BD6EF05115A3"
>Refuerza tu aprendizaje: Problemas de aplicación de las ecuaciones
cuadráticas</enlace>
</practica></seccion2Texto></seccion2></seccion1Texto></seccion1>
<seccion1 id="S1_MA_09_06_CO_9B4C2FB66D1A4EE88C92F1BD09EEB877"><?Pub Dtl?>
<seccion1Titulo>Competencias</seccion1Titulo>
<seccion1Texto>
<p>Pon a prueba tus capacidades y aplica lo aprendido con estos recursos.</p>
<practica>
<enlace
destino="/LoIdRedirect.aspx?LoId=MA_09_06_CO_Recurso320&amp;IdRecurso=RES-176EC703FFFA4463BA4F0D67724BF9FD"
>Competencias: la función cuadrática en Geogebra</enlace>
</practica><profundiza>
<enlace
destino="/LoIdRedirect.aspx?LoId=MA_09_06_CO_Recurso330&amp;IdRecurso=RES-75111081B3E847C2BE94ED405B7D8F58"
>Proyecto: la función cuadrática en nuestro entorno</enlace>
</profundiza></seccion1Texto></seccion1><seccion1
id="S1_MA_09_06_CO_153E846568C34840A028C7F0ADB1AAFC"><?Pub Dtl?>
<seccion1Titulo>Fin de la unidad</seccion1Titulo>
<seccion1Texto></seccion1Texto></seccion1><masinformacion
id="MI_MA_09_06_CO_FBE7D9ADCA4F4A2BAD6304AAEF5F9B2C"><mapaconceptual>
<enlace
destino="/LoIdRedirect.aspx?LoId=MA_09_06_CO_Recurso360&amp;IdRecurso=RES-8148A19C8A1C4D91BB5B9F1DF1125B04"
>Mapa Conceptual</enlace></mapaconceptual><autoevaluate><enlace
destino="/LoIdRedirect.aspx?LoId=MA_09_06_CO_Recurso370&amp;IdRecurso=RES-7C13653BB92A470B9EFFD3C1168130D6"
>Evaluación</enlace></autoevaluate><enlacesreferencia>
<enlace destino="http://www.vitutor.com/fun/2/e_c.html">Practica ejercicios
sobre funciones cuadráticas en la página Vitutor</enlace>
<enlace
destino="http://recursostic.educacion.es/descartes/web/materiales_didacticos/funciones_elementales_relacion_movimientos_plano/func_elem_1.htm"
>Ejercita sobre las funcione cuadráticas en la página del Proyecto
Descartes</enlace>
<enlace destino="https://www.geogebra.org/material/show/id/130348"
>Construye funciones distintos tipos de funciones cuadráticas en Geogebra</enlace>
</enlacesreferencia></masinformacion></libro>
