<?xml version='1.0' encoding='UTF-8'?><engine copy="Editorial Planeta" version="1" aprid="f13" title="Gráfica de una función y su inversa" >
<section title="Concepto" path2a="MA_09_04_REC260_IMG07n.jpg" path2b="MA_09_04_REC260_IMG08n.jpg" path2aAmp="MA_09_04_REC260_IMG07a.jpg" path2bAmp="MA_09_04_REC260_IMG08a.jpg" image1Text="" zoom1="true" zoom2a="true" zoom2b="true" layout="4" >
<![CDATA[

<p><strong>La funci&oacute;n inversa de <em>f</em></strong></p>

<p><span style="font-size:20px"><span style="font-family:verdana,geneva,sans-serif">Una&nbsp;funci&oacute;n <em>f</em>&nbsp;que asigna a cada elemento de <em>X</em> un elemento en <em>Y, </em>adem&aacute;s, cada&nbsp;elemento&nbsp;de <em>Y</em>&nbsp;es&nbsp;imagen&nbsp;de un &uacute;nico&nbsp;elemento de <em>X&nbsp;</em>es una funci&oacute;n <strong>uno a uno. </strong>Con esta clase de funciones<strong> </strong></span></span><span style="font-size:20px"><span style="font-family:verdana,geneva,sans-serif">se puede invertir el orden del dominio y el codominio para&nbsp;obtener una funci&oacute;n que establece la relaci&oacute;n inversa de <em>Y</em> en <em>X</em>.</span></span></p>

<p><span style="font-size:20px"><span style="font-family:verdana,geneva,sans-serif">Esta nueva funci&oacute;n es llamada <strong>inversa de <em>f</em></strong> y se&nbsp;denota como&nbsp;<strong><em>f⁻&sup1;</em></strong>.</span></span></p>

<p>&nbsp;</p>
]]></section>
<section title="Cálculo de la función inversa" path2a="MA_09_04_REC260_IMG03n.jpg" path2b="MA_09_04_REC260_IMG04n.jpg" path2aAmp="MA_09_04_REC260_IMG03a.jpg" path2bAmp="MA_09_04_REC260_IMG04a.jpg" image1Text="" zoom1="true" zoom2a="true" zoom2b="true" layout="3" >
<![CDATA[

<p>&nbsp;</p>

<p><span style="font-size:20px"><span style="font-family:verdana,geneva,sans-serif">Para calcular la expresi&oacute;n algebraica de la funci&oacute;n inversa&nbsp;<em>f⁻&sup1;</em>&nbsp;se&nbsp;despeja&nbsp;la&nbsp;<em>x</em>&nbsp;en t&eacute;rminos de&nbsp;<em>y,</em>&nbsp;para invertir los papeles:<em>&nbsp;x</em>&nbsp;ser&aacute; la imagen y&nbsp;<em>y</em>&nbsp;la preimagen.</span></span></p>

<p><span style="font-size:20px"><span style="font-family:verdana,geneva,sans-serif">Por ejemplo, para calcular la funci&oacute;n inversa de&nbsp;</span></span><em>f<font face="verdana, geneva, sans-serif"><span style="font-size:20px">(x) = x</span><sup><span style="font-size:20px">3 </span></sup></font></em><font face="verdana, geneva, sans-serif"><span style="font-size:20px">se &nbsp;realiza el siguiente procedimiento:</span></font></p>

<p><span style="font-family:verdana,geneva,sans-serif"><span style="font-size:20px">Puesto que &nbsp; &nbsp; &nbsp; &nbsp; &nbsp; &nbsp; &nbsp; &nbsp; &nbsp; &nbsp; &nbsp; <em>f(x)</em> =&nbsp;</span></span><em><span style="font-size:20px">x</span></em><span style="font-size:20px">&sup3;</span></p>

<p><span style="font-size:20px"><span style="font-family:verdana,geneva,sans-serif">Entonces: &nbsp; &nbsp; &nbsp; &nbsp; &nbsp; &nbsp; &nbsp; &nbsp; &nbsp; &nbsp; &nbsp; &nbsp; &nbsp; &nbsp; <em>y</em> = <em>x</em></span></span><span style="font-size:20px">&sup3;</span></p>

<p><span style="font-size:20px"><span style="font-family:verdana,geneva,sans-serif">Despejando <em>x</em> se obtiene: &nbsp; &nbsp; </span></span><span style="font-family:verdana,geneva,sans-serif; font-size:20px">∛</span><span style="font-size:20px"><span style="font-family:verdana,geneva,sans-serif"><em>y</em>&nbsp;= <em>x</em></span></span></p>

<p><span style="font-size:20px">Es decir:&nbsp; &nbsp; &nbsp; &nbsp; &nbsp; &nbsp; &nbsp; &nbsp; &nbsp; &nbsp; &nbsp; &nbsp; &nbsp; &nbsp; <em>x</em>&nbsp;= </span><span style="font-family:verdana,geneva,sans-serif; font-size:20px">∛</span><em><span style="font-size:20px"><span style="font-family:verdana,geneva,sans-serif">y</span></span></em></p>

<p><span style="font-size:20px">Adecuando la notaci&oacute;n: &nbsp;&nbsp; <em>f</em>⁻&sup1;(<em>x</em>) = </span><span style="font-family:verdana,geneva,sans-serif; font-size:20px">∛</span><em><span style="font-size:20px"><span style="font-family:verdana,geneva,sans-serif">x</span></span></em></p>

<p>&nbsp;</p>
]]></section>
<section title="Gráfica de la función inversa" path2a="MA_09_04_REC260_IMG05n.jpg" path2b="MA_09_04_REC260_IMG06n.jpg" path2aAmp="MA_09_04_REC260_IMG05a.jpg" path2bAmp="MA_09_04_REC260_IMG06a.jpg" image1Text="" zoom1="true" zoom2a="true" zoom2b="true" layout="3" >
<![CDATA[

<p><span style="font-family:verdana,geneva,sans-serif"><span style="font-size:20px">Observa la gr&aacute;fica de <em>f(x)</em> = <em>x</em>&sup3;.</span></span></p>

<p><span style="font-family:verdana,geneva,sans-serif"><span style="font-size:20px">F&iacute;jate que la gr&aacute;fica de&nbsp;</span></span></p>

<p style="text-align: center;"><span style="font-family:verdana,geneva,sans-serif"><span style="font-size:20px"><span style="background-color:rgb(255, 255, 255); color:rgb(51, 51, 51)"><em>f(x)</em> =<em> x</em>&sup3;&nbsp;</span></span></span></p>

<p><span style="font-family:verdana,geneva,sans-serif"><span style="font-size:20px"><span style="background-color:rgb(255, 255, 255); color:rgb(51, 51, 51)">y de su inversa </span></span></span></p>

<p style="text-align: center;"><span style="font-family:verdana,geneva,sans-serif"><span style="font-size:20px"><span style="background-color:rgb(255, 255, 255); color:rgb(51, 51, 51)"><em>f</em>⁻&sup1;(<em>x</em>) = ∛<em>x</em> </span></span></span></p>

<p><span style="font-family:verdana,geneva,sans-serif"><span style="font-size:20px"><span style="background-color:rgb(255, 255, 255); color:rgb(51, 51, 51)">son sim&eacute;tricas respecto a la recta </span></span></span><span style="font-family:verdana,geneva,sans-serif"><span style="font-size:20px"><span style="background-color:rgb(255, 255, 255); color:rgb(51, 51, 51)"><em>y</em> = <em>x</em>.</span></span></span></p>

<p>&nbsp;</p>

<p>&nbsp;</p>
]]></section>
</engine>